# run,26082026_Candle_R2.csv
# config_candles,1
# scope,FREE-BURNING candle test (no external flux)
# mass_note,load-cell SHAPE only; absolute mass from manual weigh table
# t_ignition_s,94.0
# t_flameout_s,3216.0
# routeC_HRR_per_candle_W_dHc38,16.6
# HRR_O2_note,near instrument noise floor -- qualitative only
time_from_ignition_s,time_s,mass_lost_since_ignition_g,O2_pct,CO2_pct,CO_pct,HRR_O2_kW,HRR_per_area_kW_m2
-94,0,-0.78,20.951,0.049,-0.004,0.0227455,21.7245
-93,1,-0.78,20.951,0.049,-0.002,0.0062545,5.9738
-92,2,-0.14,20.95,0.053,0.048,0.008123,7.7584
-91,3,-0.04,20.948,0.052,0.003,0.0225284,21.5171
-90,4,-0.04,20.951,0.05,-0.008,0.0262951,25.1147
-89,5,-0.04,20.949,0.05,-0.005,0.0463845,44.3023
-88,6,-0.04,20.95,0.051,-0.009,0.0472926,45.1697
-87,7,-0.04,20.949,0.052,-0.005,0.0432501,41.3086
-86,8,-0.04,20.948,0.051,-0.014,0.0436604,41.7005
-85,9,-0.04,20.947,0.052,-0.016,0.0209792,20.0375
-84,10,-0.03,20.948,0.054,-0.014,0.0104438,9.975
-83,11,-0.03,20.947,0.054,-0.001,0.0214308,20.4688
-82,12,-0.03,20.945,0.056,0.019,0.0391467,37.3894
-81,13,-0.03,20.944,0.057,0.02,0.0412092,39.3593
-80,14,-0.03,20.943,0.057,0.006,0.0432678,41.3255
-79,15,-0.04,20.943,0.056,0.002,0.0360112,34.3946
-78,16,-0.04,20.943,0.056,-0.011,0.0456213,43.5733
-77,17,-0.04,20.942,0.055,-0.011,0.0501617,47.91
-76,18,-0.04,20.942,0.055,-0.018,0.0561322,53.6124
-75,19,-0.03,20.944,0.055,-0.021,0.0299602,28.6152
-74,20,-0.03,20.945,0.055,0.009,0.029948,28.6037
-73,21,-0.03,20.943,0.056,0.019,0.0293491,28.0316
-72,22,-0.03,20.943,0.056,0.012,0.0216773,20.7042
-71,23,-0.03,20.942,0.058,0.006,0.0055899,5.339
-70,24,-0.03,20.94,0.058,0.006,0.0068449,6.5377
-69,25,-0.03,20.939,0.058,0.004,0.030206,28.85
-68,26,-0.03,20.939,0.058,0.011,0.0383087,36.589
-67,27,-0.03,20.939,0.057,-0.003,0.034668,33.1118
-66,28,-0.03,20.94,0.056,-0.006,0.0358956,34.2842
-65,29,-0.03,20.94,0.055,-0.015,0.033935,32.4117
-64,30,-0.03,20.941,0.055,0,0.009223,8.809
-63,31,-0.03,20.943,0.055,-0.009,0.0029859,2.8519
-62,32,-0.03,20.945,0.055,-0.003,0.0040429,3.8614
-61,33,-0.03,20.944,0.054,0.004,0.0106041,10.1281
-60,34,-0.03,20.944,0.054,0.01,0.0109197,10.4295
-59,35,-0.03,20.946,0.054,0.009,0.0008878,0.848
-58,36,-0.03,20.946,0.053,-0.003,0.0221808,21.1851
-57,37,-0.03,20.944,0.052,-0.01,0.006236,5.9561
-56,38,-0.03,20.944,0.052,-0.01,0.0325669,31.105
-55,39,-0.03,20.945,0.052,-0.007,0.0158261,15.1156
-54,40,-0.03,20.944,0.053,-0.014,0.015045,14.3696
-53,41,-0.03,20.946,0.053,0.003,0.0116076,11.0866
-52,42,-0.03,20.947,0.052,0.004,0.0078503,7.4979
-51,43,-0.03,20.948,0.052,0.004,0.0092149,8.8013
-50,44,-0.02,20.948,0.052,-0.002,0.0019376,1.8506
-49,45,-0.02,20.948,0.052,0.007,0.0119138,11.379
-48,46,-0.02,20.946,0.053,0.007,0.020035,19.1356
-47,47,-0.02,20.948,0.053,-0.009,0.0407803,38.9497
-46,48,-0.02,20.947,0.052,0.001,0.0375426,35.8573
-45,49,-0.02,20.948,0.052,-0.018,0.0341666,32.6329
-44,50,-0.02,20.947,0.052,-0.002,0.0219421,20.9571
-43,51,-0.02,20.947,0.052,-0.006,0.0284193,27.1435
-42,52,-0.02,20.948,0.052,-0.003,0.0133078,12.7104
-41,53,-0.02,20.948,0.052,0.01,0,0
-40,54,-0.02,20.946,0.052,0.004,0,0
-39,55,-0.02,20.947,0.052,0.006,0.0049034,4.6833
-38,56,-0.02,20.948,0.051,-0.008,0.0167076,15.9576
-37,57,-0.02,20.949,0.052,-0.01,0.0292055,27.8944
-36,58,-0.02,20.948,0.052,-0.021,0.0118133,11.283
-35,59,-0.02,20.946,0.052,-0.022,0.0313586,29.9509
-34,60,-0.02,20.947,0.052,-0.014,0.0346304,33.0758
-33,61,-0.02,20.946,0.052,-0.008,0.0062585,5.9776
-32,62,-0.02,20.947,0.052,-0.014,0.0079685,7.6108
-31,63,-0.02,20.947,0.052,0,0.0121211,11.5769
-30,64,-0.02,20.947,0.052,0.008,0,0
-29,65,-0.02,20.948,0.052,0.01,0,0
-28,66,-0.02,20.949,0.053,0.008,0.0081097,7.7457
-27,67,-0.02,20.947,0.052,-0.004,0.0193832,18.5131
-26,68,-0.02,20.947,0.052,-0.015,0.0384855,36.7579
-25,69,-0.02,20.947,0.052,-0.003,0.0368498,35.1956
-24,70,-0.01,20.948,0.052,-0.017,0.0176143,16.8236
-23,71,-0.01,20.947,0.052,-0.015,0.0059252,5.6592
-22,72,-0.01,20.946,0.052,0.002,0,0
-21,73,-0.01,20.948,0.051,0.01,0,0
-20,74,-0.01,20.946,0.052,0.007,0.006525,6.2321
-19,75,-0.01,20.946,0.053,0.014,8.34e-05,0.0797
-18,76,-0.01,20.947,0.052,0.018,0.0293107,27.9949
-17,77,-0.01,20.948,0.052,0.005,0.0160061,15.2876
-16,78,-0.01,20.947,0.052,-0.015,0.0182467,17.4276
-15,79,-0.01,20.949,0.052,-0.023,0.0073992,7.0671
-14,80,-0.01,20.947,0.052,-0.026,0,0
-13,81,-0.01,20.948,0.053,-0.004,0.0074038,7.0715
-12,82,-0.01,20.947,0.053,0.006,0.0071208,6.8012
-11,83,-0.01,20.947,0.052,0.011,0,0
-10,84,-0.01,20.948,0.051,0.014,0.0188452,17.9992
-9,85,-0.01,20.947,0.052,-0.002,0.0161835,15.457
-8,86,-0.01,20.949,0.052,0.003,0.0106716,10.1926
-7,87,-0.01,20.949,0.052,-0.01,0.0298762,28.535
-6,88,-0.02,20.946,0.052,-0.012,0.0340109,32.4841
-5,89,-0.02,20.949,0.052,-0.009,0.020787,19.8538
-4,90,-0.01,20.948,0.052,0.001,0.0136191,13.0077
-3,91,0,20.948,0.051,0.012,0,0
-2,92,0,20.949,0.052,0.002,0.0008712,0.8321
-1,93,0,20.948,0.052,0.006,0,0
0,94,0,20.947,0.052,0.01,0,0
1,95,0,20.949,0.053,-0.005,0,0
2,96,0,20.947,0.052,-0.008,0.0210592,20.1138
3,97,0,20.948,0.052,-0.007,0.0192633,18.3986
4,98,0,20.949,0.052,-0.021,0.0359703,34.3556
5,99,0,20.948,0.053,-0.019,0.0249824,23.8609
6,100,0,20.947,0.052,-0.012,0.0136353,13.0232
7,101,0,20.948,0.052,-0.005,0.0063102,6.027
8,102,0,20.948,0.052,0.015,0.0179248,17.1202
9,103,0,20.949,0.053,0.007,0.0146101,13.9543
10,104,0,20.948,0.053,0.021,0.0030693,2.9316
11,105,0,20.948,0.053,0.021,0,0
12,106,0,20.947,0.052,0.024,0.0008902,0.8502
13,107,0,20.948,0.052,-0.007,0.0151613,14.4807
14,108,0,20.947,0.053,-0.01,0.0213418,20.3838
15,109,0,20.948,0.052,-0.021,0.0265786,25.3855
16,110,0,20.947,0.052,-0.011,0.0226411,21.6248
17,111,0,20.947,0.051,-0.005,0.0116212,11.0995
18,112,0,20.948,0.052,0.003,0,0
19,113,0,20.948,0.052,-0.009,0,0
20,114,0,20.948,0.053,-0.001,0.012623,12.0563
21,115,0,20.947,0.053,0.004,0.0003067,0.293
22,116,0,20.948,0.052,0.014,0.0259786,24.8125
23,117,0.01,20.949,0.052,0.007,0.0205688,19.6455
24,118,0.01,20.948,0.052,-0.011,0.0435473,41.5924
25,119,0.01,20.949,0.052,-0.017,0.0345401,32.9896
26,120,0.01,20.949,0.052,-0.017,0.0201722,19.2666
27,121,0.01,20.948,0.052,-0.013,0.0022059,2.1069
28,122,0.01,20.948,0.052,-0.003,0.0090301,8.6247
29,123,0.01,20.948,0.053,0.009,0.0063439,6.0591
30,124,0.01,20.948,0.052,0.007,0,0
31,125,0.01,20.949,0.052,0.001,0.0083994,8.0223
32,126,0.01,20.947,0.052,0.017,0.0124843,11.9239
33,127,0.01,20.946,0.052,-0.007,0.0287614,27.4703
34,128,0.01,20.946,0.052,-0.011,0.0284799,27.2015
35,129,0.01,20.948,0.052,-0.023,0.0095469,9.1183
36,130,0.01,20.946,0.052,-0.02,0.0200032,19.1053
37,131,0.01,20.947,0.052,-0.011,0.0087833,8.389
38,132,0.01,20.948,0.052,0.001,0.0207062,19.7767
39,133,0.01,20.949,0.052,0.009,0.0179638,17.1574
40,134,0.02,20.946,0.052,0.002,0,0
41,135,0.02,20.948,0.052,0.025,0,0
42,136,0.02,20.949,0.052,0,0.0051319,4.9015
43,137,0.02,20.948,0.052,-0.004,0.0201341,19.2303
44,138,0.02,20.948,0.052,-0.014,0.0284276,27.1515
45,139,0.02,20.947,0.052,-0.009,0.0313322,29.9257
46,140,0.02,20.946,0.052,-0.001,0.0263746,25.1907
47,141,0.02,20.948,0.052,-0.006,0.0175218,16.7353
48,142,0.02,20.947,0.052,-0.005,0,0
49,143,0.02,20.949,0.051,-0.007,0.0240225,22.9441
50,144,0.02,20.947,0.052,-0.003,0.0175029,16.7172
51,145,0.02,20.947,0.052,0.008,0.0239599,22.8844
52,146,0.02,20.948,0.052,0.022,0.0162833,15.5523
53,147,0.02,20.947,0.053,0.003,0.0149829,14.3103
54,148,0.02,20.948,0.052,-0.012,0.0139895,13.3615
55,149,0.02,20.948,0.052,-0.014,0.0279234,26.6699
56,150,0.02,20.947,0.052,-0.012,0.0232872,22.2418
57,151,0.02,20.946,0.053,-0.007,0.0179628,17.1565
58,152,0.02,20.946,0.054,0,0.0387961,37.0545
59,153,0.02,20.946,0.054,0.012,0.0460385,43.9718
60,154,0.02,20.947,0.054,-0.007,0.0165656,15.822
61,155,0.02,20.946,0.055,0.004,0.0193447,18.4763
62,156,0.02,20.945,0.055,0.006,0.0400758,38.2768
63,157,0.02,20.943,0.056,0.004,0.0479223,45.771
64,158,0.02,20.945,0.056,0.009,0.0508316,48.5497
65,159,0.02,20.944,0.058,0.005,0.0555642,53.0699
66,160,0.02,20.945,0.058,-0.01,0.0447996,42.7886
67,161,0.02,20.945,0.058,-0.001,0.039257,37.4947
68,162,0.02,20.944,0.058,0.004,0.0154315,14.7388
69,163,0.02,20.944,0.058,-0.006,0.0122998,11.7476
70,164,0.02,20.942,0.058,-0.008,0.0029981,2.8635
71,165,0.03,20.941,0.058,0.015,0.0235366,22.48
72,166,0.03,20.942,0.058,0.012,0.0296812,28.3488
73,167,0.03,20.942,0.058,0.003,0.0258284,24.669
74,168,0.03,20.94,0.057,-0.01,0.020067,19.1662
75,169,0.03,20.941,0.057,-0.016,0.0267587,25.5575
76,170,0.03,20.942,0.057,-0.02,0.0313864,29.9775
77,171,0.03,20.942,0.056,-0.01,0.0272157,25.994
78,172,0.03,20.942,0.056,-0.004,0.0151144,14.4359
79,173,0.03,20.942,0.057,0.013,0.005709,5.4527
80,174,0.03,20.943,0.057,0.015,0,0
81,175,0.03,20.943,0.056,0.019,0.0099295,9.4838
82,176,0.03,20.944,0.055,-0.004,0.0076244,7.2822
83,177,0.03,20.945,0.055,-0.008,0.0172212,16.4482
84,178,0.03,20.945,0.056,-0.005,0.0267554,25.5543
85,179,0.03,20.945,0.056,0.004,0.0203393,19.4263
86,180,0.03,20.944,0.055,-0.002,0.0229699,21.9388
87,181,0.03,20.944,0.055,-0.005,0.0247141,23.6047
88,182,0.03,20.944,0.054,-0.006,0.0229886,21.9566
89,183,0.03,20.945,0.054,0.001,0.0164756,15.736
90,184,0.03,20.946,0.054,0.01,0,0
91,185,0.03,20.946,0.054,0.019,0.0076719,7.3275
92,186,0.03,20.947,0.055,0.006,0.0035619,3.402
93,187,0.04,20.946,0.054,0.012,0.0112113,10.708
94,188,0.04,20.945,0.054,0.004,0.0298134,28.4751
95,189,0.04,20.945,0.054,-0.009,0.0323611,30.9084
96,190,0.04,20.946,0.054,-0.004,0.030835,29.4508
97,191,0.04,20.946,0.054,-0.011,0.0341811,32.6467
98,192,0.04,20.947,0.054,-0.003,0.0099604,9.5133
99,193,0.04,20.945,0.055,-0.006,0.0046254,4.4178
100,194,0.04,20.946,0.055,0.004,0,0
101,195,0.04,20.945,0.054,0.015,0,0
102,196,0.04,20.946,0.053,0.008,0.021495,20.5301
103,197,0.04,20.946,0.054,0.013,0.012782,12.2082
104,198,0.04,20.946,0.055,0.005,0.0307139,29.3351
105,199,0.04,20.946,0.054,-0.009,0.0379168,36.2147
106,200,0.04,20.945,0.054,-0.01,0.0207308,19.8002
107,201,0.04,20.945,0.053,-0.009,0.0256323,24.4817
108,202,0.04,20.945,0.054,-0.006,0.0244718,23.3733
109,203,0.04,20.944,0.053,0.006,0.0236518,22.59
110,204,0.04,20.946,0.053,0.012,0.0107525,10.2698
111,205,0.04,20.946,0.053,0.014,0.0090657,8.6588
112,206,0.05,20.947,0.053,0.023,0.0156632,14.9601
113,207,0.05,20.946,0.053,-0.004,0.0319006,30.4686
114,208,0.05,20.946,0.053,0.009,0.0345338,32.9836
115,209,0.05,20.945,0.053,-0.007,0.0341649,32.6312
116,210,0.05,20.945,0.054,-0.014,0.0357647,34.1592
117,211,0.05,20.945,0.054,-0.009,0.0288071,27.514
118,212,0.05,20.947,0.054,-0.013,0.0141635,13.5277
119,213,0.05,20.947,0.054,-0.003,0.011958,11.4212
120,214,0.05,20.945,0.054,0.003,0.0043609,4.1651
121,215,0.05,20.944,0.055,0.01,0.0032814,3.1341
122,216,0.05,20.945,0.055,0.001,0.0240333,22.9545
123,217,0.05,20.947,0.054,0,0.0332474,31.7549
124,218,0.05,20.946,0.055,-0.005,0.0529787,50.6005
125,219,0.05,20.944,0.055,-0.013,0.0481463,45.985
126,220,0.05,20.945,0.055,-0.008,0.0330543,31.5705
127,221,0.05,20.944,0.055,-0.014,0.0270384,25.8246
128,222,0.05,20.945,0.055,-0.008,0.0418953,40.0146
129,223,0.05,20.945,0.054,0.006,0.0224772,21.4682
130,224,0.05,20.945,0.056,0.009,0.0389603,37.2113
131,225,0.05,20.945,0.055,0.014,0.0298366,28.4973
132,226,0.05,20.945,0.055,0.016,0.0176943,16.9
133,227,0.05,20.945,0.055,0.006,0.0158365,15.1256
134,228,0.05,20.943,0.056,-0.002,0.0324263,30.9706
135,229,0.05,20.943,0.056,-0.018,0.0506125,48.3405
136,230,0.05,20.942,0.057,-0.017,0.0464598,44.3742
137,231,0.05,20.943,0.058,-0.004,0.0435925,41.6356
138,232,0.05,20.943,0.057,0.01,0.0168796,16.1219
139,233,0.05,20.941,0.057,-0.003,0.020327,19.4145
140,234,0.06,20.941,0.057,0.01,0.0151626,14.4819
141,235,0.06,20.942,0.057,0,0.0198056,18.9165
142,236,0.06,20.941,0.057,0.004,0.0219716,20.9853
143,237,0.06,20.942,0.056,0.01,0.0266251,25.4299
144,238,0.06,20.943,0.056,0.013,0.023785,22.7173
145,239,0.06,20.943,0.056,0.002,0.0342363,32.6995
146,240,0.06,20.942,0.055,-0.014,0.0419128,40.0313
147,241,0.06,20.942,0.055,-0.014,0.0194807,18.6062
148,242,0.06,20.943,0.055,-0.017,0.0200127,19.1143
149,243,0.06,20.944,0.055,0.003,0.0181885,17.372
150,244,0.06,20.945,0.054,0,0.0107913,10.3068
151,245,0.06,20.945,0.054,0.006,0.0063198,6.0361
152,246,0.06,20.945,0.055,0.002,0.0142329,13.594
153,247,0.06,20.945,0.054,0.008,0.0350196,33.4475
154,248,0.06,20.943,0.054,0,0.0328775,31.4016
155,249,0.06,20.944,0.055,-0.007,0.0411805,39.3319
156,250,0.06,20.946,0.055,-0.013,0.030067,28.7173
157,251,0.06,20.945,0.055,-0.02,0.038646,36.9111
158,252,0.07,20.945,0.054,0.001,0.0313205,29.9146
159,253,0.07,20.945,0.054,-0.003,0.0134285,12.8257
160,254,0.07,20.946,0.054,0.003,0.0106402,10.1625
161,255,0.07,20.945,0.054,0.01,0.0115789,11.0591
162,256,0.07,20.945,0.054,0.019,0.0178773,17.0748
163,257,0.07,20.944,0.054,0.002,0.0349818,33.4114
164,258,0.07,20.946,0.054,-0.008,0.0246845,23.5765
165,259,0.07,20.944,0.054,-0.011,0.0439823,42.0079
166,260,0.07,20.945,0.054,-0.014,0.049257,47.0458
167,261,0.07,20.944,0.055,-0.008,0.0347832,33.2218
168,262,0.07,20.945,0.055,-0.017,0.0244751,23.3764
169,263,0.07,20.945,0.055,-0.006,0.0237612,22.6945
170,264,0.07,20.944,0.055,0.002,0.018888,18.0402
171,265,0.07,20.946,0.055,0.009,0.0187952,17.9515
172,266,0.07,20.945,0.055,0.013,0.0140396,13.4093
173,267,0.07,20.944,0.054,0.007,0.0365472,34.9066
174,268,0.07,20.944,0.055,-0.008,0.0423467,40.4457
175,269,0.07,20.944,0.054,-0.004,0.036569,34.9274
176,270,0.07,20.945,0.055,-0.021,0.0487095,46.5229
177,271,0.07,20.945,0.055,-0.022,0.0358453,34.2362
178,272,0.08,20.944,0.055,-0.018,0.0250599,23.9349
179,273,0.08,20.946,0.055,0.001,0.0336417,32.1315
180,274,0.08,20.944,0.055,-0.003,0.0287436,27.4533
181,275,0.08,20.945,0.055,0.011,0.0201354,19.2315
182,276,0.07,20.943,0.055,0.006,0.0062802,5.9982
183,277,0.07,20.944,0.055,0.011,0.0251569,24.0276
184,278,0.08,20.944,0.055,-0.005,0.0296319,28.3017
185,279,0.08,20.943,0.055,-0.011,0.0253341,24.1969
186,280,0.08,20.943,0.055,-0.01,0.0453104,43.2764
187,281,0.08,20.944,0.055,-0.012,0.0420202,40.1339
188,282,0.08,20.942,0.055,-0.005,0.0469306,44.8239
189,283,0.08,20.943,0.056,-0.004,0.043457,41.5062
190,284,0.08,20.945,0.055,-0.009,0.0258969,24.7344
191,285,0.08,20.944,0.056,-0.003,0.013818,13.1977
192,286,0.08,20.944,0.056,0.009,0.019136,18.277
193,287,0.08,20.943,0.055,0.017,0.0186041,17.7689
194,288,0.07,20.944,0.055,0.01,0.0163391,15.6056
195,289,0.08,20.942,0.056,0.001,0.03546,33.8682
196,290,0.08,20.943,0.056,-0.001,0.036678,35.0315
197,291,0.08,20.944,0.056,-0.019,0.0373182,35.643
198,292,0.08,20.944,0.056,-0.016,0.0278714,26.6203
199,293,0.08,20.944,0.056,-0.016,0.033689,32.1767
200,294,0.08,20.943,0.055,-0.008,0.0391245,37.3682
201,295,0.08,20.942,0.056,0.004,0.0383164,36.5964
202,296,0.08,20.943,0.056,0.01,0.0221171,21.1243
203,297,0.08,20.944,0.056,0.01,0.0103363,9.8723
204,298,0.08,20.943,0.056,0.015,0.0159326,15.2173
205,299,0.08,20.942,0.056,0.012,0.0294784,28.1551
206,300,0.08,20.943,0.056,-0.001,0.0225525,21.5401
207,301,0.08,20.942,0.056,-0.007,0.0335362,32.0308
208,302,0.08,20.943,0.056,-0.012,0.0350384,33.4655
209,303,0.08,20.944,0.056,-0.003,0.0288077,27.5145
210,304,0.08,20.944,0.056,0.001,0.0234084,22.3576
211,305,0.08,20.942,0.056,-0.004,0.0107396,10.2575
212,306,0.08,20.942,0.055,-0.003,0.0180227,17.2137
213,307,0.08,20.942,0.055,0.008,0.0240262,22.9477
214,308,0.08,20.943,0.055,0.014,0.0177933,16.9945
215,309,0.09,20.944,0.056,0.009,0.0242956,23.205
216,310,0.09,20.944,0.055,0,0.0399656,38.1715
217,311,0.09,20.943,0.055,-0.002,0.0484104,46.2373
218,312,0.09,20.945,0.056,-0.003,0.0425797,40.6683
219,313,0.09,20.943,0.056,-0.005,0.0353029,33.7181
220,314,0.09,20.943,0.055,0.001,0.0141626,13.5268
221,315,0.09,20.943,0.055,0.002,0.0243798,23.2854
222,316,0.09,20.944,0.055,0.014,0.0054257,5.1821
223,317,0.09,20.944,0.055,0.007,0.018299,17.4775
224,318,0.09,20.944,0.055,0.006,0.0184,17.574
225,319,0.09,20.943,0.055,0.012,0.0166156,15.8697
226,320,0.09,20.943,0.055,0.001,0.0416272,39.7585
227,321,0.09,20.944,0.054,-0.013,0.0329359,31.4574
228,322,0.09,20.944,0.054,-0.02,0.0270019,25.7898
229,323,0.09,20.944,0.055,-0.015,0.0173574,16.5783
230,324,0.09,20.944,0.054,-0.009,0.0131507,12.5604
231,325,0.09,20.944,0.053,0.007,0.0046522,4.4434
232,326,0.09,20.945,0.053,0.003,0.0148268,14.1612
233,327,0.1,20.944,0.054,0.016,0.0228683,21.8418
234,328,0.1,20.945,0.054,0.003,0.0216834,20.71
235,329,0.1,20.945,0.054,0.003,0.0351084,33.5324
236,330,0.1,20.945,0.054,-0.005,0.0304738,29.1058
237,331,0.1,20.947,0.053,-0.024,0.0356613,34.0604
238,332,0.1,20.946,0.054,-0.01,0.0187721,17.9294
239,333,0.1,20.945,0.054,0,0.0349559,33.3867
240,334,0.1,20.944,0.054,0.004,0.0134298,12.8269
241,335,0.1,20.945,0.054,0.003,0.0071578,6.8365
242,336,0.1,20.946,0.054,0.011,0.001376,1.3143
243,337,0.1,20.946,0.054,0.006,0.0068084,6.5028
244,338,0.1,20.945,0.053,-0.001,0,0
245,339,0.1,20.945,0.053,0.005,0.0104205,9.9527
246,340,0.1,20.944,0.053,-0.007,0.0407765,38.9461
247,341,0.1,20.944,0.053,-0.012,0.0294962,28.1721
248,342,0.1,20.946,0.053,-0.012,0.0284201,27.1443
249,343,0.1,20.945,0.053,-0.001,0.014755,14.0927
250,344,0.1,20.946,0.053,-0.012,0.0078474,7.4952
251,345,0.1,20.945,0.053,-0.001,0.013127,12.5377
252,346,0.1,20.947,0.053,0.005,0.0045847,4.3789
253,347,0.1,20.947,0.054,0.015,0.0098581,9.4156
254,348,0.1,20.946,0.053,0.009,0.0048943,4.6746
255,349,0.11,20.946,0.053,0.014,0.0172631,16.4882
256,350,0.11,20.947,0.053,0.002,0.0192863,18.4206
257,351,0.11,20.947,0.053,-0.026,0.0211566,20.2069
258,352,0.11,20.947,0.053,-0.016,0.0153511,14.662
259,353,0.11,20.947,0.054,-0.015,0.0235111,22.4557
260,354,0.11,20.947,0.053,-0.003,0.0039009,3.7258
261,355,0.11,20.947,0.052,0.009,0.000616,0.5883
262,356,0.11,20.946,0.053,0.005,0,0
263,357,0.11,20.946,0.053,0.012,0.0156904,14.9861
264,358,0.11,20.946,0.052,0.007,0.0095293,9.1016
265,359,0.11,20.946,0.053,0.008,0.0275351,26.2991
266,360,0.11,20.947,0.053,0,0.0208739,19.9369
267,361,0.11,20.946,0.053,-0.006,0.015835,15.1242
268,362,0.11,20.947,0.052,-0.008,0.0248184,23.7043
269,363,0.11,20.947,0.052,-0.002,0.027748,26.5024
270,364,0.11,20.947,0.054,-0.005,0.0063217,6.0379
271,365,0.11,20.946,0.053,0.007,0.0144811,13.831
272,366,0.11,20.947,0.053,0.011,0.0214736,20.5096
273,367,0.11,20.947,0.052,0.016,0.0128028,12.2281
274,368,0.11,20.947,0.052,0.003,0.0307088,29.3303
275,369,0.12,20.946,0.052,-0.001,0.0208879,19.9502
276,370,0.12,20.948,0.052,-0.013,0.0327888,31.3169
277,371,0.12,20.947,0.052,-0.012,0.0178003,17.0012
278,372,0.12,20.948,0.052,-0.007,0.014755,14.0926
279,373,0.12,20.948,0.052,-0.01,0.0285146,27.2345
280,374,0.12,20.947,0.053,-0.018,0.0246928,23.5843
281,375,0.12,20.948,0.052,0.001,0.0135577,12.9491
282,376,0.12,20.948,0.052,-0.001,0,0
283,377,0.12,20.947,0.053,-0.003,0,0
284,378,0.12,20.946,0.052,0.009,0,0
285,379,0.12,20.945,0.052,-0.011,0.0147158,14.0552
286,380,0.12,20.946,0.053,-0.002,0.0218378,20.8575
287,381,0.12,20.946,0.053,-0.014,0.026766,25.5644
288,382,0.12,20.946,0.052,-0.01,0.0213711,20.4118
289,383,0.12,20.948,0.052,-0.006,0.0191908,18.3294
290,384,0.12,20.948,0.052,-0.009,0,0
291,385,0.12,20.946,0.053,-0.015,0,0
292,386,0.12,20.948,0.052,-0.001,0,0
293,387,0.12,20.947,0.053,0.009,0.0092499,8.8347
294,388,0.12,20.948,0.053,0.02,0,0
295,389,0.12,20.949,0.052,0.007,0,0
296,390,0.12,20.948,0.052,-0.006,0.0157037,14.9987
297,391,0.12,20.948,0.053,-0.008,0.0273346,26.1075
298,392,0.12,20.947,0.052,-0.018,0.0202201,19.3124
299,393,0.12,20.948,0.053,-0.012,0.0129783,12.3957
300,394,0.12,20.948,0.052,-0.006,0.0276341,26.3936
301,395,0.12,20.947,0.052,0.005,0.0070839,6.7659
302,396,0.12,20.949,0.052,0.014,0.0059966,5.7274
303,397,0.13,20.948,0.052,0.01,0.0102224,9.7636
304,398,0.13,20.948,0.051,0.004,0,0
305,399,0.13,20.947,0.052,0.006,0.0254023,24.262
306,400,0.13,20.949,0.052,0.004,0.0331665,31.6776
307,401,0.13,20.949,0.052,-0.007,0.0328342,31.3603
308,402,0.13,20.948,0.052,-0.013,0.0166845,15.9356
309,403,0.13,20.947,0.052,-0.011,0.0128929,12.3141
310,404,0.13,20.948,0.052,-0.009,0.0179992,17.1912
311,405,0.13,20.949,0.052,-0.018,0.0145529,13.8996
312,406,0.13,20.948,0.052,0.006,0.0017012,1.6249
313,407,0.13,20.947,0.052,0.007,0.0013992,1.3364
314,408,0.13,20.947,0.052,0.003,0.0239069,22.8337
315,409,0.13,20.947,0.052,0.015,0.0175609,16.7726
316,410,0.13,20.948,0.052,-0.011,0.0177195,16.924
317,411,0.13,20.947,0.052,-0.019,0.0030075,2.8725
318,412,0.13,20.947,0.052,-0.018,0.0272038,25.9826
319,413,0.13,20.947,0.051,-0.008,0.0237988,22.7305
320,414,0.13,20.948,0.052,-0.008,0.018174,17.3581
321,415,0.13,20.949,0.052,-0.004,0.0059688,5.7009
322,416,0.13,20.947,0.052,-0.001,0,0
323,417,0.13,20.947,0.052,0.011,0.0174663,16.6822
324,418,0.13,20.947,0.052,0.016,0.0120982,11.5551
325,419,0.13,20.946,0.052,-0.005,0.0063603,6.0748
326,420,0.13,20.946,0.052,-0.004,0.012645,12.0773
327,421,0.13,20.947,0.053,-0.009,0.0362578,34.6302
328,422,0.13,20.948,0.053,0.004,0.0123191,11.7661
329,423,0.13,20.948,0.053,-0.009,0.0278333,26.5838
330,424,0.14,20.946,0.052,-0.011,0.0262554,25.0768
331,425,0.14,20.947,0.052,-0.004,0.0091277,8.718
332,426,0.14,20.947,0.052,0.007,0.0106269,10.1499
333,427,0.14,20.947,0.053,0.021,0,0
334,428,0.14,20.947,0.053,-0.009,0.0054056,5.1629
335,429,0.14,20.948,0.052,0.005,0.0197521,18.8654
336,430,0.14,20.946,0.052,0.002,0.0261449,24.9713
337,431,0.14,20.948,0.052,0.001,0.020351,19.4374
338,432,0.14,20.947,0.052,-0.007,0.0182042,17.387
339,433,0.14,20.944,0.053,0.001,0.0295386,28.2126
340,434,0.14,20.947,0.052,-0.005,0.0203003,19.389
341,435,0.14,20.945,0.052,-0.007,0.0081932,7.8254
342,436,0.14,20.946,0.052,0.004,0.0030435,2.9069
343,437,0.14,20.947,0.052,-0.002,0.0112466,10.7418
344,438,0.14,20.948,0.051,0.008,0.0089388,8.5375
345,439,0.14,20.949,0.052,-0.001,0.0113394,10.8304
346,440,0.14,20.949,0.051,-0.006,0.0175115,16.7254
347,441,0.14,20.947,0.051,-0.011,0.0311222,29.7251
348,442,0.15,20.947,0.052,-0.015,0.0401025,38.3023
349,443,0.15,20.949,0.052,-0.009,0.0239886,22.9118
350,444,0.15,20.948,0.052,-0.01,0.0182102,17.3927
351,445,0.15,20.946,0.052,0.003,0,0
352,446,0.15,20.945,0.052,0.005,0.0019432,1.856
353,447,0.15,20.947,0.052,0.005,0,0
354,448,0.15,20.948,0.052,0.002,0.0123264,11.7731
355,449,0.15,20.947,0.052,0.009,0,0
356,450,0.15,20.946,0.052,0.002,0.024921,23.8023
357,451,0.15,20.947,0.052,-0.013,0.0389122,37.1654
358,452,0.15,20.949,0.052,-0.016,0.016805,16.0506
359,453,0.15,20.947,0.052,-0.03,0.0226144,21.5992
360,454,0.15,20.948,0.051,-0.014,0.0153066,14.6195
361,455,0.15,20.948,0.051,-0.013,0.0123797,11.8239
362,456,0.15,20.949,0.051,0.014,0.0062546,5.9738
363,457,0.15,20.95,0.052,0.007,0.007132,6.8118
364,458,0.15,20.948,0.052,0.024,0.0048119,4.5959
365,459,0.15,20.947,0.052,0.001,0.0073275,6.9986
366,460,0.15,20.947,0.052,0.01,0.0032744,3.1274
367,461,0.15,20.948,0.052,-0.011,0.0043134,4.1198
368,462,0.15,20.947,0.052,-0.028,0.0138379,13.2167
369,463,0.15,20.948,0.052,-0.008,0.0224522,21.4443
370,464,0.15,20.948,0.051,-0.013,0.0211184,20.1704
371,465,0.15,20.948,0.052,0.004,0.0008758,0.8364
372,466,0.15,20.946,0.052,0.001,0.0049178,4.6971
373,467,0.16,20.947,0.052,0.002,0.0068209,6.5147
374,468,0.16,20.948,0.051,0.006,0,0
375,469,0.16,20.947,0.052,0.009,0.0038029,3.6322
376,470,0.16,20.947,0.052,0.001,0.0070375,6.7216
377,471,0.16,20.948,0.052,0,0.0073622,7.0317
378,472,0.16,20.949,0.052,-0.001,0.0055079,5.2606
379,473,0.16,20.949,0.052,-0.005,0.010396,9.9293
380,474,0.16,20.948,0.052,-0.008,0.0139939,13.3657
381,475,0.16,20.947,0.052,-0.007,0.0178228,17.0227
382,476,0.16,20.947,0.052,0.007,0.0051537,4.9223
383,477,0.16,20.948,0.052,0.008,0,0
384,478,0.16,20.947,0.052,0.011,0.0076907,7.3455
385,479,0.16,20.946,0.052,0.018,0.0022349,2.1345
386,480,0.16,20.947,0.052,0.009,0.0041337,3.9481
387,481,0.16,20.947,0.052,0.006,0.005208,4.9742
388,482,0.16,20.947,0.053,0.001,0.0149795,14.307
389,483,0.16,20.948,0.052,-0.003,0.0286434,27.3576
390,484,0.16,20.949,0.052,-0.002,0.017235,16.4614
391,485,0.16,20.948,0.052,-0.005,0.0158134,15.1036
392,486,0.16,20.948,0.051,-0.004,0.0049409,4.7191
393,487,0.16,20.947,0.052,0.004,0.0060448,5.7734
394,488,0.16,20.948,0.052,-0.005,0,0
395,489,0.16,20.951,0.051,-0.004,0,0
396,490,0.16,20.949,0.052,0.002,0,0
397,491,0.16,20.949,0.052,0.004,0.0124807,11.9205
398,492,0.17,20.948,0.052,0.003,0.0304613,29.0939
399,493,0.17,20.948,0.052,-0.011,0.0298489,28.5089
400,494,0.17,20.949,0.052,-0.024,0.0096353,9.2028
401,495,0.17,20.949,0.051,-0.013,0.0095483,9.1196
402,496,0.17,20.949,0.052,-0.006,0.0138087,13.1888
403,497,0.17,20.948,0.052,0.008,0.0093316,8.9127
404,498,0.17,20.947,0.052,0.007,0.0030354,2.8992
405,499,0.17,20.947,0.052,0.015,0.0030934,2.9546
406,500,0.17,20.947,0.052,0.004,0.0147784,14.115
407,501,0.17,20.949,0.052,0.015,0.0317459,30.3208
408,502,0.17,20.949,0.052,0.001,0.0099129,9.4679
409,503,0.17,20.947,0.052,-0.016,0.0275307,26.2949
410,504,0.17,20.947,0.052,-0.025,0.0242085,23.1218
411,505,0.17,20.949,0.051,-0.006,0.0170728,16.3064
412,506,0.17,20.949,0.052,0,0.0050818,4.8537
413,507,0.17,20.948,0.052,-0.005,0,0
414,508,0.17,20.948,0.051,-0.001,0,0
415,509,0.17,20.948,0.051,0.006,0,0
416,510,0.17,20.948,0.051,0.006,0,0
417,511,0.17,20.948,0.051,0,0.0143285,13.6853
418,512,0.17,20.947,0.051,-0.016,0.0118066,11.2766
419,513,0.17,20.947,0.052,-0.005,0.0363235,34.6929
420,514,0.18,20.949,0.051,-0.023,0.0119106,11.3759
421,515,0.18,20.949,0.052,-0.014,0.0212444,20.2908
422,516,0.18,20.948,0.051,-0.008,0.0065487,6.2547
423,517,0.18,20.948,0.052,0.004,0.0253584,24.22
424,518,0.18,20.948,0.052,0.011,0,0
425,519,0.18,20.948,0.051,0.02,0.000868,0.8291
426,520,0.18,20.947,0.052,0.011,0,0
427,521,0.18,20.948,0.051,0.008,0.0096835,9.2488
428,522,0.18,20.948,0.051,-0.009,0.0126403,12.0729
429,523,0.18,20.949,0.051,-0.002,0.0275936,26.3549
430,524,0.18,20.948,0.051,-0.025,0.0116168,11.0953
431,525,0.18,20.948,0.051,-0.007,0.0158082,15.0985
432,526,0.18,20.949,0.051,-0.016,0,0
433,527,0.18,20.949,0.051,-0.002,0.0148076,14.1429
434,528,0.18,20.949,0.052,-0.01,0,0
435,529,0.18,20.947,0.051,0.022,0.0005907,0.5641
436,530,0.18,20.947,0.051,0.008,0,0
437,531,0.19,20.948,0.051,0.006,0.0170789,16.3123
438,532,0.19,20.949,0.052,-0.005,0.0158961,15.1825
439,533,0.18,20.949,0.052,-0.004,0.0277761,26.5292
440,534,0.18,20.948,0.052,-0.018,0.024585,23.4814
441,535,0.18,20.948,0.052,-0.003,0.0224754,21.4665
442,536,0.18,20.948,0.052,-0.007,0.0040506,3.8688
443,537,0.18,20.948,0.051,0.017,0.0202145,19.3071
444,538,0.19,20.948,0.052,-0.005,0.0027287,2.6062
445,539,0.19,20.948,0.051,0.01,0.0019445,1.8572
446,540,0.19,20.948,0.051,0.013,0.0157845,15.0759
447,541,0.18,20.947,0.052,0.008,0.0080473,7.6861
448,542,0.18,20.949,0.052,-0.008,0.0193135,18.4465
449,543,0.18,20.948,0.052,-0.007,0.0228704,21.8437
450,544,0.18,20.948,0.051,-0.018,0.021368,20.4088
451,545,0.18,20.948,0.051,-0.014,0.0237948,22.7266
452,546,0.18,20.948,0.052,-0.012,0.0181212,17.3077
453,547,0.19,20.948,0.052,0.004,0.0049998,4.7753
454,548,0.19,20.948,0.051,-0.006,0.0019441,1.8568
455,549,0.19,20.947,0.052,0.011,0.0019756,1.8869
456,550,0.19,20.947,0.052,0.006,0.0021856,2.0875
457,551,0.19,20.948,0.052,-0.002,0.0105605,10.0864
458,552,0.19,20.947,0.052,0.005,0.0022729,2.1709
459,553,0.19,20.947,0.052,-0.01,0.0055298,5.2816
460,554,0.19,20.948,0.051,-0.018,0.0149911,14.3181
461,555,0.19,20.949,0.052,-0.021,0.0072379,6.913
462,556,0.19,20.95,0.052,-0.015,0.0011696,1.1171
463,557,0.19,20.948,0.052,-0.004,0,0
464,558,0.19,20.947,0.052,0.008,0,0
465,559,0.2,20.947,0.052,0.006,0.0030979,2.9588
466,560,0.2,20.948,0.051,0.006,0.0040891,3.9055
467,561,0.2,20.948,0.052,0.002,0.0167673,16.0146
468,562,0.2,20.949,0.052,-0.002,7.8e-05,0.0745
469,563,0.2,20.948,0.052,0.001,0.0260733,24.9029
470,564,0.2,20.949,0.051,-0.002,0.0241969,23.1107
471,565,0.2,20.949,0.052,-0.01,0.0223631,21.3592
472,566,0.2,20.949,0.052,0.001,0.0083275,7.9537
473,567,0.2,20.948,0.051,0.002,0,0
474,568,0.19,20.949,0.051,-0.001,0.0081625,7.7961
475,569,0.19,20.951,0.052,0.005,0.0084044,8.0271
476,570,0.19,20.949,0.051,0.005,0,0
477,571,0.2,20.948,0.051,0.005,0.0093397,8.9204
478,572,0.2,20.948,0.051,-0.007,0.0127826,12.2088
479,573,0.2,20.948,0.051,0.004,0.0244917,23.3923
480,574,0.2,20.949,0.052,-0.006,0.0075253,7.1875
481,575,0.2,20.946,0.052,-0.01,0.0085201,8.1376
482,576,0.2,20.947,0.052,-0.008,0,0
483,577,0.2,20.947,0.052,0,0.0043421,4.1472
484,578,0.2,20.948,0.052,0.013,0.000871,0.8319
485,579,0.2,20.949,0.052,0.005,0,0
486,580,0.2,20.947,0.052,0,0,0
487,581,0.2,20.948,0.052,0.02,0,0
488,582,0.2,20.948,0.052,-0.001,0.0208382,19.9028
489,583,0.2,20.948,0.052,-0.004,0.0252028,24.0714
490,584,0.2,20.948,0.052,-0.01,0.0400495,38.2516
491,585,0.2,20.947,0.052,-0.004,0.0161179,15.3943
492,586,0.2,20.949,0.052,0,0.0035719,3.4116
493,587,0.2,20.948,0.052,0.004,0,0
494,588,0.21,20.949,0.051,-0.001,0,0
495,589,0.21,20.949,0.052,0.008,0.003016,2.8806
496,590,0.21,20.948,0.051,0.006,0,0
497,591,0.21,20.949,0.051,0.007,0.0082328,7.8633
498,592,0.21,20.949,0.052,0.014,0.0126439,12.0763
499,593,0.21,20.947,0.052,-0.007,0.0236931,22.6295
500,594,0.21,20.947,0.051,-0.016,0.012398,11.8415
501,595,0.21,20.948,0.051,-0.033,0.0142834,13.6422
502,596,0.21,20.949,0.052,-0.011,0.0276662,26.4242
503,597,0.21,20.949,0.052,-0.005,0.0231261,22.0879
504,598,0.21,20.95,0.051,0.003,0.0019769,1.8882
505,599,0.21,20.95,0.051,0.006,0,0
506,600,0.21,20.949,0.051,0.006,0.0008774,0.838
507,601,0.21,20.948,0.051,0.014,0.0027567,2.6329
508,602,0.21,20.948,0.051,0.001,0.0011665,1.1142
509,603,0.21,20.948,0.052,-0.003,0.0151001,14.4223
510,604,0.21,20.948,0.052,-0.014,0.0513254,49.0214
511,605,0.21,20.948,0.052,-0.013,0.0087527,8.3598
512,606,0.21,20.95,0.052,-0.015,0.017863,17.0611
513,607,0.21,20.95,0.051,-0.013,0.0193099,18.4431
514,608,0.21,20.947,0.052,-0.013,0,0
515,609,0.21,20.948,0.052,0.006,0.0003689,0.3524
516,610,0.21,20.948,0.052,0.016,0.0030311,2.895
517,611,0.22,20.948,0.052,0.007,0.0092378,8.8231
518,612,0.22,20.948,0.052,0.01,0.0224271,21.4203
519,613,0.22,20.947,0.051,0.002,0.023099,22.0621
520,614,0.22,20.949,0.05,-0.01,0.0343861,32.8425
521,615,0.22,20.949,0.051,-0.038,0.0236064,22.5467
522,616,0.22,20.948,0.051,-0.004,0.0128121,12.2369
523,617,0.22,20.949,0.051,-0.008,0.0129389,12.358
524,618,0.22,20.948,0.052,-0.009,0.0164072,15.6707
525,619,0.22,20.948,0.052,0.015,0,0
526,620,0.22,20.949,0.052,-0.002,0,0
527,621,0.21,20.95,0.051,0.005,0,0
528,622,0.21,20.948,0.051,0.005,0.0201089,19.2062
529,623,0.21,20.947,0.052,-0.007,0.0104533,9.984
530,624,0.21,20.947,0.052,-0.009,0.0259517,24.7867
531,625,0.21,20.947,0.051,-0.024,0.0233894,22.3395
532,626,0.21,20.948,0.051,-0.013,0.0161269,15.4029
533,627,0.21,20.948,0.051,-0.008,0.0108228,10.337
534,628,0.22,20.949,0.051,-0.008,0.0131267,12.5375
535,629,0.22,20.949,0.051,-0.011,0,0
536,630,0.22,20.949,0.051,0.012,0.0041116,3.927
537,631,0.22,20.949,0.051,0.012,0.0032071,3.0631
538,632,0.22,20.948,0.052,0.013,0.0054557,5.2108
539,633,0.22,20.948,0.052,-0.011,0.0130992,12.5111
540,634,0.22,20.948,0.052,-0.002,0.0325024,31.0434
541,635,0.22,20.948,0.051,-0.021,0.0135428,12.9349
542,636,0.22,20.949,0.051,-0.018,0.0172142,16.4414
543,637,0.22,20.949,0.051,-0.011,0.0062676,5.9862
544,638,0.22,20.949,0.051,-0.006,0.0029853,2.8513
545,639,0.22,20.949,0.051,-0.008,0.0078664,7.5133
546,640,0.22,20.949,0.051,0.012,0,0
547,641,0.22,20.949,0.051,0.005,0.0047084,4.497
548,642,0.22,20.948,0.051,0.001,0,0
549,643,0.22,20.949,0.052,-0.001,0.0158761,15.1634
550,644,0.22,20.949,0.052,-0.009,0.0138359,13.2148
551,645,0.22,20.949,0.052,-0.022,0.0254406,24.2986
552,646,0.22,20.948,0.052,-0.005,0.0204883,19.5686
553,647,0.22,20.948,0.051,-0.008,0.0212198,20.2672
554,648,0.22,20.948,0.051,0.003,0.001918,1.8319
555,649,0.22,20.948,0.052,0.006,0.0073844,7.0529
556,650,0.22,20.948,0.051,0.01,0.0115833,11.0633
557,651,0.22,20.946,0.051,0.012,0.0162853,15.5543
558,652,0.22,20.95,0.052,-0.005,0.0197925,18.904
559,653,0.22,20.95,0.051,0.008,0.0201648,19.2596
560,654,0.22,20.949,0.052,-0.006,0.0221256,21.1324
561,655,0.22,20.948,0.051,-0.005,0.0393542,37.5876
562,656,0.23,20.948,0.051,-0.015,0.0184247,17.5976
563,657,0.23,20.948,0.051,-0.01,0.0084966,8.1151
564,658,0.23,20.948,0.051,-0.011,0,0
565,659,0.23,20.948,0.052,0.007,0,0
566,660,0.23,20.948,0.051,0.001,0,0
567,661,0.23,20.948,0.051,-0.002,0,0
568,662,0.23,20.948,0.051,0.003,0,0
569,663,0.23,20.946,0.051,-0.005,0.0169596,16.1982
570,664,0.23,20.947,0.051,-0.005,0.0249459,23.8261
571,665,0.23,20.947,0.051,-0.007,0.0134532,12.8493
572,666,0.23,20.947,0.051,-0.028,0.019681,18.7976
573,667,0.23,20.948,0.052,-0.013,0.0139583,13.3317
574,668,0.23,20.949,0.052,0,0.0094544,9.03
575,669,0.23,20.948,0.052,0.015,0,0
576,670,0.24,20.949,0.051,0.004,0.0055302,5.2819
577,671,0.24,20.949,0.05,0.016,0,0
578,672,0.24,20.949,0.051,0.012,0.0170988,16.3312
579,673,0.24,20.949,0.052,0.005,0.025776,24.6189
580,674,0.24,20.949,0.051,-0.003,0.0095892,9.1587
581,675,0.24,20.947,0.051,-0.005,0.0226007,21.5861
582,676,0.24,20.946,0.051,-0.013,0.0225726,21.5593
583,677,0.24,20.95,0.051,-0.014,0.0074165,7.0836
584,678,0.24,20.949,0.051,-0.004,0.0050737,4.8459
585,679,0.24,20.948,0.051,0,0,0
586,680,0.24,20.948,0.051,0.008,0,0
587,681,0.24,20.949,0.051,-0.001,0.0144102,13.7633
588,682,0.24,20.949,0.051,0.007,0.0106708,10.1918
589,683,0.24,20.949,0.052,-0.012,0.0147566,14.0942
590,684,0.24,20.949,0.051,-0.021,0.0163753,15.6402
591,685,0.24,20.949,0.052,-0.005,0.0171358,16.3666
592,686,0.24,20.949,0.052,-0.018,0.0204834,19.5639
593,687,0.24,20.949,0.051,-0.013,0.0159129,15.1986
594,688,0.24,20.948,0.052,0.002,0.0137205,13.1046
595,689,0.24,20.948,0.051,0.003,0.0008522,0.8139
596,690,0.24,20.948,0.051,0.011,0.0091442,8.7337
597,691,0.24,20.95,0.051,0.008,0,0
598,692,0.24,20.949,0.051,0.005,0.0180196,17.2107
599,693,0.24,20.946,0.051,-0.001,0.0055265,5.2784
600,694,0.24,20.948,0.052,-0.005,0.0022504,2.1494
601,695,0.25,20.948,0.052,-0.012,7.66e-05,0.0732
602,696,0.25,20.949,0.051,-0.008,0.0030034,2.8686
603,697,0.25,20.948,0.052,-0.015,0.0095992,9.1683
604,698,0.25,20.949,0.051,-0.002,0,0
605,699,0.25,20.947,0.051,-0.004,0,0
606,700,0.25,20.948,0.051,0.008,0.0040195,3.8391
607,701,0.25,20.948,0.052,0.005,0,0
608,702,0.25,20.947,0.052,0.011,0.0008695,0.8305
609,703,0.25,20.948,0.052,-0.009,0.0248753,23.7586
610,704,0.25,20.948,0.051,-0.002,0.0076838,7.3388
611,705,0.25,20.949,0.051,0.002,0.0174073,16.6259
612,706,0.25,20.949,0.052,0.004,0.0100315,9.5812
613,707,0.25,20.949,0.052,0.005,0,0
614,708,0.25,20.948,0.051,-0.006,0,0
615,709,0.25,20.949,0.051,0.01,0,0
616,710,0.25,20.948,0.051,0.011,0.0062898,6.0075
617,711,0.26,20.949,0.051,0.005,0.0097395,9.3023
618,712,0.26,20.948,0.052,0.016,0.0035611,3.4013
619,713,0.26,20.947,0.051,0.007,0.001455,1.3897
620,714,0.26,20.948,0.051,-0.015,0.0168816,16.1238
621,715,0.26,20.948,0.051,-0.003,0.0257235,24.5688
622,716,0.26,20.949,0.051,-0.012,0.0129271,12.3468
623,717,0.26,20.949,0.052,-0.01,0.0108961,10.407
624,718,0.26,20.95,0.052,0.001,0,0
625,719,0.26,20.951,0.052,0.01,0.0041564,3.9699
626,720,0.26,20.949,0.051,0.008,0,0
627,721,0.26,20.949,0.052,0.003,0.0052311,4.9963
628,722,0.26,20.948,0.051,-0.006,0.0102758,9.8145
629,723,0.26,20.949,0.052,-0.004,0.0112947,10.7877
630,724,0.26,20.95,0.051,-0.003,0.0105182,10.046
631,725,0.26,20.95,0.051,-0.007,0.0203466,19.4333
632,726,0.26,20.948,0.052,-0.015,0.0107724,10.2888
633,727,0.26,20.948,0.051,-0.009,0.01167,11.1462
634,728,0.26,20.949,0.051,-0.006,0.0092033,8.7901
635,729,0.26,20.949,0.051,0.003,0.0160864,15.3643
636,730,0.26,20.95,0.052,0.005,0.0061825,5.9049
637,731,0.26,20.948,0.052,0.007,0.0148528,14.186
638,732,0.26,20.949,0.052,0.003,0.0051074,4.8781
639,733,0.26,20.948,0.052,0.003,0.0097295,9.2927
640,734,0.26,20.947,0.052,0.002,0.0120521,11.511
641,735,0.26,20.947,0.051,-0.002,0.0141008,13.4678
642,736,0.26,20.948,0.051,-0.01,0.0157089,15.0037
643,737,0.26,20.948,0.051,-0.001,0.0051656,4.9337
644,738,0.26,20.948,0.052,-0.002,0,0
645,739,0.26,20.948,0.052,0.004,0,0
646,740,0.26,20.947,0.051,-0.007,0,0
647,741,0.27,20.948,0.051,0.003,0.0019572,1.8694
648,742,0.27,20.948,0.052,0,0,0
649,743,0.27,20.947,0.051,0.003,0.0225515,21.5392
650,744,0.27,20.948,0.051,-0.005,0.0125482,11.9849
651,745,0.27,20.949,0.052,-0.007,0.0130517,12.4658
652,746,0.27,20.949,0.052,-0.01,0.0263218,25.1402
653,747,0.27,20.949,0.052,-0.007,0.0258567,24.696
654,748,0.27,20.948,0.052,0.003,0,0
655,749,0.27,20.948,0.052,0.012,0.0045744,4.3691
656,750,0.27,20.948,0.052,0.016,0.0093527,8.9329
657,751,0.27,20.948,0.051,0.013,0.0011775,1.1247
658,752,0.27,20.948,0.051,0.007,0.0051353,4.9048
659,753,0.27,20.948,0.05,0.009,0.0240686,22.9882
660,754,0.27,20.948,0.052,-0.011,0.0306941,29.3163
661,755,0.27,20.948,0.052,0.001,0.0318652,30.4348
662,756,0.27,20.947,0.051,-0.009,0.0146199,13.9636
663,757,0.27,20.949,0.051,-0.02,0.0095295,9.1017
664,758,0.27,20.949,0.051,-0.02,0,0
665,759,0.27,20.949,0.052,0.007,0.0124296,11.8717
666,760,0.27,20.949,0.051,-0.006,0,0
667,761,0.27,20.95,0.051,0,0,0
668,762,0.27,20.948,0.052,0.003,0,0
669,763,0.27,20.949,0.051,0.003,0.0070443,6.7281
670,764,0.27,20.948,0.051,-0.009,0,0
671,765,0.27,20.947,0.052,-0.015,0.0306354,29.2602
672,766,0.28,20.947,0.051,-0.022,0.0159548,15.2386
673,767,0.28,20.948,0.052,-0.005,0.0245655,23.4628
674,768,0.28,20.948,0.052,-0.001,0.01928,18.4145
675,769,0.28,20.948,0.051,0.012,0.0293484,28.031
676,770,0.28,20.948,0.051,0.002,0.0040981,3.9141
677,771,0.28,20.947,0.052,0.015,0,0
678,772,0.28,20.949,0.051,0.006,0.0104388,9.9702
679,773,0.28,20.949,0.051,0.021,0.0226841,21.6658
680,774,0.28,20.95,0.052,0.007,0,0
681,775,0.28,20.947,0.051,0.01,0.0033235,3.1743
682,776,0.28,20.948,0.051,-0.02,0.0025474,2.4331
683,777,0.28,20.948,0.051,-0.006,0.0224078,21.4019
684,778,0.29,20.948,0.051,-0.019,0.0041309,3.9455
685,779,0.29,20.949,0.051,-0.009,0.0242767,23.1869
686,780,0.29,20.948,0.051,-0.014,0,0
687,781,0.29,20.947,0.052,0.005,0,0
688,782,0.28,20.948,0.052,0.005,0,0
689,783,0.28,20.95,0.052,-0.002,0.0136175,13.0062
690,784,0.28,20.948,0.052,-0.004,0.0203933,19.4779
691,785,0.28,20.946,0.052,0.01,0.026941,25.7316
692,786,0.28,20.948,0.051,0,0.0172348,16.4611
693,787,0.28,20.949,0.051,-0.003,0.0207286,19.7981
694,788,0.28,20.95,0.051,-0.012,0.0052064,4.9727
695,789,0.28,20.948,0.051,0.005,0.0033362,3.1864
696,790,0.28,20.948,0.051,-0.014,0,0
697,791,0.28,20.948,0.051,0.013,0,0
698,792,0.28,20.949,0.051,0.012,0,0
699,793,0.28,20.948,0.051,0.009,0,0
700,794,0.28,20.948,0.051,0.001,0.0080375,7.6767
701,795,0.28,20.947,0.051,-0.01,0.0076821,7.3373
702,796,0.28,20.948,0.051,-0.021,0.0075281,7.1901
703,797,0.28,20.949,0.051,-0.012,0.0095733,9.1435
704,798,0.28,20.949,0.051,-0.015,0,0
705,799,0.28,20.949,0.05,0.004,0,0
706,800,0.28,20.948,0.051,0.002,0,0
707,801,0.29,20.949,0.052,0.011,0.002724,2.6017
708,802,0.29,20.95,0.052,0.009,0,0
709,803,0.29,20.95,0.052,0.004,0.0086613,8.2725
710,804,0.29,20.95,0.051,0.002,0.0157565,15.0492
711,805,0.29,20.95,0.051,0.006,0.024428,23.3314
712,806,0.29,20.947,0.052,-0.003,0.0241468,23.0629
713,807,0.29,20.949,0.051,-0.004,0.0307828,29.4009
714,808,0.29,20.949,0.051,0,0.0137625,13.1447
715,809,0.29,20.948,0.052,0.014,0.0115668,11.0476
716,810,0.29,20.948,0.052,0.001,0,0
717,811,0.29,20.95,0.052,0.008,0.0032739,3.1269
718,812,0.29,20.948,0.052,0.01,0.0117812,11.2524
719,813,0.29,20.947,0.051,0.015,0.0162928,15.5614
720,814,0.29,20.947,0.051,-0.004,0,0
721,815,0.29,20.949,0.051,-0.006,0.012917,12.3372
722,816,0.29,20.948,0.051,-0.009,0.0141207,13.4868
723,817,0.3,20.947,0.051,-0.018,0.0224799,21.4708
724,818,0.3,20.949,0.052,-0.025,0,0
725,819,0.3,20.949,0.051,-0.005,0,0
726,820,0.3,20.948,0.051,0.003,0,0
727,821,0.3,20.947,0.051,0.009,0,0
728,822,0.3,20.949,0.052,0.001,0.0108615,10.374
729,823,0.3,20.949,0.051,-0.003,0.0097588,9.3207
730,824,0.3,20.948,0.051,-0.016,0.0076655,7.3214
731,825,0.3,20.95,0.052,0.006,0.0170785,16.3118
732,826,0.3,20.949,0.051,-0.009,0.020582,19.658
733,827,0.3,20.949,0.052,-0.009,0.0247098,23.6006
734,828,0.3,20.949,0.052,-0.013,0.0171309,16.3619
735,829,0.3,20.948,0.052,0.014,0.0096332,9.2007
736,830,0.3,20.949,0.052,0.011,0.0046172,4.4099
737,831,0.3,20.949,0.052,0.008,0,0
738,832,0.3,20.95,0.052,0.012,0,0
739,833,0.3,20.948,0.051,-0.007,0,0
740,834,0.3,20.949,0.051,-0.005,0,0
741,835,0.3,20.949,0.051,-0.003,0.0066161,6.3191
742,836,0.3,20.949,0.052,-0.012,0.0140968,13.464
743,837,0.3,20.949,0.052,-0.016,0.0192059,18.3438
744,838,0.3,20.949,0.052,-0.015,0,0
745,839,0.3,20.948,0.052,-0.008,0.0085417,8.1582
746,840,0.3,20.948,0.052,-0.001,0.0027773,2.6526
747,841,0.3,20.948,0.052,0.013,0,0
748,842,0.3,20.946,0.052,0.023,0.0062609,5.9798
749,843,0.3,20.949,0.052,0.022,0,0
750,844,0.31,20.949,0.051,0.01,7.78e-05,0.0743
751,845,0.31,20.949,0.051,0.015,0.0210564,20.1112
752,846,0.31,20.95,0.052,-0.002,0.0172101,16.4375
753,847,0.31,20.949,0.052,-0.005,0.0184743,17.6449
754,848,0.31,20.948,0.051,-0.015,0.0203422,19.429
755,849,0.32,20.949,0.051,0.003,0.0151001,14.4223
756,850,0.31,20.95,0.051,-0.004,0.003035,2.8987
757,851,0.31,20.949,0.052,0.011,0.0072263,6.9019
758,852,0.31,20.947,0.052,0.008,0,0
759,853,0.31,20.948,0.052,0.002,0,0
760,854,0.31,20.948,0.051,0.004,0,0
761,855,0.31,20.95,0.052,0.004,0,0
762,856,0.31,20.949,0.051,-0.012,0.0202288,19.3207
763,857,0.31,20.948,0.051,-0.012,0.0179191,17.1147
764,858,0.31,20.949,0.052,-0.013,0.009457,9.0325
765,859,0.31,20.949,0.051,-0.011,0.0078068,7.4563
766,860,0.31,20.948,0.05,-0.005,0.0055041,5.257
767,861,0.31,20.948,0.05,0.007,0,0
768,862,0.31,20.948,0.051,0.003,0,0
769,863,0.31,20.948,0.051,0.015,0,0
770,864,0.31,20.948,0.052,0.027,0.0150008,14.3274
771,865,0.31,20.947,0.052,0.012,0.0109128,10.4229
772,866,0.32,20.949,0.052,0.006,0.0225957,21.5813
773,867,0.32,20.949,0.051,-0.011,0.0141348,13.5002
774,868,0.32,20.948,0.052,-0.008,0.0239271,22.853
775,869,0.32,20.948,0.051,-0.001,0.0242937,23.2032
776,870,0.32,20.948,0.051,-0.008,0.015365,14.6752
777,871,0.32,20.95,0.051,-0.001,0,0
778,872,0.32,20.949,0.051,0.006,0.0011409,1.0897
779,873,0.32,20.949,0.051,0.009,0,0
780,874,0.32,20.949,0.052,0.007,0.0156769,14.9732
781,875,0.32,20.949,0.052,-0.011,0.0080064,7.647
782,876,0.32,20.949,0.051,-0.007,0.0170937,16.3264
783,877,0.32,20.949,0.052,-0.017,0.0207688,19.8365
784,878,0.32,20.949,0.052,-0.01,0.0014641,1.3984
785,879,0.32,20.949,0.052,-0.019,0.0170769,16.3103
786,880,0.32,20.949,0.052,-0.005,0.0086736,8.2842
787,881,0.32,20.946,0.052,-0.002,0.0149581,14.2866
788,882,0.32,20.947,0.051,0.013,0.003029,2.8931
789,883,0.32,20.948,0.052,0.003,0.0090597,8.653
790,884,0.32,20.949,0.052,0.012,0.0089845,8.5812
791,885,0.32,20.948,0.052,-0.002,0.0187078,17.868
792,886,0.32,20.947,0.051,0.005,0.024689,23.5807
793,887,0.32,20.947,0.052,-0.012,0.0218514,20.8705
794,888,0.32,20.949,0.051,-0.016,0.0236123,22.5523
795,889,0.32,20.949,0.052,-0.002,0.0090544,8.6479
796,890,0.32,20.95,0.052,-0.008,0.0060991,5.8253
797,891,0.32,20.948,0.052,-0.005,0,0
798,892,0.32,20.949,0.052,-0.006,0.0075517,7.2127
799,893,0.32,20.948,0.051,0.005,0,0
800,894,0.32,20.948,0.051,0.005,0.0074352,7.1015
801,895,0.32,20.947,0.051,-0.009,0.015689,14.9847
802,896,0.33,20.95,0.05,-0.013,0.0140837,13.4515
803,897,0.33,20.949,0.051,-0.018,0.0133277,12.7294
804,898,0.33,20.949,0.051,-0.021,0.0224161,21.4098
805,899,0.33,20.95,0.051,-0.018,0.0196896,18.8057
806,900,0.33,20.949,0.051,-0.009,0.0075902,7.2495
807,901,0.33,20.95,0.051,-0.011,0,0
808,902,0.33,20.951,0.052,0.01,0,0
809,903,0.34,20.949,0.051,-0.004,0,0
810,904,0.34,20.949,0.051,0.01,0.0260001,24.8329
811,905,0.33,20.948,0.051,0.002,0.0138184,13.1981
812,906,0.33,20.948,0.051,-0.001,0.0330741,31.5894
813,907,0.33,20.947,0.051,-0.009,0.0291731,27.8635
814,908,0.33,20.949,0.051,0.001,0.0407529,38.9235
815,909,0.33,20.947,0.052,-0.007,0.0162484,15.5191
816,910,0.33,20.947,0.052,-0.006,0.0095558,9.1268
817,911,0.33,20.947,0.052,-0.004,0.0022389,2.1384
818,912,0.33,20.949,0.051,0.013,0.0062079,5.9293
819,913,0.33,20.949,0.051,0.008,0,0
820,914,0.33,20.949,0.051,0.017,0.0163576,15.6233
821,915,0.33,20.947,0.05,-0.011,0,0
822,916,0.34,20.947,0.051,-0.003,0.0233762,22.3268
823,917,0.34,20.948,0.051,-0.017,0.005672,5.4174
824,918,0.34,20.947,0.051,-0.018,0.0119193,11.3842
825,919,0.34,20.948,0.052,-0.029,0.0115585,11.0396
826,920,0.34,20.948,0.052,-0.012,0.0088379,8.4412
827,921,0.34,20.949,0.052,-0.001,0.0008836,0.8439
828,922,0.34,20.948,0.051,0.001,0.0155812,14.8818
829,923,0.34,20.949,0.051,0.003,0.0123644,11.8093
830,924,0.34,20.948,0.051,0.015,0.0011511,1.0994
831,925,0.34,20.949,0.052,-0.006,0.0045869,4.381
832,926,0.34,20.948,0.052,0.006,0.0226836,21.6653
833,927,0.34,20.949,0.052,-0.009,0.0138946,13.2709
834,928,0.34,20.947,0.052,0.012,0.0190887,18.2318
835,929,0.34,20.946,0.052,-0.003,0,0
836,930,0.34,20.948,0.052,-0.003,0.0003622,0.3459
837,931,0.34,20.948,0.052,-0.005,0.0073169,6.9885
838,932,0.34,20.949,0.051,0.007,0.0080476,7.6863
839,933,0.34,20.948,0.051,-0.001,0,0
840,934,0.34,20.947,0.051,-0.003,0,0
841,935,0.34,20.948,0.051,0.003,0,0
842,936,0.35,20.949,0.052,-0.005,0.0025511,2.4366
843,937,0.36,20.95,0.051,-0.013,0.0128022,12.2275
844,938,0.36,20.948,0.051,-0.004,0.022144,21.1499
845,939,0.35,20.948,0.051,-0.009,0.0117932,11.2638
846,940,0.35,20.948,0.051,0.005,0.0200242,19.1253
847,941,0.35,20.949,0.052,-0.001,0.0147953,14.1311
848,942,0.35,20.95,0.052,0.001,0.00114,1.0889
849,943,0.35,20.948,0.051,0.005,0,0
850,944,0.35,20.947,0.051,0.02,0.0054471,5.2025
851,945,0.35,20.947,0.051,0.013,0.0117078,11.1823
852,946,0.35,20.949,0.052,0.008,0.0388801,37.1348
853,947,0.35,20.949,0.052,-0.004,0.0220226,21.034
854,948,0.35,20.95,0.052,-0.009,0.0244649,23.3666
855,949,0.35,20.949,0.052,-0.018,0.0087715,8.3777
856,950,0.35,20.949,0.051,-0.003,0.0158772,15.1645
857,951,0.35,20.948,0.051,0,0.006297,6.0143
858,952,0.35,20.946,0.051,-0.005,0.0128747,12.2968
859,953,0.35,20.948,0.051,0.003,0.0016684,1.5935
860,954,0.35,20.949,0.051,0.013,0.0125522,11.9888
861,955,0.35,20.948,0.051,-0.001,0,0
862,956,0.35,20.949,0.051,-0.002,0,0
863,957,0.35,20.948,0.051,-0.027,0.0109583,10.4664
864,958,0.35,20.948,0.052,-0.016,0.0309535,29.564
865,959,0.35,20.949,0.052,-0.02,0.0287992,27.5064
866,960,0.35,20.949,0.051,-0.005,0.0079602,7.6028
867,961,0.35,20.949,0.052,-0.006,0.0111594,10.6584
868,962,0.36,20.948,0.051,0.002,0,0
869,963,0.36,20.948,0.052,-0.003,0.0038045,3.6337
870,964,0.36,20.948,0.052,0.011,0,0
871,965,0.36,20.947,0.052,-0.004,0.0283958,27.1211
872,966,0.36,20.948,0.052,0.015,0.0104994,10.0281
873,967,0.36,20.949,0.052,-0.001,0.0220758,21.0848
874,968,0.36,20.95,0.051,-0.007,0.0179309,17.126
875,969,0.36,20.949,0.051,-0.025,0.0148846,14.2165
876,970,0.36,20.949,0.051,-0.023,0.0269516,25.7418
877,971,0.36,20.949,0.051,-0.008,0.0244721,23.3735
878,972,0.36,20.95,0.052,0.003,0,0
879,973,0.36,20.947,0.052,0.016,0,0
880,974,0.36,20.947,0.052,0.009,0,0
881,975,0.36,20.947,0.052,0.011,0.0131149,12.5261
882,976,0.36,20.949,0.052,-0.014,0.0196471,18.7652
883,977,0.36,20.947,0.051,-0.002,0.0349752,33.4052
884,978,0.37,20.948,0.051,-0.007,0.0274318,26.2004
885,979,0.37,20.947,0.052,-0.008,0.0143227,13.6798
886,980,0.37,20.948,0.051,-0.006,0.0014537,1.3885
887,981,0.37,20.948,0.052,-0.016,0.0192018,18.3398
888,982,0.36,20.948,0.052,-0.015,0.0115909,11.0706
889,983,0.36,20.948,0.051,-0.001,0,0
890,984,0.36,20.95,0.051,0.004,0,0
891,985,0.36,20.95,0.052,0,0,0
892,986,0.36,20.95,0.051,-0.014,0,0
893,987,0.37,20.95,0.05,-0.014,0.0217649,20.7879
894,988,0.37,20.949,0.052,-0.022,0.0113651,10.8549
895,989,0.37,20.948,0.051,-0.013,0.0167382,15.9868
896,990,0.37,20.947,0.052,-0.014,0.0105466,10.0731
897,991,0.37,20.95,0.052,-0.003,0.009543,9.1146
898,992,0.37,20.95,0.051,-0.01,0.0060296,5.759
899,993,0.37,20.948,0.051,-0.002,0,0
900,994,0.37,20.948,0.052,0.016,0.0037895,3.6193
901,995,0.37,20.948,0.052,0.018,0.0074137,7.0809
902,996,0.37,20.947,0.052,0.023,0.0255171,24.3717
903,997,0.37,20.949,0.051,0.011,0.0267751,25.5731
904,998,0.37,20.948,0.052,-0.007,0.0293756,28.0569
905,999,0.37,20.947,0.052,-0.003,0.0085818,8.1966
906,1000,0.37,20.948,0.052,-0.008,0.0084276,8.0492
907,1001,0.37,20.948,0.051,-0.002,0.0276357,26.3952
908,1002,0.37,20.948,0.051,0,0.0032507,3.1047
909,1003,0.37,20.948,0.051,0.008,0.0052434,5.0081
910,1004,0.37,20.947,0.051,0.009,0,0
911,1005,0.37,20.949,0.051,0.01,0.0019598,1.8718
912,1006,0.37,20.947,0.051,0.002,0,0
913,1007,0.38,20.948,0.051,-0.015,0.0137758,13.1574
914,1008,0.38,20.948,0.051,-0.021,0.0142694,13.6288
915,1009,0.38,20.949,0.052,-0.023,0.019704,18.8195
916,1010,0.38,20.949,0.052,-0.005,0,0
917,1011,0.38,20.949,0.052,0,0.0086687,8.2795
918,1012,0.38,20.948,0.052,-0.013,0.0074156,7.0827
919,1013,0.38,20.947,0.052,0,0.0062468,5.9664
920,1014,0.39,20.949,0.052,0.003,0,0
921,1015,0.39,20.948,0.051,0.013,0.0192712,18.4061
922,1016,0.39,20.947,0.051,0.007,0.0251719,24.042
923,1017,0.38,20.948,0.051,0.014,0.0316982,30.2753
924,1018,0.38,20.948,0.052,-0.009,0.0107361,10.2541
925,1019,0.38,20.949,0.051,-0.01,0.0177007,16.9061
926,1020,0.38,20.949,0.051,-0.019,0.0152993,14.6126
927,1021,0.38,20.95,0.051,0.006,0.011044,10.5482
928,1022,0.38,20.949,0.051,-0.004,0.018166,17.3505
929,1023,0.38,20.949,0.051,0.002,0,0
930,1024,0.38,20.948,0.051,0.003,0.0048369,4.6198
931,1025,0.38,20.948,0.051,0.014,0.011388,10.8767
932,1026,0.38,20.949,0.051,-0.019,0.0190993,18.2419
933,1027,0.38,20.95,0.052,-0.01,0.0207355,19.8047
934,1028,0.38,20.947,0.051,-0.022,0.0322279,30.7812
935,1029,0.38,20.948,0.051,-0.006,0.0320533,30.6145
936,1030,0.38,20.949,0.052,-0.017,0.0107836,10.2995
937,1031,0.38,20.95,0.051,-0.011,0.0118527,11.3207
938,1032,0.39,20.949,0.051,-0.006,0.0027733,2.6488
939,1033,0.4,20.949,0.052,-0.008,0.0011547,1.1029
940,1034,0.39,20.948,0.051,0.015,0.0085782,8.1931
941,1035,0.39,20.947,0.052,0.009,0.0194946,18.6195
942,1036,0.39,20.947,0.052,0.002,0.0152526,14.5679
943,1037,0.39,20.947,0.052,-0.005,0.015136,14.4565
944,1038,0.39,20.947,0.051,-0.002,0.0157631,15.0555
945,1039,0.39,20.946,0.051,-0.007,0.0190159,18.1623
946,1040,0.39,20.945,0.051,-0.021,0.0233223,22.2753
947,1041,0.39,20.948,0.05,-0.006,0.0148557,14.1888
948,1042,0.39,20.949,0.051,-0.001,0.0234673,22.4139
949,1043,0.39,20.948,0.051,0.011,0.0228592,21.833
950,1044,0.39,20.947,0.052,0.003,0.0136799,13.0658
951,1045,0.39,20.949,0.051,0,0,0
952,1046,0.39,20.948,0.051,-0.019,0.0019258,1.8393
953,1047,0.39,20.95,0.051,-0.015,0,0
954,1048,0.39,20.95,0.052,-0.01,0.0151726,14.4915
955,1049,0.39,20.949,0.052,-0.007,0.0158533,15.1416
956,1050,0.39,20.948,0.052,-0.005,0.0192684,18.4034
957,1051,0.39,20.947,0.052,-0.014,0.0003628,0.3465
958,1052,0.39,20.948,0.052,-0.001,0.0022322,2.132
959,1053,0.39,20.947,0.051,-0.009,0.007334,7.0048
960,1054,0.39,20.947,0.051,-0.003,0,0
961,1055,0.39,20.946,0.05,-0.004,0,0
962,1056,0.39,20.948,0.051,0.017,0,0
963,1057,0.39,20.947,0.051,0.007,0,0
964,1058,0.4,20.948,0.051,0.001,0.0268157,25.6119
965,1059,0.4,20.95,0.052,-0.01,0.0271944,25.9737
966,1060,0.4,20.949,0.052,-0.012,0.0097774,9.3385
967,1061,0.4,20.949,0.052,-0.01,0.0014191,1.3553
968,1062,0.4,20.948,0.052,-0.002,0,0
969,1063,0.4,20.95,0.052,0.001,0,0
970,1064,0.4,20.949,0.051,0.001,0,0
971,1065,0.4,20.948,0.05,0.012,0,0
972,1066,0.4,20.949,0.052,0.011,0.0083506,7.9757
973,1067,0.4,20.949,0.052,0.013,0.0329089,31.4316
974,1068,0.4,20.949,0.051,0.006,0.0285301,27.2494
975,1069,0.4,20.949,0.051,-0.016,0.009714,9.278
976,1070,0.4,20.948,0.051,-0.017,0.008659,8.2703
977,1071,0.4,20.948,0.051,-0.005,0.0258754,24.7139
978,1072,0.4,20.949,0.052,-0.002,0,0
979,1073,0.4,20.95,0.052,0.004,0,0
980,1074,0.4,20.95,0.051,0.012,0,0
981,1075,0.4,20.949,0.052,0.011,0.0008755,0.8362
982,1076,0.4,20.949,0.052,0.012,0.0043098,4.1164
983,1077,0.4,20.949,0.052,0,0,0
984,1078,0.4,20.948,0.051,-0.023,0.0087487,8.356
985,1079,0.4,20.948,0.051,-0.013,0.0025489,2.4345
986,1080,0.4,20.947,0.052,-0.005,0.0254267,24.2853
987,1081,0.4,20.949,0.052,-0.005,0.0250535,23.9289
988,1082,0.41,20.949,0.051,-0.016,0.0190898,18.2328
989,1083,0.41,20.948,0.051,0.008,0.0008732,0.834
990,1084,0.41,20.949,0.051,0.005,0,0
991,1085,0.41,20.949,0.052,0.016,0,0
992,1086,0.41,20.949,0.052,0.007,8.55e-05,0.0816
993,1087,0.41,20.948,0.053,-0.001,0,0
994,1088,0.41,20.949,0.052,0.004,0.0095783,9.1483
995,1089,0.41,20.949,0.052,-0.005,0.0068648,6.5566
996,1090,0.41,20.949,0.051,-0.004,0.0073742,7.0432
997,1091,0.41,20.95,0.052,-0.01,0.0245071,23.407
998,1092,0.41,20.947,0.052,-0.016,0.0160017,15.2834
999,1093,0.41,20.948,0.051,-0.01,0.0022289,2.1288
1000,1094,0.41,20.948,0.052,0.008,0,0
1001,1095,0.41,20.948,0.052,0.018,0,0
1002,1096,0.41,20.947,0.052,0.02,0,0
1003,1097,0.41,20.95,0.052,0.003,0.0055404,5.2917
1004,1098,0.41,20.949,0.052,0.011,0.0090748,8.6674
1005,1099,0.41,20.949,0.051,-0.006,0.0135199,12.9129
1006,1100,0.41,20.949,0.052,-0.007,0.023841,22.7708
1007,1101,0.41,20.95,0.052,0.001,0.0325721,31.1099
1008,1102,0.41,20.948,0.051,-0.015,0.0269383,25.729
1009,1103,0.41,20.948,0.052,-0.006,0.012645,12.0774
1010,1104,0.41,20.948,0.052,0.001,0,0
1011,1105,0.41,20.949,0.051,0.015,0,0
1012,1106,0.41,20.948,0.051,0.024,0,0
1013,1107,0.41,20.949,0.052,0.021,0.002228,2.128
1014,1108,0.41,20.949,0.052,-0.002,0.0212207,20.2681
1015,1109,0.41,20.949,0.051,-0.015,0.0248801,23.7633
1016,1110,0.41,20.951,0.051,-0.004,0.0277766,26.5297
1017,1111,0.41,20.948,0.051,-0.018,0.013384,12.7832
1018,1112,0.41,20.949,0.051,-0.026,0.0095318,9.104
1019,1113,0.41,20.949,0.052,-0.011,0.0027097,2.5881
1020,1114,0.41,20.947,0.052,-0.004,0.0102481,9.788
1021,1115,0.41,20.948,0.051,0.021,0,0
1022,1116,0.41,20.949,0.051,0.022,0,0
1023,1117,0.41,20.948,0.051,0.013,0.0011424,1.0911
1024,1118,0.41,20.948,0.051,0.002,0.0086588,8.2701
1025,1119,0.42,20.949,0.051,-0.011,0.0187622,17.92
1026,1120,0.42,20.948,0.052,-0.014,0.0369107,35.2537
1027,1121,0.42,20.948,0.052,-0.018,0.0306851,29.3076
1028,1122,0.42,20.948,0.051,-0.014,0.0289619,27.6618
1029,1123,0.42,20.95,0.051,0,0.0082466,7.8764
1030,1124,0.42,20.948,0.051,0.011,0,0
1031,1125,0.42,20.947,0.051,0.004,0.0073937,7.0618
1032,1126,0.42,20.947,0.051,0.012,0.0083018,7.9291
1033,1127,0.42,20.949,0.051,0.006,0,0
1034,1128,0.42,20.949,0.052,0.003,0.0075791,7.2389
1035,1129,0.42,20.949,0.051,-0.005,0.0273713,26.1426
1036,1130,0.42,20.949,0.051,-0.018,0.0249853,23.8637
1037,1131,0.42,20.95,0.051,-0.025,0.0117244,11.1981
1038,1132,0.42,20.948,0.051,-0.02,0.0142939,13.6523
1039,1133,0.42,20.948,0.052,-0.018,0.0065189,6.2262
1040,1134,0.42,20.948,0.052,0,0,0
1041,1135,0.42,20.948,0.051,0.005,0,0
1042,1136,0.42,20.949,0.05,0.002,0,0
1043,1137,0.42,20.948,0.051,0.002,0.0063637,6.0781
1044,1138,0.42,20.948,0.051,0.013,0,0
1045,1139,0.42,20.95,0.051,-0.003,0.0128955,12.3166
1046,1140,0.42,20.949,0.051,-0.017,0.0206323,19.7061
1047,1141,0.42,20.948,0.051,-0.019,0.016639,15.8921
1048,1142,0.42,20.949,0.051,-0.007,0,0
1049,1143,0.43,20.949,0.051,-0.009,0.0130819,12.4946
1050,1144,0.43,20.949,0.051,-0.002,0,0
1051,1145,0.43,20.949,0.051,0.003,0,0
1052,1146,0.43,20.95,0.051,0.01,0.0092754,8.859
1053,1147,0.43,20.948,0.051,0.015,0,0
1054,1148,0.43,20.949,0.051,0.003,0,0
1055,1149,0.43,20.948,0.051,0.006,0.0076622,7.3182
1056,1150,0.43,20.949,0.051,-0.008,0.0341756,32.6415
1057,1151,0.43,20.949,0.051,-0.02,0.0249484,23.8284
1058,1152,0.43,20.95,0.051,-0.016,0.0279508,26.6961
1059,1153,0.43,20.95,0.052,0.006,0,0
1060,1154,0.43,20.949,0.051,-0.014,0,0
1061,1155,0.43,20.95,0.051,0.005,0,0
1062,1156,0.44,20.949,0.051,0.01,0,0
1063,1157,0.44,20.949,0.052,0.005,0.0173376,16.5593
1064,1158,0.44,20.947,0.052,0.015,0.0120868,11.5442
1065,1159,0.44,20.948,0.052,0.007,0.0090849,8.677
1066,1160,0.44,20.949,0.052,-0.004,7.57e-05,0.0723
1067,1161,0.44,20.949,0.052,-0.028,0.0291908,27.8804
1068,1162,0.44,20.949,0.052,-0.015,0.0140579,13.4268
1069,1163,0.44,20.948,0.052,-0.018,0.0055116,5.2642
1070,1164,0.44,20.948,0.052,0.01,0.013653,13.0401
1071,1165,0.44,20.949,0.051,0.01,0,0
1072,1166,0.44,20.948,0.051,0.006,0,0
1073,1167,0.44,20.949,0.05,0.005,0.0113133,10.8055
1074,1168,0.44,20.949,0.051,-0.011,0.0171261,16.3573
1075,1169,0.44,20.949,0.051,-0.007,0.0121424,11.5973
1076,1170,0.44,20.949,0.051,-0.009,0.0242023,23.1159
1077,1171,0.44,20.95,0.052,0.004,0.0264831,25.2943
1078,1172,0.44,20.949,0.052,-0.024,0.0116947,11.1697
1079,1173,0.44,20.949,0.052,-0.01,0,0
1080,1174,0.44,20.949,0.052,-0.002,0,0
1081,1175,0.44,20.949,0.051,-0.005,0.0054448,5.2004
1082,1176,0.44,20.948,0.052,0.025,0,0
1083,1177,0.44,20.949,0.051,0.008,0.0024768,2.3656
1084,1178,0.44,20.948,0.051,0.003,0.0139577,13.3311
1085,1179,0.44,20.947,0.051,-0.007,0.0152539,14.5691
1086,1180,0.44,20.948,0.051,-0.007,0.015235,14.5511
1087,1181,0.44,20.949,0.051,-0.018,0.0224996,21.4896
1088,1182,0.44,20.949,0.05,-0.011,0.00952,9.0926
1089,1183,0.44,20.947,0.051,-0.001,0,0
1090,1184,0.44,20.948,0.052,0.008,0,0
1091,1185,0.44,20.95,0.051,0.01,0,0
1092,1186,0.44,20.95,0.051,-0.001,0,0
1093,1187,0.45,20.949,0.052,0.017,0,0
1094,1188,0.45,20.948,0.051,-0.004,0.0050723,4.8446
1095,1189,0.45,20.95,0.05,-0.009,0.0116396,11.1171
1096,1190,0.45,20.949,0.051,-0.009,0.0141769,13.5405
1097,1191,0.45,20.949,0.051,-0.01,0.0164305,15.6929
1098,1192,0.45,20.949,0.051,-0.012,0.0105247,10.0523
1099,1193,0.45,20.948,0.051,-0.005,0.0096082,9.1769
1100,1194,0.45,20.949,0.05,0.008,0.0019353,1.8485
1101,1195,0.45,20.949,0.052,0.008,0,0
1102,1196,0.45,20.949,0.051,0.012,0.0068886,6.5793
1103,1197,0.44,20.948,0.052,0.015,0.010475,10.0048
1104,1198,0.44,20.949,0.052,0.014,0.0200483,19.1484
1105,1199,0.44,20.947,0.052,0.003,0.0106938,10.2138
1106,1200,0.44,20.948,0.051,-0.003,0.0170994,16.3318
1107,1201,0.44,20.948,0.052,-0.009,0.0126959,12.1259
1108,1202,0.44,20.949,0.051,-0.012,0.0167715,16.0186
1109,1203,0.44,20.949,0.051,-0.001,0.0190698,18.2137
1110,1204,0.45,20.948,0.052,0,0.0096571,9.2236
1111,1205,0.45,20.948,0.052,0.006,0.0065857,6.2901
1112,1206,0.46,20.948,0.051,0.011,0,0
1113,1207,0.46,20.949,0.051,0.007,0.0063245,6.0406
1114,1208,0.46,20.947,0.052,0.004,0.0124639,11.9044
1115,1209,0.46,20.947,0.052,-0.006,0.0208233,19.8885
1116,1210,0.45,20.947,0.051,-0.002,0.0128592,12.2819
1117,1211,0.45,20.948,0.051,-0.012,0.0120839,11.5415
1118,1212,0.45,20.949,0.051,-0.003,0.0375201,35.8358
1119,1213,0.45,20.948,0.05,-0.002,0.0295053,28.1808
1120,1214,0.45,20.947,0.052,-0.008,0.0076416,7.2986
1121,1215,0.45,20.948,0.051,-0.006,0.0104029,9.9359
1122,1216,0.45,20.949,0.051,-0.002,0,0
1123,1217,0.45,20.949,0.052,0.01,0,0
1124,1218,0.45,20.948,0.052,0.002,0,0
1125,1219,0.45,20.948,0.052,0.001,0.0283278,27.0562
1126,1220,0.45,20.947,0.052,-0.016,0.0254535,24.3109
1127,1221,0.45,20.949,0.052,-0.009,0.0362843,34.6555
1128,1222,0.45,20.949,0.052,-0.008,0.0316123,30.1932
1129,1223,0.45,20.949,0.051,-0.027,0.0258461,24.6859
1130,1224,0.45,20.948,0.052,-0.023,0.0138903,13.2668
1131,1225,0.45,20.949,0.052,-0.004,0.0086752,8.2857
1132,1226,0.46,20.949,0.051,-0.002,0,0
1133,1227,0.46,20.948,0.052,0.013,0,0
1134,1228,0.46,20.95,0.052,0.012,0,0
1135,1229,0.46,20.948,0.052,0.008,0.0064846,6.1935
1136,1230,0.46,20.95,0.052,-0.019,0.0043257,4.1315
1137,1231,0.46,20.948,0.051,-0.011,0.0267558,25.5547
1138,1232,0.46,20.947,0.052,-0.025,0.0218493,20.8685
1139,1233,0.46,20.948,0.051,-0.022,0.0138426,13.2212
1140,1234,0.46,20.948,0.051,-0.01,0.0050734,4.8457
1141,1235,0.46,20.947,0.051,-0.004,0.0072107,6.887
1142,1236,0.46,20.948,0.052,-0.004,0,0
1143,1237,0.46,20.949,0.052,0.018,0.0094888,9.0629
1144,1238,0.47,20.949,0.052,0.008,0.0118389,11.3074
1145,1239,0.47,20.948,0.051,0.007,0.0116447,11.122
1146,1240,0.47,20.949,0.05,-0.002,0.0097466,9.3091
1147,1241,0.47,20.949,0.051,0.001,0.0184521,17.6238
1148,1242,0.47,20.949,0.051,-0.016,0.0121364,11.5916
1149,1243,0.47,20.948,0.051,-0.016,0.0357358,34.1316
1150,1244,0.47,20.949,0.051,-0.004,0.0108139,10.3284
1151,1245,0.48,20.948,0.051,0.004,0.0011293,1.0786
1152,1246,0.48,20.948,0.051,0.002,0,0
1153,1247,0.48,20.948,0.051,0.006,0,0
1154,1248,0.47,20.949,0.051,0,0.003338,3.1881
1155,1249,0.48,20.948,0.051,-0.002,0.0173465,16.5678
1156,1250,0.48,20.948,0.052,-0.002,0.0114555,10.9413
1157,1251,0.48,20.948,0.051,-0.006,0.0235152,22.4596
1158,1252,0.47,20.949,0.052,-0.013,0.0195156,18.6395
1159,1253,0.47,20.949,0.052,-0.013,0.0319788,30.5433
1160,1254,0.48,20.95,0.051,-0.025,0.0166953,15.9459
1161,1255,0.48,20.948,0.051,-0.006,0.0052937,5.056
1162,1256,0.49,20.949,0.051,0.003,0,0
1163,1257,0.47,20.949,0.051,0.024,0.0061585,5.8821
1164,1258,0.47,20.949,0.051,0.015,0.0030894,2.9507
1165,1259,0.47,20.948,0.051,0.001,0.0040828,3.8995
1166,1260,0.47,20.949,0.052,-0.012,0.0137243,13.1082
1167,1261,0.47,20.949,0.052,-0.003,0.0167142,15.9639
1168,1262,0.47,20.948,0.052,-0.014,0.019643,18.7612
1169,1263,0.47,20.948,0.051,-0.015,0.0090518,8.6455
1170,1264,0.48,20.949,0.051,-0.026,0.0140193,13.3899
1171,1265,0.48,20.949,0.051,-0.011,0.0054633,5.2181
1172,1266,0.48,20.949,0.052,0.004,0,0
1173,1267,0.48,20.948,0.052,0.017,0.0029833,2.8494
1174,1268,0.48,20.947,0.052,0.002,0.0118908,11.357
1175,1269,0.49,20.948,0.052,0.005,0.0189658,18.1144
1176,1270,0.49,20.948,0.052,0.004,0.0076964,7.3509
1177,1271,0.48,20.948,0.052,-0.005,0.0280015,26.7445
1178,1272,0.48,20.948,0.051,-0.008,0.0312243,29.8226
1179,1273,0.48,20.948,0.052,-0.014,0.0315011,30.087
1180,1274,0.48,20.949,0.051,-0.01,0.001662,1.5874
1181,1275,0.48,20.95,0.051,-0.009,0,0
1182,1276,0.48,20.949,0.052,-0.001,0,0
1183,1277,0.48,20.949,0.051,0.004,0.0052434,5.0081
1184,1278,0.48,20.95,0.051,0.006,0.0101419,9.6866
1185,1279,0.48,20.948,0.052,-0.002,0.0236757,22.6129
1186,1280,0.48,20.948,0.052,-0.01,0.0140234,13.3939
1187,1281,0.48,20.948,0.052,-0.004,0.0190655,18.2097
1188,1282,0.48,20.949,0.051,-0.018,0.0348962,33.3297
1189,1283,0.49,20.948,0.051,-0.011,0.0125684,12.0042
1190,1284,0.49,20.946,0.051,-0.016,0.0110046,10.5106
1191,1285,0.49,20.947,0.051,0.012,0.0008857,0.8459
1192,1286,0.49,20.947,0.051,0.011,0.001655,1.5807
1193,1287,0.49,20.949,0.051,0.013,0,0
1194,1288,0.49,20.949,0.052,0.004,0.0008688,0.8298
1195,1289,0.49,20.948,0.052,-0.011,0.0228233,21.7987
1196,1290,0.49,20.95,0.051,-0.014,0.0154387,14.7457
1197,1291,0.49,20.948,0.052,-0.009,0.0221936,21.1973
1198,1292,0.49,20.949,0.051,-0.01,0.0276648,26.4229
1199,1293,0.49,20.948,0.051,-0.028,0.0117495,11.2221
1200,1294,0.49,20.949,0.051,-0.003,0.0076137,7.2719
1201,1295,0.5,20.948,0.051,-0.006,0,0
1202,1296,0.5,20.949,0.051,0.008,0,0
1203,1297,0.5,20.948,0.052,0.012,0.0051712,4.9391
1204,1298,0.5,20.947,0.051,0.009,0.0137492,13.132
1205,1299,0.5,20.949,0.052,0.008,0.0059824,5.7138
1206,1300,0.5,20.948,0.052,-0.009,0.015767,15.0592
1207,1301,0.5,20.947,0.052,0.003,0.0189135,18.0644
1208,1302,0.5,20.946,0.051,-0.008,0.0350746,33.5001
1209,1303,0.5,20.947,0.052,-0.012,0.021173,20.2225
1210,1304,0.5,20.947,0.052,-0.003,0.0171203,16.3518
1211,1305,0.5,20.948,0.052,-0.004,0.0068444,6.5372
1212,1306,0.5,20.949,0.052,0.008,0,0
1213,1307,0.5,20.949,0.051,0.014,0,0
1214,1308,0.5,20.948,0.051,0.004,0.0040567,3.8746
1215,1309,0.5,20.948,0.051,-0.004,0.0083262,7.9524
1216,1310,0.5,20.948,0.051,0.008,0.0138751,13.2522
1217,1311,0.5,20.947,0.052,-0.001,0.0441087,42.1287
1218,1312,0.5,20.947,0.052,-0.005,0.0292301,27.918
1219,1313,0.5,20.947,0.051,-0.025,0.0076703,7.326
1220,1314,0.5,20.948,0.052,-0.011,0,0
1221,1315,0.5,20.948,0.052,-0.008,8.48e-05,0.081
1222,1316,0.5,20.948,0.051,0.006,0.0028138,2.6875
1223,1317,0.5,20.947,0.051,0.009,0,0
1224,1318,0.5,20.948,0.052,0.009,0.0090888,8.6808
1225,1319,0.5,20.948,0.051,0.004,0.0084395,8.0607
1226,1320,0.5,20.948,0.052,0.001,0.0194124,18.541
1227,1321,0.5,20.948,0.051,-0.005,0.0247768,23.6646
1228,1322,0.5,20.948,0.052,-0.037,0.0025054,2.3929
1229,1323,0.5,20.949,0.051,-0.024,0.0229979,21.9656
1230,1324,0.5,20.949,0.052,-0.003,0.0005867,0.5604
1231,1325,0.5,20.949,0.052,0.004,0.0073457,7.016
1232,1326,0.5,20.949,0.052,0.003,0.0005874,0.561
1233,1327,0.5,20.949,0.052,0.01,0.0035454,3.3863
1234,1328,0.5,20.947,0.052,0.019,0.0122437,11.6941
1235,1329,0.5,20.949,0.052,0.004,0.0161546,15.4294
1236,1330,0.5,20.947,0.051,0,0,0
1237,1331,0.5,20.948,0.051,-0.014,0.0170118,16.2482
1238,1332,0.5,20.949,0.052,-0.014,0.0237089,22.6446
1239,1333,0.5,20.948,0.051,-0.004,0.0361746,34.5507
1240,1334,0.5,20.95,0.051,-0.008,0,0
1241,1335,0.5,20.947,0.051,0.013,0.0179921,17.1844
1242,1336,0.5,20.947,0.051,0.002,0,0
1243,1337,0.5,20.948,0.052,0.013,0,0
1244,1338,0.5,20.947,0.052,0.014,0,0
1245,1339,0.5,20.946,0.051,0.006,0.0144012,13.7548
1246,1340,0.51,20.946,0.052,-0.006,0.0084136,8.0359
1247,1341,0.51,20.948,0.052,0.006,0.0255537,24.4066
1248,1342,0.51,20.949,0.051,-0.008,0.0234948,22.4401
1249,1343,0.51,20.948,0.051,-0.013,0.0097665,9.328
1250,1344,0.51,20.948,0.051,-0.024,0.0008771,0.8377
1251,1345,0.51,20.948,0.051,0.001,0.0033424,3.1924
1252,1346,0.51,20.95,0.051,-0.008,0,0
1253,1347,0.51,20.948,0.051,0.028,0,0
1254,1348,0.51,20.949,0.051,0.011,0,0
1255,1349,0.51,20.95,0.051,0.014,0,0
1256,1350,0.51,20.948,0.051,0.005,8.48e-05,0.081
1257,1351,0.51,20.946,0.051,-0.004,0.0213437,20.3855
1258,1352,0.51,20.949,0.052,-0.015,0.0250599,23.9349
1259,1353,0.51,20.948,0.052,-0.014,0.0277012,26.4577
1260,1354,0.51,20.948,0.052,-0.006,0.0098186,9.3779
1261,1355,0.51,20.949,0.052,0.007,0.031557,30.1404
1262,1356,0.51,20.948,0.052,0,0.0080274,7.6671
1263,1357,0.52,20.949,0.052,0.006,0,0
1264,1358,0.52,20.949,0.052,0.014,0,0
1265,1359,0.52,20.949,0.051,0.03,0,0
1266,1360,0.52,20.947,0.052,0.013,0.0052072,4.9734
1267,1361,0.52,20.948,0.052,0.003,0.0280762,26.8158
1268,1362,0.52,20.949,0.051,-0.012,0.0073363,7.007
1269,1363,0.52,20.948,0.051,-0.01,0.0025239,2.4106
1270,1364,0.52,20.947,0.051,-0.012,0.006489,6.1977
1271,1365,0.52,20.947,0.051,-0.005,0.0011793,1.1264
1272,1366,0.52,20.949,0.052,-0.016,0,0
1273,1367,0.52,20.947,0.052,0.005,0,0
1274,1368,0.53,20.947,0.052,0.006,0,0
1275,1369,0.53,20.949,0.052,0.017,0.005066,4.8386
1276,1370,0.52,20.948,0.051,0.003,0.0051761,4.9437
1277,1371,0.52,20.95,0.051,0.004,0.0066418,6.3437
1278,1372,0.52,20.948,0.051,-0.017,0.0138229,13.2023
1279,1373,0.52,20.948,0.052,0.002,0.0211606,20.2107
1280,1374,0.52,20.948,0.052,-0.004,0.0272008,25.9797
1281,1375,0.52,20.95,0.052,-0.003,0.0223692,21.365
1282,1376,0.52,20.949,0.052,0.002,0.0073535,7.0234
1283,1377,0.52,20.949,0.051,0.016,0.0062972,6.0145
1284,1378,0.52,20.949,0.052,0.016,0.0092042,8.791
1285,1379,0.52,20.949,0.052,0.006,0,0
1286,1380,0.52,20.949,0.051,0.003,0.0011529,1.1011
1287,1381,0.52,20.948,0.051,0.004,0.0219325,20.948
1288,1382,0.52,20.948,0.052,-0.002,0.0313121,29.9065
1289,1383,0.52,20.949,0.052,-0.005,0.0083421,7.9676
1290,1384,0.52,20.948,0.051,-0.017,0.0193706,18.5011
1291,1385,0.52,20.949,0.051,-0.017,0.0041482,3.962
1292,1386,0.52,20.948,0.052,-0.012,0,0
1293,1387,0.52,20.948,0.051,0.001,0,0
1294,1388,0.52,20.948,0.051,0.003,0,0
1295,1389,0.52,20.948,0.052,0.005,0,0
1296,1390,0.52,20.947,0.052,0.016,0,0
1297,1391,0.53,20.949,0.051,0.002,0.0095233,9.0958
1298,1392,0.53,20.949,0.052,-0.007,0.0287533,27.4626
1299,1393,0.53,20.947,0.052,-0.016,0.0237719,22.7048
1300,1394,0.53,20.947,0.051,0,0.0403516,38.5402
1301,1395,0.53,20.948,0.052,-0.009,0.0130359,12.4507
1302,1396,0.53,20.948,0.051,0.004,0.0022147,2.1152
1303,1397,0.53,20.948,0.051,0.012,0,0
1304,1398,0.53,20.949,0.052,0.022,0.0044887,4.2872
1305,1399,0.53,20.948,0.052,0.02,0,0
1306,1400,0.53,20.948,0.051,0.02,0,0
1307,1401,0.53,20.948,0.052,0.014,0.0074157,7.0828
1308,1402,0.53,20.948,0.052,-0.001,0.0137033,13.0881
1309,1403,0.53,20.948,0.052,-0.019,0.0159073,15.1932
1310,1404,0.53,20.948,0.052,-0.019,0.0267778,25.5758
1311,1405,0.53,20.949,0.051,-0.034,0.0052293,4.9945
1312,1406,0.53,20.949,0.051,-0.008,0.0126248,12.0581
1313,1407,0.53,20.949,0.052,0.002,0,0
1314,1408,0.53,20.949,0.051,0.006,0,0
1315,1409,0.53,20.949,0.051,0,0,0
1316,1410,0.53,20.949,0.05,0.019,0.0041623,3.9755
1317,1411,0.53,20.948,0.05,0.01,0.0127643,12.1913
1318,1412,0.53,20.948,0.051,0.003,0.0185594,17.7262
1319,1413,0.53,20.948,0.051,-0.004,0.0118293,11.2983
1320,1414,0.53,20.948,0.052,-0.006,0.0262112,25.0346
1321,1415,0.54,20.948,0.052,-0.017,0.0265028,25.3131
1322,1416,0.54,20.948,0.052,0.003,0.0086631,8.2742
1323,1417,0.54,20.948,0.052,-0.004,0,0
1324,1418,0.54,20.948,0.052,0.009,0.0027534,2.6298
1325,1419,0.54,20.948,0.052,0.016,0,0
1326,1420,0.54,20.949,0.052,0.015,0.0043865,4.1896
1327,1421,0.54,20.949,0.052,0.004,0,0
1328,1422,0.54,20.948,0.051,-0.009,0.0121657,11.6195
1329,1423,0.54,20.949,0.052,-0.013,0.0201689,19.2635
1330,1424,0.54,20.949,0.052,-0.008,0.0088533,8.4558
1331,1425,0.54,20.949,0.051,-0.016,0.000879,0.8396
1332,1426,0.54,20.948,0.051,-0.011,0.0136602,13.047
1333,1427,0.54,20.947,0.051,-0.004,0,0
1334,1428,0.54,20.949,0.051,0.009,0.0008923,0.8523
1335,1429,0.54,20.949,0.051,0.011,0.013375,12.7746
1336,1430,0.54,20.947,0.051,0.012,7.7e-05,0.0736
1337,1431,0.54,20.948,0.051,0,0.0235889,22.53
1338,1432,0.54,20.949,0.051,0.006,0.0119428,11.4066
1339,1433,0.54,20.949,0.051,-0.012,0.0052314,4.9966
1340,1434,0.54,20.95,0.052,-0.01,0.0120319,11.4917
1341,1435,0.54,20.948,0.052,-0.005,0.0014396,1.375
1342,1436,0.54,20.949,0.051,0.007,0,0
1343,1437,0.54,20.948,0.052,-0.004,0,0
1344,1438,0.54,20.948,0.052,0.014,0,0
1345,1439,0.54,20.948,0.052,0.007,0,0
1346,1440,0.54,20.948,0.051,0,0,0
1347,1441,0.55,20.947,0.051,0.004,7.66e-05,0.0732
1348,1442,0.55,20.949,0.052,-0.013,0.0044402,4.2409
1349,1443,0.55,20.948,0.051,-0.008,0.0122661,11.7155
1350,1444,0.55,20.949,0.051,0.004,0.0190592,18.2036
1351,1445,0.55,20.948,0.051,-0.007,0.0249968,23.8747
1352,1446,0.55,20.949,0.051,-0.002,0,0
1353,1447,0.54,20.95,0.051,0.001,0,0
1354,1448,0.54,20.95,0.051,0.012,0.0074681,7.1329
1355,1449,0.55,20.949,0.051,0.011,0.0084645,8.0845
1356,1450,0.55,20.949,0.051,0.018,0.0180561,17.2455
1357,1451,0.55,20.948,0.051,0.024,0.0171535,16.3835
1358,1452,0.55,20.949,0.052,0.004,0.0234255,22.374
1359,1453,0.55,20.949,0.052,-0.001,0.0117299,11.2033
1360,1454,0.55,20.949,0.052,-0.013,0.0277586,26.5125
1361,1455,0.55,20.95,0.052,-0.015,0.011024,10.5291
1362,1456,0.55,20.949,0.052,-0.02,0.015122,14.4432
1363,1457,0.55,20.949,0.052,0.018,0.0280283,26.7701
1364,1458,0.55,20.95,0.052,0.016,0.008445,8.0659
1365,1459,0.55,20.949,0.051,0.001,0,0
1366,1460,0.55,20.948,0.051,0.001,0,0
1367,1461,0.55,20.948,0.051,-0.013,0.0048429,4.6255
1368,1462,0.55,20.949,0.051,-0.007,0.0019593,1.8714
1369,1463,0.55,20.948,0.051,-0.013,0.0264118,25.2262
1370,1464,0.55,20.948,0.052,-0.007,0.0047176,4.5058
1371,1465,0.55,20.949,0.051,-0.013,0.0275987,26.3598
1372,1466,0.56,20.947,0.051,-0.006,0.0106713,10.1923
1373,1467,0.56,20.949,0.051,-0.01,7.63e-05,0.0728
1374,1468,0.56,20.949,0.051,-0.017,0,0
1375,1469,0.56,20.948,0.051,0.001,0,0
1376,1470,0.56,20.948,0.052,0.002,0.007567,7.2274
1377,1471,0.56,20.95,0.05,0.016,0,0
1378,1472,0.56,20.95,0.051,0.01,0.0141264,13.4923
1379,1473,0.56,20.947,0.052,0.007,8.34e-05,0.0796
1380,1474,0.56,20.948,0.052,-0.017,0.0233729,22.3237
1381,1475,0.56,20.948,0.051,-0.006,0.0272793,26.0547
1382,1476,0.56,20.95,0.052,-0.017,0.0164011,15.6648
1383,1477,0.56,20.948,0.051,-0.002,0,0
1384,1478,0.56,20.948,0.052,0.004,0,0
1385,1479,0.56,20.949,0.051,0.004,0,0
1386,1480,0.56,20.95,0.051,0.015,0,0
1387,1481,0.56,20.949,0.051,-0.003,0,0
1388,1482,0.56,20.949,0.051,0.015,0.0226883,21.6698
1389,1483,0.56,20.95,0.052,-0.009,0.0067744,6.4703
1390,1484,0.56,20.949,0.052,0.003,0.0068351,6.5282
1391,1485,0.56,20.949,0.051,-0.009,0.0093834,8.9622
1392,1486,0.56,20.947,0.051,-0.021,0.0096892,9.2543
1393,1487,0.56,20.949,0.052,-0.011,0.008504,8.1222
1394,1488,0.56,20.949,0.052,0.004,0,0
1395,1489,0.56,20.95,0.052,0.005,0.0051918,4.9588
1396,1490,0.56,20.95,0.051,0.007,0.0008757,0.8364
1397,1491,0.57,20.949,0.052,0.009,0.006317,6.0335
1398,1492,0.57,20.949,0.051,0.005,0.0011438,1.0925
1399,1493,0.57,20.951,0.05,-0.017,0.0163851,15.6496
1400,1494,0.57,20.949,0.051,-0.006,0.0200478,19.1478
1401,1495,0.57,20.95,0.051,-0.007,0.0255652,24.4176
1402,1496,0.57,20.95,0.051,0,0.0180704,17.2592
1403,1497,0.57,20.948,0.051,0,0.0069404,6.6288
1404,1498,0.57,20.948,0.051,0.001,0,0
1405,1499,0.57,20.948,0.052,0.009,0,0
1406,1500,0.57,20.949,0.051,0.003,0,0
1407,1501,0.57,20.948,0.051,0.008,0.0064861,6.1949
1408,1502,0.57,20.948,0.052,0.003,0.0143094,13.6671
1409,1503,0.57,20.948,0.052,0.002,0.0278701,26.619
1410,1504,0.57,20.949,0.052,-0.012,0.0193891,18.5187
1411,1505,0.57,20.949,0.052,-0.011,0.0055413,5.2925
1412,1506,0.57,20.948,0.052,-0.016,0.0035507,3.3913
1413,1507,0.57,20.948,0.052,-0.014,0,0
1414,1508,0.58,20.949,0.052,-0.008,7.73e-05,0.0739
1415,1509,0.58,20.95,0.051,0,0.002256,2.1547
1416,1510,0.58,20.95,0.051,0.009,0.0063157,6.0322
1417,1511,0.58,20.95,0.051,0.013,0.0016532,1.579
1418,1512,0.58,20.95,0.051,-0.002,0.0147698,14.1068
1419,1513,0.58,20.949,0.051,-0.009,0.0275627,26.3254
1420,1514,0.58,20.949,0.051,-0.013,0.0348392,33.2753
1421,1515,0.58,20.947,0.051,-0.004,0.0109388,10.4478
1422,1516,0.58,20.947,0.051,-0.001,0.009495,9.0688
1423,1517,0.58,20.949,0.051,-0.004,0,0
1424,1518,0.58,20.95,0.051,0,0,0
1425,1519,0.58,20.95,0.051,0.004,0,0
1426,1520,0.58,20.949,0.051,0.002,0,0
1427,1521,0.58,20.949,0.051,0.003,0,0
1428,1522,0.58,20.948,0.052,0.012,0.0273046,26.0789
1429,1523,0.58,20.947,0.052,-0.006,0.0214829,20.5186
1430,1524,0.58,20.948,0.051,-0.013,0.0171546,16.3845
1431,1525,0.58,20.947,0.051,-0.019,0.0174346,16.652
1432,1526,0.58,20.947,0.051,-0.006,0.0113737,10.8631
1433,1527,0.59,20.949,0.051,0,0,0
1434,1528,0.59,20.948,0.051,0.01,0.0019592,1.8712
1435,1529,0.59,20.949,0.051,0.013,0,0
1436,1530,0.58,20.949,0.051,0.022,0.0024976,2.3855
1437,1531,0.58,20.948,0.052,0.014,0,0
1438,1532,0.58,20.949,0.052,0.009,0.0296077,28.2786
1439,1533,0.58,20.949,0.052,-0.022,0.0191918,18.3303
1440,1534,0.58,20.949,0.052,-0.012,0.0155744,14.8752
1441,1535,0.58,20.948,0.052,-0.013,0.0067316,6.4294
1442,1536,0.58,20.949,0.051,-0.018,0.010471,10.0009
1443,1537,0.58,20.95,0.051,-0.011,0.0043362,4.1415
1444,1538,0.58,20.95,0.051,0.004,0,0
1445,1539,0.59,20.95,0.05,0.007,0,0
1446,1540,0.59,20.948,0.051,0.014,0,0
1447,1541,0.59,20.948,0.05,-0.003,0,0
1448,1542,0.59,20.95,0.051,0.001,0.0159967,15.2786
1449,1543,0.59,20.95,0.051,-0.018,0.0003701,0.3535
1450,1544,0.59,20.948,0.051,-0.014,0.0174526,16.6691
1451,1545,0.59,20.949,0.051,-0.015,0.0221758,21.1803
1452,1546,0.59,20.95,0.051,-0.007,0.0165646,15.821
1453,1547,0.59,20.95,0.051,-0.001,0.0167698,16.017
1454,1548,0.59,20.948,0.051,0,0.0033347,3.185
1455,1549,0.59,20.949,0.051,0,0,0
1456,1550,0.59,20.951,0.052,0.002,0.0210388,20.0944
1457,1551,0.59,20.95,0.052,0.017,0.0062451,5.9648
1458,1552,0.59,20.949,0.051,0.015,0.0057829,5.5233
1459,1553,0.59,20.948,0.052,-0.006,0.0328619,31.3867
1460,1554,0.59,20.948,0.051,-0.002,0.0205349,19.6131
1461,1555,0.59,20.95,0.052,-0.012,0.0181006,17.288
1462,1556,0.59,20.949,0.052,-0.013,0.0043872,4.1903
1463,1557,0.59,20.948,0.052,-0.008,0,0
1464,1558,0.59,20.948,0.051,-0.003,0,0
1465,1559,0.59,20.947,0.051,0.001,0.0011547,1.1028
1466,1560,0.59,20.949,0.051,0.01,0,0
1467,1561,0.59,20.949,0.051,-0.006,0,0
1468,1562,0.6,20.947,0.051,0.003,0,0
1469,1563,0.6,20.948,0.051,-0.006,0.0127358,12.1641
1470,1564,0.6,20.95,0.051,-0.022,0.0131753,12.5838
1471,1565,0.6,20.948,0.052,-0.01,0.0202455,19.3367
1472,1566,0.6,20.948,0.052,-0.014,0.0118537,11.3216
1473,1567,0.6,20.949,0.052,-0.001,0,0
1474,1568,0.6,20.949,0.052,0.006,0,0
1475,1569,0.6,20.949,0.051,0.007,0,0
1476,1570,0.6,20.949,0.051,0.003,0,0
1477,1571,0.6,20.949,0.051,0.022,0,0
1478,1572,0.6,20.948,0.051,0.012,0,0
1479,1573,0.6,20.948,0.051,0.016,0.0054042,5.1616
1480,1574,0.6,20.949,0.051,-0.003,0.0338098,32.292
1481,1575,0.6,20.948,0.051,-0.008,0.0222707,21.2709
1482,1576,0.6,20.949,0.052,-0.015,0.0153812,14.6908
1483,1577,0.6,20.949,0.051,-0.008,0.0172703,16.495
1484,1578,0.6,20.949,0.051,-0.002,0.0065255,6.2326
1485,1579,0.6,20.951,0.051,0.002,0,0
1486,1580,0.6,20.951,0.05,0,0,0
1487,1581,0.6,20.95,0.051,0.005,0,0
1488,1582,0.6,20.95,0.051,0.024,0.001154,1.1022
1489,1583,0.6,20.947,0.051,0.012,0.0257037,24.5498
1490,1584,0.6,20.949,0.051,-0.001,0,0
1491,1585,0.6,20.949,0.051,-0.023,0.0156448,14.9425
1492,1586,0.6,20.948,0.052,-0.012,0.0208233,19.8886
1493,1587,0.6,20.948,0.051,-0.011,0,0
1494,1588,0.6,20.949,0.051,-0.012,0.0105876,10.1123
1495,1589,0.6,20.949,0.051,-0.002,0,0
1496,1590,0.6,20.949,0.052,0.011,0,0
1497,1591,0.6,20.948,0.051,0.015,0,0
1498,1592,0.6,20.949,0.051,0.007,0,0
1499,1593,0.6,20.951,0.051,0.003,0,0
1500,1594,0.6,20.949,0.052,-0.015,0.0216635,20.691
1501,1595,0.6,20.948,0.051,0.007,0.0322169,30.7706
1502,1596,0.6,20.949,0.051,-0.006,0.0268188,25.6149
1503,1597,0.6,20.948,0.052,-0.015,0.0192134,18.3509
1504,1598,0.6,20.949,0.051,0.007,0,0
1505,1599,0.6,20.949,0.051,-0.001,0,0
1506,1600,0.61,20.948,0.051,0.013,0,0
1507,1601,0.61,20.949,0.051,0.005,0,0
1508,1602,0.61,20.949,0.051,0.01,0.0066257,6.3282
1509,1603,0.61,20.948,0.051,0.012,0.0085764,8.1914
1510,1604,0.61,20.948,0.051,0.011,0.023586,22.5273
1511,1605,0.61,20.95,0.051,-0.016,0.0271024,25.8858
1512,1606,0.61,20.949,0.051,-0.026,0.0226576,21.6405
1513,1607,0.61,20.949,0.051,-0.016,0.0181928,17.3761
1514,1608,0.61,20.948,0.051,-0.009,0.0113166,10.8086
1515,1609,0.61,20.948,0.051,0.011,0.005162,4.9303
1516,1610,0.61,20.95,0.051,0.018,0,0
1517,1611,0.61,20.949,0.051,0.017,0,0
1518,1612,0.61,20.949,0.05,0.008,0,0
1519,1613,0.61,20.95,0.051,-0.001,0,0
1520,1614,0.61,20.949,0.051,-0.004,0,0
1521,1615,0.61,20.949,0.051,-0.013,0.0128824,12.3041
1522,1616,0.61,20.948,0.052,-0.021,0.0192338,18.3704
1523,1617,0.61,20.949,0.052,-0.018,0.002499,2.3869
1524,1618,0.61,20.949,0.052,-0.009,0.0014469,1.3819
1525,1619,0.61,20.948,0.052,0.002,0.0065168,6.2243
1526,1620,0.61,20.947,0.052,0.003,0,0
1527,1621,0.61,20.948,0.051,0.029,8.42e-05,0.0804
1528,1622,0.61,20.947,0.051,0.019,0,0
1529,1623,0.61,20.95,0.051,0.023,0.0024653,2.3547
1530,1624,0.61,20.95,0.051,0.009,0.0056877,5.4324
1531,1625,0.62,20.949,0.051,0.011,0.0054413,5.1971
1532,1626,0.62,20.949,0.051,-0.003,0.015035,14.3601
1533,1627,0.62,20.948,0.051,-0.009,0.0225834,21.5696
1534,1628,0.62,20.948,0.051,-0.003,0.0179729,17.1661
1535,1629,0.62,20.95,0.052,-0.002,0.0234962,22.4414
1536,1630,0.62,20.95,0.051,-0.003,0.0052307,4.9959
1537,1631,0.62,20.949,0.052,0.011,0,0
1538,1632,0.62,20.948,0.052,0.003,0,0
1539,1633,0.62,20.949,0.051,0.009,0.0095897,9.1592
1540,1634,0.63,20.949,0.051,-0.003,0.0104727,10.0026
1541,1635,0.63,20.95,0.051,-0.006,0.0252834,24.1484
1542,1636,0.63,20.95,0.051,-0.001,0.0194283,18.5562
1543,1637,0.63,20.949,0.052,-0.005,0.0227688,21.7467
1544,1638,0.63,20.948,0.052,-0.013,0.0190223,18.1684
1545,1639,0.63,20.948,0.051,-0.004,0.0061615,5.8849
1546,1640,0.63,20.947,0.052,-0.008,0,0
1547,1641,0.62,20.947,0.051,0.003,0,0
1548,1642,0.62,20.948,0.05,0.011,0.0111821,10.6802
1549,1643,0.62,20.949,0.051,0.016,0.0189372,18.0871
1550,1644,0.63,20.948,0.051,0,0.0275548,26.3178
1551,1645,0.63,20.948,0.051,-0.001,0.0320007,30.5642
1552,1646,0.63,20.948,0.051,-0.019,0.0135101,12.9037
1553,1647,0.63,20.949,0.051,-0.014,0.0172745,16.499
1554,1648,0.63,20.949,0.051,-0.017,0.0040685,3.8858
1555,1649,0.63,20.949,0.051,-0.009,0,0
1556,1650,0.63,20.948,0.052,0.003,0,0
1557,1651,0.63,20.948,0.052,0.017,0,0
1558,1652,0.63,20.95,0.052,0.018,0,0
1559,1653,0.63,20.948,0.051,0.002,0,0
1560,1654,0.63,20.947,0.051,0.001,0.0178833,17.0805
1561,1655,0.63,20.946,0.051,-0.012,0.0195823,18.7033
1562,1656,0.63,20.947,0.052,-0.017,0.010557,10.0831
1563,1657,0.63,20.947,0.052,0,0.0084643,8.0843
1564,1658,0.63,20.947,0.052,-0.008,0.0088083,8.4129
1565,1659,0.63,20.948,0.052,0.004,0.0011712,1.1186
1566,1660,0.63,20.948,0.052,0.006,0,0
1567,1661,0.63,20.95,0.052,0.013,0,0
1568,1662,0.63,20.948,0.051,0.012,0,0
1569,1663,0.63,20.949,0.051,0.008,0,0
1570,1664,0.63,20.95,0.052,0.006,0.0141261,13.492
1571,1665,0.64,20.949,0.051,-0.009,0.0149443,14.2734
1572,1666,0.64,20.948,0.052,-0.014,0.0191027,18.2452
1573,1667,0.64,20.949,0.052,-0.002,0.0160066,15.2881
1574,1668,0.64,20.948,0.052,0,0,0
1575,1669,0.64,20.948,0.051,-0.005,0,0
1576,1670,0.64,20.949,0.052,0.003,0,0
1577,1671,0.64,20.949,0.051,0.012,0,0
1578,1672,0.64,20.95,0.051,0.017,0,0
1579,1673,0.63,20.95,0.052,0.005,7.82e-05,0.0747
1580,1674,0.63,20.949,0.051,0.006,0.0150094,14.3356
1581,1675,0.63,20.949,0.051,-0.009,0.027312,26.0859
1582,1676,0.63,20.949,0.052,-0.01,0.0257949,24.637
1583,1677,0.64,20.949,0.052,-0.015,0.0195063,18.6307
1584,1678,0.64,20.949,0.052,-0.007,0.0238077,22.739
1585,1679,0.64,20.948,0.051,0.006,0.0019983,1.9086
1586,1680,0.64,20.949,0.052,0.011,0.0075162,7.1788
1587,1681,0.64,20.949,0.052,0.012,0,0
1588,1682,0.64,20.95,0.051,0.016,0.0036502,3.4864
1589,1683,0.64,20.949,0.051,0.013,0.0147099,14.0496
1590,1684,0.64,20.948,0.051,0.004,0.0159662,15.2495
1591,1685,0.64,20.949,0.051,-0.005,0.0089471,8.5455
1592,1686,0.64,20.948,0.052,-0.012,0.0220308,21.0418
1593,1687,0.64,20.947,0.051,-0.016,0.0208909,19.9531
1594,1688,0.64,20.948,0.051,-0.019,0.0150581,14.3821
1595,1689,0.64,20.95,0.051,-0.018,0.0066839,6.3839
1596,1690,0.64,20.949,0.051,0.007,0,0
1597,1691,0.65,20.948,0.05,0.002,0,0
1598,1692,0.65,20.948,0.051,0.013,0,0
1599,1693,0.65,20.949,0.051,-0.004,0,0
1600,1694,0.65,20.95,0.051,-0.005,0.0044716,4.2709
1601,1695,0.65,20.948,0.051,-0.011,0.0173846,16.6042
1602,1696,0.65,20.949,0.051,-0.009,0.0215876,20.6185
1603,1697,0.65,20.95,0.052,-0.021,0.0232492,22.2055
1604,1698,0.65,20.95,0.052,-0.016,0.0159949,15.2769
1605,1699,0.65,20.949,0.051,-0.011,0,0
1606,1700,0.65,20.949,0.051,-0.002,0,0
1607,1701,0.65,20.949,0.052,0.005,0.0019516,1.864
1608,1702,0.65,20.949,0.052,0.016,0.001157,1.1051
1609,1703,0.65,20.948,0.051,0.006,0,0
1610,1704,0.66,20.95,0.051,0.009,0.0073877,7.0561
1611,1705,0.66,20.95,0.052,0,0.0033722,3.2208
1612,1706,0.66,20.949,0.051,-0.008,0.0294633,28.1407
1613,1707,0.66,20.948,0.052,-0.011,0.0243943,23.2992
1614,1708,0.66,20.948,0.051,-0.014,0.0363599,34.7277
1615,1709,0.66,20.948,0.051,-0.011,0.0052092,4.9754
1616,1710,0.66,20.949,0.051,0.007,0,0
1617,1711,0.66,20.949,0.051,0.001,0,0
1618,1712,0.66,20.95,0.051,0.007,0,0
1619,1713,0.66,20.948,0.051,0.003,0,0
1620,1714,0.66,20.949,0.051,0.019,0.0150802,14.4033
1621,1715,0.66,20.948,0.051,0.002,0.0196368,18.7553
1622,1716,0.66,20.948,0.05,0.001,0.0317247,30.3006
1623,1717,0.66,20.949,0.051,-0.022,0.0229039,21.8758
1624,1718,0.66,20.949,0.051,-0.019,0.0215988,20.6292
1625,1719,0.66,20.949,0.052,-0.025,0.0187541,17.9122
1626,1720,0.66,20.948,0.052,0.003,0.0119286,11.3931
1627,1721,0.66,20.948,0.052,0.014,0.0019488,1.8613
1628,1722,0.66,20.95,0.051,0.039,0.0129601,12.3784
1629,1723,0.66,20.949,0.052,0.01,0,0
1630,1724,0.66,20.95,0.052,0.008,0,0
1631,1725,0.66,20.948,0.052,-0.011,0.0043081,4.1147
1632,1726,0.66,20.949,0.051,-0.02,0.0134352,12.8321
1633,1727,0.66,20.95,0.051,-0.025,0,0
1634,1728,0.66,20.949,0.051,-0.017,0.0102837,9.8221
1635,1729,0.66,20.949,0.051,-0.016,0.0087975,8.4026
1636,1730,0.66,20.949,0.052,-0.018,0,0
1637,1731,0.66,20.95,0.051,-0.008,0,0
1638,1732,0.66,20.949,0.051,0.007,0,0
1639,1733,0.66,20.948,0.051,-0.008,0,0
1640,1734,0.66,20.949,0.052,0.009,0.0011612,1.1091
1641,1735,0.66,20.949,0.051,0.008,0.0044016,4.204
1642,1736,0.67,20.948,0.052,0,0.0145932,13.9381
1643,1737,0.67,20.949,0.052,-0.014,0.0258369,24.677
1644,1738,0.67,20.95,0.052,0.002,0.0335771,32.0698
1645,1739,0.67,20.95,0.052,-0.016,0.0159207,15.2061
1646,1740,0.67,20.951,0.052,-0.005,0.0033492,3.1989
1647,1741,0.67,20.949,0.051,0.003,0,0
1648,1742,0.67,20.95,0.052,0.017,0.0120217,11.4821
1649,1743,0.67,20.949,0.052,0.007,0.0062208,5.9415
1650,1744,0.67,20.949,0.051,0.02,0.0098883,9.4444
1651,1745,0.67,20.949,0.051,0.003,0.0022631,2.1615
1652,1746,0.67,20.949,0.051,0,0.0164127,15.6759
1653,1747,0.67,20.949,0.051,-0.014,0,0
1654,1748,0.67,20.95,0.051,-0.015,0.0179328,17.1278
1655,1749,0.67,20.948,0.051,-0.018,0,0
1656,1750,0.67,20.947,0.051,-0.006,0.0084699,8.0897
1657,1751,0.67,20.948,0.051,0.001,0,0
1658,1752,0.68,20.949,0.052,0.006,0,0
1659,1753,0.68,20.95,0.051,-0.008,0,0
1660,1754,0.68,20.949,0.052,0.003,0.0127298,12.1584
1661,1755,0.68,20.948,0.053,-0.006,0,0
1662,1756,0.68,20.949,0.052,0,0.0003634,0.3471
1663,1757,0.68,20.949,0.052,-0.012,0.0058028,5.5423
1664,1758,0.67,20.949,0.051,-0.001,0.0196066,18.7265
1665,1759,0.67,20.95,0.052,-0.008,0.0065848,6.2892
1666,1760,0.67,20.948,0.052,0.006,0.0167123,15.9621
1667,1761,0.67,20.95,0.052,0,0,0
1668,1762,0.67,20.948,0.051,0.009,0,0
1669,1763,0.67,20.948,0.052,0.012,0,0
1670,1764,0.67,20.949,0.051,0.01,0.0163416,15.608
1671,1765,0.67,20.95,0.052,-0.008,0.0162478,15.5184
1672,1766,0.67,20.949,0.052,0.003,0.0235957,22.5365
1673,1767,0.67,20.95,0.052,-0.002,0.0234636,22.4103
1674,1768,0.67,20.95,0.051,-0.007,0.0118194,11.2889
1675,1769,0.68,20.95,0.051,-0.014,0,0
1676,1770,0.68,20.949,0.051,-0.002,0,0
1677,1771,0.68,20.949,0.051,-0.002,0,0
1678,1772,0.68,20.947,0.052,0.012,0,0
1679,1773,0.68,20.949,0.051,0.005,0,0
1680,1774,0.68,20.949,0.051,0.011,0.0025144,2.4015
1681,1775,0.68,20.949,0.051,-0.011,0.0134822,12.877
1682,1776,0.68,20.949,0.051,-0.011,0.0256566,24.5049
1683,1777,0.68,20.949,0.051,-0.018,0.0247006,23.5918
1684,1778,0.68,20.949,0.051,-0.013,0.0241835,23.0979
1685,1779,0.68,20.948,0.052,-0.007,0.0216854,20.7119
1686,1780,0.68,20.949,0.052,-0.005,0,0
1687,1781,0.68,20.951,0.052,0.007,0,0
1688,1782,0.69,20.95,0.052,0.013,0,0
1689,1783,0.69,20.948,0.051,0.013,0,0
1690,1784,0.69,20.948,0.051,0.01,0,0
1691,1785,0.69,20.95,0.052,-0.003,7.82e-05,0.0747
1692,1786,0.69,20.95,0.051,-0.014,0,0
1693,1787,0.69,20.95,0.052,-0.015,0.0090901,8.682
1694,1788,0.69,20.948,0.052,-0.02,0.014023,13.3935
1695,1789,0.69,20.949,0.052,-0.024,0,0
1696,1790,0.69,20.95,0.052,-0.017,0.002541,2.427
1697,1791,0.69,20.949,0.051,0.004,0.0076538,7.3102
1698,1792,0.69,20.949,0.051,0.019,0.0022446,2.1439
1699,1793,0.69,20.951,0.052,0.015,0.0053606,5.12
1700,1794,0.69,20.95,0.051,0.014,0.0022575,2.1561
1701,1795,0.69,20.949,0.051,0.024,0.010828,10.3419
1702,1796,0.69,20.949,0.052,0.004,0.0174526,16.6692
1703,1797,0.69,20.949,0.052,-0.004,0.0384349,36.7095
1704,1798,0.69,20.951,0.052,-0.01,0.0299586,28.6137
1705,1799,0.69,20.95,0.051,-0.01,0.0228256,21.8009
1706,1800,0.69,20.949,0.052,0.002,0.0130067,12.4228
1707,1801,0.69,20.95,0.051,-0.004,0,0
1708,1802,0.7,20.95,0.051,-0.003,0,0
1709,1803,0.7,20.949,0.051,0.002,0,0
1710,1804,0.7,20.949,0.051,-0.001,0,0
1711,1805,0.7,20.949,0.051,0.002,0.0110021,10.5082
1712,1806,0.7,20.949,0.051,-0.006,0.0202443,19.3355
1713,1807,0.7,20.949,0.051,-0.017,0.0054469,5.2024
1714,1808,0.7,20.95,0.052,-0.027,0.001941,1.8538
1715,1809,0.7,20.948,0.051,-0.025,0.0138996,13.2757
1716,1810,0.7,20.949,0.051,-0.017,0,0
1717,1811,0.7,20.949,0.051,-0.008,0,0
1718,1812,0.7,20.949,0.051,0.011,0,0
1719,1813,0.7,20.949,0.051,0.007,0.0011725,1.1199
1720,1814,0.7,20.949,0.051,0.003,0.003378,3.2264
1721,1815,0.7,20.95,0.051,0.009,0.0221281,21.1347
1722,1816,0.69,20.948,0.052,-0.011,0.0370516,35.3884
1723,1817,0.69,20.95,0.052,-0.011,0.021651,20.6791
1724,1818,0.69,20.948,0.052,-0.002,0.0257531,24.597
1725,1819,0.69,20.949,0.052,0.006,0.0322881,30.8386
1726,1820,0.7,20.948,0.051,-0.005,0.0119078,11.3733
1727,1821,0.7,20.948,0.051,0.005,0,0
1728,1822,0.7,20.949,0.052,0.014,0,0
1729,1823,0.7,20.95,0.052,0.013,0,0
1730,1824,0.7,20.949,0.052,0.002,0,0
1731,1825,0.7,20.949,0.052,0,0.0054625,5.2173
1732,1826,0.7,20.949,0.052,-0.018,0.0120594,11.5181
1733,1827,0.7,20.949,0.051,-0.027,0.030094,28.7431
1734,1828,0.7,20.948,0.051,-0.016,0,0
1735,1829,0.7,20.949,0.051,-0.015,0.0175818,16.7926
1736,1830,0.7,20.948,0.052,-0.031,0.0118716,11.3387
1737,1831,0.7,20.95,0.051,-0.008,0.0076252,7.2829
1738,1832,0.7,20.949,0.051,0.006,0,0
1739,1833,0.7,20.95,0.051,0.017,0,0
1740,1834,0.7,20.95,0.051,0.011,0,0
1741,1835,0.7,20.949,0.051,0.017,0.0170301,16.2656
1742,1836,0.7,20.949,0.052,-0.001,0.0115933,11.0729
1743,1837,0.7,20.949,0.052,-0.008,0.0228277,21.803
1744,1838,0.7,20.949,0.052,-0.015,0.0234726,22.419
1745,1839,0.7,20.947,0.051,0.005,0.0327344,31.2649
1746,1840,0.7,20.949,0.051,-0.003,0.0124959,11.935
1747,1841,0.7,20.947,0.051,-0.002,0.0036259,3.4632
1748,1842,0.7,20.948,0.052,-0.003,0,0
1749,1843,0.7,20.949,0.051,0.014,0,0
1750,1844,0.7,20.949,0.052,0.006,0,0
1751,1845,0.7,20.949,0.051,0.005,0.0062378,5.9578
1752,1846,0.71,20.95,0.051,-0.007,0,0
1753,1847,0.71,20.948,0.051,-0.002,0.0073887,7.057
1754,1848,0.71,20.948,0.051,-0.017,0.0159254,15.2105
1755,1849,0.71,20.949,0.051,-0.018,0.031259,29.8558
1756,1850,0.71,20.949,0.051,-0.022,0.0235915,22.5325
1757,1851,0.71,20.948,0.051,-0.012,0.0105242,10.0517
1758,1852,0.71,20.95,0.051,-0.004,0,0
1759,1853,0.71,20.95,0.051,0.005,0,0
1760,1854,0.71,20.95,0.052,0.005,0,0
1761,1855,0.71,20.95,0.051,0.017,0,0
1762,1856,0.71,20.949,0.052,0.003,0.0086409,8.253
1763,1857,0.71,20.948,0.052,0.01,0.0206209,19.6952
1764,1858,0.71,20.948,0.052,0.001,0.0262059,25.0295
1765,1859,0.71,20.948,0.052,-0.012,0.0237756,22.7083
1766,1860,0.71,20.949,0.053,-0.031,0.020562,19.6389
1767,1861,0.71,20.95,0.052,-0.015,0.0104531,9.9839
1768,1862,0.71,20.948,0.051,-0.002,0,0
1769,1863,0.71,20.948,0.051,0.009,0.0086604,8.2716
1770,1864,0.71,20.948,0.051,0.014,0,0
1771,1865,0.72,20.949,0.05,0.017,0.0065726,6.2775
1772,1866,0.72,20.95,0.051,0.002,0.0044159,4.2177
1773,1867,0.72,20.95,0.051,-0.004,0.0220636,21.0731
1774,1868,0.71,20.949,0.051,-0.02,0.0133932,12.792
1775,1869,0.71,20.95,0.051,-0.02,0.0246931,23.5846
1776,1870,0.72,20.949,0.051,-0.018,0.0170169,16.253
1777,1871,0.72,20.949,0.051,-0.01,0.0066147,6.3178
1778,1872,0.72,20.948,0.051,-0.001,0.0044253,4.2267
1779,1873,0.72,20.948,0.051,0.013,0,0
1780,1874,0.72,20.95,0.051,-0.004,0,0
1781,1875,0.72,20.949,0.052,0.016,0,0
1782,1876,0.72,20.948,0.051,-0.003,0.0061303,5.8551
1783,1877,0.72,20.949,0.052,0,0.0336563,32.1455
1784,1878,0.72,20.949,0.052,-0.017,0.0153142,14.6268
1785,1879,0.72,20.949,0.051,-0.005,0.023644,22.5826
1786,1880,0.73,20.948,0.051,-0.014,0.0139266,13.3014
1787,1881,0.73,20.948,0.052,-0.007,0.0092255,8.8113
1788,1882,0.73,20.948,0.052,-0.003,0,0
1789,1883,0.72,20.949,0.051,-0.001,0,0
1790,1884,0.72,20.949,0.051,0.007,0,0
1791,1885,0.72,20.95,0.051,0.013,0.0041728,3.9855
1792,1886,0.73,20.95,0.052,0.009,0.0033154,3.1666
1793,1887,0.73,20.95,0.051,0.002,0.0043514,4.156
1794,1888,0.73,20.948,0.051,-0.027,0.0109138,10.4239
1795,1889,0.72,20.949,0.05,-0.01,0.0264281,25.2418
1796,1890,0.72,20.949,0.051,-0.017,0.0022465,2.1457
1797,1891,0.72,20.949,0.052,-0.009,0.0061141,5.8397
1798,1892,0.72,20.949,0.052,0.004,0,0
1799,1893,0.72,20.947,0.051,0.015,0,0
1800,1894,0.72,20.95,0.051,0.009,0,0
1801,1895,0.72,20.951,0.052,0.006,0.0065198,6.2271
1802,1896,0.73,20.951,0.052,0.004,0,0
1803,1897,0.73,20.948,0.052,0,0.0121843,11.6373
1804,1898,0.73,20.949,0.052,-0.001,0.0214519,20.4889
1805,1899,0.73,20.949,0.051,-0.007,0.0270243,25.8111
1806,1900,0.73,20.949,0.051,-0.011,0.0112804,10.7741
1807,1901,0.73,20.947,0.051,0.002,0.002492,2.3801
1808,1902,0.73,20.949,0.052,-0.011,0,0
1809,1903,0.73,20.951,0.052,0.007,0,0
1810,1904,0.73,20.951,0.051,0.007,0,0
1811,1905,0.73,20.949,0.051,0.004,0,0
1812,1906,0.73,20.95,0.051,-0.002,0.0055974,5.3462
1813,1907,0.73,20.949,0.051,0.01,0.0255506,24.4036
1814,1908,0.73,20.95,0.051,-0.012,0.0081329,7.7678
1815,1909,0.73,20.95,0.051,-0.016,0.0069232,6.6124
1816,1910,0.73,20.949,0.051,-0.021,0,0
1817,1911,0.74,20.949,0.052,-0.011,0.0125231,11.9609
1818,1912,0.74,20.95,0.051,-0.004,0.0055213,5.2735
1819,1913,0.74,20.95,0.051,0.001,0.0019523,1.8647
1820,1914,0.74,20.95,0.052,0.004,0,0
1821,1915,0.74,20.95,0.052,0.007,0.0075371,7.1988
1822,1916,0.74,20.949,0.052,0.004,0.0120857,11.5431
1823,1917,0.74,20.949,0.051,-0.007,0.0215002,20.5351
1824,1918,0.74,20.95,0.052,-0.02,0.0244986,23.3988
1825,1919,0.74,20.949,0.051,-0.014,0.0217821,20.8043
1826,1920,0.74,20.951,0.052,-0.007,0.008858,8.4603
1827,1921,0.74,20.95,0.051,0.01,0,0
1828,1922,0.74,20.949,0.051,0.002,0,0
1829,1923,0.74,20.947,0.051,-0.001,0,0
1830,1924,0.74,20.949,0.051,0.007,0,0
1831,1925,0.74,20.948,0.051,0.011,0.0030219,2.8863
1832,1926,0.74,20.948,0.052,-0.003,0,0
1833,1927,0.74,20.949,0.051,-0.008,0.0252167,24.0847
1834,1928,0.74,20.949,0.051,-0.016,0.0199358,19.0409
1835,1929,0.74,20.949,0.051,-0.014,0.0293274,28.0108
1836,1930,0.74,20.948,0.052,-0.016,0.0261376,24.9643
1837,1931,0.74,20.949,0.052,-0.01,0.0152342,14.5504
1838,1932,0.74,20.95,0.051,0.002,0.00881,8.4145
1839,1933,0.74,20.951,0.051,0.014,0,0
1840,1934,0.74,20.951,0.051,0.014,0,0
1841,1935,0.74,20.949,0.052,0.01,0,0
1842,1936,0.74,20.949,0.052,0.005,0,0
1843,1937,0.74,20.948,0.051,0.011,0.0132296,12.6357
1844,1938,0.74,20.948,0.051,-0.01,0.018573,17.7393
1845,1939,0.74,20.947,0.052,-0.005,0.014113,13.4794
1846,1940,0.74,20.947,0.052,-0.019,0.0069012,6.5914
1847,1941,0.74,20.948,0.052,-0.017,0.0086405,8.2526
1848,1942,0.74,20.948,0.052,-0.011,0.0003579,0.3419
1849,1943,0.74,20.949,0.052,-0.005,0,0
1850,1944,0.75,20.949,0.051,0.01,0,0
1851,1945,0.75,20.949,0.052,0.013,0,0
1852,1946,0.75,20.948,0.051,0.026,0,0
1853,1947,0.75,20.947,0.051,0.017,0.0150701,14.3936
1854,1948,0.75,20.949,0.051,-0.013,0.0174389,16.6561
1855,1949,0.75,20.95,0.052,-0.013,0.0369427,35.2843
1856,1950,0.75,20.949,0.052,-0.01,0.00771,7.3639
1857,1951,0.75,20.949,0.052,-0.008,0.0105457,10.0723
1858,1952,0.75,20.95,0.051,-0.005,0.0113949,10.8833
1859,1953,0.75,20.949,0.051,-0.001,0,0
1860,1954,0.75,20.95,0.051,0.014,0,0
1861,1955,0.75,20.949,0.051,0.009,0,0
1862,1956,0.75,20.949,0.051,0.016,0.011804,11.2741
1863,1957,0.75,20.949,0.051,0.013,0.0172317,16.4581
1864,1958,0.75,20.948,0.051,-0.01,0.009081,8.6734
1865,1959,0.75,20.949,0.051,-0.012,0.0193657,18.4963
1866,1960,0.75,20.949,0.051,-0.021,0.0342558,32.718
1867,1961,0.75,20.947,0.052,-0.003,0.0237371,22.6715
1868,1962,0.75,20.949,0.051,-0.002,0.011802,11.2722
1869,1963,0.75,20.948,0.051,-0.002,0,0
1870,1964,0.75,20.948,0.051,0.013,0,0
1871,1965,0.75,20.949,0.051,0.013,0,0
1872,1966,0.75,20.95,0.051,0.009,0.0117383,11.2114
1873,1967,0.75,20.95,0.051,-0.002,0.0046343,4.4263
1874,1968,0.75,20.948,0.051,-0.012,0.0280383,26.7796
1875,1969,0.75,20.949,0.052,-0.009,0,0
1876,1970,0.75,20.95,0.052,-0.015,0.0175385,16.7512
1877,1971,0.75,20.949,0.051,-0.019,0.0145915,13.9365
1878,1972,0.76,20.947,0.051,-0.013,0.0148128,14.1478
1879,1973,0.76,20.948,0.052,-0.007,0.0003267,0.312
1880,1974,0.76,20.949,0.051,0.006,0.0180667,17.2557
1881,1975,0.76,20.949,0.052,0.01,0,0
1882,1976,0.76,20.948,0.051,0.022,0.0067037,6.4028
1883,1977,0.76,20.948,0.052,-0.002,0.0158908,15.1775
1884,1978,0.76,20.948,0.051,-0.006,0.0239473,22.8723
1885,1979,0.76,20.95,0.051,-0.017,0.0313279,29.9216
1886,1980,0.76,20.948,0.052,-0.001,0.0175428,16.7553
1887,1981,0.76,20.951,0.052,-0.018,0.0189414,18.0911
1888,1982,0.76,20.95,0.052,-0.02,0.0096896,9.2547
1889,1983,0.76,20.951,0.053,-0.006,0,0
1890,1984,0.76,20.948,0.052,0.016,0,0
1891,1985,0.76,20.946,0.051,-0.004,0,0
1892,1986,0.76,20.947,0.052,0.012,0,0
1893,1987,0.77,20.949,0.052,-0.003,0,0
1894,1988,0.77,20.949,0.051,-0.007,0,0
1895,1989,0.77,20.948,0.051,-0.018,0.0128201,12.2446
1896,1990,0.77,20.949,0.051,-0.02,0.0234253,22.3737
1897,1991,0.77,20.948,0.051,-0.017,0.0126805,12.1112
1898,1992,0.77,20.95,0.052,-0.018,0.0196863,18.8026
1899,1993,0.77,20.95,0.052,-0.006,0,0
1900,1994,0.77,20.949,0.051,0.008,0.0077142,7.368
1901,1995,0.77,20.949,0.052,0.007,0,0
1902,1996,0.77,20.949,0.051,0.027,0.0008733,0.8341
1903,1997,0.77,20.947,0.052,0.009,0,0
1904,1998,0.77,20.949,0.052,0.011,0.0069133,6.6029
1905,1999,0.77,20.95,0.052,0.005,0.012113,11.5692
1906,2000,0.77,20.95,0.052,-0.009,0.015263,14.5779
1907,2001,0.77,20.949,0.052,-0.014,0.0011382,1.0871
1908,2002,0.77,20.948,0.051,-0.018,0.0097861,9.3468
1909,2003,0.77,20.951,0.051,-0.014,0,0
1910,2004,0.77,20.949,0.051,0.008,0,0
1911,2005,0.77,20.95,0.051,-0.003,0,0
1912,2006,0.77,20.949,0.051,0.02,0.0014187,1.355
1913,2007,0.78,20.948,0.052,0.008,0,0
1914,2008,0.78,20.948,0.051,0.008,0.0243209,23.2292
1915,2009,0.78,20.95,0.052,-0.007,0.0110635,10.5669
1916,2010,0.78,20.95,0.051,-0.008,0.0131725,12.5812
1917,2011,0.78,20.949,0.051,-0.01,0.0113045,10.7971
1918,2012,0.78,20.949,0.051,0.003,0.0130112,12.4271
1919,2013,0.78,20.949,0.052,-0.005,0.0075894,7.2487
1920,2014,0.78,20.949,0.051,0.008,0.0011403,1.0891
1921,2015,0.78,20.949,0.052,0.014,0,0
1922,2016,0.78,20.95,0.052,0.018,0.010531,10.0583
1923,2017,0.78,20.949,0.052,-0.003,0.0062109,5.9321
1924,2018,0.78,20.95,0.052,0.018,0.0181222,17.3087
1925,2019,0.78,20.949,0.052,-0.015,0.0175544,16.7664
1926,2020,0.78,20.948,0.051,-0.012,0.0161017,15.3789
1927,2021,0.78,20.95,0.052,-0.008,0.0073566,7.0264
1928,2022,0.78,20.949,0.052,-0.012,0.0104868,10.0161
1929,2023,0.78,20.95,0.052,-0.014,0,0
1930,2024,0.78,20.95,0.052,-0.004,0.0093139,8.8958
1931,2025,0.79,20.949,0.051,0.002,0,0
1932,2026,0.79,20.949,0.05,0.012,0,0
1933,2027,0.79,20.948,0.051,0,0,0
1934,2028,0.79,20.948,0.051,0.003,0.0022296,2.1295
1935,2029,0.79,20.948,0.051,-0.008,0.012899,12.32
1936,2030,0.79,20.948,0.051,-0.012,0.0249949,23.8729
1937,2031,0.79,20.949,0.052,-0.006,0.0097483,9.3107
1938,2032,0.79,20.948,0.052,0.001,0.0271387,25.9204
1939,2033,0.79,20.948,0.052,-0.002,0.0083624,7.987
1940,2034,0.79,20.948,0.052,0.012,0.0035576,3.3979
1941,2035,0.79,20.949,0.051,0.004,0,0
1942,2036,0.79,20.947,0.051,0.019,0.0062831,6.001
1943,2037,0.79,20.949,0.051,0.015,0,0
1944,2038,0.79,20.95,0.052,0.015,0,0
1945,2039,0.79,20.949,0.052,0.001,0.0197015,18.8171
1946,2040,0.79,20.949,0.052,-0.009,0.0318281,30.3993
1947,2041,0.79,20.949,0.051,-0.016,0.0267229,25.5233
1948,2042,0.79,20.948,0.051,-0.005,0.0243284,23.2363
1949,2043,0.79,20.949,0.052,-0.016,0.0120845,11.5421
1950,2044,0.79,20.948,0.051,0,0,0
1951,2045,0.79,20.948,0.051,-0.004,0,0
1952,2046,0.79,20.95,0.051,0.021,0,0
1953,2047,0.79,20.949,0.052,0.003,0.0029747,2.8412
1954,2048,0.79,20.948,0.052,0.009,0.0074323,7.0986
1955,2049,0.79,20.949,0.052,0.004,0.0380782,36.3689
1956,2050,0.79,20.95,0.052,-0.015,0.0259149,24.7516
1957,2051,0.79,20.949,0.052,-0.017,0,0
1958,2052,0.79,20.947,0.051,-0.017,0,0
1959,2053,0.79,20.948,0.052,-0.023,0,0
1960,2054,0.79,20.95,0.052,-0.008,0.0011808,1.1278
1961,2055,0.79,20.949,0.051,0.006,0,0
1962,2056,0.79,20.949,0.052,0.013,0.0041376,3.9519
1963,2057,0.79,20.948,0.052,0.014,0,0
1964,2058,0.79,20.948,0.052,0.005,0,0
1965,2059,0.79,20.948,0.052,0.001,0.0212568,20.3026
1966,2060,0.79,20.948,0.051,-0.023,0.0186015,17.7664
1967,2061,0.79,20.947,0.051,-0.015,0.0290205,27.7178
1968,2062,0.8,20.948,0.052,0.011,0.0141057,13.4725
1969,2063,0.8,20.948,0.052,0.005,0.0099649,9.5176
1970,2064,0.8,20.949,0.052,0.013,0,0
1971,2065,0.8,20.949,0.051,0.002,0,0
1972,2066,0.8,20.949,0.051,0.016,0,0
1973,2067,0.8,20.95,0.051,0.005,0,0
1974,2068,0.81,20.948,0.052,0.01,0,0
1975,2069,0.81,20.949,0.051,0.008,0.015391,14.7001
1976,2070,0.81,20.95,0.052,-0.011,0.0157717,15.0637
1977,2071,0.81,20.948,0.052,-0.014,0.010516,10.0439
1978,2072,0.81,20.949,0.051,-0.019,0.0075799,7.2397
1979,2073,0.8,20.948,0.051,-0.009,0,0
1980,2074,0.8,20.949,0.051,-0.01,0,0
1981,2075,0.8,20.95,0.051,0.004,0,0
1982,2076,0.8,20.95,0.052,0.012,0,0
1983,2077,0.8,20.95,0.051,0.023,0,0
1984,2078,0.8,20.95,0.051,0.017,0.0040533,3.8713
1985,2079,0.8,20.948,0.052,0.014,0.0216222,20.6516
1986,2080,0.8,20.948,0.051,-0.011,0.02679,25.5874
1987,2081,0.8,20.949,0.052,-0.006,0.0193484,18.4799
1988,2082,0.81,20.948,0.052,-0.002,0.0150059,14.3323
1989,2083,0.81,20.948,0.052,-0.004,0,0
1990,2084,0.81,20.949,0.052,0.019,0,0
1991,2085,0.81,20.949,0.052,0.014,0,0
1992,2086,0.81,20.949,0.051,0.008,0,0
1993,2087,0.81,20.949,0.052,0.012,0,0
1994,2088,0.81,20.95,0.051,0.009,8.65e-05,0.0826
1995,2089,0.81,20.949,0.051,0.005,0.0210055,20.0625
1996,2090,0.81,20.948,0.052,-0.011,0.007756,7.4079
1997,2091,0.8,20.948,0.051,-0.017,0.0285942,27.3106
1998,2092,0.8,20.948,0.052,-0.014,0.0176347,16.843
1999,2093,0.8,20.949,0.051,-0.011,0.013558,12.9494
2000,2094,0.8,20.949,0.052,0.004,0.0003571,0.3411
2001,2095,0.8,20.95,0.051,0.001,0,0
2002,2096,0.8,20.95,0.051,0.015,0,0
2003,2097,0.8,20.951,0.051,0.009,0.0033043,3.1559
2004,2098,0.81,20.949,0.052,0.015,0,0
2005,2099,0.81,20.949,0.052,0.003,0.009862,9.4193
2006,2100,0.81,20.949,0.052,-0.016,0.0076611,7.3172
2007,2101,0.81,20.949,0.052,-0.009,0.0214737,20.5098
2008,2102,0.81,20.95,0.051,-0.019,0.0363382,34.707
2009,2103,0.81,20.948,0.052,-0.017,0.0155378,14.8403
2010,2104,0.81,20.95,0.051,-0.019,0.0052325,4.9976
2011,2105,0.81,20.951,0.052,-0.001,0,0
2012,2106,0.81,20.95,0.052,0.004,0.0030761,2.938
2013,2107,0.81,20.949,0.051,0.01,0.0003604,0.3442
2014,2108,0.81,20.949,0.051,0.001,0.0003663,0.3499
2015,2109,0.81,20.949,0.051,-0.004,0.005687,5.4317
2016,2110,0.81,20.951,0.052,-0.005,0.0057706,5.5115
2017,2111,0.81,20.949,0.052,-0.004,0.0231118,22.0743
2018,2112,0.81,20.949,0.052,-0.012,0.0261581,24.9839
2019,2113,0.81,20.948,0.052,-0.021,0.0121934,11.646
2020,2114,0.81,20.947,0.052,-0.002,0,0
2021,2115,0.81,20.947,0.052,0.003,0.0006285,0.6003
2022,2116,0.82,20.948,0.051,0.006,0,0
2023,2117,0.82,20.95,0.051,0.006,0,0
2024,2118,0.82,20.948,0.052,-0.001,0,0
2025,2119,0.82,20.95,0.051,-0.002,0,0
2026,2120,0.82,20.95,0.052,-0.006,0.0086921,8.302
2027,2121,0.82,20.95,0.052,-0.007,0.0191275,18.2689
2028,2122,0.82,20.95,0.051,-0.023,0,0
2029,2123,0.82,20.95,0.051,-0.02,0,0
2030,2124,0.82,20.949,0.051,-0.012,0,0
2031,2125,0.82,20.95,0.051,-0.003,0,0
2032,2126,0.82,20.951,0.051,-0.006,0,0
2033,2127,0.82,20.951,0.051,0.007,0.0022027,2.1039
2034,2128,0.82,20.949,0.051,0.005,0,0
2035,2129,0.82,20.95,0.051,0.008,0.0133149,12.7172
2036,2130,0.82,20.95,0.051,0.001,0.003888,3.7135
2037,2131,0.82,20.95,0.051,-0.004,0.0344252,32.8798
2038,2132,0.82,20.949,0.051,-0.009,0.0140772,13.4453
2039,2133,0.82,20.948,0.051,0.002,0.0058455,5.5831
2040,2134,0.83,20.95,0.052,0.004,0,0
2041,2135,0.83,20.95,0.052,0.006,0,0
2042,2136,0.83,20.949,0.051,0.001,0,0
2043,2137,0.83,20.95,0.051,0.018,0,0
2044,2138,0.83,20.95,0.051,0.002,0.0052138,4.9797
2045,2139,0.83,20.949,0.052,0.013,0.024761,23.6494
2046,2140,0.83,20.949,0.052,-0.014,0.0220819,21.0907
2047,2141,0.83,20.95,0.052,-0.01,0.024976,23.8548
2048,2142,0.83,20.951,0.052,-0.029,0.0003659,0.3495
2049,2143,0.83,20.949,0.052,-0.01,0.0140536,13.4228
2050,2144,0.84,20.949,0.051,-0.007,0,0
2051,2145,0.84,20.95,0.051,0.007,0,0
2052,2146,0.84,20.95,0.051,0.002,0,0
2053,2147,0.84,20.95,0.051,0.018,0,0
2054,2148,0.83,20.949,0.051,0.019,0.0019351,1.8482
2055,2149,0.83,20.948,0.051,0.004,0.0054369,5.1929
2056,2150,0.83,20.948,0.051,-0.014,0.0151886,14.5068
2057,2151,0.84,20.948,0.05,-0.007,0.0358858,34.2749
2058,2152,0.84,20.947,0.051,-0.023,0.0122349,11.6856
2059,2153,0.84,20.95,0.051,-0.001,0.0284956,27.2165
2060,2154,0.84,20.95,0.052,-0.009,0.0062115,5.9326
2061,2155,0.84,20.949,0.052,0.011,0,0
2062,2156,0.84,20.948,0.052,0.015,0,0
2063,2157,0.84,20.947,0.051,0.02,0,0
2064,2158,0.84,20.948,0.051,0.017,0,0
2065,2159,0.84,20.949,0.051,0.007,0.007594,7.2531
2066,2160,0.84,20.948,0.051,-0.001,0.0077856,7.4361
2067,2161,0.84,20.949,0.051,-0.01,0.0058471,5.5847
2068,2162,0.84,20.949,0.052,-0.029,0,0
2069,2163,0.84,20.949,0.052,-0.013,0.0068499,6.5424
2070,2164,0.84,20.95,0.051,-0.024,0,0
2071,2165,0.84,20.949,0.052,0.003,0,0
2072,2166,0.84,20.948,0.051,0.007,0,0
2073,2167,0.84,20.949,0.052,0.006,0.0055217,5.2739
2074,2168,0.84,20.949,0.051,0.001,0,0
2075,2169,0.84,20.95,0.051,0.01,0.011906,11.3716
2076,2170,0.84,20.949,0.052,-0.003,0.0085608,8.1765
2077,2171,0.84,20.949,0.052,-0.009,0.0216279,20.657
2078,2172,0.84,20.95,0.052,-0.007,0.0054641,5.2188
2079,2173,0.84,20.95,0.052,0.004,0.0036507,3.4868
2080,2174,0.84,20.951,0.052,-0.008,0,0
2081,2175,0.84,20.95,0.052,0.011,0,0
2082,2176,0.85,20.949,0.051,0.007,8.43e-05,0.0805
2083,2177,0.85,20.95,0.051,0.012,0.0097265,9.2899
2084,2178,0.84,20.949,0.052,-0.001,0.0200162,19.1177
2085,2179,0.84,20.949,0.051,0.002,0,0
2086,2180,0.84,20.95,0.051,-0.007,0,0
2087,2181,0.84,20.949,0.051,-0.004,0.0132934,12.6967
2088,2182,0.85,20.949,0.051,-0.011,0.0132434,12.6489
2089,2183,0.85,20.948,0.052,-0.001,0.0290244,27.7215
2090,2184,0.85,20.949,0.052,-0.005,0.0032931,3.1453
2091,2185,0.85,20.95,0.052,0.008,0.0105454,10.072
2092,2186,0.85,20.95,0.052,0.007,0.0051081,4.8788
2093,2187,0.85,20.949,0.051,0.003,0.0027445,2.6213
2094,2188,0.85,20.949,0.051,-0.005,0,0
2095,2189,0.85,20.949,0.051,-0.01,0,0
2096,2190,0.85,20.948,0.051,0.006,0,0
2097,2191,0.85,20.949,0.052,0.001,0.0120615,11.52
2098,2192,0.85,20.95,0.051,-0.014,0.0273215,26.0951
2099,2193,0.85,20.95,0.051,-0.013,0.0159136,15.1992
2100,2194,0.85,20.95,0.051,-0.018,0.0204208,19.5041
2101,2195,0.85,20.948,0.051,0.001,0.0127625,12.1896
2102,2196,0.85,20.949,0.052,-0.001,0.0062849,6.0027
2103,2197,0.85,20.948,0.052,0.003,0,0
2104,2198,0.85,20.948,0.052,0.01,0.0059628,5.6951
2105,2199,0.85,20.947,0.051,0.011,0.0073837,7.0523
2106,2200,0.85,20.949,0.052,0.011,0.0089067,8.5069
2107,2201,0.85,20.95,0.052,0.011,0.0236791,22.6162
2108,2202,0.85,20.948,0.052,-0.008,0.0257998,24.6417
2109,2203,0.85,20.949,0.052,-0.022,0.0307046,29.3263
2110,2204,0.85,20.949,0.051,-0.007,0,0
2111,2205,0.85,20.948,0.051,-0.015,0,0
2112,2206,0.85,20.949,0.051,-0.003,0,0
2113,2207,0.86,20.948,0.051,0.003,0.0033157,3.1668
2114,2208,0.86,20.948,0.051,0.02,0,0
2115,2209,0.87,20.947,0.052,0.008,0,0
2116,2210,0.87,20.947,0.052,0.001,0.0079165,7.5611
2117,2211,0.87,20.948,0.052,-0.005,0.0248806,23.7637
2118,2212,0.86,20.949,0.052,-0.019,0.0245574,23.455
2119,2213,0.86,20.949,0.052,-0.016,0.0184915,17.6614
2120,2214,0.86,20.948,0.052,-0.021,0.0120991,11.556
2121,2215,0.87,20.948,0.052,0.005,0.0170764,16.3098
2122,2216,0.87,20.949,0.051,0.001,0.0105893,10.114
2123,2217,0.87,20.95,0.052,0.016,0.0082743,7.9028
2124,2218,0.87,20.949,0.051,0,0,0
2125,2219,0.87,20.949,0.051,0.004,0,0
2126,2220,0.87,20.95,0.052,0.004,0.0066095,6.3128
2127,2221,0.87,20.95,0.052,-0.009,0.0138621,13.2398
2128,2222,0.87,20.95,0.051,-0.02,0.0163319,15.5987
2129,2223,0.87,20.949,0.051,-0.014,0.0243257,23.2337
2130,2224,0.87,20.948,0.052,-0.013,0.0274822,26.2485
2131,2225,0.87,20.949,0.052,-0.008,0.0044448,4.2453
2132,2226,0.87,20.949,0.051,-0.008,0,0
2133,2227,0.88,20.948,0.051,-0.001,0,0
2134,2228,0.88,20.948,0.052,0.001,0,0
2135,2229,0.88,20.948,0.051,0.008,0.0163843,15.6488
2136,2230,0.87,20.95,0.052,0.015,0.0151197,14.441
2137,2231,0.87,20.95,0.052,-0.003,0.0248342,23.7194
2138,2232,0.87,20.949,0.051,-0.005,0.0216376,20.6663
2139,2233,0.87,20.948,0.052,-0.011,0.0199972,19.0995
2140,2234,0.87,20.949,0.051,-0.015,8.5e-05,0.0812
2141,2235,0.87,20.948,0.051,-0.012,0.0126005,12.0348
2142,2236,0.87,20.947,0.051,0,0,0
2143,2237,0.88,20.949,0.052,0.011,0,0
2144,2238,0.88,20.949,0.052,0.021,0.0019175,1.8314
2145,2239,0.88,20.951,0.052,0.009,0.0242609,23.1718
2146,2240,0.88,20.951,0.051,-0.012,0.0068944,6.5849
2147,2241,0.88,20.949,0.052,-0.01,0.0035979,3.4364
2148,2242,0.89,20.949,0.051,-0.015,8.44e-05,0.0807
2149,2243,0.89,20.948,0.051,-0.007,0.0027795,2.6547
2150,2244,0.89,20.947,0.052,-0.005,0.0035755,3.415
2151,2245,0.89,20.947,0.052,0.003,0.0055102,5.2628
2152,2246,0.88,20.949,0.052,-0.004,0.0115647,11.0456
2153,2247,0.88,20.948,0.052,0.013,0,0
2154,2248,0.88,20.948,0.051,0.004,0,0
2155,2249,0.88,20.949,0.051,0.007,0,0
2156,2250,0.88,20.948,0.051,-0.014,0.011507,10.9904
2157,2251,0.88,20.948,0.051,-0.007,0.0030465,2.9098
2158,2252,0.88,20.95,0.052,-0.004,0.0296044,28.2754
2159,2253,0.88,20.95,0.052,0.003,0.0162232,15.4949
2160,2254,0.88,20.949,0.052,-0.009,0.0314069,29.9971
2161,2255,0.88,20.951,0.052,-0.005,0.0064604,6.1704
2162,2256,0.88,20.95,0.051,-0.002,0,0
2163,2257,0.89,20.949,0.051,-0.002,0,0
2164,2258,0.89,20.948,0.052,0.014,0,0
2165,2259,0.89,20.95,0.052,0.009,0,0
2166,2260,0.89,20.95,0.052,0.02,0.0075656,7.226
2167,2261,0.88,20.949,0.051,0.002,0.0098421,9.4003
2168,2262,0.88,20.947,0.052,0.006,0.0116334,11.1112
2169,2263,0.88,20.948,0.052,-0.02,0.0275214,26.286
2170,2264,0.88,20.948,0.052,-0.012,0.0264478,25.2605
2171,2265,0.88,20.949,0.052,-0.026,0.0055863,5.3356
2172,2266,0.88,20.949,0.052,-0.003,0.0206332,19.7069
2173,2267,0.88,20.949,0.052,0.009,0.0115765,11.0568
2174,2268,0.88,20.949,0.051,0.009,0.0128492,12.2724
2175,2269,0.88,20.948,0.052,0.013,0,0
2176,2270,0.88,20.949,0.052,0.013,0.0193808,18.5108
2177,2271,0.88,20.949,0.052,-0.004,0.013577,12.9675
2178,2272,0.88,20.949,0.053,-0.006,0.0354971,33.9036
2179,2273,0.88,20.949,0.052,-0.004,0.0173574,16.5783
2180,2274,0.88,20.948,0.052,-0.013,0.0315514,30.1351
2181,2275,0.88,20.947,0.052,-0.022,0.0178454,17.0444
2182,2276,0.88,20.949,0.051,-0.002,0,0
2183,2277,0.88,20.949,0.051,-0.001,0.0008762,0.8368
2184,2278,0.88,20.946,0.051,0.003,0,0
2185,2279,0.88,20.947,0.052,-0.003,0,0
2186,2280,0.88,20.948,0.051,0.011,0.0199541,19.0584
2187,2281,0.88,20.949,0.051,-0.009,0.0139113,13.2868
2188,2282,0.88,20.948,0.051,0.001,0.0155276,14.8305
2189,2283,0.88,20.947,0.052,-0.019,0.0239014,22.8285
2190,2284,0.88,20.947,0.052,-0.013,0.0202577,19.3484
2191,2285,0.88,20.949,0.052,-0.021,0.0105719,10.0973
2192,2286,0.88,20.948,0.052,-0.009,0,0
2193,2287,0.88,20.948,0.052,0.007,0,0
2194,2288,0.88,20.95,0.052,0.007,0,0
2195,2289,0.89,20.948,0.052,0.023,0,0
2196,2290,0.89,20.948,0.052,0.008,0,0
2197,2291,0.89,20.948,0.052,-0.006,0.000893,0.853
2198,2292,0.89,20.947,0.052,-0.01,0.0108863,10.3977
2199,2293,0.89,20.949,0.052,-0.016,0.0206051,19.6802
2200,2294,0.9,20.95,0.052,-0.019,0.0407323,38.9039
2201,2295,0.9,20.949,0.052,-0.006,0.0226516,21.6348
2202,2296,0.9,20.947,0.052,-0.007,0.021025,20.0812
2203,2297,0.9,20.949,0.052,0.001,0,0
2204,2298,0.9,20.95,0.052,0.012,0.0044011,4.2035
2205,2299,0.9,20.949,0.052,0.004,0,0
2206,2300,0.9,20.949,0.052,0.012,0.0022046,2.1057
2207,2301,0.9,20.949,0.052,0.015,0.0107143,10.2334
2208,2302,0.9,20.948,0.052,0.007,0.0054623,5.2171
2209,2303,0.9,20.948,0.052,-0.007,0.0152426,14.5584
2210,2304,0.9,20.949,0.052,-0.016,8.41e-05,0.0804
2211,2305,0.9,20.949,0.052,-0.03,0.0098261,9.385
2212,2306,0.9,20.948,0.051,-0.013,0.0134289,12.8261
2213,2307,0.9,20.948,0.051,-0.011,0.007028,6.7125
2214,2308,0.9,20.948,0.051,0.006,0.0114525,10.9384
2215,2309,0.91,20.949,0.052,0,0.0030726,2.9347
2216,2310,0.92,20.949,0.052,0.003,0.0084818,8.1011
2217,2311,0.92,20.95,0.052,0.001,0.0054014,5.159
2218,2312,0.92,20.949,0.051,-0.002,0.016187,15.4604
2219,2313,0.92,20.948,0.052,-0.001,0.0286196,27.3348
2220,2314,0.92,20.949,0.052,-0.011,0.0325038,31.0447
2221,2315,0.91,20.949,0.052,0.003,0.0258177,24.6587
2222,2316,0.91,20.949,0.053,-0.006,0.0138235,13.2029
2223,2317,0.91,20.949,0.052,-0.001,0.0159249,15.2101
2224,2318,0.92,20.947,0.052,0.006,0.0030585,2.9212
2225,2319,0.92,20.947,0.051,0.002,0,0
2226,2320,0.92,20.947,0.051,0.006,0,0
2227,2321,0.92,20.948,0.052,-0.004,0.0116601,11.1366
2228,2322,0.92,20.949,0.052,-0.002,0.0171125,16.3443
2229,2323,0.92,20.949,0.052,-0.012,0.0339504,32.4263
2230,2324,0.91,20.949,0.051,-0.019,0.0344083,32.8637
2231,2325,0.91,20.948,0.052,-0.021,0.0119893,11.4511
2232,2326,0.91,20.948,0.052,-0.021,0.0115116,10.9948
2233,2327,0.91,20.949,0.051,-0.005,0.0114939,10.9779
2234,2328,0.91,20.948,0.052,-0.006,0.0168203,16.0652
2235,2329,0.91,20.948,0.052,0.005,0,0
2236,2330,0.91,20.948,0.052,0.004,0,0
2237,2331,0.91,20.95,0.052,0.012,0.0022195,2.1199
2238,2332,0.91,20.951,0.052,-0.003,0.0066102,6.3134
2239,2333,0.91,20.948,0.052,-0.008,0.0246805,23.5726
2240,2334,0.91,20.948,0.052,-0.019,0.0296922,28.3593
2241,2335,0.91,20.947,0.052,-0.024,0.0162232,15.4949
2242,2336,0.92,20.948,0.052,-0.008,0,0
2243,2337,0.92,20.949,0.052,-0.003,0,0
2244,2338,0.92,20.948,0.051,0.002,0.0008604,0.8217
2245,2339,0.92,20.947,0.052,-0.002,0.0054558,5.2109
2246,2340,0.92,20.947,0.052,0.011,8.4e-05,0.0803
2247,2341,0.92,20.948,0.052,0.013,0,0
2248,2342,0.92,20.949,0.052,0.001,0.010628,10.1509
2249,2343,0.92,20.949,0.052,-0.003,0.0090834,8.6757
2250,2344,0.92,20.949,0.052,-0.02,0.01281,12.235
2251,2345,0.92,20.949,0.052,-0.02,0.0104465,9.9776
2252,2346,0.92,20.948,0.051,-0.012,0.0250994,23.9727
2253,2347,0.92,20.949,0.051,0.006,0.0102584,9.7979
2254,2348,0.92,20.949,0.051,0.005,0.0087973,8.4024
2255,2349,0.92,20.949,0.052,0.008,0.0033533,3.2028
2256,2350,0.92,20.948,0.052,-0.002,0,0
2257,2351,0.92,20.949,0.051,0.003,0,0
2258,2352,0.93,20.949,0.051,0.006,0.016607,15.8615
2259,2353,0.93,20.949,0.051,-0.001,0.0061619,5.8853
2260,2354,0.92,20.948,0.051,-0.009,0.0166507,15.9033
2261,2355,0.92,20.95,0.052,-0.008,0.0083916,8.0149
2262,2356,0.92,20.949,0.052,-0.002,0.0011458,1.0943
2263,2357,0.92,20.948,0.052,-0.011,0,0
2264,2358,0.92,20.947,0.052,0.003,0,0
2265,2359,0.92,20.947,0.052,-0.005,0,0
2266,2360,0.92,20.949,0.051,0,0.0040507,3.8689
2267,2361,0.92,20.949,0.052,0.011,0.0135464,12.9383
2268,2362,0.92,20.949,0.052,0.013,0.0321903,30.7453
2269,2363,0.92,20.949,0.051,-0.012,0.0538892,51.4701
2270,2364,0.92,20.949,0.052,0.003,0.0357743,34.1684
2271,2365,0.92,20.948,0.052,-0.003,0.0258608,24.6999
2272,2366,0.92,20.947,0.051,0,0.0161777,15.4515
2273,2367,0.92,20.948,0.051,0.003,0.0041159,3.9312
2274,2368,0.92,20.949,0.051,0.001,0.0022503,2.1493
2275,2369,0.92,20.95,0.052,0.012,0,0
2276,2370,0.92,20.949,0.051,0.012,0.0019521,1.8645
2277,2371,0.92,20.949,0.052,0.005,0.0092562,8.8406
2278,2372,0.92,20.948,0.051,0,0.0105546,10.0808
2279,2373,0.92,20.947,0.052,-0.016,0.0097604,9.3222
2280,2374,0.93,20.947,0.052,-0.033,0.0237326,22.6672
2281,2375,0.93,20.946,0.052,-0.021,0.0127788,12.2052
2282,2376,0.93,20.947,0.052,-0.016,0.0062406,5.9605
2283,2377,0.93,20.948,0.052,-0.007,0.0043999,4.2023
2284,2378,0.93,20.948,0.051,0.004,0.001663,1.5883
2285,2379,0.93,20.948,0.051,0.002,0,0
2286,2380,0.93,20.949,0.052,0.005,0.0019233,1.8369
2287,2381,0.93,20.949,0.051,0.006,8.36e-05,0.0799
2288,2382,0.93,20.948,0.051,0.005,0.0120462,11.5054
2289,2383,0.93,20.947,0.051,-0.001,0.0192307,18.3674
2290,2384,0.93,20.948,0.052,-0.005,0.0244574,23.3595
2291,2385,0.93,20.949,0.052,-0.009,0.0134315,12.8285
2292,2386,0.93,20.947,0.052,-0.009,0.0044136,4.2155
2293,2387,0.93,20.949,0.052,0.002,0.0084568,8.0771
2294,2388,0.93,20.948,0.051,-0.001,0.0062625,5.9814
2295,2389,0.93,20.949,0.052,0.012,0.0102482,9.7882
2296,2390,0.93,20.947,0.052,0.013,8.56e-05,0.0818
2297,2391,0.94,20.948,0.052,0.006,0.0022462,2.1454
2298,2392,0.94,20.948,0.051,0.003,0.0159847,15.2671
2299,2393,0.94,20.949,0.051,-0.007,0.0033893,3.2371
2300,2394,0.94,20.949,0.051,-0.014,0.0255812,24.4329
2301,2395,0.94,20.949,0.051,-0.014,0.0378992,36.1979
2302,2396,0.94,20.948,0.05,-0.013,0.0180257,17.2166
2303,2397,0.94,20.95,0.051,0.001,0.0138002,13.1807
2304,2398,0.94,20.949,0.051,0.001,0,0
2305,2399,0.94,20.948,0.051,0.003,0,0
2306,2400,0.94,20.948,0.052,0.004,0.0011489,1.0973
2307,2401,0.94,20.947,0.052,0.003,0.0014384,1.3738
2308,2402,0.94,20.949,0.052,0.001,0.0032808,3.1336
2309,2403,0.94,20.949,0.052,-0.007,0.0161325,15.4083
2310,2404,0.94,20.948,0.052,0,0.0187967,17.953
2311,2405,0.94,20.949,0.051,-0.016,0.0252785,24.1437
2312,2406,0.94,20.948,0.051,-0.017,0.0301908,28.8355
2313,2407,0.94,20.946,0.051,-0.008,0.0120244,11.4847
2314,2408,0.95,20.948,0.052,-0.004,0.002242,2.1413
2315,2409,0.95,20.948,0.052,0.021,0.019148,18.2884
2316,2410,0.95,20.948,0.052,0.016,0.0011612,1.1091
2317,2411,0.95,20.948,0.051,0.002,0,0
2318,2412,0.95,20.949,0.052,-0.002,0.0014512,1.3861
2319,2413,0.95,20.95,0.051,0,0.0107906,10.3063
2320,2414,0.95,20.949,0.051,-0.011,0.0174202,16.6382
2321,2415,0.95,20.949,0.052,-0.018,0.0397825,37.9966
2322,2416,0.95,20.95,0.052,-0.016,0.015997,15.2789
2323,2417,0.95,20.948,0.051,-0.02,0.0181105,17.2975
2324,2418,0.95,20.948,0.051,-0.007,0,0
2325,2419,0.95,20.949,0.051,0.002,0,0
2326,2420,0.95,20.949,0.052,-0.009,0,0
2327,2421,0.95,20.948,0.052,0.002,0,0
2328,2422,0.95,20.949,0.052,0.004,0.0092261,8.8119
2329,2423,0.95,20.949,0.052,-0.003,0.0208749,19.9378
2330,2424,0.95,20.95,0.051,-0.007,0.0030663,2.9287
2331,2425,0.95,20.949,0.051,-0.012,0.0309201,29.5321
2332,2426,0.95,20.949,0.052,-0.028,0.0175363,16.7491
2333,2427,0.95,20.948,0.052,-0.007,0.0176022,16.8121
2334,2428,0.95,20.948,0.053,-0.004,0,0
2335,2429,0.96,20.947,0.052,0.013,0,0
2336,2430,0.96,20.948,0.053,0.005,0,0
2337,2431,0.96,20.949,0.052,0.009,0,0
2338,2432,0.96,20.95,0.052,0.005,0.0120484,11.5076
2339,2433,0.97,20.949,0.051,0.004,0.014824,14.1585
2340,2434,0.97,20.947,0.052,-0.02,0.028077,26.8166
2341,2435,0.97,20.95,0.052,0.005,0.0119579,11.4211
2342,2436,0.97,20.948,0.051,-0.026,0.007915,7.5597
2343,2437,0.97,20.949,0.051,-0.012,0.0050155,4.7903
2344,2438,0.97,20.949,0.051,-0.012,0.0051599,4.9282
2345,2439,0.97,20.949,0.051,0.003,0,0
2346,2440,0.96,20.95,0.052,0.015,0,0
2347,2441,0.96,20.948,0.052,0.018,0,0
2348,2442,0.96,20.948,0.051,0.008,0.0033451,3.1949
2349,2443,0.97,20.949,0.051,-0.007,0.0245598,23.4573
2350,2444,0.97,20.949,0.051,-0.005,0.0248654,23.7491
2351,2445,0.97,20.948,0.051,-0.017,0.0158485,15.137
2352,2446,0.96,20.948,0.052,-0.007,0.0104362,9.9677
2353,2447,0.96,20.949,0.052,-0.009,0.0179642,17.1578
2354,2448,0.96,20.95,0.052,0.003,0.0091078,8.6989
2355,2449,0.96,20.948,0.052,0.003,0,0
2356,2450,0.96,20.948,0.052,0.008,0,0
2357,2451,0.96,20.949,0.052,0.015,0,0
2358,2452,0.96,20.949,0.052,0.015,0.0071908,6.868
2359,2453,0.96,20.948,0.051,0,0.0072918,6.9645
2360,2454,0.96,20.949,0.052,-0.014,0.0201079,19.2053
2361,2455,0.96,20.948,0.052,-0.01,0.0196713,18.7883
2362,2456,0.96,20.947,0.052,-0.007,0.02755,26.3133
2363,2457,0.96,20.948,0.052,-0.002,0.0227091,21.6896
2364,2458,0.96,20.948,0.052,-0.009,0.0011663,1.1139
2365,2459,0.96,20.948,0.051,0.004,0.0041519,3.9655
2366,2460,0.96,20.947,0.051,0.023,0.0005905,0.564
2367,2461,0.96,20.948,0.052,0.019,0.0019671,1.8788
2368,2462,0.96,20.948,0.052,0.017,0,0
2369,2463,0.97,20.948,0.052,0.006,0.0084988,8.1173
2370,2464,0.97,20.947,0.052,0.001,0.0180925,17.2803
2371,2465,0.97,20.948,0.052,-0.011,0.0265621,25.3697
2372,2466,0.97,20.948,0.052,-0.015,0.0223558,21.3523
2373,2467,0.97,20.949,0.051,-0.018,0.0197253,18.8398
2374,2468,0.97,20.948,0.051,-0.017,0,0
2375,2469,0.97,20.949,0.052,0.003,0,0
2376,2470,0.97,20.949,0.051,0.004,0,0
2377,2471,0.97,20.948,0.052,0.013,0.0132919,12.6953
2378,2472,0.97,20.947,0.051,0.006,0.0093866,8.9652
2379,2473,0.97,20.948,0.051,0.008,0.0072156,6.8917
2380,2474,0.97,20.949,0.051,0.001,8.56e-05,0.0817
2381,2475,0.97,20.948,0.051,-0.008,0.0204667,19.548
2382,2476,0.97,20.948,0.052,-0.016,0.0117748,11.2463
2383,2477,0.97,20.948,0.052,-0.018,0.0041183,3.9334
2384,2478,0.97,20.949,0.051,-0.015,0,0
2385,2479,0.97,20.949,0.051,0.007,0.0073501,7.0202
2386,2480,0.97,20.949,0.052,0.005,0,0
2387,2481,0.97,20.949,0.052,0.015,0.0115148,10.9979
2388,2482,0.97,20.948,0.051,0,0,0
2389,2483,0.97,20.947,0.052,0,0.0051835,4.9508
2390,2484,0.97,20.948,0.052,0.001,0.015369,14.6791
2391,2485,0.97,20.948,0.051,0.003,0.0231956,22.1543
2392,2486,0.97,20.949,0.051,-0.01,0.0099691,9.5216
2393,2487,0.97,20.948,0.052,-0.002,0.0025516,2.437
2394,2488,0.98,20.948,0.051,0.004,0,0
2395,2489,0.98,20.948,0.051,0.008,0,0
2396,2490,0.99,20.949,0.051,0.002,0,0
2397,2491,1,20.948,0.051,0.016,0.0061647,5.8879
2398,2492,1,20.948,0.051,0.003,0.0063257,6.0418
2399,2493,0.99,20.947,0.052,0.01,0.0319685,30.5335
2400,2494,0.99,20.948,0.052,0.003,0.025329,24.192
2401,2495,0.98,20.948,0.052,-0.011,0.0230983,22.0614
2402,2496,0.98,20.949,0.051,-0.019,0.0334299,31.9292
2403,2497,0.98,20.949,0.052,-0.005,0.032646,31.1805
2404,2498,0.98,20.949,0.051,-0.004,0.025384,24.2445
2405,2499,0.98,20.95,0.051,0.003,0.010337,9.873
2406,2500,0.98,20.95,0.051,0.006,0,0
2407,2501,0.98,20.949,0.052,0.015,0,0
2408,2502,0.98,20.949,0.051,0.002,0.0052231,4.9886
2409,2503,0.98,20.948,0.052,0.003,0.0044601,4.2599
2410,2504,0.98,20.948,0.052,-0.017,0.0106749,10.1957
2411,2505,0.98,20.947,0.051,-0.011,0.0294281,28.1071
2412,2506,0.98,20.947,0.052,-0.017,0.016311,15.5788
2413,2507,0.98,20.949,0.052,-0.019,0.0109261,10.4356
2414,2508,0.98,20.947,0.052,-0.023,0.0065351,6.2417
2415,2509,0.98,20.948,0.052,-0.016,0.0022518,2.1507
2416,2510,0.98,20.948,0.052,0.003,0,0
2417,2511,0.98,20.947,0.051,0.007,0,0
2418,2512,0.98,20.949,0.052,0.011,0.0022239,2.1241
2419,2513,0.98,20.948,0.052,0.003,0.01317,12.5788
2420,2514,0.98,20.948,0.052,-0.001,0.0017377,1.6597
2421,2515,0.98,20.949,0.051,-0.007,0.026081,24.9102
2422,2516,0.99,20.949,0.052,-0.023,0.0198122,18.9228
2423,2517,0.99,20.949,0.052,-0.012,0.0003654,0.349
2424,2518,0.99,20.949,0.052,-0.007,0.0108241,10.3382
2425,2519,0.99,20.949,0.052,-0.003,0,0
2426,2520,0.99,20.949,0.051,0.001,0,0
2427,2521,0.99,20.949,0.051,0.019,0,0
2428,2522,0.99,20.949,0.052,0.009,0,0
2429,2523,0.99,20.948,0.051,0.001,0,0
2430,2524,1,20.949,0.051,-0.008,0.0139609,13.3341
2431,2525,1,20.949,0.051,-0.007,0.0158562,15.1444
2432,2526,1,20.951,0.052,-0.02,0.0231423,22.1035
2433,2527,1,20.949,0.052,-0.02,0.0199845,19.0874
2434,2528,1,20.95,0.052,-0.002,0.0100894,9.6365
2435,2529,1,20.95,0.052,-0.007,0.0036152,3.4529
2436,2530,1.01,20.949,0.051,0.012,0,0
2437,2531,1,20.95,0.051,0.011,0,0
2438,2532,1,20.95,0.051,0.01,0,0
2439,2533,1,20.949,0.052,0.007,0.0086504,8.2621
2440,2534,1,20.949,0.052,0.018,0,0
2441,2535,1,20.949,0.052,-0.01,0.0160481,15.3277
2442,2536,1,20.949,0.052,-0.007,0.0161044,15.3815
2443,2537,1,20.948,0.051,-0.018,0.0167879,16.0343
2444,2538,1,20.949,0.051,-0.015,0.0043512,4.1559
2445,2539,1,20.949,0.051,-0.01,0.0008741,0.8349
2446,2540,1,20.95,0.052,-0.004,0.0103072,9.8446
2447,2541,1,20.95,0.052,0.021,0.007411,7.0784
2448,2542,1,20.949,0.052,0.016,0.0041708,3.9836
2449,2543,1,20.949,0.052,0.016,0.0107012,10.2208
2450,2544,1,20.95,0.051,-0.005,0.0216797,20.7065
2451,2545,1,20.949,0.051,-0.002,0.0210618,20.1163
2452,2546,1,20.951,0.052,-0.006,0.0142781,13.6372
2453,2547,1,20.948,0.052,-0.007,0.0148153,14.1502
2454,2548,1,20.948,0.052,-0.008,0.0041213,3.9363
2455,2549,1,20.948,0.052,-0.001,0,0
2456,2550,1,20.949,0.052,0.007,0.0092288,8.8145
2457,2551,1,20.948,0.052,0.003,0.0082449,7.8748
2458,2552,1,20.947,0.052,0.001,0.0011532,1.1014
2459,2553,1,20.948,0.052,0.004,0,0
2460,2554,1,20.948,0.052,-0.002,0.0063239,6.04
2461,2555,1.01,20.948,0.052,-0.008,0.0163797,15.6444
2462,2556,1.01,20.947,0.052,-0.016,0.0119652,11.4281
2463,2557,1.01,20.949,0.052,-0.015,0.0108045,10.3195
2464,2558,1.01,20.95,0.051,-0.006,0.0186004,17.7654
2465,2559,1.01,20.948,0.051,0.005,0,0
2466,2560,1.01,20.948,0.052,0.004,0,0
2467,2561,1.01,20.95,0.052,0.004,0.004862,4.6438
2468,2562,1.01,20.947,0.052,0,0,0
2469,2563,1.01,20.948,0.052,0.002,0.0148423,14.176
2470,2564,1.01,20.949,0.052,0.01,0.0168708,16.1134
2471,2565,1.01,20.948,0.052,0.002,0.0347824,33.221
2472,2566,1.01,20.948,0.052,-0.012,0.0265547,25.3626
2473,2567,1.01,20.949,0.051,-0.008,0.0244717,23.3732
2474,2568,1.01,20.949,0.051,-0.006,0.0159585,15.2421
2475,2569,1.01,20.949,0.051,-0.013,0.005139,4.9083
2476,2570,1.02,20.949,0.052,0.013,0.0129536,12.3721
2477,2571,1.02,20.95,0.052,0.014,0,0
2478,2572,1.02,20.948,0.052,0.008,0,0
2479,2573,1.02,20.947,0.052,0.012,0.0011563,1.1044
2480,2574,1.02,20.948,0.052,-0.006,0.0075265,7.1886
2481,2575,1.02,20.948,0.052,-0.008,0.0011337,1.0828
2482,2576,1.02,20.948,0.052,-0.024,0.0088513,8.4539
2483,2577,1.02,20.948,0.052,-0.012,0.0180769,17.2654
2484,2578,1.02,20.947,0.051,-0.015,0.010878,10.3896
2485,2579,1.02,20.948,0.051,-0.006,0.0022484,2.1475
2486,2580,1.02,20.948,0.051,0.004,0.0021892,2.0909
2487,2581,1.02,20.948,0.052,-0.003,0.0114011,10.8893
2488,2582,1.02,20.948,0.052,0.008,0,0
2489,2583,1.02,20.949,0.051,0.014,0.0022486,2.1477
2490,2584,1.02,20.95,0.051,0.003,0.0053756,5.1343
2491,2585,1.02,20.949,0.052,-0.003,0.0091957,8.7829
2492,2586,1.02,20.949,0.052,0.002,0.0120195,11.48
2493,2587,1.02,20.949,0.052,-0.005,0.0171891,16.4175
2494,2588,1.02,20.949,0.052,-0.009,0.0179141,17.11
2495,2589,1.02,20.948,0.051,-0.007,0.0157055,15.0005
2496,2590,1.02,20.949,0.052,0.002,0.0118093,11.2792
2497,2591,1.03,20.949,0.052,0.001,0.0011808,1.1278
2498,2592,1.03,20.949,0.052,0.002,0,0
2499,2593,1.03,20.947,0.052,0.014,0,0
2500,2594,1.03,20.95,0.052,0.001,0,0
2501,2595,1.03,20.949,0.052,-0.002,0.0030275,2.8916
2502,2596,1.03,20.949,0.052,-0.01,0.0106485,10.1705
2503,2597,1.03,20.95,0.051,-0.013,0.0155795,14.8801
2504,2598,1.03,20.95,0.051,-0.012,0.0106868,10.2071
2505,2599,1.04,20.949,0.051,-0.017,0.0125812,12.0164
2506,2600,1.04,20.95,0.051,-0.006,0.0083892,8.0126
2507,2601,1.04,20.948,0.052,-0.002,0,0
2508,2602,1.04,20.948,0.052,0.002,0,0
2509,2603,1.03,20.949,0.052,0.006,0,0
2510,2604,1.03,20.949,0.052,0.016,0.0075933,7.2524
2511,2605,1.03,20.949,0.052,0.023,0.019187,18.3257
2512,2606,1.03,20.948,0.052,0.005,0.0339327,32.4094
2513,2607,1.03,20.948,0.052,-0.002,0.0319886,30.5527
2514,2608,1.03,20.948,0.051,-0.016,0.0035727,3.4123
2515,2609,1.03,20.95,0.051,-0.001,0,0
2516,2610,1.03,20.948,0.052,0.002,0,0
2517,2611,1.03,20.947,0.052,0,0,0
2518,2612,1.03,20.948,0.052,0.005,0,0
2519,2613,1.03,20.949,0.051,0.019,0.0110809,10.5835
2520,2614,1.03,20.948,0.051,0.014,0,0
2521,2615,1.04,20.95,0.051,-0.003,0.0145659,13.912
2522,2616,1.04,20.949,0.051,-0.009,0.0172123,16.4396
2523,2617,1.04,20.948,0.052,-0.023,0.0350543,33.4807
2524,2618,1.04,20.948,0.052,-0.022,0.0171551,16.385
2525,2619,1.04,20.948,0.053,-0.005,0,0
2526,2620,1.04,20.95,0.053,0.008,0.0043624,4.1665
2527,2621,1.04,20.95,0.051,0.007,0.0030345,2.8983
2528,2622,1.04,20.949,0.051,0.005,0,0
2529,2623,1.04,20.95,0.051,0.007,0,0
2530,2624,1.04,20.95,0.051,-0.011,0.0104961,10.0249
2531,2625,1.04,20.95,0.052,0.012,0.0186021,17.767
2532,2626,1.04,20.95,0.052,-0.006,0.0104757,10.0054
2533,2627,1.04,20.948,0.052,-0.008,0.0111647,10.6635
2534,2628,1.04,20.948,0.052,-0.025,0.0163053,15.5734
2535,2629,1.04,20.948,0.051,-0.008,0.0148888,14.2204
2536,2630,1.04,20.948,0.052,0.002,0,0
2537,2631,1.04,20.95,0.052,-0.001,0.0064828,6.1918
2538,2632,1.04,20.949,0.052,0.005,0.001972,1.8835
2539,2633,1.04,20.948,0.052,0.022,0.0096404,9.2076
2540,2634,1.04,20.949,0.052,0.016,0,0
2541,2635,1.05,20.948,0.052,-0.002,0.0130626,12.4762
2542,2636,1.05,20.948,0.052,-0.019,8.45e-05,0.0807
2543,2637,1.05,20.95,0.052,-0.016,0.0096958,9.2606
2544,2638,1.05,20.951,0.051,-0.012,0.0068499,6.5424
2545,2639,1.05,20.95,0.051,-0.011,0.0129972,12.4137
2546,2640,1.05,20.949,0.051,-0.005,0.0115492,11.0307
2547,2641,1.05,20.948,0.052,0.005,0.005959,5.6915
2548,2642,1.05,20.949,0.052,-0.003,0,0
2549,2643,1.05,20.949,0.051,0.006,0.0041395,3.9537
2550,2644,1.05,20.948,0.052,-0.005,0.0051733,4.9411
2551,2645,1.05,20.949,0.052,0.004,0,0
2552,2646,1.05,20.949,0.052,-0.009,0.0209963,20.0538
2553,2647,1.05,20.949,0.053,0.003,0.0201119,19.209
2554,2648,1.05,20.949,0.053,-0.007,0.0188974,18.0491
2555,2649,1.05,20.949,0.052,-0.009,0.0064037,6.1163
2556,2650,1.05,20.95,0.052,-0.004,0,0
2557,2651,1.05,20.948,0.052,-0.003,0,0
2558,2652,1.05,20.948,0.052,0.007,0,0
2559,2653,1.05,20.947,0.051,0.015,0.0044134,4.2153
2560,2654,1.05,20.95,0.051,0.005,0,0
2561,2655,1.05,20.948,0.052,0.004,0.0111625,10.6614
2562,2656,1.05,20.948,0.052,0.012,0,0
2563,2657,1.05,20.949,0.052,-0.021,0.0206152,19.6898
2564,2658,1.05,20.95,0.051,-0.011,0.0249166,23.7981
2565,2659,1.05,20.948,0.051,-0.004,0.0173992,16.6181
2566,2660,1.05,20.947,0.051,-0.002,0,0
2567,2661,1.05,20.949,0.051,0.001,0,0
2568,2662,1.05,20.95,0.051,0.005,0,0
2569,2663,1.05,20.95,0.052,0.004,0,0
2570,2664,1.05,20.95,0.052,-0.001,0,0
2571,2665,1.05,20.949,0.052,0.009,0.0053712,5.1301
2572,2666,1.05,20.949,0.052,-0.012,0.0150306,14.3559
2573,2667,1.05,20.95,0.052,-0.004,0.024145,23.0611
2574,2668,1.05,20.951,0.052,-0.011,0.0213131,20.3563
2575,2669,1.05,20.948,0.052,-0.02,0.0236668,22.6044
2576,2670,1.06,20.949,0.052,-0.013,0,0
2577,2671,1.06,20.949,0.052,0.001,0.0201671,19.2618
2578,2672,1.06,20.95,0.052,0.015,0,0
2579,2673,1.06,20.949,0.052,0.013,0,0
2580,2674,1.06,20.948,0.051,0.015,0.0096078,9.1765
2581,2675,1.07,20.95,0.051,0.001,0,0
2582,2676,1.07,20.95,0.052,-0.001,0.0132096,12.6166
2583,2677,1.07,20.949,0.052,-0.006,0.0304206,29.055
2584,2678,1.07,20.948,0.052,-0.019,0.0290345,27.7311
2585,2679,1.07,20.949,0.051,-0.012,0.0070538,6.7372
2586,2680,1.07,20.948,0.051,-0.013,0.005678,5.4231
2587,2681,1.07,20.948,0.052,0.01,0,0
2588,2682,1.07,20.948,0.051,-0.011,0,0
2589,2683,1.07,20.948,0.051,0.001,0,0
2590,2684,1.07,20.951,0.051,0.008,0,0
2591,2685,1.07,20.951,0.051,-0.005,0.0055254,5.2774
2592,2686,1.07,20.949,0.052,0.007,0.0065424,6.2487
2593,2687,1.07,20.95,0.051,-0.009,0.0154474,14.7539
2594,2688,1.07,20.949,0.051,-0.029,0.0172513,16.4769
2595,2689,1.07,20.95,0.052,-0.028,0.0014398,1.3752
2596,2690,1.08,20.95,0.051,-0.013,0.0145132,13.8617
2597,2691,1.08,20.951,0.052,-0.006,0,0
2598,2692,1.07,20.95,0.052,0.017,0,0
2599,2693,1.07,20.949,0.052,0.01,0,0
2600,2694,1.07,20.949,0.052,0.019,0.0035906,3.4294
2601,2695,1.07,20.95,0.051,0.004,0,0
2602,2696,1.07,20.949,0.051,-0.001,0.0144505,13.8018
2603,2697,1.08,20.949,0.051,-0.002,0.0196825,18.7989
2604,2698,1.08,20.949,0.052,-0.015,0.0011441,1.0927
2605,2699,1.08,20.95,0.052,-0.008,0.025409,24.2684
2606,2700,1.08,20.948,0.052,-0.003,0.0182207,17.4028
2607,2701,1.08,20.95,0.052,-0.001,0.0181449,17.3304
2608,2702,1.08,20.947,0.052,0.011,0,0
2609,2703,1.08,20.948,0.051,0.004,0,0
2610,2704,1.08,20.95,0.051,0.007,0,0
2611,2705,1.08,20.951,0.051,-0.004,0.0146628,14.0046
2612,2706,1.08,20.95,0.052,0.001,0.0163506,15.6166
2613,2707,1.08,20.95,0.052,-0.015,0.0068446,6.5373
2614,2708,1.07,20.95,0.052,-0.015,0.0276056,26.3664
2615,2709,1.07,20.949,0.052,0.002,0.016417,15.68
2616,2710,1.07,20.949,0.052,-0.016,0.0089703,8.5677
2617,2711,1.07,20.948,0.051,-0.014,0.0096031,9.172
2618,2712,1.07,20.949,0.051,-0.008,0.004121,3.936
2619,2713,1.07,20.948,0.052,0.008,0.0011517,1.1
2620,2714,1.07,20.949,0.051,0.009,0,0
2621,2715,1.08,20.948,0.051,0.004,0.0142142,13.5762
2622,2716,1.08,20.951,0.051,-0.005,0.0127562,12.1836
2623,2717,1.08,20.948,0.052,-0.011,0.0179641,17.1577
2624,2718,1.08,20.949,0.051,-0.008,0.0156371,14.9352
2625,2719,1.08,20.95,0.052,-0.022,0.0200083,19.1101
2626,2720,1.08,20.949,0.051,-0.012,0.0115844,11.0643
2627,2721,1.08,20.949,0.051,-0.009,0,0
2628,2722,1.08,20.95,0.051,0,0,0
2629,2723,1.08,20.948,0.051,0.005,0,0
2630,2724,1.08,20.948,0.051,0.003,0.0063004,6.0176
2631,2725,1.09,20.949,0.052,0.015,0.0084671,8.087
2632,2726,1.09,20.949,0.052,-0.01,0,0
2633,2727,1.09,20.949,0.051,-0.004,0.0158236,15.1133
2634,2728,1.09,20.948,0.052,-0.008,0.0054874,5.2411
2635,2729,1.09,20.948,0.052,-0.016,0.0157455,15.0387
2636,2730,1.09,20.95,0.052,-0.011,0.0165208,15.7792
2637,2731,1.09,20.948,0.051,-0.003,0.0142107,13.5727
2638,2732,1.09,20.948,0.051,0.007,0,0
2639,2733,1.09,20.95,0.052,0.004,0,0
2640,2734,1.09,20.95,0.052,0.02,0,0
2641,2735,1.09,20.949,0.052,0.002,0,0
2642,2736,1.09,20.948,0.052,0,0.0076315,7.2889
2643,2737,1.09,20.948,0.052,-0.001,0.015674,14.9704
2644,2738,1.1,20.95,0.052,-0.012,0.0131607,12.5699
2645,2739,1.1,20.949,0.052,-0.002,0.0272206,25.9987
2646,2740,1.1,20.949,0.051,-0.007,0.0054611,5.216
2647,2741,1.1,20.948,0.051,-0.011,0.0057806,5.5211
2648,2742,1.1,20.949,0.052,-0.009,0,0
2649,2743,1.1,20.949,0.052,0.009,8.45e-05,0.0808
2650,2744,1.1,20.948,0.051,0.007,0,0
2651,2745,1.1,20.949,0.052,0.014,0.0067305,6.4284
2652,2746,1.1,20.949,0.052,0.01,0,0
2653,2747,1.1,20.949,0.052,-0.004,0.0185337,17.7017
2654,2748,1.1,20.949,0.051,-0.016,0.0159769,15.2597
2655,2749,1.1,20.95,0.052,-0.013,0.0224825,21.4733
2656,2750,1.1,20.95,0.052,-0.022,0,0
2657,2751,1.1,20.949,0.052,-0.002,0.0066745,6.3749
2658,2752,1.11,20.949,0.051,-0.007,0.0008582,0.8197
2659,2753,1.11,20.95,0.052,0.006,0.0008783,0.8388
2660,2754,1.1,20.949,0.052,0.003,0,0
2661,2755,1.1,20.949,0.051,-0.002,0,0
2662,2756,1.1,20.951,0.052,-0.007,0.0025172,2.4042
2663,2757,1.1,20.95,0.052,0.003,0.0225047,21.4945
2664,2758,1.1,20.95,0.052,-0.014,0.029399,28.0793
2665,2759,1.1,20.949,0.052,-0.007,0.0077318,7.3847
2666,2760,1.1,20.948,0.053,-0.018,0.0149391,14.2684
2667,2761,1.1,20.949,0.051,0.007,0.0056936,5.438
2668,2762,1.1,20.95,0.051,-0.002,0.006884,6.575
2669,2763,1.1,20.949,0.051,0.008,0,0
2670,2764,1.1,20.948,0.052,0.008,0,0
2671,2765,1.1,20.948,0.051,0.013,0,0
2672,2766,1.1,20.95,0.052,0.008,0.0076682,7.324
2673,2767,1.1,20.95,0.052,-0.004,0.0098702,9.4272
2674,2768,1.1,20.95,0.052,-0.018,0.0161655,15.4398
2675,2769,1.1,20.949,0.052,-0.024,0.0159692,15.2524
2676,2770,1.1,20.949,0.052,-0.004,0.0008793,0.8399
2677,2771,1.11,20.949,0.052,-0.011,0.0054754,5.2296
2678,2772,1.11,20.949,0.052,-0.007,0,0
2679,2773,1.11,20.95,0.051,-0.008,0,0
2680,2774,1.11,20.95,0.051,0.014,0,0
2681,2775,1.11,20.949,0.052,0.017,0,0
2682,2776,1.11,20.949,0.052,0.007,0.0078061,7.4557
2683,2777,1.11,20.949,0.052,-0.004,0.0112696,10.7637
2684,2778,1.11,20.949,0.052,-0.006,0.014204,13.5663
2685,2779,1.11,20.949,0.052,-0.007,0.0141452,13.5102
2686,2780,1.12,20.948,0.052,-0.007,0.0241767,23.0914
2687,2781,1.12,20.948,0.052,0.007,0.0054791,5.2331
2688,2782,1.11,20.948,0.052,-0.002,0.0194033,18.5323
2689,2783,1.11,20.949,0.052,0.004,0,0
2690,2784,1.12,20.95,0.051,0.011,0,0
2691,2785,1.12,20.95,0.05,0.008,0,0
2692,2786,1.11,20.95,0.05,0.013,0,0
2693,2787,1.11,20.95,0.051,-0.007,0.0096139,9.1824
2694,2788,1.11,20.95,0.053,-0.011,0.0064623,6.1723
2695,2789,1.11,20.95,0.052,-0.016,0.0289934,27.6919
2696,2790,1.11,20.95,0.052,-0.01,0.0060325,5.7617
2697,2791,1.11,20.949,0.052,-0.019,0.0175287,16.7418
2698,2792,1.11,20.949,0.051,-0.002,0,0
2699,2793,1.12,20.949,0.052,-0.014,0.0044926,4.291
2700,2794,1.12,20.949,0.051,0.005,0.0003572,0.3412
2701,2795,1.12,20.951,0.052,0.008,0,0
2702,2796,1.12,20.95,0.053,0.015,0.006659,6.3601
2703,2797,1.12,20.95,0.052,0.016,0.0194824,18.6079
2704,2798,1.12,20.95,0.052,-0.006,0.0126313,12.0643
2705,2799,1.12,20.949,0.052,-0.003,0.0173324,16.5543
2706,2800,1.12,20.949,0.051,-0.024,0.0220248,21.0361
2707,2801,1.12,20.949,0.052,-0.011,0.0172887,16.5126
2708,2802,1.12,20.951,0.052,-0.013,0,0
2709,2803,1.12,20.949,0.052,-0.003,0,0
2710,2804,1.12,20.951,0.051,-0.001,8.41e-05,0.0804
2711,2805,1.12,20.949,0.051,-0.001,0.0025211,2.4079
2712,2806,1.12,20.95,0.051,0.009,0.0046348,4.4267
2713,2807,1.12,20.949,0.051,-0.002,0.0171824,16.411
2714,2808,1.12,20.949,0.052,-0.014,0.0140168,13.3876
2715,2809,1.13,20.949,0.052,-0.018,0.019458,18.5845
2716,2810,1.13,20.951,0.052,-0.013,0.0167579,16.0056
2717,2811,1.13,20.949,0.052,-0.013,0.003673,3.5081
2718,2812,1.13,20.948,0.052,-0.008,0.0033361,3.1864
2719,2813,1.13,20.948,0.052,0.007,0,0
2720,2814,1.13,20.95,0.052,0.007,0,0
2721,2815,1.13,20.95,0.051,0.003,0,0
2722,2816,1.13,20.949,0.051,-0.003,0.0019559,1.8681
2723,2817,1.13,20.95,0.051,-0.005,0.0093453,8.9258
2724,2818,1.13,20.95,0.052,-0.012,0.0172787,16.5031
2725,2819,1.13,20.949,0.051,-0.005,0.0271043,25.8876
2726,2820,1.13,20.948,0.051,-0.014,0.0245932,23.4892
2727,2821,1.13,20.949,0.051,-0.016,0.0119121,11.3774
2728,2822,1.13,20.95,0.052,-0.004,0,0
2729,2823,1.13,20.95,0.052,0,0.0073487,7.0188
2730,2824,1.13,20.949,0.052,0.015,0,0
2731,2825,1.13,20.949,0.052,0.018,0,0
2732,2826,1.13,20.95,0.052,0.019,0.0076865,7.3415
2733,2827,1.13,20.95,0.052,0.006,0.0196024,18.7225
2734,2828,1.13,20.948,0.052,-0.001,0.0144252,13.7777
2735,2829,1.13,20.948,0.051,-0.013,0.0420075,40.1218
2736,2830,1.13,20.949,0.052,-0.021,0.0330699,31.5854
2737,2831,1.13,20.949,0.052,-0.02,0.0128699,12.2922
2738,2832,1.13,20.949,0.052,-0.008,0,0
2739,2833,1.13,20.949,0.051,0.004,0.0073446,7.0149
2740,2834,1.13,20.949,0.052,0.002,0,0
2741,2835,1.13,20.948,0.052,0.017,0.0090074,8.6031
2742,2836,1.13,20.949,0.052,0.013,0,0
2743,2837,1.13,20.949,0.051,-0.004,0.0011567,1.1048
2744,2838,1.13,20.949,0.051,-0.014,0.0192498,18.3857
2745,2839,1.13,20.949,0.051,-0.014,0.026603,25.4088
2746,2840,1.13,20.95,0.051,-0.035,0.0244603,23.3623
2747,2841,1.13,20.949,0.051,-0.022,0.019272,18.4069
2748,2842,1.13,20.948,0.052,-0.003,0.0066185,6.3214
2749,2843,1.13,20.948,0.052,0.011,0,0
2750,2844,1.13,20.949,0.052,0.001,0.0095036,9.077
2751,2845,1.14,20.948,0.051,0.011,0,0
2752,2846,1.14,20.949,0.051,-0.009,0.0022784,2.1761
2753,2847,1.14,20.95,0.052,0.005,0.0128444,12.2678
2754,2848,1.14,20.95,0.052,0.002,0,0
2755,2849,1.14,20.949,0.052,-0.01,0.0154891,14.7938
2756,2850,1.14,20.948,0.052,-0.017,0.0098025,9.3624
2757,2851,1.14,20.948,0.052,-0.01,0.014349,13.7049
2758,2852,1.14,20.947,0.051,-0.01,0.0047154,4.5037
2759,2853,1.14,20.948,0.052,-0.002,0,0
2760,2854,1.14,20.949,0.052,0.009,0,0
2761,2855,1.14,20.949,0.052,-0.001,0,0
2762,2856,1.14,20.948,0.052,0.01,0,0
2763,2857,1.14,20.949,0.052,0.001,0,0
2764,2858,1.14,20.949,0.052,-0.004,0.0269399,25.7306
2765,2859,1.14,20.948,0.051,-0.001,0.0120233,11.4835
2766,2860,1.15,20.95,0.051,-0.015,0.0188003,17.9564
2767,2861,1.15,20.95,0.051,-0.01,0.0054813,5.2353
2768,2862,1.15,20.95,0.051,-0.014,0.0076565,7.3128
2769,2863,1.15,20.95,0.051,-0.005,0.0022574,2.1561
2770,2864,1.15,20.95,0.051,0.001,0,0
2771,2865,1.15,20.95,0.051,0.014,0,0
2772,2866,1.16,20.949,0.051,0.022,0,0
2773,2867,1.16,20.95,0.051,0.004,0,0
2774,2868,1.16,20.95,0.051,0.004,0.0014579,1.3925
2775,2869,1.16,20.952,0.05,-0.021,0.0302884,28.9287
2776,2870,1.16,20.949,0.051,-0.011,0.0325077,31.0484
2777,2871,1.16,20.95,0.051,-0.018,0.0014373,1.3728
2778,2872,1.16,20.95,0.052,-0.001,0.0036582,3.494
2779,2873,1.16,20.949,0.052,-0.004,0,0
2780,2874,1.15,20.949,0.051,0.001,0,0
2781,2875,1.15,20.949,0.051,0.008,0,0
2782,2876,1.15,20.952,0.052,0.012,0,0
2783,2877,1.15,20.95,0.052,0.022,0.0014492,1.3841
2784,2878,1.15,20.95,0.053,0.007,0,0
2785,2879,1.15,20.949,0.052,-0.004,0.0121235,11.5792
2786,2880,1.16,20.95,0.052,-0.02,0.0174624,16.6785
2787,2881,1.16,20.948,0.052,-0.032,0.0060618,5.7897
2788,2882,1.16,20.95,0.052,-0.003,0.0051968,4.9635
2789,2883,1.16,20.95,0.052,-0.005,0,0
2790,2884,1.16,20.95,0.052,0.001,0,0
2791,2885,1.17,20.95,0.052,0.016,0.0046523,4.4435
2792,2886,1.16,20.95,0.052,0.017,0,0
2793,2887,1.16,20.949,0.051,0.012,0,0
2794,2888,1.16,20.95,0.052,-0.002,0.0160758,15.3542
2795,2889,1.16,20.95,0.051,0,0.0087212,8.3297
2796,2890,1.16,20.95,0.052,-0.012,0.0184897,17.6597
2797,2891,1.16,20.95,0.052,-0.013,0.0058075,5.5468
2798,2892,1.16,20.949,0.051,-0.012,0,0
2799,2893,1.16,20.951,0.052,0.004,0,0
2800,2894,1.16,20.948,0.051,0,0,0
2801,2895,1.16,20.95,0.051,0.002,0,0
2802,2896,1.17,20.95,0.052,-0.005,0,0
2803,2897,1.17,20.95,0.053,0.008,0.0118679,11.3351
2804,2898,1.17,20.95,0.052,0.01,0.0047263,4.5142
2805,2899,1.17,20.95,0.052,-0.012,0.0114981,10.982
2806,2900,1.17,20.949,0.051,-0.005,0.0173958,16.6149
2807,2901,1.17,20.949,0.051,-0.013,0.0170566,16.2909
2808,2902,1.17,20.949,0.052,-0.006,0.0159039,15.1899
2809,2903,1.17,20.95,0.051,-0.001,0.0003703,0.3537
2810,2904,1.17,20.951,0.052,0.015,0.0055348,5.2864
2811,2905,1.17,20.949,0.051,0.023,0,0
2812,2906,1.17,20.95,0.051,0.003,0,0
2813,2907,1.17,20.95,0.051,0.004,0.000365,0.3486
2814,2908,1.17,20.95,0.052,-0.007,0.0148975,14.2287
2815,2909,1.17,20.949,0.051,-0.006,0.0198955,19.0024
2816,2910,1.17,20.95,0.052,-0.016,0.0134753,12.8704
2817,2911,1.18,20.951,0.052,-0.013,0.023954,22.8787
2818,2912,1.18,20.949,0.052,-0.008,0.0056388,5.3857
2819,2913,1.18,20.948,0.053,-0.007,0.0025234,2.4102
2820,2914,1.18,20.948,0.052,-0.003,0,0
2821,2915,1.18,20.95,0.051,-0.002,0.0003701,0.3535
2822,2916,1.18,20.949,0.052,0.012,0,0
2823,2917,1.18,20.948,0.052,0.012,0.0046465,4.4379
2824,2918,1.18,20.95,0.052,-0.002,0.0035889,3.4278
2825,2919,1.18,20.95,0.051,-0.006,0,0
2826,2920,1.17,20.948,0.052,-0.014,0.0130951,12.5073
2827,2921,1.17,20.949,0.052,-0.014,0.0119075,11.373
2828,2922,1.17,20.95,0.052,-0.019,0.0088771,8.4786
2829,2923,1.17,20.949,0.052,-0.007,0,0
2830,2924,1.18,20.95,0.052,-0.004,0,0
2831,2925,1.18,20.95,0.052,0.008,0,0
2832,2926,1.18,20.949,0.052,-0.002,0.0003607,0.3445
2833,2927,1.18,20.95,0.052,0.003,0,0
2834,2928,1.18,20.95,0.051,-0.006,0,0
2835,2929,1.18,20.95,0.052,-0.004,0.0046804,4.4703
2836,2930,1.18,20.95,0.052,-0.003,0.0130036,12.4198
2837,2931,1.18,20.951,0.052,-0.009,0.0262264,25.0491
2838,2932,1.18,20.949,0.052,-0.008,0.0159425,15.2268
2839,2933,1.18,20.949,0.052,-0.01,0.0212198,20.2673
2840,2934,1.18,20.95,0.051,0.002,0.009532,9.1041
2841,2935,1.18,20.951,0.051,-0.001,0,0
2842,2936,1.18,20.952,0.051,-0.001,0.0019411,1.854
2843,2937,1.18,20.951,0.051,-0.001,0.0076887,7.3436
2844,2938,1.18,20.95,0.051,0.005,0.0055071,5.2599
2845,2939,1.18,20.949,0.051,0.007,0.026091,24.9197
2846,2940,1.18,20.951,0.052,-0.005,0.0177193,16.9239
2847,2941,1.18,20.95,0.052,-0.009,0.0210761,20.13
2848,2942,1.18,20.949,0.052,-0.017,0.0075485,7.2097
2849,2943,1.18,20.948,0.052,-0.012,0.0054871,5.2408
2850,2944,1.19,20.949,0.052,-0.012,0,0
2851,2945,1.19,20.948,0.052,-0.001,0.0063449,6.06
2852,2946,1.19,20.948,0.052,0.017,0.0030205,2.8849
2853,2947,1.19,20.949,0.051,0.006,0,0
2854,2948,1.19,20.948,0.051,-0.003,0.0062516,5.971
2855,2949,1.19,20.949,0.051,-0.001,0,0
2856,2950,1.19,20.949,0.051,-0.02,0,0
2857,2951,1.19,20.949,0.052,-0.017,0.0175206,16.7341
2858,2952,1.19,20.95,0.052,-0.012,0.0022342,2.1339
2859,2953,1.2,20.948,0.051,-0.004,0.0121796,11.6329
2860,2954,1.2,20.949,0.051,-0.001,0.0043572,4.1616
2861,2955,1.2,20.949,0.051,0.002,0.0019454,1.8581
2862,2956,1.2,20.95,0.051,0.003,0,0
2863,2957,1.19,20.948,0.052,0.006,0,0
2864,2958,1.19,20.948,0.051,0.011,0,0
2865,2959,1.19,20.95,0.052,0.003,0.0110881,10.5904
2866,2960,1.19,20.948,0.052,0.006,0.0239672,22.8913
2867,2961,1.19,20.95,0.051,0.001,0.0175803,16.7911
2868,2962,1.19,20.95,0.051,-0.017,0.0044519,4.2521
2869,2963,1.19,20.95,0.052,0.002,0.0043025,4.1093
2870,2964,1.19,20.949,0.052,-0.008,0,0
2871,2965,1.19,20.949,0.052,-0.001,0,0
2872,2966,1.2,20.949,0.052,0.006,0,0
2873,2967,1.2,20.948,0.053,0.015,0,0
2874,2968,1.2,20.949,0.052,0.011,0,0
2875,2969,1.2,20.949,0.052,0.011,0.0086893,8.2992
2876,2970,1.2,20.95,0.051,-0.012,0.0106364,10.1589
2877,2971,1.2,20.95,0.051,-0.018,0.0292364,27.9239
2878,2972,1.2,20.949,0.051,-0.017,0.0068419,6.5348
2879,2973,1.2,20.95,0.052,0,0.020424,19.5072
2880,2974,1.2,20.949,0.052,-0.001,0.0185698,17.7362
2881,2975,1.2,20.949,0.052,0.01,0.0077296,7.3826
2882,2976,1.2,20.949,0.052,0.016,0,0
2883,2977,1.2,20.95,0.051,0.01,0.0079336,7.5775
2884,2978,1.2,20.95,0.052,0.01,0,0
2885,2979,1.21,20.95,0.052,0.006,0.0066962,6.3956
2886,2980,1.2,20.949,0.052,-0.005,0.0170251,16.2608
2887,2981,1.2,20.949,0.052,-0.007,0.0100916,9.6386
2888,2982,1.2,20.949,0.051,-0.024,0.0129859,12.403
2889,2983,1.2,20.949,0.051,-0.007,0,0
2890,2984,1.2,20.95,0.051,-0.01,0,0
2891,2985,1.2,20.948,0.052,-0.008,0,0
2892,2986,1.2,20.948,0.052,-0.004,0.0102087,9.7504
2893,2987,1.2,20.949,0.051,0.011,0,0
2894,2988,1.21,20.949,0.052,-0.008,0,0
2895,2989,1.21,20.95,0.052,-0.006,0.0058929,5.6284
2896,2990,1.21,20.951,0.052,-0.003,0.0135009,12.8949
2897,2991,1.21,20.949,0.052,-0.013,0.0173369,16.5586
2898,2992,1.21,20.949,0.052,-0.011,0.0097774,9.3385
2899,2993,1.21,20.95,0.052,-0.009,0.0309012,29.514
2900,2994,1.21,20.949,0.052,0.01,0.0043765,4.18
2901,2995,1.21,20.95,0.052,0,0.0011562,1.1043
2902,2996,1.21,20.952,0.052,0.008,0.0107157,10.2347
2903,2997,1.21,20.949,0.051,-0.016,0,0
2904,2998,1.21,20.951,0.052,-0.003,0,0
2905,2999,1.21,20.951,0.052,0.014,0.0068656,6.5574
2906,3000,1.21,20.951,0.052,-0.007,0.0259082,24.7452
2907,3001,1.21,20.95,0.051,-0.014,0.0268816,25.6749
2908,3002,1.21,20.95,0.051,-0.017,0.0326943,31.2266
2909,3003,1.21,20.95,0.052,-0.005,0.0154556,14.7618
2910,3004,1.21,20.949,0.051,-0.021,0,0
2911,3005,1.21,20.948,0.052,0,0.0043739,4.1776
2912,3006,1.21,20.949,0.051,0.002,0,0
2913,3007,1.21,20.949,0.051,-0.006,0,0
2914,3008,1.22,20.949,0.052,0.005,0,0
2915,3009,1.22,20.95,0.052,0.014,0,0
2916,3010,1.22,20.951,0.052,-0.008,0.0205905,19.6662
2917,3011,1.22,20.95,0.052,-0.021,0.012323,11.7698
2918,3012,1.22,20.949,0.051,-0.022,0.0131288,12.5395
2919,3013,1.22,20.949,0.052,-0.022,0.0014593,1.3938
2920,3014,1.22,20.948,0.052,-0.011,0,0
2921,3015,1.22,20.949,0.052,0.001,0,0
2922,3016,1.23,20.95,0.051,-0.001,0,0
2923,3017,1.23,20.949,0.051,0.006,0.0129875,12.4045
2924,3018,1.22,20.951,0.051,0.015,0,0
2925,3019,1.22,20.95,0.052,0.009,0,0
2926,3020,1.22,20.95,0.051,0.002,0.0068492,6.5417
2927,3021,1.22,20.951,0.052,-0.01,0.0122561,11.7059
2928,3022,1.22,20.948,0.052,-0.013,0.0150828,14.4057
2929,3023,1.22,20.95,0.051,-0.014,0.0087589,8.3658
2930,3024,1.22,20.95,0.051,-0.002,0,0
2931,3025,1.22,20.95,0.051,0.008,0,0
2932,3026,1.22,20.95,0.051,0.001,0,0
2933,3027,1.22,20.95,0.052,0.003,8.39e-05,0.0801
2934,3028,1.22,20.95,0.051,-0.004,0.0022311,2.1309
2935,3029,1.22,20.948,0.052,0.005,0,0
2936,3030,1.22,20.949,0.051,0,0.0152979,14.6112
2937,3031,1.22,20.95,0.052,-0.007,0.0177514,16.9545
2938,3032,1.22,20.95,0.052,-0.013,0.0164558,15.7171
2939,3033,1.22,20.95,0.052,-0.011,0.0143319,13.6885
2940,3034,1.22,20.949,0.052,-0.005,0.003034,2.8978
2941,3035,1.22,20.949,0.052,0.01,0.0033333,3.1836
2942,3036,1.22,20.95,0.052,0.009,0,0
2943,3037,1.22,20.949,0.052,0.009,0,0
2944,3038,1.22,20.949,0.052,0.003,0,0
2945,3039,1.22,20.949,0.052,0.001,0,0
2946,3040,1.22,20.949,0.051,0.009,0.0131402,12.5503
2947,3041,1.22,20.95,0.051,-0.01,0.0165018,15.761
2948,3042,1.23,20.949,0.052,-0.017,0.0176978,16.9034
2949,3043,1.23,20.95,0.051,-0.012,0.001179,1.1261
2950,3044,1.23,20.949,0.051,-0.009,0.0068248,6.5184
2951,3045,1.24,20.949,0.052,0.006,0.0089015,8.5019
2952,3046,1.23,20.948,0.052,0,0.0136301,13.0182
2953,3047,1.23,20.949,0.052,0.014,0.008349,7.9742
2954,3048,1.23,20.95,0.052,0.011,0.0078099,7.4593
2955,3049,1.23,20.95,0.052,0.019,0.0100652,9.6133
2956,3050,1.23,20.951,0.051,0.005,0.0027765,2.6519
2957,3051,1.24,20.949,0.052,-0.008,0.0194768,18.6025
2958,3052,1.24,20.949,0.052,-0.017,0.0119847,11.4467
2959,3053,1.23,20.95,0.052,-0.018,0,0
2960,3054,1.23,20.95,0.052,0.002,0,0
2961,3055,1.23,20.949,0.051,-0.008,0,0
2962,3056,1.23,20.95,0.052,-0.009,0,0
2963,3057,1.23,20.95,0.052,-0.005,0,0
2964,3058,1.23,20.948,0.052,0,0,0
2965,3059,1.23,20.948,0.051,-0.004,0,0
2966,3060,1.24,20.949,0.052,-0.01,0.0025133,2.4004
2967,3061,1.24,20.95,0.051,-0.009,0.0064846,6.1935
2968,3062,1.24,20.951,0.052,-0.014,0.0220045,21.0167
2969,3063,1.24,20.949,0.052,-0.008,0.0173144,16.5372
2970,3064,1.24,20.949,0.052,0.006,0.0136528,13.0399
2971,3065,1.24,20.95,0.052,0.009,0,0
2972,3066,1.24,20.949,0.052,0.013,0,0
2973,3067,1.24,20.95,0.052,0.019,0,0
2974,3068,1.24,20.95,0.052,0.018,0,0
2975,3069,1.25,20.949,0.052,0.013,0,0
2976,3070,1.25,20.949,0.052,0.007,0.0035414,3.3824
2977,3071,1.25,20.949,0.051,-0.004,0.022613,21.5979
2978,3072,1.25,20.95,0.051,-0.002,0.0205709,19.6474
2979,3073,1.25,20.949,0.051,-0.016,0.0163719,15.6369
2980,3074,1.25,20.949,0.051,-0.017,0.0056935,5.4379
2981,3075,1.25,20.95,0.051,-0.018,0.0055085,5.2612
2982,3076,1.25,20.951,0.051,0.005,0,0
2983,3077,1.25,20.949,0.052,0.009,0,0
2984,3078,1.25,20.95,0.051,0.012,0,0
2985,3079,1.25,20.949,0.052,0.008,0,0
2986,3080,1.25,20.95,0.052,0,0,0
2987,3081,1.25,20.95,0.052,-0.005,0.0184717,17.6425
2988,3082,1.25,20.95,0.052,-0.018,0.0173591,16.5799
2989,3083,1.25,20.949,0.052,-0.016,0.010138,9.6829
2990,3084,1.25,20.949,0.051,-0.012,0.0128733,12.2954
2991,3085,1.25,20.949,0.051,-0.006,0,0
2992,3086,1.25,20.95,0.051,-0.001,0,0
2993,3087,1.25,20.949,0.052,0.004,0.0008805,0.841
2994,3088,1.25,20.95,0.051,0.007,0,0
2995,3089,1.25,20.95,0.052,0.01,0.0107765,10.2928
2996,3090,1.25,20.949,0.051,0.001,0.0047836,4.5688
2997,3091,1.25,20.95,0.052,0,0.0165564,15.8131
2998,3092,1.25,20.951,0.052,-0.014,0.0048716,4.6529
2999,3093,1.25,20.949,0.052,-0.013,0.0203227,19.4104
3000,3094,1.25,20.949,0.052,-0.011,0.0054745,5.2287
3001,3095,1.25,20.95,0.052,-0.004,0.0014288,1.3647
3002,3096,1.25,20.948,0.052,-0.001,0,0
3003,3097,1.25,20.951,0.052,0.01,0,0
3004,3098,1.25,20.95,0.052,0.007,0,0
3005,3099,1.25,20.948,0.052,0.006,0,0
3006,3100,1.26,20.949,0.052,-0.002,0,0
3007,3101,1.26,20.948,0.051,-0.006,0.0087905,8.3959
3008,3102,1.26,20.95,0.052,-0.016,0.0208788,19.9415
3009,3103,1.27,20.95,0.051,-0.011,0.0139485,13.3223
3010,3104,1.27,20.951,0.051,-0.015,0.0025165,2.4035
3011,3105,1.27,20.949,0.051,-0.001,0,0
3012,3106,1.27,20.949,0.052,-0.002,0,0
3013,3107,1.27,20.95,0.051,0.005,0.0098554,9.413
3014,3108,1.27,20.949,0.053,0.013,0,0
3015,3109,1.27,20.95,0.052,0.013,0.0088382,8.4415
3016,3110,1.27,20.949,0.052,0.008,0.0173975,16.6165
3017,3111,1.27,20.95,0.052,-0.001,0.019077,18.2206
3018,3112,1.27,20.95,0.052,-0.005,0.014047,13.4165
3019,3113,1.27,20.949,0.052,-0.016,0.0213352,20.3775
3020,3114,1.27,20.949,0.051,-0.01,0.0063262,6.0422
3021,3115,1.27,20.949,0.052,-0.003,0.0220096,21.0216
3022,3116,1.27,20.95,0.051,0.008,0,0
3023,3117,1.27,20.949,0.051,0.011,0.0196949,18.8108
3024,3118,1.27,20.949,0.051,-0.005,0,0
3025,3119,1.27,20.949,0.051,0.005,0,0
3026,3120,1.27,20.95,0.052,-0.009,0,0
3027,3121,1.27,20.95,0.052,-0.013,0.0043558,4.1603
3028,3122,1.27,20.949,0.052,-0.01,0.0129881,12.4051
3029,3123,1.27,20.948,0.052,-0.005,0.0158293,15.1187
3030,3124,1.27,20.948,0.052,-0.012,0.0105298,10.0571
3031,3125,1.27,20.948,0.052,-0.003,0.0055012,5.2543
3032,3126,1.27,20.949,0.051,-0.022,0,0
3033,3127,1.27,20.95,0.052,0.006,0,0
3034,3128,1.27,20.95,0.052,-0.006,0,0
3035,3129,1.27,20.947,0.052,0.014,0,0
3036,3130,1.27,20.948,0.052,0.019,0.0057882,5.5283
3037,3131,1.27,20.95,0.052,0.015,0.0315892,30.1711
3038,3132,1.27,20.949,0.052,-0.001,0.0256079,24.4584
3039,3133,1.27,20.949,0.052,-0.009,0.0241394,23.0557
3040,3134,1.27,20.949,0.052,-0.007,0.0025467,2.4324
3041,3135,1.27,20.948,0.052,-0.002,0,0
3042,3136,1.27,20.948,0.052,-0.002,0,0
3043,3137,1.27,20.949,0.052,0.008,0,0
3044,3138,1.27,20.948,0.052,0.015,0,0
3045,3139,1.27,20.949,0.052,0.014,0,0
3046,3140,1.27,20.949,0.052,0.006,0.0008825,0.8429
3047,3141,1.27,20.949,0.052,-0.007,0.006822,6.5157
3048,3142,1.27,20.95,0.052,-0.021,0.0171755,16.4045
3049,3143,1.27,20.948,0.052,-0.016,0.0236983,22.6345
3050,3144,1.27,20.948,0.052,-0.015,0.0308748,29.4888
3051,3145,1.27,20.948,0.051,-0.004,0,0
3052,3146,1.27,20.95,0.051,0.001,0,0
3053,3147,1.27,20.95,0.053,0.009,0,0
3054,3148,1.27,20.951,0.052,0.012,0,0
3055,3149,1.28,20.951,0.052,0.024,0,0
3056,3150,1.28,20.95,0.052,0.011,0,0
3057,3151,1.28,20.949,0.052,0.007,0.0140614,13.4302
3058,3152,1.28,20.948,0.052,-0.008,0.0263334,25.1513
3059,3153,1.28,20.95,0.052,-0.013,0.0308731,29.4872
3060,3154,1.28,20.949,0.052,-0.014,0.0047119,4.5004
3061,3155,1.28,20.948,0.051,-0.016,0,0
3062,3156,1.27,20.947,0.051,0.006,0,0
3063,3157,1.27,20.949,0.051,0.002,0,0
3064,3158,1.28,20.95,0.051,0.007,0,0
3065,3159,1.28,20.95,0.051,0.012,0.0107033,10.2229
3066,3160,1.28,20.949,0.052,0.002,0.0160615,15.3405
3067,3161,1.28,20.95,0.051,0.001,0.0014513,1.3862
3068,3162,1.28,20.95,0.052,-0.009,0.0177628,16.9654
3069,3163,1.29,20.949,0.052,-0.021,0.0194477,18.5747
3070,3164,1.29,20.949,0.052,-0.026,0.0068154,6.5095
3071,3165,1.29,20.949,0.052,-0.006,0.003281,3.1337
3072,3166,1.28,20.95,0.052,0.001,0,0
3073,3167,1.28,20.95,0.052,0.01,0,0
3074,3168,1.28,20.948,0.052,0.007,0,0
3075,3169,1.28,20.95,0.052,0.004,0,0
3076,3170,1.28,20.95,0.051,-0.007,0,0
3077,3171,1.28,20.949,0.052,-0.006,0.0185997,17.7648
3078,3172,1.28,20.948,0.051,-0.003,0.0197296,18.8439
3079,3173,1.28,20.95,0.052,-0.017,0.0235713,22.5132
3080,3174,1.29,20.95,0.051,-0.015,0.0109934,10.4999
3081,3175,1.29,20.949,0.051,-0.007,0.0033555,3.2048
3082,3176,1.29,20.95,0.052,0.001,0,0
3083,3177,1.29,20.949,0.052,0.014,0.0091561,8.7451
3084,3178,1.29,20.95,0.051,-0.001,0,0
3085,3179,1.3,20.952,0.051,0.005,0,0
3086,3180,1.29,20.949,0.051,0.01,0.0072974,6.9698
3087,3181,1.29,20.948,0.052,0.01,0,0
3088,3182,1.29,20.949,0.052,-0.019,0.005405,5.1624
3089,3183,1.29,20.95,0.052,-0.02,0.0116533,11.1302
3090,3184,1.29,20.95,0.052,-0.019,0.0262936,25.1132
3091,3185,1.29,20.949,0.052,-0.007,0.0111526,10.6519
3092,3186,1.29,20.949,0.052,0,0,0
3093,3187,1.29,20.949,0.052,0.008,0.0041534,3.967
3094,3188,1.29,20.95,0.052,0.004,0,0
3095,3189,1.29,20.947,0.051,0.01,0,0
3096,3190,1.29,20.95,0.052,0.006,0,0
3097,3191,1.29,20.95,0.053,0.001,0,0
3098,3192,1.29,20.948,0.052,0.011,0.0011652,1.1129
3099,3193,1.29,20.95,0.052,-0.002,0.0186505,17.8132
3100,3194,1.29,20.949,0.052,-0.017,0.0146164,13.9603
3101,3195,1.29,20.951,0.052,-0.026,0,0
3102,3196,1.29,20.95,0.053,-0.012,0,0
3103,3197,1.29,20.95,0.052,0.001,0.0041558,3.9692
3104,3198,1.29,20.95,0.052,0.004,0.0030473,2.9105
3105,3199,1.29,20.948,0.052,0.017,0,0
3106,3200,1.29,20.949,0.053,0.013,0.0058051,5.5445
3107,3201,1.3,20.949,0.052,0.007,0.0158387,15.1277
3108,3202,1.3,20.949,0.052,0.002,0.017347,16.5683
3109,3203,1.3,20.95,0.052,0.002,0.0122461,11.6964
3110,3204,1.3,20.949,0.052,-0.019,0.0268684,25.6623
3111,3205,1.31,20.95,0.052,-0.015,0.0022103,2.1111
3112,3206,1.31,20.95,0.052,0,0,0
3113,3207,1.31,20.951,0.052,0.002,0,0
3114,3208,1.31,20.951,0.052,0.004,0,0
3115,3209,1.31,20.948,0.052,0.005,0,0
3116,3210,1.31,20.948,0.051,0.014,0,0
3117,3211,1.31,20.947,0.052,-0.006,0.0030558,2.9186
3118,3212,1.31,20.95,0.052,-0.007,0.0114952,10.9792
3119,3213,1.31,20.948,0.051,-0.013,0.0185071,17.6763
3120,3214,1.31,20.949,0.051,-0.012,0.0165943,15.8494
3121,3215,1.32,20.95,0.051,-0.021,0.0176691,16.8759
3122,3216,1.32,20.949,0.052,0.002,0.0003704,0.3538
3123,3217,1.32,20.949,0.052,0.01,0.0087244,8.3327
3124,3218,1.31,20.95,0.052,0.012,0,0
3125,3219,1.31,20.949,0.052,0.01,0,0
3126,3220,1.32,20.95,0.052,0.007,0,0
3127,3221,1.32,20.949,0.052,0.009,0.0158713,15.1588
3128,3222,1.32,20.949,0.052,0.005,0.0270071,25.7947
3129,3223,1.32,20.948,0.051,-0.003,0.013977,13.3496
3130,3224,1.32,20.948,0.051,-0.018,0.0122769,11.7258
3131,3225,1.32,20.95,0.053,-0.021,0.0054141,5.1711
3132,3226,1.32,20.951,0.052,-0.019,0,0
3133,3227,1.32,20.95,0.052,-0.002,0.0138883,13.2649
3134,3228,1.32,20.95,0.052,-0.005,0.0180465,17.2364
3135,3229,1.32,20.949,0.053,0.013,0.0115511,11.0326
3136,3230,1.32,20.949,0.053,0.016,0.0055207,5.2728
3137,3231,1.32,20.948,0.052,0.006,0.0090304,8.6251
3138,3232,1.31,20.949,0.052,-0.007,0.0052647,5.0283
3139,3233,1.31,20.948,0.052,-0.017,0.0215878,20.6188
3140,3234,1.31,20.948,0.052,-0.005,0.0064988,6.2071
3141,3235,1.32,20.948,0.052,-0.013,0,0
3142,3236,1.32,20.95,0.052,-0.002,0.0003657,0.3493
3143,3237,1.32,20.949,0.052,-0.001,0,0
3144,3238,1.32,20.951,0.052,-0.005,0.0011307,1.08
3145,3239,1.32,20.948,0.052,-0.009,0,0
3146,3240,1.32,20.948,0.052,-0.003,0.0033088,3.1603
3147,3241,1.32,20.948,0.052,-0.002,0.0044566,4.2565
3148,3242,1.32,20.949,0.052,-0.01,0.0177424,16.946
3149,3243,1.32,20.95,0.052,0.003,0.0263531,25.1701
3150,3244,1.32,20.948,0.052,-0.012,0.0124243,11.8666
3151,3245,1.32,20.948,0.052,-0.003,0.0150813,14.4043
3152,3246,1.32,20.949,0.052,0.009,0.0051983,4.9649
3153,3247,1.32,20.949,0.052,-0.002,0.0132578,12.6627
3154,3248,1.32,20.95,0.052,0.008,0.0100504,9.5992
3155,3249,1.32,20.95,0.052,0.002,0,0
3156,3250,1.32,20.949,0.052,0.006,0,0
3157,3251,1.32,20.949,0.053,0,0.0137182,13.1024
3158,3252,1.32,20.949,0.053,-0.002,0.0097368,9.2997
3159,3253,1.32,20.949,0.053,-0.024,0.0066112,6.3144
3160,3254,1.32,20.951,0.053,-0.022,0.0151253,14.4463
3161,3255,1.32,20.949,0.052,0,0.0149291,14.259
3162,3256,1.32,20.947,0.053,-0.011,0.0049313,4.71
3163,3257,1.32,20.949,0.053,0.002,0.0027744,2.6499
3164,3258,1.32,20.948,0.052,-0.015,0.0134842,12.8789
3165,3259,1.32,20.95,0.053,-0.006,0,0
3166,3260,1.32,20.949,0.053,0.007,0.006036,5.7651
3167,3261,1.33,20.948,0.053,0.011,0.0008889,0.849
3168,3262,1.33,20.949,0.053,-0.006,0.0200956,19.1935
3169,3263,1.33,20.948,0.053,-0.007,0.0258754,24.7138
3170,3264,1.33,20.949,0.053,-0.004,0.0294958,28.1718
3171,3265,1.33,20.949,0.053,-0.012,0.0437946,41.8287
3172,3266,1.33,20.949,0.053,-0.007,0.0206145,19.6891
3173,3267,1.33,20.948,0.053,0.007,0.0140867,13.4544
3174,3268,1.33,20.947,0.053,0.009,0.0220035,21.0158
3175,3269,1.33,20.947,0.054,-0.001,0.0041675,3.9804
3176,3270,1.33,20.947,0.054,0.012,0.009355,8.935
3177,3271,1.33,20.947,0.054,0.005,0.0037898,3.6197
3178,3272,1.33,20.947,0.055,0.005,0.0198765,18.9843
3179,3273,1.33,20.948,0.054,-0.009,0.0158924,15.1789
3180,3274,1.33,20.947,0.054,-0.018,0.0246194,23.5142
3181,3275,1.33,20.948,0.054,-0.017,0.0138273,13.2066
3182,3276,1.33,20.947,0.054,-0.021,0.0162258,15.4975
3183,3277,1.33,20.945,0.054,-0.009,0.0144706,13.821
3184,3278,1.33,20.947,0.054,-0.007,0.0184594,17.6308
3185,3279,1.33,20.948,0.055,-0.005,0,0
3186,3280,1.33,20.946,0.054,0.001,0.0125195,11.9575
3187,3281,1.33,20.948,0.054,0.002,0.0112563,10.751
3188,3282,1.33,20.947,0.053,0.007,0.019342,18.4738
3189,3283,1.33,20.947,0.054,-0.012,0.0186646,17.8267
3190,3284,1.33,20.948,0.053,-0.009,0.0205023,19.582
3191,3285,1.33,20.948,0.054,-0.016,0.0421484,40.2564
3192,3286,1.33,20.948,0.054,-0.007,0.0232426,22.1992
3193,3287,1.33,20.948,0.054,-0.009,0.0150863,14.4091
3194,3288,1.33,20.948,0.054,-0.003,0.0071103,6.7911
3195,3289,1.37,20.947,0.054,-0.002,0.0169763,16.2142
3196,3290,1.38,20.946,0.054,0.011,0.0269889,25.7773
3197,3291,1.34,20.947,0.054,-0.001,0.0406739,38.848
3198,3292,1.34,20.947,0.053,0,0.0503929,48.1307
3199,3293,1.34,20.947,0.053,-0.011,0.0522807,49.9339
3200,3294,1.34,20.948,0.054,-0.015,0.0462402,44.1645
3201,3295,1.34,20.949,0.054,-0.018,0.0349238,33.356
3202,3296,1.34,20.949,0.053,-0.029,0.0449876,42.9681
3203,3297,1.34,20.947,0.053,-0.01,0.0242477,23.1592
3204,3298,1.34,20.947,0.056,-0.007,0.0135173,12.9105
3205,3299,1.34,20.948,0.059,0.002,0,0
3206,3300,1.34,20.947,0.061,0.009,0,0
3207,3301,1.34,20.943,0.063,0.012,0,0
3208,3302,1.34,20.94,0.062,0.007,0.0146732,14.0145
3209,3303,1.34,20.938,0.061,-0.001,0.013992,13.3639
3210,3304,1.34,20.938,0.058,-0.007,0.02647,25.2817
3211,3305,1.34,20.939,0.057,-0.008,0.0281827,26.9176
3212,3306,1.34,20.941,0.056,-0.011,0.0368971,35.2408
3213,3307,1.34,20.944,0.054,-0.015,0.0054171,5.174
3214,3308,1.34,20.943,0.054,-0.007,0,0
3215,3309,1.34,20.946,0.053,-0.002,0,0
3216,3310,1.34,20.947,0.053,0.008,0,0
3217,3311,1.34,20.948,0.053,0.013,0,0
3218,3312,1.33,20.949,0.053,0.01,0.0011712,1.1186
3219,3313,1.33,20.949,0.053,-0.007,0,0
3220,3314,1.33,20.948,0.052,-0.006,0,0
3221,3315,1.33,20.948,0.052,-0.022,0.0157318,15.0256
3222,3316,1.34,20.949,0.053,-0.023,0.0188653,18.0184
3223,3317,1.34,20.949,0.052,-0.027,0,0
3224,3318,1.34,20.948,0.052,-0.002,0,0
3225,3319,1.34,20.949,0.052,0.001,0,0
3226,3320,1.34,20.95,0.051,0.012,0,0
3227,3321,1.34,20.951,0.052,0.014,0,0
3228,3322,1.34,20.951,0.052,0.011,0,0
3229,3323,1.34,20.951,0.052,0.002,0,0
3230,3324,1.34,20.949,0.052,0.001,0.0141509,13.5157
3231,3325,1.34,20.95,0.051,0.001,0.012509,11.9475
3232,3326,1.34,20.95,0.051,-0.015,0.0033322,3.1827
3233,3327,1.34,20.95,0.051,-0.018,0.0161282,15.4042
3234,3328,1.34,20.95,0.051,0.006,0,0
3235,3329,1.34,20.951,0.051,0.005,0,0
3236,3330,1.34,20.952,0.051,0.027,0,0
3237,3331,1.34,20.951,0.051,0.021,0,0
3238,3332,1.34,20.95,0.051,0.004,0,0
3239,3333,1.34,20.952,0.051,0.001,0,0
3240,3334,1.34,20.952,0.051,-0.003,0.0065504,6.2563
3241,3335,1.34,20.952,0.05,-0.023,0.009622,9.1901
3242,3336,1.34,20.952,0.05,-0.016,0.0147209,14.0601
3243,3337,1.34,20.951,0.05,-0.017,0,0
3244,3338,1.34,20.953,0.051,-0.024,0,0
3245,3339,1.34,20.952,0.051,0,0,0
3246,3340,1.34,20.952,0.05,0,0,0
3247,3341,1.34,20.953,0.051,0.006,0.0110128,10.5185
3248,3342,1.34,20.952,0.05,0.003,0,0
3249,3343,1.34,20.953,0.05,-0.012,0.0073446,7.0149
3250,3344,1.34,20.953,0.05,-0.009,0.0014791,1.4127
3251,3345,1.34,20.953,0.05,-0.02,0.0011911,1.1376
3252,3346,1.34,20.953,0.05,-0.018,0,0
3253,3347,1.34,20.952,0.05,-0.018,0,0
3254,3348,1.34,20.951,0.05,0.004,0,0
3255,3349,1.34,20.951,0.05,0.005,0,0
3256,3350,1.34,20.952,0.05,0.007,0,0
3257,3351,1.34,20.953,0.05,-0.001,0,0
3258,3352,1.34,20.952,0.05,-0.01,0,0
3259,3353,1.34,20.95,0.049,0.005,0,0
3260,3354,1.34,20.953,0.049,-0.015,0.0169808,16.2185
3261,3355,1.34,20.952,0.05,-0.019,0.0051643,4.9325
3262,3356,1.33,20.954,0.05,-0.015,0.0041312,3.9457
3263,3357,1.33,20.953,0.049,-0.012,0.0017073,1.6306
3264,3358,1.34,20.954,0.049,-0.007,0,0
3265,3359,1.34,20.953,0.05,-0.005,0,0
3266,3360,1.34,20.952,0.049,0.009,0,0
3267,3361,1.34,20.953,0.05,0.014,0,0
3268,3362,1.34,20.953,0.05,0.015,0,0
3269,3363,1.34,20.952,0.05,0.008,0,0
3270,3364,1.34,20.952,0.05,0.003,0,0
3271,3365,1.34,20.953,0.05,-0.02,0.0001115,0.1065
3272,3366,1.34,20.951,0.05,-0.014,0,0
3273,3367,1.34,20.952,0.05,-0.013,0,0
3274,3368,1.34,20.952,0.049,-0.006,0,0
3275,3369,1.34,20.951,0.05,-0.003,0,0
3276,3370,1.34,20.952,0.05,0.007,0,0
3277,3371,1.34,20.952,0.05,0.007,0,0
3278,3372,1.34,20.952,0.05,-0.008,0,0
3279,3373,1.34,20.953,0.049,0.001,0,0
3280,3374,1.34,20.953,0.05,-0.007,0.003336,3.1862
3281,3375,1.34,20.954,0.049,0.006,0.0107291,10.2475
3282,3376,1.34,20.953,0.049,-0.013,0.0079935,7.6346
3283,3377,1.34,20.953,0.049,-0.01,0,0
3284,3378,1.34,20.953,0.049,-0.006,0.0082639,7.893
3285,3379,1.34,20.953,0.05,0.002,0,0
3286,3380,1.34,20.953,0.05,0.003,0,0
3287,3381,1.34,20.952,0.049,0.007,0,0
3288,3382,1.34,20.953,0.049,0.007,0,0
3289,3383,1.34,20.953,0.05,0.004,0,0
3290,3384,1.34,20.953,0.049,-0.011,0,0
3291,3385,1.34,20.953,0.049,-0.016,0.0030949,2.956
3292,3386,1.34,20.953,0.049,-0.018,0.0095098,9.0829
3293,3387,1.34,20.952,0.049,-0.025,0,0
3294,3388,1.34,20.954,0.049,-0.016,0,0
3295,3389,1.34,20.954,0.049,-0.016,0,0
3296,3390,1.34,20.952,0.049,0.001,0,0
3297,3391,1.34,20.952,0.049,-0.012,0,0
3298,3392,1.34,20.955,0.049,0.002,0,0
3299,3393,1.34,20.953,0.049,0.01,0,0
3300,3394,1.34,20.953,0.049,0.002,0,0
3301,3395,1.34,20.953,0.049,-0.01,0,0
3302,3396,1.34,20.953,0.049,-0.011,0,0
