# run,25082026_Candle_R1.csv
# config_candles,1
# scope,FREE-BURNING candle test (no external flux)
# mass_note,load-cell SHAPE only; absolute mass from manual weigh table
# t_ignition_s,60.0
# t_flameout_s,13845.0
# routeC_HRR_per_candle_W_dHc38,22.9
# HRR_O2_note,near instrument noise floor -- qualitative only
time_from_ignition_s,time_s,mass_lost_since_ignition_g,O2_pct,CO2_pct,CO_pct,HRR_O2_kW,HRR_per_area_kW_m2
-60,0,11.22,20.952,0.049,-0.006,0.0132921,11.9857
-59,1,11.22,20.951,0.048,0.011,0.0109857,9.906
-58,2,11.22,20.951,0.051,0.058,0.0061839,5.5761
-57,3,0.0299,20.951,0.051,0.052,0.0266284,24.0112
-56,4,-0.66,20.953,0.05,0.019,0.0301847,27.2179
-55,5,-0.02,20.951,0.049,-0.001,0.0217892,19.6476
-54,6,-0.02,20.952,0.049,0.003,0.0361482,32.5953
-53,7,-0.02,20.952,0.049,-0.002,0.0461002,41.5691
-52,8,-0.02,20.951,0.049,-0.011,0.0289527,26.107
-51,9,-0.02,20.951,0.049,-0.028,0.0453722,40.9127
-50,10,-0.02,20.951,0.049,-0.005,0.0415766,37.4902
-49,11,-0.02,20.95,0.05,-0.005,0.0297268,26.8051
-48,12,-0.02,20.95,0.052,0.001,0.0183182,16.5177
-47,13,-0.02,20.949,0.051,0.008,0.0130525,11.7696
-46,14,-0.02,20.948,0.051,-0.005,0.011731,10.578
-45,15,-0.02,20.947,0.051,-0.013,0.0110798,9.9908
-44,16,-0.02,20.948,0.052,-0.01,0.0327377,29.52
-43,17,-0.02,20.949,0.051,-0.01,0.0442641,39.9135
-42,18,-0.02,20.946,0.051,-0.024,0.0276965,24.9743
-41,19,-0.02,20.947,0.052,-0.012,0.0364648,32.8808
-40,20,-0.02,20.948,0.052,-0.019,0.0283973,25.6062
-39,21,-0.02,20.946,0.052,-0.015,0.0094733,8.5422
-38,22,-0.02,20.946,0.052,-0.009,0.022014,19.8503
-37,23,-0.02,20.947,0.052,0.011,0.0223219,20.128
-36,24,-0.02,20.945,0.052,0.016,0.0195517,17.63
-35,25,-0.02,20.945,0.053,0.017,0.0136314,12.2916
-34,26,-0.01,20.945,0.052,0.017,0.0307437,27.722
-33,27,-0.01,20.945,0.052,-0.007,0.0381929,34.439
-32,28,-0.01,20.946,0.052,-0.023,0.051403,46.3508
-31,29,-0.01,20.947,0.052,-0.007,0.0327226,29.5064
-30,30,-0.01,20.947,0.052,-0.01,0.0249994,22.5423
-29,31,-0.01,20.946,0.052,-0.003,0.0125655,11.3304
-28,32,-0.01,20.946,0.053,0.005,0.0144194,13.0022
-27,33,-0.01,20.948,0.052,-0.003,0.0099261,8.9505
-26,34,-0.01,20.947,0.052,0.003,0.0221341,19.9586
-25,35,-0.01,20.946,0.052,0.005,0.0074714,6.7371
-24,36,-0.01,20.946,0.052,0.006,0.0305948,27.5877
-23,37,-0.01,20.947,0.052,-0.005,0.019244,17.3525
-22,38,-0.01,20.946,0.052,-0.012,0.0285847,25.7752
-21,39,-0.01,20.946,0.052,-0.02,0.0227238,20.4903
-20,40,-0.01,20.945,0.052,-0.007,0.0309304,27.8904
-19,41,-0.01,20.946,0.052,-0.01,0.02345,21.1452
-18,42,-0.01,20.948,0.052,0.007,0.0155553,14.0264
-17,43,-0.01,20.947,0.052,0.005,0.0115687,10.4316
-16,44,-0.01,20.947,0.052,0.014,0.0282343,25.4592
-15,45,-0.01,20.946,0.052,-0.002,0.0223581,20.1606
-14,46,-0.01,20.947,0.052,0.007,0.0119443,10.7704
-13,47,-0.01,20.948,0.051,0,0.0171201,15.4375
-12,48,-0.01,20.945,0.052,0.002,0.0347781,31.3599
-11,49,-0.01,20.947,0.051,-0.013,0.0214966,19.3838
-10,50,-0.01,20.948,0.052,-0.011,0.0326445,29.4359
-9,51,-0.01,20.949,0.052,-0.01,0.0299398,26.9972
-8,52,-0.01,20.947,0.052,-0.003,0.0052028,4.6914
-7,53,0,20.947,0.052,0.004,0.0137459,12.3949
-6,54,0,20.947,0.051,0.008,0.0136404,12.2997
-5,55,0,20.947,0.051,-0.002,0.0108789,9.8097
-4,56,0,20.946,0.051,-0.001,0.0207847,18.7419
-3,57,0,20.947,0.052,-0.001,0.0263836,23.7904
-2,58,0,20.949,0.05,-0.002,0.0196011,17.6746
-1,59,0,20.948,0.051,-0.016,0.02908,26.2218
0,60,0,20.948,0.051,-0.01,0.0384136,34.6381
1,61,0,20.949,0.051,-0.016,0.0334887,30.1972
2,62,0,20.948,0.051,-0.008,0.0288225,25.9896
3,63,0,20.947,0.051,0.01,0.0114204,10.2979
4,64,0,20.948,0.051,0.007,0,0
5,65,0,20.947,0.051,0.007,0.0133485,12.0366
6,66,0,20.947,0.051,0,0.0052448,4.7293
7,67,0,20.949,0.051,-0.009,0.0277748,25.0449
8,68,0,20.949,0.05,-0.01,0.0376305,33.9319
9,69,0,20.948,0.051,-0.007,0.0497926,44.8987
10,70,0,20.949,0.051,-0.012,0.0370081,33.3707
11,71,0,20.948,0.051,-0.021,0.0204751,18.4626
12,72,0,20.948,0.051,-0.011,0.0156384,14.1014
13,73,0,20.947,0.051,-0.002,0.0048952,4.4141
14,74,0,20.946,0.051,0.004,0.0003222,0.2905
15,75,0,20.948,0.051,0.024,0.0205703,18.5485
16,76,0.0099,20.948,0.052,0.007,0.0265627,23.9519
17,77,0.0099,20.947,0.051,0.009,0.0379358,34.2072
18,78,0.0099,20.948,0.051,-0.011,0.047142,42.5085
19,79,0.0099,20.948,0.051,-0.02,0.0356562,32.1517
20,80,0.0099,20.948,0.051,-0.017,0.0217526,19.6146
21,81,0.0099,20.945,0.051,-0.015,0.0103413,9.3249
22,82,0.0099,20.947,0.051,0.001,0.0078337,7.0638
23,83,0.0099,20.947,0.052,0.005,0.0277587,25.0304
24,84,0.0099,20.947,0.051,0.014,0,0
25,85,0.0099,20.947,0.052,0.024,0.025375,22.8809
26,86,0.0099,20.946,0.052,0.004,0.0103344,9.3186
27,87,0.0099,20.946,0.051,-0.001,0.0165876,14.9573
28,88,0.0099,20.946,0.052,-0.011,0.0222683,20.0796
29,89,0.0099,20.946,0.052,-0.016,0.0239368,21.5841
30,90,0.0099,20.945,0.051,-0.01,0.023613,21.2921
31,91,0.0099,20.946,0.051,-0.001,0.0253646,22.8716
32,92,0.0099,20.947,0.051,0.01,0.0209735,18.9121
33,93,0.0099,20.947,0.051,0.017,0.0179824,16.215
34,94,0.0099,20.946,0.051,-0.001,0.010039,9.0523
35,95,0.0099,20.946,0.052,0.016,0.0246574,22.2339
36,96,0.0099,20.948,0.052,0,0.0266388,24.0206
37,97,0.0099,20.946,0.052,0.009,0.031568,28.4653
38,98,0.0099,20.947,0.052,0.003,0.0319553,28.8145
39,99,0.0099,20.947,0.051,-0.007,0.0477039,43.0152
40,100,0.0099,20.948,0.051,-0.002,0.0278762,25.1363
41,101,0.0099,20.947,0.051,-0.007,0.0240693,21.7036
42,102,0.0199,20.948,0.052,-0.004,0.0172064,15.5152
43,103,0.0199,20.947,0.052,-0.001,0.0174559,15.7402
44,104,0.0199,20.947,0.052,0.002,0.012925,11.6547
45,105,0.0199,20.947,0.051,0.009,0.0168803,15.2212
46,106,0.0199,20.947,0.051,-0.003,0.0127329,11.4815
47,107,0.0199,20.947,0.051,-0.01,0.0268956,24.2522
48,108,0.0199,20.948,0.051,-0.014,0.0452419,40.7952
49,109,0.0199,20.948,0.051,-0.01,0.0393637,35.4948
50,110,0.0199,20.947,0.051,-0.025,0.027345,24.6573
51,111,0.0199,20.947,0.051,-0.011,0.0157564,14.2078
52,112,0.0199,20.948,0.051,-0.003,0.0126641,11.4194
53,113,0.0199,20.947,0.051,-0.001,0.0090992,8.2048
54,114,0.0199,20.948,0.051,-0.006,0,0
55,115,0.0199,20.949,0.051,0.003,0.0073764,6.6514
56,116,0.0199,20.948,0.051,0.004,0.0181625,16.3773
57,117,0.0199,20.947,0.051,0.003,0.0224148,20.2118
58,118,0.0199,20.948,0.051,-0.001,0.0313108,28.2334
59,119,0.0199,20.946,0.051,-0.013,0.0263825,23.7895
60,120,0.0299,20.945,0.051,-0.012,0.0343326,30.9582
61,121,0.0299,20.946,0.051,-0.006,0.0219818,19.8213
62,122,0.0299,20.947,0.051,0,0.0240458,21.6824
63,123,0.0299,20.948,0.051,0.008,0.0212057,19.1215
64,124,0.0299,20.947,0.052,0.011,0.0210965,19.023
65,125,0.0299,20.947,0.051,0.016,0.0068904,6.2132
66,126,0.0299,20.948,0.051,0.008,0.0335428,30.246
67,127,0.0299,20.948,0.051,-0.002,0.0184113,16.6017
68,128,0.0299,20.948,0.051,-0.001,0.0435576,39.2764
69,129,0.0299,20.947,0.052,-0.009,0.0375746,33.8815
70,130,0.0299,20.947,0.052,-0.006,0.0292023,26.3321
71,131,0.0299,20.947,0.052,-0.014,0.0266955,24.0717
72,132,0.0299,20.947,0.052,-0.002,0.0228949,20.6446
73,133,0.0299,20.947,0.051,-0.004,0.0071633,6.4592
74,134,0.0299,20.947,0.05,0,0.0153783,13.8668
75,135,0.0299,20.947,0.051,0.006,0.0049497,4.4632
76,136,0.0299,20.946,0.052,0.018,0.0213128,19.218
77,137,0.0299,20.946,0.051,-0.003,0.0231922,20.9127
78,138,0.0299,20.945,0.051,0.007,0.0182979,16.4994
79,139,0.0299,20.946,0.051,-0.011,0.0396304,35.7353
80,140,0.0299,20.945,0.051,-0.011,0.0362142,32.6549
81,141,0.0399,20.946,0.052,-0.007,0.0461866,41.6471
82,142,0.0399,20.947,0.052,-0.006,0.0375042,33.818
83,143,0.0399,20.947,0.052,-0.003,0.0160667,14.4875
84,144,0.0399,20.947,0.052,0.012,0.004628,4.1731
85,145,0.0399,20.947,0.051,0.009,0.0175221,15.7999
86,146,0.0399,20.946,0.051,0.015,0.0133154,12.0067
87,147,0.0399,20.947,0.052,0,0.0159403,14.3736
88,148,0.0399,20.947,0.053,0.002,0.020953,18.8936
89,149,0.0399,20.946,0.052,-0.004,0.0257418,23.2118
90,150,0.0399,20.948,0.052,-0.018,0.0542585,48.9256
91,151,0.0399,20.947,0.051,-0.01,0.0364092,32.8307
92,152,0.0399,20.946,0.051,-0.019,0.0262292,23.6512
93,153,0.0399,20.946,0.051,-0.015,0.021583,19.4617
94,154,0.0399,20.947,0.052,0,0.0045389,4.0928
95,155,0.0399,20.948,0.052,0.019,0.0125844,11.3475
96,156,0.0399,20.946,0.052,0.007,0.0092855,8.3729
97,157,0.0399,20.946,0.052,0.011,0.0220079,19.8448
98,158,0.0399,20.946,0.052,-0.001,0.0387315,34.9247
99,159,0.05,20.948,0.053,0.004,0.0333833,30.1021
100,160,0.05,20.946,0.052,0.003,0.0199265,17.968
101,161,0.05,20.945,0.052,-0.017,0.029298,26.4184
102,162,0.05,20.944,0.051,-0.015,0.0185115,16.692
103,163,0.05,20.947,0.051,-0.005,0.0166582,15.021
104,164,0.05,20.947,0.052,0.004,0.0126451,11.4023
105,165,0.05,20.946,0.052,0.019,0.006289,5.6708
106,166,0.05,20.946,0.052,0.007,0.0230912,20.8217
107,167,0.05,20.947,0.052,0.005,0.0158113,14.2573
108,168,0.05,20.948,0.052,0.003,0.0096503,8.7018
109,169,0.05,20.946,0.052,-0.008,0.0124966,11.2683
110,170,0.05,20.945,0.052,-0.008,0.0275236,24.8184
111,171,0.05,20.946,0.052,0,0.0275175,24.8129
112,172,0.05,20.947,0.051,-0.008,0.0324764,29.2844
113,173,0.05,20.947,0.052,0.007,0.0291107,26.2495
114,174,0.05,20.946,0.052,0.003,0.0176915,15.9526
115,175,0.05,20.947,0.052,0.007,0.0142498,12.8492
116,176,0.05,20.947,0.052,0.008,0.0060474,5.453
117,177,0.05,20.948,0.052,0.002,0.0095462,8.6079
118,178,0.05,20.946,0.052,0.004,0.0266152,23.9993
119,179,0.05,20.947,0.051,0.005,0.0466867,42.098
120,180,0.05,20.948,0.051,0.008,0.0361143,32.5647
121,181,0.05,20.947,0.051,-0.001,0.0250099,22.5517
122,182,0.06,20.946,0.052,-0.006,0.0197209,17.7826
123,183,0.06,20.947,0.052,-0.012,0.0122386,11.0357
124,184,0.06,20.947,0.052,-0.013,0.0153742,13.8631
125,185,0.06,20.948,0.051,0.007,0.0205211,18.5042
126,186,0.06,20.946,0.052,0.006,0.0305689,27.5644
127,187,0.06,20.947,0.052,0.013,0.0296426,26.7291
128,188,0.06,20.947,0.052,0.005,0.0276027,24.8897
129,189,0.06,20.948,0.051,-0.006,0.0268965,24.2529
130,190,0.06,20.947,0.052,-0.024,0.0450859,40.6546
131,191,0.06,20.947,0.051,-0.015,0.0335106,30.217
132,192,0.06,20.947,0.052,-0.004,0.0441132,39.7774
133,193,0.06,20.947,0.052,0.005,0.0208001,18.7557
134,194,0.06,20.946,0.051,0.012,0.0059306,5.3477
135,195,0.06,20.946,0.052,0.01,0,0
136,196,0.06,20.946,0.052,0.004,0.0122539,11.0495
137,197,0.06,20.946,0.052,-0.005,0.0261634,23.5919
138,198,0.06,20.946,0.052,0,0.0263795,23.7867
139,199,0.06,20.945,0.052,-0.002,0.0290834,26.2249
140,200,0.06,20.946,0.052,-0.006,0.0364155,32.8364
141,201,0.06,20.947,0.052,-0.018,0.0399977,36.0664
142,202,0.06,20.946,0.052,-0.008,0.0167479,15.1018
143,203,0.07,20.946,0.052,-0.017,0.0323547,29.1747
144,204,0.07,20.946,0.052,-0.001,0.0198295,17.8806
145,205,0.07,20.947,0.052,0.013,0.0250243,22.5648
146,206,0.07,20.947,0.052,0.027,0.0253938,22.8979
147,207,0.07,20.948,0.052,0.007,0.0156467,14.1088
148,208,0.07,20.947,0.052,-0.001,0.0262008,23.6256
149,209,0.07,20.946,0.051,-0.001,0.0352914,31.8227
150,210,0.07,20.946,0.051,-0.003,0.0240611,21.6963
151,211,0.07,20.946,0.051,-0.004,0.0339536,30.6164
152,212,0.07,20.945,0.052,-0.013,0.0351565,31.7011
153,213,0.07,20.946,0.052,0.003,0.0297043,26.7848
154,214,0.07,20.947,0.052,-0.016,0.0143129,12.9061
155,215,0.07,20.948,0.052,0.005,0,0
156,216,0.07,20.946,0.051,0.005,0.0176681,15.9316
157,217,0.07,20.945,0.051,0.005,0.0247369,22.3056
158,218,0.07,20.945,0.052,0.005,0.025269,22.7854
159,219,0.07,20.947,0.052,0.004,0.026902,24.2579
160,220,0.07,20.945,0.052,-0.004,0.0467458,42.1513
161,221,0.07,20.945,0.052,-0.004,0.0274603,24.7613
162,222,0.08,20.947,0.052,-0.013,0.0264234,23.8263
163,223,0.08,20.947,0.052,-0.014,0.0349181,31.4861
164,224,0.08,20.947,0.053,0,0.0302771,27.3013
165,225,0.08,20.945,0.052,0.009,0.0264799,23.8773
166,226,0.08,20.946,0.052,0.022,0.0223656,20.1674
167,227,0.08,20.947,0.052,0.002,0.0237414,21.4079
168,228,0.08,20.947,0.052,0.005,0.0124326,11.2106
169,229,0.08,20.945,0.052,0.005,0.0276663,24.9471
170,230,0.08,20.945,0.052,-0.002,0.0231108,20.8393
171,231,0.08,20.946,0.052,-0.019,0.0344779,31.0892
172,232,0.08,20.946,0.052,-0.007,0.0378151,34.0983
173,233,0.08,20.947,0.052,-0.006,0.0504392,45.4817
174,234,0.08,20.947,0.052,-0.009,0.0392962,35.4339
175,235,0.08,20.946,0.052,0,0.0237811,21.4438
176,236,0.08,20.945,0.052,-0.001,0.0070481,6.3554
177,237,0.08,20.946,0.052,0.003,0.0220919,19.9206
178,238,0.08,20.946,0.053,0.006,0.0289115,26.0699
179,239,0.09,20.945,0.053,0.011,0.0245692,22.1543
180,240,0.09,20.946,0.052,-0.003,0.0124832,11.2563
181,241,0.09,20.946,0.052,-0.003,0.037067,33.4238
182,242,0.09,20.947,0.052,-0.009,0.0455917,41.1107
183,243,0.09,20.946,0.052,-0.007,0.0436189,39.3318
184,244,0.09,20.945,0.052,-0.019,0.0324189,29.2326
185,245,0.09,20.945,0.052,-0.004,0.0248301,22.3896
186,246,0.09,20.944,0.052,0.006,0.0351305,31.6776
187,247,0.09,20.945,0.052,0.012,0.0088626,7.9915
188,248,0.09,20.947,0.053,0.003,0.0175125,15.7912
189,249,0.09,20.946,0.053,0,0.0151118,13.6265
190,250,0.09,20.945,0.053,-0.005,0.028151,25.3841
191,251,0.09,20.947,0.052,0.006,0.0327616,29.5415
192,252,0.09,20.947,0.052,-0.006,0.0402257,36.272
193,253,0.09,20.945,0.052,-0.01,0.0242934,21.9057
194,254,0.09,20.944,0.053,-0.017,0.0285969,25.7862
195,255,0.09,20.946,0.052,-0.012,0.0237694,21.4332
196,256,0.1,20.947,0.053,0.005,0.029525,26.6231
197,257,0.1,20.945,0.052,-0.001,0.004948,4.4616
198,258,0.1,20.944,0.053,0.015,0.007668,6.9144
199,259,0.1,20.946,0.053,0.006,0.0017138,1.5454
200,260,0.1,20.946,0.053,0.013,0.0200946,18.1196
201,261,0.1,20.945,0.053,0.001,0.0385563,34.7668
202,262,0.1,20.945,0.053,-0.008,0.0251451,22.6737
203,263,0.1,20.946,0.052,-0.01,0.0410778,37.0404
204,264,0.1,20.945,0.052,0.005,0.0453644,40.9057
205,265,0.1,20.945,0.052,-0.003,0.0309967,27.9501
206,266,0.1,20.946,0.052,0.006,0.0104789,9.449
207,267,0.1,20.945,0.052,-0.004,0.0129172,11.6476
208,268,0.1,20.946,0.052,0.014,0.0074971,6.7603
209,269,0.1,20.947,0.053,0.016,0.0089682,8.0867
210,270,0.1,20.946,0.052,0.016,0.0366644,33.0608
211,271,0.1,20.947,0.051,0,0.0439928,39.6689
212,272,0.1,20.947,0.052,-0.011,0.045283,40.8322
213,273,0.1,20.946,0.052,0,0.0334846,30.1935
214,274,0.1,20.946,0.052,-0.015,0.0451938,40.7518
215,275,0.1,20.946,0.053,-0.019,0.0383977,34.6237
216,276,0.1,20.946,0.052,-0.011,0.0367619,33.1487
217,277,0.1,20.947,0.052,0.009,0.0315861,28.4816
218,278,0.1,20.947,0.052,0.016,0.0268676,24.2269
219,279,0.1,20.945,0.053,0.021,0.0446876,40.2954
220,280,0.1,20.945,0.052,0.014,0.0329525,29.7137
221,281,0.1099,20.946,0.052,-0.006,0.0444525,40.0834
222,282,0.1099,20.945,0.052,-0.013,0.0513706,46.3216
223,283,0.1099,20.945,0.052,-0.023,0.0496725,44.7903
224,284,0.1099,20.947,0.052,-0.003,0.0377117,34.0052
225,285,0.1099,20.945,0.052,-0.014,0.0335991,30.2967
226,286,0.1099,20.945,0.053,-0.008,0.0277055,24.9824
227,287,0.1099,20.945,0.052,-0.007,0.0233581,21.0623
228,288,0.1099,20.945,0.051,-0.001,0,0
229,289,0.1099,20.945,0.051,-0.001,0.0057415,5.1772
230,290,0.1099,20.946,0.052,-0.013,0.0092234,8.3169
231,291,0.1099,20.945,0.053,-0.007,0.0452742,40.8243
232,292,0.1099,20.946,0.053,-0.015,0.0504656,45.5055
233,293,0.1099,20.945,0.052,-0.024,0.0385212,34.7351
234,294,0.1099,20.946,0.052,-0.024,0.0434281,39.1597
235,295,0.1099,20.946,0.053,-0.012,0.0289044,26.0634
236,296,0.1099,20.946,0.052,-0.009,0.011911,10.7403
237,297,0.1099,20.946,0.052,0.003,0.012525,11.294
238,298,0.1099,20.945,0.052,-0.003,0.0006087,0.5488
239,299,0.1099,20.947,0.052,0.025,0.0154404,13.9229
240,300,0.1099,20.946,0.051,0.018,0.0325537,29.3541
241,301,0.1199,20.946,0.052,0.011,0.0268927,24.2495
242,302,0.1199,20.947,0.053,-0.014,0.0290535,26.1979
243,303,0.1199,20.945,0.052,-0.024,0.0290181,26.166
244,304,0.1199,20.946,0.051,-0.008,0.0483827,43.6273
245,305,0.1199,20.945,0.052,-0.011,0.0373164,33.6487
246,306,0.1199,20.945,0.052,0.001,0.0340016,30.6597
247,307,0.1199,20.945,0.051,0.017,0.0257503,23.2194
248,308,0.1199,20.945,0.052,0.008,0.0169148,15.2523
249,309,0.1199,20.947,0.052,0.018,0.0171362,15.452
250,310,0.1199,20.947,0.053,0.004,0.0293222,26.4402
251,311,0.1199,20.947,0.053,-0.003,0.0416503,37.5566
252,312,0.1199,20.945,0.052,0.002,0.0363641,32.79
253,313,0.1199,20.945,0.052,-0.004,0.0255604,23.0482
254,314,0.1199,20.946,0.052,-0.013,0.0191405,17.2592
255,315,0.1199,20.948,0.052,-0.017,0.0394381,35.5619
256,316,0.1199,20.945,0.052,-0.006,0.0342829,30.9134
257,317,0.1199,20.945,0.052,-0.013,0.0232867,20.9979
258,318,0.1199,20.947,0.052,-0.001,0.0320164,28.8696
259,319,0.1199,20.946,0.052,0.003,0.0155092,13.9849
260,320,0.1199,20.947,0.052,0.003,0.0123997,11.1809
261,321,0.1299,20.947,0.051,-0.004,0.0211495,19.0708
262,322,0.1299,20.946,0.052,-0.02,0.0582083,52.4872
263,323,0.1299,20.947,0.052,-0.011,0.0427496,38.5478
264,324,0.1299,20.946,0.052,-0.005,0.0389126,35.088
265,325,0.1299,20.947,0.052,0.001,0.0296806,26.7634
266,326,0.1299,20.947,0.052,-0.013,0.0371634,33.5107
267,327,0.1299,20.946,0.052,-0.004,0.016473,14.8539
268,328,0.1299,20.945,0.052,0.002,0.0182167,16.4263
269,329,0.1299,20.946,0.052,-0.006,0.0256422,23.1219
270,330,0.1299,20.946,0.052,0.009,0.0183393,16.5368
271,331,0.1299,20.946,0.052,0.007,0.0242642,21.8794
272,332,0.1299,20.947,0.052,-0.001,0.0190314,17.1608
273,333,0.1299,20.947,0.051,-0.026,0.025975,23.422
274,334,0.1299,20.945,0.052,-0.015,0.0346949,31.2848
275,335,0.1299,20.946,0.052,-0.008,0.0210665,18.9959
276,336,0.1299,20.945,0.052,-0.009,0.0252382,22.7576
277,337,0.1299,20.947,0.052,-0.006,0.024444,22.0415
278,338,0.1299,20.945,0.052,0.013,0.0127828,11.5264
279,339,0.1299,20.945,0.053,0.011,0.0144617,13.0403
280,340,0.1299,20.945,0.051,0.003,0.0081417,7.3414
281,341,0.1299,20.945,0.051,0.007,0.0175018,15.7816
282,342,0.1299,20.946,0.052,0.002,0.0473868,42.7293
283,343,0.1399,20.946,0.052,0.001,0.0405684,36.581
284,344,0.1399,20.947,0.052,-0.001,0.0483083,43.5602
285,345,0.1399,20.946,0.052,-0.004,0.0430662,38.8334
286,346,0.1399,20.945,0.051,-0.001,0.0493837,44.53
287,347,0.1399,20.947,0.051,-0.004,0.030877,27.8422
288,348,0.1399,20.947,0.052,0.002,0.0221452,19.9686
289,349,0.1399,20.946,0.051,0.016,0.0142076,12.8112
290,350,0.1399,20.945,0.052,0.011,0.0172942,15.5944
291,351,0.1399,20.946,0.052,0.011,0.0203533,18.3529
292,352,0.1399,20.947,0.053,0.007,0.0345709,31.1731
293,353,0.1399,20.946,0.052,-0.017,0.037375,33.7015
294,354,0.1399,20.945,0.052,-0.015,0.030781,27.7556
295,355,0.1399,20.946,0.052,-0.021,0.0412205,37.1691
296,356,0.1399,20.946,0.052,-0.017,0.0202739,18.2812
297,357,0.1399,20.946,0.052,-0.017,0.0125555,11.3215
298,358,0.1399,20.945,0.052,-0.005,0.0027774,2.5044
299,359,0.1399,20.946,0.052,0.003,0.0042954,3.8732
300,360,0.1399,20.946,0.053,0.01,0.0217303,19.5945
301,361,0.1399,20.946,0.052,0.011,0.0157194,14.1744
302,362,0.1399,20.945,0.051,0.009,0.0326515,29.4423
303,363,0.1399,20.945,0.052,-0.008,0.0230919,20.8222
304,364,0.1399,20.946,0.052,-0.011,0.0346681,31.2607
305,365,0.1499,20.946,0.052,-0.01,0.0410425,37.0086
306,366,0.1499,20.947,0.053,-0.015,0.0346608,31.2541
307,367,0.1499,20.946,0.052,-0.001,0.0156893,14.1473
308,368,0.1499,20.947,0.052,0.007,0.0286329,25.8186
309,369,0.1499,20.947,0.052,0.016,0.0354309,31.9485
310,370,0.1499,20.947,0.052,0.024,0.0208004,18.756
311,371,0.1499,20.945,0.052,0.003,0.0347331,31.3193
312,372,0.1499,20.946,0.052,0.004,0.012239,11.036
313,373,0.1499,20.947,0.052,-0.007,0.0376437,33.9438
314,374,0.1499,20.946,0.053,0.002,0.0245847,22.1684
315,375,0.1499,20.946,0.052,-0.01,0.0409511,36.9261
316,376,0.1599,20.946,0.052,-0.02,0.0229905,20.7308
317,377,0.1599,20.947,0.052,-0.014,0.0285113,25.7091
318,378,0.1599,20.947,0.052,0.009,0.0217399,19.6031
319,379,0.1599,20.946,0.052,-0.003,0.0263488,23.759
320,380,0.1599,20.946,0.052,-0.005,0.0192431,17.3518
321,381,0.1599,20.945,0.052,0.004,0.0135045,12.1772
322,382,0.1599,20.946,0.052,-0.009,0.0442329,39.8854
323,383,0.1599,20.946,0.052,0.012,0.0365299,32.9395
324,384,0.1599,20.946,0.051,-0.012,0.0532606,48.0258
325,385,0.1599,20.946,0.052,-0.008,0.0332832,30.0119
326,386,0.1599,20.948,0.052,-0.015,0.0351056,31.6551
327,387,0.1599,20.946,0.052,0.002,0.0230941,20.8243
328,388,0.1599,20.946,0.053,-0.004,0.0331439,29.8863
329,389,0.1599,20.946,0.052,0.007,0.0193506,17.4487
330,390,0.1599,20.945,0.052,0.008,0.0286865,25.867
331,391,0.1599,20.944,0.052,0.015,0.0027969,2.522
332,392,0.17,20.944,0.052,0.011,0.0214945,19.3819
333,393,0.17,20.946,0.052,-0.013,0.0155667,14.0367
334,394,0.17,20.945,0.051,-0.01,0.0361006,32.5524
335,395,0.17,20.946,0.052,-0.021,0.0446611,40.2715
336,396,0.17,20.945,0.052,-0.012,0.0338454,30.5188
337,397,0.17,20.947,0.052,-0.009,0.0230293,20.7658
338,398,0.17,20.946,0.052,0.002,0.0225146,20.3017
339,399,0.17,20.946,0.052,-0.003,0.0097338,8.7771
340,400,0.17,20.945,0.052,0.01,0.0215286,19.4126
341,401,0.17,20.945,0.052,0.001,0.0208534,18.8038
342,402,0.17,20.945,0.052,0.016,0.0403427,36.3776
343,403,0.17,20.947,0.051,-0.001,0.0416866,37.5893
344,404,0.17,20.947,0.053,0.01,0.0354285,31.9463
345,405,0.1801,20.946,0.052,-0.011,0.0335865,30.2854
346,406,0.1801,20.946,0.052,-0.018,0.0244791,22.0731
347,407,0.1801,20.946,0.053,-0.008,0.0206358,18.6076
348,408,0.1901,20.946,0.052,0.001,0.0352175,31.7561
349,409,0.1901,20.946,0.052,0.007,0.0228432,20.598
350,410,0.1801,20.945,0.052,0.019,0.0246779,22.2524
351,411,0.1801,20.945,0.052,0.008,0.0190369,17.1658
352,412,0.1801,20.945,0.052,-0.001,0.0201788,18.1955
353,413,0.17,20.947,0.051,-0.014,0.0206901,18.6566
354,414,0.17,20.946,0.051,-0.014,0.0497811,44.8882
355,415,0.1801,20.946,0.052,-0.013,0.0340384,30.6929
356,416,0.1801,20.947,0.052,-0.003,0.0445606,40.1809
357,417,0.1801,20.945,0.052,0,0.0218925,19.7407
358,418,0.1801,20.946,0.052,0.004,0.0220419,19.8755
359,419,0.1801,20.946,0.052,-0.009,0.0091695,8.2682
360,420,0.1801,20.946,0.052,0.002,0.0270323,24.3754
361,421,0.1801,20.946,0.052,0.005,0.0104181,9.3942
362,422,0.1801,20.945,0.052,0.001,0.0230823,20.8136
363,423,0.1801,20.947,0.052,0,0.0312684,28.1951
364,424,0.1801,20.947,0.052,0.004,0.0394772,35.5971
365,425,0.1901,20.946,0.052,-0.022,0.0462909,41.7411
366,426,0.1901,20.946,0.052,-0.013,0.0251006,22.6335
367,427,0.1901,20.947,0.052,-0.018,0.0321852,29.0219
368,428,0.2001,20.946,0.051,0.003,0.0206358,18.6076
369,429,0.2001,20.946,0.052,0.004,0.0166987,15.0574
370,430,0.2001,20.946,0.052,0.01,0.0168175,15.1645
371,431,0.2001,20.947,0.052,-0.002,0,0
372,432,0.2001,20.946,0.051,0.004,0.0215606,19.4415
373,433,0.2001,20.948,0.052,0.003,0.0316151,28.5078
374,434,0.2001,20.946,0.052,-0.006,0.0473068,42.6572
375,435,0.2001,20.946,0.052,-0.008,0.0357225,32.2115
376,436,0.2001,20.945,0.052,-0.015,0.0375307,33.8419
377,437,0.1901,20.945,0.051,0,0.0545015,49.1447
378,438,0.1901,20.946,0.052,-0.001,0.0352322,31.7693
379,439,0.1901,20.945,0.052,0.004,0.0326815,29.4694
380,440,0.1901,20.946,0.052,0.003,0.0078671,7.0938
381,441,0.1901,20.947,0.051,0.008,0.013094,11.8071
382,442,0.1901,20.946,0.052,0.021,0.0080072,7.2202
383,443,0.2001,20.948,0.052,0.008,0.0429102,38.6927
384,444,0.2001,20.945,0.051,-0.006,0.0451088,40.6752
385,445,0.2001,20.946,0.052,-0.015,0.0364565,32.8733
386,446,0.2001,20.945,0.052,-0.01,0.0284885,25.6885
387,447,0.2001,20.946,0.052,-0.016,0.0168721,15.2138
388,448,0.2001,20.947,0.052,-0.027,0.033904,30.5717
389,449,0.2001,20.946,0.051,-0.004,0.0124146,11.1944
390,450,0.2001,20.945,0.051,-0.001,0.0249983,22.5413
391,451,0.21,20.945,0.052,0.017,0.0122663,11.0607
392,452,0.21,20.946,0.052,0.011,0.0311364,28.0761
393,453,0.21,20.946,0.051,0.016,0.0171241,15.441
394,454,0.2001,20.946,0.052,-0.011,0.0145193,13.0923
395,455,0.2001,20.945,0.052,-0.014,0.0306787,27.6634
396,456,0.2001,20.945,0.052,-0.011,0.0408405,36.8264
397,457,0.2001,20.946,0.052,-0.008,0.0369052,33.2779
398,458,0.2001,20.947,0.052,0.003,0.0280096,25.2567
399,459,0.2001,20.947,0.052,-0.008,0.0160671,14.4879
400,460,0.2001,20.946,0.052,0.012,0,0
401,461,0.2001,20.946,0.051,0.005,0,0
402,462,0.2001,20.945,0.052,0.013,0.009164,8.2633
403,463,0.2001,20.946,0.052,0.004,0.0171346,15.4505
404,464,0.21,20.944,0.051,0.007,0.0291735,26.3062
405,465,0.21,20.946,0.052,0.011,0.0258655,23.3233
406,466,0.21,20.946,0.052,-0.006,0.0254808,22.9764
407,467,0.21,20.946,0.051,-0.014,0.0286073,25.7956
408,468,0.21,20.946,0.052,-0.01,0.0232184,20.9363
409,469,0.21,20.946,0.051,-0.008,0.0052819,4.7628
410,470,0.21,20.947,0.051,0,0.0041054,3.7019
411,471,0.21,20.948,0.051,0.028,0.0041736,3.7634
412,472,0.22,20.947,0.052,0.017,0.009036,8.1479
413,473,0.22,20.948,0.052,0.01,0.0201832,18.1995
414,474,0.22,20.947,0.052,0.003,0.03732,33.6519
415,475,0.22,20.947,0.052,-0.004,0.0367908,33.1747
416,476,0.22,20.946,0.052,-0.001,0.0321572,28.9965
417,477,0.21,20.946,0.052,-0.005,0.0348434,31.4188
418,478,0.21,20.947,0.051,-0.008,0.0210963,19.0228
419,479,0.21,20.947,0.051,-0.002,0.0187458,16.9033
420,480,0.22,20.947,0.051,0.01,0.0060267,5.4344
421,481,0.22,20.948,0.051,0.011,0,0
422,482,0.22,20.948,0.051,0.011,0.0068064,6.1374
423,483,0.22,20.948,0.051,0.011,0.0209495,18.8905
424,484,0.22,20.947,0.052,0.01,0.0270603,24.4007
425,485,0.22,20.945,0.052,-0.006,0.0339634,30.6253
426,486,0.22,20.945,0.052,-0.011,0.0339297,30.5949
427,487,0.22,20.946,0.052,-0.002,0.0225748,20.356
428,488,0.22,20.945,0.051,-0.004,0.0328097,29.5849
429,489,0.22,20.945,0.051,0.005,0.0159372,14.3708
430,490,0.22,20.946,0.051,0.002,0.0259232,23.3753
431,491,0.22,20.947,0.051,0.014,0.0261611,23.5898
432,492,0.22,20.947,0.05,0.021,0.0136913,12.3456
433,493,0.22,20.947,0.051,0.019,0,0
434,494,0.22,20.946,0.051,0,0.0114007,10.2802
435,495,0.22,20.947,0.052,-0.001,0.0351606,31.7048
436,496,0.22,20.946,0.051,-0.008,0.019939,17.9792
437,497,0.22,20.946,0.051,-0.007,0.0544927,49.1368
438,498,0.22,20.946,0.052,0.008,0.0512082,46.1751
439,499,0.22,20.945,0.052,-0.003,0.0205012,18.4862
440,500,0.22,20.945,0.051,0.004,0.0145722,13.14
441,501,0.23,20.947,0.052,-0.005,0.0195935,17.6677
442,502,0.23,20.947,0.051,0.004,0.0206059,18.5806
443,503,0.23,20.945,0.051,0.007,0.019912,17.9549
444,504,0.23,20.947,0.051,0.023,0.0243833,21.9867
445,505,0.23,20.947,0.051,0.009,0.0299594,27.0148
446,506,0.23,20.947,0.052,-0.013,0.042396,38.229
447,507,0.23,20.947,0.051,0,0.0266657,24.0448
448,508,0.23,20.947,0.051,-0.021,0.036593,32.9964
449,509,0.23,20.945,0.051,-0.018,0.0188765,17.0212
450,510,0.23,20.945,0.052,0,0.0053234,4.8002
451,511,0.23,20.947,0.051,0.01,0,0
452,512,0.23,20.946,0.051,0.006,0,0
453,513,0.23,20.946,0.051,0.005,0,0
454,514,0.23,20.946,0.051,0.001,0.0252613,22.7785
455,515,0.23,20.947,0.051,-0.003,0.0345675,31.17
456,516,0.23,20.947,0.052,0.001,0.03761,33.9134
457,517,0.23,20.945,0.051,-0.016,0.0410836,37.0457
458,518,0.23,20.946,0.051,-0.005,0.0478241,43.1236
459,519,0.23,20.947,0.053,-0.01,0.0335992,30.2969
460,520,0.23,20.946,0.052,0,0.0302923,27.315
461,521,0.23,20.947,0.051,0.009,0.041024,36.9919
462,522,0.23,20.948,0.051,0.017,0.0342111,30.8486
463,523,0.23,20.948,0.051,0.02,0.022333,20.138
464,524,0.23,20.948,0.051,0.02,0.0395121,35.6286
465,525,0.23,20.949,0.051,-0.009,0.0351089,31.6581
466,526,0.23,20.948,0.051,-0.008,0.0518332,46.7387
467,527,0.23,20.946,0.052,-0.011,0.032346,29.1668
468,528,0.23,20.946,0.051,-0.01,0.0440633,39.7324
469,529,0.23,20.945,0.051,-0.015,0.0200264,18.0581
470,530,0.24,20.945,0.05,0.003,0.0166416,15.006
471,531,0.24,20.944,0.051,0.002,0,0
472,532,0.24,20.945,0.051,-0.005,0.0030625,2.7615
473,533,0.24,20.944,0.051,0.002,0.0208004,18.756
474,534,0.24,20.944,0.051,0.013,0.0245215,22.1114
475,535,0.24,20.944,0.051,-0.007,0.0205193,18.5025
476,536,0.24,20.945,0.051,-0.004,0.0528803,47.6829
477,537,0.24,20.945,0.052,-0.014,0.0436797,39.3865
478,538,0.24,20.944,0.052,-0.002,0.0510559,46.0378
479,539,0.24,20.945,0.051,-0.018,0.0123492,11.1354
480,540,0.24,20.946,0.051,0.001,0.0358581,32.3337
481,541,0.24,20.947,0.052,0.004,0.0089742,8.0921
482,542,0.24,20.947,0.052,0.014,0.0269528,24.3037
483,543,0.24,20.948,0.052,0.011,0.0183083,16.5089
484,544,0.24,20.948,0.052,0.004,0.024185,21.808
485,545,0.24,20.946,0.052,-0.004,0.034088,30.7376
486,546,0.24,20.947,0.051,-0.005,0.0376977,33.9925
487,547,0.25,20.948,0.052,-0.029,0.0404845,36.5054
488,548,0.25,20.947,0.051,-0.017,0.0493165,44.4694
489,549,0.25,20.946,0.051,-0.019,0.017436,15.7223
490,550,0.25,20.945,0.051,0.008,0.0129098,11.6409
491,551,0.25,20.947,0.052,-0.009,0.0123295,11.1176
492,552,0.25,20.946,0.051,0.015,0.0100202,9.0353
493,553,0.25,20.946,0.051,0.004,0.0100188,9.0341
494,554,0.25,20.945,0.051,0.012,0.0155398,14.0124
495,555,0.25,20.945,0.051,0.002,0.0175933,15.8641
496,556,0.25,20.946,0.051,-0.012,0.0299161,26.9758
497,557,0.25,20.947,0.052,-0.015,0.0283147,25.5317
498,558,0.25,20.947,0.051,-0.014,0.0210759,19.0044
499,559,0.25,20.946,0.051,-0.022,0.0171294,15.4458
500,560,0.25,20.946,0.051,0.008,0.0229974,20.7371
501,561,0.25,20.946,0.052,0.012,0.0256015,23.0852
502,562,0.25,20.946,0.051,0.012,0.0173172,15.6152
503,563,0.25,20.946,0.052,0.015,0.0240002,21.6413
504,564,0.25,20.946,0.052,0.014,0.0176606,15.9248
505,565,0.25,20.946,0.051,0.009,0.0267329,24.1054
506,566,0.25,20.946,0.051,0.003,0.0421621,38.0181
507,567,0.25,20.947,0.051,-0.008,0.0420913,37.9543
508,568,0.25,20.947,0.051,-0.011,0.0589845,53.1871
509,569,0.26,20.948,0.051,0,0.0485597,43.7869
510,570,0.26,20.947,0.051,-0.001,0.0330704,29.8201
511,571,0.26,20.948,0.052,0.003,0.0176657,15.9294
512,572,0.26,20.946,0.052,0.004,0.0245118,22.1026
513,573,0.26,20.945,0.051,0.007,0.0187094,16.8705
514,574,0.26,20.946,0.051,0.002,0.0136504,12.3087
515,575,0.26,20.946,0.052,0.008,0.0242621,21.8775
516,576,0.26,20.946,0.052,0.003,0.0253371,22.8468
517,577,0.26,20.945,0.052,-0.016,0.0363071,32.7386
518,578,0.26,20.946,0.051,-0.011,0.0362646,32.7003
519,579,0.26,20.945,0.052,-0.026,0.0127204,11.4701
520,580,0.26,20.945,0.051,-0.022,0.0037951,3.4221
521,581,0.26,20.946,0.051,-0.007,0.0217136,19.5795
522,582,0.26,20.946,0.051,0.008,0.0200765,18.1032
523,583,0.26,20.946,0.051,-0.003,0,0
524,584,0.26,20.947,0.051,0.007,0.0030936,2.7895
525,585,0.26,20.946,0.052,0.007,0.0169806,15.3117
526,586,0.27,20.947,0.052,0.001,0.0352198,31.7581
527,587,0.27,20.946,0.052,0,0.0188168,16.9674
528,588,0.27,20.946,0.052,-0.01,0.0319558,28.8149
529,589,0.27,20.946,0.051,-0.006,0.026432,23.8341
530,590,0.27,20.945,0.052,0.008,0.0289094,26.068
531,591,0.27,20.947,0.052,0.015,0.0142553,12.8542
532,592,0.27,20.947,0.052,0.003,0.0146483,13.2085
533,593,0.27,20.946,0.052,0.005,0.0112942,10.1842
534,594,0.27,20.946,0.051,0.025,0.0287842,25.9551
535,595,0.27,20.946,0.052,0.012,0.0206644,18.6334
536,596,0.27,20.948,0.051,0.003,0.0495663,44.6946
537,597,0.27,20.947,0.052,-0.009,0.0364095,32.8309
538,598,0.27,20.946,0.052,0.001,0.0445824,40.2005
539,599,0.27,20.947,0.052,-0.006,0.0414993,37.4205
540,600,0.27,20.946,0.051,-0.006,0.0237257,21.3938
541,601,0.27,20.947,0.051,-0.002,0.0223347,20.1395
542,602,0.27,20.946,0.051,0.006,0.0052011,4.6899
543,603,0.27,20.947,0.051,0.006,0.0179769,16.21
544,604,0.27,20.947,0.05,0.009,0.0307044,27.6866
545,605,0.27,20.947,0.051,-0.001,0.0427219,38.5229
546,606,0.27,20.946,0.052,0.005,0.0482843,43.5386
547,607,0.27,20.946,0.053,-0.024,0.030952,27.9098
548,608,0.2801,20.946,0.051,-0.011,0.0286896,25.8698
549,609,0.2801,20.946,0.052,-0.012,0.0407132,36.7117
550,610,0.2801,20.945,0.052,-0.016,0.0501638,45.2334
551,611,0.2801,20.946,0.052,-0.004,0.0464781,41.9099
552,612,0.2801,20.947,0.052,-0.002,0.0217195,19.5847
553,613,0.2801,20.947,0.052,0.009,0.0123331,11.1209
554,614,0.2801,20.948,0.052,0.002,0.021115,19.0397
555,615,0.2801,20.947,0.051,-0.005,0.0179442,16.1805
556,616,0.2801,20.946,0.051,-0.011,0.0422207,38.071
557,617,0.2801,20.945,0.051,-0.016,0.0373506,33.6795
558,618,0.2801,20.945,0.051,-0.009,0.0407071,36.7061
559,619,0.2801,20.947,0.051,-0.012,0.0413045,37.2448
560,620,0.2801,20.948,0.051,-0.013,0.0354422,31.9587
561,621,0.2901,20.946,0.052,-0.017,0.008173,7.3697
562,622,0.2901,20.945,0.051,-0.019,0.0289053,26.0643
563,623,0.2901,20.946,0.051,-0.001,0.0346275,31.2241
564,624,0.2901,20.947,0.051,0.008,0.0178284,16.0761
565,625,0.2901,20.947,0.052,0.005,0.0208086,18.7634
566,626,0.2901,20.946,0.052,-0.003,0.012287,11.0794
567,627,0.2901,20.948,0.051,-0.016,0.0525109,47.3498
568,628,0.2901,20.946,0.051,-0.01,0.0346344,31.2303
569,629,0.2901,20.946,0.052,-0.014,0.0343293,30.9552
570,630,0.2901,20.946,0.052,-0.01,0.0252445,22.7633
571,631,0.2901,20.945,0.052,-0.01,0.0243529,21.9593
572,632,0.2901,20.946,0.052,0.011,0.0175887,15.8599
573,633,0.2901,20.947,0.052,0.001,0.0177298,15.9872
574,634,0.2901,20.945,0.051,-0.009,0.0204914,18.4774
575,635,0.2901,20.946,0.052,0.008,0.0166992,15.0579
576,636,0.2901,20.946,0.052,0.004,0.0289339,26.0901
577,637,0.2901,20.946,0.052,0.012,0.0286835,25.8643
578,638,0.2901,20.946,0.052,-0.017,0.0383796,34.6074
579,639,0.2901,20.944,0.052,-0.009,0.0244226,22.0221
580,640,0.2901,20.946,0.051,-0.013,0.0297502,26.8262
581,641,0.2901,20.947,0.051,0.001,0.0221623,19.984
582,642,0.3001,20.946,0.051,-0.003,0.0111212,10.0281
583,643,0.3001,20.947,0.051,0.008,0.021237,19.1497
584,644,0.3001,20.946,0.052,0.008,0.0140831,12.6989
585,645,0.3001,20.946,0.052,0,0.0270104,24.3557
586,646,0.3001,20.947,0.052,0.003,0.0092534,8.3439
587,647,0.3001,20.947,0.051,-0.004,0.0273695,24.6794
588,648,0.3001,20.946,0.051,-0.002,0.0248941,22.4474
589,649,0.3001,20.946,0.052,-0.011,0.0303843,27.398
590,650,0.3001,20.946,0.051,-0.009,0.0256773,23.1536
591,651,0.3001,20.948,0.052,-0.008,0.0247653,22.3312
592,652,0.3001,20.947,0.052,0.003,0.0078921,7.1164
593,653,0.3001,20.946,0.052,0.013,0.0156643,14.1247
594,654,0.3001,20.946,0.051,0.004,0.0284951,25.6944
595,655,0.3001,20.946,0.052,0.011,0.0132907,11.9844
596,656,0.3001,20.946,0.052,0.008,0.0433683,39.1058
597,657,0.3001,20.944,0.051,0.01,0.0346754,31.2672
598,658,0.3001,20.947,0.052,-0.006,0.0484061,43.6484
599,659,0.3001,20.947,0.052,-0.005,0.04377,39.468
600,660,0.3001,20.947,0.052,-0.009,0.0398007,35.8888
601,661,0.3001,20.947,0.052,-0.006,0.038101,34.3561
602,662,0.31,20.947,0.052,-0.005,0.0280515,25.2944
603,663,0.31,20.947,0.052,0.016,0.0212151,19.13
604,664,0.31,20.946,0.052,0.009,0.0132864,11.9805
605,665,0.31,20.946,0.051,-0.003,0.0314529,28.3615
606,666,0.31,20.946,0.052,0.012,0.0340783,30.7289
607,667,0.31,20.946,0.051,-0.017,0.0226858,20.4561
608,668,0.31,20.946,0.051,-0.008,0.0388238,35.008
609,669,0.31,20.946,0.051,-0.017,0.0373483,33.6774
610,670,0.31,20.945,0.051,-0.016,0.0369888,33.3533
611,671,0.32,20.946,0.051,-0.008,0.0283615,25.574
612,672,0.32,20.945,0.051,-0.006,0.0220449,19.8782
613,673,0.32,20.945,0.051,-0.002,0.012344,11.1307
614,674,0.32,20.946,0.051,0,0.0198673,17.9146
615,675,0.32,20.947,0.051,0.012,0.0090755,8.1835
616,676,0.32,20.946,0.052,-0.01,0.0282952,25.5142
617,677,0.32,20.947,0.052,-0.003,0.0274231,24.7277
618,678,0.32,20.945,0.051,0.002,0.0279231,25.1786
619,679,0.32,20.946,0.052,-0.012,0.0351476,31.6931
620,680,0.32,20.946,0.053,-0.016,0.0338686,30.5397
621,681,0.32,20.947,0.052,-0.012,0.0361414,32.5892
622,682,0.31,20.946,0.052,-0.003,0.031205,28.138
623,683,0.31,20.946,0.052,0.003,0.0294955,26.5965
624,684,0.31,20.946,0.052,0.012,0,0
625,685,0.32,20.946,0.052,0.005,0.0087222,7.8649
626,686,0.32,20.946,0.052,0.01,0.024996,22.5392
627,687,0.32,20.947,0.052,-0.008,0.0302983,27.3204
628,688,0.32,20.947,0.052,-0.007,0.0287888,25.9592
629,689,0.32,20.947,0.052,-0.002,0.0189557,17.0926
630,690,0.32,20.946,0.052,-0.01,0.0458431,41.3373
631,691,0.32,20.946,0.052,-0.008,0.039388,35.5167
632,692,0.32,20.946,0.051,-0.006,0.0243099,21.9206
633,693,0.33,20.945,0.051,0,0.0081933,7.388
634,694,0.33,20.945,0.052,-0.003,0.0187405,16.8986
635,695,0.33,20.946,0.052,0.021,0.0046215,4.1673
636,696,0.33,20.947,0.052,0.02,0.0178824,16.1248
637,697,0.33,20.945,0.051,0.01,0.0176783,15.9408
638,698,0.33,20.944,0.051,-0.009,0.0326355,29.4278
639,699,0.33,20.947,0.052,-0.002,0.0448505,40.4423
640,700,0.33,20.946,0.052,0.001,0.0469941,42.3752
641,701,0.33,20.947,0.051,-0.014,0.0491641,44.3319
642,702,0.33,20.945,0.052,-0.007,0.0215738,19.4534
643,703,0.33,20.945,0.052,-0.004,0.0305573,27.5539
644,704,0.34,20.947,0.051,0.011,0.0232898,21.0007
645,705,0.34,20.947,0.051,0.007,0.0166211,14.9875
646,706,0.34,20.946,0.052,0.02,0.0376341,33.9352
647,707,0.34,20.946,0.052,0.002,0.0225726,20.354
648,708,0.34,20.947,0.051,0.016,0.0410104,36.9796
649,709,0.34,20.944,0.052,-0.011,0.0434442,39.1742
650,710,0.34,20.947,0.051,-0.023,0.0441382,39.8
651,711,0.34,20.947,0.051,-0.02,0.0356902,32.1823
652,712,0.34,20.946,0.052,-0.022,0.0467954,42.196
653,713,0.34,20.946,0.053,-0.001,0.0438233,39.5161
654,714,0.34,20.947,0.053,0.013,0.0351269,31.6743
655,715,0.34,20.942,0.053,0.005,0.0289371,26.093
656,716,0.34,20.945,0.053,0.007,0.0213385,19.2412
657,717,0.34,20.946,0.053,-0.003,0.0124572,11.2328
658,718,0.34,20.944,0.053,0.011,0.0079484,7.1672
659,719,0.34,20.944,0.053,-0.007,0.0452968,40.8447
660,720,0.34,20.944,0.053,-0.009,0.0478106,43.1115
661,721,0.34,20.944,0.053,-0.019,0.0637564,57.49
662,722,0.34,20.946,0.053,-0.01,0.0450921,40.6602
663,723,0.34,20.946,0.053,-0.016,0.039689,35.7881
664,724,0.34,20.945,0.053,-0.009,0.0303577,27.3739
665,725,0.34,20.944,0.052,-0.005,0.027215,24.5402
666,726,0.34,20.945,0.052,0.001,0.0130021,11.7242
667,727,0.34,20.945,0.052,0.008,0.0154507,13.9321
668,728,0.34,20.945,0.052,0.012,0.035035,31.5916
669,729,0.34,20.946,0.052,0.016,0.0417237,37.6228
670,730,0.34,20.946,0.052,-0.009,0.0384754,34.6937
671,731,0.34,20.944,0.053,-0.017,0.0355699,32.0738
672,732,0.34,20.945,0.053,-0.023,0.0556806,50.2079
673,733,0.34,20.943,0.052,-0.01,0.0390394,35.2024
674,734,0.35,20.944,0.052,-0.004,0.0357954,32.2772
675,735,0.35,20.944,0.052,0.009,0.0145976,13.1628
676,736,0.35,20.943,0.052,0.003,0.0174815,15.7633
677,737,0.35,20.945,0.052,0.016,0.011889,10.7205
678,738,0.35,20.945,0.052,0.009,0.0120866,10.8987
679,739,0.35,20.946,0.051,-0.009,0.0281993,25.4277
680,740,0.35,20.946,0.051,-0.01,0.034878,31.45
681,741,0.35,20.945,0.052,-0.017,0.0413535,37.289
682,742,0.35,20.947,0.052,-0.014,0.0450654,40.636
683,743,0.35,20.947,0.052,-0.023,0.0139854,12.6109
684,744,0.35,20.945,0.052,-0.008,0.0209908,18.9276
685,745,0.35,20.945,0.052,-0.005,0.0122285,11.0266
686,746,0.35,20.945,0.052,0.01,0.0220678,19.8988
687,747,0.35,20.946,0.052,0.007,0.0153244,13.8182
688,748,0.35,20.946,0.052,0.017,0.0220198,19.8556
689,749,0.35,20.945,0.052,0.012,0.0353756,31.8987
690,750,0.35,20.946,0.052,-0.003,0.0271431,24.4753
691,751,0.36,20.946,0.052,-0.004,0.0325038,29.3091
692,752,0.36,20.945,0.052,-0.011,0.0433084,39.0517
693,753,0.36,20.945,0.052,-0.014,0.0416641,37.569
694,754,0.36,20.945,0.052,0.015,0.0264805,23.8778
695,755,0.36,20.945,0.052,0.004,0.0207116,18.6759
696,756,0.36,20.946,0.052,0.012,0,0
697,757,0.36,20.946,0.052,0.007,0.0070131,6.3238
698,758,0.36,20.945,0.052,0.009,0.0243447,21.9519
699,759,0.36,20.946,0.053,0.003,0.0252094,22.7317
700,760,0.36,20.946,0.053,-0.001,0.0318758,28.7428
701,761,0.36,20.944,0.053,-0.003,0.0343994,31.0184
702,762,0.36,20.946,0.052,-0.003,0.0332982,30.0254
703,763,0.36,20.945,0.052,-0.017,0.0177491,16.0046
704,764,0.36,20.946,0.052,-0.011,0.0157384,14.1915
705,765,0.36,20.945,0.052,0.003,0.0078727,7.099
706,766,0.37,20.945,0.052,0.009,0.0255035,22.9968
707,767,0.37,20.945,0.051,0.023,0.0140912,12.7062
708,768,0.37,20.947,0.052,0.013,0.0215953,19.4728
709,769,0.37,20.947,0.052,0.001,0.0304793,27.4836
710,770,0.37,20.946,0.052,0.005,0.0413325,37.2701
711,771,0.37,20.945,0.052,-0.006,0.0338653,30.5367
712,772,0.37,20.946,0.052,-0.009,0.0500795,45.1573
713,773,0.37,20.946,0.052,-0.008,0.0282271,25.4527
714,774,0.37,20.946,0.052,0.007,0.0406664,36.6694
715,775,0.37,20.946,0.052,0.004,0.0249089,22.4607
716,776,0.37,20.947,0.052,0.016,0.0134302,12.1102
717,777,0.37,20.946,0.053,0.009,0.0179455,16.1817
718,778,0.37,20.944,0.052,0.014,0.0206942,18.6603
719,779,0.37,20.945,0.052,0.008,0.0139143,12.5467
720,780,0.37,20.945,0.052,0,0.0407647,36.7581
721,781,0.37,20.945,0.052,-0.01,0.0408177,36.8059
722,782,0.37,20.945,0.052,-0.008,0.046018,41.495
723,783,0.37,20.946,0.052,-0.023,0.0454273,40.9624
724,784,0.37,20.946,0.053,0.002,0.0424949,38.3182
725,785,0.37,20.945,0.053,-0.006,0.0131456,11.8535
726,786,0.38,20.944,0.052,0.004,0.0119546,10.7796
727,787,0.38,20.945,0.052,0.011,0.0076496,6.8978
728,788,0.38,20.946,0.052,0.002,0.0193589,17.4562
729,789,0.38,20.947,0.052,0.004,0.0205366,18.5181
730,790,0.38,20.946,0.051,0.015,0.0321486,28.9888
731,791,0.38,20.945,0.053,-0.014,0.0268539,24.2145
732,792,0.38,20.946,0.052,-0.012,0.0322671,29.0957
733,793,0.38,20.945,0.053,-0.01,0.0306378,27.6265
734,794,0.38,20.944,0.053,-0.01,0.0325876,29.3847
735,795,0.38,20.944,0.052,-0.008,0.0192799,17.3849
736,796,0.38,20.944,0.052,0.016,0.035848,32.3246
737,797,0.38,20.945,0.052,0.017,0.0087663,7.9047
738,798,0.38,20.945,0.052,0.021,0.0035507,3.2017
739,799,0.38,20.945,0.052,0.01,0,0
740,800,0.38,20.945,0.052,0.009,0.0313791,28.295
741,801,0.38,20.945,0.052,-0.002,0.0387539,34.9449
742,802,0.38,20.945,0.052,-0.002,0.0398609,35.9431
743,803,0.38,20.946,0.053,-0.011,0.0515564,46.4891
744,804,0.38,20.947,0.053,-0.006,0.0472904,42.6424
745,805,0.38,20.946,0.052,-0.013,0.0361294,32.5784
746,806,0.38,20.947,0.052,0.01,0.0108098,9.7473
747,807,0.39,20.945,0.052,0,0.0185158,16.696
748,808,0.39,20.944,0.052,0.02,0.0108164,9.7533
749,809,0.39,20.945,0.052,0.02,0.0219708,19.8113
750,810,0.39,20.946,0.052,0.022,0.0249625,22.509
751,811,0.39,20.947,0.051,-0.006,0.0256864,23.1618
752,812,0.39,20.946,0.052,-0.012,0.0426634,38.4702
753,813,0.39,20.946,0.053,-0.013,0.0411617,37.1161
754,814,0.39,20.946,0.053,-0.016,0.0405105,36.5288
755,815,0.39,20.944,0.052,-0.012,0.0443558,39.9962
756,816,0.39,20.944,0.052,-0.01,0.0249375,22.4865
757,817,0.39,20.946,0.052,0.018,0.0143809,12.9675
758,818,0.39,20.945,0.051,0.011,0,0
759,819,0.39,20.945,0.052,0.019,0.0204313,18.4232
760,820,0.39,20.945,0.052,0.008,0.0417342,37.6322
761,821,0.39,20.945,0.051,0.005,0.0542619,48.9287
762,822,0.4001,20.945,0.052,0,0.0489153,44.1076
763,823,0.4001,20.946,0.052,-0.006,0.0395073,35.6243
764,824,0.4001,20.944,0.053,-0.005,0.0290611,26.2048
765,825,0.4001,20.944,0.052,-0.01,0.0016776,1.5127
766,826,0.4001,20.945,0.052,-0.018,0.0080821,7.2878
767,827,0.4001,20.946,0.052,0,0.0175024,15.7822
768,828,0.4001,20.946,0.052,0.01,0.0237231,21.3915
769,829,0.4001,20.946,0.052,0.022,0.0225939,20.3732
770,830,0.4001,20.947,0.052,0.009,0.0237246,21.3927
771,831,0.4001,20.945,0.052,-0.016,0.0292853,26.4069
772,832,0.4001,20.946,0.051,-0.023,0.0314104,28.3232
773,833,0.4001,20.945,0.052,-0.016,0.0555736,50.1114
774,834,0.4001,20.945,0.052,-0.009,0.0499983,45.0841
775,835,0.4001,20.945,0.052,0.001,0.0456592,41.1715
776,836,0.4001,20.945,0.052,0.017,0.0205608,18.54
777,837,0.4001,20.947,0.052,0.011,0.0119776,10.8004
778,838,0.4001,20.947,0.051,0.012,0,0
779,839,0.4001,20.945,0.052,0.007,0.0189531,17.0903
780,840,0.4001,20.945,0.052,0.007,0.0389194,35.0941
781,841,0.4001,20.945,0.052,0.001,0.0306963,27.6792
782,842,0.4001,20.946,0.052,-0.004,0.0396449,35.7483
783,843,0.4001,20.946,0.052,-0.006,0.0497846,44.8915
784,844,0.4001,20.946,0.052,-0.023,0.0496092,44.7332
785,845,0.4001,20.945,0.051,-0.018,0.0334626,30.1737
786,846,0.4001,20.945,0.052,-0.013,0.025977,23.4238
787,847,0.4099,20.945,0.051,0.009,0.0174186,15.7065
788,848,0.4099,20.945,0.052,0.018,0.0069211,6.2409
789,849,0.4099,20.945,0.052,0.028,0.0184365,16.6244
790,850,0.4099,20.947,0.052,0.006,0.0357286,32.2169
791,851,0.4099,20.946,0.052,-0.009,0.0450295,40.6037
792,852,0.4099,20.945,0.052,-0.005,0.0308696,27.8356
793,853,0.4099,20.946,0.052,-0.013,0.0464521,41.8864
794,854,0.4099,20.946,0.052,-0.018,0.0404816,36.5028
795,855,0.4099,20.945,0.052,-0.018,0.0218673,19.718
796,856,0.4099,20.945,0.051,-0.008,0.0231879,20.9089
797,857,0.4099,20.946,0.051,0.005,0.0186378,16.806
798,858,0.4099,20.945,0.052,0.008,0.0268675,24.2268
799,859,0.4099,20.946,0.052,0.017,0.0112965,10.1862
800,860,0.4099,20.946,0.052,0.006,0.0189931,17.1263
801,861,0.4099,20.946,0.052,-0.006,0.0353236,31.8518
802,862,0.4099,20.945,0.052,-0.014,0.0363156,32.7463
803,863,0.42,20.945,0.052,-0.01,0.0405302,36.5466
804,864,0.42,20.947,0.052,-0.015,0.0290131,26.1615
805,865,0.42,20.945,0.052,-0.014,0.0385461,34.7576
806,866,0.42,20.946,0.052,0.003,0.0320006,28.8553
807,867,0.42,20.946,0.052,0.006,0.0244935,22.0861
808,868,0.42,20.945,0.052,0.006,0.0184799,16.6636
809,869,0.42,20.946,0.051,-0.002,0.022985,20.7259
810,870,0.43,20.946,0.051,0.009,0.0430722,38.8388
811,871,0.43,20.947,0.052,0.002,0.0330516,29.803
812,872,0.43,20.947,0.052,-0.014,0.0417223,37.6215
813,873,0.42,20.947,0.052,-0.015,0.0465548,41.9791
814,874,0.42,20.947,0.051,-0.009,0.0561169,50.6014
815,875,0.42,20.945,0.052,-0.002,0.0258141,23.2769
816,876,0.42,20.946,0.052,-0.012,0.0434239,39.1559
817,877,0.43,20.946,0.052,-0.002,0.0351161,31.6647
818,878,0.43,20.945,0.052,0.005,0.0179196,16.1583
819,879,0.43,20.945,0.052,0.011,0.0248406,22.3991
820,880,0.43,20.945,0.052,0.007,0.0153671,13.8567
821,881,0.43,20.945,0.052,-0.012,0.0249893,22.5331
822,882,0.43,20.945,0.052,0.002,0.0356906,32.1827
823,883,0.43,20.944,0.052,-0.006,0.0429425,38.7218
824,884,0.43,20.944,0.052,-0.011,0.0306694,27.655
825,885,0.43,20.944,0.052,-0.02,0.0357343,32.2221
826,886,0.43,20.944,0.052,-0.001,0.0205569,18.5365
827,887,0.43,20.946,0.052,-0.012,0.0322415,29.0726
828,888,0.43,20.945,0.052,-0.004,0.0244722,22.0669
829,889,0.43,20.945,0.052,0.007,0.0014153,1.2762
830,890,0.43,20.946,0.052,0.005,0.0378681,34.1462
831,891,0.43,20.945,0.052,0.009,0.043778,39.4752
832,892,0.43,20.946,0.052,0.005,0.0435671,39.285
833,893,0.43,20.945,0.052,-0.005,0.0346891,31.2796
834,894,0.43,20.945,0.052,-0.017,0.0440605,39.7299
835,895,0.43,20.946,0.052,-0.005,0.0569613,51.3628
836,896,0.43,20.946,0.051,-0.01,0.0351069,31.6564
837,897,0.43,20.946,0.052,0.005,0.031354,28.2723
838,898,0.43,20.946,0.052,-0.002,0.023115,20.8431
839,899,0.43,20.945,0.052,0.015,0.0334757,30.1855
840,900,0.43,20.943,0.052,0.022,0.0229711,20.7133
841,901,0.43,20.946,0.051,-0.007,0.0337739,30.4543
842,902,0.43,20.945,0.052,-0.017,0.0272436,24.5659
843,903,0.44,20.946,0.051,-0.012,0.0326879,29.4751
844,904,0.44,20.945,0.052,-0.008,0.0228254,20.5819
845,905,0.44,20.946,0.052,-0.017,0.0384245,34.6479
846,906,0.44,20.946,0.052,-0.02,0.0206554,18.6253
847,907,0.44,20.944,0.052,0,0.0231375,20.8634
848,908,0.44,20.944,0.052,-0.001,0.0212616,19.1719
849,909,0.44,20.945,0.052,0.002,0.0171315,15.4477
850,910,0.44,20.946,0.051,-0.003,0.0199139,17.9567
851,911,0.44,20.945,0.052,0.008,0.0206344,18.6063
852,912,0.44,20.945,0.052,-0.003,0.0220198,19.8556
853,913,0.44,20.945,0.052,-0.002,0.0504364,45.4792
854,914,0.44,20.946,0.051,-0.007,0.0419956,37.868
855,915,0.44,20.946,0.052,0.003,0.0342689,30.9007
856,916,0.45,20.946,0.052,-0.003,0.0326571,29.4473
857,917,0.45,20.944,0.052,0.009,0.030497,27.4995
858,918,0.45,20.945,0.052,0.006,0.0228236,20.5804
859,919,0.45,20.945,0.051,0.003,0.0226024,20.3809
860,920,0.45,20.946,0.051,0.013,0.0227124,20.4801
861,921,0.45,20.945,0.052,0.006,0.0270873,24.425
862,922,0.46,20.946,0.052,0.004,0.0371698,33.5165
863,923,0.46,20.946,0.052,0.003,0.0499774,45.0653
864,924,0.46,20.946,0.052,-0.014,0.049726,44.8386
865,925,0.46,20.944,0.051,-0.016,0.027375,24.6844
866,926,0.46,20.946,0.051,-0.007,0.0374771,33.7936
867,927,0.46,20.946,0.052,-0.001,0.0091882,8.2851
868,928,0.46,20.945,0.052,0,0.0339643,30.6261
869,929,0.46,20.945,0.051,0.007,0.0240352,21.6728
870,930,0.46,20.945,0.052,0.008,0.0222123,20.0291
871,931,0.46,20.945,0.052,0.007,0.0312431,28.1723
872,932,0.46,20.945,0.052,-0.002,0.0358264,32.3051
873,933,0.46,20.946,0.052,-0.016,0.0392405,35.3836
874,934,0.46,20.947,0.052,-0.019,0.0563251,50.7891
875,935,0.45,20.945,0.052,-0.023,0.0445378,40.1604
876,936,0.45,20.946,0.051,-0.002,0.057102,51.4897
877,937,0.45,20.946,0.051,-0.015,0.0348148,31.393
878,938,0.45,20.947,0.052,0.011,0.0238565,21.5117
879,939,0.45,20.947,0.052,-0.008,0.0217462,19.6088
880,940,0.45,20.946,0.052,0.006,0.0113702,10.2526
881,941,0.46,20.945,0.052,0.012,0.0216463,19.5188
882,942,0.46,20.944,0.052,-0.001,0.0190428,17.1711
883,943,0.46,20.945,0.052,-0.01,0.0268239,24.1874
884,944,0.46,20.946,0.052,-0.009,0.0171615,15.4748
885,945,0.46,20.945,0.052,-0.015,0.0431738,38.9304
886,946,0.46,20.943,0.052,-0.013,0.0518167,46.7238
887,947,0.46,20.945,0.052,-0.024,0.0436102,39.3239
888,948,0.46,20.945,0.052,0.001,0.0042938,3.8718
889,949,0.46,20.944,0.052,0.006,0.0085273,7.6892
890,950,0.46,20.945,0.052,0.003,0.0237193,21.388
891,951,0.46,20.946,0.052,0.008,0.0192895,17.3936
892,952,0.46,20.947,0.052,0.008,0.0317616,28.6399
893,953,0.46,20.945,0.052,0.01,0.0423659,38.2019
894,954,0.46,20.945,0.051,-0.002,0.0328704,29.6397
895,955,0.47,20.946,0.051,0.004,0.0369265,33.2971
896,956,0.47,20.947,0.052,-0.015,0.0424139,38.2452
897,957,0.47,20.946,0.051,-0.015,0.0242428,21.86
898,958,0.47,20.944,0.052,-0.011,0.0071132,6.414
899,959,0.47,20.945,0.052,0.024,0.0231099,20.8385
900,960,0.47,20.945,0.052,0.02,0.0057831,5.2147
901,961,0.47,20.945,0.052,0.011,0.0323875,29.2043
902,962,0.47,20.944,0.052,0.01,0.0305497,27.5471
903,963,0.47,20.945,0.051,-0.006,0.0373192,33.6512
904,964,0.47,20.946,0.052,-0.011,0.0422999,38.1424
905,965,0.47,20.945,0.052,-0.007,0.0559634,50.4629
906,966,0.47,20.946,0.052,-0.016,0.025855,23.3138
907,967,0.47,20.947,0.052,-0.016,0.0185826,16.7562
908,968,0.47,20.946,0.052,-0.004,0.0206942,18.6603
909,969,0.47,20.947,0.051,0.012,0,0
910,970,0.47,20.947,0.052,0.003,0.0185531,16.7296
911,971,0.47,20.946,0.051,0.018,0.0206396,18.611
912,972,0.47,20.946,0.052,-0.001,0.0306722,27.6576
913,973,0.47,20.945,0.052,-0.005,0.0242062,21.827
914,974,0.47,20.946,0.051,-0.007,0.0319174,28.7803
915,975,0.48,20.945,0.052,-0.01,0.0348815,31.4531
916,976,0.48,20.945,0.052,-0.029,0.05234,47.1957
917,977,0.48,20.946,0.052,-0.005,0.035764,32.2489
918,978,0.48,20.947,0.052,0.006,0.0220842,19.9137
919,979,0.48,20.946,0.052,0.004,0.0385461,34.7576
920,980,0.48,20.946,0.052,0.022,0.0304338,27.4426
921,981,0.48,20.947,0.051,0.006,0.0235163,21.205
922,982,0.48,20.946,0.051,0.005,0.011062,9.9748
923,983,0.48,20.946,0.051,0,0.0361804,32.6243
924,984,0.48,20.945,0.051,0.002,0.035535,32.0424
925,985,0.48,20.946,0.052,-0.01,0.0475348,42.8628
926,986,0.48,20.947,0.052,-0.009,0.0444787,40.107
927,987,0.48,20.946,0.052,-0.02,0.0258534,23.3123
928,988,0.48,20.945,0.052,-0.005,0.023256,20.9702
929,989,0.48,20.945,0.051,-0.002,0.0068131,6.1435
930,990,0.48,20.947,0.051,-0.007,0.0076532,6.901
931,991,0.48,20.945,0.052,0.006,0,0
932,992,0.49,20.944,0.052,0.006,0.0438407,39.5317
933,993,0.49,20.945,0.052,0.013,0.0381414,34.3926
934,994,0.49,20.946,0.051,-0.005,0.04968,44.7971
935,995,0.49,20.945,0.051,-0.009,0.0320236,28.8761
936,996,0.49,20.946,0.052,-0.02,0.0415009,37.4219
937,997,0.49,20.946,0.052,-0.018,0.0339779,30.6383
938,998,0.49,20.946,0.052,-0.001,0.0387423,34.9344
939,999,0.49,20.946,0.052,0.002,0.0229301,20.6764
940,1000,0.49,20.946,0.052,0.017,0.0342015,30.8399
941,1001,0.49,20.946,0.051,0.016,0.0064621,5.827
942,1002,0.49,20.946,0.051,0.025,0.02048,18.4671
943,1003,0.49,20.946,0.051,-0.011,0.0071142,6.415
944,1004,0.49,20.945,0.051,-0.006,0.0432626,39.0104
945,1005,0.49,20.945,0.051,-0.017,0.0445462,40.1679
946,1006,0.49,20.945,0.052,-0.01,0.0454094,40.9463
947,1007,0.49,20.947,0.051,-0.016,0.0357562,32.2419
948,1008,0.5,20.946,0.051,-0.002,0.0197153,17.7776
949,1009,0.5,20.945,0.052,-0.012,0.0164545,14.8373
950,1010,0.5,20.946,0.051,0.002,0.0190434,17.1717
951,1011,0.5,20.946,0.051,-0.003,0.0173011,15.6006
952,1012,0.5,20.945,0.052,0.023,0.0391247,35.2793
953,1013,0.5,20.945,0.051,0.009,0.0356455,32.142
954,1014,0.5,20.945,0.051,0.013,0.0492898,44.4453
955,1015,0.5,20.947,0.052,-0.016,0.0372605,33.5983
956,1016,0.5,20.946,0.052,-0.009,0.0375089,33.8223
957,1017,0.5,20.944,0.052,-0.01,0.0429022,38.6855
958,1018,0.5,20.944,0.052,0,0.04345,39.1794
959,1019,0.5,20.944,0.052,0.01,0.0291357,26.272
960,1020,0.5,20.945,0.052,0.013,0.0205971,18.5727
961,1021,0.5,20.945,0.052,0.015,0.0014091,1.2706
962,1022,0.5,20.944,0.052,0.012,0.0269529,24.3038
963,1023,0.5,20.945,0.052,-0.013,0.0226158,20.393
964,1024,0.5,20.946,0.052,-0.01,0.0407389,36.7348
965,1025,0.5,20.946,0.051,-0.022,0.0384017,34.6274
966,1026,0.5,20.946,0.051,-0.01,0.0466358,42.0521
967,1027,0.5,20.946,0.052,-0.011,0.025854,23.3129
968,1028,0.5,20.946,0.051,-0.016,0.0282862,25.5061
969,1029,0.5,20.946,0.052,-0.012,0.009075,8.1831
970,1030,0.5099,20.945,0.052,0.006,0.0193993,17.4926
971,1031,0.5099,20.944,0.052,0.009,0.0076526,6.9005
972,1032,0.5099,20.945,0.052,0.022,0.0106495,9.6028
973,1033,0.5099,20.946,0.051,0.003,0.0122166,11.0159
974,1034,0.5099,20.945,0.052,0.008,0.0396069,35.714
975,1035,0.5099,20.945,0.052,-0.015,0.0371391,33.4889
976,1036,0.5099,20.946,0.051,-0.012,0.0381779,34.4255
977,1037,0.5099,20.946,0.051,-0.014,0.0334023,30.1193
978,1038,0.5099,20.945,0.051,0,0.0263355,23.7471
979,1039,0.5199,20.946,0.052,-0.007,0.0129202,11.6503
980,1040,0.5199,20.947,0.052,0.015,0.0100908,9.099
981,1041,0.5199,20.946,0.052,0.01,0.0250499,22.5879
982,1042,0.5199,20.945,0.052,0.021,0.0067731,6.1074
983,1043,0.5199,20.945,0.052,0.018,0.0226767,20.4479
984,1044,0.5199,20.945,0.052,0.012,0.028023,25.2688
985,1045,0.5199,20.946,0.051,-0.013,0.0397085,35.8057
986,1046,0.5199,20.946,0.052,-0.005,0.0247751,22.3401
987,1047,0.5199,20.945,0.052,-0.008,0.0415845,37.4973
988,1048,0.5199,20.945,0.052,-0.008,0.0324429,29.2542
989,1049,0.5199,20.946,0.052,0.004,0.0091496,8.2503
990,1050,0.5199,20.945,0.052,0.016,0.0116224,10.4801
991,1051,0.5199,20.945,0.052,0.014,0.0142228,12.8249
992,1052,0.5199,20.946,0.051,0.005,0.0291903,26.3213
993,1053,0.5199,20.945,0.052,0.018,0.0255066,22.9996
994,1054,0.5199,20.946,0.052,0.007,0.0415467,37.4632
995,1055,0.5199,20.945,0.052,0.002,0.0333135,30.0392
996,1056,0.5199,20.945,0.052,-0.004,0.0479761,43.2607
997,1057,0.5199,20.944,0.051,0,0.0350078,31.567
998,1058,0.5199,20.946,0.052,-0.009,0.0197163,17.7784
999,1059,0.5199,20.945,0.052,-0.007,0.0296434,26.7299
1000,1060,0.5199,20.946,0.052,0.01,0.0173733,15.6657
1001,1061,0.5199,20.947,0.052,0.008,0.0155006,13.9771
1002,1062,0.5199,20.947,0.052,0.015,0.0078126,7.0447
1003,1063,0.5199,20.945,0.051,0.001,0.0035652,3.2148
1004,1064,0.5199,20.945,0.051,-0.004,0.0329852,29.7432
1005,1065,0.5199,20.947,0.051,-0.014,0.049688,44.8043
1006,1066,0.5199,20.946,0.052,-0.002,0.0439198,39.603
1007,1067,0.5199,20.945,0.052,-0.016,0.0518896,46.7896
1008,1068,0.5199,20.945,0.052,-0.009,0.0282526,25.4757
1009,1069,0.5199,20.946,0.052,0.005,0.0342604,30.893
1010,1070,0.5299,20.946,0.052,-0.009,0.0342272,30.8631
1011,1071,0.5299,20.947,0.052,0.007,0.0122847,11.0773
1012,1072,0.5299,20.946,0.051,0.009,0.0371545,33.5027
1013,1073,0.5299,20.946,0.051,0.017,0.0198229,17.8746
1014,1074,0.5299,20.946,0.052,0.021,0.0300774,27.1211
1015,1075,0.5299,20.946,0.052,-0.007,0.0331937,29.9312
1016,1076,0.5299,20.946,0.052,-0.013,0.0347376,31.3233
1017,1077,0.5299,20.944,0.052,-0.013,0.0398388,35.9231
1018,1078,0.5299,20.945,0.052,-0.02,0.0282582,25.4808
1019,1079,0.5299,20.945,0.053,-0.003,0.0351237,31.6715
1020,1080,0.5299,20.946,0.052,-0.005,0.0112914,10.1816
1021,1081,0.5299,20.945,0.052,-0.008,0.0171386,15.4541
1022,1082,0.5299,20.946,0.052,0.007,0.0177216,15.9798
1023,1083,0.5299,20.947,0.052,-0.002,0.0125155,11.2854
1024,1084,0.5299,20.944,0.051,0.005,0.0131249,11.8349
1025,1085,0.5399,20.946,0.052,-0.004,0.0353145,31.8435
1026,1086,0.5399,20.946,0.052,-0.008,0.0300395,27.087
1027,1087,0.5399,20.946,0.053,-0.009,0.0460969,41.5662
1028,1088,0.5399,20.946,0.052,-0.01,0.0419527,37.8293
1029,1089,0.5399,20.945,0.051,-0.003,0.0467453,42.1509
1030,1090,0.5399,20.946,0.052,-0.013,0.0243187,21.9285
1031,1091,0.5399,20.947,0.052,0.013,0.0263711,23.7791
1032,1092,0.5399,20.946,0.052,0.012,0.0275116,24.8076
1033,1093,0.5399,20.945,0.052,0.007,0.0142265,12.8282
1034,1094,0.5399,20.946,0.052,0.007,0.0324511,29.2616
1035,1095,0.5399,20.947,0.052,0.011,0.0292083,26.3375
1036,1096,0.5399,20.946,0.052,-0.005,0.0260939,23.5292
1037,1097,0.5399,20.945,0.051,0,0.0480535,43.3305
1038,1098,0.5399,20.945,0.051,-0.019,0.0399226,35.9987
1039,1099,0.55,20.946,0.051,-0.01,0.0351128,31.6617
1040,1100,0.55,20.945,0.051,-0.024,0.0132307,11.9303
1041,1101,0.55,20.947,0.051,0.002,0.0193974,17.4909
1042,1102,0.55,20.946,0.051,0,0.008689,7.835
1043,1103,0.55,20.946,0.051,0.004,0,0
1044,1104,0.55,20.945,0.05,0.011,0,0
1045,1105,0.55,20.946,0.051,-0.005,0.01483,13.3725
1046,1106,0.55,20.946,0.051,-0.008,0.0351031,31.6529
1047,1107,0.55,20.947,0.052,-0.005,0.0481992,43.4618
1048,1108,0.55,20.947,0.051,-0.021,0.0331716,29.9112
1049,1109,0.55,20.946,0.052,-0.003,0.0397023,35.8001
1050,1110,0.55,20.944,0.051,-0.004,0.0345971,31.1967
1051,1111,0.55,20.945,0.052,0.012,0.0278298,25.0945
1052,1112,0.55,20.946,0.052,0.01,0.0183645,16.5595
1053,1113,0.55,20.945,0.052,0.02,0.0376509,33.9503
1054,1114,0.55,20.945,0.052,0.021,0.0447098,40.3154
1055,1115,0.55,20.948,0.051,0.022,0.0292424,26.3683
1056,1116,0.55,20.948,0.052,0.001,0.0344145,31.032
1057,1117,0.55,20.948,0.051,-0.009,0.0421119,37.9728
1058,1118,0.55,20.946,0.052,-0.015,0.0421372,37.9957
1059,1119,0.55,20.945,0.051,-0.003,0.0358087,32.2892
1060,1120,0.55,20.945,0.051,-0.017,0.0300682,27.1129
1061,1121,0.55,20.947,0.051,-0.003,0.0223836,20.1836
1062,1122,0.55,20.945,0.052,0.003,0.0141852,12.791
1063,1123,0.56,20.945,0.052,0.011,0.017224,15.5311
1064,1124,0.56,20.945,0.051,0.002,0.0319999,28.8547
1065,1125,0.56,20.943,0.052,0.002,0.034579,31.1803
1066,1126,0.56,20.942,0.052,0.006,0.0281444,25.3782
1067,1127,0.56,20.944,0.052,0.001,0.0402234,36.2699
1068,1128,0.56,20.944,0.052,-0.006,0.0367088,33.1008
1069,1129,0.56,20.944,0.052,-0.007,0.0445955,40.2123
1070,1130,0.56,20.944,0.051,-0.01,0.0459497,41.4335
1071,1131,0.56,20.946,0.051,0.001,0.0302534,27.2799
1072,1132,0.56,20.945,0.051,-0.001,0.0424217,38.2522
1073,1133,0.56,20.947,0.051,0.011,0.029183,26.3147
1074,1134,0.56,20.946,0.051,0.013,0.0354271,31.9451
1075,1135,0.56,20.945,0.051,-0.001,0.0340792,30.7297
1076,1136,0.56,20.945,0.051,-0.008,0.0379547,34.2242
1077,1137,0.56,20.946,0.052,-0.002,0.03193,28.7917
1078,1138,0.56,20.946,0.052,-0.009,0.0530046,47.7949
1079,1139,0.56,20.945,0.052,-0.006,0.0463007,41.7499
1080,1140,0.56,20.945,0.051,-0.009,0.0415547,37.4705
1081,1141,0.56,20.944,0.051,-0.018,0.0269012,24.2572
1082,1142,0.57,20.946,0.051,-0.004,0.0169063,15.2446
1083,1143,0.57,20.946,0.051,-0.005,0.0248039,22.366
1084,1144,0.57,20.944,0.051,0.002,0.0222187,20.0349
1085,1145,0.57,20.945,0.051,0.006,0.0182465,16.4531
1086,1146,0.57,20.943,0.051,0.007,0.0245952,22.1778
1087,1147,0.57,20.943,0.051,0.004,0.0304133,27.4241
1088,1148,0.57,20.943,0.052,0.004,0.0360522,32.5087
1089,1149,0.57,20.944,0.051,-0.012,0.0323496,29.1701
1090,1150,0.57,20.943,0.051,-0.009,0.0298391,26.9063
1091,1151,0.57,20.944,0.051,-0.014,0.0295922,26.6837
1092,1152,0.57,20.946,0.051,-0.001,0.035035,31.5916
1093,1153,0.57,20.946,0.052,0.004,0.0256955,23.17
1094,1154,0.57,20.947,0.052,0.005,0.015414,13.899
1095,1155,0.57,20.945,0.052,0.007,0.0225346,20.3198
1096,1156,0.57,20.945,0.051,0.011,0.0239935,21.6353
1097,1157,0.57,20.945,0.051,0.006,0.0288513,26.0156
1098,1158,0.57,20.945,0.052,-0.004,0.0577086,52.0366
1099,1159,0.57,20.946,0.052,-0.01,0.0455009,41.0287
1100,1160,0.57,20.946,0.052,-0.006,0.0394735,35.5938
1101,1161,0.57,20.946,0.051,-0.009,0.0437139,39.4174
1102,1162,0.57,20.947,0.052,-0.008,0.0262408,23.6616
1103,1163,0.58,20.947,0.052,-0.009,0.0165788,14.9493
1104,1164,0.58,20.946,0.052,0.009,0.0175336,15.8103
1105,1165,0.58,20.944,0.052,0.014,0.0056643,5.1075
1106,1166,0.58,20.945,0.052,0.012,0.0412013,37.1518
1107,1167,0.58,20.944,0.052,0.006,0.0234449,21.1406
1108,1168,0.58,20.945,0.051,-0.004,0.0286194,25.8065
1109,1169,0.58,20.946,0.052,-0.024,0.0459852,41.4655
1110,1170,0.58,20.945,0.052,-0.019,0.033815,30.4914
1111,1171,0.58,20.946,0.052,-0.013,0.0071464,6.444
1112,1172,0.58,20.946,0.052,-0.018,0.0045923,4.141
1113,1173,0.58,20.946,0.051,-0.006,0.0173465,15.6416
1114,1174,0.58,20.947,0.052,0.004,0.0032969,2.9729
1115,1175,0.58,20.947,0.052,0.007,0.0333282,30.0525
1116,1176,0.58,20.946,0.052,0.018,0.0307641,27.7404
1117,1177,0.58,20.946,0.052,-0.005,0.0356073,32.1075
1118,1178,0.58,20.944,0.052,0.002,0.0358821,32.3554
1119,1179,0.58,20.946,0.051,-0.008,0.02981,26.8801
1120,1180,0.58,20.947,0.051,-0.019,0.0389627,35.1332
1121,1181,0.59,20.946,0.052,-0.007,0.0326629,29.4525
1122,1182,0.59,20.946,0.052,0.012,0.0271611,24.4915
1123,1183,0.59,20.947,0.051,0.019,0.0193306,17.4306
1124,1184,0.59,20.946,0.051,0.013,0,0
1125,1185,0.59,20.945,0.051,0.026,0.0175804,15.8524
1126,1186,0.59,20.945,0.052,0.003,0.0319435,28.8039
1127,1187,0.59,20.944,0.052,-0.001,0.0465586,41.9825
1128,1188,0.59,20.945,0.051,0,0.0395887,35.6976
1129,1189,0.59,20.944,0.052,-0.004,0.0392413,35.3844
1130,1190,0.59,20.945,0.052,-0.009,0.0472192,42.5782
1131,1191,0.59,20.947,0.052,-0.013,0.032057,28.9062
1132,1192,0.59,20.946,0.051,-0.003,0.014608,13.1723
1133,1193,0.59,20.945,0.051,-0.001,0.0264685,23.867
1134,1194,0.59,20.946,0.052,0.011,0.0135624,12.2294
1135,1195,0.59,20.945,0.052,0.02,0.0262299,23.6518
1136,1196,0.59,20.947,0.052,0.007,0.0218417,19.695
1137,1197,0.59,20.946,0.051,0.003,0.0237605,21.4252
1138,1198,0.59,20.944,0.051,-0.014,0.0192998,17.4029
1139,1199,0.59,20.945,0.052,-0.013,0.04651,41.9387
1140,1200,0.6,20.946,0.051,-0.018,0.0478002,43.1021
1141,1201,0.6,20.947,0.052,-0.015,0.0549711,49.5681
1142,1202,0.6,20.945,0.052,-0.006,0.0375175,33.83
1143,1203,0.6,20.946,0.052,0.005,0.0289379,26.0937
1144,1204,0.6,20.947,0.052,-0.006,0.0212634,19.1735
1145,1205,0.6,20.947,0.052,0.006,0.0253916,22.8959
1146,1206,0.6,20.947,0.053,0.004,0.0218773,19.727
1147,1207,0.6,20.945,0.052,0.007,0.0438248,39.5174
1148,1208,0.6,20.945,0.052,0.001,0.0413885,37.3206
1149,1209,0.6,20.946,0.051,0.005,0.0429188,38.7004
1150,1210,0.6,20.946,0.052,-0.01,0.046504,41.9333
1151,1211,0.6,20.944,0.052,-0.016,0.0475511,42.8775
1152,1212,0.6,20.945,0.052,-0.018,0.0362806,32.7147
1153,1213,0.6,20.944,0.052,-0.002,0.027341,24.6537
1154,1214,0.6,20.944,0.051,0.006,0.0180469,16.2731
1155,1215,0.6,20.944,0.051,0.014,0.0256339,23.1145
1156,1216,0.6,20.944,0.051,0.006,0.0158356,14.2791
1157,1217,0.6,20.945,0.051,0.004,0.0300723,27.1166
1158,1218,0.6,20.946,0.052,-0.012,0.0303178,27.3379
1159,1219,0.6,20.945,0.052,-0.01,0.0417891,37.6818
1160,1220,0.6,20.945,0.051,-0.012,0.0342632,30.8955
1161,1221,0.6,20.945,0.052,-0.014,0.0191631,17.2796
1162,1222,0.6099,20.945,0.052,-0.011,0.0303185,27.3386
1163,1223,0.6099,20.944,0.051,0,0.0068762,6.2004
1164,1224,0.6099,20.944,0.052,-0.001,0.0057152,5.1535
1165,1225,0.6099,20.946,0.051,0.011,0,0
1166,1226,0.6099,20.945,0.051,0.005,0.0152003,13.7063
1167,1227,0.6099,20.945,0.052,0.005,0.0368832,33.2581
1168,1228,0.6099,20.947,0.052,-0.005,0.0326517,29.4425
1169,1229,0.6099,20.946,0.052,-0.01,0.040706,36.7051
1170,1230,0.6099,20.947,0.052,-0.016,0.038893,35.0704
1171,1231,0.6099,20.946,0.052,-0.008,0.0566902,51.1183
1172,1232,0.6099,20.946,0.052,0.001,0.0400836,36.1439
1173,1233,0.6099,20.947,0.051,-0.009,0.026363,23.7719
1174,1234,0.6099,20.947,0.052,0.018,0.0121806,10.9834
1175,1235,0.6099,20.946,0.052,0.018,0.0054469,4.9115
1176,1236,0.6099,20.946,0.052,0.02,0.0247673,22.333
1177,1237,0.6099,20.947,0.052,0.014,0.0290156,26.1637
1178,1238,0.6099,20.945,0.051,-0.011,0.0422299,38.0793
1179,1239,0.6099,20.946,0.052,-0.006,0.0368212,33.2021
1180,1240,0.6099,20.946,0.052,-0.015,0.0392179,35.3633
1181,1241,0.6099,20.946,0.052,-0.013,0.025633,23.1136
1182,1242,0.6099,20.946,0.051,-0.029,0.0321927,29.0286
1183,1243,0.6099,20.946,0.052,-0.013,0.0189441,17.0821
1184,1244,0.6199,20.946,0.052,-0.001,0.0168878,15.228
1185,1245,0.6199,20.946,0.052,0.012,0.0231989,20.9187
1186,1246,0.6199,20.946,0.051,0.023,0.0336654,30.3565
1187,1247,0.6199,20.945,0.051,0.006,0.012153,10.9585
1188,1248,0.6199,20.945,0.051,0.007,0.0399072,35.9849
1189,1249,0.6199,20.944,0.052,-0.01,0.0375769,33.8836
1190,1250,0.6199,20.945,0.052,-0.011,0.0427039,38.5067
1191,1251,0.6199,20.946,0.052,-0.018,0.052688,47.5094
1192,1252,0.6199,20.947,0.052,-0.001,0.0492075,44.3711
1193,1253,0.6199,20.946,0.052,-0.007,0.0302126,27.2431
1194,1254,0.6199,20.946,0.052,0.006,0.0236176,21.2963
1195,1255,0.6199,20.946,0.052,0.008,0.0075178,6.7789
1196,1256,0.6199,20.946,0.052,0.011,0.0183231,16.5222
1197,1257,0.6199,20.944,0.052,0.002,0.0315594,28.4576
1198,1258,0.6199,20.944,0.052,0.012,0.0366968,33.09
1199,1259,0.6199,20.946,0.052,-0.01,0.0309163,27.8776
1200,1260,0.6199,20.945,0.052,-0.011,0.0455296,41.0546
1201,1261,0.6299,20.946,0.052,-0.02,0.0346552,31.2491
1202,1262,0.6299,20.947,0.052,-0.021,0.0329569,29.7177
1203,1263,0.6299,20.945,0.052,-0.019,0.0094521,8.5231
1204,1264,0.6299,20.945,0.051,0,0.0079169,7.1387
1205,1265,0.6299,20.945,0.052,0.007,0.0288639,26.0269
1206,1266,0.6299,20.945,0.051,0.021,0.0255946,23.079
1207,1267,0.6299,20.945,0.052,0.007,0.0195732,17.6494
1208,1268,0.6299,20.946,0.052,-0.001,0.0315663,28.4638
1209,1269,0.6299,20.945,0.052,-0.011,0.0467914,42.1924
1210,1270,0.6299,20.946,0.051,-0.005,0.0563963,50.8532
1211,1271,0.6299,20.946,0.052,-0.018,0.0536336,48.3621
1212,1272,0.6299,20.946,0.052,-0.004,0.0400081,36.0759
1213,1273,0.6299,20.945,0.052,-0.002,0.0209337,18.8762
1214,1274,0.6299,20.945,0.052,0.01,0.0269681,24.3175
1215,1275,0.6299,20.947,0.052,0.016,0.0120296,10.8473
1216,1276,0.6299,20.946,0.052,0.011,0.0194521,17.5402
1217,1277,0.6299,20.943,0.052,0.009,0.005498,4.9576
1218,1278,0.6299,20.944,0.052,0.01,0.0374068,33.7302
1219,1279,0.6299,20.945,0.052,-0.006,0.0331051,29.8513
1220,1280,0.6299,20.946,0.051,-0.02,0.0355136,32.0231
1221,1281,0.6299,20.946,0.052,-0.024,0.0105125,9.4792
1222,1282,0.6299,20.945,0.051,-0.022,0.0241073,21.7379
1223,1283,0.6299,20.945,0.052,-0.013,0.0065257,5.8843
1224,1284,0.6399,20.946,0.052,-0.001,0.0133909,12.0747
1225,1285,0.6399,20.947,0.052,-0.002,0.0115308,10.3975
1226,1286,0.6399,20.946,0.052,0.012,0.0245331,22.1219
1227,1287,0.6399,20.946,0.052,0.005,0.0252142,22.736
1228,1288,0.6399,20.946,0.052,0.023,0.0356596,32.1547
1229,1289,0.6399,20.945,0.052,-0.002,0.0350039,31.5635
1230,1290,0.6399,20.944,0.052,-0.003,0.0381897,34.4362
1231,1291,0.6399,20.945,0.053,-0.01,0.0540798,48.7645
1232,1292,0.6399,20.946,0.051,0.008,0.0434128,39.1459
1233,1293,0.6399,20.947,0.051,0.002,0.0446537,40.2648
1234,1294,0.6399,20.946,0.052,0.023,0.0326729,29.4616
1235,1295,0.6499,20.945,0.052,0.006,0.0259006,23.3549
1236,1296,0.6499,20.947,0.052,0.008,0.006038,5.4446
1237,1297,0.6499,20.947,0.052,0.005,0,0
1238,1298,0.6499,20.945,0.051,0.005,0.0132525,11.95
1239,1299,0.6499,20.945,0.051,-0.009,0.0156149,14.0802
1240,1300,0.6499,20.946,0.052,-0.008,0.0341871,30.8269
1241,1301,0.6499,20.946,0.052,-0.012,0.0260331,23.4743
1242,1302,0.6499,20.946,0.052,-0.022,0.0302049,27.2362
1243,1303,0.6499,20.945,0.052,-0.013,0.0135831,12.2481
1244,1304,0.6499,20.945,0.051,-0.018,0.0354386,31.9554
1245,1305,0.6499,20.946,0.051,-0.001,0.0211649,19.0847
1246,1306,0.6599,20.945,0.051,0.005,0.0174046,15.694
1247,1307,0.6599,20.945,0.052,0.014,0.0068868,6.2099
1248,1308,0.6499,20.947,0.052,0.021,0.0343472,30.9713
1249,1309,0.6499,20.947,0.052,0.006,0.0326792,29.4673
1250,1310,0.6499,20.947,0.051,0.009,0.0322115,29.0455
1251,1311,0.6499,20.946,0.051,-0.008,0.0490892,44.2644
1252,1312,0.6599,20.946,0.051,-0.005,0.0300233,27.0724
1253,1313,0.6599,20.947,0.051,-0.008,0.038123,34.3761
1254,1314,0.6599,20.947,0.051,0.007,0.0019695,1.7759
1255,1315,0.6599,20.947,0.051,-0.009,0,0
1256,1316,0.6599,20.946,0.051,0.009,0.0157095,14.1655
1257,1317,0.6599,20.945,0.051,0.008,0.019405,17.4978
1258,1318,0.6599,20.946,0.051,0.018,0.0343576,30.9807
1259,1319,0.6599,20.946,0.051,-0.007,0.0272426,24.565
1260,1320,0.6599,20.946,0.051,-0.001,0.0396609,35.7628
1261,1321,0.6599,20.945,0.051,-0.005,0.0357218,32.2108
1262,1322,0.6599,20.946,0.051,-0.012,0.0362378,32.6761
1263,1323,0.6599,20.944,0.051,-0.008,0.0306927,27.676
1264,1324,0.6599,20.947,0.052,-0.006,0.0361856,32.629
1265,1325,0.6599,20.945,0.052,0.012,0.020213,18.2263
1266,1326,0.6599,20.948,0.051,0.022,0.0170981,15.4176
1267,1327,0.6599,20.947,0.052,0.005,0.0104059,9.3832
1268,1328,0.6599,20.947,0.051,0.01,0.0248821,22.4365
1269,1329,0.6599,20.945,0.052,-0.008,0.0219619,19.8034
1270,1330,0.6599,20.946,0.051,-0.007,0.0364004,32.8227
1271,1331,0.6599,20.947,0.051,-0.013,0.0390751,35.2345
1272,1332,0.6599,20.946,0.051,-0.004,0.0363506,32.7779
1273,1333,0.6599,20.945,0.051,-0.009,0.0311707,28.1071
1274,1334,0.6599,20.946,0.052,-0.009,0.0299472,27.0038
1275,1335,0.6599,20.947,0.051,-0.01,0.012306,11.0965
1276,1336,0.6599,20.946,0.051,0.001,0.0213104,19.2158
1277,1337,0.6599,20.947,0.052,0.008,0.0036256,3.2692
1278,1338,0.6599,20.946,0.052,0.009,0.03025,27.2768
1279,1339,0.6599,20.947,0.052,0.005,0.0283738,25.585
1280,1340,0.6599,20.945,0.051,0.003,0.0293802,26.4925
1281,1341,0.6599,20.946,0.051,-0.014,0.0342985,30.9274
1282,1342,0.6599,20.947,0.05,-0.012,0.0264758,23.8736
1283,1343,0.6599,20.946,0.051,-0.013,0.0322144,29.0481
1284,1344,0.6599,20.947,0.052,-0.014,0.0311814,28.1167
1285,1345,0.6599,20.948,0.052,-0.005,0.0207549,18.7149
1286,1346,0.67,20.946,0.052,0.012,0.0184132,16.6034
1287,1347,0.67,20.946,0.051,0.003,0.0142365,12.8372
1288,1348,0.67,20.946,0.051,0.021,0.0209787,18.9168
1289,1349,0.67,20.946,0.051,0.001,0.0115467,10.4118
1290,1350,0.67,20.945,0.051,-0.002,0.0234423,21.1382
1291,1351,0.67,20.946,0.051,-0.008,0.0209469,18.8881
1292,1352,0.67,20.947,0.051,-0.008,0.0354841,31.9965
1293,1353,0.67,20.946,0.052,0,0.0258416,23.3017
1294,1354,0.67,20.946,0.052,-0.011,0.0252541,22.7719
1295,1355,0.67,20.947,0.051,-0.006,0.0147285,13.2808
1296,1356,0.67,20.946,0.051,0.005,0.0035799,3.228
1297,1357,0.67,20.946,0.051,0.012,0.0059727,5.3857
1298,1358,0.67,20.945,0.051,0.011,0.0175437,15.8194
1299,1359,0.67,20.946,0.051,0,0.0156941,14.1515
1300,1360,0.67,20.947,0.051,0.009,0.026349,23.7592
1301,1361,0.67,20.947,0.051,-0.002,0.0352576,31.7922
1302,1362,0.67,20.947,0.052,0.005,0.0295615,26.656
1303,1363,0.67,20.946,0.051,-0.019,0.0413749,37.3083
1304,1364,0.67,20.948,0.051,-0.01,0.0318108,28.6842
1305,1365,0.67,20.948,0.051,-0.004,0.0212677,19.1774
1306,1366,0.67,20.947,0.051,0.006,0.0056326,5.079
1307,1367,0.67,20.947,0.052,0.021,0.0102762,9.2662
1308,1368,0.6801,20.946,0.051,0.013,0.0170531,15.377
1309,1369,0.6801,20.947,0.051,0.008,0.0057383,5.1743
1310,1370,0.6801,20.946,0.051,0.005,0.0191078,17.2298
1311,1371,0.6801,20.947,0.05,-0.005,0.0147857,13.3324
1312,1372,0.6801,20.947,0.05,-0.012,0.0340591,30.7116
1313,1373,0.6801,20.947,0.051,-0.007,0.0302322,27.2608
1314,1374,0.6801,20.947,0.051,-0.019,0.021778,19.6375
1315,1375,0.6801,20.947,0.051,-0.01,0.0134203,12.1012
1316,1376,0.6801,20.947,0.051,0.005,0,0
1317,1377,0.6801,20.946,0.051,0.019,0,0
1318,1378,0.6801,20.946,0.051,0.01,0.0048538,4.3767
1319,1379,0.6801,20.947,0.052,0.004,0.0270675,24.4072
1320,1380,0.6801,20.947,0.051,0.018,0.022416,20.2128
1321,1381,0.6901,20.946,0.052,0.002,0.0415515,37.4675
1322,1382,0.6901,20.947,0.051,0.005,0.0412772,37.2202
1323,1383,0.6901,20.947,0.051,-0.007,0.0367737,33.1593
1324,1384,0.6901,20.946,0.051,-0.004,0.0294276,26.5352
1325,1385,0.6901,20.946,0.051,0.004,0.0177342,15.9912
1326,1386,0.6901,20.946,0.051,0.012,0.0174238,15.7113
1327,1387,0.6901,20.946,0.05,0.02,0.0091239,8.2271
1328,1388,0.6901,20.947,0.051,0.013,0.0163893,14.7784
1329,1389,0.6901,20.949,0.05,0.015,0.0165621,14.9343
1330,1390,0.6901,20.947,0.051,0,0.0251756,22.7012
1331,1391,0.6901,20.946,0.05,-0.001,0.0390713,35.2311
1332,1392,0.6901,20.947,0.051,-0.013,0.04023,36.276
1333,1393,0.6901,20.946,0.052,-0.009,0.0461604,41.6234
1334,1394,0.6901,20.945,0.052,-0.006,0.0318798,28.7464
1335,1395,0.6901,20.945,0.051,-0.004,0.0019329,1.7429
1336,1396,0.6901,20.946,0.051,0.003,0.019119,17.2398
1337,1397,0.6901,20.947,0.052,0.008,0.0092853,8.3727
1338,1398,0.6901,20.946,0.052,0.01,0.0143793,12.966
1339,1399,0.6901,20.947,0.051,0.003,0.0223186,20.125
1340,1400,0.6901,20.947,0.051,0.004,0.0188813,17.0256
1341,1401,0.6901,20.947,0.051,0.001,0.0181171,16.3365
1342,1402,0.6901,20.946,0.051,-0.012,0.0398728,35.9538
1343,1403,0.6901,20.946,0.051,-0.013,0.0393592,35.4907
1344,1404,0.6901,20.946,0.051,-0.028,0.0242882,21.901
1345,1405,0.7001,20.948,0.051,-0.01,0.0170806,15.4018
1346,1406,0.7001,20.947,0.05,0.013,0.023856,21.5113
1347,1407,0.7001,20.948,0.051,0.003,0.00488,4.4004
1348,1408,0.7001,20.947,0.051,0.011,0.0049171,4.4339
1349,1409,0.7001,20.947,0.051,0.011,0.0212819,19.1902
1350,1410,0.7001,20.946,0.051,0.004,0.0270606,24.4009
1351,1411,0.7001,20.946,0.051,0.002,0.0300291,27.0776
1352,1412,0.7001,20.947,0.051,-0.002,0.0355742,32.0777
1353,1413,0.7001,20.948,0.051,-0.013,0.0426404,38.4494
1354,1414,0.7001,20.946,0.051,-0.012,0.0379082,34.1823
1355,1415,0.7001,20.946,0.051,-0.008,0.0474479,42.7844
1356,1416,0.7001,20.948,0.051,0.004,0.027223,24.5473
1357,1417,0.7001,20.947,0.051,0.002,0.0198392,17.8893
1358,1418,0.7001,20.946,0.051,0.015,0.0019228,1.7339
1359,1419,0.7001,20.947,0.05,0.015,0.00826,7.4481
1360,1420,0.7001,20.947,0.05,0.001,0.0268031,24.1687
1361,1421,0.7001,20.947,0.051,-0.005,0.0327791,29.5574
1362,1422,0.7001,20.947,0.051,-0.008,0.0339571,30.6195
1363,1423,0.7001,20.947,0.051,-0.009,0.0247323,22.3014
1364,1424,0.7001,20.946,0.052,-0.016,0.0282198,25.4462
1365,1425,0.7001,20.946,0.051,-0.016,0.0278166,25.0826
1366,1426,0.7001,20.947,0.051,-0.019,0.0038033,3.4295
1367,1427,0.7001,20.946,0.05,-0.001,0.0048871,4.4068
1368,1428,0.71,20.946,0.05,0.007,0.0097167,8.7617
1369,1429,0.71,20.946,0.051,0.014,0.0008995,0.8111
1370,1430,0.71,20.948,0.051,0.012,0.022004,19.8413
1371,1431,0.71,20.947,0.05,-0.001,0.0438998,39.585
1372,1432,0.71,20.946,0.051,-0.005,0.0188514,16.9986
1373,1433,0.71,20.946,0.051,-0.007,0.0212625,19.1727
1374,1434,0.71,20.946,0.051,-0.003,0.0332506,29.9826
1375,1435,0.71,20.947,0.051,0.003,0.0285642,25.7567
1376,1436,0.71,20.945,0.051,-0.002,0.026086,23.5221
1377,1437,0.71,20.946,0.05,0.016,0.0101955,9.1934
1378,1438,0.71,20.947,0.05,0.016,0.0207856,18.7427
1379,1439,0.71,20.947,0.051,0.021,0.0083113,7.4944
1380,1440,0.71,20.945,0.051,0.014,0.005196,4.6853
1381,1441,0.71,20.948,0.05,0.004,0.025249,22.7674
1382,1442,0.71,20.946,0.051,-0.016,0.0349486,31.5136
1383,1443,0.72,20.946,0.051,0.002,0.0410474,37.013
1384,1444,0.72,20.947,0.051,0,0.0277677,25.0385
1385,1445,0.72,20.947,0.051,-0.007,0.0445705,40.1899
1386,1446,0.72,20.946,0.051,-0.007,0.021508,19.3941
1387,1447,0.72,20.947,0.051,-0.005,0.025944,23.394
1388,1448,0.72,20.947,0.051,0.01,0,0
1389,1449,0.72,20.947,0.051,0.005,0.02555,23.0388
1390,1450,0.72,20.946,0.051,0.012,0.0125522,11.3185
1391,1451,0.72,20.947,0.051,0.01,0.0329492,29.7108
1392,1452,0.72,20.948,0.052,-0.004,0.0235411,21.2273
1393,1453,0.72,20.947,0.051,-0.004,0.0389103,35.0859
1394,1454,0.72,20.945,0.051,-0.014,0.0363395,32.7678
1395,1455,0.72,20.946,0.051,-0.006,0.0285007,25.6994
1396,1456,0.72,20.947,0.051,-0.027,0.0176184,15.8867
1397,1457,0.72,20.948,0.05,-0.005,0.0186268,16.7961
1398,1458,0.72,20.948,0.051,-0.008,0.0016816,1.5163
1399,1459,0.72,20.948,0.051,0.015,0.0141223,12.7343
1400,1460,0.72,20.948,0.051,0.001,0.0200329,18.0639
1401,1461,0.72,20.946,0.051,0.008,0.0201329,18.1541
1402,1462,0.72,20.947,0.051,-0.006,0.0329512,29.7125
1403,1463,0.72,20.946,0.051,-0.007,0.0486921,43.9063
1404,1464,0.73,20.948,0.052,-0.021,0.0391507,35.3027
1405,1465,0.73,20.948,0.052,-0.011,0.0525101,47.3491
1406,1466,0.73,20.946,0.052,-0.003,0.0387929,34.9801
1407,1467,0.73,20.946,0.052,0.007,0.0529548,47.75
1408,1468,0.73,20.946,0.052,0.006,0.0237629,21.4273
1409,1469,0.73,20.946,0.051,0.017,0.0293972,26.5078
1410,1470,0.73,20.947,0.051,0.011,0.0422733,38.1184
1411,1471,0.73,20.946,0.052,0.001,0.0509671,45.9577
1412,1472,0.73,20.947,0.051,-0.005,0.0473546,42.7003
1413,1473,0.73,20.948,0.051,-0.011,0.0510577,46.0394
1414,1474,0.73,20.947,0.051,-0.025,0.0229219,20.669
1415,1475,0.73,20.947,0.051,-0.021,0.0300378,27.0854
1416,1476,0.73,20.948,0.051,-0.03,0.0134108,12.0927
1417,1477,0.73,20.947,0.051,-0.011,0.0163935,14.7822
1418,1478,0.73,20.946,0.051,-0.016,0.0235756,21.2584
1419,1479,0.73,20.944,0.051,0.002,0.0057802,5.2121
1420,1480,0.73,20.946,0.051,-0.003,0.0176662,15.9299
1421,1481,0.73,20.946,0.051,-0.016,0.0238654,21.5197
1422,1482,0.73,20.946,0.051,-0.018,0.0347898,31.3704
1423,1483,0.73,20.945,0.051,-0.01,0.0557169,50.2407
1424,1484,0.73,20.944,0.051,-0.019,0.0440731,39.7413
1425,1485,0.73,20.945,0.051,-0.002,0.0554988,50.044
1426,1486,0.73,20.947,0.052,-0.008,0.0277196,24.9951
1427,1487,0.73,20.947,0.052,0.011,0.0409259,36.9034
1428,1488,0.74,20.946,0.051,0.008,0.0294955,26.5965
1429,1489,0.74,20.946,0.051,0.002,0.0177315,15.9887
1430,1490,0.74,20.946,0.051,0.019,0.0304222,27.4321
1431,1491,0.74,20.946,0.051,0.008,0.0227987,20.5579
1432,1492,0.74,20.946,0.051,-0.003,0.0327498,29.5309
1433,1493,0.74,20.947,0.051,-0.012,0.0357223,32.2113
1434,1494,0.74,20.947,0.051,-0.031,0.0370216,33.3828
1435,1495,0.74,20.947,0.051,-0.021,0.0319558,28.8149
1436,1496,0.74,20.947,0.051,-0.032,0.0254388,22.9385
1437,1497,0.74,20.947,0.051,-0.011,0.0195815,17.6569
1438,1498,0.74,20.948,0.051,-0.023,0.0386544,34.8552
1439,1499,0.74,20.948,0.051,-0.003,0.0240198,21.659
1440,1500,0.74,20.946,0.052,0.008,0.0117501,10.5952
1441,1501,0.74,20.946,0.051,-0.01,0.0060813,5.4836
1442,1502,0.74,20.947,0.051,-0.002,0.0235128,21.2018
1443,1503,0.74,20.947,0.051,-0.011,0.0385389,34.7511
1444,1504,0.74,20.947,0.051,-0.013,0.0339966,30.6552
1445,1505,0.74,20.947,0.052,-0.01,0.0410393,37.0057
1446,1506,0.74,20.946,0.051,-0.006,0.0341098,30.7573
1447,1507,0.74,20.946,0.051,-0.009,0.0181724,16.3863
1448,1508,0.74,20.948,0.051,0.001,0.0135112,12.1832
1449,1509,0.74,20.947,0.05,-0.016,0.0080242,7.2355
1450,1510,0.74,20.947,0.051,0.003,0.0063203,5.6991
1451,1511,0.74,20.946,0.051,0.004,0.0231066,20.8356
1452,1512,0.75,20.948,0.051,0.014,0.0253084,22.8209
1453,1513,0.75,20.947,0.051,0.002,0.034864,31.4373
1454,1514,0.75,20.946,0.051,-0.002,0.0300695,27.1141
1455,1515,0.75,20.944,0.051,-0.007,0.02569,23.165
1456,1516,0.75,20.946,0.052,-0.014,0.0276302,24.9145
1457,1517,0.75,20.946,0.051,-0.018,0.0291401,26.276
1458,1518,0.75,20.948,0.051,-0.002,0.0352449,31.7808
1459,1519,0.75,20.948,0.052,0.007,0.0175489,15.8241
1460,1520,0.75,20.947,0.051,0.016,0.0177126,15.9717
1461,1521,0.75,20.946,0.051,0.009,0.0203988,18.3939
1462,1522,0.75,20.948,0.051,-0.002,0.0198433,17.8929
1463,1523,0.75,20.947,0.051,0.001,0.0354546,31.9699
1464,1524,0.75,20.946,0.051,-0.008,0.0446299,40.2433
1465,1525,0.75,20.946,0.052,-0.008,0.0485734,43.7993
1466,1526,0.75,20.947,0.051,-0.005,0.0355489,32.0549
1467,1527,0.75,20.947,0.051,-0.006,0.0396689,35.77
1468,1528,0.75,20.947,0.051,0.002,0.0253694,22.8759
1469,1529,0.75,20.945,0.051,-0.009,0.0190209,17.1514
1470,1530,0.75,20.946,0.051,0.008,0.0112171,10.1147
1471,1531,0.75,20.946,0.052,0.008,0.0094503,8.5215
1472,1532,0.75,20.946,0.051,0.009,0.0302136,27.244
1473,1533,0.75,20.945,0.051,0.001,0.0344449,31.0594
1474,1534,0.75,20.947,0.052,-0.014,0.0162303,14.6351
1475,1535,0.76,20.947,0.052,-0.023,0.0280888,25.3281
1476,1536,0.76,20.947,0.051,-0.026,0.0265134,23.9075
1477,1537,0.76,20.947,0.051,-0.013,0.0095469,8.6086
1478,1538,0.76,20.947,0.051,-0.013,0.0183134,16.5135
1479,1539,0.76,20.946,0.051,-0.004,0.0086463,7.7965
1480,1540,0.76,20.947,0.051,0.002,0.0014031,1.2652
1481,1541,0.76,20.947,0.051,0.009,0.0226812,20.4519
1482,1542,0.76,20.947,0.051,0.006,0.0184686,16.6534
1483,1543,0.76,20.948,0.051,-0.008,0.0409585,36.9328
1484,1544,0.76,20.947,0.051,-0.007,0.0413485,37.2845
1485,1545,0.76,20.946,0.051,-0.005,0.0470927,42.4641
1486,1546,0.76,20.949,0.051,-0.007,0.0442487,39.8997
1487,1547,0.76,20.947,0.051,-0.005,0.0234536,21.1485
1488,1548,0.76,20.947,0.052,0.006,0.0282891,25.5086
1489,1549,0.76,20.948,0.052,0.006,0.0027543,2.4835
1490,1550,0.76,20.946,0.052,0.02,0.0217288,19.5932
1491,1551,0.77,20.945,0.052,0.022,0.0122608,11.0557
1492,1552,0.77,20.946,0.052,0.007,0.0133375,12.0266
1493,1553,0.77,20.945,0.051,0.011,0.0263752,23.7828
1494,1554,0.77,20.945,0.051,-0.013,0.0346513,31.2455
1495,1555,0.77,20.946,0.052,-0.014,0.0490422,44.222
1496,1556,0.77,20.946,0.051,-0.02,0.0336396,30.3332
1497,1557,0.77,20.946,0.051,-0.012,0.0410595,37.0239
1498,1558,0.77,20.945,0.051,-0.002,0.0309666,27.923
1499,1559,0.77,20.947,0.052,-0.007,0.036939,33.3084
1500,1560,0.77,20.947,0.052,0.016,0.03144,28.3499
1501,1561,0.77,20.947,0.052,0.003,0.0057691,5.2021
1502,1562,0.77,20.946,0.051,0.012,0.0139651,12.5925
1503,1563,0.77,20.946,0.051,0.012,0.0227925,20.5523
1504,1564,0.77,20.946,0.051,-0.005,0.0397968,35.8853
1505,1565,0.77,20.947,0.051,-0.008,0.0297215,26.8003
1506,1566,0.77,20.946,0.052,-0.017,0.0516396,46.5641
1507,1567,0.77,20.945,0.052,-0.008,0.0319176,28.7805
1508,1568,0.77,20.946,0.052,-0.01,0.044382,40.0198
1509,1569,0.77,20.945,0.052,-0.005,0.0338444,30.5179
1510,1570,0.77,20.946,0.052,-0.006,0.016811,15.1587
1511,1571,0.77,20.945,0.052,-0.001,0.0262273,23.6495
1512,1572,0.77,20.945,0.052,0.018,0.0103391,9.3229
1513,1573,0.77,20.946,0.052,0.01,0.0302595,27.2854
1514,1574,0.77,20.946,0.051,0.007,0.0315093,28.4123
1515,1575,0.7801,20.945,0.052,-0.012,0.039652,35.7547
1516,1576,0.7801,20.946,0.052,-0.004,0.0272141,24.5393
1517,1577,0.7801,20.946,0.052,-0.021,0.0270002,24.3464
1518,1578,0.7801,20.945,0.051,-0.007,0.0263954,23.8011
1519,1579,0.7801,20.946,0.051,-0.007,0.0210503,18.9814
1520,1580,0.7801,20.944,0.051,-0.012,0.015369,13.8584
1521,1581,0.7801,20.947,0.051,0.004,0.0165666,14.9384
1522,1582,0.7801,20.947,0.051,0,9.23e-05,0.0832
1523,1583,0.7801,20.946,0.051,0.01,0.0259921,23.4374
1524,1584,0.7801,20.947,0.051,-0.008,0.0085507,7.7103
1525,1585,0.7801,20.947,0.052,-0.005,0.0238432,21.4997
1526,1586,0.7801,20.946,0.052,-0.014,0.038059,34.3183
1527,1587,0.7801,20.946,0.052,-0.002,0.0369519,33.32
1528,1588,0.7801,20.946,0.052,-0.007,0.0190894,17.2131
1529,1589,0.7801,20.947,0.051,-0.006,0.0158245,14.2691
1530,1590,0.7801,20.947,0.051,0.005,0.0101708,9.1712
1531,1591,0.7801,20.946,0.051,0.01,0.0181617,16.3767
1532,1592,0.7801,20.946,0.051,0.009,0.0073351,6.6141
1533,1593,0.7801,20.946,0.051,0.01,0.0278073,25.0742
1534,1594,0.7901,20.949,0.052,0,0.028714,25.8918
1535,1595,0.7901,20.946,0.052,0.001,0.0318665,28.7345
1536,1596,0.7901,20.949,0.051,-0.004,0.0477604,43.0662
1537,1597,0.7901,20.947,0.051,-0.015,0.0294854,26.5874
1538,1598,0.7901,20.947,0.051,-0.019,0.0213745,19.2737
1539,1599,0.7901,20.948,0.052,0.002,0.0206381,18.6097
1540,1600,0.7901,20.947,0.052,0.004,0.0176118,15.8808
1541,1601,0.7901,20.947,0.051,0.009,0.0215299,19.4138
1542,1602,0.7901,20.947,0.051,-0.002,0.0285068,25.7049
1543,1603,0.7901,20.948,0.052,0.008,0.0309499,27.9079
1544,1604,0.7901,20.948,0.051,-0.007,0.0074618,6.7284
1545,1605,0.7901,20.947,0.052,-0.003,0.0348909,31.4616
1546,1606,0.7901,20.946,0.051,-0.006,0.0366823,33.0769
1547,1607,0.7901,20.946,0.052,-0.015,0.0230286,20.7652
1548,1608,0.7901,20.945,0.052,-0.004,0.0255208,23.0125
1549,1609,0.7901,20.946,0.051,-0.001,0.0084019,7.5761
1550,1610,0.7901,20.947,0.051,0,0.0090355,8.1474
1551,1611,0.7901,20.947,0.051,0.003,0.0067394,6.0771
1552,1612,0.7901,20.947,0.051,0.004,0,0
1553,1613,0.7901,20.946,0.051,0.003,0.0112459,10.1406
1554,1614,0.7901,20.945,0.051,-0.009,0.0100366,9.0502
1555,1615,0.7901,20.947,0.051,0.008,0.0320215,28.8742
1556,1616,0.7901,20.948,0.051,-0.003,0.027374,24.6835
1557,1617,0.7901,20.945,0.052,-0.01,0.0418647,37.75
1558,1618,0.7901,20.946,0.051,-0.003,0.0403005,36.3395
1559,1619,0.7901,20.947,0.052,0.001,0.0268863,24.2437
1560,1620,0.7901,20.946,0.051,0.006,0.022251,20.064
1561,1621,0.7901,20.948,0.051,0.016,0.0197597,17.8176
1562,1622,0.7901,20.946,0.052,0.018,0,0
1563,1623,0.7901,20.946,0.052,0.018,0.011091,10.0009
1564,1624,0.8001,20.948,0.052,0.008,0.016484,14.8639
1565,1625,0.8001,20.947,0.052,0.014,0.0124458,11.2225
1566,1626,0.8001,20.946,0.052,-0.011,0.0332574,29.9886
1567,1627,0.8001,20.947,0.051,-0.007,0.0374477,33.767
1568,1628,0.8001,20.947,0.052,-0.019,0.0325172,29.3212
1569,1629,0.8001,20.947,0.052,-0.014,0.0191502,17.268
1570,1630,0.8001,20.946,0.051,0.003,0.0188698,17.0151
1571,1631,0.8001,20.945,0.051,0.004,0.0046452,4.1886
1572,1632,0.8001,20.946,0.052,0.001,0.0127975,11.5397
1573,1633,0.8001,20.947,0.051,0.032,0.0270882,24.4258
1574,1634,0.8001,20.947,0.051,0.014,0.0188667,17.0124
1575,1635,0.8001,20.946,0.051,0.009,0.0138475,12.4864
1576,1636,0.8001,20.946,0.051,0.008,0.0328409,29.6131
1577,1637,0.8001,20.947,0.051,-0.012,0.0297021,26.7828
1578,1638,0.8001,20.947,0.052,-0.01,0.0336324,30.3267
1579,1639,0.8001,20.946,0.052,-0.007,0.0167863,15.1364
1580,1640,0.81,20.946,0.052,0.001,0.0214317,19.3253
1581,1641,0.81,20.947,0.052,0.006,0.0178646,16.1087
1582,1642,0.81,20.946,0.052,0.019,0.013652,12.3102
1583,1643,0.81,20.946,0.051,0.016,0.0188061,16.9577
1584,1644,0.81,20.945,0.052,-0.001,0.0006065,0.5469
1585,1645,0.81,20.946,0.051,-0.004,0.0225333,20.3186
1586,1646,0.82,20.948,0.051,0.002,0.0442081,39.863
1587,1647,0.82,20.948,0.051,-0.011,0.0361056,32.5569
1588,1648,0.81,20.947,0.051,-0.013,0.0415367,37.4542
1589,1649,0.81,20.948,0.051,-0.007,0.0162748,14.6752
1590,1650,0.81,20.946,0.05,0.004,0.0278295,25.0942
1591,1651,0.81,20.947,0.051,-0.004,0.0102467,9.2396
1592,1652,0.81,20.948,0.051,0.003,0.0271154,24.4503
1593,1653,0.82,20.947,0.051,0.007,0.0207467,18.7075
1594,1654,0.82,20.947,0.051,0.007,0.0154012,13.8874
1595,1655,0.82,20.946,0.051,0.019,0.022575,20.3562
1596,1656,0.81,20.947,0.052,-0.006,0.0327264,29.5098
1597,1657,0.81,20.948,0.052,-0.013,0.0334492,30.1616
1598,1658,0.81,20.945,0.051,-0.011,0.016617,14.9838
1599,1659,0.81,20.946,0.051,-0.009,0.0269416,24.2936
1600,1660,0.81,20.945,0.051,0.009,0.0262599,23.6789
1601,1661,0.81,20.946,0.052,-0.006,0.0349369,31.5031
1602,1662,0.82,20.947,0.051,0.014,0.0046108,4.1576
1603,1663,0.82,20.946,0.051,0.004,0.0113011,10.1904
1604,1664,0.82,20.945,0.051,0.005,0.0144242,13.0065
1605,1665,0.82,20.946,0.051,-0.004,0.0145936,13.1593
1606,1666,0.82,20.949,0.052,-0.006,0.0366969,33.0901
1607,1667,0.82,20.948,0.052,-0.007,0.0206138,18.5877
1608,1668,0.82,20.946,0.051,-0.008,0.0300286,27.0772
1609,1669,0.82,20.946,0.05,-0.001,0.0233021,21.0119
1610,1670,0.82,20.948,0.051,-0.009,0.0150886,13.6056
1611,1671,0.82,20.948,0.051,-0.005,0.0033117,2.9862
1612,1672,0.82,20.947,0.052,-0.013,0.0142137,12.8166
1613,1673,0.83,20.947,0.052,0.019,0.0125741,11.3382
1614,1674,0.83,20.946,0.051,0.013,0.0072635,6.5496
1615,1675,0.83,20.946,0.051,0.011,0.0148903,13.4268
1616,1676,0.83,20.946,0.051,0.006,0.0229712,20.7134
1617,1677,0.83,20.947,0.052,-0.01,0.0278263,25.0914
1618,1678,0.83,20.946,0.051,0.004,0.0339149,30.5815
1619,1679,0.83,20.946,0.051,-0.004,0.024503,22.0947
1620,1680,0.83,20.946,0.051,0.003,0.0411649,37.1189
1621,1681,0.83,20.946,0.051,0.001,0.0306216,27.6119
1622,1682,0.83,20.948,0.05,0.007,0.0410903,37.0517
1623,1683,0.83,20.949,0.051,0.012,0.0191815,17.2962
1624,1684,0.83,20.946,0.051,0.008,0.0186233,16.7929
1625,1685,0.83,20.947,0.051,0.008,0.0114178,10.2956
1626,1686,0.83,20.948,0.051,0.001,0.0206255,18.5982
1627,1687,0.83,20.948,0.051,-0.006,0.0115666,10.4297
1628,1688,0.83,20.948,0.051,-0.007,0.0272382,24.561
1629,1689,0.83,20.947,0.051,-0.012,0.025244,22.7629
1630,1690,0.83,20.947,0.051,-0.003,0.0371699,33.5166
1631,1691,0.83,20.947,0.052,-0.019,0.023166,20.8891
1632,1692,0.83,20.947,0.052,-0.005,0.0147327,13.2847
1633,1693,0.84,20.946,0.052,-0.005,0.0167211,15.0776
1634,1694,0.84,20.944,0.052,0.001,0.0213613,19.2618
1635,1695,0.83,20.947,0.051,0.001,0.0200427,18.0728
1636,1696,0.83,20.947,0.051,0.009,0.0157865,14.2349
1637,1697,0.83,20.947,0.051,-0.009,0.0378534,34.1329
1638,1698,0.83,20.949,0.051,0.009,0.0219194,19.765
1639,1699,0.83,20.947,0.051,-0.006,0.0256724,23.1491
1640,1700,0.83,20.947,0.051,-0.004,0.0247705,22.3359
1641,1701,0.83,20.947,0.051,-0.015,0.0253346,22.8445
1642,1702,0.83,20.947,0.051,0.003,0,0
1643,1703,0.84,20.946,0.051,0.006,0,0
1644,1704,0.84,20.947,0.051,0.009,0.0240064,21.6469
1645,1705,0.84,20.946,0.051,-0.005,0.0191023,17.2248
1646,1706,0.84,20.948,0.051,0.001,0.0340929,30.742
1647,1707,0.85,20.947,0.051,0.005,0.0332679,29.9981
1648,1708,0.85,20.947,0.052,-0.006,0.0423055,38.1475
1649,1709,0.85,20.945,0.051,-0.002,0.0499913,45.0779
1650,1710,0.85,20.947,0.051,-0.009,0.0424379,38.2669
1651,1711,0.84,20.948,0.05,0.001,0.0195216,17.6029
1652,1712,0.84,20.946,0.051,-0.008,0.0155954,14.0626
1653,1713,0.84,20.948,0.051,0.026,0.0198624,17.9102
1654,1714,0.84,20.948,0.051,0.026,0,0
1655,1715,0.85,20.947,0.051,-0.003,0.0238822,21.5349
1656,1716,0.85,20.947,0.052,0.002,0.040907,36.8864
1657,1717,0.85,20.947,0.052,-0.013,0.0703016,63.3919
1658,1718,0.85,20.947,0.052,-0.008,0.0586132,52.8523
1659,1719,0.85,20.946,0.052,-0.016,0.0705356,63.6029
1660,1720,0.85,20.946,0.051,-0.023,0.0494378,44.5787
1661,1721,0.85,20.946,0.051,-0.005,0.0519564,46.8497
1662,1722,0.85,20.944,0.05,0.006,0.0331658,29.906
1663,1723,0.85,20.946,0.05,0.006,0.0298928,26.9547
1664,1724,0.85,20.947,0.051,0.007,0,0
1665,1725,0.85,20.946,0.051,0.021,0.0175125,15.7913
1666,1726,0.85,20.947,0.051,0.002,0.0048238,4.3496
1667,1727,0.85,20.946,0.051,-0.009,0.0268031,24.1687
1668,1728,0.85,20.945,0.052,-0.035,0.0162046,14.6119
1669,1729,0.85,20.945,0.051,-0.017,0.0332289,29.9629
1670,1730,0.85,20.943,0.051,-0.026,0.0118034,10.6433
1671,1731,0.85,20.943,0.05,-0.007,0.0314719,28.3786
1672,1732,0.85,20.943,0.051,-0.018,0.008999,8.1145
1673,1733,0.85,20.945,0.051,0.008,0.0116451,10.5005
1674,1734,0.85,20.943,0.051,0.006,0.0059232,5.3411
1675,1735,0.85,20.944,0.051,0.023,0.0016737,1.5092
1676,1736,0.85,20.947,0.051,0.008,0.0008854,0.7984
1677,1737,0.85,20.946,0.051,0.015,0.0241555,21.7813
1678,1738,0.85,20.947,0.051,-0.005,0.0387967,34.9835
1679,1739,0.85,20.947,0.052,-0.005,0.0528697,47.6733
1680,1740,0.85,20.949,0.051,-0.017,0.0345927,31.1927
1681,1741,0.85,20.948,0.051,-0.001,0.0415426,37.4596
1682,1742,0.86,20.949,0.052,-0.005,0.0148196,13.363
1683,1743,0.86,20.946,0.052,0.015,0.0235689,21.2524
1684,1744,0.86,20.946,0.051,0.003,0,0
1685,1745,0.86,20.948,0.051,0.014,0.0041528,3.7446
1686,1746,0.86,20.947,0.051,0.018,0.0225257,20.3117
1687,1747,0.86,20.947,0.051,0.014,0.021857,19.7088
1688,1748,0.86,20.948,0.051,-0.008,0.0223404,20.1446
1689,1749,0.86,20.948,0.051,-0.012,0.0361591,32.6052
1690,1750,0.86,20.946,0.051,-0.025,0.0289133,26.0715
1691,1751,0.86,20.946,0.051,-0.008,0.0169806,15.3117
1692,1752,0.86,20.946,0.051,-0.014,0.0145448,13.1152
1693,1753,0.86,20.946,0.051,0.006,0.0135891,12.2534
1694,1754,0.86,20.947,0.051,-0.002,0,0
1695,1755,0.86,20.947,0.051,0.019,0.011202,10.101
1696,1756,0.86,20.948,0.051,0.011,0.0246073,22.1887
1697,1757,0.86,20.948,0.051,-0.001,0.0363028,32.7347
1698,1758,0.86,20.947,0.051,-0.001,0.0323968,29.2126
1699,1759,0.86,20.947,0.051,-0.001,0.0339485,30.6118
1700,1760,0.86,20.947,0.052,-0.014,0.034905,31.4743
1701,1761,0.86,20.947,0.052,-0.004,0.0414813,37.4042
1702,1762,0.86,20.946,0.052,0.003,0.0260569,23.4958
1703,1763,0.86,20.947,0.052,0.01,0.018857,17.0037
1704,1764,0.86,20.946,0.052,0.006,0.0058927,5.3135
1705,1765,0.87,20.947,0.051,0.021,0.0214203,19.315
1706,1766,0.87,20.947,0.051,0.014,0.0199258,17.9673
1707,1767,0.87,20.946,0.051,-0.003,0.0218737,19.7238
1708,1768,0.87,20.947,0.051,-0.01,0.0099172,8.9425
1709,1769,0.87,20.946,0.051,-0.006,0.0225135,20.3007
1710,1770,0.87,20.946,0.051,-0.012,0.0291261,26.2634
1711,1771,0.87,20.947,0.052,-0.008,0.0463749,41.8168
1712,1772,0.87,20.946,0.051,-0.015,0.0239227,21.5714
1713,1773,0.87,20.946,0.051,-0.005,0.0168242,15.1706
1714,1774,0.87,20.947,0.051,0.002,0.0049002,4.4185
1715,1775,0.87,20.947,0.051,0.014,0.0068072,6.1381
1716,1776,0.87,20.947,0.052,0,0.0147928,13.3389
1717,1777,0.87,20.947,0.052,0,0.0200957,18.1206
1718,1778,0.87,20.947,0.051,0.003,0.0220727,19.9032
1719,1779,0.87,20.946,0.051,0.001,0.0280753,25.3159
1720,1780,0.87,20.949,0.052,-0.006,0.0331297,29.8735
1721,1781,0.87,20.948,0.051,-0.009,0.0362483,32.6856
1722,1782,0.87,20.947,0.051,-0.019,0.0214137,19.309
1723,1783,0.87,20.946,0.051,0.002,0.0206798,18.6473
1724,1784,0.87,20.946,0.051,0.004,0.0060784,5.4809
1725,1785,0.87,20.947,0.051,0.015,0.0186178,16.7879
1726,1786,0.87,20.947,0.052,0.018,0.0102232,9.2184
1727,1787,0.87,20.946,0.051,0.005,0.0208784,18.8263
1728,1788,0.87,20.947,0.051,0.001,0.0318305,28.702
1729,1789,0.87,20.947,0.051,-0.001,0.0342926,30.9221
1730,1790,0.88,20.947,0.052,-0.006,0.0241735,21.7976
1731,1791,0.88,20.947,0.052,-0.012,0.0368248,33.2054
1732,1792,0.88,20.947,0.052,-0.02,0.0121217,10.9303
1733,1793,0.88,20.948,0.052,0.008,0.01859,16.7629
1734,1794,0.88,20.945,0.051,0.004,0.0115202,10.3879
1735,1795,0.88,20.946,0.051,0.014,0.0166022,14.9704
1736,1796,0.88,20.947,0.051,0.007,0.0200579,18.0864
1737,1797,0.88,20.946,0.051,0.01,0.0188736,17.0186
1738,1798,0.88,20.947,0.052,0,0.0411488,37.1044
1739,1799,0.88,20.947,0.052,-0.016,0.0568928,51.301
1740,1800,0.88,20.948,0.052,-0.008,0.0417224,37.6217
1741,1801,0.88,20.946,0.052,0.001,0.0367131,33.1047
1742,1802,0.88,20.946,0.052,-0.011,0.0328535,29.6245
1743,1803,0.88,20.946,0.052,0.012,0.0337858,30.4651
1744,1804,0.88,20.946,0.051,0.006,0.0051533,4.6468
1745,1805,0.88,20.946,0.051,0.009,0.0146128,13.1766
1746,1806,0.88,20.947,0.052,0.009,0,0
1747,1807,0.88,20.946,0.052,0,0.0059927,5.4037
1748,1808,0.88,20.947,0.051,0.001,0.0179752,16.2084
1749,1809,0.89,20.947,0.051,-0.009,0.0242716,21.886
1750,1810,0.89,20.945,0.051,-0.025,0.0365424,32.9508
1751,1811,0.89,20.945,0.051,-0.019,0.0253083,22.8208
1752,1812,0.89,20.947,0.051,-0.02,0.0284475,25.6515
1753,1813,0.89,20.948,0.052,-0.006,0.0253255,22.8364
1754,1814,0.89,20.946,0.051,-0.008,0.0287531,25.927
1755,1815,0.89,20.946,0.052,0.01,0.0201569,18.1758
1756,1816,0.89,20.948,0.051,0.01,0.0254917,22.9862
1757,1817,0.89,20.946,0.051,0.02,0.0117341,10.5808
1758,1818,0.89,20.947,0.052,0.014,0.029476,26.5789
1759,1819,0.89,20.947,0.052,0.002,0.0374009,33.7249
1760,1820,0.89,20.947,0.052,-0.004,0.0480332,43.3122
1761,1821,0.89,20.947,0.052,-0.006,0.0382032,34.4483
1762,1822,0.89,20.945,0.052,0,0.0298682,26.9326
1763,1823,0.9001,20.946,0.051,0.001,0.024701,22.2733
1764,1824,0.9001,20.945,0.051,0.001,0.0143102,12.9037
1765,1825,0.9001,20.946,0.05,-0.002,0,0
1766,1826,0.9001,20.946,0.051,0.002,0.0092862,8.3735
1767,1827,0.9001,20.947,0.051,-0.004,0.0038894,3.5071
1768,1828,0.9001,20.947,0.052,0.004,0.0245443,22.1319
1769,1829,0.9001,20.948,0.051,-0.014,0.0299176,26.9771
1770,1830,0.9001,20.948,0.052,-0.01,0.0416491,37.5556
1771,1831,0.9001,20.946,0.051,-0.026,0.0353874,31.9093
1772,1832,0.9001,20.947,0.052,-0.016,0.0329779,29.7366
1773,1833,0.9001,20.947,0.051,-0.009,0.0166771,15.0379
1774,1834,0.9001,20.947,0.051,0.006,0.0188065,16.9581
1775,1835,0.9001,20.945,0.052,0.011,0.016306,14.7033
1776,1836,0.9001,20.946,0.051,0.032,0.0147313,13.2834
1777,1837,0.9001,20.947,0.051,0.011,0.0090363,8.1482
1778,1838,0.9001,20.947,0.051,0.016,0.0351754,31.7181
1779,1839,0.9001,20.947,0.052,-0.008,0.0317709,28.6482
1780,1840,0.9001,20.948,0.051,-0.009,0.0404232,36.4502
1781,1841,0.9001,20.947,0.052,-0.024,0.0304059,27.4174
1782,1842,0.9001,20.948,0.052,-0.009,0.017106,15.4247
1783,1843,0.9001,20.946,0.051,-0.012,9.28e-05,0.0837
1784,1844,0.9001,20.947,0.051,0.004,0.0128876,11.6209
1785,1845,0.9099,20.947,0.051,0.002,0.0152038,13.7095
1786,1846,0.9099,20.947,0.051,0.004,0.0113314,10.2177
1787,1847,0.9099,20.947,0.051,0.006,0.0039072,3.5232
1788,1848,0.9099,20.947,0.051,0.011,0.0256355,23.1159
1789,1849,0.9099,20.947,0.052,-0.013,0.0132764,11.9715
1790,1850,0.9099,20.947,0.051,-0.011,0.0363816,32.8057
1791,1851,0.9099,20.947,0.051,-0.013,0.014547,13.1172
1792,1852,0.9099,20.946,0.051,-0.009,0.0282917,25.511
1793,1853,0.9099,20.947,0.051,-0.001,0.0237676,21.4315
1794,1854,0.9099,20.948,0.051,0.01,0.0070308,6.3398
1795,1855,0.9099,20.949,0.051,0.003,0.0041678,3.7581
1796,1856,0.9099,20.948,0.051,0.01,0.0062838,5.6662
1797,1857,0.9099,20.946,0.051,0.009,0.0134992,12.1724
1798,1858,0.9099,20.947,0.052,0.016,0.0180957,16.3171
1799,1859,0.9099,20.947,0.051,-0.005,0.03239,29.2065
1800,1860,0.9099,20.947,0.052,0.012,0.0442674,39.9165
1801,1861,0.9099,20.946,0.052,-0.02,0.0435755,39.2926
1802,1862,0.92,20.948,0.052,0,0.0438347,39.5264
1803,1863,0.92,20.948,0.051,-0.003,0.036184,32.6276
1804,1864,0.92,20.946,0.052,0.007,0.0328994,29.6658
1805,1865,0.92,20.945,0.052,0.012,0.0184608,16.6464
1806,1866,0.92,20.947,0.052,0.01,0.0173685,15.6614
1807,1867,0.92,20.948,0.051,0.008,0,0
1808,1868,0.92,20.948,0.051,0.007,0.0147343,13.2861
1809,1869,0.92,20.947,0.051,-0.002,0,0
1810,1870,0.92,20.948,0.051,-0.015,0.018238,16.4454
1811,1871,0.92,20.948,0.051,-0.022,0.0251559,22.6834
1812,1872,0.92,20.947,0.05,-0.021,0.0372688,33.6058
1813,1873,0.92,20.947,0.051,-0.015,0.0230785,20.8102
1814,1874,0.92,20.946,0.051,-0.014,0.0249017,22.4542
1815,1875,0.92,20.947,0.051,-0.001,0.0163634,14.7551
1816,1876,0.92,20.945,0.051,0.007,0.011324,10.211
1817,1877,0.92,20.946,0.051,0.013,0.0024753,2.2321
1818,1878,0.92,20.945,0.052,0.024,0.0198581,17.9063
1819,1879,0.92,20.947,0.051,0.005,0.0142592,12.8577
1820,1880,0.92,20.947,0.05,0.016,0.0349835,31.5451
1821,1881,0.92,20.948,0.051,-0.001,0.0410005,36.9707
1822,1882,0.92,20.948,0.052,-0.004,0.0446049,40.2209
1823,1883,0.92,20.947,0.051,-0.016,0.0289707,26.1233
1824,1884,0.92,20.947,0.051,0.003,0.0161946,14.6029
1825,1885,0.92,20.946,0.051,0.006,0.0039068,3.5228
1826,1886,0.92,20.945,0.052,0.009,0.0176869,15.9485
1827,1887,0.92,20.946,0.051,0.008,0.0204779,18.4652
1828,1888,0.92,20.947,0.051,0.022,0.02841,25.6177
1829,1889,0.92,20.946,0.051,0.006,0.0111303,10.0364
1830,1890,0.92,20.946,0.051,0.011,0.0199521,17.9911
1831,1891,0.93,20.946,0.051,-0.008,0.0403717,36.4037
1832,1892,0.93,20.946,0.051,-0.018,0.0169414,15.2763
1833,1893,0.93,20.947,0.051,-0.022,0.0342569,30.8899
1834,1894,0.93,20.947,0.051,-0.007,0.0315093,28.4123
1835,1895,0.93,20.947,0.052,0.009,0.0206381,18.6096
1836,1896,0.93,20.946,0.051,0.015,0.0102905,9.279
1837,1897,0.93,20.947,0.052,0.008,0.0176542,15.919
1838,1898,0.93,20.946,0.051,0.009,0.0206087,18.5831
1839,1899,0.93,20.945,0.051,-0.002,0.0213546,19.2557
1840,1900,0.93,20.946,0.051,0.014,0.0459194,41.4061
1841,1901,0.93,20.946,0.051,0.001,0.0437149,39.4183
1842,1902,0.93,20.947,0.052,-0.008,0.0217743,19.6342
1843,1903,0.93,20.945,0.052,0.003,0.0347822,31.3636
1844,1904,0.94,20.947,0.051,-0.009,0.029886,26.9486
1845,1905,0.94,20.946,0.051,-0.005,0.0154325,13.9157
1846,1906,0.94,20.946,0.051,0.01,0.0164913,14.8704
1847,1907,0.94,20.945,0.051,0.01,0.0088977,8.0231
1848,1908,0.94,20.947,0.051,0.008,0.0178163,16.0652
1849,1909,0.93,20.946,0.052,0.005,0.0362978,32.7302
1850,1910,0.93,20.946,0.051,0.013,0.0396294,35.7344
1851,1911,0.94,20.944,0.051,-0.013,0.027482,24.7809
1852,1912,0.94,20.945,0.052,-0.012,0.0522779,47.1397
1853,1913,0.94,20.945,0.052,0.003,0.0379117,34.1855
1854,1914,0.94,20.946,0.052,-0.009,0.0341594,30.802
1855,1915,0.94,20.946,0.052,-0.005,0.0335082,30.2147
1856,1916,0.94,20.946,0.052,0.009,0.0203881,18.3842
1857,1917,0.94,20.946,0.053,0.008,0.0024843,2.2401
1858,1918,0.94,20.946,0.053,0.014,0.0404578,36.4814
1859,1919,0.94,20.946,0.053,0.006,0.0458564,41.3493
1860,1920,0.94,20.946,0.054,0.003,0.0533561,48.1119
1861,1921,0.94,20.943,0.053,-0.006,0.0497913,44.8975
1862,1922,0.94,20.944,0.053,0.002,0.0379988,34.264
1863,1923,0.94,20.945,0.053,-0.012,0.0217252,19.5899
1864,1924,0.94,20.943,0.054,-0.009,0.0383039,34.5391
1865,1925,0.94,20.945,0.053,-0.001,0.029494,26.5952
1866,1926,0.94,20.944,0.053,0.001,0.0156119,14.0775
1867,1927,0.94,20.944,0.052,0.013,0.023559,21.2434
1868,1928,0.94,20.944,0.053,0.021,0.0204277,18.4199
1869,1929,0.94,20.946,0.052,-0.011,0.0251371,22.6665
1870,1930,0.94,20.945,0.052,-0.005,0.0239123,21.5621
1871,1931,0.94,20.943,0.053,-0.017,0.044808,40.4039
1872,1932,0.94,20.944,0.053,-0.009,0.0520978,46.9773
1873,1933,0.94,20.943,0.053,-0.004,0.0459795,41.4603
1874,1934,0.94,20.944,0.053,0.002,0.0299436,27.0005
1875,1935,0.95,20.946,0.053,0.001,0.0125217,11.2909
1876,1936,0.95,20.943,0.052,0.004,0.0225995,20.3783
1877,1937,0.95,20.944,0.053,0.009,0.0258519,23.311
1878,1938,0.95,20.946,0.053,0.01,0.0255087,23.0016
1879,1939,0.95,20.944,0.053,0.013,0.0116014,10.4611
1880,1940,0.95,20.944,0.052,0.004,0.0270591,24.3996
1881,1941,0.95,20.945,0.053,0.006,0.0325378,29.3398
1882,1942,0.95,20.945,0.052,-0.01,0.036854,33.2317
1883,1943,0.95,20.944,0.052,-0.025,0.0398276,35.9131
1884,1944,0.95,20.946,0.052,-0.014,0.0415861,37.4987
1885,1945,0.95,20.945,0.052,0,0.0283121,25.5294
1886,1946,0.95,20.945,0.052,0.007,0.0074145,6.6858
1887,1947,0.95,20.947,0.052,0.002,0.013422,12.1028
1888,1948,0.95,20.946,0.052,0.008,0.0242107,21.8311
1889,1949,0.95,20.944,0.052,0.005,0.0278943,25.1527
1890,1950,0.95,20.945,0.052,0.022,0.0330723,29.8217
1891,1951,0.96,20.944,0.052,0.003,0.0467878,42.1892
1892,1952,0.96,20.945,0.053,-0.002,0.0377039,33.9981
1893,1953,0.96,20.945,0.052,-0.012,0.0446802,40.2888
1894,1954,0.96,20.946,0.052,-0.009,0.0287741,25.9459
1895,1955,0.96,20.945,0.052,-0.006,0.0175779,15.8502
1896,1956,0.96,20.944,0.053,0.002,0.0184701,16.6547
1897,1957,0.96,20.945,0.053,0.02,0.030435,27.4436
1898,1958,0.96,20.945,0.053,0.01,0.0217639,19.6248
1899,1959,0.96,20.946,0.053,0.005,0.0206762,18.644
1900,1960,0.96,20.945,0.053,0.001,0.0346958,31.2857
1901,1961,0.96,20.945,0.052,-0.004,0.0443689,40.0081
1902,1962,0.96,20.945,0.052,-0.016,0.0336035,30.3007
1903,1963,0.96,20.945,0.052,-0.017,0.0455247,41.0502
1904,1964,0.96,20.947,0.052,-0.013,0.0171575,15.4712
1905,1965,0.96,20.945,0.051,-0.008,0.0273482,24.6603
1906,1966,0.96,20.947,0.051,0.003,0,0
1907,1967,0.97,20.947,0.052,0.007,0.0119887,10.8104
1908,1968,0.97,20.946,0.051,0,0.0141252,12.7368
1909,1969,0.97,20.945,0.051,0.009,0.0060377,5.4443
1910,1970,0.97,20.945,0.052,0.01,0.020687,18.6538
1911,1971,0.97,20.945,0.052,-0.004,0.0340144,30.6712
1912,1972,0.97,20.945,0.053,-0.013,0.0336284,30.3232
1913,1973,0.97,20.945,0.052,-0.009,0.0453181,40.8639
1914,1974,0.97,20.946,0.052,-0.014,0.0298726,26.9365
1915,1975,0.97,20.945,0.052,0.012,0.0284794,25.6803
1916,1976,0.97,20.945,0.052,-0.002,0.0133936,12.0772
1917,1977,0.97,20.946,0.053,0.019,0.0184439,16.6311
1918,1978,0.97,20.947,0.052,0.016,0.0236106,21.29
1919,1979,0.97,20.945,0.052,0.01,0.0207867,18.7437
1920,1980,0.97,20.946,0.051,0.013,0.0233407,21.0466
1921,1981,0.97,20.947,0.052,0.005,0.0428817,38.667
1922,1982,0.97,20.946,0.051,-0.003,0.0326911,29.478
1923,1983,0.97,20.945,0.051,-0.012,0.0413963,37.3276
1924,1984,0.97,20.947,0.051,-0.018,0.0296957,26.777
1925,1985,0.97,20.946,0.051,-0.008,0.0193423,17.4412
1926,1986,0.97,20.947,0.052,-0.007,0.007025,6.3346
1927,1987,0.97,20.947,0.052,0.006,0.0167172,15.0741
1928,1988,0.97,20.947,0.052,0.006,0.0173434,15.6388
1929,1989,0.97,20.946,0.052,0.006,0.0130979,11.8106
1930,1990,0.97,20.945,0.052,0.004,0.0141721,12.7792
1931,1991,0.97,20.946,0.052,0.002,0.036168,32.6132
1932,1992,0.98,20.946,0.052,-0.016,0.0438536,39.5434
1933,1993,0.98,20.946,0.052,-0.007,0.0331233,29.8677
1934,1994,0.98,20.946,0.052,-0.015,0.0221361,19.9604
1935,1995,0.98,20.946,0.052,-0.004,0.0356224,32.1212
1936,1996,0.98,20.946,0.051,-0.004,0.0395881,35.6971
1937,1997,0.98,20.948,0.052,0.013,0.0190912,17.2148
1938,1998,0.98,20.947,0.051,0.008,0.0157419,14.1947
1939,1999,0.98,20.946,0.051,0.008,0.0248651,22.4212
1940,2000,0.98,20.946,0.052,0.012,0.0220082,19.8451
1941,2001,0.98,20.946,0.052,0.015,0.03607,32.5248
1942,2002,0.98,20.945,0.051,-0.01,0.0304518,27.4588
1943,2003,0.98,20.946,0.052,-0.017,0.0503516,45.4027
1944,2004,0.98,20.946,0.051,-0.012,0.0375838,33.8898
1945,2005,0.98,20.947,0.052,-0.001,0.0408804,36.8624
1946,2006,0.98,20.947,0.051,-0.02,0.0281969,25.4255
1947,2007,0.98,20.948,0.051,-0.012,0.0321965,29.032
1948,2008,0.98,20.946,0.051,0.002,0.0046525,4.1952
1949,2009,0.98,20.947,0.051,0.01,0.0205878,18.5643
1950,2010,0.98,20.946,0.051,0.006,0.0092952,8.3816
1951,2011,0.98,20.945,0.051,0.004,0.0270801,24.4185
1952,2012,0.98,20.946,0.051,-0.014,0.0329768,29.7356
1953,2013,0.98,20.947,0.051,-0.009,0.0429319,38.7123
1954,2014,0.99,20.947,0.051,-0.028,0.0324518,29.2623
1955,2015,0.99,20.947,0.052,-0.01,0.0377054,33.9995
1956,2016,0.99,20.946,0.052,-0.014,0.036094,32.5465
1957,2017,0.99,20.946,0.052,0.002,0.0215173,19.4025
1958,2018,0.99,20.945,0.052,0.003,0.034952,31.5167
1959,2019,0.99,20.944,0.051,0.019,0.0146353,13.1969
1960,2020,0.99,20.946,0.051,0.01,0.0151838,13.6914
1961,2021,0.99,20.945,0.051,0.011,0.0287731,25.9451
1962,2022,0.99,20.947,0.051,-0.001,0.0388188,35.0035
1963,2023,0.99,20.946,0.051,-0.007,0.0475986,42.9203
1964,2024,0.99,20.946,0.051,-0.015,0.0307397,27.7184
1965,2025,0.99,20.946,0.052,-0.006,0.037134,33.4842
1966,2026,0.99,20.946,0.052,-0.012,0.0119821,10.8044
1967,2027,0.99,20.946,0.052,-0.005,0.0278187,25.0845
1968,2028,0.99,20.945,0.052,0.003,0.0070872,6.3906
1969,2029,0.99,20.946,0.051,-0.004,0.0229523,20.6964
1970,2030,0.99,20.945,0.051,0.006,0.0194472,17.5358
1971,2031,1,20.947,0.052,0.01,0.0270413,24.3835
1972,2032,1,20.946,0.051,0.006,0.0375463,33.856
1973,2033,1,20.944,0.052,-0.002,0.0431882,38.9434
1974,2034,1,20.944,0.051,-0.021,0.039656,35.7584
1975,2035,1,20.946,0.051,-0.004,0.0450755,40.6452
1976,2036,1,20.946,0.052,-0.01,0.0219238,19.769
1977,2037,1,20.946,0.051,0.012,0.0385684,34.7776
1978,2038,1,20.946,0.051,0.003,0.0251974,22.7208
1979,2039,1,20.945,0.051,0.013,0.0209893,18.9263
1980,2040,1,20.947,0.052,0.003,0.0284554,25.6586
1981,2041,1,20.946,0.052,0.01,0.03333,30.0541
1982,2042,1,20.945,0.052,-0.002,0.0187934,16.9463
1983,2043,1,20.946,0.052,-0.016,0.0262013,23.6261
1984,2044,1,20.947,0.052,-0.017,0.0337725,30.4531
1985,2045,1,20.946,0.051,-0.014,0.0529585,47.7534
1986,2046,1,20.946,0.052,-0.023,0.0387431,34.9352
1987,2047,1,20.947,0.051,-0.002,0.0218284,19.683
1988,2048,1,20.947,0.052,-0.011,0.0214959,19.3831
1989,2049,1,20.946,0.052,0.005,0.0132265,11.9265
1990,2050,1,20.945,0.052,0.004,0.0150422,13.5638
1991,2051,1,20.946,0.051,-0.008,0.0156239,14.0883
1992,2052,1,20.947,0.051,-0.002,0.0364812,32.8955
1993,2053,1,20.945,0.052,0.007,0.0330297,29.7833
1994,2054,1,20.946,0.052,-0.006,0.0390404,35.2033
1995,2055,1,20.947,0.052,-0.008,0.0402969,36.3362
1996,2056,1,20.946,0.052,-0.021,0.0221658,19.9872
1997,2057,1,20.945,0.052,-0.003,0.0282526,25.4757
1998,2058,1.0099,20.944,0.053,0.003,0.0201036,18.1277
1999,2059,1.0099,20.946,0.052,0.007,0.0312924,28.2168
2000,2060,1.0099,20.945,0.052,0.011,0.0143277,12.9195
2001,2061,1.0099,20.946,0.052,0.009,0.0242891,21.9018
2002,2062,1.0099,20.946,0.052,0.009,0.0176602,15.9245
2003,2063,1.0099,20.946,0.052,-0.011,0.0423442,38.1823
2004,2064,1.0099,20.946,0.051,-0.012,0.0465265,41.9536
2005,2065,1.0099,20.947,0.051,-0.012,0.0478862,43.1796
2006,2066,1.0099,20.946,0.052,-0.012,0.0341583,30.801
2007,2067,1.0099,20.946,0.052,-0.002,0.0339723,30.6333
2008,2068,1.0099,20.947,0.052,-0.003,0.018921,17.0613
2009,2069,1.0099,20.946,0.052,0.005,0.0201544,18.1735
2010,2070,1.0099,20.946,0.052,-0.001,0.0240629,21.6978
2011,2071,1.0099,20.945,0.053,0.01,0.0285595,25.7524
2012,2072,1.0099,20.946,0.052,-0.005,0.0389926,35.1602
2013,2073,1.0099,20.947,0.052,0.007,0.0468144,42.2132
2014,2074,1.0099,20.946,0.052,-0.007,0.0473024,42.6532
2015,2075,1.0099,20.944,0.053,-0.016,0.0538056,48.5173
2016,2076,1.0099,20.945,0.053,-0.021,0.0498978,44.9935
2017,2077,1.0099,20.946,0.052,-0.004,0.0385007,34.7165
2018,2078,1.0099,20.945,0.052,-0.004,0.0193747,17.4704
2019,2079,1.0099,20.945,0.053,0.006,0.027042,24.3842
2020,2080,1.0099,20.946,0.052,0.004,0.0090956,8.2017
2021,2081,1.0099,20.946,0.052,0.01,0.015177,13.6853
2022,2082,1.0099,20.944,0.052,0.006,0.0114086,10.2873
2023,2083,1.0099,20.944,0.052,-0.003,0.0197467,17.8059
2024,2084,1.0199,20.944,0.052,-0.011,0.0425227,38.3433
2025,2085,1.0199,20.944,0.052,-0.021,0.0384138,34.6382
2026,2086,1.0199,20.946,0.052,-0.022,0.0380413,34.3024
2027,2087,1.0199,20.945,0.052,-0.018,0.0359579,32.4237
2028,2088,1.0299,20.945,0.051,-0.008,0.0336635,30.3548
2029,2089,1.0299,20.945,0.051,0.006,0.0203679,18.366
2030,2090,1.0299,20.946,0.053,0.004,0.0245611,22.1471
2031,2091,1.0299,20.945,0.052,0.014,0.0133599,12.0468
2032,2092,1.0299,20.946,0.052,0.014,0.0119907,10.8122
2033,2093,1.0299,20.945,0.053,0.008,0.0237659,21.4301
2034,2094,1.0299,20.947,0.052,-0.001,0.046307,41.7557
2035,2095,1.0299,20.947,0.053,-0.017,0.054867,49.4743
2036,2096,1.0299,20.946,0.052,-0.013,0.0592244,53.4035
2037,2097,1.0299,20.946,0.051,-0.012,0.0542714,48.9372
2038,2098,1.0299,20.946,0.052,-0.009,0.0385854,34.7929
2039,2099,1.0299,20.946,0.051,-0.004,0.0150546,13.5749
2040,2100,1.0299,20.945,0.051,0.01,0.019294,17.3977
2041,2101,1.0299,20.945,0.051,0.002,0.0070078,6.3191
2042,2102,1.0299,20.946,0.051,0.012,0.0180175,16.2466
2043,2103,1.0299,20.946,0.051,0.018,0.0274801,24.7791
2044,2104,1.0299,20.945,0.051,0.007,0.0426031,38.4158
2045,2105,1.0299,20.945,0.051,-0.019,0.0390951,35.2525
2046,2106,1.0299,20.946,0.052,-0.026,0.0349641,31.5276
2047,2107,1.0299,20.946,0.052,-0.021,0.0324988,29.3046
2048,2108,1.0299,20.944,0.052,-0.022,0.0418939,37.7763
2049,2109,1.0299,20.945,0.052,-0.008,0.0266263,24.0093
2050,2110,1.0299,20.945,0.052,0.014,0.0282534,25.4765
2051,2111,1.0299,20.945,0.052,0.01,0.0102552,9.2473
2052,2112,1.0299,20.945,0.052,0.012,0.0286989,25.8782
2053,2113,1.0399,20.947,0.053,0.002,0.02557,23.0568
2054,2114,1.0399,20.947,0.052,0.002,0.039537,35.651
2055,2115,1.0399,20.945,0.052,-0.012,0.0358493,32.3258
2056,2116,1.0399,20.945,0.052,-0.013,0.0329003,29.6667
2057,2117,1.0399,20.946,0.052,-0.005,0.0475388,42.8664
2058,2118,1.0399,20.945,0.052,-0.007,0.0468848,42.2766
2059,2119,1.0399,20.946,0.052,-0.01,0.0331017,29.8483
2060,2120,1.0399,20.945,0.052,0.008,0.0229854,20.7263
2061,2121,1.0399,20.944,0.052,-0.003,0.0196783,17.7442
2062,2122,1.0399,20.946,0.051,0.009,0.0162727,14.6733
2063,2123,1.0399,20.947,0.051,0.002,0.0207087,18.6733
2064,2124,1.05,20.945,0.052,0.001,0.0390329,35.1965
2065,2125,1.05,20.946,0.051,-0.014,0.0155548,14.026
2066,2126,1.0399,20.946,0.051,-0.014,0.0306634,27.6496
2067,2127,1.0399,20.947,0.052,-0.011,0.029796,26.8675
2068,2128,1.05,20.947,0.051,-0.021,0.0284701,25.6719
2069,2129,1.05,20.946,0.051,-0.019,0.015407,13.8927
2070,2130,1.05,20.946,0.052,-0.006,0.0225702,20.3519
2071,2131,1.05,20.946,0.051,-0.003,0.0115116,10.3801
2072,2132,1.05,20.947,0.052,0.011,0.021258,19.1686
2073,2133,1.05,20.945,0.052,0.008,0.0219074,19.7542
2074,2134,1.05,20.946,0.052,0.004,0.0336318,30.3262
2075,2135,1.05,20.946,0.052,-0.008,0.0403056,36.3441
2076,2136,1.05,20.945,0.052,0.009,0.046545,41.9702
2077,2137,1.05,20.946,0.052,-0.005,0.0338359,30.5103
2078,2138,1.05,20.946,0.052,-0.004,0.0258984,23.3529
2079,2139,1.05,20.946,0.051,-0.003,0.0196214,17.6929
2080,2140,1.05,20.946,0.051,0.01,0.0156196,14.0844
2081,2141,1.05,20.946,0.051,0.003,0.0107319,9.6771
2082,2142,1.05,20.946,0.052,0.009,0.0098848,8.9132
2083,2143,1.05,20.947,0.051,-0.001,0.0090961,8.2021
2084,2144,1.05,20.947,0.051,0.004,0.029985,27.0378
2085,2145,1.06,20.946,0.051,-0.012,0.0274185,24.7236
2086,2146,1.06,20.947,0.051,-0.008,0.0446285,40.2421
2087,2147,1.06,20.945,0.051,-0.015,0.0384388,34.6608
2088,2148,1.06,20.945,0.052,-0.003,0.0398414,35.9255
2089,2149,1.06,20.945,0.052,0.004,0.0448467,40.4389
2090,2150,1.06,20.945,0.051,0.005,0.0295541,26.6493
2091,2151,1.06,20.946,0.051,0.01,0,0
2092,2152,1.06,20.946,0.052,0.019,0.0228174,20.5747
2093,2153,1.06,20.945,0.052,0.014,0.0151513,13.6622
2094,2154,1.06,20.946,0.052,0.015,0.0314884,28.3935
2095,2155,1.06,20.946,0.052,-0.005,0.0318525,28.7219
2096,2156,1.06,20.946,0.052,-0.002,0.0360177,32.4776
2097,2157,1.07,20.946,0.052,-0.013,0.0497112,44.8253
2098,2158,1.07,20.945,0.052,-0.012,0.0401133,36.1707
2099,2159,1.07,20.946,0.052,-0.014,0.0252715,22.7876
2100,2160,1.06,20.946,0.051,-0.014,0.0155518,14.0233
2101,2161,1.06,20.945,0.051,-0.003,0.0080431,7.2526
2102,2162,1.06,20.946,0.052,0.018,0.0248264,22.3863
2103,2163,1.06,20.948,0.052,0.002,0.011971,10.7944
2104,2164,1.06,20.946,0.051,0.009,0.0299059,26.9666
2105,2165,1.06,20.946,0.051,-0.005,0.0173435,15.6389
2106,2166,1.06,20.946,0.052,-0.01,0.038297,34.5329
2107,2167,1.06,20.947,0.052,-0.015,0.0387011,34.8973
2108,2168,1.06,20.947,0.051,-0.023,0.0278644,25.1257
2109,2169,1.06,20.946,0.052,-0.012,0.0230885,20.8192
2110,2170,1.06,20.946,0.052,0,0.0259923,23.4376
2111,2171,1.06,20.946,0.052,0.009,0.0016682,1.5042
2112,2172,1.06,20.946,0.051,0.011,0.0237629,21.4273
2113,2173,1.07,20.947,0.051,0.001,0.0132006,11.9031
2114,2174,1.07,20.946,0.052,0.018,0.0328056,29.5812
2115,2175,1.08,20.945,0.052,0.005,0.0274757,24.7752
2116,2176,1.08,20.944,0.053,0.007,0.0523915,47.2421
2117,2177,1.07,20.946,0.052,-0.018,0.0372497,33.5886
2118,2178,1.07,20.947,0.052,-0.012,0.0251705,22.6966
2119,2179,1.07,20.946,0.052,-0.007,0.0366871,33.0813
2120,2180,1.07,20.947,0.051,-0.003,0.0313845,28.2998
2121,2181,1.07,20.947,0.052,0.005,0.018478,16.6619
2122,2182,1.07,20.945,0.051,0.017,0.0282106,25.4379
2123,2183,1.07,20.947,0.051,0.002,0.0184258,16.6148
2124,2184,1.07,20.946,0.051,0.012,0.036957,33.3246
2125,2185,1.07,20.946,0.051,-0.006,0.0346344,31.2303
2126,2186,1.07,20.946,0.051,-0.006,0.0486565,43.8742
2127,2187,1.07,20.947,0.052,-0.024,0.0308923,27.856
2128,2188,1.07,20.946,0.052,-0.011,0.0552028,49.7771
2129,2189,1.07,20.946,0.052,0,0.0410643,37.0282
2130,2190,1.07,20.946,0.051,-0.006,0.0070718,6.3768
2131,2191,1.07,20.945,0.051,-0.005,0.008233,7.4238
2132,2192,1.08,20.946,0.052,0.012,0.0242235,21.8427
2133,2193,1.08,20.945,0.051,0.002,0.0112012,10.1003
2134,2194,1.08,20.945,0.052,0.012,0.02318,20.9017
2135,2195,1.08,20.945,0.051,-0.006,0.0205051,18.4897
2136,2196,1.08,20.945,0.052,-0.003,0.0553778,49.9349
2137,2197,1.08,20.945,0.052,-0.017,0.0249049,22.4571
2138,2198,1.08,20.945,0.052,-0.001,0.0314885,28.3936
2139,2199,1.08,20.945,0.051,-0.023,0.0241296,21.758
2140,2200,1.08,20.945,0.051,-0.009,0.0198095,17.8625
2141,2201,1.08,20.945,0.051,0.013,0.0210928,19.0196
2142,2202,1.08,20.947,0.05,0.012,0.0143229,12.9152
2143,2203,1.08,20.947,0.05,-0.002,0.0056126,5.0609
2144,2204,1.08,20.947,0.052,0.015,0.0038546,3.4757
2145,2205,1.08,20.946,0.051,0.002,0.0145979,13.1632
2146,2206,1.08,20.946,0.051,0.01,0.0523202,47.1779
2147,2207,1.08,20.945,0.051,-0.027,0.0266889,24.0657
2148,2208,1.08,20.946,0.052,-0.004,0.0374635,33.7814
2149,2209,1.08,20.947,0.052,-0.006,0.0420639,37.9296
2150,2210,1.08,20.946,0.051,-0.004,0.0155871,14.0551
2151,2211,1.08,20.947,0.051,0.001,0.0169827,15.3135
2152,2212,1.08,20.947,0.051,0.005,0.0314781,28.3842
2153,2213,1.08,20.946,0.051,0.011,0.0319985,28.8534
2154,2214,1.08,20.946,0.052,0.019,0.040799,36.789
2155,2215,1.09,20.946,0.051,0.015,0.0243529,21.9593
2156,2216,1.09,20.947,0.051,0.006,0.0399516,36.0249
2157,2217,1.09,20.947,0.051,-0.024,0.0254824,22.9778
2158,2218,1.09,20.946,0.051,-0.01,0.0363729,32.798
2159,2219,1.09,20.948,0.051,-0.015,0.0432318,38.9827
2160,2220,1.09,20.947,0.051,-0.014,0.0276229,24.9079
2161,2221,1.1,20.946,0.052,0.005,0.0158727,14.3126
2162,2222,1.1,20.947,0.051,0.003,0.0129859,11.7096
2163,2223,1.1,20.947,0.052,-0.005,0.0068047,6.1359
2164,2224,1.1,20.946,0.051,-0.002,0.0270684,24.4079
2165,2225,1.1,20.945,0.051,-0.014,0.0287336,25.9095
2166,2226,1.1,20.946,0.051,-0.003,0.0367201,33.111
2167,2227,1.1,20.947,0.051,-0.017,0.0345441,31.1488
2168,2228,1.09,20.947,0.051,-0.004,0.0482586,43.5154
2169,2229,1.09,20.947,0.051,-0.005,0.0369031,33.276
2170,2230,1.1,20.945,0.051,-0.011,0.0300205,27.0699
2171,2231,1.1,20.945,0.051,-0.006,0.026451,23.8512
2172,2232,1.1,20.947,0.051,0.005,0.0241645,21.7895
2173,2233,1.1,20.947,0.051,0.017,0.0180018,16.2325
2174,2234,1.1,20.945,0.052,0.018,0.0187866,16.9401
2175,2235,1.1,20.946,0.052,-0.002,0.0081934,7.3881
2176,2236,1.1099,20.946,0.051,-0.003,0.0184029,16.5941
2177,2237,1.1099,20.946,0.051,-0.01,0.0333065,30.0329
2178,2238,1.1099,20.946,0.051,-0.013,0.0251643,22.691
2179,2239,1.1099,20.947,0.051,-0.016,0.0411425,37.0988
2180,2240,1.1099,20.945,0.051,-0.005,0.0236864,21.3584
2181,2241,1.1099,20.945,0.051,-0.004,0.004927,4.4427
2182,2242,1.1099,20.946,0.051,0,0.0109456,9.8698
2183,2243,1.1199,20.946,0.052,0.002,0,0
2184,2244,1.1199,20.946,0.051,0.002,0.0078595,7.0871
2185,2245,1.1099,20.947,0.051,0.007,0.0099198,8.9448
2186,2246,1.1099,20.946,0.051,0.012,0.0160612,14.4826
2187,2247,1.1099,20.947,0.051,-0.002,0.0251564,22.6839
2188,2248,1.1099,20.948,0.051,-0.012,0.0244775,22.0717
2189,2249,1.1099,20.947,0.051,-0.004,0.0387941,34.9811
2190,2250,1.1099,20.947,0.051,-0.014,0.0328989,29.6654
2191,2251,1.1099,20.946,0.051,-0.002,0.0358135,32.2935
2192,2252,1.1199,20.947,0.051,0.015,0.0102929,9.2813
2193,2253,1.1199,20.947,0.051,0.014,0.0133482,12.0363
2194,2254,1.1099,20.946,0.052,0.024,0.0217137,19.5795
2195,2255,1.1099,20.947,0.052,0.016,0.0262461,23.6664
2196,2256,1.1099,20.946,0.052,0.014,0.0169925,15.3223
2197,2257,1.1099,20.946,0.052,-0.001,0.0402069,36.2551
2198,2258,1.1099,20.948,0.051,0,0.0274294,24.7334
2199,2259,1.1099,20.946,0.051,-0.003,0.026511,23.9053
2200,2260,1.1199,20.947,0.051,-0.012,0.0199471,17.9866
2201,2261,1.1199,20.946,0.051,-0.002,0.0048915,4.4107
2202,2262,1.1199,20.945,0.052,-0.004,0,0
2203,2263,1.1199,20.945,0.051,0.009,0.0024563,2.2148
2204,2264,1.1199,20.947,0.051,0.012,0.0118706,10.7039
2205,2265,1.1199,20.946,0.051,0.004,0.0209751,18.9135
2206,2266,1.1199,20.946,0.052,0,0.0295215,26.6199
2207,2267,1.1099,20.946,0.052,0.003,0.0421809,38.0351
2208,2268,1.1099,20.947,0.052,-0.019,0.0356786,32.1719
2209,2269,1.1099,20.947,0.052,-0.007,0.0460515,41.5253
2210,2270,1.1099,20.947,0.051,-0.006,0.0361794,32.6234
2211,2271,1.1099,20.947,0.052,0.006,0.0242211,21.8405
2212,2272,1.1099,20.946,0.052,0.014,0.0124818,11.255
2213,2273,1.1199,20.947,0.051,0.029,0.0256289,23.1099
2214,2274,1.1199,20.947,0.052,0.022,0.0151745,13.683
2215,2275,1.1199,20.946,0.052,0.017,0.0174922,15.773
2216,2276,1.1199,20.945,0.051,0.004,0.0183701,16.5646
2217,2277,1.1199,20.946,0.051,-0.003,0.0408693,36.8524
2218,2278,1.1199,20.946,0.052,-0.02,0.0295368,26.6337
2219,2279,1.1199,20.947,0.052,-0.01,0.0375727,33.8798
2220,2280,1.1299,20.946,0.052,-0.019,0.0342149,30.852
2221,2281,1.1299,20.946,0.052,-0.006,0.0284737,25.6751
2222,2282,1.1299,20.945,0.051,-0.004,0.0016771,1.5123
2223,2283,1.1299,20.947,0.051,0.003,0.0137065,12.3593
2224,2284,1.1299,20.948,0.052,-0.004,0.0150389,13.5608
2225,2285,1.1299,20.947,0.051,0.009,0.0305978,27.5904
2226,2286,1.1299,20.946,0.052,0.008,0.0198968,17.9412
2227,2287,1.1299,20.946,0.052,0.006,0.026649,24.0297
2228,2288,1.1299,20.946,0.051,-0.009,0.022289,20.0983
2229,2289,1.1299,20.945,0.052,-0.003,0.0373942,33.7189
2230,2290,1.1299,20.946,0.052,-0.016,0.0252478,22.7662
2231,2291,1.1299,20.947,0.052,-0.008,0.047156,42.5212
2232,2292,1.1299,20.946,0.052,-0.003,0.0182808,16.4841
2233,2293,1.1299,20.946,0.051,0.017,0.0271517,24.4831
2234,2294,1.1299,20.947,0.051,0.007,0.0069362,6.2545
2235,2295,1.1299,20.947,0.052,0.01,0.0256403,23.1202
2236,2296,1.1299,20.946,0.052,0,0.0229963,20.7361
2237,2297,1.1299,20.945,0.051,0.005,0.0322297,29.062
2238,2298,1.1299,20.946,0.052,-0.005,0.0261503,23.58
2239,2299,1.1299,20.947,0.052,-0.007,0.0389514,35.1229
2240,2300,1.1299,20.948,0.051,-0.016,0.0377178,34.0107
2241,2301,1.1299,20.947,0.051,-0.009,0.0303934,27.4062
2242,2302,1.1299,20.948,0.051,-0.02,0.0027884,2.5143
2243,2303,1.1299,20.946,0.052,0.007,0.0081742,7.3708
2244,2304,1.1299,20.946,0.051,0.003,0.0135742,12.24
2245,2305,1.1299,20.945,0.051,0.018,0.0161748,14.585
2246,2306,1.1299,20.946,0.052,0.001,0.0283057,25.5237
2247,2307,1.1299,20.946,0.052,0.002,0.0502026,45.2683
2248,2308,1.1299,20.946,0.052,-0.007,0.0435076,39.2314
2249,2309,1.1299,20.946,0.052,-0.001,0.0506472,45.6693
2250,2310,1.1299,20.946,0.053,-0.012,0.0279449,25.1983
2251,2311,1.1299,20.946,0.052,-0.017,0.0354196,31.9383
2252,2312,1.1299,20.947,0.051,-0.005,0.0103362,9.3203
2253,2313,1.1299,20.946,0.051,0.017,0.0076217,6.8726
2254,2314,1.1299,20.947,0.051,0.012,0,0
2255,2315,1.1399,20.947,0.051,0.007,0.0168378,15.1829
2256,2316,1.1399,20.947,0.052,0.009,0.0088194,7.9525
2257,2317,1.1399,20.946,0.052,-0.008,0.0188566,17.0032
2258,2318,1.1399,20.947,0.051,-0.018,0.0205775,18.555
2259,2319,1.1399,20.945,0.051,-0.016,0.0308718,27.8375
2260,2320,1.1499,20.946,0.051,-0.022,0.013909,12.5419
2261,2321,1.1499,20.946,0.051,-0.011,0.0237051,21.3752
2262,2322,1.1499,20.948,0.051,-0.014,0.0254243,22.9254
2263,2323,1.1399,20.947,0.051,0.005,0.0267955,24.1618
2264,2324,1.1399,20.948,0.051,0.003,0.012175,10.9783
2265,2325,1.1399,20.949,0.051,0.016,0.0105001,9.4681
2266,2326,1.1399,20.948,0.051,0.004,0.0155917,14.0592
2267,2327,1.1399,20.947,0.051,0.002,0.0234095,21.1086
2268,2328,1.1399,20.949,0.052,-0.012,0.0310426,27.9915
2269,2329,1.1399,20.95,0.052,-0.005,0.0401708,36.2225
2270,2330,1.1399,20.948,0.052,-0.015,0.0189405,17.0789
2271,2331,1.1499,20.948,0.052,0.001,0.0367555,33.1429
2272,2332,1.1499,20.948,0.051,-0.008,0.0354702,31.984
2273,2333,1.1499,20.948,0.052,0.005,0.0148081,13.3527
2274,2334,1.1499,20.945,0.052,0.003,0.0213364,19.2394
2275,2335,1.1499,20.945,0.052,0.012,0.0262922,23.708
2276,2336,1.1499,20.946,0.052,0.009,0.0105356,9.5001
2277,2337,1.1499,20.947,0.052,0.004,0.0151511,13.6619
2278,2338,1.1499,20.947,0.052,0.002,0.016161,14.5726
2279,2339,1.1499,20.946,0.052,-0.006,0.0486661,43.8828
2280,2340,1.1499,20.946,0.052,-0.019,0.0532733,48.0373
2281,2341,1.1499,20.947,0.051,-0.004,0.037658,33.9567
2282,2342,1.1499,20.948,0.05,-0.01,0.0220915,19.9202
2283,2343,1.1499,20.946,0.05,-0.007,0.025881,23.3373
2284,2344,1.1499,20.946,0.051,0.002,0.0142238,12.8257
2285,2345,1.1499,20.948,0.051,0,0.0257006,23.1745
2286,2346,1.1499,20.947,0.052,-0.005,0.0146109,13.1749
2287,2347,1.1499,20.947,0.051,0.004,0.0265177,23.9113
2288,2348,1.1499,20.948,0.052,0.001,0.0510443,46.0274
2289,2349,1.1499,20.948,0.052,-0.001,0.0541003,48.783
2290,2350,1.1499,20.948,0.051,-0.017,0.0319433,28.8037
2291,2351,1.1499,20.945,0.051,-0.02,0.0411847,37.1367
2292,2352,1.1599,20.945,0.052,-0.011,0.0178368,16.0837
2293,2353,1.1599,20.946,0.051,-0.002,0.0283735,25.5848
2294,2354,1.1599,20.947,0.052,0,0.0165112,14.8884
2295,2355,1.1599,20.946,0.051,0.01,0.0189156,17.0564
2296,2356,1.1599,20.946,0.051,-0.004,0.0360424,32.4999
2297,2357,1.1599,20.947,0.051,0.001,0.0318654,28.7334
2298,2358,1.1599,20.948,0.051,-0.01,0.0292891,26.4104
2299,2359,1.1599,20.948,0.05,-0.023,0.043546,39.266
2300,2360,1.1599,20.946,0.051,-0.03,0.0395681,35.6791
2301,2361,1.1599,20.947,0.051,-0.01,0.0268344,24.1969
2302,2362,1.1599,20.947,0.052,-0.023,0.0210253,18.9588
2303,2363,1.17,20.948,0.052,-0.003,0,0
2304,2364,1.17,20.948,0.052,-0.003,0.0048677,4.3892
2305,2365,1.17,20.946,0.052,0.008,0.0052669,4.7492
2306,2366,1.17,20.946,0.051,0.006,0.0164503,14.8335
2307,2367,1.1801,20.946,0.051,-0.009,0.03368,30.3697
2308,2368,1.1801,20.946,0.052,-0.001,0.0227764,20.5378
2309,2369,1.17,20.945,0.051,-0.004,0.0341691,30.8107
2310,2370,1.17,20.946,0.052,-0.016,0.0297222,26.8009
2311,2371,1.17,20.946,0.051,-0.018,0.0475577,42.8834
2312,2372,1.17,20.947,0.05,-0.01,0.036463,32.8791
2313,2373,1.17,20.948,0.051,0.006,0.0454166,40.9527
2314,2374,1.17,20.946,0.051,0.011,0.0155783,14.0471
2315,2375,1.17,20.949,0.051,0.015,0.0198312,17.882
2316,2376,1.17,20.947,0.051,0.01,0.0174604,15.7443
2317,2377,1.17,20.948,0.052,0.004,0.0264335,23.8354
2318,2378,1.17,20.947,0.052,-0.003,0.0231051,20.8342
2319,2379,1.17,20.945,0.052,0.002,0.0405581,36.5718
2320,2380,1.17,20.946,0.052,-0.008,0.0299894,27.0418
2321,2381,1.17,20.946,0.052,-0.014,0.0367639,33.1505
2322,2382,1.17,20.948,0.051,-0.021,0.0248389,22.3976
2323,2383,1.17,20.946,0.051,-0.01,0.0286086,25.7968
2324,2384,1.17,20.946,0.051,-0.013,0.0232678,20.9809
2325,2385,1.17,20.945,0.052,0.005,0.0186452,16.8126
2326,2386,1.1801,20.947,0.051,0.005,0.0327297,29.5128
2327,2387,1.1801,20.946,0.05,0.003,0.0273631,24.6737
2328,2388,1.1801,20.947,0.051,0.001,0.0360391,32.4969
2329,2389,1.1801,20.946,0.051,-0.002,0.0439333,39.6153
2330,2390,1.1801,20.947,0.051,-0.023,0.039727,35.8224
2331,2391,1.1801,20.948,0.051,-0.008,0.0361865,32.6299
2332,2392,1.1901,20.947,0.052,-0.005,0.0298719,26.9359
2333,2393,1.1901,20.945,0.05,-0.005,0.023423,21.1208
2334,2394,1.1901,20.947,0.051,-0.006,0.024449,22.046
2335,2395,1.1801,20.947,0.051,-0.002,0.0232916,21.0023
2336,2396,1.1801,20.947,0.051,0.002,0.019204,17.3165
2337,2397,1.1901,20.947,0.051,-0.006,0.0163901,14.7792
2338,2398,1.1901,20.946,0.052,-0.001,0.0190658,17.1919
2339,2399,1.1901,20.946,0.051,-0.015,0.0239245,21.573
2340,2400,1.1901,20.947,0.051,-0.021,0.0261996,23.6245
2341,2401,1.1901,20.947,0.052,-0.008,0.0364228,32.8429
2342,2402,1.1901,20.945,0.052,-0.01,0.0272408,24.5634
2343,2403,1.1901,20.946,0.052,-0.009,0.0303642,27.3798
2344,2404,1.1901,20.947,0.051,-0.003,0.0052326,4.7183
2345,2405,1.1901,20.947,0.051,-0.003,0.002514,2.2669
2346,2406,1.1901,20.947,0.051,0.003,0.0300693,27.1139
2347,2407,1.1901,20.946,0.051,0.002,0.0338008,30.4786
2348,2408,1.1901,20.947,0.051,0.009,0.0504908,45.5282
2349,2409,1.1801,20.946,0.052,0.002,0.044006,39.6808
2350,2410,1.1801,20.947,0.052,-0.004,0.0577546,52.0781
2351,2411,1.1801,20.947,0.052,-0.006,0.0354406,31.9572
2352,2412,1.1901,20.947,0.052,-0.015,0.0322551,29.0849
2353,2413,1.1901,20.947,0.052,-0.007,0.0282872,25.5069
2354,2414,1.1901,20.947,0.052,-0.005,0.0292819,26.4039
2355,2415,1.1901,20.946,0.051,0.009,0.0078595,7.0871
2356,2416,1.1901,20.948,0.051,0.022,0.0207008,18.6662
2357,2417,1.1901,20.946,0.052,-0.004,0,0
2358,2418,1.1901,20.946,0.051,-0.003,0.0256512,23.13
2359,2419,1.1901,20.945,0.051,-0.023,0.0205772,18.5548
2360,2420,1.1901,20.946,0.051,-0.017,0.0365834,32.9877
2361,2421,1.1901,20.946,0.051,-0.024,0.0447218,40.3262
2362,2422,1.1901,20.945,0.051,-0.013,0.0434935,39.2187
2363,2423,1.1901,20.947,0.051,-0.006,0.0444871,40.1147
2364,2424,1.1901,20.946,0.051,-0.007,0.0279824,25.2321
2365,2425,1.1901,20.947,0.051,-0.003,0.0168596,15.2025
2366,2426,1.1901,20.946,0.051,0.017,0.0239258,21.5742
2367,2427,1.1901,20.946,0.051,0.01,0.0114382,10.314
2368,2428,1.1901,20.945,0.051,0.021,0.0236617,21.3361
2369,2429,1.1901,20.947,0.052,-0.004,0.0336634,30.3547
2370,2430,1.2001,20.947,0.052,0.004,0.0409076,36.8869
2371,2431,1.2001,20.946,0.051,-0.006,0.0448332,40.4267
2372,2432,1.2001,20.945,0.052,-0.017,0.02964,26.7268
2373,2433,1.2001,20.946,0.052,-0.017,0.0253507,22.8591
2374,2434,1.2001,20.946,0.052,-0.013,0.0200079,18.0414
2375,2435,1.2001,20.945,0.052,0.002,0.0123004,11.0914
2376,2436,1.2001,20.945,0.051,0.008,0.0273142,24.6296
2377,2437,1.2001,20.946,0.051,0.002,0.0016789,1.5139
2378,2438,1.2001,20.946,0.051,0.009,0.0146488,13.209
2379,2439,1.2001,20.947,0.051,-0.002,0.007205,6.4969
2380,2440,1.2001,20.947,0.05,-0.012,0.0434479,39.1775
2381,2441,1.2001,20.947,0.051,-0.017,0.0383655,34.5947
2382,2442,1.21,20.947,0.051,-0.023,0.0444612,40.0912
2383,2443,1.21,20.947,0.051,-0.008,0.0359403,32.4078
2384,2444,1.21,20.947,0.051,0.001,0.0484322,43.672
2385,2445,1.21,20.946,0.052,0.001,0.023933,21.5807
2386,2446,1.21,20.947,0.052,0.012,0.0307918,27.7653
2387,2447,1.21,20.946,0.051,-0.002,0.0114538,10.3281
2388,2448,1.21,20.946,0.052,0.018,0.0298559,26.9215
2389,2449,1.21,20.947,0.052,0.005,0.0226505,20.4242
2390,2450,1.21,20.947,0.051,0.012,0.0499608,45.0504
2391,2451,1.21,20.947,0.052,-0.016,0.029344,26.4599
2392,2452,1.21,20.946,0.052,-0.008,0.0384118,34.6364
2393,2453,1.21,20.945,0.051,-0.013,0.0361302,32.579
2394,2454,1.21,20.945,0.051,-0.009,0.033791,30.4698
2395,2455,1.21,20.946,0.052,-0.011,0.0138095,12.4522
2396,2456,1.21,20.944,0.051,0.001,0.0048505,4.3738
2397,2457,1.21,20.946,0.051,-0.014,0,0
2398,2458,1.21,20.948,0.051,0.009,0.0277493,25.0219
2399,2459,1.21,20.947,0.051,-0.008,0.0210917,19.0186
2400,2460,1.21,20.947,0.052,0.003,0.0296927,26.7743
2401,2461,1.22,20.946,0.052,-0.018,0.037019,33.3805
2402,2462,1.22,20.945,0.051,-0.009,0.043757,39.4563
2403,2463,1.22,20.947,0.051,-0.016,0.0273356,24.6489
2404,2464,1.22,20.947,0.052,-0.009,0.0263315,23.7435
2405,2465,1.22,20.946,0.052,-0.003,0.0213247,19.2287
2406,2466,1.23,20.945,0.051,0.015,0.0286739,25.8557
2407,2467,1.23,20.945,0.052,0.015,0.013651,12.3093
2408,2468,1.23,20.947,0.051,0.023,0.0319775,28.8345
2409,2469,1.23,20.947,0.051,-0.002,0.0176151,15.8837
2410,2470,1.23,20.946,0.051,0,0.0486484,43.8669
2411,2471,1.22,20.947,0.051,-0.008,0.0265032,23.8983
2412,2472,1.22,20.947,0.052,-0.01,0.0300587,27.1044
2413,2473,1.22,20.946,0.052,-0.012,0.0303932,27.4059
2414,2474,1.22,20.945,0.051,-0.002,0.0200414,18.0716
2415,2475,1.23,20.946,0.051,-0.005,0.0250844,22.619
2416,2476,1.23,20.947,0.051,0,0.004873,4.3941
2417,2477,1.23,20.947,0.051,-0.002,0.0142341,12.8351
2418,2478,1.23,20.946,0.051,0.002,0.0189445,17.0825
2419,2479,1.23,20.948,0.051,-0.006,0.0157391,14.1921
2420,2480,1.22,20.946,0.052,0.008,0.0366485,33.0464
2421,2481,1.22,20.946,0.052,-0.017,0.0220195,19.8553
2422,2482,1.22,20.945,0.051,-0.006,0.0208843,18.8317
2423,2483,1.22,20.947,0.051,-0.008,0.0229845,20.7255
2424,2484,1.22,20.947,0.051,-0.004,0.0243394,21.9471
2425,2485,1.22,20.946,0.051,0.001,0.0230279,20.7645
2426,2486,1.22,20.947,0.051,0.006,0.03046,27.4662
2427,2487,1.23,20.945,0.052,0.015,0.0206238,18.5968
2428,2488,1.23,20.947,0.053,0.015,0.0198852,17.9307
2429,2489,1.23,20.945,0.052,0.014,0.0168467,15.1909
2430,2490,1.23,20.944,0.052,0.018,0.0309107,27.8726
2431,2491,1.23,20.944,0.051,-0.006,0.0306212,27.6115
2432,2492,1.23,20.945,0.051,0.004,0.029603,26.6934
2433,2493,1.23,20.946,0.051,0.005,0.029095,26.2354
2434,2494,1.23,20.946,0.052,0.003,0.02401,21.6501
2435,2495,1.23,20.946,0.052,-0.004,0.0183571,16.5528
2436,2496,1.23,20.947,0.052,0.002,0.0046458,4.1892
2437,2497,1.23,20.946,0.052,-0.01,0.0161869,14.596
2438,2498,1.23,20.947,0.052,0.009,0.0145897,13.1558
2439,2499,1.23,20.945,0.052,0.005,0.0090086,8.1232
2440,2500,1.23,20.946,0.052,0.003,0.0238859,21.5383
2441,2501,1.23,20.947,0.051,-0.006,0.024449,22.046
2442,2502,1.23,20.946,0.051,-0.004,0.0478599,43.1559
2443,2503,1.24,20.946,0.051,-0.003,0.0472066,42.5668
2444,2504,1.24,20.946,0.051,0.002,0.0390256,35.1899
2445,2505,1.24,20.945,0.052,0.007,0.0260733,23.5106
2446,2506,1.24,20.945,0.052,0.006,0.0213984,19.2952
2447,2507,1.24,20.946,0.052,0.019,0.0035189,3.173
2448,2508,1.24,20.946,0.051,0.013,0.0216768,19.5462
2449,2509,1.24,20.945,0.051,0.006,0.0171237,15.4407
2450,2510,1.24,20.947,0.05,0.016,0.039057,35.2182
2451,2511,1.24,20.946,0.051,-0.002,0.0338118,30.4885
2452,2512,1.24,20.947,0.052,-0.003,0.0244083,22.0093
2453,2513,1.24,20.947,0.051,-0.011,0.0497134,44.8272
2454,2514,1.24,20.944,0.052,-0.015,0.0336008,30.2983
2455,2515,1.24,20.945,0.051,-0.009,0.0175026,15.7824
2456,2516,1.24,20.945,0.051,0,0.0259192,23.3717
2457,2517,1.24,20.946,0.052,0,0,0
2458,2518,1.24,20.947,0.051,0.02,0.0069328,6.2514
2459,2519,1.24,20.946,0.051,0.004,0.0282206,25.4469
2460,2520,1.24,20.946,0.051,0.008,0.0228919,20.6419
2461,2521,1.24,20.946,0.051,-0.012,0.0095332,8.5962
2462,2522,1.24,20.946,0.052,-0.012,0.0313223,28.2437
2463,2523,1.24,20.947,0.052,0.001,0.0419412,37.8189
2464,2524,1.24,20.946,0.051,-0.013,0.0317429,28.623
2465,2525,1.24,20.944,0.051,-0.002,0.0419706,37.8454
2466,2526,1.25,20.945,0.051,0.008,0.0365636,32.9699
2467,2527,1.25,20.946,0.052,0.005,0.0246732,22.2482
2468,2528,1.25,20.945,0.051,0.019,0.0194075,17.5
2469,2529,1.25,20.947,0.051,0.013,0.0217238,19.5887
2470,2530,1.25,20.947,0.051,0.003,0.0187666,16.9221
2471,2531,1.25,20.945,0.051,0.003,0.0322667,29.0953
2472,2532,1.25,20.946,0.052,0.006,0.0457507,41.254
2473,2533,1.25,20.948,0.051,-0.011,0.042041,37.9089
2474,2534,1.25,20.947,0.051,-0.014,0.028249,25.4725
2475,2535,1.25,20.946,0.051,-0.005,0.0251239,22.6546
2476,2536,1.25,20.946,0.051,-0.01,0.0062965,5.6776
2477,2537,1.25,20.945,0.051,-0.014,0,0
2478,2538,1.25,20.947,0.051,-0.008,0.0109393,9.8641
2479,2539,1.25,20.948,0.05,-0.008,0.0058341,5.2606
2480,2540,1.26,20.949,0.05,0.005,0.0178407,16.0872
2481,2541,1.26,20.946,0.051,0.008,0.0132721,11.9676
2482,2542,1.26,20.946,0.051,-0.01,0.0223136,20.1205
2483,2543,1.26,20.947,0.051,-0.008,0.0289453,26.1004
2484,2544,1.26,20.944,0.051,-0.01,0.045887,41.3769
2485,2545,1.26,20.945,0.051,-0.002,0.0462873,41.7379
2486,2546,1.26,20.946,0.051,-0.004,0.0337735,30.454
2487,2547,1.26,20.947,0.051,0.009,0.0445148,40.1396
2488,2548,1.26,20.948,0.051,0.022,0.0224365,20.2313
2489,2549,1.26,20.947,0.051,0.014,0.023642,21.3183
2490,2550,1.26,20.946,0.052,0.019,0.0215393,19.4223
2491,2551,1.26,20.946,0.052,0.002,0.0238306,21.4884
2492,2552,1.26,20.947,0.052,0.006,0.0324592,29.2689
2493,2553,1.26,20.947,0.052,-0.002,0.0232871,20.9983
2494,2554,1.26,20.947,0.052,-0.008,0.0263483,23.7586
2495,2555,1.26,20.947,0.051,-0.019,0.030837,27.8061
2496,2556,1.26,20.946,0.052,-0.015,0.0092166,8.3108
2497,2557,1.26,20.945,0.052,-0.008,0.0132154,11.9165
2498,2558,1.26,20.946,0.052,-0.009,0.0045809,4.1307
2499,2559,1.26,20.944,0.052,0.007,0.0163023,14.7
2500,2560,1.26,20.945,0.053,0.006,0.0164087,14.7959
2501,2561,1.26,20.945,0.052,0.007,0.0326485,29.4396
2502,2562,1.26,20.945,0.052,0.001,0.0366113,33.0129
2503,2563,1.26,20.946,0.051,-0.011,0.058925,53.1335
2504,2564,1.26,20.947,0.052,0.003,0.0393929,35.5211
2505,2565,1.27,20.946,0.052,-0.001,0.034643,31.238
2506,2566,1.27,20.946,0.052,-0.005,0.0342051,30.8432
2507,2567,1.27,20.946,0.053,0.01,0.0325207,29.3243
2508,2568,1.27,20.947,0.052,0.01,0.0214984,19.3854
2509,2569,1.27,20.946,0.052,0.019,0.0299104,26.9706
2510,2570,1.27,20.946,0.053,0.008,0.0312341,28.1642
2511,2571,1.27,20.946,0.051,0.012,0.035127,31.6745
2512,2572,1.27,20.945,0.052,-0.001,0.0321657,29.0042
2513,2573,1.27,20.945,0.052,-0.01,0.044,39.6754
2514,2574,1.27,20.946,0.051,-0.027,0.022976,20.7178
2515,2575,1.27,20.945,0.051,-0.013,0.0335162,30.222
2516,2576,1.27,20.946,0.052,-0.012,0.021099,19.0252
2517,2577,1.27,20.947,0.051,-0.008,0.0198196,17.8716
2518,2578,1.27,20.946,0.052,-0.006,0.0112637,10.1566
2519,2579,1.27,20.946,0.051,0.003,0.0134964,12.1699
2520,2580,1.2801,20.946,0.051,0.001,0.0195752,17.6512
2521,2581,1.2801,20.945,0.052,0.005,0.0294563,26.5611
2522,2582,1.2901,20.944,0.052,-0.004,0.023961,21.6059
2523,2583,1.2901,20.945,0.052,-0.002,0.0555956,50.1313
2524,2584,1.2801,20.945,0.052,-0.013,0.0448943,40.4818
2525,2585,1.2801,20.945,0.052,0.002,0.0528838,47.6861
2526,2586,1.2801,20.946,0.052,-0.003,0.0397822,35.8721
2527,2587,1.2801,20.945,0.052,0.008,0.0391788,35.3281
2528,2588,1.2801,20.945,0.052,0.005,0.0155492,14.0209
2529,2589,1.2801,20.946,0.051,0.013,0.0349133,31.4817
2530,2590,1.2801,20.946,0.051,0.012,0.0178091,16.0587
2531,2591,1.2801,20.946,0.052,0.006,0.0324568,29.2668
2532,2592,1.2801,20.946,0.052,-0.009,0.0182411,16.4482
2533,2593,1.2801,20.947,0.052,-0.004,0.0398108,35.8979
2534,2594,1.2801,20.947,0.052,-0.029,0.0175982,15.8685
2535,2595,1.2801,20.946,0.051,-0.018,0.0372543,33.5927
2536,2596,1.2801,20.946,0.051,-0.024,0.0153325,13.8255
2537,2597,1.2801,20.946,0.051,-0.008,0.0177974,16.0482
2538,2598,1.2801,20.945,0.052,-0.008,0.0011449,1.0324
2539,2599,1.2801,20.945,0.052,0.009,0.0003377,0.3045
2540,2600,1.2801,20.946,0.052,-0.009,0.0224006,20.1989
2541,2601,1.2901,20.946,0.052,0.002,0.0258844,23.3403
2542,2602,1.2901,20.947,0.052,-0.007,0.0103989,9.3768
2543,2603,1.2901,20.946,0.052,0.006,0.0311879,28.1226
2544,2604,1.2901,20.946,0.052,-0.004,0.0268548,24.2154
2545,2605,1.2901,20.944,0.052,0.007,0.0443308,39.9737
2546,2606,1.2901,20.946,0.052,-0.011,0.0250996,22.6327
2547,2607,1.2901,20.946,0.052,0.009,0.0341744,30.8155
2548,2608,1.2901,20.946,0.052,0.007,0.020515,18.4986
2549,2609,1.2901,20.946,0.052,0.027,0.0249389,22.4877
2550,2610,1.2901,20.945,0.051,0.023,0.017643,15.9089
2551,2611,1.2901,20.946,0.051,0.013,0.0191875,17.3016
2552,2612,1.2901,20.944,0.051,0.01,0.0226277,20.4037
2553,2613,1.2901,20.944,0.051,0.01,0.0364026,32.8247
2554,2614,1.2901,20.947,0.052,-0.005,0.028472,25.6736
2555,2615,1.3001,20.946,0.052,-0.002,0.0373614,33.6893
2556,2616,1.3001,20.946,0.052,-0.018,0.0186754,16.8399
2557,2617,1.3001,20.946,0.051,0,0.0193877,17.4822
2558,2618,1.3001,20.946,0.052,-0.008,0.0059425,5.3585
2559,2619,1.3001,20.946,0.052,0.009,0.0073286,6.6083
2560,2620,1.3001,20.945,0.052,0.005,0.0260938,23.5291
2561,2621,1.3001,20.945,0.052,0.007,0.0301919,27.2244
2562,2622,1.3001,20.946,0.051,0.001,0.0135102,12.1823
2563,2623,1.3001,20.947,0.051,0.008,0.0250129,22.5545
2564,2624,1.3001,20.945,0.051,-0.009,0.0252254,22.7461
2565,2625,1.3001,20.946,0.051,-0.002,0.0457263,41.2321
2566,2626,1.3001,20.946,0.051,-0.015,0.0350769,31.6293
2567,2627,1.3001,20.947,0.052,0.002,0.0313873,28.3023
2568,2628,1.3001,20.947,0.052,0.005,0.0251589,22.6861
2569,2629,1.3001,20.946,0.053,0.013,0.0236558,21.3307
2570,2630,1.3001,20.947,0.053,0.006,0.0048954,4.4142
2571,2631,1.3001,20.948,0.052,0.003,0.033036,29.789
2572,2632,1.3001,20.945,0.052,-0.005,0.0208803,18.828
2573,2633,1.3001,20.946,0.052,0.011,0.0336234,30.3187
2574,2634,1.31,20.946,0.052,0,0.0265907,23.9772
2575,2635,1.31,20.946,0.052,0,0.0335306,30.235
2576,2636,1.31,20.946,0.051,-0.019,0.0397224,35.8182
2577,2637,1.31,20.946,0.051,-0.009,0.045465,40.9964
2578,2638,1.31,20.946,0.052,-0.009,0.0157407,14.1936
2579,2639,1.31,20.947,0.052,0,0.0380835,34.3404
2580,2640,1.31,20.946,0.052,0.001,0.0377208,34.0133
2581,2641,1.31,20.946,0.052,0.014,0.0233583,21.0625
2582,2642,1.31,20.947,0.051,-0.008,0.0077974,7.031
2583,2643,1.31,20.946,0.051,0.005,0.0261606,23.5894
2584,2644,1.31,20.946,0.052,-0.007,0.0281974,25.426
2585,2645,1.31,20.946,0.052,-0.001,0.0459909,41.4706
2586,2646,1.31,20.946,0.052,-0.008,0.0338027,30.4803
2587,2647,1.31,20.946,0.052,-0.009,0.0378089,34.0928
2588,2648,1.32,20.945,0.052,-0.009,0.0295108,26.6103
2589,2649,1.32,20.944,0.052,0.009,0.0377764,34.0635
2590,2650,1.32,20.946,0.051,-0.007,0.0292309,26.3579
2591,2651,1.32,20.945,0.051,-0.001,0.0282282,25.4538
2592,2652,1.32,20.944,0.052,0.007,0.0122942,11.0858
2593,2653,1.32,20.945,0.052,0.016,0.0203219,18.3245
2594,2654,1.32,20.946,0.052,-0.001,0.0353741,31.8973
2595,2655,1.32,20.946,0.051,-0.003,0.0470187,42.3974
2596,2656,1.32,20.946,0.051,-0.018,0.0262713,23.6892
2597,2657,1.32,20.946,0.051,-0.007,0.0383656,34.5948
2598,2658,1.32,20.946,0.051,-0.011,0.0276761,24.9559
2599,2659,1.32,20.946,0.052,-0.003,0.023393,21.0938
2600,2660,1.32,20.946,0.052,-0.007,0.0232409,20.9567
2601,2661,1.33,20.945,0.052,-0.004,0.0204559,18.4454
2602,2662,1.33,20.946,0.051,-0.003,0.0195908,17.6653
2603,2663,1.33,20.946,0.052,0.008,0.0349133,31.4817
2604,2664,1.33,20.947,0.051,-0.005,0.0300401,27.0875
2605,2665,1.33,20.948,0.053,-0.008,0.0448962,40.4835
2606,2666,1.33,20.946,0.052,-0.017,0.0338993,30.5674
2607,2667,1.33,20.945,0.052,-0.001,0.0325609,29.3606
2608,2668,1.33,20.946,0.052,-0.012,0.0268765,24.2349
2609,2669,1.33,20.946,0.051,-0.007,0.0332853,30.0138
2610,2670,1.33,20.947,0.052,-0.002,0.0184228,16.6121
2611,2671,1.33,20.947,0.051,0.002,0.0024785,2.2349
2612,2672,1.33,20.946,0.051,0.005,0.01733,15.6267
2613,2673,1.33,20.946,0.052,0.006,0.0227217,20.4884
2614,2674,1.33,20.946,0.052,-0.009,0.0485005,43.7335
2615,2675,1.33,20.946,0.052,-0.009,0.0497646,44.8734
2616,2676,1.33,20.947,0.052,-0.019,0.0223764,20.1771
2617,2677,1.33,20.946,0.052,-0.008,0.0318489,28.7186
2618,2678,1.33,20.946,0.052,-0.002,0.0333349,30.0586
2619,2679,1.33,20.945,0.052,0.003,0.0336728,30.3632
2620,2680,1.33,20.945,0.052,-0.003,0.0195509,17.6293
2621,2681,1.33,20.945,0.052,0.011,0.0225111,20.2986
2622,2682,1.33,20.945,0.051,0.021,0.0236685,21.3422
2623,2683,1.33,20.946,0.052,0.008,0.0252083,22.7307
2624,2684,1.33,20.946,0.052,0.002,0.0539205,48.6208
2625,2685,1.33,20.946,0.051,-0.017,0.0514404,46.3845
2626,2686,1.33,20.945,0.052,-0.022,0.0302888,27.3118
2627,2687,1.34,20.946,0.052,-0.002,0.0396006,35.7084
2628,2688,1.34,20.947,0.052,-0.006,0.0392508,35.3929
2629,2689,1.34,20.946,0.051,-0.003,0.0255068,22.9999
2630,2690,1.34,20.945,0.052,-0.002,0.0280314,25.2763
2631,2691,1.34,20.945,0.051,0.01,0.0206881,18.6547
2632,2692,1.34,20.945,0.051,0.008,0.022693,20.4626
2633,2693,1.34,20.945,0.051,-0.002,0.0255117,23.0042
2634,2694,1.34,20.947,0.051,0.001,0.0306096,27.6011
2635,2695,1.34,20.946,0.052,-0.021,0.0312328,28.1631
2636,2696,1.34,20.945,0.052,-0.025,0.0326213,29.4151
2637,2697,1.34,20.946,0.051,-0.005,0.0332787,30.0079
2638,2698,1.34,20.946,0.051,-0.008,0.040593,36.6033
2639,2699,1.34,20.945,0.051,-0.008,0.0197949,17.8493
2640,2700,1.34,20.945,0.052,0.001,0.0175757,15.8482
2641,2701,1.34,20.946,0.052,-0.003,0.0132585,11.9554
2642,2702,1.34,20.946,0.052,0.009,0.0142611,12.8594
2643,2703,1.35,20.945,0.051,0.007,0.0102573,9.2491
2644,2704,1.35,20.945,0.052,0.001,0.0470452,42.4212
2645,2705,1.35,20.946,0.052,-0.01,0.0365979,33.0008
2646,2706,1.35,20.947,0.052,-0.006,0.0459922,41.4718
2647,2707,1.35,20.946,0.052,-0.007,0.0379664,34.2348
2648,2708,1.35,20.946,0.052,-0.003,0.0303363,27.3547
2649,2709,1.35,20.945,0.051,-0.009,0.0167686,15.1205
2650,2710,1.35,20.945,0.052,0.006,0.0082446,7.4343
2651,2711,1.36,20.946,0.051,0.007,0.0165994,14.9679
2652,2712,1.36,20.946,0.051,0.012,0.0237685,21.4324
2653,2713,1.36,20.946,0.052,0.011,0.0226371,20.4122
2654,2714,1.36,20.946,0.052,0.009,0.040317,36.3543
2655,2715,1.36,20.947,0.052,-0.017,0.0289537,26.1079
2656,2716,1.36,20.945,0.052,-0.006,0.0434295,39.161
2657,2717,1.36,20.945,0.052,-0.018,0.039449,35.5717
2658,2718,1.36,20.946,0.051,-0.012,0.0306118,27.603
2659,2719,1.36,20.946,0.051,-0.009,0.0288223,25.9894
2660,2720,1.36,20.947,0.052,0.004,0.0156409,14.1036
2661,2721,1.36,20.947,0.051,0.006,0.0067793,6.113
2662,2722,1.36,20.948,0.052,0.014,0.0081019,7.3056
2663,2723,1.36,20.945,0.052,0.006,0.0092784,8.3664
2664,2724,1.36,20.945,0.052,0.007,0.0439857,39.6625
2665,2725,1.36,20.945,0.052,-0.01,0.0336805,30.3702
2666,2726,1.36,20.945,0.052,-0.008,0.054088,48.7719
2667,2727,1.36,20.947,0.052,-0.017,0.045164,40.725
2668,2728,1.36,20.946,0.053,-0.008,0.0381676,34.4163
2669,2729,1.36,20.945,0.052,-0.006,0.0361134,32.5639
2670,2730,1.36,20.946,0.051,0.001,0.0443262,39.9695
2671,2731,1.36,20.945,0.051,0.01,0.0174,15.6898
2672,2732,1.36,20.946,0.051,0.018,0.0208303,18.783
2673,2733,1.36,20.946,0.052,0.012,0.016542,14.9162
2674,2734,1.36,20.947,0.052,0.01,0.0156211,14.0858
2675,2735,1.36,20.947,0.052,-0.017,0.020631,18.6032
2676,2736,1.36,20.946,0.052,-0.008,0.0403253,36.3619
2677,2737,1.36,20.946,0.052,-0.026,0.0405979,36.6077
2678,2738,1.36,20.946,0.052,-0.019,0.0411664,37.1203
2679,2739,1.36,20.946,0.052,-0.008,0.0263394,23.7506
2680,2740,1.37,20.945,0.052,-0.006,0.0240657,21.7004
2681,2741,1.37,20.945,0.052,-0.008,0.0112281,10.1245
2682,2742,1.38,20.944,0.052,0.012,0.0269351,24.2877
2683,2743,1.38,20.945,0.052,0.004,0.0048559,4.3786
2684,2744,1.37,20.946,0.053,0.008,0.0269438,24.2956
2685,2745,1.37,20.946,0.052,0.008,0.0314114,28.3241
2686,2746,1.37,20.946,0.052,0.004,0.044966,40.5465
2687,2747,1.37,20.946,0.052,-0.014,0.0482547,43.5119
2688,2748,1.37,20.946,0.051,-0.019,0.0426061,38.4185
2689,2749,1.37,20.947,0.051,-0.01,0.0247749,22.3399
2690,2750,1.37,20.945,0.052,-0.005,0.0035064,3.1618
2691,2751,1.37,20.947,0.052,0.001,0.024917,22.468
2692,2752,1.37,20.946,0.052,0.013,0.0121781,10.9811
2693,2753,1.37,20.946,0.053,0.003,0,0
2694,2754,1.37,20.945,0.052,0.013,0.0317493,28.6287
2695,2755,1.37,20.947,0.052,-0.011,0.0133594,12.0464
2696,2756,1.37,20.948,0.052,-0.006,0.0345517,31.1557
2697,2757,1.37,20.946,0.052,-0.023,0.0304606,27.4667
2698,2758,1.37,20.947,0.052,-0.012,0.0359652,32.4303
2699,2759,1.38,20.944,0.052,-0.016,0.0318828,28.7491
2700,2760,1.38,20.946,0.053,-0.005,0.0129416,11.6696
2701,2761,1.38,20.947,0.052,0.019,0.0110514,9.9652
2702,2762,1.38,20.946,0.052,0.005,0.0198408,17.8908
2703,2763,1.38,20.945,0.052,0.017,0.0121389,10.9458
2704,2764,1.38,20.945,0.052,0.019,0.0362352,32.6738
2705,2765,1.38,20.947,0.052,-0.002,0.0319719,28.8295
2706,2766,1.38,20.945,0.052,0.011,0.0236505,21.326
2707,2767,1.38,20.946,0.052,-0.013,0.0425104,38.3322
2708,2768,1.38,20.947,0.052,-0.005,0.0434111,39.1444
2709,2769,1.38,20.946,0.052,-0.01,0.035541,32.0478
2710,2770,1.38,20.946,0.051,-0.006,0.023827,21.4851
2711,2771,1.38,20.946,0.052,0.012,0.0187044,16.866
2712,2772,1.38,20.946,0.052,0.013,0.027313,24.6285
2713,2773,1.39,20.946,0.052,0.005,0.0078738,7.0999
2714,2774,1.39,20.946,0.051,0.012,0.0265604,23.9498
2715,2775,1.39,20.946,0.052,-0.009,0.0164692,14.8505
2716,2776,1.39,20.946,0.052,-0.006,0.0397382,35.8324
2717,2777,1.39,20.946,0.052,-0.008,0.027403,24.7096
2718,2778,1.39,20.948,0.052,-0.021,0.0261327,23.5642
2719,2779,1.4001,20.947,0.052,-0.007,0.0183648,16.5598
2720,2780,1.4001,20.944,0.052,-0.005,0.0243059,21.9169
2721,2781,1.39,20.945,0.052,-0.004,0.0188629,17.009
2722,2782,1.39,20.947,0.052,0.006,0.0201825,18.1988
2723,2783,1.39,20.946,0.052,0.003,0.0049187,4.4353
2724,2784,1.39,20.945,0.052,0.016,0.0357022,32.1931
2725,2785,1.39,20.946,0.052,-0.006,0.0295751,26.6682
2726,2786,1.39,20.947,0.052,0.003,0.0637168,57.4543
2727,2787,1.39,20.947,0.052,-0.009,0.0365508,32.9584
2728,2788,1.39,20.945,0.051,-0.007,0.0484814,43.7163
2729,2789,1.39,20.947,0.051,0,0.0395917,35.7004
2730,2790,1.39,20.946,0.052,0.007,0.0405052,36.5241
2731,2791,1.39,20.946,0.051,-0.004,0.0203425,18.3431
2732,2792,1.4001,20.947,0.052,0.007,0.0014333,1.2924
2733,2793,1.4001,20.946,0.052,-0.005,0.0013966,1.2594
2734,2794,1.4001,20.948,0.052,0.014,0.0157804,14.2294
2735,2795,1.4001,20.947,0.051,-0.005,0.0109476,9.8716
2736,2796,1.4001,20.945,0.051,0.001,0.0275001,24.7972
2737,2797,1.4001,20.945,0.052,-0.025,0.0323914,29.2078
2738,2798,1.4001,20.944,0.052,-0.006,0.0403529,36.3867
2739,2799,1.4099,20.945,0.052,-0.017,0.0410604,37.0247
2740,2800,1.4099,20.945,0.052,-0.008,0.0248389,22.3976
2741,2801,1.4099,20.945,0.052,-0.01,0.0351544,31.6992
2742,2802,1.4099,20.945,0.053,0.009,0.0219853,19.8244
2743,2803,1.4099,20.945,0.053,0.021,0.0114477,10.3226
2744,2804,1.4099,20.946,0.052,0.021,0.0283707,25.5823
2745,2805,1.4099,20.946,0.052,0.004,0.0262614,23.6802
2746,2806,1.4099,20.947,0.052,0.013,0.0369001,33.2733
2747,2807,1.4099,20.946,0.051,-0.007,0.0398595,35.9418
2748,2808,1.4099,20.947,0.052,-0.006,0.0296038,26.6941
2749,2809,1.4099,20.946,0.051,-0.014,0.0339325,30.5974
2750,2810,1.4099,20.946,0.051,-0.018,0.0172079,15.5166
2751,2811,1.4099,20.947,0.051,0.001,0.0067415,6.0789
2752,2812,1.4099,20.946,0.051,-0.008,0.0241257,21.7545
2753,2813,1.4099,20.946,0.052,0.004,0.0014127,1.2739
2754,2814,1.4099,20.946,0.052,0.008,0.0121918,10.9935
2755,2815,1.4099,20.947,0.052,-0.003,0.019507,17.5897
2756,2816,1.4099,20.946,0.051,0.004,0.0553611,49.9198
2757,2817,1.4099,20.945,0.051,-0.01,0.0442368,39.8889
2758,2818,1.4099,20.946,0.051,-0.013,0.0244233,22.0228
2759,2819,1.4099,20.946,0.051,-0.003,0.0421488,38.0061
2760,2820,1.4099,20.946,0.051,-0.007,0.0368745,33.2503
2761,2821,1.4099,20.946,0.052,0.013,0.0320644,28.9129
2762,2822,1.4099,20.945,0.052,0.017,0.0275985,24.8859
2763,2823,1.4099,20.946,0.053,0.006,0.0347276,31.3144
2764,2824,1.4099,20.945,0.052,0.021,0.0310305,27.9806
2765,2825,1.4099,20.946,0.052,0.017,0.0223848,20.1846
2766,2826,1.42,20.945,0.052,0.01,0.0443162,39.9605
2767,2827,1.42,20.945,0.052,-0.029,0.0456427,41.1566
2768,2828,1.42,20.946,0.052,-0.013,0.0430918,38.8565
2769,2829,1.42,20.945,0.052,0.005,0.0444797,40.1079
2770,2830,1.42,20.945,0.052,-0.011,0.0260197,23.4623
2771,2831,1.42,20.945,0.052,-0.011,0.0238242,21.4826
2772,2832,1.42,20.946,0.052,-0.007,0.0247785,22.3431
2773,2833,1.42,20.946,0.051,-0.007,0.0275222,24.8171
2774,2834,1.42,20.947,0.051,-0.003,0.0195989,17.6726
2775,2835,1.42,20.945,0.051,0,0.0148879,13.4246
2776,2836,1.42,20.945,0.051,-0.001,0.0190496,17.1773
2777,2837,1.42,20.947,0.052,-0.017,0.0278892,25.148
2778,2838,1.42,20.946,0.052,-0.019,0.0252327,22.7527
2779,2839,1.42,20.946,0.052,-0.012,0.0380163,34.2798
2780,2840,1.42,20.945,0.051,-0.013,0.0417865,37.6795
2781,2841,1.42,20.945,0.052,0,0.0453291,40.8738
2782,2842,1.42,20.946,0.052,0.001,0.0326054,29.4007
2783,2843,1.42,20.946,0.052,0.005,0.0261923,23.618
2784,2844,1.42,20.945,0.052,0.007,0.0111,10.009
2785,2845,1.42,20.944,0.052,0.01,0.0081673,7.3646
2786,2846,1.42,20.945,0.052,0.014,0.0144976,13.0727
2787,2847,1.42,20.945,0.052,0.001,0.0382699,34.5085
2788,2848,1.42,20.947,0.052,-0.007,0.0382812,34.5187
2789,2849,1.42,20.947,0.052,-0.005,0.0534501,48.1966
2790,2850,1.43,20.947,0.052,-0.012,0.0264649,23.8637
2791,2851,1.43,20.946,0.051,-0.006,0.0302887,27.3117
2792,2852,1.43,20.944,0.051,-0.012,0.0089672,8.0859
2793,2853,1.43,20.945,0.052,-0.006,0.0154999,13.9765
2794,2854,1.43,20.946,0.052,-0.001,0.0058017,5.2315
2795,2855,1.43,20.946,0.052,0.013,0.0203625,18.3612
2796,2856,1.43,20.946,0.052,0.011,0.0254826,22.978
2797,2857,1.43,20.947,0.053,0.005,0.03509,31.6412
2798,2858,1.43,20.947,0.052,-0.013,0.0350778,31.6301
2799,2859,1.43,20.946,0.052,-0.012,0.0557761,50.294
2800,2860,1.43,20.946,0.053,-0.022,0.032921,29.6853
2801,2861,1.43,20.945,0.052,-0.003,0.040953,36.9279
2802,2862,1.43,20.946,0.053,0.005,0.0210506,18.9816
2803,2863,1.43,20.944,0.052,0.014,0.0306543,27.6414
2804,2864,1.43,20.946,0.052,0.009,0.0183891,16.5817
2805,2865,1.43,20.946,0.053,0.018,0.0067841,6.1173
2806,2866,1.43,20.946,0.052,0.008,0.014119,12.7313
2807,2867,1.43,20.945,0.052,0.004,0.0229975,20.7371
2808,2868,1.43,20.945,0.052,-0.005,0.032589,29.386
2809,2869,1.43,20.945,0.053,-0.009,0.0326927,29.4794
2810,2870,1.43,20.946,0.053,-0.024,0.0286936,25.8734
2811,2871,1.44,20.945,0.052,-0.004,0.0450817,40.6507
2812,2872,1.44,20.945,0.052,-0.01,0.0183692,16.5637
2813,2873,1.44,20.945,0.052,0.004,0.023893,21.5446
2814,2874,1.44,20.946,0.052,0,0.0057628,5.1963
2815,2875,1.44,20.945,0.052,0.011,0.0190977,17.2206
2816,2876,1.44,20.945,0.053,0.017,0.0268366,24.1989
2817,2877,1.44,20.946,0.053,0.009,0.0271842,24.5124
2818,2878,1.44,20.946,0.053,0.001,0.0352816,31.8139
2819,2879,1.44,20.946,0.053,0.001,0.0522192,47.0868
2820,2880,1.44,20.944,0.053,-0.004,0.0441062,39.7711
2821,2881,1.44,20.945,0.052,0.001,0.0525418,47.3777
2822,2882,1.44,20.945,0.053,-0.014,0.0350877,31.639
2823,2883,1.44,20.945,0.053,0.01,0.0371334,33.4837
2824,2884,1.44,20.945,0.053,0.005,0.0249055,22.4576
2825,2885,1.45,20.945,0.052,0.017,0.0313866,28.3017
2826,2886,1.45,20.946,0.053,0.015,0.0386025,34.8084
2827,2887,1.45,20.944,0.053,0.007,0.0262742,23.6918
2828,2888,1.45,20.944,0.053,0.002,0.0383629,34.5924
2829,2889,1.45,20.945,0.053,-0.006,0.0404311,36.4572
2830,2890,1.45,20.945,0.052,-0.012,0.0355774,32.0806
2831,2891,1.45,20.943,0.052,-0.013,0.029506,26.6059
2832,2892,1.45,20.945,0.052,-0.017,0.001702,1.5347
2833,2893,1.45,20.944,0.052,-0.004,0.0154712,13.9506
2834,2894,1.45,20.945,0.052,-0.007,0.0057087,5.1476
2835,2895,1.45,20.945,0.052,0.005,0.0152744,13.7732
2836,2896,1.45,20.945,0.052,-0.001,0.0016823,1.517
2837,2897,1.45,20.945,0.053,0.002,0.0088617,7.9907
2838,2898,1.45,20.943,0.052,-0.002,0.0366965,33.0898
2839,2899,1.45,20.946,0.053,-0.012,0.0454724,41.0031
2840,2900,1.45,20.946,0.053,-0.01,0.0294727,26.5759
2841,2901,1.45,20.945,0.053,-0.006,0.0449561,40.5375
2842,2902,1.46,20.945,0.053,-0.005,0.0305368,27.5355
2843,2903,1.46,20.946,0.052,0.016,0.0333234,30.0481
2844,2904,1.46,20.947,0.053,0.009,0.0215229,19.4075
2845,2905,1.46,20.946,0.053,0.017,0.0336188,30.3145
2846,2906,1.46,20.946,0.053,0.008,0.0315916,28.4866
2847,2907,1.46,20.946,0.052,0.016,0.0370962,33.4502
2848,2908,1.46,20.947,0.052,0.015,0.0400932,36.1526
2849,2909,1.46,20.946,0.053,-0.006,0.0480628,43.3389
2850,2910,1.46,20.945,0.052,-0.015,0.0340806,30.731
2851,2911,1.46,20.945,0.052,-0.004,0.0280181,25.2643
2852,2912,1.46,20.946,0.052,-0.014,0.0135326,12.2025
2853,2913,1.46,20.945,0.053,0,0.0272909,24.6085
2854,2914,1.46,20.945,0.053,-0.004,0.0122495,11.0456
2855,2915,1.46,20.945,0.052,0.007,0.0120875,10.8995
2856,2916,1.46,20.945,0.052,-0.003,0.0092315,8.3242
2857,2917,1.46,20.945,0.052,-0.001,0.0256959,23.1704
2858,2918,1.46,20.945,0.052,-0.011,0.023896,21.5473
2859,2919,1.47,20.946,0.053,-0.014,0.039361,35.4924
2860,2920,1.47,20.946,0.053,-0.018,0.0614997,55.4551
2861,2921,1.47,20.945,0.053,-0.005,0.062984,56.7935
2862,2922,1.47,20.945,0.052,0.001,0.0489127,44.1053
2863,2923,1.47,20.945,0.052,0.006,0.0456565,41.1691
2864,2924,1.47,20.947,0.052,-0.002,0.0304576,27.464
2865,2925,1.47,20.946,0.052,0.012,0.0364481,32.8658
2866,2926,1.47,20.946,0.052,0.017,0.0231702,20.8929
2867,2927,1.47,20.945,0.053,0.01,0.0549046,49.5082
2868,2928,1.47,20.947,0.053,-0.011,0.0391844,35.3331
2869,2929,1.47,20.948,0.052,-0.005,0.0396635,35.7651
2870,2930,1.47,20.947,0.052,-0.013,0.0524146,47.2629
2871,2931,1.47,20.946,0.052,-0.024,0.0388995,35.0762
2872,2932,1.47,20.944,0.052,-0.03,0.028341,25.5554
2873,2933,1.47,20.945,0.052,-0.009,0.0311554,28.0933
2874,2934,1.47,20.943,0.052,-0.006,0.0111948,10.0945
2875,2935,1.47,20.943,0.053,0.009,0.0139222,12.5538
2876,2936,1.48,20.943,0.053,0.003,0.0057015,5.1411
2877,2937,1.48,20.943,0.053,0.01,0.0049387,4.4533
2878,2938,1.48,20.944,0.053,-0.01,0.0148236,13.3666
2879,2939,1.48,20.942,0.053,0.001,0.0236276,21.3053
2880,2940,1.48,20.943,0.053,-0.005,0.0423217,38.162
2881,2941,1.48,20.944,0.053,-0.012,0.0474419,42.779
2882,2942,1.48,20.943,0.052,-0.004,0.0280142,25.2607
2883,2943,1.48,20.944,0.052,0.002,0.0445761,40.1948
2884,2944,1.48,20.945,0.052,-0.001,0.0397686,35.8599
2885,2945,1.48,20.945,0.052,0.013,0.0424675,38.2935
2886,2946,1.48,20.946,0.052,0.015,0.022519,20.3057
2887,2947,1.48,20.945,0.052,0.018,0.0206445,18.6154
2888,2948,1.48,20.946,0.053,0.014,0.0176607,15.9249
2889,2949,1.48,20.947,0.053,0.004,0.035733,32.2209
2890,2950,1.48,20.947,0.052,-0.004,0.0197714,17.8281
2891,2951,1.48,20.947,0.053,-0.006,0.0520723,46.9542
2892,2952,1.48,20.944,0.053,-0.009,0.0282451,25.469
2893,2953,1.48,20.943,0.052,-0.004,0.0309724,27.9282
2894,2954,1.48,20.946,0.053,-0.009,0.0299768,27.0305
2895,2955,1.48,20.944,0.052,-0.005,0.014358,12.9468
2896,2956,1.48,20.944,0.052,-0.006,0.0252131,22.735
2897,2957,1.48,20.944,0.052,0.007,0.0093058,8.3912
2898,2958,1.48,20.945,0.052,0.009,0.0195706,17.6471
2899,2959,1.48,20.945,0.052,0.007,0.0261021,23.5366
2900,2960,1.48,20.946,0.053,-0.01,0.0477782,43.0822
2901,2961,1.48,20.946,0.053,-0.001,0.0414903,37.4123
2902,2962,1.49,20.947,0.052,-0.026,0.0249748,22.5201
2903,2963,1.49,20.946,0.052,0.002,0.0386821,34.8801
2904,2964,1.49,20.945,0.053,-0.001,0.0300166,27.0663
2905,2965,1.49,20.945,0.053,0.004,0.0428072,38.5998
2906,2966,1.49,20.944,0.053,0.009,0.0108019,9.7402
2907,2967,1.49,20.946,0.053,0.004,0.0194249,17.5157
2908,2968,1.49,20.945,0.053,0.009,0.0129731,11.698
2909,2969,1.49,20.947,0.053,0.004,0.020824,18.7773
2910,2970,1.49,20.946,0.053,-0.007,0.0251496,22.6777
2911,2971,1.5,20.947,0.053,-0.027,0.0288165,25.9842
2912,2972,1.5,20.947,0.052,-0.021,0.0135393,12.2085
2913,2973,1.5,20.947,0.052,-0.004,0.0179029,16.1433
2914,2974,1.5,20.947,0.052,-0.013,0.0133125,12.0041
2915,2975,1.5,20.946,0.053,-0.005,0.0130483,11.7659
2916,2976,1.5,20.946,0.052,-0.008,0.0255571,23.0451
2917,2977,1.5,20.944,0.053,0.018,0.0130611,11.7773
2918,2978,1.5,20.945,0.053,0.009,0.0259679,23.4156
2919,2979,1.5,20.945,0.052,0.015,0.0219913,19.8299
2920,2980,1.5,20.945,0.052,-0.001,0.0398103,35.8975
2921,2981,1.5,20.947,0.053,-0.005,0.0594877,53.6408
2922,2982,1.5,20.947,0.052,-0.009,0.0383184,34.5522
2923,2983,1.5,20.947,0.053,0.006,0.0379563,34.2257
2924,2984,1.5,20.947,0.053,0.001,0.0359169,32.3867
2925,2985,1.5,20.947,0.053,0.01,0.040343,36.3778
2926,2986,1.5,20.946,0.053,0.015,0.0195027,17.5858
2927,2987,1.5,20.945,0.053,0.003,0.0163985,14.7867
2928,2988,1.5,20.945,0.052,0.015,0.0260413,23.4818
2929,2989,1.5,20.945,0.052,0.004,0.040793,36.7836
2930,2990,1.5099,20.945,0.052,-0.002,0.0360858,32.539
2931,2991,1.5099,20.947,0.052,-0.009,0.0312276,28.1583
2932,2992,1.5099,20.945,0.052,-0.027,0.0293196,26.4379
2933,2993,1.5099,20.945,0.052,-0.012,0.0301488,27.1856
2934,2994,1.5099,20.946,0.052,-0.012,0.0200826,18.1087
2935,2995,1.5099,20.946,0.052,-0.01,0.0224311,20.2265
2936,2996,1.5099,20.946,0.052,-0.01,0.0218503,19.7027
2937,2997,1.5099,20.945,0.053,0.005,0.0137931,12.4374
2938,2998,1.5099,20.946,0.053,0.007,0.0190161,17.1471
2939,2999,1.5099,20.946,0.053,0.003,0.021062,18.9919
2940,3000,1.5099,20.945,0.052,-0.006,0.0449482,40.5304
2941,3001,1.5099,20.944,0.052,-0.01,0.0325466,29.3477
2942,3002,1.5099,20.946,0.053,-0.006,0.0417823,37.6756
2943,3003,1.5099,20.946,0.053,-0.01,0.0518948,46.7942
2944,3004,1.5099,20.947,0.052,-0.005,0.0358215,32.3007
2945,3005,1.5099,20.946,0.053,0,0.0347637,31.3469
2946,3006,1.5099,20.947,0.052,0.011,0.0240073,21.6477
2947,3007,1.5199,20.944,0.053,0.008,0.0057043,5.1437
2948,3008,1.5199,20.945,0.053,0.014,0.0224607,20.2531
2949,3009,1.5299,20.945,0.053,0.009,0.017647,15.9125
2950,3010,1.5299,20.945,0.053,0.003,0.030323,27.3426
2951,3011,1.5299,20.946,0.052,-0.024,0.0263743,23.782
2952,3012,1.5299,20.947,0.053,-0.012,0.0372915,33.6262
2953,3013,1.5299,20.947,0.053,-0.017,0.0220369,19.8709
2954,3014,1.5199,20.946,0.052,-0.021,0.0294018,26.512
2955,3015,1.5199,20.945,0.052,-0.01,0.0322073,29.0418
2956,3016,1.5199,20.946,0.052,-0.009,0.0289924,26.1428
2957,3017,1.5199,20.946,0.052,0.001,0.0194173,17.5088
2958,3018,1.5199,20.946,0.053,0.018,0.0301252,27.1643
2959,3019,1.5199,20.946,0.052,0.002,0.0132687,11.9646
2960,3020,1.5199,20.946,0.052,0.007,0.0557697,50.2883
2961,3021,1.5199,20.946,0.053,-0.005,0.0455962,41.1147
2962,3022,1.5199,20.946,0.053,-0.002,0.0384333,34.6558
2963,3023,1.5199,20.946,0.053,-0.012,0.0513516,46.3045
2964,3024,1.5199,20.946,0.053,0.002,0.0417033,37.6044
2965,3025,1.5199,20.946,0.053,0,0.0213236,19.2277
2966,3026,1.5199,20.945,0.053,0.007,0.0196039,17.6771
2967,3027,1.5299,20.943,0.053,0,0.0112378,10.1333
2968,3028,1.5299,20.945,0.052,0.009,0.0206358,18.6076
2969,3029,1.5299,20.945,0.052,0.005,0.0061091,5.5086
2970,3030,1.5299,20.944,0.053,0.011,0.0374047,33.7283
2971,3031,1.5299,20.946,0.053,-0.021,0.0262871,23.7034
2972,3032,1.5299,20.944,0.053,-0.01,0.0355107,32.0205
2973,3033,1.5299,20.944,0.053,-0.013,0.0321457,28.9862
2974,3034,1.5299,20.946,0.053,-0.016,0.0347393,31.3249
2975,3035,1.5299,20.944,0.053,-0.012,0.0341379,30.7826
2976,3036,1.5299,20.945,0.053,0.002,0.0342528,30.8862
2977,3037,1.5299,20.946,0.053,0.004,0.0271901,24.5177
2978,3038,1.5299,20.946,0.052,0.012,0.0216505,19.5225
2979,3039,1.5299,20.946,0.053,0.004,0.0175452,15.8208
2980,3040,1.5399,20.946,0.052,0.012,0.0320493,28.8993
2981,3041,1.5399,20.947,0.053,-0.012,0.0329031,29.6692
2982,3042,1.5399,20.946,0.053,-0.002,0.0444575,40.0879
2983,3043,1.5399,20.946,0.053,-0.006,0.0427619,38.559
2984,3044,1.5399,20.945,0.054,0.002,0.0526033,47.4331
2985,3045,1.5399,20.944,0.054,-0.006,0.0356405,32.1375
2986,3046,1.5399,20.945,0.054,-0.001,0.0229496,20.6939
2987,3047,1.5399,20.944,0.053,-0.011,0,0
2988,3048,1.5399,20.946,0.053,0.007,0.0120312,10.8487
2989,3049,1.5399,20.944,0.052,0.002,0.0136459,12.3047
2990,3050,1.5399,20.946,0.053,0.002,0.0513886,46.3378
2991,3051,1.5399,20.947,0.053,-0.012,0.0338123,30.489
2992,3052,1.5399,20.947,0.053,-0.003,0.0341157,30.7626
2993,3053,1.5399,20.945,0.053,-0.015,0.0293294,26.4467
2994,3054,1.5399,20.945,0.053,-0.013,0.0387825,34.9707
2995,3055,1.5399,20.945,0.053,-0.027,0.0302625,27.2881
2996,3056,1.5399,20.946,0.052,-0.006,0.0422538,38.1009
2997,3057,1.5399,20.945,0.053,0.002,0.0101695,9.17
2998,3058,1.5399,20.946,0.053,0.026,0.0252395,22.7588
2999,3059,1.55,20.946,0.054,0.016,0.0170385,15.3638
3000,3060,1.55,20.945,0.053,0.018,0.0300738,27.118
3001,3061,1.55,20.944,0.053,-0.017,0.034591,31.1911
3002,3062,1.55,20.944,0.054,-0.004,0.0463665,41.8093
3003,3063,1.55,20.945,0.054,-0.01,0.03306,29.8106
3004,3064,1.55,20.946,0.053,-0.001,0.0168456,15.1899
3005,3065,1.56,20.945,0.052,-0.014,0.0198525,17.9013
3006,3066,1.56,20.946,0.052,-0.005,0.0196234,17.6947
3007,3067,1.56,20.946,0.052,-0.016,0.001688,1.5221
3008,3068,1.56,20.946,0.052,0.014,0,0
3009,3069,1.56,20.946,0.052,0.005,0.002486,2.2417
3010,3070,1.56,20.945,0.051,0.003,0.0315806,28.4767
3011,3071,1.56,20.947,0.052,-0.013,0.017659,15.9234
3012,3072,1.56,20.948,0.052,-0.014,0.0396316,35.7364
3013,3073,1.56,20.947,0.052,-0.02,0.0383481,34.579
3014,3074,1.56,20.946,0.052,-0.007,0.0316024,28.4963
3015,3075,1.56,20.946,0.053,0.003,0.0274406,24.7435
3016,3076,1.56,20.947,0.053,0.004,0.0138075,12.4504
3017,3077,1.56,20.946,0.053,0.004,0.0008864,0.7992
3018,3078,1.56,20.946,0.053,0.016,0.0091265,8.2295
3019,3079,1.56,20.947,0.053,0.014,0.0101246,9.1295
3020,3080,1.56,20.948,0.052,0.02,0.0300359,27.0837
3021,3081,1.56,20.946,0.052,-0.006,0.0276028,24.8898
3022,3082,1.56,20.946,0.052,0.007,0.0481088,43.3803
3023,3083,1.57,20.946,0.052,-0.013,0.0426055,38.418
3024,3084,1.57,20.946,0.052,-0.012,0.039273,35.4129
3025,3085,1.57,20.946,0.052,-0.006,0.0308378,27.8068
3026,3086,1.57,20.946,0.051,-0.002,0.025632,23.1127
3027,3087,1.57,20.946,0.052,0.002,0.0249543,22.5016
3028,3088,1.57,20.948,0.051,0.013,0.0295752,26.6683
3029,3089,1.57,20.948,0.052,0.011,0.0232877,20.9988
3030,3090,1.57,20.947,0.053,0.014,0.0283549,25.568
3031,3091,1.57,20.946,0.052,-0.006,0.037759,34.0478
3032,3092,1.57,20.946,0.052,-0.002,0.0477848,43.0882
3033,3093,1.57,20.946,0.053,-0.007,0.0340806,30.731
3034,3094,1.57,20.943,0.052,-0.018,0.0440879,39.7546
3035,3095,1.57,20.946,0.052,-0.013,0.0354351,31.9523
3036,3096,1.57,20.946,0.053,-0.005,0.0198378,17.888
3037,3097,1.57,20.946,0.052,0.003,0.0052052,4.6936
3038,3098,1.57,20.945,0.052,0.009,0.0130402,11.7585
3039,3099,1.57,20.944,0.053,0.01,0.0192335,17.3431
3040,3100,1.58,20.943,0.052,0.005,0.0382024,34.4476
3041,3101,1.58,20.945,0.052,-0.003,0.0312584,28.1861
3042,3102,1.58,20.946,0.052,-0.007,0.0314374,28.3475
3043,3103,1.58,20.945,0.052,-0.021,0.0387937,34.9808
3044,3104,1.58,20.946,0.052,-0.003,0.0302686,27.2936
3045,3105,1.58,20.945,0.052,-0.017,0.0221555,19.9779
3046,3106,1.58,20.946,0.052,-0.014,0.0093138,8.3984
3047,3107,1.58,20.947,0.053,0,0.01509,13.6069
3048,3108,1.58,20.947,0.053,0.008,0.0216346,19.5082
3049,3109,1.59,20.948,0.052,0.01,0,0
3050,3110,1.59,20.946,0.053,0.015,0.0157381,14.1912
3051,3111,1.59,20.944,0.053,-0.003,0.0206926,18.6588
3052,3112,1.59,20.944,0.052,-0.002,0.0294132,26.5223
3053,3113,1.59,20.945,0.052,-0.006,0.0472341,42.5916
3054,3114,1.59,20.946,0.052,-0.008,0.0489222,44.1138
3055,3115,1.59,20.945,0.052,-0.005,0.0527005,47.5208
3056,3116,1.59,20.946,0.052,-0.002,0.0313552,28.2734
3057,3117,1.59,20.947,0.052,0.005,0.0185691,16.744
3058,3118,1.59,20.948,0.052,0.009,0.0141762,12.7829
3059,3119,1.59,20.946,0.053,0.003,0,0
3060,3120,1.59,20.946,0.052,0.025,0.0119249,10.7528
3061,3121,1.59,20.946,0.052,0.009,0.0250261,22.5664
3062,3122,1.59,20.946,0.053,0.009,0.025263,22.78
3063,3123,1.59,20.945,0.053,0,0.0343802,31.0011
3064,3124,1.59,20.945,0.053,-0.021,0.0280315,25.2763
3065,3125,1.59,20.946,0.052,-0.024,0.0332235,29.9581
3066,3126,1.59,20.946,0.051,-0.027,0.0131942,11.8974
3067,3127,1.59,20.946,0.052,-0.005,0.0121061,10.9162
3068,3128,1.59,20.946,0.052,0.006,0.0145371,13.1083
3069,3129,1.59,20.946,0.052,0.01,0.0166313,14.9967
3070,3130,1.59,20.946,0.052,0.02,0.0092877,8.3748
3071,3131,1.6,20.947,0.052,0.017,0.0144015,12.986
3072,3132,1.6,20.945,0.052,0,0.0444667,40.0962
3073,3133,1.6,20.946,0.052,0,0.0395344,35.6487
3074,3134,1.6,20.946,0.052,-0.014,0.045305,40.8521
3075,3135,1.6,20.947,0.052,-0.002,0.0619757,55.8843
3076,3136,1.6,20.946,0.052,-0.003,0.0419002,37.782
3077,3137,1.6,20.945,0.051,0.011,0.0317479,28.6275
3078,3138,1.6,20.946,0.052,-0.001,0.028327,25.5428
3079,3139,1.6,20.949,0.052,0.01,0.0294033,26.5133
3080,3140,1.6,20.946,0.052,0.008,0.0263767,23.7842
3081,3141,1.6,20.946,0.052,0.01,0.0285438,25.7383
3082,3142,1.6,20.947,0.052,0.005,0.0166988,15.0575
3083,3143,1.6,20.947,0.052,-0.013,0.0298203,26.8894
3084,3144,1.6,20.945,0.052,-0.014,0.0353049,31.8349
3085,3145,1.6099,20.946,0.053,-0.014,0.0351611,31.7052
3086,3146,1.6099,20.945,0.052,-0.027,0.0244345,22.0329
3087,3147,1.6099,20.944,0.052,-0.011,0.0231746,20.8969
3088,3148,1.6099,20.945,0.052,-0.006,0.019389,17.4833
3089,3149,1.6099,20.946,0.052,-0.003,0.018694,16.8566
3090,3150,1.6099,20.946,0.053,-0.004,0,0
3091,3151,1.6199,20.946,0.052,0.003,0.0230623,20.7956
3092,3152,1.6199,20.945,0.052,-0.003,0.0280999,25.3381
3093,3153,1.6199,20.946,0.052,0.008,0.035701,32.1921
3094,3154,1.6199,20.946,0.053,-0.004,0.0309328,27.8925
3095,3155,1.6199,20.946,0.052,-0.011,0.0332274,29.9616
3096,3156,1.6199,20.946,0.052,-0.005,0.0403145,36.3522
3097,3157,1.6199,20.945,0.053,0.001,0.059841,53.9594
3098,3158,1.6199,20.946,0.052,-0.009,0.0280014,25.2492
3099,3159,1.6199,20.948,0.052,0.01,0.033952,30.615
3100,3160,1.6199,20.945,0.052,0.006,0.020263,18.2714
3101,3161,1.6199,20.946,0.052,0.02,0.0283629,25.5752
3102,3162,1.6199,20.947,0.052,0.002,0.038911,35.0866
3103,3163,1.6199,20.946,0.052,-0.007,0.0458392,41.3338
3104,3164,1.6199,20.947,0.053,-0.01,0.0276526,24.9347
3105,3165,1.6199,20.946,0.053,-0.002,0.0393758,35.5057
3106,3166,1.6199,20.945,0.053,-0.004,0.0292263,26.3538
3107,3167,1.6199,20.945,0.052,-0.01,0.0213658,19.2658
3108,3168,1.6199,20.945,0.052,-0.028,0.0090628,8.172
3109,3169,1.6199,20.945,0.053,-0.003,0,0
3110,3170,1.6199,20.946,0.052,-0.004,0.00468,4.2201
3111,3171,1.6199,20.945,0.052,0.004,0.0198048,17.8583
3112,3172,1.6299,20.946,0.052,0.002,0.0232281,20.9451
3113,3173,1.6299,20.945,0.052,-0.003,0.0214317,19.3252
3114,3174,1.6299,20.944,0.052,-0.019,0.0359876,32.4505
3115,3175,1.6299,20.946,0.052,-0.007,0.035984,32.4473
3116,3176,1.6299,20.947,0.052,-0.018,0.0181874,16.3998
3117,3177,1.6299,20.947,0.052,0.001,0.0355774,32.0806
3118,3178,1.6299,20.945,0.053,0.008,0.0231682,20.8911
3119,3179,1.6299,20.945,0.052,0.014,0.0287055,25.8841
3120,3180,1.6299,20.946,0.052,0.029,0.0077615,6.9987
3121,3181,1.6299,20.947,0.052,0.019,0.0144239,13.0062
3122,3182,1.6299,20.946,0.053,0.01,0.0220308,19.8655
3123,3183,1.6399,20.945,0.053,-0.004,0.02965,26.7358
3124,3184,1.6399,20.947,0.053,-0.007,0.0404361,36.4617
3125,3185,1.6299,20.948,0.053,-0.011,0.0474123,42.7523
3126,3186,1.6299,20.946,0.053,-0.011,0.0318581,28.7269
3127,3187,1.6299,20.946,0.053,0.01,0.0219962,19.8342
3128,3188,1.6299,20.945,0.052,-0.006,0.0047298,4.265
3129,3189,1.6299,20.945,0.052,0.006,0.0039044,3.5206
3130,3190,1.6299,20.945,0.052,-0.004,0.0046035,4.151
3131,3191,1.6299,20.946,0.052,0.016,0.0131929,11.8962
3132,3192,1.6299,20.946,0.052,0.01,0.026182,23.6087
3133,3193,1.6299,20.946,0.053,-0.002,0.0401298,36.1855
3134,3194,1.6299,20.947,0.053,-0.005,0.0293177,26.4362
3135,3195,1.6299,20.946,0.052,-0.015,0.0471014,42.472
3136,3196,1.6299,20.946,0.053,-0.02,0.0176951,15.9559
3137,3197,1.6399,20.946,0.053,-0.003,0.0390153,35.1806
3138,3198,1.6399,20.945,0.053,0.002,0.0186259,16.7952
3139,3199,1.6399,20.946,0.052,0.018,0.0378109,34.0946
3140,3200,1.6399,20.946,0.053,0.015,0.0239159,21.5653
3141,3201,1.6399,20.947,0.052,0.018,0.0304164,27.4269
3142,3202,1.6399,20.946,0.052,0.011,0.0195085,17.5911
3143,3203,1.6399,20.946,0.051,-0.001,0.0333558,30.0774
3144,3204,1.6399,20.946,0.051,-0.014,0.0255984,23.0824
3145,3205,1.6399,20.946,0.051,-0.003,0.0442339,39.8863
3146,3206,1.6399,20.946,0.052,-0.019,0.0298278,26.8962
3147,3207,1.6399,20.946,0.052,0.007,0.0392385,35.3818
3148,3208,1.6399,20.946,0.052,-0.013,0.0302768,27.301
3149,3209,1.6399,20.946,0.052,0.011,0.0216506,19.5226
3150,3210,1.6399,20.945,0.052,-0.007,0.0166972,15.0561
3151,3211,1.6399,20.945,0.052,0.006,0.0216455,19.518
3152,3212,1.6399,20.945,0.052,-0.005,0.0038339,3.4571
3153,3213,1.6399,20.946,0.052,0.005,0.027005,24.3507
3154,3214,1.6399,20.946,0.053,-0.003,0.0114056,10.2846
3155,3215,1.6399,20.945,0.053,0.003,0.0335583,30.26
3156,3216,1.6399,20.945,0.053,-0.018,0.0279944,25.2429
3157,3217,1.6399,20.946,0.053,-0.006,0.048126,43.3959
3158,3218,1.6499,20.946,0.052,-0.009,0.0256469,23.1261
3159,3219,1.6499,20.945,0.053,0,0.0373003,33.6342
3160,3220,1.6499,20.945,0.052,0.007,0.0081953,7.3898
3161,3221,1.6499,20.945,0.052,0.008,0.0239299,21.5779
3162,3222,1.6499,20.946,0.053,0.008,0.0162353,14.6396
3163,3223,1.6499,20.945,0.052,0.014,0.0356371,32.1344
3164,3224,1.6499,20.947,0.052,-0.007,0.0386289,34.8322
3165,3225,1.6499,20.947,0.052,0.008,0.0393113,35.4475
3166,3226,1.6499,20.947,0.053,-0.008,0.023087,20.8179
3167,3227,1.6499,20.946,0.052,-0.004,0.0348083,31.3871
3168,3228,1.6499,20.946,0.051,-0.016,0.0214654,19.3557
3169,3229,1.6499,20.945,0.052,-0.004,0.0134836,12.1584
3170,3230,1.6499,20.947,0.052,-0.016,0.0182042,16.415
3171,3231,1.6499,20.947,0.052,0.011,0.0206224,18.5955
3172,3232,1.6499,20.947,0.052,0.006,0.0208085,18.7633
3173,3233,1.6499,20.945,0.052,0.008,0.0266837,24.0611
3174,3234,1.6499,20.946,0.052,-0.01,0.0333663,30.0868
3175,3235,1.6499,20.946,0.052,-0.008,0.0439926,39.6687
3176,3236,1.6499,20.945,0.052,-0.013,0.0326472,29.4384
3177,3237,1.6499,20.946,0.052,0.002,0.0371433,33.4926
3178,3238,1.6599,20.946,0.052,-0.009,0.0164597,14.842
3179,3239,1.6599,20.946,0.053,-0.001,0.0239171,21.5664
3180,3240,1.6599,20.947,0.052,0.005,0.0152872,13.7846
3181,3241,1.6599,20.947,0.052,0.006,0.0164809,14.861
3182,3242,1.6599,20.946,0.052,0.009,0.015447,13.9288
3183,3243,1.6599,20.945,0.053,0.009,0.028442,25.6465
3184,3244,1.6599,20.945,0.053,0.002,0.0349377,31.5038
3185,3245,1.6599,20.945,0.052,-0.004,0.031378,28.294
3186,3246,1.6599,20.945,0.052,-0.013,0.0263971,23.8026
3187,3247,1.6599,20.945,0.052,-0.002,0.0386712,34.8703
3188,3248,1.6599,20.945,0.052,-0.011,0.0268765,24.2349
3189,3249,1.67,20.946,0.052,0.008,0.0325966,29.3928
3190,3250,1.67,20.946,0.052,0.001,0.0325659,29.3651
3191,3251,1.67,20.946,0.052,0.009,0.0194403,17.5296
3192,3252,1.67,20.946,0.052,0.008,0.019424,17.5148
3193,3253,1.67,20.946,0.052,0.009,0.0197505,17.8093
3194,3254,1.67,20.946,0.051,0.002,0.0378258,34.108
3195,3255,1.67,20.945,0.052,-0.008,0.0363595,32.7858
3196,3256,1.67,20.946,0.052,-0.006,0.0299738,27.0278
3197,3257,1.67,20.946,0.052,-0.006,0.0331392,29.882
3198,3258,1.67,20.947,0.052,-0.017,0.0322861,29.1128
3199,3259,1.67,20.947,0.052,-0.011,0.0298995,26.9608
3200,3260,1.67,20.948,0.053,-0.007,0.0380918,34.3479
3201,3261,1.67,20.946,0.053,-0.003,0.0207048,18.6698
3202,3262,1.67,20.945,0.052,0.009,0.0274086,24.7147
3203,3263,1.67,20.945,0.052,0.005,0.0143817,12.9682
3204,3264,1.67,20.946,0.052,0.005,0.0205427,18.5236
3205,3265,1.67,20.946,0.052,-0.007,0.0323459,29.1668
3206,3266,1.67,20.945,0.052,-0.006,0.0282982,25.5168
3207,3267,1.67,20.945,0.052,-0.005,0.0327883,29.5657
3208,3268,1.6801,20.946,0.052,-0.007,0.0378595,34.1384
3209,3269,1.6801,20.946,0.051,-0.007,0.0296862,26.7684
3210,3270,1.6801,20.946,0.052,-0.004,0.0189548,17.0918
3211,3271,1.6901,20.946,0.051,-0.007,0.0173327,15.6291
3212,3272,1.6901,20.945,0.052,0.005,0.0243879,21.9909
3213,3273,1.6901,20.946,0.052,-0.002,0.0194653,17.5521
3214,3274,1.6901,20.946,0.052,0.01,0.037031,33.3913
3215,3275,1.6901,20.946,0.052,0.004,0.0372503,33.5891
3216,3276,1.6901,20.946,0.052,-0.011,0.0368527,33.2305
3217,3277,1.6901,20.947,0.052,-0.008,0.0441781,39.836
3218,3278,1.6901,20.947,0.052,-0.012,0.0313369,28.2569
3219,3279,1.6901,20.947,0.052,-0.016,0.0296628,26.7474
3220,3280,1.6901,20.947,0.053,-0.009,0.0319164,28.7794
3221,3281,1.6901,20.947,0.052,0,0.0006251,0.5637
3222,3282,1.6901,20.947,0.052,0.012,0.0060889,5.4905
3223,3283,1.6901,20.945,0.052,0.001,0.0205035,18.4882
3224,3284,1.6901,20.946,0.052,0.005,0.0302262,27.2554
3225,3285,1.6901,20.946,0.052,-0.011,0.030964,27.9206
3226,3286,1.6901,20.946,0.052,-0.007,0.0270161,24.3607
3227,3287,1.6901,20.945,0.052,-0.011,0.0338004,30.4783
3228,3288,1.6901,20.946,0.053,-0.018,0.0304615,27.4675
3229,3289,1.6901,20.946,0.052,-0.012,0.0339233,30.5891
3230,3290,1.6901,20.947,0.052,-0.004,0.023028,20.7647
3231,3291,1.6901,20.946,0.053,-0.001,0.001685,1.5194
3232,3292,1.6901,20.945,0.052,0.017,0.0174042,15.6936
3233,3293,1.6901,20.947,0.052,0.013,0.0219953,19.8335
3234,3294,1.6901,20.947,0.052,0.009,0.0418375,37.7254
3235,3295,1.6901,20.945,0.053,-0.005,0.0355954,32.0969
3236,3296,1.6901,20.946,0.052,-0.002,0.0470405,42.4171
3237,3297,1.6901,20.945,0.052,-0.002,0.0467386,42.1448
3238,3298,1.6901,20.946,0.052,-0.004,0.0404484,36.4729
3239,3299,1.6901,20.945,0.052,-0.005,0.0328538,29.6247
3240,3300,1.6901,20.946,0.051,-0.008,0.0329328,29.6959
3241,3301,1.6901,20.946,0.052,0.003,0.0109209,9.8475
3242,3302,1.6901,20.946,0.052,0.017,0.0321605,28.9996
3243,3303,1.6901,20.947,0.052,0.007,0.0140477,12.667
3244,3304,1.6901,20.946,0.052,0.003,0.0113432,10.2283
3245,3305,1.6901,20.946,0.052,-0.015,0.0281269,25.3624
3246,3306,1.7001,20.946,0.052,-0.014,0.0268939,24.2506
3247,3307,1.7001,20.947,0.052,-0.02,0.0279474,25.2005
3248,3308,1.7001,20.946,0.052,-0.021,0.0454182,40.9542
3249,3309,1.7001,20.946,0.052,-0.014,0.0289537,26.1079
3250,3310,1.7001,20.946,0.052,-0.008,0.0168965,15.2358
3251,3311,1.7001,20.946,0.052,-0.007,0.0144435,13.0239
3252,3312,1.7001,20.946,0.052,0.018,0.03682,33.2011
3253,3313,1.7001,20.945,0.053,0.003,0.0089026,8.0276
3254,3314,1.7001,20.944,0.053,0.014,0.0369583,33.3258
3255,3315,1.71,20.945,0.053,0.007,0.028141,25.3751
3256,3316,1.71,20.947,0.052,-0.004,0.0340373,30.6919
3257,3317,1.71,20.946,0.053,-0.006,0.0286402,25.8252
3258,3318,1.71,20.947,0.052,-0.008,0.0473798,42.7229
3259,3319,1.71,20.947,0.052,-0.019,0.0226698,20.4417
3260,3320,1.71,20.946,0.052,-0.004,0.036552,32.9594
3261,3321,1.71,20.946,0.052,0.003,0.0086091,7.763
3262,3322,1.71,20.947,0.052,0.01,0.0091685,8.2674
3263,3323,1.71,20.946,0.052,-0.006,0.003829,3.4527
3264,3324,1.71,20.945,0.052,0.015,0.0204957,18.4813
3265,3325,1.72,20.946,0.052,-0.011,0,0
3266,3326,1.72,20.946,0.052,-0.008,0.0346511,31.2454
3267,3327,1.72,20.947,0.052,-0.018,0.023609,21.2885
3268,3328,1.72,20.948,0.052,-0.004,0.0186435,16.8111
3269,3329,1.72,20.946,0.053,-0.021,0.0331211,29.8658
3270,3330,1.72,20.946,0.052,-0.003,0.0414357,37.3631
3271,3331,1.72,20.947,0.052,-0.006,0.0185561,16.7323
3272,3332,1.72,20.945,0.052,0.02,0.0298611,26.9262
3273,3333,1.72,20.945,0.052,0.01,0.0103894,9.3682
3274,3334,1.72,20.947,0.051,0.015,0.0239954,21.637
3275,3335,1.72,20.947,0.052,-0.004,0.0193758,17.4714
3276,3336,1.72,20.948,0.052,0.016,0.0417003,37.6017
3277,3337,1.72,20.949,0.052,-0.013,0.0370709,33.4273
3278,3338,1.72,20.947,0.052,-0.003,0.051173,46.1434
3279,3339,1.72,20.947,0.053,0.001,0.0354267,31.9447
3280,3340,1.72,20.947,0.053,-0.004,0.0084697,7.6372
3281,3341,1.72,20.945,0.052,-0.006,0.0025105,2.2638
3282,3342,1.72,20.944,0.052,0.006,0.0171364,15.4521
3283,3343,1.72,20.946,0.052,-0.009,0.0098759,8.9052
3284,3344,1.72,20.947,0.052,0.009,0.0247904,22.3539
3285,3345,1.72,20.947,0.053,0.001,0.012185,10.9874
3286,3346,1.72,20.946,0.052,0.004,0.0322172,29.0507
3287,3347,1.72,20.946,0.053,-0.011,0.0371636,33.5109
3288,3348,1.72,20.945,0.052,-0.012,0.0271691,24.4987
3289,3349,1.73,20.946,0.053,-0.024,0.0262309,23.6528
3290,3350,1.73,20.946,0.052,-0.011,0.0109817,9.9024
3291,3351,1.73,20.946,0.052,0.006,0.0183276,16.5262
3292,3352,1.73,20.948,0.052,0.021,0.0338676,30.5389
3293,3353,1.73,20.946,0.052,0.012,0.0093166,8.4009
3294,3354,1.73,20.945,0.053,0.019,0.0225308,20.3163
3295,3355,1.73,20.945,0.053,-0.005,0.0238195,21.4783
3296,3356,1.73,20.947,0.052,0.011,0.0219803,19.82
3297,3357,1.74,20.946,0.052,-0.006,0.0223099,20.1171
3298,3358,1.74,20.946,0.053,-0.007,0.0446438,40.2559
3299,3359,1.74,20.945,0.053,-0.003,0.0382922,34.5286
3300,3360,1.74,20.946,0.053,0.003,0.0273841,24.6926
3301,3361,1.74,20.945,0.052,0.012,0.0155406,14.0132
3302,3362,1.74,20.946,0.053,0.011,0.0120947,10.9059
3303,3363,1.74,20.945,0.052,-0.004,0.0122926,11.0844
3304,3364,1.74,20.945,0.052,0.01,0.0238229,21.4814
3305,3365,1.74,20.947,0.052,-0.007,0.0014164,1.2771
3306,3366,1.74,20.948,0.052,0.001,0.0175381,15.8144
3307,3367,1.74,20.946,0.052,-0.002,0.0253635,22.8706
3308,3368,1.74,20.947,0.052,-0.002,0.0318878,28.7537
3309,3369,1.74,20.947,0.053,-0.013,0.0296686,26.7526
3310,3370,1.74,20.945,0.052,-0.013,0.0412226,37.1709
3311,3371,1.74,20.946,0.052,0.002,0.0197,17.7637
3312,3372,1.74,20.945,0.052,0.009,0.0300927,27.135
3313,3373,1.74,20.946,0.053,0.012,0.0070509,6.3579
3314,3374,1.75,20.946,0.052,0.011,0.0264232,23.8262
3315,3375,1.75,20.946,0.052,0.006,0.0348835,31.4549
3316,3376,1.75,20.945,0.052,0.022,0.0356335,32.1312
3317,3377,1.75,20.946,0.053,0.007,0.0217349,19.5986
3318,3378,1.75,20.946,0.053,-0.001,0.0292551,26.3797
3319,3379,1.75,20.946,0.052,-0.007,0.04192,37.7998
3320,3380,1.75,20.946,0.052,-0.009,0.0355958,32.0972
3321,3381,1.75,20.947,0.052,-0.01,0.0298554,26.921
3322,3382,1.75,20.945,0.052,0.005,0.0255525,23.041
3323,3383,1.75,20.946,0.052,-0.005,0.0033207,2.9943
3324,3384,1.75,20.946,0.052,0.012,0.0240688,21.7031
3325,3385,1.75,20.947,0.052,-0.001,0.01653,14.9053
3326,3386,1.75,20.946,0.052,-0.009,0.0194456,17.5344
3327,3387,1.75,20.946,0.052,-0.01,0.0230708,20.8032
3328,3388,1.75,20.946,0.052,-0.002,0.0350472,31.6025
3329,3389,1.75,20.947,0.052,-0.004,0.0157759,14.2253
3330,3390,1.75,20.946,0.053,-0.012,0.0247169,22.2876
3331,3391,1.75,20.945,0.052,-0.001,0.0341199,30.7664
3332,3392,1.75,20.944,0.052,0,0.0252851,22.7999
3333,3393,1.76,20.945,0.052,0.004,0.009477,8.5455
3334,3394,1.76,20.945,0.052,0.025,0.0241748,21.7988
3335,3395,1.76,20.945,0.052,0.001,0.0216124,19.4882
3336,3396,1.76,20.946,0.052,0.008,0.016783,15.1334
3337,3397,1.76,20.946,0.051,0.005,0.0318801,28.7467
3338,3398,1.76,20.946,0.052,0.003,0.0216134,19.4891
3339,3399,1.76,20.946,0.052,-0.009,0.0326787,29.4669
3340,3400,1.76,20.946,0.051,-0.001,0.0339596,30.6218
3341,3401,1.76,20.948,0.052,-0.003,0.0196299,17.7005
3342,3402,1.76,20.947,0.052,-0.009,0.0206853,18.6522
3343,3403,1.76,20.946,0.052,0,0.007915,7.137
3344,3404,1.76,20.946,0.052,0.005,0.0164386,14.8229
3345,3405,1.76,20.948,0.053,0.001,0.0214499,19.3417
3346,3406,1.76,20.946,0.052,0.007,0.0248066,22.3684
3347,3407,1.76,20.945,0.052,0.003,0.0198221,17.8738
3348,3408,1.76,20.947,0.053,-0.001,0.0342348,30.87
3349,3409,1.76,20.945,0.052,0.002,0.0347191,31.3067
3350,3410,1.76,20.946,0.052,-0.002,0.0324902,29.2968
3351,3411,1.77,20.945,0.052,-0.008,0.0417587,37.6544
3352,3412,1.77,20.946,0.052,0.005,0.0396209,35.7267
3353,3413,1.77,20.946,0.052,0.004,0.0247142,22.2851
3354,3414,1.77,20.946,0.052,0.016,0.0184076,16.5984
3355,3415,1.77,20.946,0.052,0.008,0.0110119,9.9296
3356,3416,1.77,20.946,0.053,0.013,0.0114313,10.3078
3357,3417,1.77,20.944,0.052,-0.001,0.0188362,16.9849
3358,3418,1.77,20.946,0.052,0.005,0.0215945,19.472
3359,3419,1.77,20.946,0.052,-0.013,0.0403111,36.3491
3360,3420,1.77,20.947,0.052,-0.009,0.0258865,23.3422
3361,3421,1.77,20.946,0.052,-0.007,0.0220199,19.8556
3362,3422,1.77,20.946,0.052,-0.011,0.0307115,27.6929
3363,3423,1.77,20.945,0.052,-0.009,0.0199699,18.0072
3364,3424,1.77,20.945,0.052,0,0.013135,11.844
3365,3425,1.7801,20.946,0.053,0.011,0.0240364,21.6739
3366,3426,1.7801,20.945,0.052,0.012,0.0228603,20.6134
3367,3427,1.7801,20.946,0.052,0.008,0.0251572,22.6846
3368,3428,1.7801,20.947,0.052,0.006,0.0241395,21.7669
3369,3429,1.7801,20.946,0.052,0.008,0.0365279,32.9377
3370,3430,1.7801,20.945,0.052,-0.009,0.042753,38.551
3371,3431,1.7801,20.945,0.052,-0.001,0.0333307,30.0548
3372,3432,1.7801,20.946,0.053,-0.002,0.0163257,14.7211
3373,3433,1.7801,20.947,0.053,-0.001,0.0244021,22.0037
3374,3434,1.7801,20.945,0.052,0.004,0.0092832,8.3707
3375,3435,1.7801,20.946,0.052,0.011,0.0152443,13.7459
3376,3436,1.7801,20.946,0.052,0.006,0.0173418,15.6374
3377,3437,1.7801,20.945,0.052,0.007,0.0300875,27.1303
3378,3438,1.7801,20.945,0.052,0,0.033231,29.9648
3379,3439,1.7801,20.946,0.052,0.001,0.0472051,42.5655
3380,3440,1.7901,20.946,0.052,-0.011,0.0423004,38.1428
3381,3441,1.7901,20.946,0.052,-0.016,0.0442484,39.8994
3382,3442,1.7901,20.946,0.051,-0.008,0.0176714,15.9346
3383,3443,1.7901,20.946,0.052,0.009,0.0151698,13.6788
3384,3444,1.7901,20.946,0.052,-0.004,0.0186154,16.7857
3385,3445,1.7901,20.947,0.052,0.01,0.0205822,18.5592
3386,3446,1.7901,20.947,0.052,0.009,0.0109602,9.8829
3387,3447,1.7901,20.946,0.053,0.007,0.0304417,27.4497
3388,3448,1.7901,20.946,0.052,-0.001,0.033153,29.8945
3389,3449,1.7901,20.945,0.053,0.002,0.0367074,33.0995
3390,3450,1.7901,20.944,0.053,-0.012,0.0281697,25.4009
3391,3451,1.7901,20.944,0.053,-0.012,0.0292114,26.3403
3392,3452,1.7901,20.945,0.053,-0.014,0.0115021,10.3716
3393,3453,1.7901,20.945,0.053,0.006,0.0368335,33.2132
3394,3454,1.7901,20.946,0.053,0.008,0.0412426,37.189
3395,3455,1.7901,20.946,0.052,0.01,0.0453807,40.9204
3396,3456,1.7901,20.945,0.052,0.009,0.0343027,30.9312
3397,3457,1.7901,20.945,0.053,0.013,0.0233972,21.0975
3398,3458,1.7901,20.946,0.053,-0.006,0.0161121,14.5285
3399,3459,1.7901,20.946,0.053,-0.003,0.0463138,41.7617
3400,3460,1.8001,20.945,0.052,-0.007,0.0239627,21.6075
3401,3461,1.8001,20.945,0.052,-0.008,0.0374228,33.7446
3402,3462,1.8001,20.947,0.053,-0.004,0.0144561,13.0353
3403,3463,1.8001,20.946,0.053,0.007,0.0264386,23.84
3404,3464,1.81,20.947,0.052,-0.007,0.0142531,12.8522
3405,3465,1.81,20.945,0.052,-0.01,0.0361435,32.591
3406,3466,1.81,20.945,0.053,-0.014,0.008743,7.8837
3407,3467,1.81,20.945,0.052,0,0.0196766,17.7427
3408,3468,1.81,20.944,0.052,0.006,0.0309989,27.9521
3409,3469,1.8001,20.945,0.053,0.013,0.0571046,51.492
3410,3470,1.8001,20.945,0.053,-0.015,0.0250915,22.6253
3411,3471,1.81,20.945,0.053,0.005,0.0405583,36.572
3412,3472,1.81,20.945,0.052,-0.008,0.0301418,27.1793
3413,3473,1.81,20.945,0.052,0.01,0.0414314,37.3593
3414,3474,1.81,20.946,0.052,-0.001,0.0230173,20.755
3415,3475,1.81,20.946,0.052,0.01,0.0293162,26.4348
3416,3476,1.81,20.946,0.052,-0.001,0.0251868,22.7112
3417,3477,1.81,20.944,0.052,0.02,0.0229224,20.6695
3418,3478,1.81,20.945,0.052,0.01,0.0266066,23.9916
3419,3479,1.81,20.945,0.053,0.003,0.0484494,43.6875
3420,3480,1.82,20.944,0.052,-0.017,0.0399204,35.9968
3421,3481,1.82,20.943,0.052,-0.005,0.0366405,33.0392
3422,3482,1.82,20.947,0.052,-0.014,0.0262952,23.7107
3423,3483,1.82,20.946,0.052,-0.009,0.0424455,38.2736
3424,3484,1.82,20.947,0.052,-0.006,0.0092805,8.3683
3425,3485,1.82,20.944,0.052,0.002,0.0170503,15.3745
3426,3486,1.83,20.946,0.052,-0.004,0.0225796,20.3604
3427,3487,1.83,20.946,0.052,0,0.0207336,18.6958
3428,3488,1.82,20.946,0.052,0.002,0.0254534,22.9517
3429,3489,1.82,20.946,0.052,0.003,0.0351801,31.7224
3430,3490,1.82,20.945,0.052,-0.017,0.0340391,30.6935
3431,3491,1.82,20.945,0.052,-0.004,0.0573408,51.705
3432,3492,1.82,20.944,0.052,-0.011,0.0200118,18.0449
3433,3493,1.82,20.946,0.052,-0.001,0.0252176,22.7391
3434,3494,1.82,20.946,0.053,-0.016,0.0145249,13.0973
3435,3495,1.82,20.946,0.052,0.009,0.0272775,24.5965
3436,3496,1.82,20.947,0.052,0.012,0.0249018,22.4543
3437,3497,1.82,20.945,0.053,0.012,0.01737,15.6628
3438,3498,1.82,20.944,0.053,0.003,0.020788,18.7448
3439,3499,1.83,20.946,0.053,0.003,0.0293576,26.4721
3440,3500,1.83,20.945,0.052,-0.01,0.029191,26.3219
3441,3501,1.83,20.946,0.052,-0.004,0.0273631,24.6737
3442,3502,1.83,20.945,0.053,-0.025,0.0143944,12.9796
3443,3503,1.83,20.945,0.052,-0.001,0.0476279,42.9467
3444,3504,1.83,20.947,0.052,-0.005,0.0329756,29.7345
3445,3505,1.83,20.947,0.052,0.01,0.0294032,26.5133
3446,3506,1.83,20.946,0.052,-0.002,0.0249995,22.5424
3447,3507,1.83,20.946,0.053,0,0.0380137,34.2775
3448,3508,1.83,20.946,0.052,0.006,0.0222805,20.0906
3449,3509,1.83,20.946,0.052,0.004,0.0389158,35.0909
3450,3510,1.83,20.946,0.052,0.001,0.0439703,39.6486
3451,3511,1.83,20.945,0.051,-0.004,0.0509178,45.9132
3452,3512,1.83,20.946,0.052,-0.006,0.0351755,31.7182
3453,3513,1.83,20.947,0.053,0.01,0.0449441,40.5267
3454,3514,1.83,20.946,0.053,-0.013,0.0238513,21.507
3455,3515,1.83,20.944,0.052,0.001,0.0258221,23.2841
3456,3516,1.83,20.944,0.052,0.006,0.0016939,1.5274
3457,3517,1.83,20.944,0.052,0.01,0.0038462,3.4682
3458,3518,1.83,20.944,0.052,-0.002,0.0178037,16.0539
3459,3519,1.83,20.944,0.052,0.003,0.0352174,31.756
3460,3520,1.83,20.946,0.052,-0.003,0.0262743,23.6919
3461,3521,1.83,20.944,0.052,-0.008,0.0604817,54.5371
3462,3522,1.84,20.944,0.052,-0.014,0.0408317,36.8185
3463,3523,1.84,20.944,0.052,-0.01,0.0580729,52.3651
3464,3524,1.84,20.946,0.052,-0.014,0.0413249,37.2632
3465,3525,1.84,20.945,0.052,0.001,0.0390086,35.1746
3466,3526,1.84,20.946,0.052,-0.001,0.0300159,27.0658
3467,3527,1.84,20.946,0.052,0.017,0.0259777,23.4245
3468,3528,1.84,20.947,0.052,0.015,0.0211496,19.0709
3469,3529,1.84,20.947,0.052,0.011,0.0482633,43.5196
3470,3530,1.84,20.945,0.053,0,0.0539718,48.6671
3471,3531,1.84,20.944,0.052,0.007,0.0595329,53.6816
3472,3532,1.84,20.944,0.052,-0.018,0.0362571,32.6935
3473,3533,1.85,20.943,0.052,-0.001,0.036989,33.3534
3474,3534,1.85,20.943,0.052,-0.012,0.0071108,6.4119
3475,3535,1.85,20.942,0.052,-0.006,0.0134523,12.1301
3476,3536,1.85,20.944,0.053,-0.003,0.011173,10.0749
3477,3537,1.85,20.944,0.053,0.004,0.0067228,6.062
3478,3538,1.85,20.944,0.052,0.003,0.0247023,22.2744
3479,3539,1.85,20.945,0.052,0.013,0.0284067,25.6147
3480,3540,1.85,20.944,0.052,-0.003,0.0264765,23.8742
3481,3541,1.85,20.942,0.052,-0.008,0.0410699,37.0333
3482,3542,1.85,20.942,0.051,-0.022,0.0313405,28.2601
3483,3543,1.85,20.944,0.052,-0.009,0.031306,28.2291
3484,3544,1.85,20.946,0.052,-0.015,0.0334151,30.1309
3485,3545,1.85,20.947,0.052,0.012,0.0303902,27.4032
3486,3546,1.86,20.947,0.052,0.006,0.0254612,22.9587
3487,3547,1.86,20.947,0.052,0.013,0.0309702,27.9262
3488,3548,1.86,20.946,0.053,0.017,0.0437909,39.4868
3489,3549,1.86,20.946,0.053,0.004,0.0456224,41.1383
3490,3550,1.86,20.945,0.053,-0.004,0.039429,35.5536
3491,3551,1.86,20.946,0.052,-0.002,0.0512044,46.1717
3492,3552,1.86,20.946,0.052,-0.01,0.0483131,43.5646
3493,3553,1.86,20.945,0.052,-0.001,0.048656,43.8737
3494,3554,1.86,20.945,0.052,-0.006,0.0349738,31.5364
3495,3555,1.86,20.946,0.052,-0.003,0.0323881,29.2048
3496,3556,1.86,20.945,0.052,0,0.0180087,16.2387
3497,3557,1.87,20.945,0.053,0,0.0221938,20.0124
3498,3558,1.87,20.946,0.053,-0.002,0.0324866,29.2936
3499,3559,1.87,20.945,0.053,-0.014,0.018599,16.7709
3500,3560,1.87,20.945,0.053,-0.01,0.0281735,25.4044
3501,3561,1.87,20.944,0.053,-0.005,0.0367662,33.1526
3502,3562,1.87,20.944,0.052,-0.021,0.0292767,26.3992
3503,3563,1.87,20.945,0.052,-0.021,0.0453597,40.9014
3504,3564,1.87,20.946,0.052,-0.017,0.0252318,22.7518
3505,3565,1.88,20.945,0.052,-0.005,0.0308102,27.7819
3506,3566,1.88,20.945,0.052,-0.002,0.0410263,36.994
3507,3567,1.87,20.945,0.052,0.007,0.0332014,29.9382
3508,3568,1.87,20.946,0.053,0.012,0.0409765,36.9491
3509,3569,1.87,20.944,0.053,-0.003,0.0476098,42.9304
3510,3570,1.87,20.945,0.052,0.005,0.042998,38.7719
3511,3571,1.87,20.946,0.052,-0.008,0.0530103,47.8
3512,3572,1.87,20.947,0.051,-0.011,0.0330911,29.8387
3513,3573,1.87,20.946,0.051,-0.008,0.0380436,34.3044
3514,3574,1.87,20.947,0.052,-0.017,0.0262167,23.64
3515,3575,1.87,20.946,0.052,0,0.0199401,17.9802
3516,3576,1.88,20.946,0.052,-0.001,0.0111261,10.0326
3517,3577,1.88,20.945,0.053,-0.001,0.0166225,14.9887
3518,3578,1.88,20.943,0.053,0.001,0.0350158,31.5742
3519,3579,1.88,20.944,0.053,-0.006,0.0293001,26.4203
3520,3580,1.88,20.944,0.052,-0.008,0.023739,21.4057
3521,3581,1.88,20.943,0.053,-0.007,0.0252629,22.7799
3522,3582,1.88,20.944,0.052,-0.022,0.037763,34.0514
3523,3583,1.88,20.945,0.052,-0.017,0.0315723,28.4691
3524,3584,1.88,20.948,0.052,-0.012,0.0411675,37.1213
3525,3585,1.88,20.946,0.052,0.004,0.03568,32.1731
3526,3586,1.88,20.945,0.052,0.005,0.024713,22.2841
3527,3587,1.88,20.946,0.053,0.008,0.0158917,14.3298
3528,3588,1.88,20.947,0.052,0.007,0.0189129,17.054
3529,3589,1.88,20.946,0.053,0,0.0121384,10.9454
3530,3590,1.88,20.944,0.053,0,0.0366894,33.0833
3531,3591,1.88,20.945,0.053,0,0.0509773,45.9669
3532,3592,1.88,20.946,0.052,-0.001,0.0500225,45.1059
3533,3593,1.88,20.946,0.053,-0.002,0.0369758,33.3416
3534,3594,1.88,20.944,0.052,-0.002,0.0331467,29.8888
3535,3595,1.88,20.945,0.053,-0.01,0.030657,27.6438
3536,3596,1.88,20.945,0.052,-0.006,0.0305523,27.5494
3537,3597,1.89,20.945,0.052,0.005,0.0081362,7.3365
3538,3598,1.89,20.945,0.052,0.018,0.0143965,12.9815
3539,3599,1.89,20.944,0.053,0.006,0.0181351,16.3527
3540,3600,1.89,20.946,0.052,0.011,0.0220271,19.8621
3541,3601,1.89,20.946,0.052,-0.011,0.0203488,18.3488
3542,3602,1.89,20.946,0.053,-0.02,0.0432953,39.0399
3543,3603,1.89,20.945,0.052,-0.024,0.034067,30.7186
3544,3604,1.89,20.946,0.052,-0.007,0.051999,46.8882
3545,3605,1.89,20.945,0.052,-0.008,0.038038,34.2994
3546,3606,1.89,20.946,0.052,-0.005,0.0291499,26.2848
3547,3607,1.89,20.946,0.052,0,0.0247752,22.3402
3548,3608,1.89,20.945,0.053,0.011,0.0382449,34.4859
3549,3609,1.9001,20.947,0.052,0.009,0.0284325,25.638
3550,3610,1.9001,20.946,0.052,0.011,0.0528173,47.626
3551,3611,1.9001,20.945,0.052,0.012,0.0383747,34.603
3552,3612,1.9001,20.944,0.052,0.014,0.0314928,28.3975
3553,3613,1.9001,20.944,0.052,-0.002,0.0270809,24.4192
3554,3614,1.9001,20.943,0.052,0.001,0.0288987,26.0583
3555,3615,1.9001,20.944,0.052,-0.019,0.033004,29.7602
3556,3616,1.9001,20.945,0.052,-0.003,0.0407432,36.7386
3557,3617,1.9001,20.944,0.052,0.001,0.0246345,22.2133
3558,3618,1.9001,20.945,0.053,0,0.0297105,26.7903
3559,3619,1.9001,20.946,0.053,-0.013,0.0182836,16.4865
3560,3620,1.9001,20.946,0.052,-0.004,0.0331005,29.8471
3561,3621,1.9001,20.946,0.052,-0.016,0.0172498,15.5544
3562,3622,1.9001,20.944,0.053,-0.003,0.0324525,29.2628
3563,3623,1.9001,20.944,0.053,-0.002,0.0332505,29.9824
3564,3624,1.9001,20.945,0.053,-0.003,0.0465997,42.0196
3565,3625,1.9001,20.946,0.053,-0.004,0.0338351,30.5096
3566,3626,1.9099,20.946,0.052,-0.003,0.0354694,31.9833
3567,3627,1.9099,20.945,0.052,-0.006,0.0159895,14.418
3568,3628,1.9099,20.944,0.052,0.01,0.0352394,31.7758
3569,3629,1.9099,20.944,0.052,0.005,0.0237725,21.436
3570,3630,1.9099,20.944,0.052,0.016,0.0435831,39.2995
3571,3631,1.9099,20.944,0.052,0.002,0.0337423,30.4259
3572,3632,1.9099,20.944,0.052,0.012,0.0455152,41.0417
3573,3633,1.9099,20.945,0.052,-0.007,0.0339437,30.6075
3574,3634,1.9099,20.946,0.052,0.002,0.0446558,40.2668
3575,3635,1.9099,20.944,0.052,-0.01,0.0405804,36.5919
3576,3636,1.9099,20.944,0.052,-0.003,0.0371728,33.5192
3577,3637,1.92,20.945,0.051,-0.005,0.0149624,13.4918
3578,3638,1.92,20.945,0.052,0.014,0.0182501,16.4564
3579,3639,1.92,20.945,0.052,0,0.0120636,10.8779
3580,3640,1.92,20.944,0.052,0.001,0.0313311,28.2517
3581,3641,1.92,20.946,0.052,-0.012,0.0232906,21.0014
3582,3642,1.92,20.945,0.052,-0.008,0.0428251,38.616
3583,3643,1.92,20.946,0.052,-0.014,0.0443392,39.9813
3584,3644,1.92,20.945,0.052,-0.004,0.0459488,41.4326
3585,3645,1.92,20.945,0.053,-0.014,0.038157,34.4066
3586,3646,1.92,20.945,0.053,-0.011,0.0261688,23.5968
3587,3647,1.92,20.945,0.052,-0.003,0.0143988,12.9836
3588,3648,1.92,20.944,0.052,0.014,0.0375133,33.8262
3589,3649,1.92,20.945,0.052,0.016,0.0240671,21.7016
3590,3650,1.93,20.944,0.052,0.017,0.0523477,47.2026
3591,3651,1.93,20.945,0.052,-0.006,0.037729,34.0208
3592,3652,1.93,20.946,0.053,0.002,0.0510084,45.995
3593,3653,1.92,20.946,0.053,-0.012,0.0507182,45.7333
3594,3654,1.92,20.945,0.053,-0.015,0.0495725,44.7002
3595,3655,1.92,20.945,0.052,-0.007,0.0461051,41.5736
3596,3656,1.92,20.943,0.052,-0.003,0.0346776,31.2693
3597,3657,1.93,20.944,0.051,0.004,0.0259407,23.3911
3598,3658,1.93,20.945,0.051,0.011,0.034891,31.4616
3599,3659,1.93,20.946,0.052,-0.006,0.0188719,17.017
3600,3660,1.93,20.945,0.052,0.001,0.0236194,21.2979
3601,3661,1.93,20.946,0.053,-0.02,0.0149891,13.5159
3602,3662,1.93,20.945,0.053,-0.008,0.0373902,33.7152
3603,3663,1.93,20.945,0.053,-0.015,0.0377352,34.0264
3604,3664,1.93,20.944,0.053,-0.021,0.036414,32.835
3605,3665,1.93,20.945,0.053,-0.014,0.036426,32.8458
3606,3666,1.93,20.944,0.053,-0.011,0.0265986,23.9843
3607,3667,1.93,20.944,0.052,0,0.0285786,25.7697
3608,3668,1.93,20.944,0.052,0.004,0.0404485,36.473
3609,3669,1.93,20.945,0.052,0.005,0.0240183,21.6576
3610,3670,1.93,20.943,0.053,0.02,0.0298072,26.8776
3611,3671,1.93,20.943,0.053,0.005,0.0220848,19.9142
3612,3672,1.94,20.945,0.053,0.018,0.0265132,23.9073
3613,3673,1.94,20.944,0.053,-0.007,0.0381034,34.3583
3614,3674,1.94,20.945,0.053,-0.013,0.021102,19.0279
3615,3675,1.94,20.946,0.052,-0.007,0.0406827,36.6841
3616,3676,1.94,20.945,0.053,-0.005,0.0264408,23.842
3617,3677,1.94,20.945,0.052,0.002,0.0204103,18.4042
3618,3678,1.94,20.945,0.052,0.006,0.0213744,19.2736
3619,3679,1.94,20.944,0.053,-0.005,0.0223357,20.1404
3620,3680,1.94,20.944,0.052,0.005,0.0285206,25.7174
3621,3681,1.94,20.945,0.052,0,0.0269983,24.3447
3622,3682,1.94,20.945,0.052,0.008,0.0454218,40.9574
3623,3683,1.94,20.945,0.052,-0.001,0.0520716,46.9537
3624,3684,1.95,20.946,0.052,-0.012,0.0487479,43.9567
3625,3685,1.95,20.946,0.052,0.008,0.0460017,41.4803
3626,3686,1.95,20.945,0.053,-0.009,0.0321141,28.9577
3627,3687,1.95,20.945,0.052,-0.002,0.0191317,17.2513
3628,3688,1.95,20.946,0.052,0.009,0.0149469,13.4778
3629,3689,1.95,20.945,0.052,0.008,0.0191631,17.2796
3630,3690,1.95,20.945,0.053,0.012,0.0340679,30.7194
3631,3691,1.95,20.944,0.053,-0.004,0.0152692,13.7685
3632,3692,1.95,20.946,0.053,0.007,0.0256274,23.1085
3633,3693,1.95,20.944,0.053,-0.005,0.038021,34.284
3634,3694,1.95,20.943,0.053,-0.013,0.0377775,34.0645
3635,3695,1.95,20.943,0.052,-0.019,0.0344203,31.0372
3636,3696,1.95,20.945,0.052,-0.015,0.0296126,26.7021
3637,3697,1.95,20.945,0.052,0.008,0.0308016,27.7742
3638,3698,1.95,20.943,0.052,0.015,0.0216815,19.5505
3639,3699,1.96,20.944,0.052,0.014,0.0296549,26.7402
3640,3700,1.96,20.945,0.051,0.01,0.0224971,20.2859
3641,3701,1.96,20.945,0.052,0.007,0.0107631,9.7052
3642,3702,1.96,20.943,0.052,0.014,0.0311533,28.0914
3643,3703,1.96,20.945,0.052,0.004,0.0515609,46.4931
3644,3704,1.96,20.945,0.052,-0.002,0.0566537,51.0854
3645,3705,1.96,20.944,0.052,-0.007,0.0392185,35.3638
3646,3706,1.96,20.945,0.052,-0.009,0.0432823,39.0282
3647,3707,1.96,20.946,0.053,0.001,0.0509245,45.9193
3648,3708,1.96,20.945,0.052,-0.002,0.0312974,28.2213
3649,3709,1.96,20.945,0.052,0.008,0.0257513,23.2203
3650,3710,1.96,20.945,0.053,0.001,0.01568,14.1389
3651,3711,1.96,20.945,0.053,0.011,0.0184662,16.6512
3652,3712,1.96,20.944,0.053,0.017,0.0214458,19.338
3653,3713,1.96,20.945,0.053,-0.002,0.0421019,37.9638
3654,3714,1.96,20.945,0.053,-0.011,0.0431145,38.8769
3655,3715,1.96,20.943,0.053,-0.016,0.0250301,22.57
3656,3716,1.96,20.943,0.052,-0.01,0.0290929,26.2335
3657,3717,1.97,20.945,0.052,-0.008,0.0258356,23.2963
3658,3718,1.97,20.944,0.052,-0.01,0.0164929,14.8719
3659,3719,1.97,20.943,0.051,-0.001,0.015069,13.5879
3660,3720,1.97,20.945,0.051,0.005,0.0151426,13.6543
3661,3721,1.97,20.945,0.052,0.005,0.0164667,14.8483
3662,3722,1.97,20.947,0.052,0.006,0.0273525,24.6641
3663,3723,1.97,20.946,0.052,0.008,0.0326659,29.4552
3664,3724,1.97,20.945,0.053,-0.006,0.0311296,28.0699
3665,3725,1.97,20.944,0.052,-0.008,0.0465816,42.0032
3666,3726,1.97,20.944,0.052,0.005,0.0286498,25.8339
3667,3727,1.97,20.945,0.052,0.006,0.0398905,35.9698
3668,3728,1.97,20.944,0.053,0.009,0.045384,40.9234
3669,3729,1.97,20.944,0.052,0.012,0.0292075,26.3368
3670,3730,1.97,20.945,0.053,0.014,0.0121216,10.9302
3671,3731,1.97,20.945,0.052,0.008,0.014543,13.1136
3672,3732,1.97,20.946,0.053,0.008,0.039183,35.3318
3673,3733,1.97,20.946,0.053,-0.003,0.043904,39.5888
3674,3734,1.98,20.946,0.053,-0.008,0.0413917,37.3235
3675,3735,1.98,20.946,0.053,-0.002,0.0408827,36.8645
3676,3736,1.98,20.945,0.052,-0.016,0.0371086,33.4613
3677,3737,1.98,20.945,0.052,0.001,0.0330419,29.7943
3678,3738,1.98,20.945,0.052,-0.004,0.0150645,13.5839
3679,3739,1.98,20.944,0.053,-0.009,0.0191806,17.2954
3680,3740,1.98,20.944,0.053,0.004,0.020098,18.1227
3681,3741,1.98,20.944,0.053,0.011,0.0221225,19.9481
3682,3742,1.98,20.946,0.052,0.004,0.0332252,29.9596
3683,3743,1.98,20.947,0.053,-0.008,0.0299297,26.988
3684,3744,1.98,20.945,0.052,-0.009,0.0368027,33.1855
3685,3745,1.98,20.944,0.052,-0.01,0.0583408,52.6067
3686,3746,1.98,20.945,0.052,-0.005,0.0483647,43.6111
3687,3747,1.98,20.944,0.053,-0.002,0.0514385,46.3828
3688,3748,1.98,20.944,0.052,-0.008,0.0230725,20.8047
3689,3749,1.99,20.946,0.053,0.014,0.029303,26.4229
3690,3750,1.99,20.945,0.053,0.009,0.0149651,13.4942
3691,3751,1.99,20.945,0.052,0.008,0.0174195,15.7074
3692,3752,1.99,20.945,0.053,0.012,0.0276218,24.907
3693,3753,2,20.944,0.053,0.001,0.0334645,30.1754
3694,3754,2,20.944,0.052,-0.001,0.0311411,28.0804
3695,3755,1.99,20.945,0.053,-0.011,0.0503998,45.4462
3696,3756,1.99,20.946,0.052,-0.027,0.0264207,23.8239
3697,3757,1.99,20.945,0.053,-0.017,0.0356205,32.1195
3698,3758,1.99,20.945,0.053,-0.02,0.025546,23.0352
3699,3759,1.99,20.945,0.053,0.001,0.027773,25.0433
3700,3760,2,20.946,0.053,0,0.0182448,16.4516
3701,3761,2,20.945,0.052,0.013,0.0101102,9.1165
3702,3762,2,20.945,0.052,0.012,0.0161567,14.5687
3703,3763,2,20.945,0.052,0.002,0.0307547,27.7319
3704,3764,2,20.945,0.053,-0.003,0.0366554,33.0527
3705,3765,2,20.945,0.053,0.003,0.0400837,36.144
3706,3766,2.0099,20.944,0.053,-0.01,0.0468044,42.2042
3707,3767,2.0099,20.943,0.053,0.012,0.050275,45.3336
3708,3768,2.0099,20.943,0.053,-0.006,0.028622,25.8088
3709,3769,2.0099,20.945,0.052,0.008,0.034475,31.0865
3710,3770,2.0099,20.944,0.052,0.007,0.0230017,20.7409
3711,3771,2.0099,20.944,0.052,0.016,0.0198155,17.8679
3712,3772,2.0099,20.944,0.053,0.014,0.0242972,21.9091
3713,3773,2.0199,20.946,0.052,0.012,0.0370538,33.4119
3714,3774,2.0199,20.945,0.053,0.004,0.0273525,24.6641
3715,3775,2.0199,20.944,0.052,0.003,0.0328529,29.6239
3716,3776,2.0199,20.943,0.052,-0.004,0.0162574,14.6595
3717,3777,2.0099,20.944,0.052,-0.006,0.0390996,35.2566
3718,3778,2.0099,20.943,0.052,-0.019,0.0241616,21.7868
3719,3779,2.0099,20.945,0.052,-0.003,0.019624,17.6953
3720,3780,2.0099,20.946,0.051,-0.004,0.0161983,14.6063
3721,3781,2.0099,20.945,0.052,0.003,0.024046,21.6826
3722,3782,2.0099,20.946,0.052,0.009,0.0308141,27.7855
3723,3783,2.0199,20.945,0.053,0.005,0.0429169,38.6987
3724,3784,2.0199,20.945,0.053,-0.012,0.0304069,27.4183
3725,3785,2.0199,20.946,0.053,-0.003,0.0457983,41.297
3726,3786,2.0199,20.946,0.053,-0.003,0.0533938,48.1459
3727,3787,2.0199,20.945,0.052,0.012,0.0449665,40.5469
3728,3788,2.0199,20.945,0.053,-0.008,0.0271358,24.4687
3729,3789,2.0199,20.945,0.053,0,0.034727,31.3138
3730,3790,2.0199,20.946,0.053,0.004,0.0310151,27.9667
3731,3791,2.0199,20.946,0.053,0.012,0.0388669,35.0468
3732,3792,2.0199,20.945,0.053,0,0.0227973,20.5566
3733,3793,2.0199,20.946,0.053,0.003,0.0189502,17.0876
3734,3794,2.0199,20.944,0.054,-0.008,0.0193724,17.4683
3735,3795,2.0199,20.944,0.053,-0.002,0.0372846,33.62
3736,3796,2.0199,20.945,0.052,-0.016,0.0282272,25.4528
3737,3797,2.0199,20.945,0.051,-0.012,0.028591,25.7809
3738,3798,2.0199,20.943,0.052,-0.008,0.0157628,14.2135
3739,3799,2.0199,20.944,0.052,-0.002,0.0320779,28.925
3740,3800,2.0299,20.946,0.052,-0.005,0.0287948,25.9646
3741,3801,2.0299,20.945,0.052,0.004,0.0185388,16.7167
3742,3802,2.0299,20.944,0.053,-0.003,0.0245258,22.1152
3743,3803,2.0299,20.944,0.053,0.006,0.0209634,18.903
3744,3804,2.0299,20.945,0.053,0.009,0.0370385,33.3981
3745,3805,2.0299,20.945,0.053,0.014,0.065238,58.826
3746,3806,2.0299,20.944,0.052,-0.007,0.0279466,25.1998
3747,3807,2.0299,20.945,0.052,-0.003,0.0573216,51.6877
3748,3808,2.0299,20.946,0.052,-0.008,0.037446,33.7655
3749,3809,2.0299,20.947,0.052,0.004,0.0435867,39.3027
3750,3810,2.0299,20.947,0.052,-0.002,0.0425444,38.3628
3751,3811,2.0299,20.945,0.052,0.006,0.0359344,32.4025
3752,3812,2.0299,20.944,0.052,0.011,0.0131162,11.8271
3753,3813,2.0299,20.945,0.052,0.005,0.0210861,19.0136
3754,3814,2.0299,20.945,0.051,0.004,0.0285995,25.7885
3755,3815,2.0299,20.946,0.052,-0.005,0.0421549,38.0116
3756,3816,2.0299,20.945,0.053,-0.028,0.0502946,45.3513
3757,3817,2.0299,20.944,0.052,0.006,0.0556267,50.1593
3758,3818,2.0299,20.944,0.052,-0.021,0.03432,30.9468
3759,3819,2.0299,20.944,0.052,-0.002,0.0433408,39.081
3760,3820,2.0299,20.944,0.053,-0.007,0.0401213,36.1779
3761,3821,2.0299,20.944,0.053,-0.013,0.0315798,28.4759
3762,3822,2.0299,20.945,0.052,-0.007,0.0471575,42.5225
3763,3823,2.0299,20.945,0.052,0.016,0.03701,33.3724
3764,3824,2.0399,20.945,0.053,0.013,0.0440184,39.692
3765,3825,2.0399,20.944,0.052,0.001,0.050103,45.1785
3766,3826,2.05,20.945,0.053,-0.006,0.0413412,37.2779
3767,3827,2.05,20.944,0.053,-0.011,0.0520254,46.912
3768,3828,2.05,20.943,0.052,-0.015,0.0409655,36.9392
3769,3829,2.05,20.943,0.052,0.001,0.0446298,40.2433
3770,3830,2.05,20.944,0.052,-0.008,0.0257816,23.2476
3771,3831,2.0399,20.944,0.052,-0.009,0.0288898,26.0503
3772,3832,2.0399,20.945,0.052,0.003,0.0236926,21.364
3773,3833,2.0399,20.944,0.052,-0.011,0.0291026,26.2422
3774,3834,2.0399,20.944,0.051,-0.006,0.0320563,28.9056
3775,3835,2.0399,20.945,0.052,-0.016,0.0393203,35.4557
3776,3836,2.0399,20.946,0.052,-0.014,0.0342633,30.8957
3777,3837,2.0399,20.944,0.052,-0.011,0.0502051,45.2706
3778,3838,2.05,20.945,0.053,-0.015,0.0244151,22.0154
3779,3839,2.05,20.944,0.053,-0.011,0.0371624,33.5098
3780,3840,2.05,20.945,0.052,-0.019,0.0289702,26.1228
3781,3841,2.05,20.946,0.051,0.004,0.0268534,24.214
3782,3842,2.05,20.945,0.052,0.007,0.0339421,30.6061
3783,3843,2.05,20.944,0.053,0.001,0.0246129,22.1937
3784,3844,2.05,20.946,0.053,0,0.023727,21.3949
3785,3845,2.05,20.945,0.053,-0.008,0.0336483,30.3411
3786,3846,2.05,20.946,0.053,-0.005,0.0352331,31.7702
3787,3847,2.05,20.944,0.052,0,0.0485654,43.7921
3788,3848,2.05,20.944,0.052,-0.018,0.0200626,18.0907
3789,3849,2.05,20.945,0.051,0.006,0.0331655,29.9058
3790,3850,2.05,20.945,0.053,-0.01,0.0412321,37.1795
3791,3851,2.06,20.946,0.053,0,0.0274888,24.7871
3792,3852,2.06,20.945,0.053,0.002,0.0163542,14.7468
3793,3853,2.06,20.945,0.052,0.005,0.0246877,22.2612
3794,3854,2.06,20.943,0.053,0.01,0.0459904,41.4701
3795,3855,2.06,20.944,0.052,0,0.0344246,31.0412
3796,3856,2.06,20.946,0.052,-0.003,0.0281707,25.4019
3797,3857,2.06,20.945,0.052,-0.005,0.0428433,38.6323
3798,3858,2.06,20.945,0.052,-0.017,0.04269,38.4941
3799,3859,2.06,20.945,0.053,0.005,0.0461964,41.6559
3800,3860,2.06,20.946,0.052,-0.013,0.0374462,33.7658
3801,3861,2.06,20.947,0.053,-0.005,0.0185373,16.7153
3802,3862,2.06,20.944,0.052,0.006,0.0407422,36.7378
3803,3863,2.06,20.944,0.052,0.008,0.0375638,33.8718
3804,3864,2.06,20.946,0.052,0.005,0.0503566,45.4072
3805,3865,2.06,20.945,0.053,-0.01,0.0229706,20.7129
3806,3866,2.06,20.944,0.053,0,0.0375886,33.8941
3807,3867,2.07,20.944,0.053,0.001,0.0596043,53.746
3808,3868,2.07,20.945,0.052,-0.013,0.0698577,62.9916
3809,3869,2.07,20.945,0.052,-0.016,0.0503224,45.3763
3810,3870,2.07,20.946,0.053,-0.011,0.0398052,35.8929
3811,3871,2.07,20.944,0.054,0.007,0.0391042,35.2608
3812,3872,2.07,20.942,0.053,0.009,0.0173354,15.6315
3813,3873,2.07,20.945,0.053,-0.006,0.0204273,18.4196
3814,3874,2.07,20.944,0.052,-0.003,0.0317124,28.5955
3815,3875,2.07,20.944,0.052,-0.014,0.0271859,24.5139
3816,3876,2.07,20.944,0.053,0.002,0.0451629,40.724
3817,3877,2.07,20.946,0.052,-0.008,0.0331606,29.9013
3818,3878,2.07,20.945,0.052,-0.018,0.0272246,24.5488
3819,3879,2.08,20.943,0.053,-0.023,0.0430931,38.8576
3820,3880,2.08,20.942,0.053,-0.02,0.0400235,36.0897
3821,3881,2.08,20.945,0.052,-0.001,0.0284726,25.6741
3822,3882,2.08,20.943,0.053,0.002,0.0255865,23.0717
3823,3883,2.08,20.943,0.053,0.011,0.0194247,17.5155
3824,3884,2.08,20.945,0.053,0.013,0.0453091,40.8558
3825,3885,2.08,20.944,0.053,-0.002,0.0425034,38.3259
3826,3886,2.08,20.945,0.053,0.006,0.0531587,47.9339
3827,3887,2.08,20.944,0.053,-0.011,0.0477376,43.0457
3828,3888,2.08,20.944,0.052,-0.009,0.0503045,45.3603
3829,3889,2.08,20.946,0.052,-0.002,0.0443516,39.9924
3830,3890,2.09,20.946,0.052,-0.012,0.0402564,36.2998
3831,3891,2.09,20.945,0.052,-0.009,0.0226837,20.4542
3832,3892,2.09,20.945,0.053,0.002,0.0292915,26.4126
3833,3893,2.09,20.945,0.052,0.008,0.007528,6.7881
3834,3894,2.09,20.944,0.053,0.015,0.0293188,26.4371
3835,3895,2.09,20.944,0.053,-0.015,0.0212724,19.1816
3836,3896,2.09,20.945,0.053,-0.008,0.0385079,34.7231
3837,3897,2.09,20.944,0.052,-0.023,0.0325342,29.3365
3838,3898,2.09,20.945,0.052,-0.012,0.0347649,31.348
3839,3899,2.1,20.944,0.053,-0.013,0.0432515,39.0004
3840,3900,2.1,20.944,0.053,-0.01,0.065018,58.6276
3841,3901,2.09,20.944,0.053,-0.005,0.0389007,35.0773
3842,3902,2.09,20.944,0.053,0.006,0.0437808,39.4777
3843,3903,2.09,20.945,0.053,0,0.0332146,29.9501
3844,3904,2.09,20.945,0.053,0.02,0.0353356,31.8626
3845,3905,2.09,20.945,0.053,0.009,0.0360275,32.4865
3846,3906,2.09,20.943,0.052,0.007,0.0423755,38.2106
3847,3907,2.09,20.945,0.052,-0.013,0.0309392,27.8983
3848,3908,2.09,20.946,0.053,0.003,0.0485885,43.8129
3849,3909,2.09,20.944,0.053,0,0.0510559,46.0378
3850,3910,2.09,20.944,0.052,-0.009,0.0452477,40.8004
3851,3911,2.09,20.944,0.052,-0.024,0.0223714,20.1726
3852,3912,2.09,20.943,0.052,-0.003,0.0398765,35.9572
3853,3913,2.1,20.944,0.052,-0.017,0.0189358,17.0746
3854,3914,2.1,20.946,0.052,-0.003,0.033199,29.936
3855,3915,2.1,20.945,0.052,-0.005,0.0062636,5.648
3856,3916,2.1,20.945,0.053,-0.005,0.0501655,45.2349
3857,3917,2.1,20.945,0.052,-0.012,0.0374323,33.7532
3858,3918,2.1,20.945,0.052,-0.001,0.0431088,38.8718
3859,3919,2.1,20.945,0.052,-0.012,0.0376083,33.9119
3860,3920,2.1,20.944,0.052,-0.015,0.0299396,26.9969
3861,3921,2.1,20.944,0.053,-0.009,0.0407673,36.7604
3862,3922,2.1,20.944,0.053,0.006,0.027348,24.66
3863,3923,2.1,20.945,0.054,-0.006,0.0368623,33.2392
3864,3924,2.1,20.944,0.053,0.013,0.0428097,38.6021
3865,3925,2.1,20.944,0.052,0.006,0.0330946,29.8418
3866,3926,2.1,20.943,0.052,0.027,0.0436361,39.3472
3867,3927,2.1,20.944,0.052,-0.004,0.0321349,28.9765
3868,3928,2.1,20.942,0.053,-0.002,0.0353636,31.8878
3869,3929,2.1099,20.944,0.053,-0.013,0.0357717,32.2558
3870,3930,2.1099,20.945,0.053,-0.012,0.0457763,41.2771
3871,3931,2.1099,20.946,0.053,-0.005,0.0309092,27.8713
3872,3932,2.1099,20.946,0.053,-0.001,0.0332448,29.9772
3873,3933,2.1099,20.943,0.052,0.002,0.014091,12.7061
3874,3934,2.1099,20.945,0.052,-0.001,0.0307588,27.7356
3875,3935,2.1099,20.944,0.053,-0.007,0.0268562,24.2166
3876,3936,2.1099,20.944,0.052,0.001,0.0474378,42.7753
3877,3937,2.1099,20.944,0.051,-0.003,0.0268587,24.2188
3878,3938,2.1099,20.943,0.051,-0.001,0.0433282,39.0696
3879,3939,2.1099,20.945,0.052,-0.009,0.0422049,38.0567
3880,3940,2.1099,20.946,0.052,0,0.0393282,35.4627
3881,3941,2.1099,20.944,0.053,-0.01,0.0428033,38.5963
3882,3942,2.1099,20.944,0.053,0.003,0.0309214,27.8823
3883,3943,2.1099,20.944,0.053,0.001,0.0228919,20.6419
3884,3944,2.1099,20.944,0.053,0.014,0.0434636,39.1917
3885,3945,2.1199,20.945,0.052,0.003,0.0237068,21.3767
3886,3946,2.1199,20.944,0.053,0.008,0.0282861,25.5059
3887,3947,2.1199,20.944,0.053,-0.012,0.0429193,38.7009
3888,3948,2.1199,20.944,0.052,0.002,0.0369868,33.3515
3889,3949,2.1199,20.945,0.052,-0.002,0.040459,36.4824
3890,3950,2.1199,20.943,0.053,-0.006,0.0311131,28.0551
3891,3951,2.1199,20.944,0.052,-0.005,0.0498354,44.9372
3892,3952,2.1199,20.944,0.053,-0.012,0.0424202,38.2508
3893,3953,2.1199,20.945,0.052,-0.002,0.0206942,18.6602
3894,3954,2.1199,20.945,0.051,0.007,0.0288882,26.0488
3895,3955,2.1199,20.945,0.052,-0.012,0.0151002,13.616
3896,3956,2.1199,20.945,0.053,0.006,0.0193814,17.4765
3897,3957,2.1199,20.945,0.052,0.001,0.0134153,12.0967
3898,3958,2.1199,20.945,0.052,-0.007,0.0434738,39.2009
3899,3959,2.1199,20.944,0.052,-0.002,0.0377528,34.0422
3900,3960,2.1199,20.944,0.053,-0.01,0.0474351,42.7729
3901,3961,2.1199,20.945,0.052,-0.007,0.0434792,39.2058
3902,3962,2.1299,20.946,0.053,-0.009,0.0415559,37.4715
3903,3963,2.1299,20.943,0.053,-0.003,0.0197505,17.8093
3904,3964,2.1299,20.943,0.053,0.013,0.0247742,22.3392
3905,3965,2.1299,20.944,0.053,0.005,0.0280014,25.2492
3906,3966,2.1299,20.944,0.053,0.013,0.0204216,18.4144
3907,3967,2.1299,20.945,0.053,0.009,0.0315162,28.4186
3908,3968,2.1299,20.945,0.052,0.01,0.0403005,36.3395
3909,3969,2.1299,20.946,0.051,-0.012,0.0336851,30.3743
3910,3970,2.1399,20.945,0.053,-0.006,0.0266043,23.9894
3911,3971,2.1399,20.945,0.053,-0.008,0.0361484,32.5955
3912,3972,2.1399,20.943,0.053,-0.009,0.0295042,26.6043
3913,3973,2.1399,20.944,0.053,-0.007,0.0289732,26.1255
3914,3974,2.1399,20.944,0.053,0.009,0.0397893,35.8786
3915,3975,2.1399,20.945,0.052,0.004,0.0172114,15.5198
3916,3976,2.1399,20.945,0.053,0.011,0.0355069,32.0171
3917,3977,2.1399,20.943,0.053,0.003,0.0345773,31.1788
3918,3978,2.1399,20.946,0.052,0.002,0.0489551,44.1434
3919,3979,2.1399,20.944,0.052,-0.005,0.0488959,44.0901
3920,3980,2.1399,20.944,0.053,-0.003,0.0531988,47.9701
3921,3981,2.1399,20.945,0.053,0.003,0.0414127,37.3424
3922,3982,2.1399,20.945,0.053,0.003,0.0371694,33.5161
3923,3983,2.1399,20.943,0.053,0.009,0.036343,32.771
3924,3984,2.1399,20.943,0.052,0.005,0.0331495,29.8913
3925,3985,2.1399,20.944,0.053,0.001,0.0282158,25.4425
3926,3986,2.1399,20.943,0.053,0.016,0.0548297,49.4407
3927,3987,2.1399,20.944,0.053,-0.001,0.028084,25.3238
3928,3988,2.1399,20.944,0.052,-0.005,0.036266,32.7015
3929,3989,2.1399,20.945,0.052,-0.009,0.0669541,60.3734
3930,3990,2.1399,20.943,0.051,-0.013,0.0432712,39.0182
3931,3991,2.1399,20.944,0.052,-0.02,0.0407442,36.7396
3932,3992,2.1399,20.945,0.052,-0.011,0.035538,32.0451
3933,3993,2.1399,20.945,0.052,-0.002,0.0331462,29.8884
3934,3994,2.1399,20.944,0.052,0.004,0.0293704,26.4837
3935,3995,2.1399,20.943,0.052,0.002,0.0226296,20.4054
3936,3996,2.1499,20.944,0.052,0.011,0.04205,37.917
3937,3997,2.1499,20.943,0.052,-0.022,0.0305426,27.5407
3938,3998,2.1499,20.945,0.053,-0.003,0.0393231,35.4582
3939,3999,2.1499,20.946,0.052,-0.006,0.0437377,39.4389
3940,4000,2.1499,20.945,0.052,-0.03,0.0493004,44.4548
3941,4001,2.1499,20.944,0.052,-0.012,0.0344615,31.0744
3942,4002,2.1499,20.945,0.053,0,0.0451374,40.701
3943,4003,2.1499,20.943,0.052,-0.001,0.0384471,34.6682
3944,4004,2.1499,20.944,0.052,0.002,0.0306734,27.6586
3945,4005,2.1499,20.944,0.052,0.006,0.0254102,22.9127
3946,4006,2.1499,20.944,0.052,0.007,0.0328938,29.6608
3947,4007,2.1499,20.945,0.053,-0.006,0.0226882,20.4582
3948,4008,2.1599,20.944,0.053,0.003,0.0288162,25.9839
3949,4009,2.1599,20.944,0.052,-0.004,0.0390774,35.2366
3950,4010,2.1599,20.944,0.052,-0.008,0.0163437,14.7374
3951,4011,2.1599,20.944,0.053,-0.013,0.0282706,25.4919
3952,4012,2.17,20.944,0.052,0,0.0197878,17.843
3953,4013,2.17,20.944,0.052,-0.009,0.0344313,31.0472
3954,4014,2.17,20.944,0.052,-0.003,0.0236937,21.3649
3955,4015,2.17,20.944,0.053,-0.001,0.031712,28.5952
3956,4016,2.17,20.945,0.052,0.003,0.021392,19.2895
3957,4017,2.17,20.945,0.053,0.002,0.0382771,34.515
3958,4018,2.17,20.944,0.052,0.006,0.0460433,41.5179
3959,4019,2.17,20.945,0.051,-0.004,0.050595,45.6222
3960,4020,2.17,20.946,0.052,-0.003,0.0500952,45.1715
3961,4021,2.17,20.944,0.052,0.013,0.070134,63.2407
3962,4022,2.17,20.945,0.052,0.002,0.0389831,35.1516
3963,4023,2.17,20.945,0.053,0.005,0.0429359,38.7158
3964,4024,2.17,20.946,0.052,0,0.0352533,31.7884
3965,4025,2.17,20.944,0.052,0.011,0.0265618,23.9511
3966,4026,2.17,20.944,0.052,0.004,0.037838,34.119
3967,4027,2.17,20.944,0.053,0.013,0.0267147,24.089
3968,4028,2.17,20.944,0.053,0.001,0.0145124,13.086
3969,4029,2.17,20.943,0.054,-0.002,0.0272061,24.5321
3970,4030,2.17,20.942,0.053,-0.012,0.0250083,22.5503
3971,4031,2.1801,20.943,0.052,-0.015,0.0307249,27.7051
3972,4032,2.1801,20.944,0.053,-0.028,0.0257047,23.1782
3973,4033,2.1801,20.943,0.052,-0.004,0.0350123,31.571
3974,4034,2.1801,20.944,0.052,-0.008,0.0163827,14.7725
3975,4035,2.1801,20.944,0.052,0,0.0201446,18.1647
3976,4036,2.1801,20.944,0.052,0.003,0.0234271,21.1245
3977,4037,2.1801,20.945,0.052,-0.007,0.0214223,19.3168
3978,4038,2.1801,20.945,0.052,0.008,0.0279176,25.1736
3979,4039,2.1801,20.944,0.053,0.01,0.0459144,41.4016
3980,4040,2.1801,20.946,0.053,0.002,0.0448733,40.4628
3981,4041,2.1801,20.945,0.053,0.004,0.0604603,54.5179
3982,4042,2.1801,20.945,0.054,0.003,0.0375245,33.8363
3983,4043,2.1801,20.944,0.053,0.007,0.0420817,37.9457
3984,4044,2.1801,20.944,0.053,0.004,0.0256196,23.1016
3985,4045,2.1801,20.943,0.052,0.012,0.0156036,14.0699
3986,4046,2.1901,20.945,0.053,0.019,0.0133614,12.0482
3987,4047,2.1901,20.943,0.052,0.01,0.0162145,14.6208
3988,4048,2.1901,20.944,0.052,0.008,0.0230324,20.7686
3989,4049,2.1901,20.945,0.052,0.002,0.0350825,31.6344
3990,4050,2.1901,20.945,0.053,-0.005,0.0225431,20.3274
3991,4051,2.2001,20.943,0.052,-0.005,0.0306814,27.6658
3992,4052,2.2001,20.943,0.052,-0.023,0.0256392,23.1192
3993,4053,2.2001,20.944,0.053,-0.002,0.043484,39.2101
3994,4054,2.2001,20.944,0.052,-0.007,0.035913,32.3832
3995,4055,2.2001,20.944,0.052,0.009,0.0227032,20.4718
3996,4056,2.2001,20.944,0.052,0.004,0.0404743,36.4962
3997,4057,2.2001,20.947,0.052,0.011,0.0296255,26.7137
3998,4058,2.2001,20.946,0.052,0.008,0.033124,29.8684
3999,4059,2.2001,20.946,0.053,0.011,0.0435063,39.2302
4000,4060,2.2001,20.944,0.052,-0.001,0.0482894,43.5432
4001,4061,2.1901,20.944,0.052,0.012,0.060717,54.7493
4002,4062,2.1901,20.944,0.054,0,0.0278086,25.0753
4003,4063,2.1901,20.945,0.053,0.007,0.0312058,28.1387
4004,4064,2.2001,20.944,0.053,-0.004,0.023561,21.2453
4005,4065,2.2001,20.943,0.052,-0.002,0.0304536,27.4604
4006,4066,2.2001,20.944,0.053,0.007,0.0287343,25.9101
4007,4067,2.21,20.945,0.053,-0.001,0.0333238,30.0485
4008,4068,2.21,20.943,0.053,0.004,0.0300351,27.0831
4009,4069,2.21,20.944,0.053,0.001,0.0366602,33.057
4010,4070,2.21,20.944,0.053,-0.013,0.0194279,17.5184
4011,4071,2.21,20.945,0.053,-0.009,0.0437204,39.4232
4012,4072,2.21,20.943,0.052,-0.019,0.0214873,19.3753
4013,4073,2.21,20.943,0.052,0.007,0.0442885,39.9356
4014,4074,2.21,20.944,0.053,-0.001,0.0180963,16.3176
4015,4075,2.21,20.945,0.053,0.01,0.0313562,28.2743
4016,4076,2.21,20.944,0.052,-0.001,0.0286259,25.8123
4017,4077,2.21,20.945,0.052,0.001,0.0180029,16.2334
4018,4078,2.21,20.945,0.052,-0.003,0.0298716,26.9356
4019,4079,2.21,20.945,0.052,0.005,0.0505978,45.6247
4020,4080,2.21,20.944,0.052,-0.001,0.0368136,33.1953
4021,4081,2.21,20.944,0.052,0.01,0.0610631,55.0614
4022,4082,2.21,20.945,0.053,-0.008,0.0281827,25.4127
4023,4083,2.21,20.944,0.054,0.007,0.0567141,51.1399
4024,4084,2.22,20.945,0.054,-0.006,0.0304551,27.4618
4025,4085,2.22,20.943,0.053,0.014,0.0428588,38.6464
4026,4086,2.23,20.944,0.053,0.003,0.0276047,24.8915
4027,4087,2.23,20.944,0.052,0.005,0.0249457,22.4939
4028,4088,2.23,20.944,0.053,0.011,0.0408152,36.8036
4029,4089,2.23,20.945,0.053,0.004,0.0524719,47.3146
4030,4090,2.23,20.944,0.053,-0.02,0.0397268,35.8222
4031,4091,2.23,20.945,0.052,-0.012,0.0466795,42.0916
4032,4092,2.23,20.946,0.052,-0.024,0.0329241,29.6881
4033,4093,2.23,20.944,0.052,0.002,0.043883,39.5699
4034,4094,2.23,20.945,0.052,-0.019,0.0181478,16.3641
4035,4095,2.23,20.944,0.052,0,0.0295331,26.6304
4036,4096,2.23,20.945,0.053,-0.012,0.0276626,24.9437
4037,4097,2.22,20.945,0.053,0.006,0.0425724,38.3881
4038,4098,2.22,20.944,0.052,0.009,0.035516,32.0253
4039,4099,2.22,20.944,0.053,0,0.0234502,21.1453
4040,4100,2.22,20.943,0.052,-0.007,0.0459222,41.4086
4041,4101,2.22,20.942,0.053,0.005,0.047804,43.1055
4042,4102,2.23,20.942,0.053,-0.012,0.0421041,37.9658
4043,4103,2.23,20.944,0.053,0.001,0.0582782,52.5503
4044,4104,2.23,20.944,0.053,-0.014,0.0361929,32.6356
4045,4105,2.23,20.945,0.053,0.01,0.039875,35.9558
4046,4106,2.23,20.945,0.053,0,0.0214201,19.3148
4047,4107,2.23,20.945,0.052,0.001,0.0219305,19.775
4048,4108,2.23,20.945,0.053,-0.002,0.0324323,29.2446
4049,4109,2.23,20.943,0.053,0.004,0.0287216,25.8986
4050,4110,2.23,20.943,0.052,0.005,0.0281652,25.397
4051,4111,2.23,20.945,0.052,-0.01,0.0405416,36.5569
4052,4112,2.23,20.944,0.053,-0.016,0.0134685,12.1447
4053,4113,2.23,20.945,0.053,0.002,0.0378156,34.0988
4054,4114,2.23,20.942,0.052,-0.023,0.0556648,50.1937
4055,4115,2.23,20.944,0.052,-0.006,0.0473506,42.6967
4056,4116,2.23,20.945,0.052,-0.004,0.0446858,40.2938
4057,4117,2.23,20.944,0.052,0.008,0.0284814,25.6821
4058,4118,2.24,20.945,0.053,0.008,0.0395513,35.6639
4059,4119,2.24,20.945,0.052,0.002,0.0646745,58.3178
4060,4120,2.24,20.944,0.053,0.006,0.0483949,43.6384
4061,4121,2.24,20.944,0.053,0.001,0.0482771,43.5321
4062,4122,2.24,20.945,0.054,-0.006,0.0471258,42.4939
4063,4123,2.24,20.944,0.053,0.004,0.0620097,55.9149
4064,4124,2.24,20.947,0.053,-0.008,0.0385606,34.7706
4065,4125,2.24,20.945,0.052,-0.015,0.0422399,38.0883
4066,4126,2.24,20.943,0.053,-0.002,0.0435099,39.2334
4067,4127,2.24,20.942,0.053,-0.009,0.0360382,32.4961
4068,4128,2.24,20.944,0.052,0,0.0324532,29.2635
4069,4129,2.24,20.945,0.052,0.001,0.0220297,19.8645
4070,4130,2.24,20.943,0.052,-0.022,0.0324054,29.2204
4071,4131,2.24,20.943,0.053,-0.012,0.0466922,42.1029
4072,4132,2.24,20.944,0.053,-0.008,0.046709,42.1181
4073,4133,2.24,20.943,0.052,-0.003,0.0457021,41.2102
4074,4134,2.24,20.942,0.053,-0.016,0.0511418,46.1153
4075,4135,2.24,20.942,0.053,-0.004,0.0519628,46.8555
4076,4136,2.25,20.944,0.053,-0.002,0.0412671,37.2111
4077,4137,2.25,20.943,0.053,-0.004,0.0377374,34.0283
4078,4138,2.25,20.943,0.053,0.003,0.0392635,35.4045
4079,4139,2.25,20.943,0.053,0.006,0.0260839,23.5202
4080,4140,2.25,20.943,0.053,0.011,0.0403521,36.386
4081,4141,2.25,20.944,0.053,0.007,0.0442526,39.9031
4082,4142,2.25,20.943,0.053,-0.011,0.0349845,31.546
4083,4143,2.25,20.944,0.053,-0.008,0.0506062,45.6323
4084,4144,2.26,20.943,0.053,-0.01,0.0354801,31.9929
4085,4145,2.26,20.944,0.053,-0.015,0.0392338,35.3776
4086,4146,2.26,20.944,0.053,-0.012,0.0154048,13.8907
4087,4147,2.26,20.943,0.053,-0.006,0.0215696,19.4496
4088,4148,2.26,20.944,0.053,-0.003,0.0279248,25.1801
4089,4149,2.26,20.944,0.053,-0.004,0.0277867,25.0556
4090,4150,2.26,20.944,0.053,0.007,0.0354792,31.9921
4091,4151,2.26,20.944,0.053,-0.006,0.0428928,38.677
4092,4152,2.26,20.944,0.053,-0.01,0.0501002,45.176
4093,4153,2.26,20.944,0.053,-0.006,0.0431343,38.8948
4094,4154,2.26,20.945,0.052,-0.019,0.0242649,21.88
4095,4155,2.26,20.945,0.053,-0.006,0.0227528,20.5165
4096,4156,2.26,20.945,0.052,-0.005,0.0350781,31.6304
4097,4157,2.26,20.944,0.052,0.014,0.0252816,22.7967
4098,4158,2.26,20.945,0.053,0.008,0.028706,25.8846
4099,4159,2.26,20.945,0.052,0.001,0.0361338,32.5823
4100,4160,2.26,20.945,0.053,0.007,0.0503857,45.4334
4101,4161,2.26,20.944,0.053,-0.001,0.0431376,38.8977
4102,4162,2.26,20.944,0.053,-0.003,0.0382288,34.4714
4103,4163,2.26,20.943,0.053,-0.015,0.0430889,38.8538
4104,4164,2.26,20.944,0.053,-0.013,0.0349071,31.4762
4105,4165,2.27,20.945,0.053,0,0.0144862,13.0624
4106,4166,2.27,20.946,0.054,0.006,0.024872,22.4274
4107,4167,2.27,20.945,0.053,0.003,0.0274784,24.7776
4108,4168,2.27,20.943,0.053,0.013,0.0447026,40.3089
4109,4169,2.27,20.943,0.053,0.005,0.0258231,23.285
4110,4170,2.27,20.944,0.053,-0.002,0.0223283,20.1337
4111,4171,2.27,20.944,0.053,-0.019,0.0189817,17.116
4112,4172,2.27,20.945,0.052,-0.004,0.0372211,33.5628
4113,4173,2.27,20.943,0.052,-0.007,0.0463285,41.7751
4114,4174,2.27,20.945,0.053,-0.012,0.0309299,27.8899
4115,4175,2.27,20.945,0.053,-0.001,0.0264818,23.879
4116,4176,2.27,20.944,0.053,0.009,0.0320313,28.8831
4117,4177,2.27,20.946,0.053,0.004,0.0185121,16.6926
4118,4178,2.27,20.945,0.052,0.011,0.0377564,34.0454
4119,4179,2.2801,20.943,0.052,-0.009,0.0282673,25.489
4120,4180,2.2801,20.944,0.053,0.009,0.0299675,27.0221
4121,4181,2.2801,20.944,0.053,0.006,0.0430328,38.8033
4122,4182,2.2801,20.945,0.053,0.005,0.0457966,41.2954
4123,4183,2.2801,20.946,0.053,-0.003,0.0396294,35.7344
4124,4184,2.2801,20.944,0.052,-0.007,0.04251,38.3318
4125,4185,2.2801,20.943,0.053,-0.001,0.0419427,37.8203
4126,4186,2.2801,20.945,0.054,0.007,0.0350018,31.5616
4127,4187,2.2801,20.944,0.053,-0.003,0.0172567,15.5606
4128,4188,2.2901,20.945,0.052,0.01,0.0293486,26.464
4129,4189,2.2901,20.945,0.052,-0.007,0.0186908,16.8537
4130,4190,2.2901,20.945,0.052,0.006,0.0344754,31.0869
4131,4191,2.2801,20.944,0.052,0.005,0.0207265,18.6894
4132,4192,2.2801,20.944,0.053,-0.007,0.049795,44.9008
4133,4193,2.2801,20.944,0.053,-0.015,0.049825,44.9279
4134,4194,2.2801,20.945,0.053,-0.01,0.0538112,48.5222
4135,4195,2.2801,20.945,0.053,-0.013,0.0492187,44.3811
4136,4196,2.2801,20.945,0.052,-0.007,0.0429729,38.7492
4137,4197,2.2801,20.944,0.052,0,0.017199,15.5085
4138,4198,2.2801,20.944,0.053,0.012,0.037693,33.9882
4139,4199,2.2901,20.945,0.053,0,0.032313,29.137
4140,4200,2.2901,20.945,0.053,0.005,0.0311502,28.0886
4141,4201,2.2901,20.946,0.053,-0.005,0.0241331,21.7612
4142,4202,2.2901,20.945,0.053,0.008,0.0492581,44.4167
4143,4203,2.2901,20.945,0.054,-0.015,0.0492744,44.4314
4144,4204,2.2901,20.944,0.053,-0.011,0.04789,43.1831
4145,4205,2.2901,20.943,0.053,-0.008,0.0397897,35.8789
4146,4206,2.2901,20.942,0.053,-0.005,0.0303251,27.3445
4147,4207,2.2901,20.942,0.053,-0.008,0.0150346,13.5569
4148,4208,2.3001,20.944,0.053,0.011,0.0241679,21.7926
4149,4209,2.3001,20.945,0.052,-0.008,0.0137027,12.3559
4150,4210,2.3001,20.945,0.052,0.002,0.046025,41.5013
4151,4211,2.3001,20.944,0.052,-0.001,0.0298411,26.9081
4152,4212,2.3001,20.945,0.052,0.001,0.0312704,28.1969
4153,4213,2.3001,20.946,0.053,-0.014,0.0166173,14.984
4154,4214,2.3001,20.944,0.053,-0.013,0.0279775,25.2277
4155,4215,2.3001,20.944,0.052,-0.017,0.0380657,34.3243
4156,4216,2.3001,20.945,0.052,-0.004,0.0430049,38.7781
4157,4217,2.3001,20.944,0.052,0,0.0267167,24.0908
4158,4218,2.3001,20.945,0.052,0.014,0.0276863,24.9651
4159,4219,2.3001,20.945,0.051,0.01,0.0273825,24.6912
4160,4220,2.3001,20.944,0.053,0.021,0.0555752,50.1129
4161,4221,2.3001,20.944,0.052,-0.006,0.0487203,43.9317
4162,4222,2.3001,20.943,0.053,0.01,0.0460339,41.5094
4163,4223,2.31,20.943,0.054,-0.007,0.0425671,38.3833
4164,4224,2.31,20.946,0.053,0.006,0.0587067,52.9366
4165,4225,2.31,20.946,0.053,0.001,0.035371,31.8945
4166,4226,2.31,20.945,0.053,0.001,0.0167376,15.0925
4167,4227,2.31,20.943,0.053,-0.003,0.0053737,4.8455
4168,4228,2.31,20.943,0.052,0.007,0.0137946,12.4388
4169,4229,2.31,20.944,0.052,0.002,0,0
4170,4230,2.31,20.945,0.052,0.003,0.0231921,20.9126
4171,4231,2.31,20.945,0.052,-0.024,0.0221204,19.9462
4172,4232,2.31,20.945,0.053,-0.012,0.0472349,42.5923
4173,4233,2.32,20.944,0.053,-0.011,0.0409169,36.8953
4174,4234,2.32,20.944,0.053,-0.003,0.0547258,49.347
4175,4235,2.32,20.943,0.053,-0.018,0.0511027,46.08
4176,4236,2.32,20.943,0.052,-0.006,0.0293242,26.442
4177,4237,2.32,20.945,0.052,0.008,0.0258285,23.2899
4178,4238,2.32,20.946,0.053,0.023,0.0231885,20.9094
4179,4239,2.32,20.945,0.053,0.019,0.0157179,14.173
4180,4240,2.32,20.944,0.053,0.037,0.047723,43.0325
4181,4241,2.32,20.945,0.053,0.01,0.0358912,32.3636
4182,4242,2.32,20.944,0.053,0.016,0.0367728,33.1586
4183,4243,2.32,20.943,0.053,-0.007,0.0334398,30.1532
4184,4244,2.32,20.943,0.053,-0.001,0.0554566,50.0059
4185,4245,2.32,20.943,0.053,-0.015,0.0432663,39.0138
4186,4246,2.32,20.943,0.052,-0.015,0.0335779,30.2776
4187,4247,2.32,20.944,0.052,0.001,0.0355081,32.0181
4188,4248,2.33,20.945,0.052,0.004,0.0278391,25.1029
4189,4249,2.33,20.945,0.052,0.002,0.0104359,9.4102
4190,4250,2.33,20.946,0.053,0.018,0.033623,30.3183
4191,4251,2.33,20.944,0.053,-0.012,0.0075792,6.8343
4192,4252,2.33,20.944,0.053,-0.002,0.0366106,33.0122
4193,4253,2.33,20.944,0.053,-0.003,0.0320754,28.9228
4194,4254,2.33,20.944,0.053,-0.004,0.0365168,32.9277
4195,4255,2.33,20.945,0.053,-0.024,0.0439212,39.6043
4196,4256,2.32,20.945,0.053,-0.008,0.0218362,19.69
4197,4257,2.32,20.944,0.052,-0.004,0.0307752,27.7504
4198,4258,2.32,20.945,0.053,-0.005,0.0364964,32.9093
4199,4259,2.33,20.945,0.053,0.011,0.0149252,13.4582
4200,4260,2.33,20.943,0.052,0.022,0.0328747,29.6435
4201,4261,2.33,20.944,0.053,-0.003,0.0165191,14.8955
4202,4262,2.33,20.945,0.053,0.02,0.0373377,33.6679
4203,4263,2.33,20.945,0.053,-0.002,0.0319222,28.7847
4204,4264,2.33,20.944,0.053,-0.003,0.0407776,36.7697
4205,4265,2.33,20.945,0.054,-0.007,0.0492347,44.3956
4206,4266,2.34,20.945,0.053,-0.01,0.0266603,24.04
4207,4267,2.34,20.944,0.053,0.002,0.0261718,23.5994
4208,4268,2.34,20.946,0.053,0.003,0.0250187,22.5597
4209,4269,2.34,20.944,0.052,-0.002,0.0096419,8.6942
4210,4270,2.34,20.944,0.053,0.019,0.0284417,25.6462
4211,4271,2.34,20.944,0.052,0.001,0.0150502,13.5709
4212,4272,2.34,20.944,0.053,0.017,0.0330005,29.757
4213,4273,2.34,20.944,0.052,-0.008,0.0237451,21.4113
4214,4274,2.35,20.945,0.052,0.003,0.0364189,32.8394
4215,4275,2.35,20.944,0.052,-0.01,0.0564566,50.9076
4216,4276,2.35,20.945,0.052,-0.014,0.0225965,20.3756
4217,4277,2.35,20.944,0.053,0.008,0.0384373,34.6594
4218,4278,2.35,20.944,0.052,0.003,0.0337149,30.4012
4219,4279,2.35,20.945,0.053,0.005,0.0352026,31.7426
4220,4280,2.35,20.945,0.052,0.023,0.0315509,28.4499
4221,4281,2.35,20.944,0.052,0.006,0.0197564,17.8146
4222,4282,2.35,20.944,0.052,0.019,0.0130156,11.7363
4223,4283,2.35,20.944,0.053,-0.002,0.0270769,24.4156
4224,4284,2.35,20.945,0.052,0.005,0.0368779,33.2533
4225,4285,2.35,20.945,0.052,-0.006,0.0366976,33.0908
4226,4286,2.35,20.945,0.053,-0.016,0.0101693,9.1698
4227,4287,2.35,20.943,0.052,0.006,0.0409458,36.9214
4228,4288,2.35,20.945,0.053,-0.007,0.0339928,30.6518
4229,4289,2.35,20.945,0.053,0.005,0.0187329,16.8917
4230,4290,2.35,20.943,0.053,0.004,0.0170442,15.369
4231,4291,2.35,20.943,0.052,-0.002,0.0137276,12.3784
4232,4292,2.35,20.945,0.053,0.01,0.0285442,25.7387
4233,4293,2.36,20.945,0.053,0.015,0.0249694,22.5153
4234,4294,2.36,20.945,0.053,0.007,0.0400524,36.1158
4235,4295,2.36,20.944,0.053,-0.003,0.0464492,41.8838
4236,4296,2.36,20.944,0.053,-0.007,0.0419181,37.7981
4237,4297,2.36,20.945,0.053,0.013,0.0449427,40.5254
4238,4298,2.36,20.946,0.053,-0.006,0.0262947,23.7103
4239,4299,2.36,20.944,0.053,0,0.0230559,20.7899
4240,4300,2.36,20.944,0.053,0.005,0.019042,17.1704
4241,4301,2.36,20.946,0.052,0.011,0.0206438,18.6148
4242,4302,2.36,20.945,0.052,0.02,0.0099116,8.9374
4243,4303,2.36,20.944,0.053,0.011,0.0412417,37.1882
4244,4304,2.36,20.943,0.053,0.004,0.0378568,34.136
4245,4305,2.36,20.945,0.053,-0.005,0.0466032,42.0227
4246,4306,2.36,20.944,0.053,-0.012,0.0364571,32.8738
4247,4307,2.36,20.944,0.052,-0.007,0.0500554,45.1356
4248,4308,2.36,20.944,0.052,-0.009,0.0295915,26.6831
4249,4309,2.36,20.944,0.052,0.004,0.0260213,23.4638
4250,4310,2.37,20.945,0.052,0.011,0.0244727,22.0673
4251,4311,2.37,20.944,0.051,0.015,0.0277695,25.0401
4252,4312,2.37,20.944,0.053,0.01,0.0310742,28.02
4253,4313,2.37,20.945,0.052,0.013,0.0348275,31.4044
4254,4314,2.37,20.946,0.053,-0.006,0.0393341,35.4681
4255,4315,2.37,20.944,0.053,0.001,0.0330002,29.7567
4256,4316,2.37,20.943,0.053,-0.007,0.0566981,51.1254
4257,4317,2.37,20.943,0.053,-0.002,0.0528944,47.6956
4258,4318,2.37,20.944,0.053,-0.01,0.0323384,29.16
4259,4319,2.37,20.943,0.054,-0.001,0.0275704,24.8606
4260,4320,2.37,20.945,0.053,0.002,0.0330802,29.8288
4261,4321,2.37,20.945,0.053,0.009,0.026525,23.9179
4262,4322,2.37,20.944,0.053,0.011,0.0332879,30.0162
4263,4323,2.37,20.943,0.053,0.003,0.0364069,32.8286
4264,4324,2.37,20.944,0.052,-0.005,0.0363998,32.8221
4265,4325,2.37,20.945,0.053,-0.004,0.0344524,31.0662
4266,4326,2.37,20.944,0.052,-0.004,0.0195674,17.6442
4267,4327,2.37,20.945,0.053,-0.015,0.0302344,27.2628
4268,4328,2.38,20.943,0.053,-0.018,0.0314113,28.324
4269,4329,2.38,20.944,0.053,0.002,0.022619,20.3959
4270,4330,2.38,20.944,0.053,0.002,0.0236066,21.2864
4271,4331,2.38,20.945,0.052,0.006,0.0222705,20.0816
4272,4332,2.38,20.943,0.053,0.008,0.0457744,41.2754
4273,4333,2.38,20.944,0.052,0.005,0.038732,34.9252
4274,4334,2.38,20.943,0.052,-0.001,0.0528201,47.6286
4275,4335,2.38,20.944,0.053,-0.001,0.0545327,49.1728
4276,4336,2.38,20.944,0.053,0,0.0430821,38.8477
4277,4337,2.39,20.944,0.053,0.009,0.0595689,53.7141
4278,4338,2.39,20.945,0.053,-0.001,0.0534524,48.1987
4279,4339,2.39,20.945,0.053,0.003,0.0433602,39.0985
4280,4340,2.39,20.944,0.052,0.001,0.0312264,28.1572
4281,4341,2.39,20.946,0.053,0.006,0.0388129,34.9981
4282,4342,2.39,20.945,0.053,0.011,0.0040466,3.6489
4283,4343,2.39,20.944,0.053,-0.011,0.0266761,24.0542
4284,4344,2.39,20.944,0.053,-0.004,0.0348906,31.4613
4285,4345,2.39,20.944,0.053,-0.008,0.0405826,36.5939
4286,4346,2.39,20.942,0.053,-0.018,0.0324567,29.2666
4287,4347,2.39,20.944,0.052,-0.008,0.0359615,32.4269
4288,4348,2.39,20.944,0.053,-0.022,0.0335919,30.2903
4289,4349,2.39,20.944,0.052,-0.014,0.0429692,38.7459
4290,4350,2.39,20.943,0.053,-0.007,0.0317931,28.6682
4291,4351,2.39,20.944,0.053,-0.002,0.0352822,31.8145
4292,4352,2.39,20.945,0.053,0.001,0.0246882,22.2617
4293,4353,2.39,20.943,0.052,0.028,0.0264084,23.8128
4294,4354,2.39,20.944,0.052,0.008,0.0423697,38.2053
4295,4355,2.39,20.944,0.052,0,0.050103,45.1785
4296,4356,2.4001,20.944,0.053,-0.005,0.0476091,42.9297
4297,4357,2.4001,20.944,0.053,-0.003,0.0559973,50.4935
4298,4358,2.4001,20.945,0.053,-0.011,0.0371257,33.4767
4299,4359,2.4001,20.946,0.053,-0.004,0.0427976,38.5912
4300,4360,2.4001,20.945,0.052,-0.004,0.045444,40.9775
4301,4361,2.4001,20.943,0.052,-0.001,0.0351634,31.7073
4302,4362,2.4001,20.945,0.053,0,0.0214646,19.3549
4303,4363,2.4001,20.944,0.053,0.009,0.0229404,20.6857
4304,4364,2.4001,20.944,0.053,0.007,0.0230103,20.7487
4305,4365,2.4001,20.944,0.052,-0.003,0.0336554,30.3475
4306,4366,2.4001,20.943,0.052,-0.014,0.0138851,12.5204
4307,4367,2.4001,20.944,0.052,-0.016,0.0329514,29.7127
4308,4368,2.4001,20.945,0.053,-0.019,0.0326244,29.4178
4309,4369,2.4001,20.944,0.053,-0.003,0.041188,37.1398
4310,4370,2.4001,20.944,0.053,-0.013,0.030852,27.8196
4311,4371,2.4001,20.945,0.052,-0.01,0.0195955,17.6695
4312,4372,2.4001,20.944,0.053,0.005,0.0114566,10.3306
4313,4373,2.4001,20.943,0.053,0.012,0.0197074,17.7704
4314,4374,2.4001,20.944,0.053,0.01,0.025009,22.5509
4315,4375,2.4001,20.944,0.053,0.015,0.038731,34.9243
4316,4376,2.4001,20.943,0.053,0.005,0.0297648,26.8393
4317,4377,2.4099,20.943,0.053,0.019,0.0416947,37.5967
4318,4378,2.4099,20.944,0.053,0.001,0.0570148,51.411
4319,4379,2.4099,20.944,0.053,0.006,0.0606494,54.6884
4320,4380,2.4099,20.943,0.053,-0.006,0.0126463,11.4033
4321,4381,2.4099,20.944,0.053,0.003,0.0339622,30.6242
4322,4382,2.4099,20.944,0.053,0.014,0.014842,13.3832
4323,4383,2.4099,20.944,0.052,0.021,0.0151031,13.6187
4324,4384,2.4099,20.944,0.052,0.01,0.0180229,16.2515
4325,4385,2.4099,20.945,0.052,0.005,0.0355642,32.0687
4326,4386,2.4099,20.945,0.052,-0.008,0.0299188,26.9782
4327,4387,2.42,20.945,0.052,0.005,0.0452638,40.8149
4328,4388,2.42,20.944,0.053,-0.011,0.0345925,31.1925
4329,4389,2.42,20.945,0.053,-0.017,0.0519062,46.8045
4330,4390,2.42,20.943,0.053,-0.024,0.0365892,32.9929
4331,4391,2.42,20.944,0.053,0.02,0.0250352,22.5746
4332,4392,2.42,20.944,0.053,0,0.0172135,15.5217
4333,4393,2.42,20.944,0.053,0.018,0.0256876,23.1629
4334,4394,2.42,20.944,0.052,0.013,0.0335258,30.2307
4335,4395,2.42,20.945,0.052,0.016,0.0533119,48.072
4336,4396,2.42,20.944,0.053,-0.005,0.0443184,39.9625
4337,4397,2.42,20.945,0.053,0.004,0.0404086,36.437
4338,4398,2.42,20.944,0.054,-0.01,0.0245406,22.1286
4339,4399,2.42,20.944,0.053,-0.001,0.0613938,55.3596
4340,4400,2.42,20.944,0.053,-0.011,0.0462444,41.6992
4341,4401,2.43,20.943,0.053,-0.002,0.0488012,44.0047
4342,4402,2.43,20.944,0.053,0.013,0.0174667,15.75
4343,4403,2.43,20.943,0.052,0.016,0.0251148,22.6463
4344,4404,2.43,20.944,0.053,0.009,0.0222645,20.0762
4345,4405,2.43,20.944,0.053,0.005,0.0236601,21.3346
4346,4406,2.43,20.943,0.053,-0.013,0.0415918,37.5039
4347,4407,2.43,20.943,0.053,0.001,0.0540197,48.7103
4348,4408,2.43,20.942,0.052,-0.006,0.0411177,37.0764
4349,4409,2.43,20.944,0.052,0.005,0.0463768,41.8185
4350,4410,2.43,20.945,0.053,-0.02,0.0318234,28.6956
4351,4411,2.43,20.943,0.053,-0.007,0.0334104,30.1266
4352,4412,2.44,20.943,0.052,-0.009,0.0183245,16.5234
4353,4413,2.44,20.943,0.052,0.012,0.0311138,28.0557
4354,4414,2.44,20.945,0.052,0.005,0.0349679,31.531
4355,4415,2.44,20.945,0.053,0.007,0.04508,40.6492
4356,4416,2.44,20.945,0.053,0.005,0.0478368,43.1351
4357,4417,2.44,20.945,0.052,-0.012,0.0532763,48.0399
4358,4418,2.45,20.945,0.053,-0.017,0.0516382,46.5629
4359,4419,2.45,20.944,0.053,-0.006,0.0488928,44.0873
4360,4420,2.45,20.944,0.053,-0.016,0.033982,30.642
4361,4421,2.45,20.945,0.053,0.002,0.0436639,39.3723
4362,4422,2.45,20.944,0.053,0.001,0.0388067,34.9925
4363,4423,2.45,20.944,0.053,0.01,0.0407502,36.745
4364,4424,2.45,20.945,0.052,0.003,0.0285964,25.7858
4365,4425,2.45,20.944,0.052,0,0.0467668,42.1703
4366,4426,2.45,20.944,0.052,-0.009,0.0486042,43.8271
4367,4427,2.45,20.944,0.052,-0.017,0.0543403,48.9994
4368,4428,2.45,20.945,0.053,-0.017,0.0247497,22.3171
4369,4429,2.45,20.944,0.052,-0.021,0.0444235,40.0572
4370,4430,2.45,20.945,0.052,-0.022,0.0377713,34.0589
4371,4431,2.45,20.946,0.052,-0.003,0.0398694,35.9508
4372,4432,2.45,20.945,0.052,-0.008,0.0273947,24.7022
4373,4433,2.45,20.944,0.053,-0.003,0.0325943,29.3907
4374,4434,2.45,20.944,0.053,-0.006,0.0438263,39.5188
4375,4435,2.45,20.944,0.053,0.01,0.0452489,40.8016
4376,4436,2.45,20.943,0.053,-0.007,0.0452659,40.8169
4377,4437,2.45,20.943,0.053,-0.008,0.0589713,53.1752
4378,4438,2.45,20.943,0.053,-0.018,0.0483454,43.5937
4379,4439,2.45,20.944,0.053,0.004,0.0526181,47.4464
4380,4440,2.45,20.945,0.054,-0.01,0.0348035,31.3828
4381,4441,2.45,20.944,0.052,-0.004,0.0217901,19.6484
4382,4442,2.46,20.944,0.052,-0.005,0.0255266,23.0176
4383,4443,2.46,20.944,0.052,0.008,0.0184317,16.6201
4384,4444,2.46,20.944,0.052,0.002,0.0217375,19.601
4385,4445,2.46,20.944,0.052,-0.009,0.0277292,25.0038
4386,4446,2.46,20.944,0.053,-0.009,0.0416549,37.5607
4387,4447,2.46,20.944,0.052,-0.015,0.0446443,40.2564
4388,4448,2.46,20.945,0.053,-0.021,0.0354918,32.0034
4389,4449,2.46,20.944,0.053,-0.013,0.0451483,40.7108
4390,4450,2.46,20.944,0.052,-0.023,0.04103,36.9973
4391,4451,2.46,20.945,0.052,-0.009,0.0370577,33.4154
4392,4452,2.46,20.946,0.053,0.003,0.0373644,33.6919
4393,4453,2.46,20.946,0.053,0.008,0.0283252,25.5412
4394,4454,2.47,20.944,0.054,0.015,0.0397085,35.8057
4395,4455,2.47,20.944,0.053,0.006,0.041972,37.8467
4396,4456,2.47,20.945,0.052,0.011,0.0570836,51.4731
4397,4457,2.47,20.943,0.053,-0.001,0.0462468,41.7014
4398,4458,2.47,20.943,0.053,-0.01,0.0435778,39.2947
4399,4459,2.47,20.944,0.052,-0.006,0.0573522,51.7153
4400,4460,2.47,20.945,0.052,-0.01,0.0416797,37.5832
4401,4461,2.47,20.944,0.052,-0.005,0.0370284,33.389
4402,4462,2.47,20.944,0.052,-0.002,0.0298397,26.9068
4403,4463,2.47,20.944,0.052,-0.007,0.0160086,14.4352
4404,4464,2.47,20.945,0.053,0.006,0.0225247,20.3108
4405,4465,2.47,20.944,0.052,0,0.0076404,6.8895
4406,4466,2.48,20.943,0.053,0.004,0.03264,29.4319
4407,4467,2.48,20.942,0.053,-0.017,0.039336,35.4698
4408,4468,2.48,20.943,0.053,-0.011,0.0518785,46.7795
4409,4469,2.48,20.944,0.053,-0.013,0.0452508,40.8032
4410,4470,2.48,20.945,0.053,-0.017,0.0368417,33.2206
4411,4471,2.47,20.943,0.053,-0.007,0.0428897,38.6742
4412,4472,2.48,20.944,0.053,-0.002,0.0471304,42.4981
4413,4473,2.48,20.944,0.053,0.009,0.0309194,27.8804
4414,4474,2.48,20.943,0.053,0.017,0.0247325,22.3016
4415,4475,2.48,20.944,0.053,0.006,0.0227596,20.5226
4416,4476,2.48,20.945,0.053,0.02,0.0388129,34.9981
4417,4477,2.48,20.945,0.053,0.001,0.0202949,18.3001
4418,4478,2.48,20.944,0.053,-0.005,0.0433472,39.0868
4419,4479,2.48,20.944,0.053,-0.016,0.0578013,52.1202
4420,4480,2.48,20.944,0.053,-0.011,0.0469196,42.308
4421,4481,2.48,20.944,0.052,-0.007,0.0277401,25.0136
4422,4482,2.48,20.945,0.053,-0.002,0.0067938,6.1261
4423,4483,2.48,20.943,0.053,-0.008,0.0097535,8.7948
4424,4484,2.48,20.943,0.053,0.003,0.022233,20.0478
4425,4485,2.48,20.944,0.053,0.004,0.0121289,10.9368
4426,4486,2.49,20.945,0.053,0.011,0.0247235,22.2935
4427,4487,2.49,20.944,0.052,0.001,0.0214544,19.3457
4428,4488,2.49,20.943,0.052,0.009,0.0487333,43.9434
4429,4489,2.49,20.945,0.052,-0.012,0.0481893,43.4529
4430,4490,2.49,20.945,0.053,-0.021,0.035206,31.7457
4431,4491,2.49,20.944,0.053,-0.012,0.0423091,38.1506
4432,4492,2.49,20.944,0.052,0.006,0.0455994,41.1175
4433,4493,2.49,20.944,0.052,0.017,0.0388572,35.038
4434,4494,2.49,20.946,0.052,0.019,0.0546642,49.2915
4435,4495,2.49,20.945,0.053,0.012,0.0436551,39.3643
4436,4496,2.49,20.944,0.053,0.016,0.0443379,39.9801
4437,4497,2.49,20.945,0.052,0.004,0.0394145,35.5406
4438,4498,2.49,20.945,0.053,0.008,0.0495979,44.7231
4439,4499,2.5,20.945,0.053,-0.009,0.0502353,45.2978
4440,4500,2.5,20.943,0.053,-0.008,0.033968,30.6294
4441,4501,2.5,20.943,0.052,0.004,0.0331544,29.8958
4442,4502,2.5,20.943,0.052,-0.002,0.030055,27.101
4443,4503,2.5099,20.943,0.052,-0.014,0.0211539,19.0748
4444,4504,2.5099,20.945,0.053,-0.008,0.0487672,43.9741
4445,4505,2.5099,20.945,0.053,-0.024,0.0137162,12.3681
4446,4506,2.5099,20.945,0.052,-0.009,0.0364661,32.882
4447,4507,2.5099,20.944,0.053,-0.004,0.0304942,27.497
4448,4508,2.5099,20.943,0.053,-0.005,0.0430475,38.8165
4449,4509,2.5099,20.944,0.052,-0.019,0.0507459,45.7582
4450,4510,2.5099,20.945,0.052,-0.018,0.0359751,32.4392
4451,4511,2.5099,20.945,0.053,-0.008,0.0271824,24.5107
4452,4512,2.5099,20.946,0.053,0.001,0.0528316,47.639
4453,4513,2.5099,20.944,0.053,0.004,0.0269448,24.2965
4454,4514,2.5099,20.944,0.052,0.012,0.043184,38.9396
4455,4515,2.5099,20.944,0.053,-0.012,0.0256402,23.1201
4456,4516,2.5099,20.944,0.053,0.019,0.0435655,39.2836
4457,4517,2.5099,20.944,0.053,0.002,0.0413999,37.3308
4458,4518,2.5099,20.943,0.053,0.008,0.0600295,54.1294
4459,4519,2.5099,20.943,0.053,-0.003,0.0437899,39.4859
4460,4520,2.5199,20.943,0.053,-0.015,0.0448737,40.4632
4461,4521,2.5199,20.944,0.053,0.003,0.0280264,25.2718
4462,4522,2.5199,20.943,0.052,0.011,0.0442182,39.8721
4463,4523,2.5199,20.943,0.053,-0.012,0.0280891,25.3283
4464,4524,2.5199,20.943,0.053,0.002,0.0424227,38.2531
4465,4525,2.5199,20.945,0.053,-0.003,0.0092556,8.3459
4466,4526,2.5199,20.943,0.052,0.008,0.0374203,33.7424
4467,4527,2.5199,20.944,0.053,-0.017,0.0342307,30.8662
4468,4528,2.5199,20.946,0.052,-0.007,0.0409685,36.9418
4469,4529,2.5199,20.944,0.052,-0.018,0.0344157,31.0331
4470,4530,2.5199,20.943,0.052,-0.009,0.0564405,50.8931
4471,4531,2.5199,20.944,0.052,-0.013,0.0359287,32.3974
4472,4532,2.5199,20.945,0.053,0.002,0.0528444,47.6505
4473,4533,2.5199,20.945,0.052,-0.01,0.0384479,34.6689
4474,4534,2.5299,20.944,0.052,0.007,0.0411652,37.1192
4475,4535,2.5299,20.944,0.053,-0.002,0.0235824,21.2645
4476,4536,2.5299,20.943,0.053,0.028,0.0333627,30.0836
4477,4537,2.5299,20.943,0.053,0.002,0.0380411,34.3021
4478,4538,2.5299,20.943,0.054,0,0.0540488,48.7365
4479,4539,2.5299,20.944,0.053,-0.002,0.0481475,43.4152
4480,4540,2.5299,20.943,0.053,0.005,0.0385959,34.8024
4481,4541,2.5299,20.943,0.053,-0.017,0.0410554,37.0202
4482,4542,2.5299,20.943,0.052,0.003,0.044231,39.8837
4483,4543,2.5299,20.943,0.053,-0.016,0.0222599,20.072
4484,4544,2.5299,20.944,0.052,-0.004,0.0395288,35.6437
4485,4545,2.5299,20.944,0.053,-0.001,0.0103741,9.3545
4486,4546,2.5299,20.943,0.053,0.01,0.0228857,20.6363
4487,4547,2.5299,20.944,0.053,0.001,0.0307906,27.7643
4488,4548,2.5399,20.944,0.053,-0.003,0.0377132,34.0065
4489,4549,2.5399,20.944,0.053,-0.014,0.0352129,31.7519
4490,4550,2.5399,20.943,0.053,-0.013,0.0636335,57.3791
4491,4551,2.5399,20.944,0.053,-0.004,0.0481565,43.4233
4492,4552,2.5399,20.944,0.053,-0.011,0.0333465,30.069
4493,4553,2.5399,20.945,0.053,0,0.0323446,29.1656
4494,4554,2.5399,20.942,0.053,0.016,0.0397541,35.8468
4495,4555,2.5399,20.943,0.053,0,0.0328552,29.6259
4496,4556,2.5399,20.943,0.053,0.022,0.0464104,41.8488
4497,4557,2.5399,20.944,0.053,0.015,0.0305352,27.534
4498,4558,2.5399,20.943,0.053,0.013,0.0358035,32.2845
4499,4559,2.5399,20.942,0.053,0.001,0.0411335,37.0906
4500,4560,2.5399,20.943,0.053,-0.001,0.0470707,42.4443
4501,4561,2.5399,20.944,0.052,-0.019,0.0409288,36.9061
4502,4562,2.5399,20.942,0.053,-0.008,0.0414339,37.3615
4503,4563,2.5399,20.943,0.053,0.001,0.0415594,37.4746
4504,4564,2.5399,20.944,0.053,0.007,0.0429837,38.759
4505,4565,2.5399,20.943,0.053,-0.001,0.0177192,15.9776
4506,4566,2.5399,20.943,0.053,0.006,0.0337362,30.4204
4507,4567,2.5399,20.943,0.053,-0.006,0.0355261,32.0343
4508,4568,2.5399,20.943,0.053,0.004,0.0483281,43.578
4509,4569,2.5399,20.944,0.053,0.003,0.0575589,51.9016
4510,4570,2.5399,20.943,0.052,-0.001,0.043147,38.9062
4511,4571,2.5399,20.943,0.053,-0.011,0.0501595,45.2295
4512,4572,2.5399,20.944,0.053,-0.002,0.0472696,42.6236
4513,4573,2.55,20.943,0.053,-0.012,0.0303557,27.3721
4514,4574,2.55,20.945,0.053,-0.006,0.0277493,25.0219
4515,4575,2.55,20.944,0.053,0.001,0.0257436,23.2134
4516,4576,2.55,20.942,0.053,0.02,0.02955,26.6456
4517,4577,2.55,20.943,0.053,0.005,0.0335642,30.2653
4518,4578,2.55,20.943,0.052,0.008,0.0162283,14.6333
4519,4579,2.55,20.942,0.053,-0.008,0.036819,33.2002
4520,4580,2.55,20.943,0.053,-0.018,0.0346036,31.2025
4521,4581,2.55,20.943,0.053,0.001,0.0441827,39.8401
4522,4582,2.56,20.942,0.053,-0.005,0.0390853,35.2437
4523,4583,2.56,20.942,0.053,-0.003,0.0375844,33.8904
4524,4584,2.56,20.942,0.052,0.004,0.0229458,20.6905
4525,4585,2.56,20.944,0.052,0.007,0.0292801,26.4023
4526,4586,2.56,20.944,0.053,0.009,0.0230568,20.7906
4527,4587,2.56,20.944,0.053,0.014,0.0129898,11.7131
4528,4588,2.56,20.942,0.052,0.005,0.0532455,48.0122
4529,4589,2.56,20.943,0.053,0.013,0.0412669,37.2109
4530,4590,2.56,20.945,0.052,0.002,0.038913,35.0884
4531,4591,2.56,20.943,0.053,0.005,0.0384976,34.7138
4532,4592,2.56,20.943,0.053,0,0.0455004,41.0283
4533,4593,2.56,20.942,0.052,-0.004,0.0491878,44.3533
4534,4594,2.57,20.944,0.053,-0.002,0.0359607,32.4262
4535,4595,2.57,20.944,0.052,0.015,0.0184247,16.6138
4536,4596,2.57,20.943,0.052,0.015,0.0359019,32.3732
4537,4597,2.57,20.942,0.052,0.011,0.0209454,18.8868
4538,4598,2.58,20.944,0.053,0.021,0.0429604,38.738
4539,4599,2.58,20.944,0.053,-0.009,0.0565765,51.0158
4540,4600,2.57,20.942,0.053,-0.002,0.0622198,56.1044
4541,4601,2.57,20.943,0.052,0.001,0.0491826,44.3486
4542,4602,2.57,20.943,0.052,-0.003,0.0405914,36.6018
4543,4603,2.57,20.944,0.052,-0.005,0.0337396,30.4234
4544,4604,2.58,20.943,0.052,-0.003,0.026153,23.5825
4545,4605,2.58,20.942,0.053,0.009,0.0280236,25.2693
4546,4606,2.58,20.942,0.052,0.015,0.0344691,31.0812
4547,4607,2.58,20.944,0.052,0.005,0.0352197,31.7581
4548,4608,2.58,20.943,0.053,0.018,0.0440284,39.701
4549,4609,2.58,20.943,0.053,-0.003,0.0365714,32.9769
4550,4610,2.58,20.943,0.053,-0.011,0.0452738,40.824
4551,4611,2.58,20.942,0.054,-0.021,0.0632686,57.0501
4552,4612,2.58,20.943,0.053,-0.011,0.0323017,29.1268
4553,4613,2.58,20.943,0.053,0.003,0.0528044,47.6144
4554,4614,2.58,20.942,0.052,0.005,0.0277085,24.9851
4555,4615,2.59,20.943,0.053,0.008,0.0330835,29.8318
4556,4616,2.59,20.944,0.053,0.011,0.0241387,21.7662
4557,4617,2.59,20.943,0.053,0.009,0.0227373,20.5025
4558,4618,2.6,20.942,0.053,0.009,0.0311276,28.0682
4559,4619,2.6,20.942,0.053,0,0.0457724,41.2735
4560,4620,2.6,20.942,0.053,0.007,0.0510713,46.0517
4561,4621,2.6,20.942,0.053,-0.01,0.0351884,31.7299
4562,4622,2.59,20.944,0.053,-0.021,0.0317387,28.6192
4563,4623,2.59,20.943,0.053,0.002,0.0288606,26.024
4564,4624,2.6,20.944,0.053,-0.008,0.0208442,18.7955
4565,4625,2.6,20.942,0.052,0.011,0.0221276,19.9527
4566,4626,2.6,20.943,0.052,0.007,0.0260654,23.5035
4567,4627,2.6,20.943,0.052,0.015,0.0316051,28.4988
4568,4628,2.6,20.943,0.053,0.007,0.0250184,22.5594
4569,4629,2.6,20.945,0.053,0.008,0.0577782,52.0994
4570,4630,2.6,20.943,0.053,-0.001,0.0484141,43.6557
4571,4631,2.6,20.942,0.053,-0.007,0.0495006,44.6354
4572,4632,2.6,20.942,0.053,-0.001,0.0394903,35.6089
4573,4633,2.6,20.944,0.053,0.007,0.0377311,34.0226
4574,4634,2.6,20.943,0.053,0.005,0.0336651,30.3563
4575,4635,2.6,20.944,0.053,0.017,0.0419905,37.8633
4576,4636,2.6,20.943,0.053,0.016,0.0318587,28.7274
4577,4637,2.6,20.943,0.053,0.012,0.0286311,25.817
4578,4638,2.6,20.943,0.053,0.012,0.0291685,26.3016
4579,4639,2.6,20.942,0.053,0.013,0.0405383,36.5539
4580,4640,2.6,20.943,0.053,-0.008,0.0278494,25.1121
4581,4641,2.6,20.941,0.053,-0.008,0.0556299,50.1622
4582,4642,2.6,20.943,0.053,-0.009,0.0450158,40.5913
4583,4643,2.6,20.943,0.053,0,0.0532258,47.9944
4584,4644,2.6,20.943,0.052,-0.003,0.0491501,44.3193
4585,4645,2.6,20.944,0.053,0.006,0.0390825,35.2412
4586,4646,2.6099,20.943,0.052,-0.003,0.0305429,27.541
4587,4647,2.6099,20.943,0.052,0.003,0.0279261,25.1813
4588,4648,2.6099,20.944,0.053,0.006,0.031266,28.193
4589,4649,2.6,20.944,0.054,0.005,0.0497152,44.8289
4590,4650,2.6,20.944,0.053,-0.002,0.0335067,30.2134
4591,4651,2.6,20.943,0.053,0.006,0.0519341,46.8297
4592,4652,2.6,20.944,0.054,-0.01,0.0522613,47.1247
4593,4653,2.6,20.942,0.055,-0.002,0.059292,53.4644
4594,4654,2.6099,20.942,0.054,-0.005,0.0479514,43.2384
4595,4655,2.6099,20.941,0.054,-0.005,0.0367182,33.1093
4596,4656,2.6099,20.942,0.053,-0.001,0.0241481,21.7747
4597,4657,2.6099,20.943,0.054,0.008,0.026076,23.513
4598,4658,2.6199,20.943,0.053,0.014,0.0253508,22.8591
4599,4659,2.6199,20.942,0.053,0.017,0.0536931,48.4158
4600,4660,2.6099,20.941,0.053,-0.009,0.0612895,55.2655
4601,4661,2.6099,20.943,0.053,0.005,0.0436274,39.3394
4602,4662,2.6099,20.943,0.053,-0.017,0.0325068,29.3118
4603,4663,2.6099,20.944,0.053,-0.008,0.0432476,38.9969
4604,4664,2.6099,20.942,0.052,-0.013,0.0268511,24.212
4605,4665,2.6199,20.942,0.053,-0.007,0.0513413,46.2951
4606,4666,2.6199,20.943,0.053,-0.002,0.017031,15.3571
4607,4667,2.6199,20.944,0.053,0.01,0.032085,28.9315
4608,4668,2.6199,20.944,0.054,0.012,0.0303108,27.3317
4609,4669,2.6199,20.943,0.053,0.007,0.040832,36.8187
4610,4670,2.6199,20.944,0.054,-0.009,0.0294844,26.5865
4611,4671,2.6299,20.942,0.053,-0.012,0.0537787,48.493
4612,4672,2.6299,20.941,0.053,-0.004,0.0539372,48.6359
4613,4673,2.6299,20.943,0.053,0.006,0.0754731,68.0551
4614,4674,2.6299,20.943,0.053,-0.004,0.0516536,46.5767
4615,4675,2.6199,20.943,0.053,0.007,0.0485916,43.8157
4616,4676,2.6199,20.944,0.053,-0.007,0.0215499,19.4318
4617,4677,2.6299,20.942,0.053,0.016,0.0211327,19.0557
4618,4678,2.6299,20.944,0.053,0.007,0.0189767,17.1115
4619,4679,2.6299,20.943,0.052,0.008,0.0289725,26.1249
4620,4680,2.6299,20.943,0.054,0,0.0401245,36.1808
4621,4681,2.6299,20.943,0.053,0.003,0.0488875,44.0825
4622,4682,2.6299,20.944,0.053,-0.013,0.0352724,31.8056
4623,4683,2.6299,20.943,0.053,-0.014,0.0541658,48.842
4624,4684,2.6299,20.943,0.053,-0.024,0.0527985,47.6091
4625,4685,2.6299,20.941,0.052,-0.011,0.0461382,41.6035
4626,4686,2.6299,20.943,0.053,-0.008,0.0328791,29.6475
4627,4687,2.6299,20.943,0.053,0.012,0.03792,34.1929
4628,4688,2.6299,20.944,0.053,0.017,0.0271069,24.4427
4629,4689,2.6299,20.943,0.053,0.019,0.0504303,45.4737
4630,4690,2.6299,20.943,0.053,0.014,0.0387811,34.9694
4631,4691,2.6299,20.942,0.054,0.004,0.0576078,51.9457
4632,4692,2.6399,20.942,0.054,-0.01,0.0378389,34.1199
4633,4693,2.6399,20.943,0.053,0.002,0.0695316,62.6975
4634,4694,2.6399,20.943,0.052,-0.015,0.0492104,44.3736
4635,4695,2.6399,20.943,0.053,-0.011,0.0634687,57.2306
4636,4696,2.6399,20.943,0.053,-0.006,0.0295139,26.6131
4637,4697,2.6399,20.943,0.053,0.011,0.029464,26.5681
4638,4698,2.6399,20.942,0.053,0.006,0.0241987,21.8203
4639,4699,2.6399,20.942,0.053,0.012,0.0297694,26.8434
4640,4700,2.6399,20.943,0.053,-0.006,0.0120348,10.8519
4641,4701,2.6399,20.942,0.053,-0.004,0.0422417,38.0899
4642,4702,2.6399,20.944,0.053,-0.021,0.0453862,40.9253
4643,4703,2.6399,20.944,0.053,-0.008,0.0525838,47.4155
4644,4704,2.6499,20.945,0.053,-0.025,0.0384212,34.6449
4645,4705,2.6499,20.942,0.053,-0.013,0.052721,47.5392
4646,4706,2.6499,20.944,0.053,-0.018,0.0371868,33.5319
4647,4707,2.6499,20.942,0.053,0.009,0.0306365,27.6253
4648,4708,2.6499,20.943,0.054,0.009,0.0315766,28.473
4649,4709,2.6499,20.943,0.054,0.013,0.053516,48.2561
4650,4710,2.6499,20.943,0.053,0.008,0.053699,48.4211
4651,4711,2.6499,20.943,0.053,0.011,0.0638129,57.5409
4652,4712,2.6499,20.946,0.053,-0.007,0.0695704,62.7325
4653,4713,2.6499,20.944,0.053,-0.011,0.0691496,62.3531
4654,4714,2.6499,20.944,0.053,-0.017,0.0554299,49.9819
4655,4715,2.6499,20.944,0.053,-0.004,0.057378,51.7385
4656,4716,2.6499,20.944,0.053,-0.007,0.0265779,23.9657
4657,4717,2.6499,20.942,0.053,0.002,0.0318054,28.6793
4658,4718,2.6499,20.943,0.053,0.003,0.0361139,32.5643
4659,4719,2.6599,20.944,0.053,0.003,0.0454011,40.9388
4660,4720,2.6599,20.944,0.053,0.001,0.0328192,29.5935
4661,4721,2.6599,20.94,0.053,-0.005,0.0361245,32.574
4662,4722,2.6599,20.941,0.053,-0.014,0.0478108,43.1116
4663,4723,2.6599,20.941,0.053,-0.018,0.0568331,51.2472
4664,4724,2.6599,20.941,0.053,-0.028,0.0503493,45.4007
4665,4725,2.6599,20.943,0.053,-0.011,0.0587454,52.9715
4666,4726,2.6599,20.942,0.053,-0.007,0.038771,34.9604
4667,4727,2.6599,20.941,0.053,0.007,0.0445318,40.1549
4668,4728,2.6599,20.944,0.052,0.002,0.0469334,42.3205
4669,4729,2.6599,20.944,0.053,0.004,0.0348833,31.4547
4670,4730,2.6599,20.943,0.052,-0.001,0.022233,20.0478
4671,4731,2.6599,20.942,0.052,0.002,0.0324579,29.2677
4672,4732,2.6599,20.944,0.052,0.004,0.0490427,44.2224
4673,4733,2.6599,20.943,0.052,0.003,0.0478658,43.1612
4674,4734,2.6599,20.941,0.053,-0.01,0.0430761,38.8423
4675,4735,2.6599,20.942,0.053,-0.006,0.0555966,50.1322
4676,4736,2.6599,20.942,0.053,-0.013,0.0366507,33.0484
4677,4737,2.67,20.942,0.054,0.001,0.0301161,27.1561
4678,4738,2.67,20.943,0.054,-0.001,0.0093089,8.394
4679,4739,2.67,20.942,0.053,0.002,0.0185393,16.7171
4680,4740,2.67,20.941,0.052,0.013,0.0331293,29.8731
4681,4741,2.6801,20.941,0.052,0.012,0.0391444,35.2971
4682,4742,2.6801,20.944,0.052,0.002,0.0687519,61.9945
4683,4743,2.6801,20.944,0.052,-0.009,0.0593275,53.4964
4684,4744,2.67,20.943,0.053,-0.017,0.0589034,53.1139
4685,4745,2.67,20.945,0.053,-0.013,0.0592168,53.3966
4686,4746,2.67,20.945,0.053,-0.019,0.0412662,37.2103
4687,4747,2.67,20.944,0.052,-0.002,0.0403833,36.4142
4688,4748,2.67,20.944,0.052,-0.005,0.043596,39.3111
4689,4749,2.67,20.946,0.052,0.01,0.0358974,32.3692
4690,4750,2.67,20.947,0.053,0.011,0.0325297,29.3324
4691,4751,2.67,20.945,0.053,0.006,0.0544158,49.0675
4692,4752,2.67,20.943,0.053,0.005,0.0553169,49.88
4693,4753,2.67,20.942,0.053,-0.022,0.0484076,43.6498
4694,4754,2.67,20.942,0.053,-0.019,0.0443982,40.0344
4695,4755,2.6801,20.943,0.053,-0.014,0.0270456,24.3874
4696,4756,2.6801,20.942,0.052,-0.013,0.0457446,41.2485
4697,4757,2.6801,20.942,0.053,0.004,0.0492683,44.4259
4698,4758,2.6801,20.942,0.053,0.004,0.041256,37.2011
4699,4759,2.6801,20.942,0.052,-0.004,0.0237782,21.4411
4700,4760,2.6901,20.943,0.053,0.009,0.0296616,26.7462
4701,4761,2.6901,20.942,0.053,0.006,0.0338873,30.5566
4702,4762,2.6901,20.943,0.053,-0.014,0.049673,44.7908
4703,4763,2.6901,20.943,0.053,-0.015,0.0577647,52.0872
4704,4764,2.6901,20.943,0.052,-0.004,0.0632664,57.0481
4705,4765,2.6901,20.942,0.053,-0.008,0.0594761,53.6304
4706,4766,2.6901,20.944,0.052,0.002,0.0601721,54.258
4707,4767,2.6901,20.945,0.053,-0.005,0.027016,24.3607
4708,4768,2.6901,20.943,0.053,-0.005,0.0369666,33.3333
4709,4769,2.6901,20.942,0.054,0.003,0.0375656,33.8734
4710,4770,2.6901,20.942,0.054,0.018,0.0470774,42.4503
4711,4771,2.6901,20.942,0.053,0.008,0.0402772,36.3184
4712,4772,2.6901,20.943,0.053,0.005,0.0473367,42.6842
4713,4773,2.6901,20.943,0.053,-0.004,0.0492755,44.4324
4714,4774,2.6901,20.942,0.053,-0.012,0.0644696,58.1331
4715,4775,2.6901,20.942,0.052,-0.018,0.0499407,45.0322
4716,4776,2.6901,20.942,0.052,-0.017,0.0455601,41.0821
4717,4777,2.6901,20.943,0.053,-0.019,0.0343897,31.0096
4718,4778,2.6901,20.943,0.053,0.006,0.0407393,36.7352
4719,4779,2.6901,20.944,0.053,0.002,0.0198406,17.8906
4720,4780,2.6901,20.943,0.053,0.002,0.014991,13.5176
4721,4781,2.7001,20.943,0.052,0.002,0.0285467,25.7409
4722,4782,2.7001,20.941,0.053,0,0.0427041,38.5069
4723,4783,2.7001,20.943,0.053,-0.007,0.0508894,45.8876
4724,4784,2.7001,20.943,0.052,-0.009,0.0536771,48.4013
4725,4785,2.7001,20.943,0.053,-0.022,0.0574331,51.7882
4726,4786,2.7001,20.943,0.054,-0.014,0.0650656,58.6705
4727,4787,2.7001,20.944,0.053,-0.007,0.0438913,39.5774
4728,4788,2.7001,20.943,0.053,0.009,0.0437822,39.479
4729,4789,2.7001,20.942,0.053,0.008,0.0328803,29.6486
4730,4790,2.7001,20.941,0.053,0.018,0.0313299,28.2505
4731,4791,2.7001,20.943,0.053,0.018,0.0344588,31.0719
4732,4792,2.7001,20.944,0.053,0.01,0.0389429,35.1153
4733,4793,2.7001,20.943,0.053,-0.008,0.0473596,42.7048
4734,4794,2.7001,20.944,0.053,-0.011,0.0732352,66.0372
4735,4795,2.7001,20.943,0.053,-0.022,0.0590577,53.2531
4736,4796,2.7001,20.945,0.052,-0.012,0.0570855,51.4748
4737,4797,2.7001,20.942,0.053,-0.023,0.0397991,35.8874
4738,4798,2.71,20.943,0.053,0,0.0341309,30.7763
4739,4799,2.71,20.942,0.052,-0.005,0.0201777,18.1945
4740,4800,2.71,20.943,0.053,0.007,0.0273353,24.6486
4741,4801,2.71,20.943,0.053,0.003,0.0168907,15.2306
4742,4802,2.71,20.944,0.053,0.009,0.0417739,37.6681
4743,4803,2.71,20.942,0.053,-0.004,0.0472225,42.5812
4744,4804,2.71,20.944,0.052,-0.007,0.0653061,58.8874
4745,4805,2.72,20.943,0.052,-0.026,0.0626342,56.4781
4746,4806,2.72,20.942,0.053,-0.013,0.049864,44.963
4747,4807,2.72,20.942,0.053,-0.017,0.0383688,34.5977
4748,4808,2.72,20.943,0.053,0.004,0.0471376,42.5046
4749,4809,2.72,20.942,0.053,0.005,0.0320245,28.8769
4750,4810,2.72,20.943,0.053,0.018,0.0368109,33.1929
4751,4811,2.72,20.943,0.053,0.011,0.0269017,24.2576
4752,4812,2.72,20.943,0.053,0.021,0.0246816,22.2557
4753,4813,2.72,20.943,0.053,0.002,0.025247,22.7656
4754,4814,2.72,20.942,0.054,-0.002,0.0374886,33.804
4755,4815,2.72,20.942,0.053,-0.019,0.0316108,28.5038
4756,4816,2.72,20.942,0.053,-0.017,0.0490435,44.2232
4757,4817,2.72,20.942,0.054,-0.01,0.0438449,39.5355
4758,4818,2.72,20.943,0.054,0.004,0.04343,39.1614
4759,4819,2.72,20.942,0.053,-0.009,0.0306037,27.5958
4760,4820,2.73,20.943,0.053,0.002,0.0309908,27.9448
4761,4821,2.73,20.944,0.054,0.003,0.018884,17.0279
4762,4822,2.73,20.943,0.053,0.015,0.0423108,38.1522
4763,4823,2.73,20.942,0.054,0.018,0.0245296,22.1187
4764,4824,2.73,20.942,0.053,0.012,0.0446062,40.222
4765,4825,2.73,20.943,0.054,-0.003,0.0568267,51.2414
4766,4826,2.73,20.944,0.054,0.006,0.042673,38.4788
4767,4827,2.73,20.943,0.053,-0.006,0.0560436,50.5353
4768,4828,2.73,20.942,0.053,0.001,0.0464653,41.8984
4769,4829,2.73,20.942,0.053,-0.008,0.0290895,26.2304
4770,4830,2.73,20.944,0.054,0.008,0.0269937,24.3406
4771,4831,2.73,20.943,0.053,0.002,0.0190873,17.2113
4772,4832,2.73,20.944,0.054,0.019,0.0469858,42.3677
4773,4833,2.74,20.943,0.054,-0.004,0.0421942,38.0471
4774,4834,2.74,20.943,0.053,0.013,0.061117,55.11
4775,4835,2.74,20.943,0.053,-0.005,0.0472956,42.6471
4776,4836,2.74,20.943,0.053,-0.012,0.0487954,43.9995
4777,4837,2.74,20.942,0.053,-0.003,0.0256374,23.1176
4778,4838,2.74,20.943,0.053,-0.006,0.0445029,40.1289
4779,4839,2.74,20.941,0.053,-0.007,0.0357999,32.2812
4780,4840,2.74,20.943,0.054,0.014,0.0223578,20.1603
4781,4841,2.74,20.942,0.053,0.015,0.0040694,3.6695
4782,4842,2.74,20.942,0.054,0.019,0.0333471,30.0695
4783,4843,2.75,20.943,0.054,0.001,0.0441298,39.7925
4784,4844,2.75,20.941,0.053,0.006,0.0622853,56.1635
4785,4845,2.75,20.941,0.053,-0.02,0.0540077,48.6995
4786,4846,2.75,20.943,0.054,-0.007,0.0628688,56.6896
4787,4847,2.75,20.943,0.054,-0.01,0.0526551,47.4798
4788,4848,2.75,20.943,0.054,0.007,0.0392819,35.421
4789,4849,2.75,20.944,0.054,-0.006,0.0383273,34.5602
4790,4850,2.75,20.943,0.054,0.002,0.0290281,26.175
4791,4851,2.75,20.943,0.053,0.015,0.0132181,11.9189
4792,4852,2.75,20.943,0.053,0.028,0.0201719,18.1893
4793,4853,2.75,20.944,0.053,0.005,0.0207898,18.7465
4794,4854,2.75,20.943,0.053,0,0.0451283,40.6928
4795,4855,2.75,20.942,0.053,-0.016,0.0527957,47.6066
4796,4856,2.75,20.942,0.053,-0.008,0.0575305,51.876
4797,4857,2.75,20.942,0.054,-0.017,0.0560839,50.5716
4798,4858,2.75,20.942,0.054,-0.013,0.0425474,38.3656
4799,4859,2.75,20.943,0.053,0.004,0.0410736,37.0366
4800,4860,2.75,20.942,0.053,0.01,0.0295709,26.6645
4801,4861,2.75,20.941,0.053,0.019,0.0198057,17.8591
4802,4862,2.75,20.941,0.053,0.029,0.0273809,24.6897
4803,4863,2.75,20.942,0.053,0.018,0.0393585,35.49
4804,4864,2.76,20.943,0.053,0.017,0.0544364,49.0861
4805,4865,2.76,20.943,0.054,-0.005,0.0567352,51.1589
4806,4866,2.76,20.943,0.053,-0.01,0.0617859,55.7131
4807,4867,2.76,20.942,0.053,-0.017,0.0553181,49.8811
4808,4868,2.76,20.943,0.053,-0.015,0.0646477,58.2937
4809,4869,2.76,20.943,0.054,-0.003,0.0443656,40.005
4810,4870,2.76,20.943,0.054,0.002,0.0361325,32.5812
4811,4871,2.76,20.942,0.053,0.008,0.0348438,31.4192
4812,4872,2.76,20.943,0.053,0.023,0.0345654,31.168
4813,4873,2.76,20.942,0.053,0.016,0.0251871,22.7116
4814,4874,2.76,20.942,0.054,0.004,0.0294523,26.5575
4815,4875,2.76,20.942,0.054,-0.01,0.0412505,37.1961
4816,4876,2.76,20.942,0.054,-0.007,0.0400647,36.1268
4817,4877,2.76,20.941,0.054,-0.017,0.038774,34.9631
4818,4878,2.76,20.942,0.053,-0.011,0.045701,41.2092
4819,4879,2.77,20.942,0.054,-0.019,0.041864,37.7493
4820,4880,2.77,20.942,0.053,-0.006,0.0327931,29.57
4821,4881,2.77,20.943,0.053,0.007,0.012673,11.4274
4822,4882,2.77,20.942,0.053,0.004,0.032283,29.11
4823,4883,2.77,20.943,0.053,0.004,0.0394235,35.5487
4824,4884,2.77,20.943,0.053,0.013,0.0463732,41.8154
4825,4885,2.77,20.943,0.053,0.009,0.0468849,42.2768
4826,4886,2.77,20.943,0.053,-0.002,0.0529182,47.717
4827,4887,2.77,20.943,0.053,0,0.0526205,47.4486
4828,4888,2.77,20.943,0.053,0,0.0564956,50.9428
4829,4889,2.77,20.943,0.054,-0.001,0.0452391,40.7927
4830,4890,2.77,20.942,0.053,0.002,0.0353416,31.868
4831,4891,2.77,20.942,0.053,0.011,0.0200613,18.0896
4832,4892,2.77,20.942,0.053,0.02,0.0241121,21.7422
4833,4893,2.7801,20.944,0.053,0.007,0.0368631,33.24
4834,4894,2.7801,20.943,0.053,0.005,0.0450067,40.5831
4835,4895,2.7801,20.942,0.054,-0.002,0.0403058,36.3443
4836,4896,2.7801,20.942,0.053,-0.008,0.0568819,51.2912
4837,4897,2.7801,20.943,0.053,-0.013,0.0493861,44.5321
4838,4898,2.7801,20.943,0.054,-0.008,0.046098,41.5671
4839,4899,2.7801,20.942,0.053,-0.012,0.0309561,27.9135
4840,4900,2.7801,20.942,0.054,-0.006,0.0169908,15.3208
4841,4901,2.7801,20.943,0.053,0.008,0.0220142,19.8505
4842,4902,2.7801,20.942,0.053,0.013,0.0385329,34.7456
4843,4903,2.7801,20.944,0.054,0.009,0.0412792,37.222
4844,4904,2.7801,20.944,0.054,0.001,0.0414635,37.3882
4845,4905,2.7801,20.943,0.053,-0.002,0.0414421,37.3689
4846,4906,2.7801,20.942,0.054,0.004,0.061566,55.5148
4847,4907,2.7801,20.942,0.054,-0.007,0.0636525,57.3963
4848,4908,2.7801,20.941,0.053,-0.006,0.0431499,38.9089
4849,4909,2.7801,20.942,0.053,-0.006,0.0494182,44.561
4850,4910,2.7801,20.943,0.053,0.003,0.0407425,36.738
4851,4911,2.7801,20.944,0.053,0.016,0.0257605,23.2285
4852,4912,2.7801,20.944,0.054,0.016,0.0159073,14.3438
4853,4913,2.7901,20.943,0.053,0.005,0.0277675,25.0383
4854,4914,2.7901,20.942,0.053,-0.002,0.029517,26.6159
4855,4915,2.7901,20.943,0.054,-0.002,0.0561609,50.641
4856,4916,2.7901,20.943,0.053,-0.003,0.0476321,42.9505
4857,4917,2.7901,20.943,0.054,-0.011,0.0545684,49.2051
4858,4918,2.7901,20.941,0.054,-0.019,0.0440769,39.7448
4859,4919,2.7901,20.942,0.054,0,0.0518741,46.7755
4860,4920,2.7901,20.942,0.054,-0.015,0.0442843,39.9317
4861,4921,2.7901,20.944,0.054,0.002,0.0554895,50.0356
4862,4922,2.7901,20.942,0.053,0.012,0.0157216,14.1764
4863,4923,2.8001,20.943,0.053,0.017,0.0479601,43.2462
4864,4924,2.8001,20.944,0.054,0.011,0.0477966,43.0988
4865,4925,2.8001,20.943,0.054,0.013,0.0452528,40.8051
4866,4926,2.8001,20.942,0.054,-0.007,0.0552248,49.7969
4867,4927,2.81,20.941,0.053,0,0.0576485,51.9824
4868,4928,2.81,20.941,0.053,-0.01,0.0337732,30.4538
4869,4929,2.81,20.942,0.054,0,0.0549751,49.5718
4870,4930,2.81,20.942,0.053,-0.008,0.0333598,30.081
4871,4931,2.82,20.942,0.053,-0.004,0.0417202,37.6197
4872,4932,2.82,20.943,0.054,-0.01,0.0171526,15.4667
4873,4933,2.82,20.942,0.053,0.016,0.0394273,35.5521
4874,4934,2.82,20.944,0.053,-0.003,0.0168295,15.1754
4875,4935,2.82,20.942,0.053,-0.003,0.0293299,26.4471
4876,4936,2.82,20.942,0.053,-0.006,0.0360095,32.4702
4877,4937,2.82,20.943,0.053,-0.019,0.0571696,51.5506
4878,4938,2.81,20.944,0.053,-0.022,0.0536113,48.3421
4879,4939,2.81,20.944,0.053,0.005,0.0542886,48.9528
4880,4940,2.81,20.943,0.053,-0.014,0.0297534,26.829
4881,4941,2.81,20.943,0.053,0.006,0.0231179,20.8457
4882,4942,2.81,20.943,0.053,-0.002,0.0292031,26.3329
4883,4943,2.81,20.943,0.053,0.016,0.0412094,37.159
4884,4944,2.81,20.944,0.054,0.005,0.0328354,29.6081
4885,4945,2.81,20.942,0.054,0.015,0.0463482,41.7928
4886,4946,2.81,20.944,0.054,0.008,0.0574425,51.7967
4887,4947,2.81,20.943,0.054,0.006,0.0727473,65.5972
4888,4948,2.81,20.942,0.053,-0.014,0.0564707,50.9204
4889,4949,2.81,20.942,0.054,-0.008,0.0645511,58.2066
4890,4950,2.81,20.942,0.053,-0.014,0.0477591,43.065
4891,4951,2.81,20.943,0.053,0.009,0.0245199,22.11
4892,4952,2.81,20.943,0.053,0.01,0.0329341,29.6971
4893,4953,2.81,20.944,0.053,0.014,0.0166426,15.0069
4894,4954,2.81,20.942,0.054,-0.002,0.023287,20.9982
4895,4955,2.82,20.943,0.054,0.009,0.0239732,21.617
4896,4956,2.82,20.942,0.054,-0.003,0.0370916,33.4459
4897,4957,2.82,20.942,0.053,-0.012,0.0470704,42.444
4898,4958,2.82,20.942,0.053,-0.027,0.0391604,35.3115
4899,4959,2.82,20.942,0.052,-0.021,0.0502267,45.2901
4900,4960,2.82,20.944,0.053,-0.022,0.0421358,37.9944
4901,4961,2.82,20.943,0.053,-0.003,0.0397145,35.8111
4902,4962,2.82,20.942,0.054,0.014,0.0399659,36.0378
4903,4963,2.82,20.943,0.053,0.01,0.0359549,32.421
4904,4964,2.82,20.942,0.053,0.021,0.026982,24.33
4905,4965,2.82,20.943,0.053,0.015,0.0372327,33.5732
4906,4966,2.82,20.943,0.053,0.005,0.0450583,40.6296
4907,4967,2.82,20.945,0.053,0.002,0.0636402,57.3852
4908,4968,2.82,20.943,0.054,-0.003,0.0607912,54.8162
4909,4969,2.82,20.942,0.054,-0.001,0.0646165,58.2655
4910,4970,2.83,20.943,0.054,-0.011,0.0516569,46.5797
4911,4971,2.83,20.943,0.054,-0.003,0.050013,45.0974
4912,4972,2.83,20.943,0.054,0.003,0.0317832,28.6593
4913,4973,2.83,20.942,0.054,0.008,0.0375807,33.8871
4914,4974,2.83,20.941,0.055,0.012,0.0273874,24.6956
4915,4975,2.83,20.941,0.054,0.014,0.0320124,28.866
4916,4976,2.83,20.942,0.054,0.006,0.0433469,39.0864
4917,4977,2.83,20.942,0.055,0.003,0.0568908,51.2992
4918,4978,2.84,20.941,0.054,-0.016,0.0496992,44.8144
4919,4979,2.84,20.941,0.054,-0.012,0.0559944,50.4909
4920,4980,2.84,20.941,0.054,-0.02,0.056965,51.3661
4921,4981,2.84,20.942,0.055,-0.003,0.0500889,45.1658
4922,4982,2.84,20.941,0.055,-0.007,0.0462991,41.7485
4923,4983,2.84,20.942,0.055,0.009,0.0440824,39.7497
4924,4984,2.84,20.942,0.055,0.005,0.034863,31.4364
4925,4985,2.84,20.942,0.054,0.014,0.0363005,32.7327
4926,4986,2.84,20.942,0.054,0.01,0.0522702,47.1328
4927,4987,2.84,20.942,0.054,0,0.057218,51.5942
4928,4988,2.84,20.942,0.055,-0.013,0.050785,45.7935
4929,4989,2.84,20.942,0.054,-0.007,0.0421519,38.0089
4930,4990,2.84,20.942,0.055,0.002,0.0416924,37.5946
4931,4991,2.84,20.939,0.054,0.001,0.0237498,21.4155
4932,4992,2.84,20.939,0.054,-0.001,0.0285873,25.7776
4933,4993,2.84,20.941,0.054,0.002,0.0351277,31.6751
4934,4994,2.84,20.941,0.054,0.004,0.0450927,40.6607
4935,4995,2.84,20.941,0.054,0.013,0.0498837,44.9808
4936,4996,2.84,20.941,0.053,0.007,0.0344362,31.0516
4937,4997,2.84,20.942,0.054,-0.007,0.0467373,42.1436
4938,4998,2.84,20.942,0.054,-0.009,0.0534623,48.2076
4939,4999,2.84,20.941,0.054,-0.012,0.0546629,49.2903
4940,5000,2.84,20.943,0.054,-0.003,0.0322609,29.0901
4941,5001,2.84,20.943,0.053,-0.008,0.0472886,42.6408
4942,5002,2.84,20.944,0.054,0.005,0.0293918,26.503
4943,5003,2.84,20.945,0.055,0.014,0.0284959,25.6952
4944,5004,2.84,20.942,0.054,0.002,0.0388092,34.9947
4945,5005,2.85,20.943,0.054,-0.002,0.0383444,34.5756
4946,5006,2.85,20.942,0.054,-0.002,0.0593336,53.5019
4947,5007,2.85,20.941,0.054,0.004,0.066011,59.523
4948,5008,2.85,20.943,0.054,-0.009,0.0491938,44.3587
4949,5009,2.85,20.943,0.054,-0.014,0.0512852,46.2445
4950,5010,2.85,20.943,0.053,-0.016,0.0457172,41.2238
4951,5011,2.85,20.943,0.053,0.002,0.0473949,42.7366
4952,5012,2.86,20.944,0.054,-0.008,0.0428917,38.676
4953,5013,2.86,20.943,0.053,0.008,0.0362695,32.7047
4954,5014,2.86,20.943,0.053,0.01,0.0221043,19.9318
4955,5015,2.86,20.943,0.054,0.001,0.0298797,26.9429
4956,5016,2.86,20.943,0.054,0.005,0.0496674,44.7857
4957,5017,2.86,20.942,0.053,-0.01,0.048615,43.8368
4958,5018,2.86,20.941,0.053,-0.016,0.0527978,47.6085
4959,5019,2.86,20.941,0.054,-0.009,0.0655243,59.0842
4960,5020,2.86,20.943,0.054,-0.012,0.0518638,46.7663
4961,5021,2.86,20.943,0.054,-0.002,0.0564613,50.9119
4962,5022,2.86,20.942,0.054,-0.004,0.0524557,47.3
4963,5023,2.86,20.942,0.055,0,0.0562159,50.6906
4964,5024,2.86,20.942,0.054,0.006,0.0347819,31.3633
4965,5025,2.86,20.942,0.054,0.015,0.0402383,36.2834
4966,5026,2.86,20.943,0.054,0.008,0.0545254,49.1662
4967,5027,2.86,20.943,0.054,-0.001,0.0612885,55.2646
4968,5028,2.86,20.941,0.054,-0.001,0.0709553,63.9813
4969,5029,2.86,20.941,0.054,-0.013,0.0679845,61.3025
4970,5030,2.87,20.943,0.054,-0.021,0.0311121,28.0542
4971,5031,2.87,20.942,0.054,-0.008,0.0456403,41.1545
4972,5032,2.87,20.942,0.054,-0.008,0.0357673,32.2518
4973,5033,2.87,20.941,0.054,-0.004,0.0179244,16.1627
4974,5034,2.87,20.941,0.054,-0.007,0.0264487,23.8492
4975,5035,2.87,20.941,0.054,0.008,0.0374876,33.8031
4976,5036,2.87,20.942,0.054,0.003,0.0440283,39.7009
4977,5037,2.87,20.942,0.054,-0.014,0.0548743,49.4809
4978,5038,2.87,20.943,0.054,-0.016,0.0657609,59.2975
4979,5039,2.87,20.942,0.055,-0.021,0.0582448,52.5201
4980,5040,2.87,20.941,0.054,-0.026,0.0469501,42.3355
4981,5041,2.87,20.942,0.054,0.006,0.0426007,38.4137
4982,5042,2.87,20.943,0.054,0.003,0.0519644,46.857
4983,5043,2.87,20.941,0.054,0.007,0.034061,30.7133
4984,5044,2.87,20.942,0.055,0.019,0.0398494,35.9327
4985,5045,2.87,20.943,0.054,0.019,0.0287968,25.9664
4986,5046,2.87,20.941,0.054,0.006,0.0407991,36.7891
4987,5047,2.87,20.942,0.053,-0.005,0.0555165,50.06
4988,5048,2.87,20.943,0.054,-0.014,0.0576806,52.0114
4989,5049,2.88,20.943,0.053,-0.02,0.0552393,49.81
4990,5050,2.88,20.942,0.054,-0.012,0.0513174,46.2736
4991,5051,2.88,20.942,0.054,-0.013,0.0445878,40.2054
4992,5052,2.88,20.944,0.053,-0.004,0.0374894,33.8047
4993,5053,2.88,20.943,0.053,-0.002,0.0339475,30.6109
4994,5054,2.88,20.941,0.053,0.005,0.0383778,34.6058
4995,5055,2.88,20.943,0.054,-0.006,0.0273435,24.656
4996,5056,2.88,20.944,0.054,0.004,0.0220887,19.9177
4997,5057,2.88,20.944,0.053,0.007,0.0299079,26.9684
4998,5058,2.88,20.941,0.053,-0.01,0.0490749,44.2515
4999,5059,2.88,20.942,0.053,-0.012,0.0446741,40.2832
5000,5060,2.88,20.942,0.053,-0.006,0.0378686,34.1466
5001,5061,2.88,20.941,0.054,-0.006,0.043231,38.982
5002,5062,2.89,20.942,0.054,-0.002,0.0430439,38.8133
5003,5063,2.89,20.942,0.053,0.001,0.0423021,38.1444
5004,5064,2.89,20.943,0.053,0.005,0.0363443,32.7721
5005,5065,2.89,20.943,0.053,0.006,0.0272699,24.5896
5006,5066,2.89,20.942,0.053,0.011,0.0480858,43.3596
5007,5067,2.89,20.943,0.053,0.011,0.0480067,43.2883
5008,5068,2.89,20.944,0.053,0.004,0.0629298,56.7446
5009,5069,2.89,20.944,0.053,-0.01,0.0578189,52.1361
5010,5070,2.89,20.943,0.053,-0.009,0.068505,61.7719
5011,5071,2.89,20.944,0.053,-0.008,0.0352776,31.8103
5012,5072,2.89,20.945,0.053,-0.014,0.0452358,40.7897
5013,5073,2.89,20.945,0.053,0.001,0.0385332,34.7459
5014,5074,2.9001,20.942,0.053,0.007,0.0276762,24.956
5015,5075,2.9001,20.941,0.053,0.003,0.0102739,9.2641
5016,5076,2.9001,20.943,0.053,0.011,0.034546,31.1506
5017,5077,2.9001,20.943,0.053,-0.008,0.0350535,31.6082
5018,5078,2.9001,20.943,0.053,-0.003,0.0376718,33.9692
5019,5079,2.9001,20.942,0.054,-0.018,0.0552025,49.7768
5020,5080,2.9099,20.942,0.054,-0.019,0.0714361,64.4149
5021,5081,2.9099,20.943,0.054,-0.018,0.0507965,45.8039
5022,5082,2.9099,20.941,0.054,0.008,0.0435887,39.3045
5023,5083,2.9099,20.942,0.054,-0.006,0.0404981,36.5177
5024,5084,2.9099,20.943,0.053,0,0.0321286,28.9708
5025,5085,2.9099,20.943,0.053,0.011,0.0388126,34.9978
5026,5086,2.9099,20.943,0.053,0.027,0.0321948,29.0305
5027,5087,2.9099,20.943,0.053,0,0.0264163,23.8199
5028,5088,2.9099,20.944,0.053,-0.006,0.0550209,49.6131
5029,5089,2.9099,20.945,0.053,-0.004,0.0599547,54.0619
5030,5090,2.9099,20.944,0.053,-0.014,0.0526937,47.5146
5031,5091,2.9099,20.943,0.054,-0.025,0.0460613,41.5341
5032,5092,2.9099,20.942,0.053,-0.008,0.0490357,44.2162
5033,5093,2.9099,20.942,0.053,-0.004,0.0410625,37.0266
5034,5094,2.9099,20.943,0.054,0.004,0.0359314,32.3998
5035,5095,2.9099,20.942,0.054,-0.004,0.0334349,30.1487
5036,5096,2.9099,20.945,0.053,0.004,0.0549019,49.5058
5037,5097,2.9099,20.942,0.053,0.002,0.0462113,41.6693
5038,5098,2.9099,20.944,0.053,0.012,0.0591653,53.3501
5039,5099,2.9099,20.943,0.053,-0.006,0.0708204,63.8597
5040,5100,2.9099,20.941,0.053,-0.019,0.0782723,70.5792
5041,5101,2.9099,20.943,0.054,-0.012,0.0738539,66.595
5042,5102,2.9099,20.943,0.054,0.002,0.0839436,75.693
5043,5103,2.9099,20.941,0.055,-0.001,0.0635936,57.3432
5044,5104,2.9099,20.941,0.056,0.011,0.0687384,61.9823
5045,5105,2.92,20.94,0.056,0.01,0.0646891,58.331
5046,5106,2.92,20.941,0.056,0.021,0.0769204,69.3602
5047,5107,2.92,20.939,0.057,0.006,0.0739273,66.6612
5048,5108,2.92,20.938,0.057,0.009,0.0681316,61.4352
5049,5109,2.92,20.939,0.058,-0.003,0.0817432,73.7089
5050,5110,2.92,20.939,0.059,-0.01,0.0915028,82.5093
5051,5111,2.92,20.938,0.059,-0.018,0.0818367,73.7932
5052,5112,2.92,20.938,0.059,-0.013,0.0811387,73.1639
5053,5113,2.92,20.938,0.059,-0.009,0.0562868,50.7546
5054,5114,2.92,20.935,0.061,0.005,0.0595682,53.7135
5055,5115,2.92,20.936,0.061,0.006,0.0306073,27.599
5056,5116,2.93,20.934,0.06,0.011,0.0534342,48.1823
5057,5117,2.93,20.934,0.06,-0.004,0.0341633,30.8055
5058,5118,2.93,20.935,0.059,-0.005,0.0473285,42.6768
5059,5119,2.93,20.936,0.06,0,0.0565641,51.0046
5060,5120,2.93,20.936,0.06,-0.006,0.0642004,57.8903
5061,5121,2.93,20.934,0.06,-0.013,0.058309,52.578
5062,5122,2.93,20.934,0.059,-0.012,0.0577104,52.0383
5063,5123,2.94,20.936,0.059,-0.016,0.0385874,34.7948
5064,5124,2.94,20.937,0.058,0.011,0.0435357,39.2567
5065,5125,2.94,20.936,0.057,0.005,0.0146936,13.2494
5066,5126,2.94,20.937,0.057,0.028,0.0390172,35.1823
5067,5127,2.94,20.938,0.057,0.002,0.0340925,30.7416
5068,5128,2.94,20.939,0.056,0.02,0.0346002,31.1995
5069,5129,2.93,20.939,0.055,-0.001,0.0325427,29.3442
5070,5130,2.93,20.941,0.054,-0.008,0.062663,56.504
5071,5131,2.93,20.941,0.054,-0.02,0.0590124,53.2122
5072,5132,2.94,20.942,0.054,-0.013,0.0614963,55.452
5073,5133,2.94,20.942,0.054,-0.009,0.0517156,46.6327
5074,5134,2.94,20.941,0.054,0.004,0.0550639,49.6519
5075,5135,2.94,20.942,0.054,-0.005,0.0342442,30.8784
5076,5136,2.94,20.943,0.054,0.017,0.0270495,24.3909
5077,5137,2.94,20.944,0.054,0.004,0.016425,14.8106
5078,5138,2.94,20.942,0.054,0.013,0.0390022,35.1688
5079,5139,2.94,20.941,0.053,0.008,0.0530713,47.8551
5080,5140,2.94,20.942,0.053,0.006,0.0721921,65.0965
5081,5141,2.94,20.943,0.053,-0.021,0.0455746,41.0952
5082,5142,2.94,20.943,0.054,-0.012,0.0432006,38.9545
5083,5143,2.94,20.942,0.053,-0.022,0.0509984,45.986
5084,5144,2.94,20.943,0.053,-0.012,0.0383495,34.5802
5085,5145,2.94,20.943,0.053,-0.005,0.0320276,28.8797
5086,5146,2.94,20.941,0.054,0.009,0.032726,29.5095
5087,5147,2.94,20.942,0.053,0.01,0.018137,16.3544
5088,5148,2.94,20.943,0.053,0.026,0.0338677,30.539
5089,5149,2.94,20.942,0.053,0.005,0.040165,36.2173
5090,5150,2.95,20.942,0.053,-0.008,0.0444587,40.089
5091,5151,2.95,20.942,0.053,-0.026,0.0486303,43.8505
5092,5152,2.95,20.942,0.053,-0.011,0.0472982,42.6494
5093,5153,2.95,20.944,0.053,-0.008,0.036376,32.8007
5094,5154,2.95,20.944,0.054,-0.006,0.0299447,27.0016
5095,5155,2.95,20.942,0.054,0,0.0325624,29.3619
5096,5156,2.95,20.943,0.053,0.011,0.0438449,39.5355
5097,5157,2.95,20.942,0.053,0.011,0.0360103,32.471
5098,5158,2.95,20.942,0.054,0.02,0.031942,28.8025
5099,5159,2.95,20.943,0.053,0.004,0.052222,47.0892
5100,5160,2.95,20.943,0.054,0.003,0.0524042,47.2536
5101,5161,2.95,20.942,0.054,-0.006,0.0583724,52.6352
5102,5162,2.95,20.943,0.053,-0.01,0.0516948,46.6139
5103,5163,2.96,20.943,0.053,-0.008,0.0445576,40.1782
5104,5164,2.96,20.943,0.053,0.003,0.0455291,41.0542
5105,5165,2.96,20.943,0.053,0.009,0.0330521,29.8036
5106,5166,2.96,20.943,0.053,0.006,0.0357741,32.258
5107,5167,2.97,20.943,0.054,0.001,0.0365098,32.9214
5108,5168,2.97,20.942,0.053,0.007,0.0326602,29.4502
5109,5169,2.97,20.942,0.053,0.007,0.048956,44.1443
5110,5170,2.97,20.943,0.053,-0.002,0.0512428,46.2064
5111,5171,2.97,20.941,0.053,-0.008,0.0488367,44.0367
5112,5172,2.97,20.942,0.053,-0.013,0.0412128,37.1621
5113,5173,2.97,20.942,0.053,-0.012,0.0255781,23.0641
5114,5174,2.97,20.943,0.052,-0.005,0.0345234,31.1302
5115,5175,2.97,20.943,0.053,-0.004,0.0379459,34.2163
5116,5176,2.97,20.943,0.053,0.006,0.0387799,34.9684
5117,5177,2.97,20.943,0.053,0.013,0.0197157,17.7779
5118,5178,2.97,20.941,0.053,0.003,0.0255771,23.0633
5119,5179,2.97,20.943,0.053,0.006,0.0236627,21.337
5120,5180,2.97,20.943,0.053,0.001,0.0507219,45.7366
5121,5181,2.97,20.941,0.053,-0.006,0.0635168,57.2739
5122,5182,2.97,20.942,0.053,-0.005,0.0435002,39.2247
5123,5183,2.97,20.942,0.054,-0.007,0.0423899,38.2236
5124,5184,2.97,20.944,0.053,0.012,0.0475677,42.8924
5125,5185,2.97,20.943,0.054,0.004,0.0312038,28.1369
5126,5186,2.97,20.943,0.054,0.005,0.0218958,19.7437
5127,5187,2.97,20.942,0.053,0.009,0.0156839,14.1424
5128,5188,2.97,20.941,0.053,0.018,0.0230883,20.819
5129,5189,2.97,20.943,0.053,0.008,0.0432736,39.0204
5130,5190,2.97,20.944,0.053,0.01,0.0351304,31.6776
5131,5191,2.97,20.944,0.053,-0.011,0.0515784,46.5089
5132,5192,2.97,20.943,0.052,-0.023,0.028145,25.3788
5133,5193,2.97,20.943,0.052,-0.012,0.0428472,38.6359
5134,5194,2.97,20.945,0.052,-0.011,0.0289893,26.1401
5135,5195,2.97,20.945,0.052,-0.007,0.0346929,31.2831
5136,5196,2.98,20.943,0.053,0.009,0.0264164,23.82
5137,5197,2.98,20.943,0.053,0.016,0.0348532,31.4276
5138,5198,2.98,20.943,0.053,0.022,0.0301316,27.1701
5139,5199,2.98,20.943,0.053,0.02,0.0268113,24.1761
5140,5200,2.98,20.942,0.053,-0.004,0.0376504,33.9499
5141,5201,2.98,20.943,0.052,0.004,0.0395215,35.6371
5142,5202,2.99,20.943,0.053,-0.011,0.0402776,36.3188
5143,5203,2.99,20.943,0.053,0.006,0.0562818,50.7501
5144,5204,2.99,20.944,0.052,-0.009,0.0345609,31.164
5145,5205,2.99,20.944,0.052,0.006,0.0417851,37.6782
5146,5206,2.99,20.944,0.053,-0.004,0.0381773,34.425
5147,5207,2.99,20.945,0.053,0.007,0.0236882,21.3599
5148,5208,2.99,20.944,0.053,0.009,0.0354656,31.9798
5149,5209,2.99,20.942,0.053,0.013,0.0357281,32.2165
5150,5210,2.99,20.942,0.053,0.012,0.0230968,20.8267
5151,5211,2.99,20.943,0.053,-0.003,0.0293949,26.5057
5152,5212,2.99,20.944,0.052,-0.005,0.0357628,32.2478
5153,5213,2.99,20.944,0.052,-0.005,0.0442206,39.8743
5154,5214,2.99,20.944,0.052,-0.015,0.0312209,28.1523
5155,5215,3,20.943,0.053,-0.004,0.0335439,30.247
5156,5216,3,20.945,0.053,-0.002,0.0093998,8.4759
5157,5217,3,20.943,0.053,0.005,0.0337463,30.4295
5158,5218,3,20.942,0.054,0.015,0.0237662,21.4303
5159,5219,3,20.943,0.053,0.007,0.0425345,38.354
5160,5220,3,20.942,0.053,0.003,0.0413269,37.265
5161,5221,3,20.943,0.053,0.01,0.050672,45.6916
5162,5222,3,20.944,0.053,0,0.0499854,45.0725
5163,5223,3,20.945,0.053,-0.001,0.0558237,50.337
5164,5224,3,20.944,0.053,-0.014,0.0530005,47.7913
5165,5225,3,20.945,0.053,0.003,0.0348859,31.4571
5166,5226,3,20.944,0.053,0.005,0.011702,10.5518
5167,5227,3,20.943,0.053,0.023,0.0317102,28.5935
5168,5228,3,20.944,0.053,0.005,0.0144392,13.02
5169,5229,3,20.943,0.053,0.015,0.0325624,29.3619
5170,5230,3,20.943,0.053,-0.008,0.0268753,24.2338
5171,5231,3,20.944,0.053,-0.003,0.0409891,36.9604
5172,5232,3,20.943,0.052,-0.015,0.0338204,30.4963
5173,5233,3,20.944,0.052,-0.009,0.047476,42.8097
5174,5234,3,20.943,0.053,-0.019,0.0308397,27.8086
5175,5235,3,20.944,0.052,-0.017,0.0408275,36.8147
5176,5236,3,20.944,0.052,-0.005,0.0325395,29.3413
5177,5237,3,20.945,0.053,0.022,0.0168172,15.1643
5178,5238,3.0099,20.944,0.053,0.012,0.0364287,32.8483
5179,5239,3.0099,20.942,0.053,0.023,0.0421155,37.9761
5180,5240,3.0099,20.943,0.053,0.006,0.0264729,23.8709
5181,5241,3.0099,20.943,0.052,0.012,0.0389102,35.0858
5182,5242,3.0099,20.943,0.053,0,0.0460671,41.5393
5183,5243,3.0099,20.943,0.053,0,0.0531857,47.9582
5184,5244,3.0099,20.944,0.053,-0.012,0.0460326,41.5082
5185,5245,3.0099,20.944,0.053,0.003,0.0582733,52.5458
5186,5246,3.0099,20.944,0.053,-0.001,0.0285604,25.7533
5187,5247,3.0099,20.943,0.053,0.006,0.0322402,29.0714
5188,5248,3.0099,20.943,0.053,0.016,0.0258173,23.2798
5189,5249,3.0099,20.944,0.053,0.008,0.03136,28.2778
5190,5250,3.0099,20.942,0.053,0.003,0.0280377,25.282
5191,5251,3.0199,20.942,0.053,0.003,0.040224,36.2705
5192,5252,3.0199,20.945,0.053,-0.009,0.0539821,48.6764
5193,5253,3.0199,20.945,0.052,-0.011,0.0512785,46.2385
5194,5254,3.0199,20.944,0.052,-0.022,0.0466224,42.0401
5195,5255,3.0199,20.945,0.052,-0.01,0.0456982,41.2067
5196,5256,3.0199,20.944,0.052,-0.021,0.0383912,34.6178
5197,5257,3.0199,20.944,0.051,0.001,0.0243951,21.9973
5198,5258,3.0299,20.945,0.052,0.003,0.0125,11.2715
5199,5259,3.0299,20.944,0.053,0.013,0.031839,28.7096
5200,5260,3.0299,20.943,0.052,0.003,0.0170517,15.3758
5201,5261,3.0299,20.944,0.053,0.007,0.0507508,45.7627
5202,5262,3.0199,20.944,0.053,-0.006,0.0501351,45.2075
5203,5263,3.0199,20.944,0.053,-0.008,0.0612202,55.2031
5204,5264,3.0299,20.942,0.053,-0.015,0.0509914,45.9796
5205,5265,3.0299,20.944,0.053,-0.016,0.0658517,59.3794
5206,5266,3.0299,20.945,0.052,-0.011,0.0277503,25.0228
5207,5267,3.0299,20.944,0.052,-0.003,0.0292267,26.3541
5208,5268,3.0299,20.944,0.052,0.01,0.0294039,26.5139
5209,5269,3.0299,20.944,0.053,0.026,0.0114638,10.3371
5210,5270,3.0299,20.943,0.053,0.007,0.0238667,21.5209
5211,5271,3.0299,20.943,0.053,0.011,0.0280409,25.2849
5212,5272,3.0299,20.945,0.053,-0.015,0.0481144,43.3854
5213,5273,3.0299,20.944,0.053,-0.005,0.0606908,54.7257
5214,5274,3.0299,20.942,0.053,-0.026,0.0471647,42.529
5215,5275,3.0399,20.944,0.053,-0.015,0.0560644,50.554
5216,5276,3.0399,20.944,0.053,-0.029,0.0431189,38.8809
5217,5277,3.0399,20.944,0.053,0.001,0.0345547,31.1585
5218,5278,3.0399,20.945,0.052,0,0.0296572,26.7423
5219,5279,3.0399,20.945,0.053,0.01,0.0233884,21.0897
5220,5280,3.0399,20.943,0.054,0.026,0.0344116,31.0294
5221,5281,3.0399,20.943,0.054,0.004,0.0500746,45.153
5222,5282,3.0399,20.945,0.053,0,0.0482859,43.54
5223,5283,3.0399,20.945,0.052,-0.009,0.0535797,48.3135
5224,5284,3.0399,20.943,0.052,-0.019,0.0477426,43.0501
5225,5285,3.0399,20.943,0.052,-0.006,0.0475635,42.8886
5226,5286,3.0399,20.943,0.052,-0.019,0.0374331,33.7539
5227,5287,3.0399,20.944,0.052,-0.003,0.0230073,20.746
5228,5288,3.0399,20.943,0.053,0.005,0.0191993,17.3123
5229,5289,3.0399,20.943,0.053,0.009,0.0197945,17.8489
5230,5290,3.0399,20.943,0.052,0.01,0.0098155,8.8508
5231,5291,3.05,20.944,0.052,0.001,0.02536,22.8674
5232,5292,3.05,20.944,0.052,-0.014,0.0329759,29.7348
5233,5293,3.05,20.944,0.052,-0.003,0.038639,34.8413
5234,5294,3.05,20.942,0.053,-0.017,0.0439109,39.5951
5235,5295,3.05,20.944,0.053,-0.012,0.0449325,40.5162
5236,5296,3.05,20.944,0.052,-0.012,0.042441,38.2696
5237,5297,3.05,20.944,0.052,-0.007,0.0314362,28.3464
5238,5298,3.05,20.945,0.052,0.002,0.0254479,22.9468
5239,5299,3.05,20.946,0.052,0.01,0.0319211,28.7837
5240,5300,3.05,20.945,0.052,0.01,0.0323763,29.1942
5241,5301,3.05,20.945,0.052,0.014,0.0312222,28.1535
5242,5302,3.05,20.946,0.052,0,0.0433821,39.1182
5243,5303,3.05,20.946,0.052,-0.007,0.047824,43.1236
5244,5304,3.05,20.946,0.053,-0.008,0.0469914,42.3728
5245,5305,3.06,20.945,0.053,-0.009,0.0477292,43.038
5246,5306,3.06,20.944,0.053,-0.014,0.0317512,28.6305
5247,5307,3.06,20.945,0.053,-0.008,0.0472621,42.6169
5248,5308,3.06,20.944,0.053,0.007,0.0272535,24.5748
5249,5309,3.06,20.943,0.052,0.008,0.0289683,26.1211
5250,5310,3.06,20.944,0.052,-0.002,0.0345654,31.168
5251,5311,3.06,20.945,0.052,-0.002,0.047342,42.6889
5252,5312,3.06,20.945,0.051,-0.001,0.0317599,28.6383
5253,5313,3.06,20.945,0.051,-0.006,0.0397301,35.8251
5254,5314,3.06,20.944,0.052,-0.01,0.0382004,34.4458
5255,5315,3.06,20.944,0.053,-0.015,0.0473991,42.7404
5256,5316,3.06,20.945,0.053,-0.017,0.0357488,32.2351
5257,5317,3.06,20.945,0.053,0.002,0.0274692,24.7693
5258,5318,3.06,20.944,0.053,-0.012,0.0211973,19.1139
5259,5319,3.06,20.944,0.053,0.011,0.025474,22.9703
5260,5320,3.06,20.943,0.053,0.005,0.0241193,21.7487
5261,5321,3.06,20.944,0.052,0.004,0.0373621,33.6899
5262,5322,3.06,20.943,0.053,-0.007,0.0722184,65.1203
5263,5323,3.06,20.943,0.052,-0.003,0.0755678,68.1405
5264,5324,3.06,20.945,0.053,-0.009,0.0672254,60.618
5265,5325,3.06,20.945,0.052,-0.008,0.067428,60.8007
5266,5326,3.06,20.945,0.053,-0.015,0.0540501,48.7377
5267,5327,3.06,20.945,0.052,-0.007,0.0461701,41.6322
5268,5328,3.07,20.945,0.052,-0.007,0.030999,27.9522
5269,5329,3.07,20.947,0.052,-0.001,0.0276877,24.9664
5270,5330,3.07,20.947,0.052,0,0.0167064,15.0644
5271,5331,3.07,20.946,0.052,0.005,0.0243617,21.9673
5272,5332,3.07,20.945,0.052,-0.002,0.0307321,27.7116
5273,5333,3.07,20.944,0.053,-0.025,0.042433,38.2624
5274,5334,3.07,20.942,0.053,-0.023,0.0499542,45.0443
5275,5335,3.07,20.941,0.053,-0.02,0.0350549,31.6095
5276,5336,3.07,20.942,0.053,-0.018,0.0335026,30.2098
5277,5337,3.07,20.941,0.053,-0.009,0.0268976,24.254
5278,5338,3.07,20.942,0.053,-0.002,0.0319566,28.8157
5279,5339,3.07,20.942,0.052,0.008,0.0339694,30.6306
5280,5340,3.07,20.943,0.052,0.012,0.0357287,32.217
5281,5341,3.07,20.943,0.053,0.022,0.0233133,21.0219
5282,5342,3.07,20.943,0.053,0.009,0.0542172,48.8883
5283,5343,3.08,20.944,0.053,0.003,0.0388953,35.0724
5284,5344,3.08,20.944,0.052,-0.012,0.0501292,45.2022
5285,5345,3.08,20.945,0.052,-0.019,0.0302494,27.2763
5286,5346,3.08,20.945,0.052,-0.009,0.0238568,21.512
5287,5347,3.08,20.946,0.052,-0.003,0.0409734,36.9463
5288,5348,3.08,20.945,0.052,0.003,0.0235245,21.2123
5289,5349,3.08,20.945,0.051,-0.002,0.0179589,16.1938
5290,5350,3.08,20.945,0.053,0.002,0.0136243,12.2852
5291,5351,3.08,20.944,0.052,-0.002,0.0172895,15.5902
5292,5352,3.08,20.944,0.052,0.006,0.0355518,32.0575
5293,5353,3.08,20.945,0.052,-0.012,0.049273,44.4302
5294,5354,3.08,20.943,0.052,-0.008,0.0555821,50.1191
5295,5355,3.09,20.945,0.052,-0.018,0.0539239,48.6239
5296,5356,3.09,20.945,0.052,-0.005,0.0429845,38.7597
5297,5357,3.09,20.946,0.052,0.001,0.0413707,37.3045
5298,5358,3.09,20.946,0.053,0,0.0372625,33.6001
5299,5359,3.09,20.943,0.053,0.015,0.0190062,17.1382
5300,5360,3.09,20.943,0.052,0.02,0.037165,33.5121
5301,5361,3.09,20.943,0.052,0.02,0.0350192,31.5772
5302,5362,3.09,20.944,0.052,0.012,0.0414342,37.3617
5303,5363,3.09,20.945,0.052,0.004,0.0328593,29.6297
5304,5364,3.1,20.943,0.052,-0.008,0.0419511,37.8278
5305,5365,3.1,20.943,0.053,-0.019,0.0483112,43.5628
5306,5366,3.1,20.944,0.052,-0.023,0.0378963,34.1716
5307,5367,3.1,20.945,0.053,-0.016,0.0303154,27.3358
5308,5368,3.1,20.946,0.053,-0.006,0.0267306,24.1034
5309,5369,3.1,20.944,0.053,-0.008,0.0171755,15.4874
5310,5370,3.1,20.945,0.052,0.019,0.0423962,38.2293
5311,5371,3.1,20.943,0.053,0.003,0.0199412,17.9812
5312,5372,3.1,20.943,0.052,0.004,0.0278558,25.1179
5313,5373,3.1,20.943,0.053,-0.006,0.0396984,35.7966
5314,5374,3.1,20.944,0.053,0.001,0.0617682,55.6972
5315,5375,3.1,20.944,0.053,-0.002,0.0554392,49.9903
5316,5376,3.1,20.943,0.053,-0.008,0.0530919,47.8737
5317,5377,3.1,20.943,0.053,-0.004,0.034928,31.4951
5318,5378,3.1,20.944,0.053,-0.001,0.0342504,30.884
5319,5379,3.1,20.945,0.053,0.007,0.0240666,21.7012
5320,5380,3.1,20.944,0.053,0.011,0.0385545,34.7651
5321,5381,3.1,20.945,0.053,-0.003,0.015053,13.5735
5322,5382,3.1,20.943,0.052,0.018,0.0292251,26.3527
5323,5383,3.1099,20.943,0.052,0.011,0.0398482,35.9316
5324,5384,3.1099,20.943,0.052,0.001,0.0416321,37.5402
5325,5385,3.1099,20.943,0.051,-0.019,0.0237636,21.428
5326,5386,3.1099,20.943,0.052,-0.013,0.0435422,39.2626
5327,5387,3.1099,20.943,0.051,-0.017,0.0375872,33.8929
5328,5388,3.1099,20.944,0.052,-0.003,0.0222801,20.0903
5329,5389,3.1099,20.945,0.052,0.001,0.0204128,18.4065
5330,5390,3.1099,20.944,0.052,0.015,0.0307794,27.7542
5331,5391,3.1099,20.943,0.052,-0.003,0.0040581,3.6593
5332,5392,3.1099,20.944,0.052,0.014,0.0035647,3.2143
5333,5393,3.1199,20.945,0.052,0.001,0.0242841,21.8973
5334,5394,3.1199,20.945,0.052,-0.009,0.0450535,40.6253
5335,5395,3.1199,20.945,0.052,-0.011,0.0447487,40.3505
5336,5396,3.1199,20.945,0.052,0.006,0.0551161,49.699
5337,5397,3.1199,20.945,0.052,-0.012,0.0206113,18.5855
5338,5398,3.1199,20.945,0.053,0.003,0.02871,25.8882
5339,5399,3.1199,20.943,0.052,0.011,0.0277487,25.0214
5340,5400,3.1199,20.944,0.053,0.018,0.0261823,23.609
5341,5401,3.1199,20.943,0.053,0.008,0.0163537,14.7463
5342,5402,3.1199,20.943,0.053,0.028,0.0416202,37.5295
5343,5403,3.1199,20.944,0.054,0.019,0.0354488,31.9646
5344,5404,3.1199,20.946,0.053,0.013,0.054867,49.4743
5345,5405,3.1199,20.943,0.052,-0.011,0.0472655,42.6199
5346,5406,3.1199,20.944,0.052,-0.004,0.0591638,53.3488
5347,5407,3.1199,20.943,0.053,-0.018,0.0305247,27.5245
5348,5408,3.1299,20.944,0.053,0.003,0.0377533,34.0426
5349,5409,3.1299,20.946,0.052,-0.004,0.0210356,18.9681
5350,5410,3.1299,20.946,0.051,0.002,0.0322583,29.0878
5351,5411,3.1299,20.945,0.052,0.005,0.0266438,24.025
5352,5412,3.1299,20.945,0.052,0.013,0.0346461,31.2408
5353,5413,3.1299,20.945,0.052,-0.006,0.0273263,24.6405
5354,5414,3.1299,20.944,0.052,0,0.0538931,48.5961
5355,5415,3.1299,20.944,0.052,-0.013,0.0384808,34.6987
5356,5416,3.1299,20.943,0.052,-0.011,0.047612,42.9323
5357,5417,3.1299,20.944,0.053,-0.013,0.0380404,34.3015
5358,5418,3.1299,20.942,0.053,0.008,0.0551751,49.7521
5359,5419,3.1299,20.943,0.053,-0.004,0.0315106,28.4135
5360,5420,3.1299,20.944,0.053,0.017,0.0414594,37.3845
5361,5421,3.1299,20.943,0.054,0.007,0.0267726,24.1412
5362,5422,3.1299,20.943,0.053,0.011,0.0313339,28.2542
5363,5423,3.1299,20.943,0.053,0,0.0300931,27.1353
5364,5424,3.1299,20.944,0.053,0.006,0.0517929,46.7024
5365,5425,3.1299,20.944,0.053,-0.013,0.0374703,33.7875
5366,5426,3.1299,20.943,0.053,-0.009,0.0340862,30.736
5367,5427,3.1299,20.945,0.053,-0.013,0.0311213,28.0625
5368,5428,3.1299,20.944,0.053,0.001,0.0237588,21.4236
5369,5429,3.1299,20.943,0.053,-0.01,0.0116907,10.5416
5370,5430,3.1399,20.942,0.053,0.003,0.0269013,24.2572
5371,5431,3.1399,20.944,0.053,-0.002,0.0106921,9.6412
5372,5432,3.1399,20.943,0.052,0.007,0.0184505,16.637
5373,5433,3.1399,20.944,0.053,0.008,0.0193287,17.4289
5374,5434,3.1399,20.943,0.052,0.004,0.0368103,33.1923
5375,5435,3.1399,20.944,0.052,-0.006,0.0403296,36.3657
5376,5436,3.1399,20.942,0.052,-0.002,0.0508172,45.8225
5377,5437,3.1399,20.944,0.053,-0.004,0.050898,45.8954
5378,5438,3.1499,20.945,0.053,-0.002,0.0452454,40.7983
5379,5439,3.1499,20.945,0.053,0.01,0.0361208,32.5706
5380,5440,3.1499,20.944,0.052,0.016,0.0213182,19.2229
5381,5441,3.1499,20.945,0.052,0.008,0.0135865,12.2511
5382,5442,3.1499,20.944,0.052,0.023,0.0305019,27.5039
5383,5443,3.1499,20.944,0.052,0.016,0.0217297,19.594
5384,5444,3.1499,20.944,0.052,0.01,0.0416975,37.5992
5385,5445,3.1499,20.945,0.052,-0.006,0.0433509,39.0901
5386,5446,3.1499,20.945,0.052,-0.01,0.0444957,40.1224
5387,5447,3.1499,20.945,0.053,-0.015,0.035571,32.0749
5388,5448,3.1499,20.944,0.052,-0.02,0.0351149,31.6636
5389,5449,3.1499,20.945,0.053,-0.019,0.0226084,20.3863
5390,5450,3.1499,20.946,0.053,-0.007,0.0169891,15.3193
5391,5451,3.1499,20.945,0.053,0.012,0.0084032,7.5773
5392,5452,3.1499,20.944,0.052,0.024,0.0245122,22.103
5393,5453,3.1499,20.943,0.053,0.005,0.0173884,15.6793
5394,5454,3.1499,20.944,0.053,0.012,0.035559,32.064
5395,5455,3.1599,20.944,0.053,-0.007,0.0390133,35.1788
5396,5456,3.1599,20.944,0.053,-0.008,0.0534727,48.2171
5397,5457,3.1599,20.944,0.052,-0.005,0.0358901,32.3626
5398,5458,3.1599,20.943,0.052,-0.006,0.048135,43.404
5399,5459,3.1599,20.945,0.053,0,0.0327835,29.5613
5400,5460,3.1599,20.944,0.053,0.006,0.0162315,14.6361
5401,5461,3.1599,20.945,0.052,0.016,0.0211383,19.0607
5402,5462,3.17,20.944,0.052,0.025,0.0146941,13.2498
5403,5463,3.17,20.944,0.053,0.01,0.0184479,16.6347
5404,5464,3.17,20.944,0.052,0.011,0.0236397,21.3162
5405,5465,3.1599,20.945,0.052,0.004,0.0486421,43.8612
5406,5466,3.1599,20.943,0.052,-0.008,0.0474736,42.8076
5407,5467,3.17,20.945,0.053,-0.016,0.0361502,32.5971
5408,5468,3.17,20.944,0.052,-0.006,0.0373004,33.6343
5409,5469,3.17,20.945,0.053,-0.007,0.0399065,35.9842
5410,5470,3.17,20.943,0.052,0.001,0.0233905,21.0915
5411,5471,3.17,20.944,0.052,0.013,0.0087483,7.8884
5412,5472,3.17,20.945,0.052,0.013,0.0129251,11.6548
5413,5473,3.17,20.944,0.053,0.019,0.028631,25.8169
5414,5474,3.17,20.944,0.053,0.01,0.040325,36.3616
5415,5475,3.17,20.945,0.054,0.005,0.0321593,28.9984
5416,5476,3.17,20.945,0.053,-0.014,0.0440478,39.7185
5417,5477,3.17,20.944,0.054,-0.007,0.0554405,49.9914
5418,5478,3.17,20.943,0.052,-0.007,0.0512908,46.2496
5419,5479,3.17,20.945,0.053,-0.002,0.0301253,27.1644
5420,5480,3.17,20.944,0.052,-0.01,0.0402399,36.2849
5421,5481,3.17,20.945,0.053,0.011,0.0215759,19.4553
5422,5482,3.17,20.944,0.053,0.019,0.0206348,18.6067
5423,5483,3.17,20.945,0.053,0.015,0.0242494,21.866
5424,5484,3.17,20.945,0.052,0.01,0.0164556,14.8382
5425,5485,3.17,20.943,0.052,0,0.0260909,23.5265
5426,5486,3.17,20.943,0.052,0.003,0.0420102,37.8812
5427,5487,3.17,20.944,0.053,-0.013,0.0453299,40.8746
5428,5488,3.1801,20.945,0.052,-0.02,0.033677,30.367
5429,5489,3.1801,20.944,0.053,-0.01,0.0269573,24.3077
5430,5490,3.1801,20.943,0.053,0.004,0.0366862,33.0805
5431,5491,3.1801,20.944,0.054,-0.002,0.0257687,23.236
5432,5492,3.1801,20.943,0.053,0.011,0.0193243,17.425
5433,5493,3.1801,20.944,0.053,0.008,0.0226889,20.4588
5434,5494,3.1801,20.945,0.053,0.009,0.0368932,33.2671
5435,5495,3.1801,20.944,0.053,0.012,0.0394854,35.6045
5436,5496,3.1801,20.945,0.052,0.003,0.0480564,43.3331
5437,5497,3.1801,20.945,0.052,-0.007,0.0544141,49.0659
5438,5498,3.1801,20.944,0.053,-0.014,0.0370255,33.3864
5439,5499,3.1801,20.945,0.053,-0.004,0.0491195,44.2917
5440,5500,3.1801,20.945,0.053,-0.003,0.0381727,34.4208
5441,5501,3.1801,20.946,0.052,-0.002,0.0272065,24.5325
5442,5502,3.1801,20.944,0.053,0.009,0.0053293,4.8055
5443,5503,3.1901,20.944,0.053,0.009,0.0066774,6.0211
5444,5504,3.1901,20.945,0.053,0.006,0.0322603,29.0895
5445,5505,3.1901,20.945,0.053,-0.008,0.039353,35.4852
5446,5506,3.1901,20.945,0.053,-0.009,0.0352616,31.7959
5447,5507,3.1901,20.945,0.053,-0.018,0.0636647,57.4073
5448,5508,3.1901,20.945,0.053,-0.019,0.0272152,24.5403
5449,5509,3.1901,20.944,0.053,-0.007,0.0377018,33.9962
5450,5510,3.1901,20.945,0.053,-0.014,0.024704,22.2759
5451,5511,3.1901,20.944,0.053,0.001,0.0264144,23.8182
5452,5512,3.1901,20.943,0.052,0.006,0.0142425,12.8427
5453,5513,3.1901,20.944,0.053,0.023,0.022559,20.3417
5454,5514,3.1901,20.945,0.052,0.016,0.0354522,31.9677
5455,5515,3.2001,20.946,0.053,0.008,0.0416645,37.5695
5456,5516,3.2001,20.943,0.053,-0.005,0.0496283,44.7505
5457,5517,3.2001,20.944,0.053,-0.001,0.0601913,54.2753
5458,5518,3.2001,20.944,0.053,-0.017,0.0423231,38.1633
5459,5519,3.2001,20.942,0.053,0.011,0.038314,34.5483
5460,5520,3.2001,20.943,0.052,-0.003,0.0381271,34.3797
5461,5521,3.2001,20.944,0.052,0.005,0.0356073,32.1076
5462,5522,3.21,20.945,0.053,-0.001,0.0170135,15.3413
5463,5523,3.21,20.946,0.052,0.014,0.0148799,13.4174
5464,5524,3.2001,20.945,0.052,0.012,0.0137484,12.3971
5465,5525,3.2001,20.944,0.053,0,0.0384286,34.6515
5466,5526,3.2001,20.944,0.053,-0.007,0.0464048,41.8438
5467,5527,3.2001,20.944,0.052,-0.014,0.0416627,37.5678
5468,5528,3.2001,20.944,0.052,-0.024,0.0358969,32.3687
5469,5529,3.2001,20.944,0.053,-0.016,0.0455791,41.0993
5470,5530,3.2001,20.946,0.053,-0.008,0.0318404,28.7109
5471,5531,3.2001,20.945,0.052,-0.004,0.035569,32.0731
5472,5532,3.21,20.944,0.052,-0.005,0.0111116,10.0195
5473,5533,3.21,20.945,0.052,0.012,0.0279118,25.1684
5474,5534,3.21,20.945,0.052,0.014,0.0253538,22.8619
5475,5535,3.21,20.945,0.053,0.02,0.0173739,15.6663
5476,5536,3.21,20.944,0.053,0.001,0.0531876,47.96
5477,5537,3.21,20.943,0.053,-0.007,0.0622068,56.0927
5478,5538,3.21,20.943,0.054,-0.011,0.0340577,30.7103
5479,5539,3.21,20.945,0.053,-0.002,0.0567236,51.1484
5480,5540,3.21,20.944,0.053,-0.011,0.0237781,21.441
5481,5541,3.21,20.944,0.053,0.002,0.0301475,27.1844
5482,5542,3.22,20.944,0.052,-0.006,0.0278585,25.1204
5483,5543,3.22,20.945,0.053,0.013,0.0229351,20.6809
5484,5544,3.22,20.946,0.053,0.001,0.0193841,17.4789
5485,5545,3.22,20.945,0.052,0.008,0.02991,26.9703
5486,5546,3.22,20.944,0.052,0.007,0.029234,26.3607
5487,5547,3.22,20.946,0.052,-0.016,0.0471522,42.5178
5488,5548,3.22,20.944,0.053,-0.025,0.0477007,43.0123
5489,5549,3.22,20.944,0.053,0.005,0.0533416,48.0989
5490,5550,3.22,20.943,0.053,-0.016,0.041867,37.752
5491,5551,3.22,20.943,0.053,0,0.0289542,26.1084
5492,5552,3.22,20.946,0.053,-0.006,0.012493,11.2651
5493,5553,3.22,20.946,0.053,0.011,0.0233606,21.0645
5494,5554,3.22,20.943,0.053,0.006,0.0171323,15.4485
5495,5555,3.22,20.945,0.053,0.014,0.0289683,26.1211
5496,5556,3.22,20.944,0.053,0.009,0.0304278,27.4372
5497,5557,3.22,20.943,0.053,0.004,0.0563981,50.855
5498,5558,3.22,20.944,0.052,-0.012,0.0517318,46.6472
5499,5559,3.22,20.944,0.052,-0.007,0.0548705,49.4775
5500,5560,3.22,20.943,0.052,-0.017,0.0296444,26.7307
5501,5561,3.22,20.944,0.053,-0.001,0.0412265,37.1745
5502,5562,3.22,20.943,0.052,0.005,0.018272,16.4761
5503,5563,3.22,20.944,0.053,0.021,0.0194064,17.499
5504,5564,3.23,20.944,0.052,0.01,0.013138,11.8467
5505,5565,3.23,20.944,0.053,0.012,0.0260507,23.4902
5506,5566,3.23,20.945,0.053,0,0.0353968,31.9178
5507,5567,3.23,20.945,0.053,-0.001,0.053865,48.5708
5508,5568,3.23,20.945,0.052,-0.02,0.045547,41.0704
5509,5569,3.23,20.944,0.053,-0.015,0.0477593,43.0652
5510,5570,3.23,20.944,0.053,-0.024,0.0340656,30.7174
5511,5571,3.23,20.945,0.052,0.004,0.0379501,34.2201
5512,5572,3.23,20.944,0.053,-0.006,0.0213738,19.2731
5513,5573,3.23,20.944,0.053,0.015,0.0266939,24.0702
5514,5574,3.23,20.944,0.052,0.014,0.0245605,22.1465
5515,5575,3.23,20.944,0.052,0.016,0.0215711,19.451
5516,5576,3.23,20.945,0.053,0.004,0.038149,34.3995
5517,5577,3.23,20.945,0.053,-0.006,0.0564425,50.895
5518,5578,3.23,20.945,0.053,-0.019,0.0572213,51.5972
5519,5579,3.23,20.944,0.052,-0.011,0.0609214,54.9336
5520,5580,3.24,20.944,0.052,-0.017,0.0328938,29.6608
5521,5581,3.24,20.945,0.052,-0.004,0.0460219,41.4986
5522,5582,3.24,20.945,0.052,-0.002,0.0339475,30.6109
5523,5583,3.24,20.944,0.053,0.013,0.0226471,20.4212
5524,5584,3.24,20.944,0.053,0.007,0.012993,11.716
5525,5585,3.24,20.944,0.053,0.009,0.0131898,11.8934
5526,5586,3.24,20.944,0.052,0.007,0.0078257,7.0565
5527,5587,3.24,20.945,0.053,-0.007,0.0466172,42.0353
5528,5588,3.24,20.945,0.052,-0.021,0.0440013,39.6765
5529,5589,3.24,20.944,0.053,-0.016,0.0400913,36.1508
5530,5590,3.24,20.943,0.052,-0.025,0.0539656,48.6615
5531,5591,3.25,20.944,0.053,-0.008,0.046369,41.8115
5532,5592,3.25,20.946,0.053,-0.015,0.0459904,41.4701
5533,5593,3.25,20.945,0.053,0.005,0.0365865,32.9905
5534,5594,3.25,20.943,0.053,0.011,0.0235847,21.2666
5535,5595,3.25,20.944,0.052,0.015,0.018068,16.2921
5536,5596,3.25,20.945,0.053,0.011,0.0297369,26.8142
5537,5597,3.25,20.946,0.053,0.015,0.057006,51.403
5538,5598,3.25,20.946,0.053,-0.011,0.0466192,42.0371
5539,5599,3.25,20.944,0.053,-0.01,0.0577923,52.1121
5540,5600,3.25,20.944,0.053,0,0.053743,48.4608
5541,5601,3.25,20.943,0.053,-0.018,0.0332808,30.0097
5542,5602,3.25,20.944,0.053,-0.016,0.0202823,18.2888
5543,5603,3.25,20.945,0.052,-0.006,0.0244247,22.0241
5544,5604,3.25,20.943,0.053,-0.001,0.0090134,8.1275
5545,5605,3.26,20.944,0.052,0.01,0.0291179,26.256
5546,5606,3.26,20.944,0.052,0.006,0.0256503,23.1292
5547,5607,3.26,20.946,0.053,0,0.0352265,31.7642
5548,5608,3.26,20.945,0.053,-0.016,0.047216,42.5753
5549,5609,3.26,20.943,0.053,-0.016,0.0545707,49.2071
5550,5610,3.26,20.945,0.052,-0.031,0.0586565,52.8913
5551,5611,3.26,20.946,0.053,-0.017,0.0570365,51.4306
5552,5612,3.26,20.944,0.053,-0.008,0.0503753,45.4241
5553,5613,3.26,20.946,0.053,0.008,0.0323436,29.1647
5554,5614,3.26,20.945,0.053,0.004,0.0182707,16.4749
5555,5615,3.26,20.945,0.053,0.014,0.0086674,7.8155
5556,5616,3.26,20.946,0.053,0.005,0.0248458,22.4038
5557,5617,3.26,20.944,0.052,0.008,0.0514055,46.353
5558,5618,3.26,20.944,0.053,0,0.0443381,39.9802
5559,5619,3.26,20.944,0.053,-0.013,0.05173,46.6456
5560,5620,3.27,20.944,0.053,-0.019,0.0528401,47.6466
5561,5621,3.27,20.944,0.053,-0.018,0.0397018,35.7996
5562,5622,3.27,20.943,0.053,-0.021,0.027049,24.3905
5563,5623,3.27,20.944,0.051,-0.015,0.0138828,12.5183
5564,5624,3.2801,20.944,0.052,-0.001,0.0128853,11.6188
5565,5625,3.2801,20.945,0.053,0.011,0.0190815,17.206
5566,5626,3.2801,20.945,0.053,0.019,0.0278775,25.1375
5567,5627,3.27,20.945,0.053,-0.001,0.0227379,20.503
5568,5628,3.27,20.946,0.053,-0.016,0.0582126,52.491
5569,5629,3.27,20.944,0.053,-0.015,0.0355901,32.092
5570,5630,3.2801,20.945,0.052,-0.021,0.055831,50.3435
5571,5631,3.2801,20.945,0.053,-0.021,0.0532562,48.0218
5572,5632,3.2801,20.945,0.053,-0.01,0.0399678,36.0395
5573,5633,3.2801,20.945,0.053,0.007,0.0396347,35.7391
5574,5634,3.2801,20.944,0.053,0.019,0.0286297,25.8158
5575,5635,3.2801,20.944,0.053,0.015,0.0046448,4.1883
5576,5636,3.2801,20.945,0.052,0.014,0.0191355,17.2548
5577,5637,3.2801,20.944,0.053,0.007,0.0210391,18.9713
5578,5638,3.2901,20.944,0.053,0.006,0.0526763,47.4989
5579,5639,3.2901,20.945,0.053,-0.022,0.0504442,45.4862
5580,5640,3.2901,20.944,0.053,-0.006,0.0365397,32.9483
5581,5641,3.2901,20.945,0.053,-0.02,0.0439386,39.62
5582,5642,3.2901,20.944,0.053,-0.017,0.037512,33.825
5583,5643,3.2901,20.944,0.053,-0.001,0.0224698,20.2613
5584,5644,3.2901,20.943,0.053,-0.005,0.0098407,8.8735
5585,5645,3.2901,20.944,0.052,0.005,0.0331994,29.9363
5586,5646,3.2901,20.944,0.052,0.019,0.0264579,23.8574
5587,5647,3.2901,20.946,0.052,0.001,0.0348486,31.4235
5588,5648,3.2901,20.947,0.052,0.008,0.0488274,44.0283
5589,5649,3.2901,20.945,0.052,-0.02,0.0505871,45.6151
5590,5650,3.2901,20.945,0.053,-0.02,0.0500544,45.1347
5591,5651,3.2901,20.945,0.052,-0.007,0.0545698,49.2063
5592,5652,3.2901,20.945,0.052,-0.013,0.0422986,38.1412
5593,5653,3.2901,20.945,0.053,-0.002,0.0439944,39.6704
5594,5654,3.2901,20.944,0.052,0.011,0.0327255,29.5091
5595,5655,3.2901,20.944,0.052,0.014,0.0175828,15.8546
5596,5656,3.2901,20.946,0.053,0.002,0.0379536,34.2233
5597,5657,3.2901,20.944,0.053,0.012,0.0273407,24.6535
5598,5658,3.2901,20.943,0.053,0,0.0338511,30.5239
5599,5659,3.2901,20.944,0.053,-0.013,0.0373185,33.6506
5600,5660,3.2901,20.944,0.053,-0.01,0.0495825,44.7092
5601,5661,3.2901,20.943,0.052,-0.019,0.0533574,48.1131
5602,5662,3.2901,20.945,0.053,-0.022,0.0310127,27.9646
5603,5663,3.3001,20.945,0.052,-0.007,0.0286783,25.8596
5604,5664,3.3001,20.944,0.053,-0.008,0.0231635,20.8868
5605,5665,3.2901,20.944,0.053,-0.004,0.0128013,11.5431
5606,5666,3.2901,20.945,0.053,0.006,0.0107309,9.6762
5607,5667,3.3001,20.946,0.053,-0.008,0.0129662,11.6918
5608,5668,3.3001,20.945,0.053,0.011,0.021376,19.275
5609,5669,3.3001,20.943,0.054,0,0.0272745,24.5938
5610,5670,3.3001,20.944,0.054,-0.004,0.0527128,47.5318
5611,5671,3.3001,20.944,0.054,-0.015,0.0514338,46.3785
5612,5672,3.3001,20.944,0.053,-0.014,0.0563507,50.8121
5613,5673,3.31,20.943,0.053,-0.002,0.0224767,20.2676
5614,5674,3.31,20.945,0.053,0.005,0.0269555,24.3062
5615,5675,3.31,20.944,0.053,0.006,0.0163683,14.7595
5616,5676,3.31,20.945,0.053,0.015,0.0196517,17.7202
5617,5677,3.31,20.945,0.053,0.017,0.0182197,16.429
5618,5678,3.31,20.945,0.053,0.015,0.0272862,24.6044
5619,5679,3.31,20.945,0.052,0.002,0.026859,24.2191
5620,5680,3.31,20.946,0.053,-0.002,0.0455416,41.0654
5621,5681,3.31,20.946,0.052,-0.017,0.0328325,29.6055
5622,5682,3.31,20.944,0.052,-0.015,0.0383203,34.5539
5623,5683,3.31,20.944,0.053,-0.015,0.046352,41.7962
5624,5684,3.31,20.943,0.052,0.006,0.0410219,36.99
5625,5685,3.32,20.945,0.052,-0.002,0.016763,15.1154
5626,5686,3.32,20.946,0.052,0.013,0.0140001,12.624
5627,5687,3.32,20.945,0.052,0.01,0.0225765,20.3575
5628,5688,3.31,20.945,0.052,0.011,0.0311256,28.0664
5629,5689,3.31,20.945,0.053,0.003,0.0307373,27.7162
5630,5690,3.31,20.945,0.053,0.007,0.0486193,43.8406
5631,5691,3.31,20.944,0.053,-0.01,0.0341243,30.7703
5632,5692,3.32,20.944,0.053,0.006,0.0544539,49.1018
5633,5693,3.32,20.943,0.053,-0.013,0.0322807,29.1079
5634,5694,3.32,20.946,0.052,-0.011,0.0277307,25.0052
5635,5695,3.32,20.944,0.053,-0.006,0.0159752,14.4051
5636,5696,3.32,20.944,0.052,0.021,0.0306015,27.5938
5637,5697,3.33,20.943,0.052,0.02,0.0224654,20.2574
5638,5698,3.33,20.944,0.052,0.012,0.0141687,12.7761
5639,5699,3.33,20.944,0.052,0.004,0.0132133,11.9147
5640,5700,3.33,20.944,0.052,0.004,0.0434527,39.1819
5641,5701,3.33,20.944,0.053,-0.017,0.0424997,38.3226
5642,5702,3.33,20.945,0.052,-0.005,0.0477862,43.0895
5643,5703,3.33,20.945,0.052,-0.017,0.0310251,27.9758
5644,5704,3.33,20.944,0.053,-0.002,0.0335464,30.2492
5645,5705,3.33,20.945,0.053,0.001,0.0274639,24.7646
5646,5706,3.33,20.945,0.053,0.012,0.030423,27.4328
5647,5707,3.33,20.945,0.053,-0.001,0.0071728,6.4678
5648,5708,3.33,20.945,0.053,0.011,0.0259085,23.3621
5649,5709,3.33,20.944,0.053,0.009,0.0214646,19.3549
5650,5710,3.33,20.946,0.053,0.015,0.0473821,42.725
5651,5711,3.33,20.945,0.053,-0.013,0.0491667,44.3343
5652,5712,3.34,20.945,0.053,-0.012,0.0605466,54.5957
5653,5713,3.34,20.945,0.053,-0.014,0.0440376,39.7093
5654,5714,3.33,20.944,0.053,-0.002,0.0398761,35.9568
5655,5715,3.33,20.945,0.052,0,0.0286935,25.8733
5656,5716,3.33,20.944,0.052,0.017,0.0262512,23.671
5657,5717,3.33,20.942,0.053,0.009,0.015687,14.1452
5658,5718,3.33,20.943,0.053,0.025,0.0245653,22.1509
5659,5719,3.34,20.944,0.053,0.008,0.0301268,27.1657
5660,5720,3.34,20.944,0.052,0.012,0.0445639,40.1838
5661,5721,3.35,20.944,0.053,-0.016,0.0378278,34.1098
5662,5722,3.35,20.945,0.053,-0.019,0.0398007,35.8888
5663,5723,3.35,20.945,0.053,-0.028,0.047319,42.6682
5664,5724,3.35,20.945,0.052,-0.014,0.0358901,32.3626
5665,5725,3.35,20.945,0.053,-0.004,0.0146583,13.2176
5666,5726,3.35,20.944,0.053,0.005,0.0220753,19.9056
5667,5727,3.34,20.944,0.053,0.007,0.0160387,14.4623
5668,5728,3.34,20.944,0.053,0.022,0.0280861,25.3256
5669,5729,3.34,20.943,0.052,0.009,0.0275891,24.8774
5670,5730,3.34,20.944,0.053,0.005,0.0420266,37.896
5671,5731,3.35,20.944,0.053,-0.01,0.0466742,42.0868
5672,5732,3.35,20.944,0.053,-0.008,0.0603915,54.4558
5673,5733,3.35,20.945,0.053,-0.015,0.0294802,26.5827
5674,5734,3.35,20.946,0.053,-0.012,0.0464575,41.8913
5675,5735,3.35,20.944,0.053,-0.006,0.0340691,30.7206
5676,5736,3.35,20.945,0.053,0.018,0.0237683,21.4322
5677,5737,3.35,20.944,0.053,0.011,0.0215829,19.4616
5678,5738,3.35,20.944,0.053,0.017,0.0267391,24.111
5679,5739,3.35,20.944,0.053,0.001,0.031962,28.8206
5680,5740,3.35,20.945,0.053,0.006,0.0408004,36.7902
5681,5741,3.35,20.944,0.054,-0.016,0.0465356,41.9617
5682,5742,3.35,20.946,0.052,-0.013,0.0382629,34.5022
5683,5743,3.35,20.944,0.052,-0.023,0.0324706,29.2792
5684,5744,3.35,20.944,0.052,-0.004,0.0275846,24.8734
5685,5745,3.35,20.946,0.052,-0.005,0.0339743,30.635
5686,5746,3.36,20.943,0.052,0.001,0.0139851,12.6106
5687,5747,3.36,20.944,0.051,0.006,0.015848,14.2904
5688,5748,3.36,20.945,0.052,0.014,0.0086683,7.8163
5689,5749,3.36,20.944,0.053,0.008,0.0253971,22.9009
5690,5750,3.36,20.944,0.054,0.006,0.0418872,37.7702
5691,5751,3.36,20.943,0.053,-0.002,0.0379574,34.2267
5692,5752,3.36,20.943,0.054,-0.012,0.0445877,40.2053
5693,5753,3.36,20.944,0.053,0,0.0486669,43.8835
5694,5754,3.36,20.943,0.052,0.002,0.0377018,33.9962
5695,5755,3.36,20.944,0.053,0.007,0.0205356,18.5172
5696,5756,3.36,20.944,0.053,0.005,0.0159956,14.4235
5697,5757,3.36,20.943,0.053,0.014,0.0067733,6.1076
5698,5758,3.37,20.945,0.053,0.017,0.0024444,2.2042
5699,5759,3.37,20.944,0.053,0.019,0.0077551,6.9928
5700,5760,3.38,20.945,0.052,0.013,0.0433144,39.0572
5701,5761,3.38,20.943,0.053,-0.001,0.0334508,30.163
5702,5762,3.38,20.943,0.053,-0.003,0.0396393,35.7433
5703,5763,3.38,20.944,0.053,-0.015,0.0461802,41.6413
5704,5764,3.38,20.945,0.053,-0.009,0.0179684,16.2023
5705,5765,3.38,20.943,0.052,-0.003,0.0258676,23.3251
5706,5766,3.38,20.944,0.052,0.009,0.0107298,9.6752
5707,5767,3.38,20.945,0.052,0.013,0.0145517,13.1215
5708,5768,3.38,20.945,0.052,0.017,0.0232582,20.9723
5709,5769,3.38,20.946,0.053,0.021,0.0261247,23.557
5710,5770,3.38,20.946,0.053,0.015,0.0263002,23.7152
5711,5771,3.38,20.946,0.053,-0.009,0.0385621,34.772
5712,5772,3.38,20.944,0.052,-0.009,0.0470918,42.4633
5713,5773,3.38,20.946,0.052,-0.009,0.0522054,47.0743
5714,5774,3.38,20.945,0.052,-0.016,0.0359387,32.4064
5715,5775,3.38,20.945,0.052,0.002,0.0379684,34.2366
5716,5776,3.38,20.947,0.052,0.004,0.0201396,18.1601
5717,5777,3.38,20.945,0.052,0.018,0.0125433,11.3104
5718,5778,3.38,20.945,0.053,0.01,0.0111537,10.0575
5719,5779,3.38,20.946,0.053,0.01,0.032405,29.22
5720,5780,3.38,20.944,0.053,0.008,0.0277565,25.0284
5721,5781,3.38,20.944,0.053,0.003,0.0345478,31.1522
5722,5782,3.38,20.945,0.053,-0.008,0.0370293,33.3898
5723,5783,3.38,20.945,0.053,-0.012,0.0299438,27.0007
5724,5784,3.38,20.944,0.053,-0.017,0.0412182,37.167
5725,5785,3.38,20.944,0.053,-0.006,0.0365578,32.9647
5726,5786,3.38,20.945,0.053,-0.003,0.0246593,22.2356
5727,5787,3.38,20.944,0.053,0.013,0.0187013,16.8632
5728,5788,3.38,20.944,0.053,0.02,0.009755,8.7962
5729,5789,3.38,20.944,0.053,0.012,0.0310469,27.9954
5730,5790,3.38,20.946,0.053,0.002,0.0451203,40.6856
5731,5791,3.38,20.944,0.053,0.006,0.0437289,39.431
5732,5792,3.38,20.944,0.053,-0.001,0.0415681,37.4825
5733,5793,3.39,20.944,0.053,-0.002,0.0419029,37.7844
5734,5794,3.39,20.944,0.052,-0.005,0.0351459,31.6915
5735,5795,3.39,20.946,0.052,-0.006,0.0206027,18.5777
5736,5796,3.39,20.944,0.053,-0.006,0.0329218,29.6861
5737,5797,3.39,20.945,0.052,0.009,0.0247769,22.3417
5738,5798,3.39,20.944,0.053,0.02,0.0250841,22.6186
5739,5799,3.39,20.943,0.053,0.018,0.0275598,24.851
5740,5800,3.39,20.945,0.052,-0.002,0.0283452,25.5592
5741,5801,3.39,20.945,0.053,-0.014,0.0293369,26.4534
5742,5802,3.39,20.945,0.053,-0.009,0.0144485,13.0284
5743,5803,3.4001,20.944,0.053,-0.012,0.0228495,20.6037
5744,5804,3.4001,20.945,0.054,-0.016,0.0342062,30.8442
5745,5805,3.4001,20.946,0.053,-0.007,0.0365367,32.9456
5746,5806,3.4001,20.945,0.053,0.008,0.0234816,21.1737
5747,5807,3.4001,20.945,0.053,0.001,0.000334,0.3012
5748,5808,3.4001,20.944,0.053,0.009,0.0003387,0.3055
5749,5809,3.4001,20.944,0.053,0.004,0.0195484,17.627
5750,5810,3.4001,20.945,0.052,0.001,0.0289856,26.1367
5751,5811,3.4001,20.945,0.053,0.002,0.038914,35.0893
5752,5812,3.4001,20.945,0.052,-0.005,0.0554028,49.9574
5753,5813,3.4001,20.946,0.053,0.01,0.0472032,42.5638
5754,5814,3.4001,20.946,0.052,0.001,0.0420882,37.9515
5755,5815,3.4001,20.946,0.051,-0.009,0.0346495,31.2439
5756,5816,3.4001,20.946,0.051,-0.01,0.0334672,30.1778
5757,5817,3.4001,20.946,0.052,0.007,0.0109087,9.8365
5758,5818,3.4099,20.945,0.053,0.023,0.0153106,13.8058
5759,5819,3.4099,20.946,0.053,0.022,0.016453,14.8359
5760,5820,3.4099,20.946,0.053,0.009,0.0244818,22.0756
5761,5821,3.4099,20.945,0.053,0,0.0186407,16.8085
5762,5822,3.4099,20.945,0.052,-0.009,0.0445253,40.1491
5763,5823,3.4099,20.945,0.053,-0.014,0.0483395,43.5884
5764,5824,3.4099,20.943,0.053,-0.012,0.0467561,42.1606
5765,5825,3.4099,20.944,0.053,-0.012,0.0401101,36.1678
5766,5826,3.4099,20.945,0.053,-0.005,0.0290857,26.2269
5767,5827,3.4099,20.945,0.053,-0.004,0.0345703,31.1725
5768,5828,3.4099,20.945,0.053,0.017,0.0223956,20.1944
5769,5829,3.4099,20.945,0.052,0.008,0.0352407,31.777
5770,5830,3.4099,20.946,0.053,0.013,0.0296321,26.7197
5771,5831,3.4099,20.945,0.053,0.004,0.0387663,34.956
5772,5832,3.4099,20.945,0.052,0,0.0354488,31.9646
5773,5833,3.4099,20.947,0.052,-0.013,0.04224,38.0883
5774,5834,3.4099,20.945,0.053,-0.012,0.049592,44.7177
5775,5835,3.4099,20.944,0.054,-0.012,0.0197729,17.8295
5776,5836,3.4099,20.944,0.053,-0.016,0.0138938,12.5282
5777,5837,3.42,20.946,0.053,0.009,0.02685,24.211
5778,5838,3.42,20.943,0.054,0.005,0.0182821,16.4852
5779,5839,3.42,20.943,0.053,0.01,0.0098633,8.8939
5780,5840,3.42,20.944,0.053,-0.001,0.0161452,14.5584
5781,5841,3.42,20.944,0.052,-0.001,0.0144022,12.9867
5782,5842,3.43,20.945,0.053,-0.003,0.0349573,31.5215
5783,5843,3.43,20.944,0.054,0.004,0.0276174,24.903
5784,5844,3.43,20.943,0.054,-0.013,0.0309443,27.9029
5785,5845,3.43,20.945,0.052,-0.02,0.0427084,38.5107
5786,5846,3.43,20.945,0.052,0.005,0.0099359,8.9594
5787,5847,3.43,20.946,0.052,0.015,0.0090811,8.1886
5788,5848,3.43,20.945,0.052,0.013,0.0252547,22.7725
5789,5849,3.43,20.943,0.051,0.011,0.0109537,9.8771
5790,5850,3.43,20.945,0.052,0.02,0.0183087,16.5092
5791,5851,3.43,20.945,0.052,0.013,0.0444448,40.0764
5792,5852,3.43,20.945,0.052,0.01,0.0500906,45.1673
5793,5853,3.43,20.946,0.052,-0.005,0.0263684,23.7767
5794,5854,3.43,20.945,0.053,-0.002,0.0327155,29.5
5795,5855,3.43,20.946,0.053,-0.002,0.0302056,27.2368
5796,5856,3.43,20.945,0.053,-0.008,0.030954,27.9116
5797,5857,3.43,20.944,0.052,0.013,0.0300211,27.0704
5798,5858,3.43,20.946,0.052,0.015,0.0231601,20.8838
5799,5859,3.43,20.946,0.053,0.009,0.0289796,26.1313
5800,5860,3.43,20.944,0.053,0.012,0.0301867,27.2198
5801,5861,3.43,20.946,0.052,0.01,0.0221708,19.9917
5802,5862,3.43,20.945,0.052,-0.009,0.0283197,25.5362
5803,5863,3.43,20.944,0.052,-0.018,0.0451007,40.6679
5804,5864,3.44,20.945,0.052,-0.001,0.0420087,37.8798
5805,5865,3.44,20.946,0.053,-0.012,0.0473081,42.6583
5806,5866,3.44,20.947,0.053,-0.001,0.0322169,29.0504
5807,5867,3.44,20.945,0.054,0.008,0.030689,27.6727
5808,5868,3.44,20.943,0.053,0.003,0.0264994,23.8949
5809,5869,3.44,20.944,0.053,0.01,0.0087415,7.8823
5810,5870,3.44,20.944,0.053,0.005,0.0138576,12.4956
5811,5871,3.44,20.944,0.052,0.004,0.016494,14.8728
5812,5872,3.44,20.944,0.053,0.012,0.0243812,21.9848
5813,5873,3.44,20.944,0.053,0.001,0.0396788,35.7789
5814,5874,3.44,20.945,0.053,-0.015,0.0336999,30.3876
5815,5875,3.44,20.945,0.053,-0.008,0.0504393,45.4818
5816,5876,3.44,20.944,0.053,-0.013,0.035681,32.1741
5817,5877,3.44,20.944,0.053,0.002,0.0294585,26.5632
5818,5878,3.44,20.944,0.053,-0.006,0.0313633,28.2807
5819,5879,3.44,20.946,0.053,0.012,0.0221903,20.0092
5820,5880,3.45,20.943,0.054,0.019,0.0174124,15.7009
5821,5881,3.45,20.945,0.053,0.013,0.0344053,31.0237
5822,5882,3.45,20.945,0.053,0.007,0.0255379,23.0278
5823,5883,3.45,20.946,0.053,0.009,0.0339374,30.6018
5824,5884,3.45,20.944,0.053,-0.014,0.032945,29.7069
5825,5885,3.46,20.946,0.053,-0.004,0.0456797,41.19
5826,5886,3.46,20.945,0.053,-0.02,0.0172883,15.589
5827,5887,3.46,20.945,0.053,-0.006,0.0154203,13.9047
5828,5888,3.46,20.945,0.053,-0.005,0.0121312,10.9388
5829,5889,3.46,20.946,0.053,-0.007,0.0174104,15.6992
5830,5890,3.46,20.946,0.052,-0.003,0.0194443,17.5332
5831,5891,3.46,20.947,0.052,0.007,0.03226,29.0892
5832,5892,3.46,20.946,0.052,-0.009,0.0276972,24.9749
5833,5893,3.46,20.946,0.052,0,0.0343469,30.9711
5834,5894,3.46,20.946,0.053,-0.013,0.0207203,18.6838
5835,5895,3.46,20.947,0.053,-0.008,0.0336933,30.3817
5836,5896,3.46,20.946,0.053,-0.016,0.0373881,33.7134
5837,5897,3.46,20.945,0.053,0.011,0.0497816,44.8888
5838,5898,3.46,20.945,0.053,0.008,0.041643,37.55
5839,5899,3.46,20.946,0.053,0.016,0.0161582,14.5701
5840,5900,3.46,20.945,0.053,0.011,0.0190302,17.1598
5841,5901,3.46,20.945,0.054,0.004,0.01943,17.5203
5842,5902,3.46,20.946,0.053,-0.004,0.0409947,36.9654
5843,5903,3.46,20.945,0.053,0.001,0.0336576,30.3495
5844,5904,3.46,20.945,0.054,-0.005,0.0383166,34.5506
5845,5905,3.46,20.945,0.053,0.007,0.0272864,24.6045
5846,5906,3.46,20.945,0.052,-0.004,0.028776,25.9477
5847,5907,3.46,20.945,0.053,-0.007,0.0263229,23.7357
5848,5908,3.46,20.945,0.053,-0.015,0.0255589,23.0468
5849,5909,3.46,20.944,0.053,-0.002,0.027545,24.8377
5850,5910,3.46,20.943,0.053,0.017,0.0132807,11.9754
5851,5911,3.46,20.944,0.053,0.014,0,0
5852,5912,3.46,20.944,0.053,0.009,0.0154036,13.8896
5853,5913,3.47,20.945,0.053,-0.006,0.0289011,26.0605
5854,5914,3.47,20.944,0.053,-0.009,0.0270629,24.403
5855,5915,3.47,20.946,0.053,-0.013,0.0307591,27.7359
5856,5916,3.47,20.946,0.053,-0.008,0.0507472,45.7594
5857,5917,3.47,20.947,0.052,-0.004,0.043872,39.56
5858,5918,3.48,20.946,0.053,-0.006,0.0265822,23.9696
5859,5919,3.48,20.947,0.053,0.003,0.018663,16.8287
5860,5920,3.48,20.945,0.053,0.006,0.0179641,16.1985
5861,5921,3.48,20.944,0.053,0.01,0.0212814,19.1897
5862,5922,3.47,20.946,0.053,0.025,0.0360381,32.4961
5863,5923,3.47,20.946,0.053,0.008,0.0604529,54.5112
5864,5924,3.47,20.946,0.053,-0.005,0.0456768,41.1873
5865,5925,3.48,20.946,0.052,-0.003,0.0727121,65.5654
5866,5926,3.48,20.946,0.053,-0.005,0.0324612,29.2707
5867,5927,3.48,20.946,0.053,-0.025,0.0400763,36.1373
5868,5928,3.48,20.946,0.053,-0.009,0.0273735,24.683
5869,5929,3.48,20.944,0.054,0.012,0.0206609,18.6302
5870,5930,3.48,20.943,0.053,0.018,0.0326412,29.433
5871,5931,3.48,20.943,0.054,0.02,0.0301805,27.2142
5872,5932,3.48,20.943,0.053,0.011,0.0372639,33.6014
5873,5933,3.48,20.944,0.053,0.008,0.0360878,32.5408
5874,5934,3.48,20.942,0.053,-0.014,0.0445293,40.1527
5875,5935,3.48,20.942,0.053,-0.007,0.0588817,53.0944
5876,5936,3.48,20.943,0.053,-0.026,0.0572858,51.6554
5877,5937,3.48,20.942,0.053,0.002,0.0478074,43.1085
5878,5938,3.48,20.944,0.053,-0.001,0.0344662,31.0786
5879,5939,3.48,20.943,0.053,0.006,0.0299007,26.9619
5880,5940,3.48,20.944,0.053,0.008,0.0248511,22.4086
5881,5941,3.48,20.945,0.052,0.001,0.0234919,21.183
5882,5942,3.49,20.944,0.052,0,0.0196433,17.7126
5883,5943,3.49,20.945,0.053,-0.006,0.0378457,34.126
5884,5944,3.49,20.945,0.053,-0.007,0.0503039,45.3597
5885,5945,3.49,20.945,0.053,-0.009,0.0436153,39.3285
5886,5946,3.49,20.944,0.053,-0.014,0.0249987,22.5416
5887,5947,3.49,20.942,0.053,-0.013,0.0280915,25.3305
5888,5948,3.49,20.942,0.053,-0.008,0.0186785,16.8427
5889,5949,3.49,20.943,0.053,-0.005,0.0162674,14.6685
5890,5950,3.49,20.945,0.052,-0.001,0.0165491,14.9225
5891,5951,3.49,20.945,0.053,0,0.0348889,31.4598
5892,5952,3.49,20.946,0.053,0.001,0.0227949,20.5545
5893,5953,3.49,20.946,0.053,0.009,0.0399379,36.0125
5894,5954,3.49,20.945,0.053,-0.013,0.0377907,34.0764
5895,5955,3.5,20.946,0.053,-0.02,0.0261607,23.5894
5896,5956,3.5,20.945,0.052,-0.018,0.0395002,35.6178
5897,5957,3.5,20.946,0.052,0,0.0284389,25.6437
5898,5958,3.5,20.946,0.053,-0.003,0.0401472,36.2012
5899,5959,3.5,20.946,0.053,0.005,0.0113995,10.2791
5900,5960,3.5,20.946,0.053,0.012,0.0131184,11.8291
5901,5961,3.5,20.945,0.053,0.007,0.0277831,25.0524
5902,5962,3.5,20.946,0.053,-0.005,0.0146247,13.1873
5903,5963,3.5,20.945,0.053,0.001,0.0404032,36.4321
5904,5964,3.5,20.946,0.053,-0.01,0.0366807,33.0755
5905,5965,3.5,20.945,0.053,-0.008,0.0543461,49.0046
5906,5966,3.5,20.945,0.053,-0.002,0.0481807,43.4452
5907,5967,3.5099,20.946,0.053,-0.014,0.0454764,41.0066
5908,5968,3.5099,20.946,0.052,-0.004,0.0306282,27.6179
5909,5969,3.5099,20.946,0.052,-0.014,0.030442,27.45
5910,5970,3.5099,20.946,0.053,0.008,0.0201901,18.2057
5911,5971,3.5099,20.947,0.052,0.01,0.0160211,14.4464
5912,5972,3.5199,20.946,0.053,0.002,0.0424189,38.2497
5913,5973,3.5199,20.945,0.052,0.004,0.0290528,26.1973
5914,5974,3.5199,20.947,0.052,-0.01,0.0252527,22.7707
5915,5975,3.5199,20.945,0.052,-0.006,0.0373628,33.6905
5916,5976,3.5199,20.945,0.052,-0.027,0.0452746,40.8247
5917,5977,3.5199,20.946,0.052,-0.017,0.0420977,37.9601
5918,5978,3.5199,20.945,0.053,-0.019,0.0438887,39.575
5919,5979,3.5199,20.946,0.052,-0.002,0.0198966,17.941
5920,5980,3.5199,20.945,0.053,0,0.020464,18.4527
5921,5981,3.5199,20.945,0.053,0.008,0.0248417,22.4001
5922,5982,3.5199,20.945,0.053,0.012,0.0373596,33.6876
5923,5983,3.5299,20.945,0.053,-0.012,0.0235204,21.2086
5924,5984,3.5199,20.945,0.052,-0.009,0.0312694,28.196
5925,5985,3.5199,20.947,0.053,-0.005,0.0417934,37.6857
5926,5986,3.5199,20.947,0.052,-0.008,0.0361999,32.6419
5927,5987,3.5299,20.945,0.053,-0.018,0.0347418,31.3271
5928,5988,3.5299,20.946,0.053,-0.017,0.0162892,14.6882
5929,5989,3.5299,20.946,0.052,-0.013,0.0231145,20.8426
5930,5990,3.5299,20.945,0.053,0,0.027825,25.0902
5931,5991,3.5299,20.947,0.053,0.003,0.0189388,17.0773
5932,5992,3.5299,20.946,0.052,0.004,0.0281586,25.391
5933,5993,3.5299,20.945,0.053,-0.002,0.018673,16.8377
5934,5994,3.5299,20.944,0.053,0.005,0.0147254,13.278
5935,5995,3.5299,20.945,0.053,0.003,0.0344354,31.0509
5936,5996,3.5299,20.944,0.052,-0.011,0.042622,38.4328
5937,5997,3.5299,20.945,0.052,-0.01,0.0425058,38.328
5938,5998,3.5299,20.946,0.053,-0.009,0.0325587,29.3586
5939,5999,3.5299,20.946,0.052,-0.002,0.0309092,27.8712
5940,6000,3.5299,20.948,0.052,-0.003,0.0168357,15.181
5941,6001,3.5299,20.947,0.053,-0.003,0.0102327,9.227
5942,6002,3.5299,20.946,0.053,0.005,0.0183147,16.5146
5943,6003,3.5299,20.946,0.053,0.001,0.0171191,15.4365
5944,6004,3.5299,20.945,0.052,0.005,0.0131103,11.8217
5945,6005,3.5299,20.946,0.052,0,0.0072244,6.5143
5946,6006,3.5299,20.948,0.052,-0.013,0.0276128,24.8988
5947,6007,3.5399,20.947,0.052,-0.016,0.0251396,22.6688
5948,6008,3.5399,20.946,0.052,-0.017,0.0352025,31.7426
5949,6009,3.5399,20.946,0.054,-0.012,0.0208108,18.7654
5950,6010,3.5399,20.947,0.053,0.002,0.0347132,31.3013
5951,6011,3.5399,20.944,0.053,0.002,0.0056396,5.0853
5952,6012,3.5399,20.947,0.052,0.008,0.0080253,7.2365
5953,6013,3.5399,20.947,0.053,-0.003,0.0225253,20.3114
5954,6014,3.5399,20.948,0.053,-0.003,0.0315027,28.4064
5955,6015,3.5399,20.948,0.053,-0.004,0.0490706,44.2476
5956,6016,3.5399,20.949,0.053,0.006,0.029225,26.3526
5957,6017,3.55,20.948,0.053,-0.008,0.0231574,20.8814
5958,6018,3.55,20.947,0.053,0.004,0.0283805,25.5911
5959,6019,3.55,20.945,0.053,-0.006,0.0228222,20.5791
5960,6020,3.55,20.945,0.052,0.003,0.0229057,20.6544
5961,6021,3.55,20.946,0.052,-0.004,0.0224553,20.2482
5962,6022,3.55,20.945,0.053,0.018,0.0123014,11.0923
5963,6023,3.55,20.946,0.053,0.01,0.0229682,20.7107
5964,6024,3.55,20.947,0.053,-0.003,0.0196769,17.7429
5965,6025,3.55,20.947,0.053,-0.007,0.0281113,25.3483
5966,6026,3.55,20.946,0.052,-0.013,0.0318667,28.7346
5967,6027,3.55,20.944,0.052,-0.004,0.033581,30.2804
5968,6028,3.55,20.946,0.053,-0.008,0.0285748,25.7663
5969,6029,3.55,20.948,0.053,-0.004,0.0237753,21.4385
5970,6030,3.55,20.946,0.052,0.001,0.0114286,10.3053
5971,6031,3.55,20.946,0.052,0.002,0.0121581,10.9631
5972,6032,3.55,20.946,0.052,0.007,0.0054777,4.9393
5973,6033,3.55,20.945,0.053,0.012,0.0144824,13.059
5974,6034,3.55,20.946,0.053,0.006,0.0113995,10.2791
5975,6035,3.55,20.945,0.053,-0.001,0.0273325,24.6461
5976,6036,3.55,20.947,0.053,-0.013,0.0445549,40.1757
5977,6037,3.55,20.948,0.053,-0.012,0.0432909,39.036
5978,6038,3.55,20.947,0.053,-0.009,0.0475915,42.9139
5979,6039,3.56,20.946,0.052,-0.004,0.0312746,28.2007
5980,6040,3.56,20.946,0.052,0.006,0.0197516,17.8103
5981,6041,3.56,20.945,0.052,0.008,0.0130875,11.8012
5982,6042,3.56,20.947,0.053,0.012,0.0273334,24.6469
5983,6043,3.56,20.946,0.053,0.022,0.0167262,15.0822
5984,6044,3.56,20.945,0.053,0.009,0.029857,26.9224
5985,6045,3.57,20.946,0.052,0.021,0.025643,23.1227
5986,6046,3.57,20.944,0.053,0.002,0.0251509,22.6789
5987,6047,3.57,20.945,0.053,-0.009,0.0214947,19.3821
5988,6048,3.56,20.944,0.053,-0.004,0.0257812,23.2473
5989,6049,3.56,20.943,0.053,-0.018,0.0317971,28.6718
5990,6050,3.56,20.945,0.052,-0.007,0.0438752,39.5628
5991,6051,3.56,20.946,0.052,0.005,0.0238664,21.5207
5992,6052,3.56,20.946,0.052,0.011,0.0166554,15.0184
5993,6053,3.56,20.946,0.052,0.003,0.0125791,11.3427
5994,6054,3.56,20.945,0.052,0.003,0.0195973,17.6712
5995,6055,3.56,20.947,0.053,-0.009,0.0279562,25.2084
5996,6056,3.56,20.947,0.053,-0.006,0.0285997,25.7887
5997,6057,3.56,20.947,0.053,-0.006,0.0274581,24.7593
5998,6058,3.56,20.947,0.053,0.002,0.0453566,40.8987
5999,6059,3.56,20.946,0.053,-0.006,0.0505793,45.6081
6000,6060,3.57,20.947,0.054,-0.007,0.0387934,34.9806
6001,6061,3.57,20.946,0.054,-0.014,0.026855,24.2155
6002,6062,3.57,20.945,0.053,-0.001,0.0025119,2.265
6003,6063,3.57,20.946,0.053,0.002,0,0
6004,6064,3.57,20.947,0.053,0.006,0,0
6005,6065,3.57,20.947,0.053,0.004,0.0363004,32.7326
6006,6066,3.57,20.946,0.053,0.001,0.0348616,31.4352
6007,6067,3.57,20.945,0.052,-0.004,0.0404074,36.4359
6008,6068,3.57,20.946,0.052,-0.002,0.0258641,23.322
6009,6069,3.58,20.946,0.053,-0.014,0.0297532,26.8289
6010,6070,3.58,20.945,0.052,-0.02,0.0194979,17.5815
6011,6071,3.58,20.945,0.052,-0.013,0.0038676,3.4874
6012,6072,3.58,20.946,0.052,-0.002,0.0254345,22.9346
6013,6073,3.58,20.946,0.052,0.021,0.0171611,15.4744
6014,6074,3.58,20.946,0.053,0.026,0.0209155,18.8598
6015,6075,3.58,20.947,0.052,0.02,0.0179746,16.208
6016,6076,3.58,20.947,0.052,-0.011,0.0272783,24.5972
6017,6077,3.58,20.946,0.052,-0.009,0.0373645,33.6921
6018,6078,3.58,20.946,0.053,-0.014,0.0403636,36.3964
6019,6079,3.58,20.946,0.052,-0.002,0.0433081,39.0514
6020,6080,3.58,20.946,0.053,-0.004,0.0368148,33.1964
6021,6081,3.59,20.946,0.053,-0.001,0.0197847,17.8401
6022,6082,3.59,20.947,0.053,0.014,0.010901,9.8296
6023,6083,3.59,20.947,0.052,0.003,0.0142838,12.8799
6024,6084,3.59,20.945,0.052,0.007,0.0297809,26.8538
6025,6085,3.59,20.946,0.053,-0.001,0.0285592,25.7522
6026,6086,3.59,20.947,0.053,0.006,0.0313908,28.3055
6027,6087,3.59,20.946,0.053,-0.003,0.0392901,35.4284
6028,6088,3.59,20.946,0.053,-0.017,0.044382,40.0198
6029,6089,3.59,20.947,0.053,-0.015,0.0549283,49.5296
6030,6090,3.59,20.946,0.052,-0.018,0.0210551,18.9857
6031,6091,3.59,20.946,0.053,-0.011,0.0260633,23.5016
6032,6092,3.59,20.946,0.052,-0.001,0.014534,13.1055
6033,6093,3.59,20.947,0.052,0.013,0.0265466,23.9374
6034,6094,3.59,20.946,0.053,0.01,0.0089862,8.103
6035,6095,3.59,20.946,0.052,0.004,0.0086666,7.8148
6036,6096,3.6,20.944,0.052,-0.003,0.0139499,12.5788
6037,6097,3.6,20.946,0.053,-0.01,0.0395278,35.6427
6038,6098,3.6,20.947,0.052,-0.014,0.0269573,24.3078
6039,6099,3.6,20.946,0.052,-0.009,0.0306942,27.6774
6040,6100,3.6,20.944,0.052,-0.023,0.0339439,30.6077
6041,6101,3.6,20.945,0.052,-0.001,0.0385271,34.7404
6042,6102,3.6,20.947,0.053,0.004,0.0261771,23.6042
6043,6103,3.6,20.945,0.053,0.009,0.0035683,3.2176
6044,6104,3.6,20.946,0.053,-0.002,0.0087211,7.864
6045,6105,3.6,20.946,0.053,0.014,0.0235573,21.2419
6046,6106,3.6,20.946,0.053,0.019,0.0366932,33.0867
6047,6107,3.6,20.945,0.053,0.019,0.0413919,37.3236
6048,6108,3.6,20.944,0.054,-0.01,0.0374001,33.7241
6049,6109,3.6,20.945,0.053,0.001,0.0555694,50.1076
6050,6110,3.6,20.945,0.053,-0.002,0.0419308,37.8095
6051,6111,3.6,20.945,0.053,-0.004,0.0391217,35.2765
6052,6112,3.6,20.945,0.052,-0.009,0.0112243,10.1211
6053,6113,3.6,20.945,0.052,0.004,0.011927,10.7547
6054,6114,3.6,20.945,0.053,0.02,0,0
6055,6115,3.6,20.946,0.053,0.019,0.0191308,17.2505
6056,6116,3.6,20.945,0.052,0.005,0.0227084,20.4764
6057,6117,3.6099,20.945,0.053,-0.001,0.0269474,24.2988
6058,6118,3.6099,20.944,0.053,-0.012,0.0202725,18.28
6059,6119,3.6099,20.945,0.051,-0.003,0.042563,38.3797
6060,6120,3.6099,20.944,0.053,-0.018,0.0228495,20.6037
6061,6121,3.6099,20.944,0.052,-0.012,0.0223948,20.1936
6062,6122,3.6099,20.945,0.053,-0.013,0.0290035,26.1528
6063,6123,3.6199,20.946,0.053,0.012,0.0276808,24.9602
6064,6124,3.6199,20.946,0.053,0.016,0.0139963,12.6207
6065,6125,3.6199,20.945,0.053,0.018,0.0220637,19.8951
6066,6126,3.6199,20.947,0.052,0.009,0.0358098,32.2902
6067,6127,3.6199,20.945,0.052,0.007,0.0613623,55.3312
6068,6128,3.6199,20.945,0.053,-0.002,0.0363854,32.8092
6069,6129,3.6199,20.946,0.053,-0.001,0.0572079,51.5851
6070,6130,3.6199,20.947,0.053,-0.017,0.0417239,37.623
6071,6131,3.6199,20.946,0.053,0.001,0.0219352,19.7792
6072,6132,3.6199,20.946,0.052,0.006,0.0266641,24.0434
6073,6133,3.6199,20.945,0.052,0.006,0.0427506,38.5488
6074,6134,3.6199,20.944,0.052,-0.002,0.0128181,11.5583
6075,6135,3.6199,20.946,0.053,0.01,0.0208578,18.8078
6076,6136,3.6199,20.946,0.052,0.002,0.0208424,18.7939
6077,6137,3.6199,20.946,0.053,-0.005,0.0526339,47.4607
6078,6138,3.6199,20.945,0.052,-0.03,0.0409022,36.882
6079,6139,3.6199,20.945,0.052,-0.011,0.024174,21.798
6080,6140,3.6199,20.946,0.052,-0.025,0.0403332,36.369
6081,6141,3.6199,20.945,0.053,-0.011,0.0411682,37.1219
6082,6142,3.6199,20.945,0.053,0.002,0.0302232,27.2526
6083,6143,3.6199,20.946,0.053,0.002,0.0173269,15.6239
6084,6144,3.6299,20.945,0.053,-0.008,0.0230501,20.7846
6085,6145,3.6299,20.944,0.053,0.015,0.0324579,29.2677
6086,6146,3.6299,20.945,0.052,0.003,0.0340919,30.7411
6087,6147,3.6299,20.946,0.053,0.004,0.0304294,27.4386
6088,6148,3.6299,20.946,0.053,-0.022,0.0270872,24.4249
6089,6149,3.6299,20.945,0.053,-0.011,0.0477059,43.0171
6090,6150,3.6299,20.945,0.053,0,0.0359973,32.4592
6091,6151,3.6299,20.946,0.053,-0.006,0.0308925,27.8562
6092,6152,3.6299,20.944,0.052,-0.002,0.0254918,22.9863
6093,6153,3.6299,20.943,0.052,0.005,0.0123334,11.1212
6094,6154,3.6399,20.944,0.052,0.012,0.0057977,5.2278
6095,6155,3.6399,20.945,0.052,0.002,0.0322096,29.0438
6096,6156,3.6399,20.946,0.052,0.002,0.0347199,31.3074
6097,6157,3.6399,20.944,0.052,-0.003,0.0364636,32.8797
6098,6158,3.6399,20.945,0.053,-0.01,0.0271541,24.4852
6099,6159,3.6399,20.947,0.052,-0.003,0.0458371,41.3319
6100,6160,3.6399,20.946,0.052,-0.017,0.0182563,16.4619
6101,6161,3.6399,20.945,0.053,-0.005,0.0309518,27.9097
6102,6162,3.6399,20.945,0.052,-0.011,0.0060067,5.4164
6103,6163,3.6399,20.947,0.052,-0.001,0.0299097,26.97
6104,6164,3.6399,20.946,0.053,0.012,0.0377092,34.0028
6105,6165,3.6399,20.946,0.052,0.017,0.0124113,11.1914
6106,6166,3.6399,20.946,0.052,0.003,0.0118599,10.6942
6107,6167,3.6399,20.944,0.052,-0.004,0.0258286,23.29
6108,6168,3.6399,20.945,0.053,-0.006,0.0389597,35.1305
6109,6169,3.6399,20.945,0.052,0.002,0.0413168,37.2559
6110,6170,3.6499,20.945,0.052,-0.01,0.0530578,47.8429
6111,6171,3.6499,20.944,0.052,0.006,0.0397767,35.8672
6112,6172,3.6499,20.946,0.053,-0.005,0.0295349,26.632
6113,6173,3.6499,20.946,0.053,0.012,0.0241434,21.7705
6114,6174,3.6499,20.947,0.052,-0.001,0.0141429,12.7529
6115,6175,3.6499,20.945,0.052,-0.002,0.0305369,27.5355
6116,6176,3.6499,20.944,0.052,0.012,0.0289315,26.0879
6117,6177,3.6499,20.946,0.053,0.022,0.0194012,17.4943
6118,6178,3.6499,20.944,0.053,0.008,0.0205989,18.5743
6119,6179,3.6499,20.944,0.053,-0.009,0.0375898,33.8952
6120,6180,3.6499,20.945,0.052,-0.007,0.0540139,48.7051
6121,6181,3.6499,20.944,0.053,-0.021,0.0501217,45.1954
6122,6182,3.6499,20.945,0.053,-0.015,0.0390827,35.2414
6123,6183,3.6499,20.946,0.053,-0.001,0.0290704,26.2132
6124,6184,3.6499,20.945,0.052,0,0.0346354,31.2312
6125,6185,3.6499,20.946,0.053,0.01,0.0188191,16.9694
6126,6186,3.6499,20.946,0.053,-0.001,0.0241197,21.749
6127,6187,3.6599,20.945,0.053,0.005,0.0013809,1.2452
6128,6188,3.6599,20.944,0.053,0.009,0.0272362,24.5592
6129,6189,3.6599,20.945,0.053,0.003,0.0370512,33.4096
6130,6190,3.6599,20.946,0.053,-0.008,0.050331,45.3841
6131,6191,3.6599,20.945,0.053,-0.023,0.0406957,36.6959
6132,6192,3.6599,20.945,0.053,-0.024,0.0510764,46.0563
6133,6193,3.6599,20.946,0.052,-0.014,0.0361602,32.6061
6134,6194,3.6599,20.946,0.052,0.001,0.0246256,22.2053
6135,6195,3.6599,20.945,0.052,-0.004,0.0278312,25.0957
6136,6196,3.6599,20.945,0.052,0.006,0.0366009,33.0035
6137,6197,3.6599,20.946,0.052,0.001,0.0378422,34.1228
6138,6198,3.6599,20.946,0.052,0.022,0.0322176,29.051
6139,6199,3.6599,20.946,0.053,-0.002,0.0346698,31.2622
6140,6200,3.6599,20.946,0.053,-0.012,0.0328598,29.6301
6141,6201,3.6599,20.946,0.053,-0.021,0.0300578,27.1035
6142,6202,3.6599,20.945,0.053,-0.01,0.0207698,18.7284
6143,6203,3.6599,20.945,0.053,-0.011,0.0150047,13.53
6144,6204,3.67,20.943,0.053,-0.002,0.0261445,23.5748
6145,6205,3.67,20.944,0.053,0.009,0.0163198,14.7158
6146,6206,3.67,20.944,0.053,0.001,0.0149705,13.4991
6147,6207,3.67,20.945,0.053,-0.002,0.0248166,22.3774
6148,6208,3.67,20.944,0.053,-0.004,0.032843,29.615
6149,6209,3.67,20.944,0.053,-0.003,0.0490892,44.2644
6150,6210,3.67,20.945,0.053,-0.005,0.0478238,43.1234
6151,6211,3.67,20.945,0.052,-0.004,0.0462216,41.6786
6152,6212,3.67,20.945,0.053,-0.004,0.0537345,48.4531
6153,6213,3.67,20.946,0.053,0.003,0.0321571,28.9964
6154,6214,3.67,20.946,0.053,0.013,0.0128704,11.6054
6155,6215,3.67,20.945,0.053,0.008,0.0234116,21.1105
6156,6216,3.67,20.944,0.052,0.012,0.020675,18.6429
6157,6217,3.67,20.945,0.053,0.014,0.0414087,37.3388
6158,6218,3.67,20.945,0.053,0.004,0.0281889,25.4183
6159,6219,3.67,20.945,0.053,-0.004,0.0353475,31.8733
6160,6220,3.67,20.945,0.052,-0.013,0.0556373,50.1689
6161,6221,3.67,20.944,0.052,-0.016,0.0495656,44.694
6162,6222,3.67,20.945,0.053,-0.02,0.0349822,31.5439
6163,6223,3.67,20.946,0.053,-0.018,0.0257576,23.226
6164,6224,3.6801,20.944,0.052,0.002,0.0251179,22.6492
6165,6225,3.6801,20.944,0.053,0.016,0.0173218,15.6193
6166,6226,3.6801,20.945,0.053,0.01,0.0076933,6.9372
6167,6227,3.6801,20.944,0.053,0.008,0.0228023,20.5612
6168,6228,3.6801,20.945,0.052,-0.012,0.0209108,18.8556
6169,6229,3.6801,20.945,0.053,0.007,0.0399933,36.0625
6170,6230,3.6801,20.944,0.052,-0.006,0.0401907,36.2404
6171,6231,3.6801,20.945,0.053,-0.014,0.0372212,33.5629
6172,6232,3.6901,20.943,0.053,-0.014,0.0329631,29.7233
6173,6233,3.6901,20.944,0.052,-0.006,0.028042,25.2858
6174,6234,3.6901,20.945,0.053,-0.001,0.0172811,15.5826
6175,6235,3.6901,20.946,0.052,0.004,0.023104,20.8332
6176,6236,3.6901,20.945,0.053,0.012,0.0268302,24.1931
6177,6237,3.6901,20.945,0.053,0.015,0.0265874,23.9742
6178,6238,3.6901,20.946,0.053,0.006,0.0301894,27.2222
6179,6239,3.6901,20.945,0.052,0.003,0.0372568,33.595
6180,6240,3.6901,20.946,0.052,-0.009,0.0543383,48.9976
6181,6241,3.6901,20.945,0.052,-0.014,0.0496206,44.7436
6182,6242,3.7001,20.946,0.052,-0.011,0.0584305,52.6875
6183,6243,3.7001,20.946,0.053,-0.007,0.0464375,41.8733
6184,6244,3.7001,20.946,0.053,0.001,0.0198295,17.8805
6185,6245,3.7001,20.945,0.052,0.006,0.0274181,24.7233
6186,6246,3.7001,20.946,0.053,0.002,0.0238594,21.5144
6187,6247,3.7001,20.946,0.053,0.002,0.0191275,17.2476
6188,6248,3.7001,20.945,0.052,0.012,0.0184909,16.6734
6189,6249,3.7001,20.943,0.052,0,0.0320604,28.9093
6190,6250,3.7001,20.945,0.053,-0.006,0.0313342,28.2544
6191,6251,3.7001,20.945,0.053,-0.019,0.0572368,51.6112
6192,6252,3.7001,20.944,0.053,-0.01,0.0444822,40.1102
6193,6253,3.71,20.943,0.053,-0.018,0.0548467,49.456
6194,6254,3.71,20.943,0.052,-0.011,0.0305251,27.5249
6195,6255,3.71,20.944,0.052,0.005,0.0356803,32.1734
6196,6256,3.71,20.946,0.053,-0.002,0.0451249,40.6897
6197,6257,3.71,20.946,0.052,0.005,0.0174543,15.7388
6198,6258,3.71,20.945,0.052,0.01,0.0253346,22.8445
6199,6259,3.71,20.945,0.053,0.006,0.0268843,24.242
6200,6260,3.71,20.946,0.053,-0.003,0.0481888,43.4525
6201,6261,3.71,20.945,0.053,-0.002,0.042771,38.5672
6202,6262,3.71,20.945,0.052,-0.021,0.0497611,44.8702
6203,6263,3.71,20.944,0.053,-0.009,0.0334073,30.1238
6204,6264,3.71,20.944,0.053,-0.02,0.0287753,25.9471
6205,6265,3.71,20.944,0.053,-0.001,0.0256492,23.1282
6206,6266,3.71,20.945,0.053,-0.001,0.0175063,15.7856
6207,6267,3.71,20.944,0.053,-0.006,0.0332069,29.9431
6208,6268,3.71,20.943,0.054,0.011,0.0326871,29.4744
6209,6269,3.71,20.945,0.052,0.003,0.0300137,27.0638
6210,6270,3.71,20.945,0.052,0.003,0.0219193,19.765
6211,6271,3.71,20.945,0.052,-0.017,0.0482772,43.5322
6212,6272,3.72,20.945,0.052,-0.017,0.0394811,35.6007
6213,6273,3.72,20.946,0.052,-0.018,0.0482506,43.5082
6214,6274,3.72,20.945,0.053,0.002,0.0366962,33.0895
6215,6275,3.72,20.944,0.053,0.005,0.0183997,16.5912
6216,6276,3.72,20.944,0.052,0.003,0.0121988,10.9999
6217,6277,3.72,20.945,0.052,0.007,0.0108726,9.804
6218,6278,3.72,20.946,0.052,-0.003,0.0207626,18.7219
6219,6279,3.72,20.945,0.052,0.002,0.0238476,21.5037
6220,6280,3.72,20.944,0.052,-0.005,0.042893,38.6772
6221,6281,3.72,20.946,0.052,0.003,0.0379536,34.2233
6222,6282,3.72,20.946,0.053,-0.021,0.0350241,31.5817
6223,6283,3.72,20.946,0.053,-0.014,0.0352755,31.8084
6224,6284,3.72,20.946,0.053,-0.017,0.0241532,21.7793
6225,6285,3.72,20.945,0.053,-0.007,0.0462086,41.6669
6226,6286,3.72,20.945,0.052,0.005,0.0162928,14.6914
6227,6287,3.72,20.946,0.053,0.012,0.0234991,21.1895
6228,6288,3.72,20.946,0.052,0.017,0.0266648,24.044
6229,6289,3.72,20.945,0.053,0.004,0.0430109,38.7835
6230,6290,3.72,20.946,0.053,0.01,0.0234557,21.1503
6231,6291,3.72,20.944,0.053,-0.013,0.0533141,48.0741
6232,6292,3.72,20.945,0.053,-0.008,0.052704,47.5239
6233,6293,3.72,20.945,0.053,-0.001,0.0457987,41.2973
6234,6294,3.72,20.944,0.053,-0.001,0.0211934,19.1103
6235,6295,3.73,20.944,0.053,0.005,0.0148966,13.4325
6236,6296,3.73,20.945,0.053,-0.007,0.0264066,23.8112
6237,6297,3.73,20.943,0.052,0.012,0.0213086,19.2142
6238,6298,3.73,20.945,0.053,0.011,0.0204147,18.4082
6239,6299,3.73,20.944,0.053,0.012,0.032778,29.5564
6240,6300,3.73,20.943,0.053,-0.009,0.0297542,26.8298
6241,6301,3.73,20.944,0.053,0.005,0.0600192,54.1201
6242,6302,3.73,20.945,0.053,-0.022,0.0541367,48.8158
6243,6303,3.73,20.945,0.053,-0.017,0.0413042,37.2445
6244,6304,3.73,20.944,0.052,-0.011,0.0173881,15.6791
6245,6305,3.73,20.944,0.053,0.008,0.0317241,28.606
6246,6306,3.74,20.945,0.052,0.013,0.0211709,19.0901
6247,6307,3.74,20.945,0.052,0.008,0.0297885,26.8607
6248,6308,3.74,20.944,0.053,0.018,0.0230103,20.7487
6249,6309,3.74,20.943,0.052,0.008,0.0172968,15.5967
6250,6310,3.74,20.945,0.053,-0.002,0.0475082,42.8388
6251,6311,3.74,20.945,0.053,0.004,0.0509922,45.9803
6252,6312,3.74,20.944,0.053,-0.019,0.0478589,43.155
6253,6313,3.74,20.943,0.053,-0.013,0.043412,39.1452
6254,6314,3.74,20.943,0.053,-0.011,0.0297704,26.8443
6255,6315,3.74,20.945,0.052,0.006,0.0255511,23.0398
6256,6316,3.74,20.946,0.052,-0.001,0.0140153,12.6377
6257,6317,3.74,20.945,0.052,0.008,0.0288281,25.9947
6258,6318,3.74,20.945,0.053,0.005,0.0183033,16.5043
6259,6319,3.74,20.944,0.053,0.015,0.0380238,34.2865
6260,6320,3.75,20.943,0.053,0.011,0.0384354,34.6577
6261,6321,3.75,20.945,0.053,-0.012,0.045448,40.9811
6262,6322,3.75,20.944,0.053,-0.02,0.0591562,53.3419
6263,6323,3.76,20.945,0.053,-0.017,0.0398924,35.9715
6264,6324,3.76,20.945,0.052,-0.018,0.0257755,23.2421
6265,6325,3.75,20.946,0.053,-0.004,0.0122932,11.085
6266,6326,3.75,20.946,0.053,0.003,0.0281302,25.3654
6267,6327,3.75,20.945,0.052,0.014,0.0174503,15.7352
6268,6328,3.76,20.945,0.052,0.001,0.0285652,25.7576
6269,6329,3.76,20.945,0.053,0.011,0.0270132,24.3581
6270,6330,3.76,20.945,0.052,-0.008,0.0269322,24.2852
6271,6331,3.76,20.945,0.052,-0.012,0.047933,43.2219
6272,6332,3.76,20.946,0.052,-0.019,0.0397709,35.8619
6273,6333,3.76,20.946,0.053,-0.023,0.0381752,34.4231
6274,6334,3.76,20.944,0.052,-0.015,0.0373941,33.7187
6275,6335,3.76,20.946,0.053,0.004,0.0430285,38.7994
6276,6336,3.76,20.945,0.053,0.011,0.0128363,11.5746
6277,6337,3.76,20.946,0.052,0.001,0.0148961,13.432
6278,6338,3.76,20.945,0.052,0.012,0.0011233,1.0129
6279,6339,3.76,20.945,0.052,0.006,0.0225169,20.3038
6280,6340,3.76,20.944,0.052,0.008,0.019568,17.6447
6281,6341,3.76,20.944,0.053,0.003,0.0404175,36.445
6282,6342,3.76,20.945,0.053,-0.013,0.0447675,40.3674
6283,6343,3.76,20.944,0.053,-0.005,0.0384114,34.636
6284,6344,3.76,20.944,0.052,-0.003,0.0285269,25.7231
6285,6345,3.76,20.944,0.053,-0.011,0.0248704,22.4259
6286,6346,3.76,20.946,0.053,-0.009,0.018401,16.5924
6287,6347,3.76,20.944,0.053,0.015,0.0356486,32.1448
6288,6348,3.76,20.945,0.053,0.013,0.0087975,7.9328
6289,6349,3.77,20.945,0.054,0.026,0.012862,11.5978
6290,6350,3.77,20.945,0.053,0.005,0.0266945,24.0708
6291,6351,3.77,20.945,0.053,0.004,0.0454595,40.9914
6292,6352,3.77,20.946,0.053,-0.01,0.0477077,43.0187
6293,6353,3.77,20.945,0.053,-0.009,0.0447371,40.3401
6294,6354,3.77,20.944,0.053,-0.009,0.0392558,35.3975
6295,6355,3.77,20.945,0.052,0.001,0.0349924,31.5531
6296,6356,3.77,20.945,0.052,0.005,0.0303599,27.376
6297,6357,3.7801,20.945,0.052,0.011,0.0186286,16.7976
6298,6358,3.7801,20.945,0.052,-0.001,0.0095831,8.6412
6299,6359,3.7801,20.944,0.053,0.02,0.0159314,14.3656
6300,6360,3.7801,20.945,0.052,0.01,0.0394393,35.563
6301,6361,3.77,20.946,0.052,0.008,0.0363221,32.7521
6302,6362,3.77,20.944,0.052,-0.005,0.039667,35.7682
6303,6363,3.7801,20.943,0.052,-0.011,0.0404977,36.5173
6304,6364,3.7801,20.944,0.052,-0.018,0.0597984,53.921
6305,6365,3.7801,20.946,0.052,-0.008,0.0410473,37.0129
6306,6366,3.7801,20.945,0.052,0,0.0299206,26.9798
6307,6367,3.7801,20.944,0.052,0.005,0.028654,25.8377
6308,6368,3.7801,20.944,0.052,0.011,0,0
6309,6369,3.7801,20.945,0.053,0.024,0.0235266,21.2142
6310,6370,3.7801,20.944,0.053,0.012,0.016073,14.4932
6311,6371,3.7801,20.945,0.053,-0.005,0.0401419,36.1965
6312,6372,3.7801,20.944,0.052,-0.002,0.0388453,35.0273
6313,6373,3.7901,20.944,0.052,-0.009,0.0324026,29.2179
6314,6374,3.7901,20.945,0.052,-0.014,0.0352866,31.8184
6315,6375,3.7901,20.946,0.053,-0.022,0.033814,30.4905
6316,6376,3.7901,20.944,0.052,-0.011,0.035031,31.5879
6317,6377,3.7901,20.945,0.052,0,0.0211297,19.0529
6318,6378,3.7901,20.945,0.052,0.006,0.0138342,12.4745
6319,6379,3.7901,20.944,0.052,0.024,0.0138053,12.4484
6320,6380,3.7901,20.946,0.052,0.006,0.0192721,17.3779
6321,6381,3.7901,20.945,0.052,0.013,0.0343781,30.9992
6322,6382,3.7901,20.945,0.053,-0.009,0.0467302,42.1372
6323,6383,3.7901,20.945,0.053,-0.009,0.0648734,58.4972
6324,6384,3.7901,20.945,0.053,-0.003,0.0562134,50.6883
6325,6385,3.7901,20.945,0.053,-0.005,0.052042,46.9269
6326,6386,3.7901,20.945,0.052,-0.004,0.0329744,29.7335
6327,6387,3.7901,20.945,0.052,0,0.0241293,21.7577
6328,6388,3.7901,20.944,0.053,0.008,0.0104425,9.4162
6329,6389,3.7901,20.945,0.052,0.019,0.0331341,29.8775
6330,6390,3.7901,20.944,0.052,0.02,0.0317982,28.6729
6331,6391,3.7901,20.944,0.052,0.015,0.031905,28.7692
6332,6392,3.7901,20.944,0.052,0.001,0.0247849,22.3489
6333,6393,3.7901,20.944,0.053,-0.011,0.032354,29.1741
6334,6394,3.7901,20.944,0.053,-0.024,0.0503278,45.3812
6335,6395,3.7901,20.943,0.053,-0.02,0.03133,28.2507
6336,6396,3.7901,20.944,0.053,-0.012,0.0508491,45.8513
6337,6397,3.8001,20.943,0.053,0.001,0.0237449,21.4111
6338,6398,3.8001,20.944,0.053,0.009,0.0340545,30.7074
6339,6399,3.8001,20.944,0.052,0.022,0.0243082,21.919
6340,6400,3.8001,20.944,0.052,0.002,0.020775,18.7331
6341,6401,3.8001,20.944,0.052,0.003,0.0357834,32.2663
6342,6402,3.8001,20.944,0.052,-0.002,0.0353156,31.8446
6343,6403,3.8001,20.945,0.052,0.005,0.0460442,41.5187
6344,6404,3.8001,20.945,0.052,-0.002,0.04776,43.0658
6345,6405,3.8001,20.945,0.052,-0.015,0.0380165,34.28
6346,6406,3.8001,20.944,0.053,-0.006,0.0366265,33.0266
6347,6407,3.8001,20.946,0.052,-0.015,0.0167124,15.0698
6348,6408,3.8001,20.944,0.052,0.006,0.0196265,17.6975
6349,6409,3.8001,20.945,0.052,0.001,0.0284021,25.6105
6350,6410,3.8001,20.944,0.053,0.01,0.033119,29.8638
6351,6411,3.81,20.944,0.053,0.008,0.0421001,37.9622
6352,6412,3.81,20.945,0.053,-0.001,0.0495064,44.6406
6353,6413,3.81,20.944,0.053,0.004,0.0362701,32.7052
6354,6414,3.81,20.943,0.053,-0.006,0.047021,42.3994
6355,6415,3.81,20.943,0.052,-0.008,0.0418685,37.7534
6356,6416,3.81,20.943,0.053,-0.007,0.0269953,24.342
6357,6417,3.81,20.945,0.052,-0.007,0.0126893,11.4421
6358,6418,3.81,20.945,0.052,0.008,0.0199413,17.9814
6359,6419,3.81,20.946,0.052,0.01,0.0203606,18.3595
6360,6420,3.81,20.945,0.051,0.001,0.0312802,28.2058
6361,6421,3.81,20.945,0.052,-0.002,0.0373452,33.6747
6362,6422,3.81,20.945,0.052,-0.006,0.0444519,40.0829
6363,6423,3.81,20.944,0.053,-0.017,0.0575453,51.8893
6364,6424,3.81,20.945,0.052,-0.011,0.0443595,39.9996
6365,6425,3.81,20.946,0.053,-0.016,0.0298459,26.9125
6366,6426,3.82,20.945,0.053,-0.012,0.0203648,18.3632
6367,6427,3.82,20.945,0.053,0.002,0.0292965,26.417
6368,6428,3.82,20.945,0.052,0.02,0.020826,18.7791
6369,6429,3.82,20.944,0.053,0.014,0.0259466,23.3964
6370,6430,3.82,20.944,0.052,0.013,0.0247285,22.2981
6371,6431,3.82,20.944,0.052,0.004,0.0378576,34.1367
6372,6432,3.82,20.944,0.053,0.002,0.0474298,42.7681
6373,6433,3.82,20.943,0.052,-0.01,0.044425,40.0586
6374,6434,3.82,20.944,0.052,-0.02,0.0400496,36.1133
6375,6435,3.82,20.944,0.053,-0.009,0.0519417,46.8366
6376,6436,3.82,20.944,0.052,0.004,0.0428237,38.6147
6377,6437,3.82,20.944,0.052,0.009,0.0280125,25.2593
6378,6438,3.82,20.945,0.052,0.001,0.0276451,24.928
6379,6439,3.82,20.945,0.052,0.004,0.0275779,24.8674
6380,6440,3.83,20.946,0.052,0.004,0.0140804,12.6965
6381,6441,3.83,20.945,0.052,0.005,0.0271468,24.4786
6382,6442,3.83,20.945,0.052,-0.007,0.0380054,34.27
6383,6443,3.83,20.945,0.053,-0.006,0.0470913,42.4629
6384,6444,3.83,20.943,0.053,-0.01,0.0672577,60.6471
6385,6445,3.83,20.944,0.052,-0.005,0.0400989,36.1578
6386,6446,3.83,20.944,0.052,-0.011,0.0451573,40.7189
6387,6447,3.83,20.943,0.053,-0.007,0.0314466,28.3558
6388,6448,3.83,20.944,0.052,0.006,0.0368534,33.2312
6389,6449,3.83,20.944,0.052,0.007,0.0213896,19.2873
6390,6450,3.83,20.944,0.053,0.002,0.0131607,11.8672
6391,6451,3.83,20.945,0.052,0.014,0.0353971,31.9181
6392,6452,3.84,20.945,0.052,0.003,0.0478711,43.166
6393,6453,3.84,20.945,0.052,-0.007,0.0374964,33.811
6394,6454,3.84,20.945,0.052,-0.006,0.0327087,29.4939
6395,6455,3.83,20.943,0.052,-0.029,0.0510942,46.0723
6396,6456,3.83,20.944,0.052,-0.009,0.0403708,36.4029
6397,6457,3.83,20.945,0.052,-0.018,0.0390141,35.1796
6398,6458,3.83,20.946,0.052,-0.001,0.018309,16.5094
6399,6459,3.83,20.945,0.051,-0.002,0.0338197,30.4957
6400,6460,3.84,20.944,0.052,0.014,0.0456453,41.1589
6401,6461,3.84,20.944,0.053,0.016,0.0358835,32.3566
6402,6462,3.84,20.945,0.052,-0.001,0.0349333,31.4998
6403,6463,3.84,20.944,0.053,-0.007,0.0422147,38.0655
6404,6464,3.84,20.943,0.053,-0.008,0.048898,44.092
6405,6465,3.84,20.945,0.053,-0.004,0.0380228,34.2857
6406,6466,3.84,20.945,0.053,-0.015,0.0463344,41.7803
6407,6467,3.84,20.944,0.053,-0.007,0.0266116,23.996
6408,6468,3.85,20.944,0.053,-0.004,0.0308632,27.8297
6409,6469,3.85,20.944,0.052,0.015,0.0222382,20.0525
6410,6470,3.85,20.944,0.052,0.006,0.0204442,18.4348
6411,6471,3.85,20.943,0.052,-0.005,0.000329,0.2967
6412,6472,3.85,20.943,0.052,-0.006,0.0310552,28.0029
6413,6473,3.85,20.945,0.052,-0.009,0.0475952,42.9172
6414,6474,3.85,20.946,0.052,-0.016,0.0489513,44.1401
6415,6475,3.86,20.946,0.052,-0.018,0.0537943,48.5071
6416,6476,3.86,20.945,0.052,-0.002,0.0436717,39.3794
6417,6477,3.86,20.944,0.052,-0.015,0.0509835,45.9725
6418,6478,3.85,20.945,0.052,-0.002,0.0475867,42.9096
6419,6479,3.85,20.946,0.053,0.004,0.0319,28.7646
6420,6480,3.86,20.944,0.052,0.016,0.0276716,24.9519
6421,6481,3.86,20.943,0.052,0.014,0.0270184,24.3628
6422,6482,3.86,20.944,0.052,0.023,0.0179878,16.2198
6423,6483,3.86,20.946,0.052,-0.001,0.035576,32.0794
6424,6484,3.86,20.945,0.052,-0.012,0.034052,30.7052
6425,6485,3.86,20.944,0.053,-0.013,0.0519812,46.8721
6426,6486,3.86,20.944,0.052,-0.013,0.0580284,52.325
6427,6487,3.86,20.943,0.052,-0.003,0.0401484,36.2024
6428,6488,3.87,20.943,0.052,-0.009,0.0383385,34.5703
6429,6489,3.87,20.943,0.052,-0.007,0.0453713,40.9119
6430,6490,3.87,20.943,0.052,0.003,0.0356052,32.1057
6431,6491,3.87,20.944,0.052,0.012,0.0383875,34.6145
6432,6492,3.87,20.943,0.053,0.008,0.0226794,20.4503
6433,6493,3.87,20.944,0.053,0.015,0.0418557,37.7419
6434,6494,3.87,20.944,0.053,-0.006,0.0299655,27.0203
6435,6495,3.87,20.945,0.053,-0.005,0.067119,60.5221
6436,6496,3.87,20.945,0.053,-0.017,0.0503026,45.3586
6437,6497,3.87,20.944,0.053,-0.017,0.0313497,28.2685
6438,6498,3.87,20.943,0.053,-0.001,0.0408879,36.8691
6439,6499,3.87,20.943,0.053,0.001,0.0276958,24.9737
6440,6500,3.86,20.943,0.053,-0.006,0.0283417,25.5561
6441,6501,3.87,20.943,0.052,0.004,0.0386568,34.8573
6442,6502,3.87,20.943,0.052,0.002,0.0376101,33.9136
6443,6503,3.87,20.943,0.052,0.007,0.0476783,42.9922
6444,6504,3.87,20.945,0.052,-0.002,0.0452254,40.7803
6445,6505,3.88,20.943,0.053,0.005,0.0566674,51.0978
6446,6506,3.88,20.944,0.052,-0.025,0.0514591,46.4013
6447,6507,3.88,20.943,0.052,-0.018,0.0413202,37.259
6448,6508,3.88,20.945,0.052,0.004,0.023268,20.9811
6449,6509,3.88,20.944,0.052,-0.005,0.0340444,30.6982
6450,6510,3.88,20.944,0.052,0.012,0.0274456,24.7481
6451,6511,3.88,20.943,0.052,0.011,0.0272252,24.5493
6452,6512,3.88,20.943,0.052,-0.003,0.0392852,35.424
6453,6513,3.88,20.944,0.053,-0.002,0.0236631,21.3374
6454,6514,3.88,20.944,0.053,-0.012,0.0413968,37.328
6455,6515,3.88,20.944,0.053,-0.01,0.040904,36.8836
6456,6516,3.88,20.944,0.052,-0.021,0.0350784,31.6306
6457,6517,3.88,20.944,0.053,-0.015,0.0307875,27.7615
6458,6518,3.88,20.944,0.052,-0.011,0.0440319,39.7041
6459,6519,3.88,20.945,0.052,0.006,0.0348873,31.4584
6460,6520,3.88,20.945,0.052,0.001,0.034438,31.0532
6461,6521,3.88,20.944,0.053,0.002,0.0274557,24.7572
6462,6522,3.88,20.945,0.053,0.002,0.0148309,13.3732
6463,6523,3.88,20.945,0.052,-0.01,0.0565307,50.9745
6464,6524,3.88,20.945,0.052,0.001,0.0374603,33.7785
6465,6525,3.88,20.946,0.053,-0.01,0.0582721,52.5448
6466,6526,3.88,20.945,0.053,-0.002,0.0438071,39.5015
6467,6527,3.88,20.943,0.053,-0.006,0.0531993,47.9706
6468,6528,3.88,20.945,0.053,0.003,0.0346525,31.2467
6469,6529,3.88,20.944,0.053,-0.009,0.0565854,51.0238
6470,6530,3.88,20.944,0.052,0.009,0.0301478,27.1847
6471,6531,3.88,20.942,0.052,0.006,0.0264907,23.887
6472,6532,3.88,20.943,0.053,0.012,0.0262421,23.6629
6473,6533,3.88,20.943,0.052,0.013,0.0474229,42.7618
6474,6534,3.88,20.945,0.053,-0.01,0.037322,33.6538
6475,6535,3.89,20.942,0.052,0.002,0.0493162,44.4691
6476,6536,3.89,20.943,0.052,-0.017,0.0693972,62.5764
6477,6537,3.89,20.943,0.053,-0.013,0.0654051,58.9767
6478,6538,3.89,20.945,0.052,-0.027,0.0417632,37.6584
6479,6539,3.89,20.946,0.052,-0.009,0.0463891,41.8297
6480,6540,3.89,20.946,0.052,-0.024,0.0253061,22.8189
6481,6541,3.89,20.945,0.053,0,0.0288477,26.0124
6482,6542,3.89,20.945,0.052,0.007,0.0280315,25.2764
6483,6543,3.89,20.944,0.052,0.013,0.0418386,37.7264
6484,6544,3.89,20.943,0.052,-0.001,0.0387924,34.9797
6485,6545,3.89,20.942,0.052,0.003,0.0488154,44.0175
6486,6546,3.9001,20.943,0.052,-0.008,0.0670924,60.4981
6487,6547,3.9001,20.943,0.053,-0.022,0.0659507,59.4687
6488,6548,3.9001,20.942,0.052,-0.026,0.0466365,42.0527
6489,6549,3.9001,20.943,0.052,-0.005,0.0335221,30.2273
6490,6550,3.9001,20.944,0.052,-0.015,0.0382611,34.5005
6491,6551,3.9001,20.945,0.052,0,0.0229602,20.7035
6492,6552,3.9001,20.946,0.053,0.006,0.0234049,21.1045
6493,6553,3.9001,20.944,0.052,0.006,0.0251922,22.7161
6494,6554,3.9001,20.944,0.052,-0.001,0.0368162,33.1977
6495,6555,3.9001,20.943,0.052,-0.004,0.0461608,41.6238
6496,6556,3.9001,20.944,0.052,-0.012,0.0449369,40.5202
6497,6557,3.9001,20.944,0.053,-0.024,0.0427337,38.5336
6498,6558,3.9001,20.943,0.052,-0.025,0.0535231,48.2625
6499,6559,3.9001,20.943,0.053,-0.011,0.0234691,21.1624
6500,6560,3.9099,20.944,0.053,0.006,0.0382635,34.5027
6501,6561,3.9099,20.943,0.053,-0.004,0.0429359,38.7159
6502,6562,3.9099,20.944,0.053,0.01,0.0411364,37.0933
6503,6563,3.9099,20.944,0.053,0.015,0.0510561,46.038
6504,6564,3.9099,20.943,0.053,0.013,0.0397631,35.8549
6505,6565,3.9099,20.943,0.053,0.007,0.0541725,48.8481
6506,6566,3.9099,20.942,0.053,-0.002,0.0480503,43.3276
6507,6567,3.9099,20.942,0.053,-0.006,0.0556647,50.1936
6508,6568,3.9099,20.943,0.053,-0.008,0.0409317,36.9086
6509,6569,3.9099,20.944,0.052,-0.013,0.045073,40.6429
6510,6570,3.9099,20.943,0.052,0.011,0.0436087,39.3225
6511,6571,3.9099,20.944,0.052,0.002,0.017376,15.6682
6512,6572,3.9099,20.943,0.052,-0.003,0.0110607,9.9736
6513,6573,3.9099,20.943,0.052,0.004,0.0265522,23.9425
6514,6574,3.9099,20.942,0.052,-0.009,0.0412186,37.1674
6515,6575,3.9099,20.943,0.052,0,0.0384654,34.6848
6516,6576,3.9099,20.943,0.052,-0.013,0.0377907,34.0764
6517,6577,3.9099,20.943,0.052,-0.007,0.0306847,27.6688
6518,6578,3.9099,20.943,0.052,-0.023,0.0522564,47.1203
6519,6579,3.9099,20.945,0.052,-0.005,0.0404278,36.4543
6520,6580,3.9099,20.944,0.052,-0.004,0.0325349,29.3372
6521,6581,3.9099,20.943,0.052,-0.008,0.0243082,21.919
6522,6582,3.9099,20.944,0.053,0.012,0.0095122,8.5772
6523,6583,3.9099,20.945,0.053,0.012,0.0215511,19.4329
6524,6584,3.9099,20.946,0.052,0.017,0.0228631,20.6159
6525,6585,3.92,20.942,0.053,-0.001,0.0289145,26.0726
6526,6586,3.92,20.943,0.053,-0.009,0.0506976,45.7147
6527,6587,3.93,20.945,0.052,-0.008,0.0548644,49.472
6528,6588,3.92,20.945,0.052,-0.005,0.0497314,44.8435
6529,6589,3.92,20.946,0.053,-0.012,0.0457463,41.2501
6530,6590,3.93,20.943,0.053,-0.001,0.0308476,27.8157
6531,6591,3.93,20.943,0.052,0.001,0.0256808,23.1567
6532,6592,3.93,20.944,0.051,0.01,0.0237103,21.3799
6533,6593,3.93,20.944,0.052,0.025,0.0326871,29.4744
6534,6594,3.93,20.944,0.053,0.008,0.024104,21.7349
6535,6595,3.92,20.945,0.053,0.001,0.0438045,39.4991
6536,6596,3.92,20.946,0.053,0.005,0.045099,40.6663
6537,6597,3.92,20.944,0.053,-0.006,0.0399771,36.0479
6538,6598,3.92,20.942,0.053,-0.01,0.0569452,51.3482
6539,6599,3.92,20.942,0.052,-0.015,0.0358142,32.2942
6540,6600,3.92,20.944,0.053,-0.014,0.0373557,33.6841
6541,6601,3.92,20.945,0.052,-0.002,0.012425,11.2037
6542,6602,3.92,20.945,0.052,0.009,0.0127903,11.5332
6543,6603,3.92,20.944,0.052,0.011,0.0181711,16.3851
6544,6604,3.92,20.944,0.051,0.002,0.0171271,15.4437
6545,6605,3.93,20.944,0.052,0.007,0.0387399,34.9322
6546,6606,3.93,20.945,0.052,-0.003,0.0550118,49.6049
6547,6607,3.93,20.943,0.053,-0.009,0.05252,47.358
6548,6608,3.93,20.944,0.053,-0.01,0.0648244,58.453
6549,6609,3.93,20.945,0.054,-0.016,0.0620937,55.9907
6550,6610,3.93,20.943,0.053,0.002,0.0549398,49.5399
6551,6611,3.93,20.943,0.053,-0.003,0.0442649,39.9143
6552,6612,3.93,20.944,0.053,0.02,0.0354212,31.9398
6553,6613,3.93,20.944,0.052,0.02,0.0475035,42.8345
6554,6614,3.93,20.944,0.052,0.016,0.0199444,17.9841
6555,6615,3.93,20.944,0.052,0.017,0.040396,36.4256
6556,6616,3.93,20.944,0.053,-0.003,0.0518916,46.7913
6557,6617,3.94,20.944,0.053,-0.01,0.0527039,47.5238
6558,6618,3.95,20.942,0.053,-0.012,0.0490386,44.2187
6559,6619,3.95,20.943,0.053,-0.018,0.0437904,39.4864
6560,6620,3.95,20.942,0.053,-0.011,0.0464975,41.9274
6561,6621,3.95,20.941,0.054,-0.005,0.0365237,32.9339
6562,6622,3.95,20.941,0.053,0.004,0.0406438,36.649
6563,6623,3.95,20.941,0.053,0.013,0.0454594,40.9913
6564,6624,3.95,20.941,0.053,-0.008,0.0444938,40.1206
6565,6625,3.95,20.943,0.053,0.013,0.0461822,41.6431
6566,6626,3.95,20.944,0.053,-0.001,0.0479267,43.2161
6567,6627,3.95,20.943,0.053,-0.003,0.0525285,47.3657
6568,6628,3.95,20.941,0.053,-0.012,0.0512192,46.1851
6569,6629,3.95,20.943,0.053,-0.019,0.0494184,44.5612
6570,6630,3.95,20.945,0.053,-0.004,0.0496273,44.7496
6571,6631,3.95,20.943,0.053,-0.002,0.044233,39.8854
6572,6632,3.95,20.942,0.053,0.007,0.0326798,29.4678
6573,6633,3.95,20.942,0.054,0.004,0.0285869,25.7772
6574,6634,3.94,20.942,0.054,0.008,0.021534,19.4175
6575,6635,3.94,20.94,0.053,-0.001,0.0458035,41.3017
6576,6636,3.95,20.942,0.053,-0.007,0.0290107,26.1594
6577,6637,3.95,20.943,0.053,-0.012,0.0488778,44.0738
6578,6638,3.95,20.944,0.053,-0.017,0.0554681,50.0163
6579,6639,3.95,20.944,0.054,-0.016,0.0415117,37.4317
6580,6640,3.95,20.944,0.053,-0.01,0.0328593,29.6297
6581,6641,3.95,20.943,0.053,-0.005,0.0360439,32.5013
6582,6642,3.95,20.942,0.054,0.005,0.039271,35.4112
6583,6643,3.95,20.941,0.053,0.01,0.0316162,28.5087
6584,6644,3.95,20.942,0.053,0.01,0.0231109,20.8394
6585,6645,3.96,20.943,0.053,0.021,0.0486575,43.8751
6586,6646,3.96,20.942,0.053,-0.001,0.0363829,32.807
6587,6647,3.97,20.942,0.054,0.005,0.0368871,33.2616
6588,6648,3.97,20.944,0.054,-0.01,0.048538,43.7673
6589,6649,3.98,20.943,0.053,-0.016,0.0577671,52.0893
6590,6650,3.98,20.943,0.053,-0.007,0.0533507,48.107
6591,6651,3.97,20.944,0.053,0.001,0.0362169,32.6573
6592,6652,3.97,20.944,0.053,0.003,0.0325208,29.3244
6593,6653,3.97,20.943,0.053,0,0.0553792,49.9362
6594,6654,3.97,20.943,0.052,0.007,0.0233138,21.0223
6595,6655,3.97,20.943,0.053,0.016,0.0197215,17.7832
6596,6656,3.97,20.943,0.052,0.001,0.0366728,33.0684
6597,6657,3.97,20.941,0.052,-0.001,0.0482016,43.464
6598,6658,3.97,20.944,0.052,-0.002,0.0296473,26.7334
6599,6659,3.97,20.944,0.052,-0.012,0.0404046,36.4334
6600,6660,3.97,20.944,0.053,-0.021,0.0347953,31.3754
6601,6661,3.97,20.944,0.053,-0.014,0.0420008,37.8727
6602,6662,3.97,20.943,0.053,0.003,0.0308033,27.7757
6603,6663,3.98,20.943,0.052,0.011,0.0222763,20.0869
6604,6664,3.98,20.942,0.052,-0.004,0.0196478,17.7167
6605,6665,3.98,20.941,0.052,0.016,0.0418357,37.7238
6606,6666,3.98,20.943,0.052,0.01,0.0403927,36.4226
6607,6667,3.98,20.945,0.052,-0.001,0.0543757,49.0313
6608,6668,3.98,20.944,0.053,0.002,0.04776,43.0658
6609,6669,3.98,20.941,0.052,0.004,0.0474622,42.7973
6610,6670,3.98,20.944,0.053,0,0.0605684,54.6153
6611,6671,3.98,20.943,0.053,0.004,0.0287525,25.9265
6612,6672,3.98,20.943,0.053,0.002,0.0158085,14.2548
6613,6673,3.98,20.942,0.052,0.013,0.0291636,26.2972
6614,6674,3.98,20.942,0.052,0.017,0.0175996,15.8698
6615,6675,3.98,20.943,0.052,0.024,0.0440227,39.6959
6616,6676,3.98,20.942,0.052,-0.001,0.0286878,25.8682
6617,6677,3.98,20.943,0.052,0,0.0466186,42.0366
6618,6678,3.98,20.943,0.053,-0.008,0.0416072,37.5178
6619,6679,3.98,20.942,0.053,-0.008,0.0391882,35.3366
6620,6680,3.98,20.943,0.052,-0.008,0.032726,29.5095
6621,6681,3.98,20.943,0.053,-0.014,0.0312118,28.1441
6622,6682,3.98,20.942,0.053,0.005,0.0278548,25.1171
6623,6683,3.98,20.944,0.053,0.017,0.0416275,37.536
6624,6684,3.98,20.944,0.052,0.005,0.0233437,21.0494
6625,6685,3.98,20.944,0.052,0.021,0.0322137,29.0475
6626,6686,3.98,20.943,0.053,0.001,0.0341436,30.7877
6627,6687,3.99,20.942,0.053,0.005,0.0562156,50.6903
6628,6688,3.99,20.944,0.052,-0.007,0.0564276,50.8815
6629,6689,3.99,20.943,0.053,-0.001,0.0550848,49.6707
6630,6690,3.99,20.943,0.054,0,0.053724,48.4436
6631,6691,3.99,20.943,0.053,0.005,0.0393008,35.4381
6632,6692,3.99,20.943,0.053,0.003,0.0429416,38.721
6633,6693,3.99,20.944,0.052,0.006,0.0328522,29.6232
6634,6694,3.99,20.944,0.053,0.003,0.0200803,18.1067
6635,6695,3.99,20.942,0.053,0.015,0.0465211,41.9487
6636,6696,3.99,20.943,0.052,0.002,0.0374601,33.7783
6637,6697,3.99,20.944,0.052,0.006,0.0377958,34.081
6638,6698,3.99,20.943,0.052,-0.01,0.0420116,37.8824
6639,6699,3.99,20.942,0.052,-0.016,0.0375144,33.8272
6640,6700,3.99,20.943,0.053,-0.014,0.0396443,35.7477
6641,6701,4,20.943,0.053,-0.018,0.0514729,46.4138
6642,6702,4,20.944,0.053,0,0.0388602,35.0407
6643,6703,4,20.943,0.052,0.002,0.042458,38.2849
6644,6704,4,20.942,0.052,0.002,0.0329195,29.6839
6645,6705,4,20.944,0.053,0.014,0.045067,40.6375
6646,6706,4,20.944,0.053,-0.007,0.0396779,35.7781
6647,6707,4,20.943,0.053,0.001,0.0597046,53.8364
6648,6708,4,20.943,0.053,-0.004,0.0487294,43.94
6649,6709,4,20.944,0.053,-0.002,0.0446086,40.2241
6650,6710,4.0099,20.943,0.053,-0.003,0.0381136,34.3676
6651,6711,4.0099,20.944,0.052,0,0.0361941,32.6367
6652,6712,4.0099,20.943,0.053,-0.019,0.0263303,23.7424
6653,6713,4.0099,20.945,0.053,-0.004,0.031291,28.2155
6654,6714,4.0099,20.944,0.052,-0.008,0.0278965,25.1547
6655,6715,4.0099,20.944,0.053,0.012,0.029196,26.3264
6656,6716,4.0099,20.942,0.053,0,0.0239652,21.6097
6657,6717,4.0099,20.942,0.053,0.005,0.0351575,31.702
6658,6718,4.0099,20.942,0.052,-0.014,0.0331871,29.9252
6659,6719,4.0099,20.942,0.053,-0.009,0.0450278,40.6022
6660,6720,4.0099,20.943,0.053,-0.01,0.0452459,40.7988
6661,6721,4.0099,20.944,0.052,-0.003,0.0488468,44.0458
6662,6722,4.0099,20.944,0.053,-0.006,0.0331229,29.8674
6663,6723,4.0099,20.945,0.053,0.012,0.0356283,32.1265
6664,6724,4.0099,20.943,0.052,0.012,0.0210939,19.0206
6665,6725,4.0099,20.942,0.052,0.012,0.0398451,35.9289
6666,6726,4.0099,20.943,0.053,0.015,0.0307875,27.7615
6667,6727,4.0099,20.942,0.052,0.014,0.0482252,43.4853
6668,6728,4.0199,20.943,0.053,0.005,0.0520781,46.9595
6669,6729,4.0199,20.943,0.053,0.006,0.0634595,57.2223
6670,6730,4.0199,20.943,0.053,-0.005,0.0566125,51.0482
6671,6731,4.0199,20.943,0.053,-0.005,0.0450089,40.5851
6672,6732,4.0199,20.943,0.053,-0.004,0.0438547,39.5444
6673,6733,4.0199,20.942,0.052,0.006,0.0284197,25.6264
6674,6734,4.0199,20.943,0.052,-0.005,0.035132,31.679
6675,6735,4.0199,20.945,0.052,0.013,0.0294781,26.5808
6676,6736,4.0199,20.944,0.053,-0.004,0.0180784,16.3015
6677,6737,4.0199,20.944,0.053,0.003,0.032479,29.2867
6678,6738,4.0199,20.944,0.052,-0.004,0.043799,39.4941
6679,6739,4.0199,20.942,0.053,-0.015,0.0404159,36.4435
6680,6740,4.0199,20.944,0.053,-0.023,0.0545948,49.2288
6681,6741,4.0199,20.943,0.053,-0.016,0.05286,47.6645
6682,6742,4.0199,20.943,0.053,-0.01,0.0372411,33.5808
6683,6743,4.0199,20.944,0.053,-0.009,0.0334728,30.1829
6684,6744,4.0199,20.944,0.053,0.01,0.0307208,27.7013
6685,6745,4.0199,20.943,0.053,0.013,0.0347082,31.2968
6686,6746,4.0299,20.941,0.053,0.014,0.0375945,33.8995
6687,6747,4.0299,20.942,0.053,0.02,0.046383,41.8242
6688,6748,4.0299,20.943,0.053,0.011,0.0548705,49.4774
6689,6749,4.0299,20.942,0.053,-0.004,0.0517231,46.6394
6690,6750,4.0399,20.943,0.053,-0.001,0.0552562,49.8252
6691,6751,4.0399,20.943,0.053,-0.015,0.0407733,36.7658
6692,6752,4.0399,20.943,0.052,-0.013,0.0391688,35.319
6693,6753,4.0399,20.943,0.053,-0.002,0.0280694,25.3105
6694,6754,4.0399,20.944,0.052,0.005,0.021694,19.5618
6695,6755,4.05,20.943,0.052,0.009,0.0214115,19.307
6696,6756,4.05,20.943,0.053,0.005,0.0196089,17.6816
6697,6757,4.05,20.943,0.053,0.002,0.0133844,12.0688
6698,6758,4.05,20.943,0.053,-0.007,0.0231531,20.8774
6699,6759,4.05,20.943,0.052,-0.014,0.0431213,38.883
6700,6760,4.0399,20.943,0.052,-0.015,0.0389817,35.1503
6701,6761,4.0399,20.944,0.052,-0.018,0.0510944,46.0725
6702,6762,4.0399,20.944,0.053,-0.005,0.0483367,43.5858
6703,6763,4.0399,20.944,0.053,0,0.0377677,34.0556
6704,6764,4.0399,20.943,0.052,0.006,0.0399687,36.0403
6705,6765,4.0399,20.944,0.052,0.013,0.0412298,37.1774
6706,6766,4.0399,20.944,0.052,0.013,0.0380366,34.2981
6707,6767,4.0399,20.944,0.053,0.019,0.0393512,35.4835
6708,6768,4.0399,20.943,0.053,0.024,0.0441018,39.7672
6709,6769,4.0399,20.943,0.053,0.01,0.0415913,37.5035
6710,6770,4.0399,20.944,0.053,0.001,0.0559243,50.4277
6711,6771,4.0399,20.942,0.052,0,0.0510234,46.0085
6712,6772,4.05,20.943,0.052,-0.01,0.0509084,45.9047
6713,6773,4.05,20.943,0.052,-0.007,0.0230967,20.8266
6714,6774,4.05,20.943,0.052,-0.002,0.0370243,33.3853
6715,6775,4.05,20.944,0.052,0,0.0337505,30.4333
6716,6776,4.05,20.943,0.053,0.004,0.0274179,24.723
6717,6777,4.05,20.942,0.053,0.001,0.0183455,16.5424
6718,6778,4.05,20.943,0.053,0,0.0300779,27.1216
6719,6779,4.05,20.943,0.052,-0.004,0.0323485,29.1691
6720,6780,4.05,20.943,0.053,-0.006,0.0589584,53.1635
6721,6781,4.05,20.944,0.053,-0.016,0.0425579,38.375
6722,6782,4.05,20.943,0.053,-0.006,0.0523421,47.1976
6723,6783,4.05,20.942,0.052,-0.006,0.034875,31.4473
6724,6784,4.05,20.942,0.053,0.011,0.056851,51.2633
6725,6785,4.05,20.944,0.053,0.007,0.0508619,45.8628
6726,6786,4.05,20.942,0.053,0.01,0.0400263,36.0922
6727,6787,4.06,20.942,0.053,0.006,0.0461484,41.6127
6728,6788,4.06,20.944,0.052,0.01,0.0517364,46.6514
6729,6789,4.06,20.945,0.052,0.005,0.0408872,36.8685
6730,6790,4.06,20.944,0.051,0.003,0.0521348,47.0107
6731,6791,4.06,20.944,0.052,-0.02,0.0320692,28.9172
6732,6792,4.06,20.944,0.053,-0.011,0.0471091,42.4789
6733,6793,4.06,20.945,0.053,-0.012,0.0388917,35.0691
6734,6794,4.06,20.943,0.052,0.004,0.0318086,28.6822
6735,6795,4.06,20.943,0.052,-0.005,0.005381,4.8521
6736,6796,4.06,20.941,0.052,-0.01,0.0209044,18.8498
6737,6797,4.06,20.943,0.053,0.005,0.0243372,21.9452
6738,6798,4.06,20.942,0.053,-0.006,0.033471,30.1812
6739,6799,4.06,20.943,0.053,-0.012,0.0423499,38.1875
6740,6800,4.06,20.943,0.053,-0.006,0.0558036,50.3188
6741,6801,4.06,20.944,0.053,-0.012,0.036171,32.6159
6742,6802,4.06,20.943,0.053,0.001,0.0527677,47.5814
6743,6803,4.06,20.944,0.053,-0.007,0.0468335,42.2304
6744,6804,4.06,20.943,0.053,0.001,0.0393111,35.4474
6745,6805,4.06,20.943,0.053,0.002,0.0349437,31.5092
6746,6806,4.07,20.944,0.052,0.022,0.0356524,32.1482
6747,6807,4.07,20.945,0.053,0.013,0.0260883,23.5242
6748,6808,4.07,20.944,0.052,0.014,0.0459488,41.4326
6749,6809,4.07,20.943,0.053,0.011,0.0363005,32.7327
6750,6810,4.07,20.942,0.053,-0.003,0.0580735,52.3656
6751,6811,4.07,20.943,0.053,-0.02,0.0485426,43.7715
6752,6812,4.07,20.944,0.053,-0.002,0.063203,56.991
6753,6813,4.07,20.944,0.052,-0.018,0.038466,34.6853
6754,6814,4.07,20.944,0.053,-0.006,0.0366339,33.0333
6755,6815,4.07,20.943,0.052,-0.005,0.018641,16.8089
6756,6816,4.07,20.944,0.052,0.001,0.0253946,22.8986
6757,6817,4.07,20.944,0.053,0,0.0180396,16.2666
6758,6818,4.07,20.944,0.053,0.003,0.0243398,21.9475
6759,6819,4.07,20.945,0.053,-0.012,0.0309149,27.8764
6760,6820,4.07,20.944,0.053,-0.002,0.0498045,44.9094
6761,6821,4.07,20.944,0.054,-0.017,0.0519661,46.8585
6762,6822,4.07,20.943,0.053,-0.01,0.0537746,48.4893
6763,6823,4.07,20.943,0.053,-0.018,0.0399278,36.0035
6764,6824,4.08,20.942,0.053,0.001,0.0403463,36.3808
6765,6825,4.08,20.943,0.052,-0.002,0.0119943,10.8155
6766,6826,4.08,20.944,0.053,0.011,0.0236843,21.3564
6767,6827,4.08,20.945,0.053,0.008,0.028987,26.138
6768,6828,4.08,20.944,0.053,0.015,0.0474318,42.7699
6769,6829,4.08,20.944,0.053,0.009,0.0362562,32.6927
6770,6830,4.08,20.944,0.053,0.008,0.064656,58.3012
6771,6831,4.09,20.943,0.053,-0.01,0.059652,53.789
6772,6832,4.09,20.943,0.052,-0.012,0.0627895,56.6181
6773,6833,4.09,20.943,0.052,-0.017,0.0444852,40.1129
6774,6834,4.09,20.944,0.052,0.001,0.036682,33.0766
6775,6835,4.09,20.943,0.052,-0.005,0.0163436,14.7372
6776,6836,4.1,20.944,0.053,0.017,0.0256201,23.102
6777,6837,4.1,20.945,0.052,0.005,0.022275,20.0857
6778,6838,4.1,20.945,0.052,0.001,0.0274223,24.727
6779,6839,4.1,20.945,0.052,-0.011,0.0336107,30.3072
6780,6840,4.1,20.944,0.053,-0.006,0.0548478,49.457
6781,6841,4.1,20.945,0.053,-0.028,0.0379538,34.2234
6782,6842,4.1,20.944,0.053,-0.014,0.0545709,49.2073
6783,6843,4.1,20.942,0.053,-0.018,0.0307694,27.7452
6784,6844,4.1,20.942,0.053,0,0.0429362,38.7162
6785,6845,4.1,20.942,0.053,0.002,0.0357516,32.2377
6786,6846,4.1,20.943,0.053,0.012,0.0466382,42.0542
6787,6847,4.09,20.945,0.053,0.008,0.0351778,31.7202
6788,6848,4.1,20.944,0.053,0.016,0.0274356,24.7391
6789,6849,4.1,20.943,0.052,0.011,0.0332399,29.9729
6790,6850,4.1,20.943,0.053,0.002,0.0278848,25.1441
6791,6851,4.1,20.944,0.053,-0.014,0.0483183,43.5692
6792,6852,4.1,20.943,0.053,-0.003,0.0504191,45.4636
6793,6853,4.1,20.944,0.053,-0.014,0.0367322,33.1219
6794,6854,4.1,20.943,0.053,-0.002,0.0452313,40.7857
6795,6855,4.1,20.945,0.051,-0.008,0.0399123,35.9895
6796,6856,4.1,20.944,0.052,0.001,0.0372982,33.6323
6797,6857,4.1,20.944,0.052,-0.005,0.0181283,16.3465
6798,6858,4.1,20.943,0.052,0,0.0341801,30.8206
6799,6859,4.1,20.944,0.054,0.007,0.0259915,23.4369
6800,6860,4.1099,20.944,0.053,0,0.044004,39.679
6801,6861,4.1099,20.944,0.052,0.006,0.0493552,44.5043
6802,6862,4.1099,20.944,0.052,-0.008,0.0631522,56.9452
6803,6863,4.1099,20.943,0.052,-0.01,0.0420179,37.8881
6804,6864,4.1099,20.943,0.052,-0.001,0.037437,33.7574
6805,6865,4.1099,20.944,0.053,-0.009,0.0226969,20.4661
6806,6866,4.1099,20.944,0.052,0,0.0391727,35.3225
6807,6867,4.1099,20.943,0.053,-0.003,0.0333087,30.0349
6808,6868,4.1099,20.944,0.053,0.01,0.0319425,28.803
6809,6869,4.1099,20.945,0.053,0,0.0393184,35.4539
6810,6870,4.1099,20.944,0.053,0.012,0.0648669,58.4914
6811,6871,4.1099,20.943,0.052,-0.004,0.0645745,58.2276
6812,6872,4.1099,20.943,0.052,-0.013,0.0699366,63.0628
6813,6873,4.1099,20.944,0.053,-0.022,0.051835,46.7403
6814,6874,4.1099,20.943,0.053,-0.012,0.0476554,42.9715
6815,6875,4.1099,20.945,0.052,-0.003,0.0255139,23.0062
6816,6876,4.1099,20.944,0.053,0.012,0.0305916,27.5848
6817,6877,4.1099,20.944,0.053,0,0.0226415,20.4162
6818,6878,4.1199,20.943,0.052,0.006,0.0140302,12.6512
6819,6879,4.1199,20.943,0.052,0.013,0.0262174,23.6406
6820,6880,4.1199,20.942,0.053,-0.004,0.0473651,42.7098
6821,6881,4.1199,20.944,0.053,-0.024,0.0480702,43.3455
6822,6882,4.1199,20.943,0.053,-0.014,0.0496187,44.7418
6823,6883,4.1199,20.941,0.053,-0.024,0.048206,43.468
6824,6884,4.1199,20.942,0.053,-0.012,0.0493249,44.4769
6825,6885,4.1199,20.943,0.053,-0.012,0.045759,41.2615
6826,6886,4.1199,20.944,0.053,0.008,0.0275355,24.8291
6827,6887,4.1199,20.944,0.053,0.008,0.029369,26.4824
6828,6888,4.1299,20.943,0.052,0.015,0.0226425,20.4171
6829,6889,4.1199,20.943,0.052,0.015,0.0325773,29.3754
6830,6890,4.1199,20.945,0.053,0.004,0.0395323,35.6468
6831,6891,4.1199,20.945,0.053,-0.008,0.0487607,43.9682
6832,6892,4.1199,20.943,0.053,-0.009,0.0487577,43.9655
6833,6893,4.1199,20.943,0.053,-0.014,0.0417111,37.6115
6834,6894,4.1199,20.944,0.053,-0.013,0.053131,47.909
6835,6895,4.1299,20.944,0.053,-0.009,0.0383244,34.5576
6836,6896,4.1299,20.943,0.053,-0.007,0.0242089,21.8294
6837,6897,4.1399,20.943,0.052,0.001,0.0283955,25.6046
6838,6898,4.1399,20.945,0.052,0.006,0.0315635,28.4612
6839,6899,4.1399,20.944,0.053,0.012,0.0330792,29.8279
6840,6900,4.1399,20.944,0.054,0.002,0.0312909,28.2155
6841,6901,4.1299,20.944,0.053,-0.011,0.0441249,39.788
6842,6902,4.1299,20.945,0.053,-0.009,0.0340319,30.687
6843,6903,4.1399,20.943,0.053,-0.014,0.049673,44.7908
6844,6904,4.1399,20.944,0.053,-0.007,0.0322921,29.1182
6845,6905,4.1399,20.944,0.052,-0.013,0.0320602,28.9091
6846,6906,4.1399,20.943,0.053,-0.008,0.0219514,19.7938
6847,6907,4.1399,20.945,0.053,0.005,0.0345096,31.1178
6848,6908,4.1399,20.945,0.053,0.015,0.0204653,18.4539
6849,6909,4.1399,20.942,0.052,0.002,0.0434149,39.1478
6850,6910,4.1399,20.944,0.052,-0.002,0.0373715,33.6984
6851,6911,4.1399,20.945,0.052,-0.001,0.0583724,52.6352
6852,6912,4.1399,20.945,0.052,-0.008,0.0492842,44.4402
6853,6913,4.1399,20.944,0.053,0.001,0.0430156,38.7878
6854,6914,4.1399,20.944,0.053,-0.014,0.052943,47.7394
6855,6915,4.1399,20.944,0.053,-0.003,0.0305487,27.5462
6856,6916,4.1399,20.945,0.053,0.002,0.0301223,27.1617
6857,6917,4.1399,20.944,0.052,0.016,0.0280079,25.2551
6858,6918,4.1399,20.943,0.053,0.001,0.0193156,17.4172
6859,6919,4.1399,20.944,0.054,0.013,0.0327695,29.5487
6860,6920,4.1399,20.944,0.054,-0.005,0.0332333,29.9669
6861,6921,4.1499,20.943,0.053,-0.004,0.0327454,29.5269
6862,6922,4.1499,20.944,0.054,-0.018,0.047321,42.67
6863,6923,4.1499,20.943,0.054,-0.01,0.0379279,34.2001
6864,6924,4.1499,20.943,0.053,-0.005,0.036647,33.0451
6865,6925,4.1499,20.943,0.052,-0.012,0.0335739,30.274
6866,6926,4.1499,20.943,0.052,0.005,0.0315226,28.4243
6867,6927,4.1499,20.944,0.052,0.009,0.0157192,14.1743
6868,6928,4.1499,20.943,0.052,0.007,0.0048441,4.368
6869,6929,4.1499,20.944,0.052,0.015,0.0187783,16.9327
6870,6930,4.1499,20.944,0.052,-0.007,0.0379087,34.1828
6871,6931,4.1499,20.946,0.052,-0.003,0.0424892,38.3131
6872,6932,4.1499,20.945,0.052,-0.003,0.0328639,29.6339
6873,6933,4.1499,20.945,0.052,-0.011,0.0566956,51.1232
6874,6934,4.1499,20.944,0.052,-0.007,0.0411498,37.1053
6875,6935,4.1499,20.945,0.053,-0.001,0.0449795,40.5586
6876,6936,4.1499,20.944,0.053,0,0.0297166,26.7959
6877,6937,4.1599,20.944,0.053,0.003,0.0211066,19.0321
6878,6938,4.1599,20.944,0.053,0.017,0.0142924,12.8877
6879,6939,4.1599,20.944,0.053,0.032,0.0325318,29.3344
6880,6940,4.1599,20.943,0.053,0.019,0.0495808,44.7077
6881,6941,4.1599,20.943,0.053,0.006,0.0527613,47.5756
6882,6942,4.1599,20.942,0.052,-0.008,0.0387369,34.9296
6883,6943,4.1599,20.944,0.052,-0.003,0.0586969,52.9278
6884,6944,4.1599,20.945,0.052,-0.02,0.0389466,35.1186
6885,6945,4.1599,20.944,0.052,-0.01,0.0308458,27.8141
6886,6946,4.1599,20.945,0.053,-0.009,0.0307401,27.7187
6887,6947,4.1599,20.944,0.053,0.004,0.0309977,27.951
6888,6948,4.1599,20.944,0.053,-0.002,0.0200144,18.0472
6889,6949,4.1599,20.947,0.052,0.009,0.0296222,26.7107
6890,6950,4.1599,20.946,0.053,0.003,0.0242472,21.864
6891,6951,4.1599,20.944,0.053,-0.01,0.0382861,34.5231
6892,6952,4.1599,20.943,0.053,-0.007,0.0533224,48.0815
6893,6953,4.1599,20.942,0.053,-0.004,0.0482341,43.4933
6894,6954,4.1599,20.944,0.053,-0.018,0.0494828,44.6193
6895,6955,4.17,20.943,0.053,-0.005,0.0451002,40.6675
6896,6956,4.17,20.944,0.053,0.003,0.0417567,37.6526
6897,6957,4.17,20.944,0.052,0.008,0.0272745,24.5937
6898,6958,4.17,20.943,0.052,0.009,0.021522,19.4066
6899,6959,4.17,20.943,0.053,0.019,0.0263668,23.7753
6900,6960,4.17,20.943,0.052,0.009,0.0224946,20.2837
6901,6961,4.17,20.943,0.052,0.01,0.0358619,32.3372
6902,6962,4.17,20.944,0.053,0.002,0.0445188,40.1432
6903,6963,4.17,20.943,0.053,-0.012,0.0338647,30.5362
6904,6964,4.1801,20.943,0.053,-0.009,0.0375291,33.8405
6905,6965,4.1801,20.943,0.054,-0.009,0.0351186,31.6669
6906,6966,4.1801,20.943,0.053,-0.011,0.0222712,20.0823
6907,6967,4.1801,20.944,0.053,-0.002,0.0200789,18.1054
6908,6968,4.1801,20.943,0.052,0.006,0.0227753,20.5368
6909,6969,4.1801,20.944,0.053,0.008,0.0177386,15.9951
6910,6970,4.1801,20.945,0.053,0.007,0.0297424,26.8191
6911,6971,4.1801,20.944,0.052,0.011,0.0387832,34.9713
6912,6972,4.1801,20.944,0.052,0.004,0.051307,46.2642
6913,6973,4.1801,20.943,0.053,-0.008,0.0477464,43.0536
6914,6974,4.1801,20.944,0.053,0,0.0426406,38.4496
6915,6975,4.1801,20.944,0.053,-0.003,0.0491602,44.3284
6916,6976,4.1801,20.944,0.053,-0.001,0.0375328,33.8438
6917,6977,4.1801,20.944,0.052,0.011,0.0367202,33.1111
6918,6978,4.1801,20.944,0.053,0.014,0.034071,30.7223
6919,6979,4.1801,20.944,0.053,0.011,0.0210211,18.955
6920,6980,4.1801,20.944,0.053,0.02,0.0429136,38.6958
6921,6981,4.1901,20.943,0.053,0,0.0396508,35.7537
6922,6982,4.1901,20.945,0.052,0.001,0.0389954,35.1627
6923,6983,4.1901,20.943,0.053,-0.015,0.050121,45.1948
6924,6984,4.1901,20.944,0.053,-0.013,0.056707,51.1334
6925,6985,4.1901,20.944,0.053,-0.008,0.0424112,38.2427
6926,6986,4.1901,20.944,0.053,-0.009,0.0291657,26.2991
6927,6987,4.1901,20.943,0.053,-0.003,0.0158228,14.2676
6928,6988,4.1901,20.944,0.053,0.003,0.0264449,23.8457
6929,6989,4.1901,20.943,0.053,0.005,0.0272245,24.5487
6930,6990,4.1901,20.943,0.053,0.017,0.0220503,19.883
6931,6991,4.1901,20.943,0.052,-0.009,0.0167382,15.093
6932,6992,4.1901,20.944,0.053,-0.004,0.0324672,29.2761
6933,6993,4.1901,20.944,0.053,-0.004,0.0454664,40.9977
6934,6994,4.1901,20.944,0.053,-0.01,0.0502428,45.3046
6935,6995,4.1901,20.943,0.053,-0.016,0.0427975,38.5911
6936,6996,4.1901,20.943,0.053,-0.008,0.0387165,34.9112
6937,6997,4.1901,20.944,0.053,0.005,0.0425203,38.3411
6938,6998,4.1901,20.944,0.053,0.017,0.0394991,35.6169
6939,6999,4.1901,20.944,0.052,0.012,0.0215014,19.3881
6940,7000,4.1901,20.943,0.052,0.012,0.0276285,24.913
6941,7001,4.1901,20.943,0.053,0.012,0.0333043,30.0309
6942,7002,4.1901,20.944,0.053,0.011,0.0319036,28.7679
6943,7003,4.1901,20.945,0.052,-0.003,0.060413,54.4752
6944,7004,4.2001,20.945,0.053,-0.01,0.0535174,48.2574
6945,7005,4.2001,20.944,0.052,-0.014,0.0495959,44.7213
6946,7006,4.2001,20.944,0.053,-0.012,0.0352873,31.819
6947,7007,4.2001,20.945,0.052,-0.013,0.0352627,31.7968
6948,7008,4.2001,20.946,0.052,-0.007,0.0164484,14.8318
6949,7009,4.2001,20.944,0.053,-0.003,0.010646,9.5997
6950,7010,4.2001,20.944,0.053,0.007,0.0149812,13.5087
6951,7011,4.2001,20.945,0.053,0.006,0.0177452,16.001
6952,7012,4.2001,20.944,0.053,0.001,0.0264682,23.8667
6953,7013,4.21,20.944,0.052,-0.003,0.0405661,36.579
6954,7014,4.21,20.945,0.052,-0.024,0.0588997,53.1106
6955,7015,4.21,20.944,0.053,-0.021,0.0579421,52.2472
6956,7016,4.21,20.945,0.054,-0.014,0.0470297,42.4073
6957,7017,4.21,20.944,0.053,-0.002,0.0375598,33.8681
6958,7018,4.21,20.944,0.053,-0.001,0.0439875,39.6641
6959,7019,4.21,20.944,0.052,0.007,0.0278516,25.1141
6960,7020,4.21,20.946,0.052,0.018,0.0269642,24.314
6961,7021,4.21,20.945,0.053,0.019,0.0262762,23.6936
6962,7022,4.21,20.944,0.053,0.015,0.0298295,26.8977
6963,7023,4.21,20.944,0.054,0.002,0.0407126,36.7111
6964,7024,4.21,20.945,0.053,-0.007,0.0362195,32.6596
6965,7025,4.21,20.944,0.052,-0.013,0.0452178,40.7735
6966,7026,4.21,20.942,0.053,-0.011,0.0353047,31.8347
6967,7027,4.21,20.942,0.052,-0.007,0.0357867,32.2694
6968,7028,4.21,20.943,0.052,-0.002,0.0349294,31.4963
6969,7029,4.21,20.944,0.053,-0.004,0.0224456,20.2395
6970,7030,4.21,20.943,0.053,0.001,0.0115989,10.4589
6971,7031,4.22,20.945,0.053,0.002,0.0329842,29.7423
6972,7032,4.22,20.945,0.053,0.007,0.0310696,28.0159
6973,7033,4.22,20.944,0.053,-0.001,0.028201,25.4292
6974,7034,4.22,20.945,0.053,-0.006,0.0283702,25.5818
6975,7035,4.22,20.944,0.053,-0.006,0.0569639,51.3651
6976,7036,4.23,20.945,0.054,-0.01,0.0375088,33.8222
6977,7037,4.23,20.944,0.053,-0.002,0.0405037,36.5227
6978,7038,4.23,20.944,0.053,-0.006,0.0373754,33.7019
6979,7039,4.23,20.945,0.053,-0.001,0.0425809,38.3958
6980,7040,4.23,20.944,0.053,0.011,0.032783,29.5609
6981,7041,4.23,20.944,0.053,0.021,0.0280411,25.285
6982,7042,4.23,20.944,0.053,0.001,0.0216673,19.5377
6983,7043,4.23,20.944,0.052,-0.002,0.0427954,38.5892
6984,7044,4.23,20.945,0.053,-0.003,0.0380061,34.2706
6985,7045,4.23,20.946,0.053,-0.004,0.0340705,30.7218
6986,7046,4.23,20.946,0.053,-0.026,0.0465466,41.9717
6987,7047,4.23,20.945,0.053,-0.008,0.0333232,30.048
6988,7048,4.23,20.945,0.053,-0.01,0.0162631,14.6646
6989,7049,4.23,20.945,0.053,-0.003,0.0225374,20.3223
6990,7050,4.23,20.944,0.053,-0.003,0.0229004,20.6496
6991,7051,4.23,20.943,0.052,-0.003,0.019966,18.0036
6992,7052,4.23,20.945,0.052,0.002,0.0130138,11.7347
6993,7053,4.23,20.945,0.052,0.003,0.0268489,24.21
6994,7054,4.23,20.946,0.052,-0.007,0.0257605,23.2286
6995,7055,4.23,20.944,0.053,-0.003,0.057507,51.8548
6996,7056,4.23,20.944,0.053,-0.005,0.0537677,48.483
6997,7057,4.23,20.945,0.053,-0.011,0.056656,51.0875
6998,7058,4.23,20.944,0.053,-0.004,0.035345,31.871
6999,7059,4.23,20.945,0.053,0.012,0.040322,36.3589
7000,7060,4.24,20.945,0.053,0.006,0.0213257,19.2296
7001,7061,4.24,20.945,0.052,0.006,0.0328855,29.6533
7002,7062,4.24,20.945,0.053,0.005,0.0222259,20.0414
7003,7063,4.24,20.946,0.054,0.015,0.0330279,29.7817
7004,7064,4.24,20.945,0.053,0.001,0.0194114,17.5035
7005,7065,4.24,20.945,0.053,0.003,0.0536867,48.41
7006,7066,4.24,20.945,0.052,-0.022,0.03462,31.2173
7007,7067,4.24,20.944,0.052,-0.012,0.0454141,40.9505
7008,7068,4.24,20.943,0.052,-0.021,0.0209358,18.8781
7009,7069,4.24,20.944,0.052,-0.005,0.0187175,16.8778
7010,7070,4.24,20.945,0.053,-0.014,0.0090708,8.1792
7011,7071,4.24,20.946,0.052,0.007,0.0364127,32.8338
7012,7072,4.25,20.945,0.053,-0.002,0.0332955,30.023
7013,7073,4.25,20.945,0.053,0.002,0.0313155,28.2376
7014,7074,4.25,20.946,0.053,0.001,0.0258066,23.2701
7015,7075,4.25,20.944,0.052,0.009,0.044673,40.2823
7016,7076,4.25,20.945,0.053,-0.017,0.0250218,22.5625
7017,7077,4.25,20.944,0.053,-0.005,0.0451479,40.7104
7018,7078,4.25,20.945,0.053,-0.015,0.036671,33.0667
7019,7079,4.25,20.945,0.053,0.003,0.0341426,30.7869
7020,7080,4.25,20.946,0.053,0.005,0.0266815,24.0591
7021,7081,4.25,20.946,0.053,0.009,0.032844,29.6158
7022,7082,4.25,20.947,0.053,-0.002,0.0271433,24.4755
7023,7083,4.25,20.944,0.052,0.001,0.0287405,25.9157
7024,7084,4.25,20.944,0.053,-0.001,0.0311761,28.1119
7025,7085,4.25,20.945,0.052,0.003,0.0558868,50.3939
7026,7086,4.25,20.945,0.053,-0.018,0.0423362,38.1751
7027,7087,4.25,20.946,0.053,0.004,0.0565134,50.9589
7028,7088,4.26,20.945,0.053,-0.011,0.0350393,31.5954
7029,7089,4.26,20.944,0.053,-0.007,0.0429034,38.6866
7030,7090,4.26,20.945,0.053,-0.005,0.0318555,28.7245
7031,7091,4.26,20.945,0.053,0.007,0.0385857,34.7932
7032,7092,4.26,20.944,0.052,0.001,0.0204868,18.4732
7033,7093,4.26,20.944,0.052,0.008,0.0303572,27.3735
7034,7094,4.26,20.944,0.053,0.006,0.0251885,22.7128
7035,7095,4.26,20.944,0.053,0.008,0.0504933,45.5305
7036,7096,4.27,20.943,0.053,-0.016,0.0396359,35.7402
7037,7097,4.27,20.943,0.053,-0.007,0.0468304,42.2276
7038,7098,4.27,20.944,0.053,-0.02,0.0601379,54.2271
7039,7099,4.27,20.944,0.053,-0.001,0.0558309,50.3434
7040,7100,4.27,20.944,0.053,-0.003,0.0212199,19.1343
7041,7101,4.27,20.943,0.053,0.007,0.0216998,19.567
7042,7102,4.27,20.943,0.052,-0.004,0.0131803,11.8849
7043,7103,4.27,20.944,0.053,0.004,0.0173906,15.6813
7044,7104,4.27,20.946,0.053,-0.006,0.0366979,33.091
7045,7105,4.27,20.946,0.052,0.004,0.0465876,42.0086
7046,7106,4.27,20.945,0.053,-0.014,0.0410557,37.0204
7047,7107,4.27,20.944,0.052,-0.01,0.0325939,29.3904
7048,7108,4.27,20.945,0.052,-0.015,0.0360439,32.5013
7049,7109,4.2801,20.945,0.052,-0.019,0.0370677,33.4244
7050,7110,4.2801,20.943,0.053,-0.019,0.0390272,35.1914
7051,7111,4.2801,20.944,0.052,0.007,0.02909,26.2309
7052,7112,4.2801,20.945,0.053,0.003,0.0269517,24.3027
7053,7113,4.2801,20.946,0.053,0.01,0.0325993,29.3952
7054,7114,4.2801,20.946,0.053,0.011,0.0422261,38.0758
7055,7115,4.2801,20.945,0.052,-0.002,0.0556064,50.141
7056,7116,4.2801,20.944,0.053,-0.016,0.0530728,47.8565
7057,7117,4.2801,20.945,0.053,-0.007,0.0616402,55.5818
7058,7118,4.2801,20.944,0.053,-0.008,0.0526466,47.4722
7059,7119,4.2801,20.946,0.052,-0.001,0.0564472,50.8991
7060,7120,4.2901,20.944,0.053,-0.002,0.0544328,49.0827
7061,7121,4.2901,20.944,0.053,-0.005,0.0458569,41.3497
7062,7122,4.2901,20.944,0.052,0,0.0401025,36.161
7063,7123,4.2901,20.945,0.053,0.003,0.0402263,36.2726
7064,7124,4.2901,20.945,0.052,0.001,0.0291258,26.2631
7065,7125,4.2901,20.944,0.052,-0.002,0.0386835,34.8814
7066,7126,4.3001,20.943,0.053,-0.013,0.0482432,43.5015
7067,7127,4.3001,20.943,0.053,-0.008,0.0549416,49.5416
7068,7128,4.3001,20.942,0.053,-0.012,0.0366835,33.078
7069,7129,4.3001,20.941,0.053,-0.007,0.0520894,46.9697
7070,7130,4.3001,20.942,0.053,-0.016,0.0303999,27.412
7071,7131,4.3001,20.943,0.053,-0.01,0.0319463,28.8064
7072,7132,4.3001,20.942,0.052,-0.006,0.0290635,26.2069
7073,7133,4.3001,20.943,0.052,0,0.0376389,33.9395
7074,7134,4.3001,20.943,0.052,-0.005,0.0427784,38.5738
7075,7135,4.3001,20.944,0.053,0.001,0.0576148,51.952
7076,7136,4.3001,20.945,0.052,-0.013,0.0593438,53.5111
7077,7137,4.3001,20.946,0.052,-0.017,0.0513534,46.3061
7078,7138,4.3001,20.945,0.052,-0.024,0.0533015,48.0627
7079,7139,4.3001,20.945,0.052,-0.001,0.0453227,40.8681
7080,7140,4.3001,20.944,0.053,-0.015,0.0328637,29.6336
7081,7141,4.3001,20.944,0.053,0.004,0.0283952,25.6043
7082,7142,4.3001,20.944,0.052,0.002,0.0291818,26.3136
7083,7143,4.3001,20.944,0.053,0.006,0.0298882,26.9506
7084,7144,4.3001,20.944,0.053,0.002,0.0386008,34.8069
7085,7145,4.3001,20.943,0.053,0.002,0.0347956,31.3757
7086,7146,4.3001,20.942,0.054,-0.012,0.0376022,33.9064
7087,7147,4.3001,20.942,0.053,-0.016,0.0486596,43.877
7088,7148,4.3001,20.942,0.053,-0.007,0.0344094,31.0274
7089,7149,4.3001,20.942,0.053,-0.009,0.0482307,43.4903
7090,7150,4.3001,20.942,0.053,-0.006,0.0519816,46.8725
7091,7151,4.3001,20.943,0.053,0.001,0.0299648,27.0196
7092,7152,4.3001,20.944,0.053,0.01,0.0299324,26.9904
7093,7153,4.3001,20.943,0.053,0,0.0182766,16.4803
7094,7154,4.3001,20.945,0.053,0.004,0.0433572,39.0957
7095,7155,4.3001,20.944,0.053,-0.004,0.0516896,46.6092
7096,7156,4.3001,20.944,0.053,-0.005,0.0462964,41.746
7097,7157,4.3001,20.945,0.053,-0.008,0.0384807,34.6986
7098,7158,4.3001,20.945,0.053,-0.013,0.0353085,31.8382
7099,7159,4.31,20.944,0.054,-0.005,0.0419544,37.8308
7100,7160,4.31,20.945,0.053,-0.009,0.0473668,42.7112
7101,7161,4.31,20.943,0.053,-0.016,0.0286249,25.8115
7102,7162,4.31,20.944,0.053,0.004,0.0232148,20.9331
7103,7163,4.31,20.944,0.053,0.004,0.0204692,18.4574
7104,7164,4.31,20.944,0.052,0.01,0.0243625,21.968
7105,7165,4.31,20.945,0.053,-0.007,0.0248515,22.4089
7106,7166,4.31,20.944,0.052,-0.017,0.0255118,23.0043
7107,7167,4.31,20.944,0.052,-0.01,0.0370587,33.4164
7108,7168,4.31,20.944,0.052,-0.012,0.0403332,36.369
7109,7169,4.31,20.946,0.053,-0.001,0.0403332,36.369
7110,7170,4.31,20.944,0.053,-0.008,0.0544317,49.0818
7111,7171,4.31,20.944,0.053,-0.008,0.0341777,30.8185
7112,7172,4.31,20.943,0.054,0.005,0.0340763,30.7271
7113,7173,4.32,20.944,0.054,0.009,0.0278202,25.0858
7114,7174,4.32,20.944,0.053,0.012,0.0435753,39.2924
7115,7175,4.32,20.944,0.053,0.009,0.0437655,39.4639
7116,7176,4.32,20.944,0.054,0.004,0.0424182,38.249
7117,7177,4.32,20.945,0.054,0.007,0.048669,43.8855
7118,7178,4.32,20.944,0.053,-0.008,0.0503616,45.4117
7119,7179,4.32,20.945,0.053,-0.01,0.0338474,30.5206
7120,7180,4.32,20.945,0.053,-0.01,0.0502201,45.2842
7121,7181,4.32,20.945,0.053,-0.023,0.0252039,22.7267
7122,7182,4.32,20.945,0.053,0,0.0189528,17.09
7123,7183,4.32,20.944,0.053,0,0.0220694,19.9003
7124,7184,4.32,20.944,0.052,0.006,0.022868,20.6204
7125,7185,4.33,20.944,0.052,-0.008,0.0123747,11.1584
7126,7186,4.33,20.944,0.053,-0.012,0.026426,23.8287
7127,7187,4.33,20.945,0.053,-0.013,0.0438728,39.5606
7128,7188,4.33,20.945,0.053,-0.013,0.0532781,48.0416
7129,7189,4.33,20.944,0.053,-0.011,0.0651476,58.7445
7130,7190,4.33,20.943,0.054,-0.004,0.0389587,35.1296
7131,7191,4.33,20.945,0.053,-0.016,0.0203991,18.3941
7132,7192,4.33,20.944,0.053,0.008,0.0351128,31.6616
7133,7193,4.33,20.944,0.053,0.014,0.0190496,17.1773
7134,7194,4.34,20.944,0.053,0.016,0.0315373,28.4376
7135,7195,4.34,20.943,0.053,0.015,0.0215356,19.4189
7136,7196,4.34,20.943,0.053,0.025,0.0475544,42.8804
7137,7197,4.34,20.943,0.053,0.003,0.0398916,35.9707
7138,7198,4.34,20.945,0.053,-0.014,0.0424157,38.2468
7139,7199,4.34,20.945,0.053,-0.022,0.0409688,36.9421
7140,7200,4.34,20.945,0.054,-0.019,0.0407294,36.7262
7141,7201,4.34,20.942,0.053,-0.005,0.0237225,21.3909
7142,7202,4.35,20.944,0.053,0.008,0.0285131,25.7106
7143,7203,4.35,20.945,0.053,-0.001,0.0086574,7.8065
7144,7204,4.35,20.944,0.053,0.009,0.0162788,14.6788
7145,7205,4.35,20.945,0.053,-0.002,0.0130036,11.7255
7146,7206,4.35,20.945,0.053,0.007,0.0291822,26.314
7147,7207,4.35,20.945,0.053,-0.018,0.0285174,25.7145
7148,7208,4.35,20.945,0.052,-0.014,0.0364552,32.8721
7149,7209,4.35,20.946,0.052,-0.011,0.0329831,29.7413
7150,7210,4.35,20.945,0.053,-0.01,0.022238,20.0523
7151,7211,4.35,20.945,0.053,-0.011,0.0175325,15.8093
7152,7212,4.35,20.945,0.053,0.005,0.0255646,23.052
7153,7213,4.35,20.945,0.053,0.005,0.0231187,20.8464
7154,7214,4.35,20.944,0.053,0.019,0.0293278,26.4453
7155,7215,4.35,20.945,0.053,0.007,0.0133112,12.0029
7156,7216,4.35,20.946,0.052,0.015,0.0284066,25.6146
7157,7217,4.35,20.945,0.053,-0.004,0.0436153,39.3285
7158,7218,4.35,20.946,0.052,-0.004,0.0383847,34.612
7159,7219,4.35,20.946,0.052,-0.01,0.0246194,22.1996
7160,7220,4.36,20.946,0.052,-0.007,0.0258021,23.2661
7161,7221,4.36,20.946,0.051,-0.002,0.0242043,21.8254
7162,7222,4.36,20.947,0.052,0.008,0.0372359,33.5761
7163,7223,4.35,20.946,0.052,0.004,0.0175589,15.8331
7164,7224,4.35,20.945,0.052,0.011,0.0308956,27.859
7165,7225,4.35,20.944,0.052,0.001,0.01228,11.073
7166,7226,4.35,20.945,0.051,0.011,0.0158263,14.2708
7167,7227,4.35,20.946,0.051,-0.007,0.0119282,10.7558
7168,7228,4.36,20.947,0.052,-0.021,0.0156202,14.085
7169,7229,4.36,20.947,0.052,-0.017,0.0296295,26.7173
7170,7230,4.36,20.947,0.052,-0.004,0.0323662,29.185
7171,7231,4.36,20.947,0.052,-0.006,0.0118686,10.7021
7172,7232,4.36,20.947,0.052,0.001,0.0166477,15.0114
7173,7233,4.36,20.946,0.051,-0.012,0.013064,11.78
7174,7234,4.36,20.946,0.052,0.013,0.0191577,17.2747
7175,7235,4.36,20.945,0.052,-0.005,0.0148646,13.4036
7176,7236,4.36,20.946,0.052,0.012,0.027546,24.8386
7177,7237,4.36,20.946,0.052,-0.001,0.033477,30.1867
7178,7238,4.36,20.948,0.052,-0.002,0.0355529,32.0585
7179,7239,4.36,20.949,0.052,-0.001,0.03422,30.8567
7180,7240,4.36,20.948,0.052,-0.009,0.0371924,33.5368
7181,7241,4.36,20.947,0.052,-0.007,0.0250153,22.5566
7182,7242,4.36,20.946,0.051,0.003,0.0237231,21.3914
7183,7243,4.37,20.948,0.051,0.004,0,0
7184,7244,4.37,20.947,0.051,0.012,0.0147082,13.2626
7185,7245,4.37,20.946,0.05,0.002,0.0006232,0.562
7186,7246,4.37,20.947,0.052,0.007,0.0335871,30.286
7187,7247,4.37,20.947,0.052,-0.007,0.0255172,23.0092
7188,7248,4.37,20.947,0.052,-0.008,0.017254,15.5581
7189,7249,4.37,20.946,0.052,-0.014,0.0316751,28.5618
7190,7250,4.37,20.947,0.052,-0.013,0.0384186,34.6425
7191,7251,4.37,20.947,0.052,-0.011,0.0228439,20.5987
7192,7252,4.37,20.946,0.051,0,0.0167981,15.1471
7193,7253,4.38,20.946,0.051,0.002,0,0
7194,7254,4.38,20.946,0.051,0.018,0.0284962,25.6954
7195,7255,4.37,20.949,0.052,0.006,0.0201658,18.1838
7196,7256,4.37,20.947,0.052,0.018,0.0383387,34.5705
7197,7257,4.37,20.947,0.052,-0.008,0.0419884,37.8615
7198,7258,4.37,20.946,0.05,-0.01,0.0329975,29.7543
7199,7259,4.37,20.948,0.051,-0.01,0.0216565,19.5279
7200,7260,4.37,20.95,0.052,-0.014,0.0309953,27.9489
7201,7261,4.37,20.948,0.051,-0.017,0.0258724,23.3295
7202,7262,4.38,20.947,0.051,-0.002,0.0310838,28.0287
7203,7263,4.38,20.947,0.051,0.004,0.002778,2.505
7204,7264,4.38,20.947,0.051,0.017,0.009332,8.4148
7205,7265,4.38,20.948,0.051,-0.007,0.0063122,5.6918
7206,7266,4.38,20.947,0.051,0.001,0.0270368,24.3795
7207,7267,4.38,20.947,0.051,-0.016,0.0044973,4.0553
7208,7268,4.38,20.947,0.051,-0.015,0.0288209,25.9882
7209,7269,4.38,20.946,0.051,-0.007,0.0179592,16.1941
7210,7270,4.38,20.946,0.051,0.004,0.0294068,26.5165
7211,7271,4.38,20.946,0.051,-0.009,0.0304684,27.4738
7212,7272,4.38,20.947,0.052,0,0.0449773,40.5566
7213,7273,4.38,20.946,0.051,-0.005,0.0083441,7.524
7214,7274,4.38,20.946,0.051,0.017,0.0211921,19.1092
7215,7275,4.38,20.947,0.051,0.011,0.0091864,8.2835
7216,7276,4.38,20.947,0.051,0.009,0.0267772,24.1453
7217,7277,4.38,20.948,0.052,-0.001,0.0156013,14.0679
7218,7278,4.38,20.946,0.051,0.005,0.0346235,31.2205
7219,7279,4.38,20.949,0.052,-0.012,0.0362121,32.6529
7220,7280,4.38,20.948,0.051,-0.003,0.030745,27.7232
7221,7281,4.39,20.948,0.052,-0.008,0.0258052,23.2689
7222,7282,4.39,20.947,0.052,-0.005,0.0319263,28.7883
7223,7283,4.39,20.946,0.052,-0.024,0.0049369,4.4517
7224,7284,4.39,20.947,0.051,0.006,0.0129999,11.7222
7225,7285,4.39,20.948,0.05,0,0.0092309,8.3236
7226,7286,4.39,20.947,0.05,0.012,0.0123446,11.1313
7227,7287,4.39,20.947,0.051,-0.004,0.0095366,8.5993
7228,7288,4.39,20.947,0.051,0,0.0189437,17.0818
7229,7289,4.39,20.948,0.051,-0.013,0.0433448,39.0846
7230,7290,4.4001,20.947,0.051,-0.014,0.0352304,31.7677
7231,7291,4.4001,20.947,0.051,-0.009,0.0402211,36.2679
7232,7292,4.39,20.947,0.051,-0.004,0.0363536,32.7805
7233,7293,4.39,20.947,0.051,-0.005,0.0267922,24.1589
7234,7294,4.39,20.946,0.051,0.015,0.0092136,8.308
7235,7295,4.39,20.947,0.05,0.012,0.0164122,14.7991
7236,7296,4.39,20.946,0.051,0.012,0.022948,20.6925
7237,7297,4.39,20.947,0.052,0.008,0.0253495,22.858
7238,7298,4.39,20.947,0.052,0.005,0.0308542,27.8216
7239,7299,4.39,20.948,0.052,-0.004,0.0301746,27.2089
7240,7300,4.39,20.948,0.052,-0.022,0.0361496,32.5966
7241,7301,4.39,20.947,0.052,-0.014,0.0170404,15.3656
7242,7302,4.39,20.947,0.051,-0.014,0.0139283,12.5593
7243,7303,4.39,20.946,0.051,-0.015,0.0085465,7.7065
7244,7304,4.4001,20.947,0.051,-0.005,0,0
7245,7305,4.4001,20.947,0.051,0.011,0,0
7246,7306,4.4001,20.947,0.052,0.014,0,0
7247,7307,4.4001,20.945,0.051,0.002,0.0090827,8.19
7248,7308,4.4001,20.946,0.052,-0.009,0.0276887,24.9672
7249,7309,4.4001,20.948,0.051,-0.01,0.0344173,31.0345
7250,7310,4.4001,20.947,0.051,-0.004,0.038252,34.4924
7251,7311,4.4001,20.946,0.051,-0.009,0.03417,30.8115
7252,7312,4.4001,20.946,0.052,-0.001,0.0352304,31.7677
7253,7313,4.4001,20.948,0.052,-0.004,0.0300782,27.122
7254,7314,4.4001,20.949,0.053,0.006,0.012613,11.3733
7255,7315,4.4001,20.948,0.052,0.01,0.0215301,19.4139
7256,7316,4.4001,20.949,0.052,0.02,0,0
7257,7317,4.4001,20.947,0.051,0.02,0.0092689,8.3579
7258,7318,4.4001,20.947,0.051,0.011,0.0095069,8.5725
7259,7319,4.4001,20.947,0.051,-0.001,0.0261072,23.5412
7260,7320,4.4001,20.946,0.051,-0.012,0.0112912,10.1814
7261,7321,4.4001,20.947,0.051,-0.016,0.0278672,25.1282
7262,7322,4.4001,20.947,0.052,-0.008,0.0189108,17.0521
7263,7323,4.4001,20.946,0.052,-0.014,0.0201664,18.1843
7264,7324,4.4001,20.947,0.051,0,0.0176551,15.9198
7265,7325,4.4001,20.945,0.051,0.008,0.0206518,18.622
7266,7326,4.4001,20.947,0.051,0.004,0.0238934,21.545
7267,7327,4.4001,20.946,0.051,0.022,0.016967,15.2993
7268,7328,4.4001,20.947,0.051,0.011,0.0081941,7.3887
7269,7329,4.4001,20.947,0.051,0.006,0.0396215,35.7272
7270,7330,4.4001,20.948,0.051,-0.005,0.0325953,29.3916
7271,7331,4.4001,20.947,0.051,0.009,0.0450311,40.6052
7272,7332,4.4001,20.947,0.052,-0.006,0.0302975,27.3197
7273,7333,4.4001,20.947,0.051,0.001,0.0248902,22.4439
7274,7334,4.4001,20.947,0.051,0.001,0.0008978,0.8096
7275,7335,4.4001,20.947,0.051,0.003,0.0093089,8.394
7276,7336,4.4001,20.947,0.052,0.01,0.01896,17.0964
7277,7337,4.4001,20.945,0.051,0.006,0.0198954,17.9399
7278,7338,4.4099,20.945,0.051,-0.001,0.0228377,20.5931
7279,7339,4.4099,20.948,0.052,0.012,0.0372649,33.6022
7280,7340,4.4099,20.947,0.052,-0.014,0.0307813,27.7559
7281,7341,4.4099,20.946,0.052,-0.007,0.0327236,29.5073
7282,7342,4.4099,20.946,0.052,-0.023,0.0178019,16.0522
7283,7343,4.4099,20.947,0.052,-0.01,0.02108,19.0081
7284,7344,4.42,20.947,0.052,-0.005,0.0064159,5.7853
7285,7345,4.42,20.947,0.052,0.013,0.0140014,12.6253
7286,7346,4.42,20.948,0.051,0.01,0.0182381,16.4455
7287,7347,4.42,20.947,0.051,0.002,0.0177089,15.9683
7288,7348,4.42,20.947,0.052,0.001,0.0137316,12.3819
7289,7349,4.42,20.947,0.051,0.002,0.0369156,33.2873
7290,7350,4.42,20.946,0.051,-0.015,0.0224874,20.2772
7291,7351,4.42,20.947,0.051,-0.009,0.0221257,19.951
7292,7352,4.42,20.947,0.052,-0.011,0.0282321,25.4573
7293,7353,4.42,20.947,0.052,0.002,0.0378188,34.1017
7294,7354,4.42,20.947,0.051,-0.001,0.018656,16.8224
7295,7355,4.42,20.947,0.051,0.009,0.0252147,22.7364
7296,7356,4.42,20.948,0.052,0.002,0,0
7297,7357,4.43,20.948,0.051,-0.003,0.0210811,19.0091
7298,7358,4.44,20.948,0.052,0.008,0.0040431,3.6457
7299,7359,4.44,20.946,0.051,0.006,0.0182894,16.4918
7300,7360,4.43,20.947,0.052,-0.015,0.0230237,20.7608
7301,7361,4.43,20.947,0.052,-0.007,0.0216196,19.4947
7302,7362,4.43,20.948,0.051,-0.002,0.0211622,19.0823
7303,7363,4.43,20.947,0.051,-0.007,0.0275874,24.876
7304,7364,4.43,20.947,0.052,-0.011,0.0167034,15.0617
7305,7365,4.43,20.946,0.051,0.006,0.00727,6.5554
7306,7366,4.43,20.946,0.051,0.001,0.0008957,0.8077
7307,7367,4.43,20.946,0.051,0.011,0.0231711,20.8937
7308,7368,4.43,20.949,0.052,0,0.0264923,23.8884
7309,7369,4.43,20.947,0.051,0.01,0.0480044,43.2862
7310,7370,4.43,20.948,0.051,0.003,0.0223883,20.1878
7311,7371,4.43,20.947,0.052,-0.002,0.0473267,42.6751
7312,7372,4.43,20.947,0.052,-0.006,0.0242522,21.8685
7313,7373,4.43,20.948,0.051,-0.001,0.0368539,33.2316
7314,7374,4.43,20.947,0.052,-0.006,0.021014,18.9486
7315,7375,4.43,20.947,0.052,-0.002,0.0266814,24.059
7316,7376,4.43,20.948,0.052,0.007,0.0158201,14.2652
7317,7377,4.43,20.948,0.052,0.013,0.0198154,17.8678
7318,7378,4.43,20.948,0.051,-0.003,0.0260485,23.4882
7319,7379,4.43,20.947,0.052,-0.005,0.0295392,26.6359
7320,7380,4.43,20.947,0.052,-0.026,0.0131665,11.8724
7321,7381,4.43,20.947,0.051,-0.002,0.0423452,38.1833
7322,7382,4.43,20.947,0.051,-0.015,0.0252932,22.8072
7323,7383,4.43,20.945,0.051,-0.003,0.0224074,20.205
7324,7384,4.43,20.947,0.051,-0.01,0.0146999,13.2551
7325,7385,4.43,20.946,0.051,0,0.018939,17.0775
7326,7386,4.43,20.947,0.051,-0.005,0,0
7327,7387,4.43,20.947,0.051,0,0.0052109,4.6988
7328,7388,4.43,20.948,0.052,0.001,0.0143596,12.9483
7329,7389,4.43,20.947,0.051,-0.001,0.0264558,23.8556
7330,7390,4.43,20.946,0.051,-0.008,0.029259,26.3832
7331,7391,4.43,20.947,0.051,-0.002,0.0325918,29.3884
7332,7392,4.43,20.949,0.051,-0.024,0.0415057,37.4262
7333,7393,4.43,20.948,0.051,-0.009,0.0312129,28.1451
7334,7394,4.43,20.948,0.051,-0.006,0.0306827,27.667
7335,7395,4.44,20.948,0.051,0.001,0.0214701,19.3599
7336,7396,4.44,20.948,0.052,0.002,0.012799,11.541
7337,7397,4.44,20.947,0.052,0.016,0.0114277,10.3045
7338,7398,4.44,20.949,0.052,0.009,0.0041709,3.761
7339,7399,4.44,20.948,0.051,0.005,0.0244688,22.0638
7340,7400,4.44,20.947,0.051,-0.005,0.0321796,29.0168
7341,7401,4.44,20.947,0.051,-0.008,0.046108,41.5762
7342,7402,4.44,20.947,0.051,-0.016,0.0214136,19.3089
7343,7403,4.44,20.948,0.051,-0.019,0.0305566,27.5533
7344,7404,4.44,20.947,0.051,-0.014,0.0171792,15.4907
7345,7405,4.44,20.948,0.051,-0.014,0.0117127,10.5615
7346,7406,4.44,20.948,0.051,-0.005,0.0243192,21.9289
7347,7407,4.44,20.948,0.051,0.003,0.0214931,19.3806
7348,7408,4.44,20.948,0.052,0.009,0.0139465,12.5758
7349,7409,4.44,20.947,0.052,0.01,0.0321222,28.965
7350,7410,4.44,20.948,0.052,-0.009,0.0169844,15.315
7351,7411,4.44,20.948,0.052,-0.011,0.0312766,28.2026
7352,7412,4.44,20.947,0.051,-0.024,0.0178853,16.1274
7353,7413,4.44,20.947,0.052,-0.005,0.0424596,38.2863
7354,7414,4.45,20.948,0.052,-0.015,0.0262066,23.6308
7355,7415,4.45,20.948,0.052,-0.007,0.01297,11.6953
7356,7416,4.45,20.949,0.051,0.003,0.0092906,8.3775
7357,7417,4.45,20.948,0.051,-0.003,0.0027834,2.5099
7358,7418,4.45,20.947,0.052,-0.005,0,0
7359,7419,4.45,20.948,0.051,0.001,0.0011315,1.0203
7360,7420,4.45,20.948,0.051,-0.005,0.0246577,22.2342
7361,7421,4.46,20.946,0.051,0.004,0.0300041,27.0551
7362,7422,4.46,20.947,0.051,-0.014,0.0303701,27.3851
7363,7423,4.46,20.948,0.051,-0.002,0.0390244,35.1888
7364,7424,4.46,20.948,0.052,-0.02,0.0292631,26.3869
7365,7425,4.46,20.947,0.052,-0.006,0.0288726,26.0348
7366,7426,4.46,20.947,0.052,0.002,0.0253389,22.8484
7367,7427,4.46,20.948,0.051,0.01,0.0173897,15.6805
7368,7428,4.46,20.947,0.051,0.017,0.0081435,7.3431
7369,7429,4.46,20.947,0.051,0.02,0.0285612,25.754
7370,7430,4.46,20.949,0.051,0.009,0.0460144,41.4918
7371,7431,4.46,20.949,0.051,-0.008,0.0406637,36.667
7372,7432,4.46,20.948,0.051,-0.013,0.0494147,44.5579
7373,7433,4.46,20.948,0.051,-0.013,0.0392741,35.4139
7374,7434,4.46,20.948,0.052,-0.026,0.0316859,28.5716
7375,7435,4.46,20.949,0.051,-0.009,0.0234034,21.1031
7376,7436,4.46,20.947,0.052,-0.007,0.0085621,7.7205
7377,7437,4.46,20.947,0.052,-0.005,0,0
7378,7438,4.46,20.947,0.052,0.002,0.0017016,1.5343
7379,7439,4.46,20.947,0.052,0.011,0.0047797,4.3099
7380,7440,4.46,20.947,0.051,-0.003,0.0051249,4.6212
7381,7441,4.46,20.946,0.052,-0.014,0.0170326,15.3585
7382,7442,4.47,20.945,0.052,-0.019,0.037074,33.4301
7383,7443,4.47,20.947,0.052,-0.023,0.0527222,47.5403
7384,7444,4.47,20.946,0.051,-0.013,0.0348605,31.4341
7385,7445,4.47,20.946,0.051,-0.015,0.0282948,25.5138
7386,7446,4.47,20.948,0.051,-0.002,0.0246634,22.2393
7387,7447,4.47,20.947,0.051,0.007,0.0112266,10.1232
7388,7448,4.47,20.948,0.052,0.014,0.0272603,24.581
7389,7449,4.47,20.949,0.051,0.017,0.017224,15.5312
7390,7450,4.47,20.947,0.051,0.015,0.0208658,18.815
7391,7451,4.47,20.947,0.052,0.01,0.0331026,29.8491
7392,7452,4.47,20.948,0.052,-0.002,0.0237341,21.4014
7393,7453,4.47,20.948,0.052,-0.016,0.0348469,31.4219
7394,7454,4.48,20.947,0.051,-0.025,0.0259035,23.3576
7395,7455,4.48,20.946,0.051,-0.013,0.0235571,21.2418
7396,7456,4.48,20.947,0.051,-0.007,0.0127324,11.481
7397,7457,4.48,20.947,0.052,-0.003,0.001972,1.7782
7398,7458,4.48,20.947,0.051,0.008,0,0
7399,7459,4.48,20.947,0.051,-0.001,0,0
7400,7460,4.48,20.946,0.051,-0.001,0,0
7401,7461,4.48,20.948,0.051,0,0.0188642,17.0101
7402,7462,4.48,20.947,0.051,-0.011,0.0301378,27.1756
7403,7463,4.47,20.947,0.051,-0.007,0.0195363,17.6162
7404,7464,4.47,20.948,0.052,-0.018,0.0296315,26.7191
7405,7465,4.47,20.948,0.051,-0.015,0.0242306,21.8491
7406,7466,4.47,20.949,0.052,-0.002,0.0275379,24.8313
7407,7467,4.47,20.947,0.052,0.002,0.0028174,2.5405
7408,7468,4.47,20.948,0.052,0.012,0.0221824,20.0021
7409,7469,4.47,20.948,0.051,0.012,0.0052278,4.714
7410,7470,4.47,20.949,0.052,0.026,0.0189959,17.1288
7411,7471,4.47,20.948,0.052,0.017,0.0255988,23.0828
7412,7472,4.47,20.948,0.052,0.001,0.0474655,42.8002
7413,7473,4.47,20.947,0.051,-0.014,0.0525115,47.3503
7414,7474,4.47,20.948,0.052,-0.003,0.0348787,31.4506
7415,7475,4.47,20.948,0.051,-0.009,0.0345045,31.1131
7416,7476,4.47,20.947,0.051,-0.003,0.0377863,34.0724
7417,7477,4.48,20.947,0.052,-0.006,0,0
7418,7478,4.48,20.947,0.052,0.016,0.0229754,20.7172
7419,7479,4.48,20.947,0.052,-0.002,0.0218132,19.6692
7420,7480,4.48,20.947,0.051,0.009,0.0122128,11.0124
7421,7481,4.48,20.948,0.051,-0.003,0.012453,11.2291
7422,7482,4.48,20.948,0.051,-0.009,0.0338106,30.4874
7423,7483,4.48,20.948,0.051,-0.025,0.0195234,17.6045
7424,7484,4.48,20.947,0.052,-0.025,0.0270344,24.3773
7425,7485,4.48,20.946,0.051,-0.019,0.0301259,27.1649
7426,7486,4.49,20.948,0.052,-0.013,0.0371769,33.5229
7427,7487,4.49,20.947,0.052,-0.011,0.023605,21.2849
7428,7488,4.49,20.946,0.052,0.014,0.0378467,34.1269
7429,7489,4.49,20.948,0.052,-0.003,0.0254391,22.9387
7430,7490,4.49,20.947,0.051,0.003,0.0385602,34.7703
7431,7491,4.49,20.946,0.051,0.008,0.0267414,24.113
7432,7492,4.49,20.947,0.051,0.008,0.0497812,44.8883
7433,7493,4.49,20.947,0.052,-0.012,0.0339991,30.6575
7434,7494,4.49,20.947,0.051,-0.009,0.039773,35.8639
7435,7495,4.49,20.949,0.051,-0.01,0.0328901,29.6574
7436,7496,4.49,20.948,0.052,-0.009,0.0226808,20.4516
7437,7497,4.49,20.947,0.052,-0.011,0,0
7438,7498,4.49,20.946,0.052,-0.003,0.0118362,10.6728
7439,7499,4.49,20.947,0.051,-0.011,0,0
7440,7500,4.49,20.946,0.051,-0.004,0,0
7441,7501,4.49,20.947,0.051,-0.016,0.0038854,3.5035
7442,7502,4.49,20.947,0.051,-0.01,0.0210572,18.9876
7443,7503,4.49,20.948,0.051,-0.023,0.0093766,8.455
7444,7504,4.49,20.946,0.051,-0.013,0.0195582,17.6359
7445,7505,4.49,20.947,0.052,-0.013,0.0243646,21.9699
7446,7506,4.49,20.946,0.051,-0.012,0.0340486,30.7021
7447,7507,4.49,20.947,0.052,-0.011,0.0116159,10.4742
7448,7508,4.49,20.949,0.051,0.014,0.0314043,28.3176
7449,7509,4.49,20.948,0.051,0.004,0.0115813,10.443
7450,7510,4.5,20.948,0.051,0.02,0.0312099,28.1423
7451,7511,4.5,20.95,0.052,0.021,0.0112754,10.1672
7452,7512,4.5,20.948,0.052,0.015,0.029467,26.5708
7453,7513,4.5,20.947,0.051,0.004,0.0325299,29.3327
7454,7514,4.5,20.946,0.051,0.006,0.0269325,24.2854
7455,7515,4.5,20.948,0.051,-0.008,0.025541,23.0307
7456,7516,4.5,20.949,0.052,-0.003,0.0193232,17.424
7457,7517,4.5,20.947,0.051,-0.018,0.0019894,1.7939
7458,7518,4.5,20.948,0.05,0.004,0.0159116,14.3477
7459,7519,4.5,20.948,0.051,-0.018,0.0058897,5.3108
7460,7520,4.5,20.949,0.051,0.004,0,0
7461,7521,4.5,20.948,0.052,-0.014,0,0
7462,7522,4.5,20.948,0.052,0.008,0.0027067,2.4407
7463,7523,4.5,20.947,0.052,-0.009,0.0235414,21.2276
7464,7524,4.5,20.947,0.051,-0.007,0.0250321,22.5718
7465,7525,4.5,20.946,0.051,-0.006,0.0105513,9.5143
7466,7526,4.5,20.947,0.052,-0.004,0.0333281,30.0524
7467,7527,4.5099,20.947,0.052,-0.004,0.0073993,6.672
7468,7528,4.5099,20.948,0.051,0.012,0.0181704,16.3845
7469,7529,4.5099,20.948,0.051,0.005,0.0169289,15.265
7470,7530,4.5099,20.947,0.051,0.014,0.0160699,14.4904
7471,7531,4.5099,20.947,0.052,0.013,0.0252023,22.7252
7472,7532,4.5099,20.949,0.052,0.014,0.0275749,24.8647
7473,7533,4.5099,20.948,0.052,0.016,0.0338581,30.5303
7474,7534,4.5,20.947,0.051,0.002,0.0300408,27.0882
7475,7535,4.5,20.946,0.051,-0.004,0.0440412,39.7126
7476,7536,4.5,20.947,0.05,0.005,0.03171,28.5934
7477,7537,4.5,20.948,0.051,-0.015,0.0043784,3.9481
7478,7538,4.5,20.948,0.051,0.008,0.0212727,19.1819
7479,7539,4.5099,20.948,0.051,-0.002,0.0063477,5.7238
7480,7540,4.5099,20.948,0.052,0.004,0.0043574,3.9292
7481,7541,4.5099,20.947,0.052,-0.001,0,0
7482,7542,4.5099,20.948,0.052,0,0.0139169,12.549
7483,7543,4.5099,20.946,0.052,-0.007,0.0164967,14.8753
7484,7544,4.5099,20.947,0.052,-0.013,0.0318156,28.6885
7485,7545,4.5099,20.947,0.052,-0.014,0.01396,12.5879
7486,7546,4.5099,20.948,0.051,-0.022,0.0370212,33.3825
7487,7547,4.5099,20.947,0.051,-0.01,0.0188027,16.9546
7488,7548,4.5099,20.947,0.051,0.006,0.0185604,16.7362
7489,7549,4.5099,20.949,0.051,-0.005,0.0079675,7.1844
7490,7550,4.5199,20.948,0.051,0.009,0.000101,0.0911
7491,7551,4.5199,20.948,0.053,0.006,0,0
7492,7552,4.5099,20.949,0.052,0.015,0.0051914,4.6811
7493,7553,4.5099,20.949,0.053,0.001,0.0150622,13.5818
7494,7554,4.5099,20.948,0.053,0.007,0.0191511,17.2688
7495,7555,4.5099,20.946,0.052,-0.012,0.0214536,19.345
7496,7556,4.5099,20.947,0.051,0.001,0.0360198,32.4795
7497,7557,4.5099,20.948,0.051,-0.01,0.0051301,4.6259
7498,7558,4.5199,20.946,0.052,0.002,0.0184266,16.6155
7499,7559,4.5199,20.947,0.052,0.006,0.0092381,8.3301
7500,7560,4.5199,20.946,0.052,0.016,0.0122328,11.0305
7501,7561,4.5199,20.946,0.052,0.009,0,0
7502,7562,4.5199,20.949,0.051,0.02,0.0305526,27.5497
7503,7563,4.5199,20.947,0.051,0.01,0.0181848,16.3975
7504,7564,4.5199,20.948,0.051,0.001,0.0288281,25.9947
7505,7565,4.5199,20.948,0.051,-0.008,0.0283247,25.5408
7506,7566,4.5199,20.949,0.051,-0.01,0.0185671,16.7422
7507,7567,4.5199,20.949,0.051,-0.009,0.0243934,21.9958
7508,7568,4.5199,20.946,0.051,0.01,0.0147029,13.2578
7509,7569,4.5199,20.948,0.051,-0.002,0.0049748,4.4859
7510,7570,4.5199,20.948,0.051,0.011,0.0262065,23.6307
7511,7571,4.5199,20.947,0.051,0.008,0.0134241,12.1047
7512,7572,4.5199,20.947,0.051,0.017,0.008174,7.3706
7513,7573,4.5199,20.948,0.052,-0.009,0.0141967,12.8013
7514,7574,4.5199,20.947,0.052,-0.003,0.0219574,19.7992
7515,7575,4.5299,20.948,0.052,-0.013,0.0203589,18.3579
7516,7576,4.5299,20.948,0.051,-0.008,0.022549,20.3328
7517,7577,4.5299,20.947,0.051,-0.007,0.030862,27.8287
7518,7578,4.5299,20.949,0.051,-0.008,0.0192784,17.3835
7519,7579,4.5299,20.948,0.051,0.001,0.0111774,10.0788
7520,7580,4.5299,20.948,0.051,0.015,0.0192416,17.3504
7521,7581,4.5299,20.947,0.051,0,0.0100415,9.0545
7522,7582,4.5299,20.946,0.052,0.007,0.0168263,15.1725
7523,7583,4.5299,20.947,0.052,0.011,0.0214481,19.34
7524,7584,4.5399,20.947,0.052,0.01,0.0329103,29.6756
7525,7585,4.5399,20.946,0.052,0.003,0.0318783,28.7451
7526,7586,4.5399,20.946,0.052,-0.005,0.0390389,35.2019
7527,7587,4.5399,20.948,0.051,-0.007,0.0362584,32.6947
7528,7588,4.5299,20.948,0.051,-0.009,0.0286709,25.8529
7529,7589,4.5299,20.947,0.051,-0.003,0.0269113,24.2662
7530,7590,4.5299,20.948,0.051,0.009,0.0144458,13.0259
7531,7591,4.5299,20.947,0.052,0.002,0.0139312,12.5619
7532,7592,4.5299,20.947,0.052,0.014,0.0190262,17.1562
7533,7593,4.5299,20.946,0.052,0.003,0.0081691,7.3662
7534,7594,4.5299,20.947,0.052,-0.006,0.0195084,17.591
7535,7595,4.5299,20.948,0.052,-0.017,0.0250738,22.6094
7536,7596,4.5299,20.948,0.051,-0.006,0.0143268,12.9187
7537,7597,4.5299,20.946,0.052,-0.017,0.0278041,25.0713
7538,7598,4.5399,20.947,0.052,-0.015,0.0167934,15.1428
7539,7599,4.5399,20.947,0.052,-0.013,0,0
7540,7600,4.5399,20.948,0.052,-0.011,0,0
7541,7601,4.5399,20.948,0.051,0.005,0,0
7542,7602,4.5399,20.947,0.051,0.002,0.0195131,17.5953
7543,7603,4.5399,20.948,0.051,0.002,0.0209504,18.8912
7544,7604,4.5399,20.947,0.052,0.012,0.0396049,35.7123
7545,7605,4.5399,20.947,0.052,-0.004,0.0342709,30.9025
7546,7606,4.5399,20.948,0.051,-0.01,0.0249325,22.482
7547,7607,4.5399,20.948,0.052,-0.003,0.0289788,26.1306
7548,7608,4.5399,20.949,0.052,-0.007,0.0214711,19.3608
7549,7609,4.5399,20.947,0.051,0.003,0.0160829,14.5022
7550,7610,4.5399,20.947,0.052,0.015,0.0091147,8.2188
7551,7611,4.5399,20.948,0.052,0.014,0.0024677,2.2252
7552,7612,4.5399,20.948,0.052,0.027,0.0069963,6.3087
7553,7613,4.5399,20.948,0.052,0.005,0.0195777,17.6535
7554,7614,4.5399,20.946,0.051,-0.001,0.0295259,26.6239
7555,7615,4.5399,20.947,0.051,-0.013,0.0312809,28.2064
7556,7616,4.5399,20.946,0.052,-0.008,0.0221845,20.0041
7557,7617,4.5399,20.946,0.052,0,0.0387478,34.9394
7558,7618,4.5399,20.946,0.052,-0.013,0.0253593,22.8668
7559,7619,4.5399,20.948,0.051,-0.006,0.0031259,2.8186
7560,7620,4.5399,20.948,0.052,0,0.0052217,4.7084
7561,7621,4.55,20.948,0.051,0.01,0.0051528,4.6463
7562,7622,4.55,20.947,0.052,0.022,0.0230539,20.788
7563,7623,4.55,20.946,0.051,0.012,0.0303318,27.3506
7564,7624,4.55,20.947,0.052,0.001,0.0245215,22.1114
7565,7625,4.55,20.947,0.052,-0.009,0.0274545,24.7561
7566,7626,4.55,20.947,0.052,-0.015,0.0330741,29.8233
7567,7627,4.55,20.948,0.052,-0.002,0.0473618,42.7068
7568,7628,4.55,20.947,0.052,-0.018,0.0288614,26.0247
7569,7629,4.55,20.947,0.052,0,0.0261627,23.5912
7570,7630,4.55,20.946,0.052,0.011,0.0191277,17.2477
7571,7631,4.55,20.948,0.052,0.009,0.0091963,8.2925
7572,7632,4.56,20.948,0.052,0.009,0.0074957,6.759
7573,7633,4.56,20.948,0.051,0.002,0.015968,14.3985
7574,7634,4.56,20.946,0.051,-0.004,0.0276774,24.957
7575,7635,4.56,20.946,0.051,-0.003,0.0302622,27.2878
7576,7636,4.56,20.947,0.051,-0.011,0.0116092,10.4682
7577,7637,4.56,20.948,0.051,-0.016,0.0235939,21.2749
7578,7638,4.56,20.948,0.051,-0.024,0.0065759,5.9296
7579,7639,4.56,20.947,0.051,-0.007,0.0171425,15.4576
7580,7640,4.56,20.947,0.051,0,0.0008729,0.7871
7581,7641,4.56,20.946,0.051,0.002,0.0082306,7.4217
7582,7642,4.56,20.947,0.051,0.011,0.0100975,9.105
7583,7643,4.56,20.947,0.052,0.008,0.0240222,21.6611
7584,7644,4.56,20.948,0.051,-0.001,0.0355777,32.0809
7585,7645,4.56,20.948,0.051,-0.002,0.0409485,36.9238
7586,7646,4.56,20.946,0.052,-0.013,0.0246141,22.1948
7587,7647,4.56,20.948,0.051,0.003,0.0349924,31.5532
7588,7648,4.56,20.948,0.051,-0.007,0.0263267,23.7392
7589,7649,4.56,20.948,0.051,0.004,0.019112,17.2336
7590,7650,4.57,20.949,0.052,-0.001,0.0041752,3.7649
7591,7651,4.57,20.948,0.052,0.013,0.0072848,6.5688
7592,7652,4.57,20.948,0.052,0.011,0.0112694,10.1617
7593,7653,4.57,20.947,0.052,0.014,0.0060441,5.45
7594,7654,4.57,20.946,0.051,0.001,0.0121204,10.9291
7595,7655,4.57,20.946,0.051,-0.009,0.0223451,20.1489
7596,7656,4.57,20.946,0.052,-0.018,0.0125986,11.3603
7597,7657,4.57,20.947,0.052,-0.004,0.0321639,29.0026
7598,7658,4.57,20.947,0.052,-0.014,0.0274474,24.7497
7599,7659,4.57,20.947,0.051,-0.001,0.0146835,13.2403
7600,7660,4.57,20.946,0.051,-0.003,0.0104165,9.3927
7601,7661,4.57,20.948,0.051,0.011,0.0208478,18.7988
7602,7662,4.57,20.948,0.051,0.008,0,0
7603,7663,4.57,20.948,0.052,0.009,0.0148754,13.4134
7604,7664,4.57,20.947,0.052,0.013,0.0109203,9.8469
7605,7665,4.57,20.947,0.052,0.012,0.0396747,35.7752
7606,7666,4.57,20.946,0.052,-0.002,0.0244693,22.0643
7607,7667,4.58,20.947,0.052,0.002,0.0351211,31.6691
7608,7668,4.58,20.948,0.052,-0.016,0.0104809,9.4508
7609,7669,4.58,20.948,0.051,-0.007,0.0403231,36.3598
7610,7670,4.58,20.947,0.052,0.001,0.022249,20.0622
7611,7671,4.58,20.948,0.052,0.004,0.0240379,21.6753
7612,7672,4.58,20.948,0.052,-0.001,0.0019542,1.7621
7613,7673,4.58,20.947,0.052,0.012,0.0134541,12.1317
7614,7674,4.58,20.949,0.051,0,0.0125974,11.3592
7615,7675,4.58,20.948,0.051,0,0.0240292,21.6674
7616,7676,4.58,20.949,0.051,-0.017,0.0310782,28.0236
7617,7677,4.58,20.947,0.051,-0.003,0.0376001,33.9045
7618,7678,4.58,20.947,0.052,-0.018,0.0121948,10.9963
7619,7679,4.58,20.948,0.052,0.004,0.0189239,17.0639
7620,7680,4.58,20.948,0.051,-0.018,0.0132704,11.9661
7621,7681,4.58,20.947,0.051,-0.001,0.0323903,29.2068
7622,7682,4.58,20.947,0.052,-0.003,0.0080847,7.2901
7623,7683,4.58,20.947,0.052,0.012,0.021331,19.2345
7624,7684,4.58,20.948,0.052,0.006,0.0178365,16.0834
7625,7685,4.58,20.947,0.052,0.002,0.0485629,43.7898
7626,7686,4.59,20.948,0.053,-0.013,0.0328046,29.5803
7627,7687,4.59,20.949,0.053,-0.011,0.0348539,31.4283
7628,7688,4.59,20.947,0.052,-0.017,0.0309735,27.9292
7629,7689,4.59,20.947,0.052,0.007,0.0369304,33.3006
7630,7690,4.6,20.947,0.052,0.001,0.0252288,22.7492
7631,7691,4.6,20.947,0.051,0.011,0.007121,6.4211
7632,7692,4.59,20.946,0.051,-0.006,0.0082766,7.4631
7633,7693,4.59,20.946,0.052,0.012,0.0257954,23.26
7634,7694,4.59,20.947,0.052,-0.001,0.0194562,17.5439
7635,7695,4.59,20.947,0.052,0.002,0.0135063,12.1788
7636,7696,4.59,20.947,0.052,-0.021,0.0304152,27.4258
7637,7697,4.59,20.946,0.051,-0.017,0.0424794,38.3042
7638,7698,4.59,20.948,0.051,-0.018,0.0157573,14.2086
7639,7699,4.59,20.948,0.051,-0.009,0.0224692,20.2607
7640,7700,4.59,20.947,0.051,-0.015,0,0
7641,7701,4.59,20.947,0.051,-0.004,0.0091193,8.223
7642,7702,4.6,20.947,0.052,0.013,0.0168066,15.1547
7643,7703,4.6,20.947,0.052,0.011,0.022014,19.8503
7644,7704,4.6,20.947,0.052,-0.005,0.0161125,14.5289
7645,7705,4.6,20.947,0.052,0.005,0.0359305,32.399
7646,7706,4.6,20.946,0.052,0.006,0.017603,15.8728
7647,7707,4.6,20.947,0.052,-0.014,0.0311014,28.0446
7648,7708,4.6,20.948,0.052,-0.021,0.0287659,25.9386
7649,7709,4.6,20.947,0.051,-0.001,0.0343698,30.9917
7650,7710,4.6,20.948,0.051,-0.006,0.0160676,14.4884
7651,7711,4.6,20.948,0.052,0.012,0.0207556,18.7156
7652,7712,4.6099,20.949,0.052,0.01,0.0080951,7.2994
7653,7713,4.6099,20.947,0.052,0.003,0.0135856,12.2503
7654,7714,4.6,20.947,0.051,-0.002,0.0296061,26.6963
7655,7715,4.6,20.947,0.051,0,0.0320023,28.8569
7656,7716,4.6,20.948,0.052,-0.014,0.0366111,33.0128
7657,7717,4.6,20.947,0.052,0.002,0.0194698,17.5561
7658,7718,4.6,20.947,0.052,-0.015,0.0206405,18.6118
7659,7719,4.6,20.948,0.052,-0.004,0.0283434,25.5576
7660,7720,4.6,20.946,0.051,-0.018,0.0152141,13.7188
7661,7721,4.6,20.948,0.05,-0.005,0.014787,13.3337
7662,7722,4.6,20.949,0.052,-0.003,0,0
7663,7723,4.6,20.948,0.051,0.011,0,0
7664,7724,4.6,20.947,0.052,0.007,0,0
7665,7725,4.6,20.947,0.052,-0.004,0.0145289,13.1009
7666,7726,4.6,20.946,0.052,-0.011,0.0090642,8.1733
7667,7727,4.6,20.947,0.052,-0.016,0.0298476,26.9139
7668,7728,4.6,20.947,0.052,-0.009,0.0325235,29.3269
7669,7729,4.6,20.949,0.051,-0.01,0.0402448,36.2892
7670,7730,4.6,20.949,0.052,-0.016,0.0374827,33.7986
7671,7731,4.6099,20.949,0.052,-0.005,0.0246048,22.1865
7672,7732,4.6099,20.949,0.051,0,0.0208989,18.8448
7673,7733,4.6099,20.948,0.051,0.001,0.0090356,8.1475
7674,7734,4.6099,20.951,0.052,0.012,0.0149662,13.4952
7675,7735,4.6099,20.951,0.052,0.006,0.021104,19.0298
7676,7736,4.6099,20.95,0.051,-0.009,0.0223702,20.1715
7677,7737,4.6099,20.95,0.051,-0.003,0.0355314,32.0392
7678,7738,4.6099,20.95,0.052,-0.013,0.026998,24.3445
7679,7739,4.6099,20.948,0.052,-0.007,0.0387539,34.9449
7680,7740,4.6099,20.946,0.051,-0.014,0.034174,30.8152
7681,7741,4.6099,20.946,0.051,-0.01,0.0062182,5.607
7682,7742,4.6099,20.946,0.052,0.001,0.0019613,1.7685
7683,7743,4.6099,20.946,0.052,0.004,0.0114689,10.3417
7684,7744,4.6099,20.946,0.051,0.015,0.0170136,15.3414
7685,7745,4.6099,20.946,0.052,0.001,0.0252762,22.7919
7686,7746,4.6099,20.948,0.051,-0.006,0.0213781,19.2769
7687,7747,4.6099,20.948,0.051,-0.001,0.0211962,19.1129
7688,7748,4.6099,20.947,0.052,-0.009,0.0335989,30.2965
7689,7749,4.6099,20.946,0.051,-0.002,0.0244362,22.0344
7690,7750,4.6099,20.946,0.052,-0.012,0.0233578,21.0621
7691,7751,4.6099,20.946,0.051,-0.008,0.008334,7.5149
7692,7752,4.6099,20.946,0.052,0.009,0.0133734,12.0589
7693,7753,4.6099,20.948,0.051,0.012,0.0094011,8.4771
7694,7754,4.6099,20.948,0.051,0.009,0.0103533,9.3357
7695,7755,4.6099,20.947,0.052,-0.001,0.0101245,9.1294
7696,7756,4.6099,20.948,0.052,-0.005,0.0192668,17.3731
7697,7757,4.6099,20.947,0.051,-0.001,0.0234967,21.1873
7698,7758,4.6199,20.947,0.051,0,0.0332024,29.939
7699,7759,4.6199,20.947,0.052,-0.007,0.0384269,34.65
7700,7760,4.6199,20.946,0.052,-0.004,0.03017,27.2047
7701,7761,4.6199,20.947,0.052,-0.008,0.019123,17.2435
7702,7762,4.6199,20.948,0.052,0.006,0.0001007,0.0908
7703,7763,4.6199,20.948,0.052,0.006,0.0022646,2.0421
7704,7764,4.6199,20.947,0.052,0.01,0.0211529,19.0739
7705,7765,4.6199,20.947,0.052,0.009,0.01917,17.2859
7706,7766,4.6199,20.947,0.052,0.009,0.0300964,27.1383
7707,7767,4.6199,20.947,0.052,-0.004,0.0179952,16.2265
7708,7768,4.6199,20.948,0.052,-0.003,0.0330252,29.7793
7709,7769,4.6199,20.947,0.053,-0.017,0.0344029,31.0216
7710,7770,4.6199,20.948,0.052,-0.013,0.0298587,26.924
7711,7771,4.6199,20.946,0.052,-0.014,0.0209416,18.8834
7712,7772,4.6199,20.948,0.052,-0.004,0.006336,5.7133
7713,7773,4.6199,20.948,0.052,0.009,0.0038215,3.4459
7714,7774,4.6199,20.949,0.052,0.007,0.0188361,16.9848
7715,7775,4.6199,20.949,0.052,-0.006,0.0199257,17.9672
7716,7776,4.6199,20.948,0.052,0.001,0.0261961,23.6213
7717,7777,4.6299,20.947,0.052,-0.009,0.0147455,13.2962
7718,7778,4.6299,20.947,0.051,-0.003,0.0353813,31.9038
7719,7779,4.6299,20.948,0.052,-0.011,0.0381012,34.3564
7720,7780,4.6299,20.947,0.052,-0.009,0.0287081,25.8865
7721,7781,4.6399,20.946,0.052,-0.005,0.0088042,7.9389
7722,7782,4.6399,20.946,0.052,0.004,0.0117891,10.6304
7723,7783,4.6399,20.946,0.052,0.008,0.0076136,6.8653
7724,7784,4.6399,20.948,0.052,0.015,0,0
7725,7785,4.6399,20.947,0.052,0.001,0.0193662,17.4628
7726,7786,4.6399,20.947,0.052,0,0.0359743,32.4385
7727,7787,4.6399,20.947,0.052,-0.006,0.0210159,18.9503
7728,7788,4.6399,20.947,0.052,0.005,0.0340819,30.7321
7729,7789,4.6399,20.947,0.052,-0.014,0.0249097,22.4614
7730,7790,4.6399,20.947,0.052,-0.021,0.0288335,25.9995
7731,7791,4.6499,20.948,0.052,-0.013,0,0
7732,7792,4.6499,20.948,0.052,0.001,0.0114944,10.3647
7733,7793,4.6499,20.949,0.051,0.003,0.0001016,0.0916
7734,7794,4.6499,20.948,0.052,0.017,0.0166493,15.0129
7735,7795,4.6499,20.946,0.051,0.015,0.0065555,5.9112
7736,7796,4.6499,20.948,0.052,0.006,0.0244286,22.0276
7737,7797,4.6399,20.946,0.051,-0.01,0.0094575,8.528
7738,7798,4.6399,20.946,0.051,-0.005,0.041403,37.3337
7739,7799,4.6499,20.948,0.051,-0.012,0.0413107,37.2504
7740,7800,4.6499,20.947,0.051,-0.008,0.0354655,31.9797
7741,7801,4.6499,20.948,0.052,-0.007,0.0073741,6.6493
7742,7802,4.6499,20.947,0.052,0.016,0.027656,24.9378
7743,7803,4.6499,20.948,0.052,0.003,0.0210916,19.0185
7744,7804,4.6499,20.948,0.052,0.009,0.0149516,13.4821
7745,7805,4.6499,20.949,0.053,0.003,0.0216695,19.5397
7746,7806,4.6499,20.947,0.052,0.021,0.0382932,34.5295
7747,7807,4.6499,20.945,0.052,0.001,0.0178326,16.0799
7748,7808,4.6499,20.946,0.053,0.005,0.0191519,17.2695
7749,7809,4.6499,20.948,0.052,-0.016,0.0334985,30.206
7750,7810,4.6499,20.946,0.053,-0.015,0.0247828,22.347
7751,7811,4.6499,20.946,0.053,-0.016,0.0277135,24.9896
7752,7812,4.6499,20.947,0.052,0.006,0.0265177,23.9114
7753,7813,4.6499,20.948,0.052,-0.007,0.0116963,10.5467
7754,7814,4.6499,20.947,0.052,0.004,0.0046754,4.2159
7755,7815,4.6499,20.946,0.051,0,0.0101904,9.1888
7756,7816,4.6499,20.948,0.052,0.004,0.0155444,14.0166
7757,7817,4.6499,20.946,0.053,-0.017,0.0008793,0.7929
7758,7818,4.6499,20.947,0.051,-0.004,0.0157796,14.2287
7759,7819,4.6499,20.948,0.052,-0.003,0.020255,18.2642
7760,7820,4.6499,20.948,0.051,-0.017,0.0286992,25.8785
7761,7821,4.6499,20.948,0.051,-0.008,0.0184181,16.6079
7762,7822,4.6499,20.948,0.052,-0.006,0.0265823,23.9696
7763,7823,4.6499,20.947,0.051,-0.006,0.0115549,10.4192
7764,7824,4.6499,20.947,0.051,0.004,0.0213622,19.2626
7765,7825,4.6499,20.948,0.052,0.001,0.0125483,11.315
7766,7826,4.6499,20.95,0.052,0.009,0.0148092,13.3536
7767,7827,4.6499,20.947,0.052,0.004,0.0149312,13.4636
7768,7828,4.6499,20.947,0.052,0.013,0.0276975,24.9752
7769,7829,4.6499,20.948,0.052,-0.001,0.0269204,24.2745
7770,7830,4.6599,20.948,0.052,0,0.0206022,18.5773
7771,7831,4.6599,20.947,0.052,-0.003,0.0156965,14.1538
7772,7832,4.67,20.946,0.052,-0.003,0.0263088,23.723
7773,7833,4.6599,20.948,0.052,-0.011,0.0099115,8.9373
7774,7834,4.6599,20.948,0.052,0.003,0.0059792,5.3915
7775,7835,4.6599,20.948,0.051,0.008,0,0
7776,7836,4.6599,20.945,0.052,0.008,0.0115652,10.4285
7777,7837,4.6599,20.947,0.051,0,0.0112976,10.1872
7778,7838,4.6599,20.948,0.051,0.001,0.021039,18.9711
7779,7839,4.67,20.948,0.051,-0.011,0.0212157,19.1305
7780,7840,4.67,20.948,0.052,-0.015,0.0315033,28.4069
7781,7841,4.67,20.949,0.052,-0.01,0.0221431,19.9667
7782,7842,4.67,20.949,0.052,0.004,0.015113,13.6276
7783,7843,4.67,20.947,0.052,-0.001,0.0051899,4.6798
7784,7844,4.67,20.946,0.052,0.014,0.0145126,13.0862
7785,7845,4.67,20.946,0.052,0.013,0.0038929,3.5103
7786,7846,4.6599,20.947,0.051,0.026,0.0296666,26.7508
7787,7847,4.6599,20.948,0.051,0.009,0.022265,20.0766
7788,7848,4.6599,20.947,0.051,0.009,0.0231551,20.8793
7789,7849,4.67,20.947,0.051,0,0.0298692,26.9335
7790,7850,4.67,20.947,0.051,-0.005,0.0246143,22.195
7791,7851,4.67,20.948,0.052,-0.014,0.012769,11.514
7792,7852,4.67,20.948,0.053,-0.002,0.0210493,18.9804
7793,7853,4.6801,20.947,0.052,-0.001,0.008329,7.5103
7794,7854,4.6801,20.948,0.052,0.009,0.0133599,12.0468
7795,7855,4.6801,20.948,0.052,0.005,0,0
7796,7856,4.6801,20.947,0.052,0.015,0.0133193,12.0102
7797,7857,4.6801,20.947,0.052,-0.009,0.0052816,4.7625
7798,7858,4.6801,20.947,0.052,-0.002,0.0237285,21.3963
7799,7859,4.6801,20.947,0.051,-0.003,0.0208105,18.7651
7800,7860,4.6801,20.947,0.051,-0.008,0.0348801,31.4518
7801,7861,4.6801,20.947,0.051,-0.008,0.0342074,30.8453
7802,7862,4.6801,20.948,0.053,0.003,0.0424331,38.2625
7803,7863,4.6801,20.948,0.052,-0.002,0.0247709,22.3363
7804,7864,4.6801,20.947,0.052,0.006,0.013109,11.8206
7805,7865,4.6801,20.948,0.052,0.006,0.0096376,8.6903
7806,7866,4.6801,20.947,0.052,0.021,0.0095356,8.5984
7807,7867,4.6801,20.947,0.052,0.006,0.0027328,2.4642
7808,7868,4.6801,20.947,0.052,0.009,0.0113633,10.2465
7809,7869,4.6901,20.948,0.052,-0.003,0.0208256,18.7787
7810,7870,4.6901,20.947,0.051,-0.006,0.0209671,18.9063
7811,7871,4.6901,20.948,0.051,-0.017,0.0250393,22.5782
7812,7872,4.6901,20.948,0.052,-0.017,0.0214941,19.3815
7813,7873,4.6901,20.948,0.052,-0.021,0.0063727,5.7464
7814,7874,4.6901,20.947,0.052,-0.009,0.0125325,11.3007
7815,7875,4.6901,20.948,0.052,-0.003,0.0051616,4.6542
7816,7876,4.6901,20.949,0.051,0.005,0.0073835,6.6578
7817,7877,4.6901,20.948,0.051,0.006,0,0
7818,7878,4.6901,20.948,0.052,0.017,0.0033176,2.9915
7819,7879,4.6901,20.947,0.052,0.008,0.0279247,25.1801
7820,7880,4.6901,20.947,0.052,-0.006,0.0357712,32.2554
7821,7881,4.6901,20.948,0.052,-0.001,0.0234323,21.1292
7822,7882,4.6901,20.947,0.052,0,0.0285571,25.7503
7823,7883,4.6901,20.946,0.052,-0.006,0.0243164,21.9265
7824,7884,4.6901,20.948,0.052,0.008,0.0103564,9.3385
7825,7885,4.6901,20.948,0.052,0.007,0,0
7826,7886,4.6901,20.947,0.052,0.009,0.0059751,5.3878
7827,7887,4.6901,20.948,0.052,0.007,0.0134702,12.1462
7828,7888,4.6901,20.948,0.051,0.012,0.0105188,9.4849
7829,7889,4.6901,20.949,0.051,0.007,0.0087223,7.865
7830,7890,4.6901,20.949,0.051,-0.011,0.0187015,16.8634
7831,7891,4.6901,20.948,0.052,-0.023,0.0293138,26.4326
7832,7892,4.6901,20.949,0.052,-0.008,0.0138043,12.4475
7833,7893,4.6901,20.948,0.053,-0.008,0.0163199,14.7159
7834,7894,4.6901,20.947,0.052,0,0,0
7835,7895,4.6901,20.946,0.052,0.009,0.0074065,6.6785
7836,7896,4.6901,20.947,0.052,0.019,0.0036,3.2462
7837,7897,4.6901,20.947,0.052,0.013,0,0
7838,7898,4.6901,20.947,0.052,0.006,0.0126282,11.387
7839,7899,4.6901,20.947,0.052,0.004,0.0231542,20.8785
7840,7900,4.6901,20.948,0.052,0.001,0.0255533,23.0417
7841,7901,4.7001,20.949,0.052,-0.008,0.0295002,26.6007
7842,7902,4.7001,20.949,0.052,-0.014,0.0293093,26.4286
7843,7903,4.7001,20.948,0.051,0.001,0.0371009,33.4544
7844,7904,4.7001,20.948,0.052,0,0.0278112,25.0777
7845,7905,4.7001,20.948,0.051,0.011,0.0233284,21.0355
7846,7906,4.7001,20.949,0.052,0.008,0.0158001,14.2471
7847,7907,4.7001,20.948,0.052,0.02,0.0075007,6.7635
7848,7908,4.71,20.946,0.051,0.017,0.0055452,5.0002
7849,7909,4.71,20.948,0.052,0.003,0.0137934,12.4376
7850,7910,4.71,20.948,0.052,-0.008,0.0118056,10.6453
7851,7911,4.71,20.948,0.052,-0.005,0.0228281,20.5844
7852,7912,4.71,20.947,0.051,-0.014,0.0098412,8.8739
7853,7913,4.71,20.948,0.051,-0.008,0.0116401,10.496
7854,7914,4.71,20.947,0.051,-0.01,0.0082458,7.4354
7855,7915,4.71,20.946,0.051,-0.002,0.0101147,9.1205
7856,7916,4.71,20.946,0.051,-0.002,0.0124356,11.2134
7857,7917,4.71,20.947,0.051,0.005,0.0094254,8.499
7858,7918,4.72,20.947,0.052,0.008,0.011298,10.1876
7859,7919,4.72,20.948,0.052,0.004,0.0326124,29.407
7860,7920,4.71,20.949,0.051,0.001,0.017046,15.3706
7861,7921,4.71,20.948,0.051,0.004,0.0413083,37.2482
7862,7922,4.71,20.948,0.052,-0.011,0.0297033,26.7839
7863,7923,4.72,20.949,0.051,0,0.0375896,33.8951
7864,7924,4.72,20.949,0.051,0.004,0.0273353,24.6486
7865,7925,4.72,20.948,0.051,0.007,0.0188252,16.9749
7866,7926,4.72,20.948,0.052,0.015,0.0155386,14.0114
7867,7927,4.72,20.946,0.052,0.002,0.0115328,10.3993
7868,7928,4.72,20.948,0.052,0.005,0.0006206,0.5596
7869,7929,4.72,20.948,0.052,0.008,0.0195641,17.6412
7870,7930,4.72,20.947,0.052,-0.008,0.0113363,10.2221
7871,7931,4.72,20.946,0.052,-0.002,0.0187569,16.9133
7872,7932,4.72,20.948,0.052,-0.019,0.0151813,13.6891
7873,7933,4.72,20.947,0.051,-0.014,0.0398689,35.9503
7874,7934,4.72,20.948,0.051,-0.016,0.0194846,17.5695
7875,7935,4.72,20.947,0.051,-0.001,0.0204013,18.3961
7876,7936,4.72,20.946,0.052,0.002,0,0
7877,7937,4.72,20.947,0.052,-0.005,0,0
7878,7938,4.72,20.949,0.052,0.008,0.00594,5.3561
7879,7939,4.72,20.947,0.052,0.018,0.0299432,27.0002
7880,7940,4.72,20.947,0.052,0.005,0.0311366,28.0763
7881,7941,4.72,20.946,0.052,0.008,0.0433588,39.0972
7882,7942,4.72,20.947,0.052,-0.004,0.027058,24.3986
7883,7943,4.72,20.948,0.052,-0.005,0.0311708,28.1071
7884,7944,4.72,20.949,0.052,-0.019,0.0064367,5.8041
7885,7945,4.72,20.947,0.051,-0.004,0.0128303,11.5692
7886,7946,4.72,20.948,0.051,-0.004,0.0117248,10.5724
7887,7947,4.72,20.948,0.052,0.015,0.0211001,19.0263
7888,7948,4.72,20.948,0.052,0.025,0,0
7889,7949,4.72,20.947,0.052,0.013,0.0126938,11.4462
7890,7950,4.72,20.947,0.051,-0.009,0.010916,9.8431
7891,7951,4.72,20.947,0.051,-0.005,0.0086612,7.8099
7892,7952,4.72,20.946,0.052,-0.02,0.0094471,8.5186
7893,7953,4.72,20.947,0.051,-0.011,0.0223565,20.1592
7894,7954,4.72,20.948,0.051,-0.019,0.0172098,15.5183
7895,7955,4.72,20.949,0.051,0.004,0.0250368,22.576
7896,7956,4.72,20.949,0.051,-0.002,0.0235176,21.2061
7897,7957,4.72,20.949,0.052,0.004,0.0086133,7.7667
7898,7958,4.72,20.948,0.052,-0.001,0.0176829,15.9449
7899,7959,4.72,20.947,0.051,0.011,0.0194525,17.5405
7900,7960,4.72,20.949,0.051,0.003,0.0212271,19.1407
7901,7961,4.72,20.948,0.052,0,0.0309321,27.8919
7902,7962,4.72,20.949,0.052,0.001,0.0224471,20.2409
7903,7963,4.72,20.949,0.052,0.005,0.037349,33.6781
7904,7964,4.73,20.948,0.052,-0.012,0.0173817,15.6733
7905,7965,4.73,20.949,0.052,-0.002,0.0306549,27.6419
7906,7966,4.73,20.948,0.053,0,0,0
7907,7967,4.73,20.946,0.051,-0.004,0.009798,8.835
7908,7968,4.73,20.947,0.052,0.002,0.0062103,5.5999
7909,7969,4.73,20.949,0.052,0.002,0.0129231,11.6529
7910,7970,4.73,20.947,0.052,-0.004,0.0192029,17.3155
7911,7971,4.73,20.948,0.051,-0.006,0.02594,23.3904
7912,7972,4.73,20.948,0.051,-0.014,0.0234165,21.115
7913,7973,4.74,20.948,0.051,-0.006,0.0356663,32.1607
7914,7974,4.74,20.948,0.052,-0.02,0.0332122,29.9479
7915,7975,4.74,20.948,0.051,-0.007,0.0171914,15.5018
7916,7976,4.74,20.949,0.052,-0.014,0.0088008,7.9358
7917,7977,4.75,20.948,0.052,0.015,0.017444,15.7295
7918,7978,4.75,20.948,0.052,0.014,0.0070478,6.3551
7919,7979,4.75,20.946,0.052,0.008,0.0103889,9.3678
7920,7980,4.75,20.948,0.051,0.002,0.0245876,22.1709
7921,7981,4.75,20.948,0.051,-0.003,0.0346794,31.2709
7922,7982,4.75,20.948,0.051,-0.004,0.018012,16.2416
7923,7983,4.75,20.947,0.051,-0.007,0.0327014,29.4873
7924,7984,4.75,20.948,0.052,-0.023,0.0285301,25.726
7925,7985,4.74,20.949,0.052,-0.017,0.0374,33.7241
7926,7986,4.74,20.948,0.052,-0.002,0.0116657,10.5191
7927,7987,4.74,20.948,0.052,0.001,0.009486,8.5537
7928,7988,4.74,20.949,0.052,-0.007,0,0
7929,7989,4.74,20.949,0.052,0.012,0.000108,0.0974
7930,7990,4.75,20.947,0.051,0.004,0.0163794,14.7695
7931,7991,4.75,20.948,0.051,-0.013,0.0192344,17.3439
7932,7992,4.75,20.949,0.052,-0.013,0.0210939,19.0207
7933,7993,4.75,20.947,0.051,-0.003,0.0315827,28.4785
7934,7994,4.75,20.948,0.052,-0.015,0.0202177,18.2306
7935,7995,4.75,20.948,0.052,-0.013,0.0234134,21.1122
7936,7996,4.75,20.948,0.052,-0.016,0.0246563,22.2329
7937,7997,4.75,20.947,0.051,0.003,0.0200674,18.0951
7938,7998,4.75,20.948,0.051,0.006,0.0165438,14.9177
7939,7999,4.75,20.948,0.053,0.012,0.0128909,11.6239
7940,8000,4.75,20.949,0.052,0.008,0.0041314,3.7254
7941,8001,4.75,20.949,0.053,-0.006,0.0232101,20.9288
7942,8002,4.75,20.949,0.052,-0.005,0.0154126,13.8977
7943,8003,4.75,20.948,0.052,-0.001,0.0213999,19.2965
7944,8004,4.75,20.947,0.053,-0.011,0.0263063,23.7208
7945,8005,4.76,20.947,0.053,-0.011,0.0337605,30.4423
7946,8006,4.76,20.949,0.051,-0.004,0.0095755,8.6343
7947,8007,4.76,20.947,0.052,-0.003,0,0
7948,8008,4.75,20.947,0.051,0,0.0011753,1.0598
7949,8009,4.75,20.947,0.052,0.004,0.0051347,4.6301
7950,8010,4.75,20.947,0.052,0.002,0,0
7951,8011,4.76,20.948,0.052,0.01,0.0044182,3.9839
7952,8012,4.76,20.948,0.052,-0.003,0.0202792,18.286
7953,8013,4.76,20.947,0.052,-0.005,0.0238329,21.4905
7954,8014,4.76,20.949,0.052,-0.006,0.0182576,16.4631
7955,8015,4.76,20.948,0.052,-0.006,0.0312726,28.1989
7956,8016,4.76,20.947,0.052,-0.013,0.0134205,12.1015
7957,8017,4.76,20.947,0.052,0.005,0.0138902,12.525
7958,8018,4.76,20.948,0.051,0.015,0.0137069,12.3597
7959,8019,4.76,20.949,0.051,0.009,0.010422,9.3977
7960,8020,4.76,20.949,0.052,0.01,0,0
7961,8021,4.76,20.948,0.052,0.016,0.0168127,15.1602
7962,8022,4.76,20.949,0.052,0.005,0.028976,26.128
7963,8023,4.76,20.949,0.052,-0.005,0.0292655,26.3891
7964,8024,4.76,20.948,0.052,-0.008,0.0232738,20.9863
7965,8025,4.76,20.948,0.052,-0.003,0.0197908,17.8456
7966,8026,4.76,20.948,0.052,-0.006,0.0063636,5.7381
7967,8027,4.76,20.946,0.052,0.006,0.0072197,6.5101
7968,8028,4.76,20.947,0.051,0.001,0.009178,8.2759
7969,8029,4.76,20.948,0.051,0.002,0.0016712,1.5069
7970,8030,4.77,20.948,0.052,0.005,0.0060018,5.4119
7971,8031,4.77,20.948,0.052,0.01,0.0235148,21.2036
7972,8032,4.77,20.949,0.052,-0.002,0.0170652,15.388
7973,8033,4.77,20.948,0.052,-0.013,0.0261812,23.6079
7974,8034,4.77,20.948,0.052,-0.018,0.0320839,28.9305
7975,8035,4.77,20.949,0.052,-0.008,0.0291401,26.2761
7976,8036,4.77,20.948,0.051,0,0.021156,19.0767
7977,8037,4.77,20.947,0.052,0.009,0.005215,4.7024
7978,8038,4.77,20.948,0.052,0.012,0.0118901,10.7214
7979,8039,4.77,20.947,0.053,0.01,0.0066223,5.9715
7980,8040,4.77,20.947,0.053,0.016,0.0187433,16.9011
7981,8041,4.77,20.947,0.052,0.012,0.0154052,13.8911
7982,8042,4.77,20.947,0.052,-0.003,0.0252536,22.7715
7983,8043,4.77,20.947,0.051,-0.007,0.0407774,36.7696
7984,8044,4.7801,20.949,0.051,-0.014,0.0401388,36.1937
7985,8045,4.7801,20.949,0.051,-0.015,0.0246911,22.2643
7986,8046,4.7801,20.948,0.052,-0.008,0.0087497,7.8897
7987,8047,4.7801,20.947,0.052,-0.001,0.0178599,16.1045
7988,8048,4.7801,20.947,0.052,0.009,0.0212674,19.1771
7989,8049,4.7801,20.948,0.052,-0.002,0.0080991,7.3031
7990,8050,4.7801,20.949,0.052,0.003,0.0189454,17.0833
7991,8051,4.7801,20.949,0.052,-0.004,0.0176702,15.9335
7992,8052,4.7901,20.948,0.052,-0.005,0.0271476,24.4794
7993,8053,4.7901,20.949,0.051,-0.005,0.0286695,25.8516
7994,8054,4.7801,20.947,0.052,-0.023,0.0141528,12.7617
7995,8055,4.7801,20.948,0.052,-0.024,0.0268484,24.2095
7996,8056,4.7801,20.948,0.052,-0.014,0.0247493,22.3168
7997,8057,4.7801,20.949,0.052,0.001,0.0062868,5.6689
7998,8058,4.7901,20.949,0.052,-0.003,0.0070867,6.3902
7999,8059,4.7901,20.948,0.052,-0.001,0.0125325,11.3007
8000,8060,4.7901,20.947,0.052,0.011,0.0148491,13.3896
8001,8061,4.7901,20.947,0.053,0.006,0.0288619,26.0251
8002,8062,4.7901,20.946,0.053,0.006,0.0183918,16.5841
8003,8063,4.7901,20.946,0.051,-0.017,0.0365997,33.0024
8004,8064,4.7901,20.949,0.052,-0.012,0.0224411,20.2354
8005,8065,4.7901,20.948,0.052,-0.004,0.0105028,9.4705
8006,8066,4.7901,20.949,0.052,-0.006,0.0158484,14.2907
8007,8067,4.7901,20.947,0.052,-0.009,0.025994,23.4391
8008,8068,4.7901,20.948,0.052,0.008,0.0145589,13.1279
8009,8069,4.7901,20.948,0.051,0.012,0,0
8010,8070,4.7901,20.947,0.051,0.008,0.0016812,1.516
8011,8071,4.7901,20.947,0.052,0.001,0,0
8012,8072,4.7901,20.948,0.052,-0.018,0.008727,7.8693
8013,8073,4.8001,20.949,0.052,-0.003,0.0143753,12.9624
8014,8074,4.8001,20.948,0.052,-0.02,0.0233765,21.0789
8015,8075,4.8001,20.948,0.053,-0.007,0.0294788,26.5814
8016,8076,4.8001,20.948,0.053,0.003,0.0287904,25.9607
8017,8077,4.8001,20.948,0.052,0.003,0.0202407,18.2513
8018,8078,4.8001,20.947,0.052,-0.001,0.0063477,5.7238
8019,8079,4.8001,20.946,0.051,0.005,0.0115942,10.4547
8020,8080,4.8001,20.947,0.052,0.025,0.0073611,6.6376
8021,8081,4.8001,20.948,0.052,0.017,0.0234446,21.1403
8022,8082,4.81,20.947,0.051,0.015,0.0485858,43.8105
8023,8083,4.81,20.948,0.052,0.002,0.0347248,31.3118
8024,8084,4.81,20.949,0.052,-0.009,0.0306642,27.6503
8025,8085,4.81,20.95,0.052,-0.008,0.0237586,21.4235
8026,8086,4.81,20.948,0.052,-0.009,0.0049729,4.4842
8027,8087,4.82,20.947,0.052,-0.008,0.0036309,3.274
8028,8088,4.82,20.947,0.052,0.004,0.0009061,0.817
8029,8089,4.82,20.946,0.052,0.008,0,0
8030,8090,4.81,20.948,0.052,0.003,0,0
8031,8091,4.81,20.948,0.051,0.007,0.010544,9.5077
8032,8092,4.81,20.948,0.052,-0.012,0.0061569,5.5518
8033,8093,4.82,20.949,0.051,-0.027,0.0129033,11.6351
8034,8094,4.82,20.947,0.052,-0.013,0.0277154,24.9913
8035,8095,4.82,20.947,0.052,-0.014,0.0116814,10.5333
8036,8096,4.82,20.948,0.051,-0.013,0.0030382,2.7396
8037,8097,4.82,20.949,0.052,-0.004,0.0135317,12.2017
8038,8098,4.82,20.951,0.052,0.001,0,0
8039,8099,4.82,20.95,0.052,0.013,0.0139816,12.6074
8040,8100,4.82,20.948,0.052,0.014,0.0073929,6.6663
8041,8101,4.82,20.949,0.051,0.016,0.019161,17.2777
8042,8102,4.82,20.948,0.052,0.005,0.0136191,12.2805
8043,8103,4.82,20.948,0.052,0.008,0.0212447,19.1567
8044,8104,4.82,20.948,0.052,0.002,0.0288281,25.9947
8045,8105,4.82,20.948,0.052,-0.007,0.0406938,36.6942
8046,8106,4.82,20.947,0.052,-0.002,0.0240257,21.6643
8047,8107,4.82,20.949,0.052,0.011,0.0224293,20.2248
8048,8108,4.82,20.948,0.052,0.006,0.0160046,14.4315
8049,8109,4.82,20.947,0.052,0.019,0.0103108,9.2974
8050,8110,4.82,20.947,0.052,-0.004,0.009219,8.3129
8051,8111,4.83,20.949,0.052,0.007,0,0
8052,8112,4.83,20.948,0.051,-0.004,0.0071946,6.4875
8053,8113,4.83,20.948,0.052,0.007,0.0273847,24.6931
8054,8114,4.82,20.947,0.052,-0.001,0.0251185,22.6497
8055,8115,4.82,20.947,0.052,-0.013,0.0156557,14.1169
8056,8116,4.82,20.948,0.052,-0.015,0.0420558,37.9223
8057,8117,4.82,20.946,0.052,-0.004,0.0271702,24.4997
8058,8118,4.82,20.947,0.052,-0.002,0.0102971,9.285
8059,8119,4.82,20.947,0.052,-0.001,0.0193999,17.4932
8060,8120,4.82,20.948,0.052,0.009,0.0054612,4.9245
8061,8121,4.82,20.947,0.052,0.01,0.0094427,8.5146
8062,8122,4.82,20.947,0.052,0.02,9.99e-05,0.0901
8063,8123,4.82,20.948,0.053,0.012,0.0104722,9.443
8064,8124,4.82,20.947,0.052,-0.008,0.0303533,27.37
8065,8125,4.82,20.947,0.052,-0.019,0.0327828,29.5607
8066,8126,4.83,20.95,0.051,-0.01,0.0272762,24.5953
8067,8127,4.83,20.95,0.052,-0.024,0.0204627,18.4515
8068,8128,4.83,20.948,0.052,-0.016,0.0011651,1.0506
8069,8129,4.83,20.949,0.053,0.004,0,0
8070,8130,4.83,20.948,0.052,-0.005,0,0
8071,8131,4.83,20.948,0.052,0.004,0.0019676,1.7742
8072,8132,4.83,20.949,0.052,0.005,0,0
8073,8133,4.84,20.948,0.053,0.009,0.0183764,16.5702
8074,8134,4.84,20.949,0.051,0.003,0.0191862,17.3004
8075,8135,4.84,20.948,0.051,-0.013,0.0202885,18.2944
8076,8136,4.84,20.948,0.052,-0.015,0.0129544,11.6811
8077,8137,4.84,20.948,0.051,-0.012,0.0107356,9.6805
8078,8138,4.84,20.948,0.051,-0.004,0.014196,12.8007
8079,8139,4.84,20.948,0.051,0.009,0.0191098,17.2316
8080,8140,4.84,20.949,0.052,0.017,0.0006064,0.5468
8081,8141,4.84,20.949,0.052,0.024,0,0
8082,8142,4.84,20.949,0.052,0.012,0.0179611,16.1958
8083,8143,4.84,20.948,0.052,0.014,0.0211444,19.0662
8084,8144,4.84,20.948,0.052,-0.003,0.0204369,18.4282
8085,8145,4.84,20.948,0.051,-0.004,0.0189559,17.0928
8086,8146,4.84,20.948,0.052,-0.004,0.0116798,10.5318
8087,8147,4.84,20.948,0.052,-0.003,0.0090593,8.1689
8088,8148,4.84,20.949,0.052,-0.001,0.0105275,9.4928
8089,8149,4.84,20.949,0.051,-0.004,0.0044981,4.056
8090,8150,4.84,20.949,0.052,0.002,0,0
8091,8151,4.84,20.947,0.052,0.018,0,0
8092,8152,4.84,20.947,0.051,0.02,0,0
8093,8153,4.84,20.948,0.052,0.003,0.0057705,5.2033
8094,8154,4.84,20.947,0.052,-0.006,0.0099436,8.9663
8095,8155,4.85,20.948,0.052,-0.005,0.0276091,24.8955
8096,8156,4.85,20.948,0.052,-0.004,0.0363859,32.8097
8097,8157,4.85,20.948,0.053,0.003,0.0165927,14.9619
8098,8158,4.86,20.948,0.052,0.009,0.0246102,22.1913
8099,8159,4.86,20.947,0.052,0.004,0.0213071,19.2129
8100,8160,4.86,20.948,0.052,0.005,0,0
8101,8161,4.85,20.949,0.051,0.018,0.0049404,4.4549
8102,8162,4.85,20.949,0.052,0.011,0,0
8103,8163,4.86,20.949,0.052,0.012,9.83e-05,0.0886
8104,8164,4.86,20.949,0.051,-0.001,0.0095588,8.6193
8105,8165,4.86,20.95,0.051,-0.004,0.0290585,26.2024
8106,8166,4.86,20.95,0.051,-0.006,0.0336604,30.3521
8107,8167,4.86,20.947,0.052,-0.019,0.0227897,20.5498
8108,8168,4.86,20.948,0.052,-0.006,0.0065816,5.9347
8109,8169,4.86,20.949,0.051,-0.009,0.0030638,2.7627
8110,8170,4.86,20.948,0.051,-0.005,0,0
8111,8171,4.86,20.948,0.052,0.021,0,0
8112,8172,4.86,20.947,0.052,0.014,0,0
8113,8173,4.86,20.947,0.052,0.017,0.0141583,12.7667
8114,8174,4.86,20.949,0.053,0.009,0.0235095,21.1989
8115,8175,4.86,20.949,0.052,0.004,0.041272,37.2155
8116,8176,4.86,20.948,0.052,-0.004,0.0237145,21.3837
8117,8177,4.86,20.946,0.052,-0.013,0.03752,33.8323
8118,8178,4.87,20.947,0.053,-0.003,0.0117096,10.5587
8119,8179,4.87,20.947,0.052,0.002,0.0103204,9.306
8120,8180,4.87,20.949,0.051,0.011,0,0
8121,8181,4.87,20.948,0.051,0.016,0.0207181,18.6818
8122,8182,4.87,20.949,0.052,0.026,0.0040888,3.6869
8123,8183,4.87,20.949,0.052,0.015,0.0294621,26.5664
8124,8184,4.87,20.949,0.052,0.001,0.0322747,29.1025
8125,8185,4.86,20.948,0.051,-0.013,0.0385311,34.744
8126,8186,4.87,20.949,0.052,-0.023,0.0345352,31.1408
8127,8187,4.87,20.948,0.052,-0.008,0.0192862,17.3906
8128,8188,4.87,20.948,0.052,-0.021,0.016858,15.2011
8129,8189,4.87,20.948,0.052,0.003,0.0103641,9.3454
8130,8190,4.87,20.948,0.052,-0.005,0,0
8131,8191,4.87,20.95,0.052,0.012,0,0
8132,8192,4.87,20.949,0.051,-0.001,0,0
8133,8193,4.87,20.947,0.052,0.011,0.0195332,17.6133
8134,8194,4.87,20.948,0.051,-0.009,0.0188554,17.0022
8135,8195,4.87,20.947,0.052,-0.006,0.0245811,22.1651
8136,8196,4.87,20.946,0.052,-0.017,0.024901,22.4535
8137,8197,4.87,20.947,0.052,-0.018,0.028381,25.5915
8138,8198,4.87,20.948,0.052,-0.004,0.0308351,27.8044
8139,8199,4.87,20.948,0.051,0.003,0.0196978,17.7617
8140,8200,4.87,20.947,0.052,0.005,0.0093111,8.3959
8141,8201,4.87,20.948,0.052,0.023,0.0073221,6.6024
8142,8202,4.87,20.947,0.052,0.017,0.0135934,12.2573
8143,8203,4.87,20.949,0.053,0.01,0.0289141,26.0722
8144,8204,4.87,20.949,0.052,-0.01,0.0159942,14.4222
8145,8205,4.87,20.949,0.052,0.001,0.0162786,14.6787
8146,8206,4.87,20.947,0.052,-0.009,0.0399226,35.9988
8147,8207,4.87,20.948,0.053,-0.01,0.0226372,20.4123
8148,8208,4.87,20.948,0.053,-0.013,0.0196556,17.7237
8149,8209,4.87,20.948,0.052,-0.011,0.0116867,10.538
8150,8210,4.87,20.947,0.053,0,0.0016903,1.5242
8151,8211,4.87,20.947,0.052,0.004,0,0
8152,8212,4.87,20.948,0.052,0.007,0.0019604,1.7677
8153,8213,4.87,20.948,0.052,0.001,0,0
8154,8214,4.87,20.948,0.051,-0.008,0.0120531,10.8685
8155,8215,4.87,20.947,0.051,0,0.0123881,11.1705
8156,8216,4.87,20.948,0.051,-0.005,0.0228982,20.6476
8157,8217,4.87,20.949,0.052,-0.022,0.0310229,27.9738
8158,8218,4.87,20.948,0.052,-0.012,0.0271027,24.4388
8159,8219,4.87,20.949,0.052,-0.009,0.0257457,23.2152
8160,8220,4.87,20.949,0.052,0.003,0.0072077,6.4992
8161,8221,4.88,20.948,0.053,0.017,0.0061513,5.5467
8162,8222,4.88,20.947,0.052,0.013,0,0
8163,8223,4.88,20.948,0.052,0.012,0.0052839,4.7646
8164,8224,4.88,20.948,0.052,0.013,0.0171106,15.4289
8165,8225,4.88,20.949,0.052,0.012,0.0296997,26.7806
8166,8226,4.88,20.946,0.052,0.007,0.030384,27.3976
8167,8227,4.88,20.947,0.052,-0.012,0.0258311,23.2923
8168,8228,4.88,20.949,0.051,-0.015,0.0171486,15.4631
8169,8229,4.88,20.948,0.052,-0.01,0,0
8170,8230,4.88,20.948,0.052,-0.01,0,0
8171,8231,4.88,20.948,0.051,0.007,0.0062618,5.6464
8172,8232,4.88,20.948,0.052,0.009,0,0
8173,8233,4.88,20.948,0.051,0.011,0,0
8174,8234,4.88,20.949,0.052,0.01,0.0087097,7.8536
8175,8235,4.88,20.948,0.052,0.003,0.0127576,11.5037
8176,8236,4.88,20.947,0.052,-0.009,0.0351329,31.6798
8177,8237,4.88,20.947,0.052,-0.014,0.0333512,30.0733
8178,8238,4.88,20.948,0.052,-0.01,0.0268072,24.1724
8179,8239,4.88,20.948,0.053,-0.002,0.0298379,26.9053
8180,8240,4.88,20.948,0.052,0.018,0.0160093,14.4358
8181,8241,4.89,20.948,0.051,0.012,0.0172107,15.5192
8182,8242,4.89,20.949,0.051,0.009,0.0044494,4.0121
8183,8243,4.89,20.948,0.051,0.013,0.0187241,16.8838
8184,8244,4.89,20.949,0.052,0.01,0.0205886,18.565
8185,8245,4.89,20.95,0.053,0.001,0.0207965,18.7524
8186,8246,4.89,20.949,0.052,0.001,0.0218975,19.7453
8187,8247,4.89,20.948,0.052,-0.019,0.0331852,29.9236
8188,8248,4.89,20.948,0.052,-0.022,0.0325505,29.3512
8189,8249,4.89,20.949,0.052,-0.011,0.0347604,31.3439
8190,8250,4.89,20.948,0.052,-0.014,0.0292183,26.3465
8191,8251,4.89,20.948,0.052,-0.001,0.0243469,21.954
8192,8252,4.89,20.948,0.053,-0.007,0.0157025,14.1592
8193,8253,4.89,20.949,0.052,0.004,0.0100318,9.0458
8194,8254,4.89,20.949,0.053,0.001,0.0290201,26.1678
8195,8255,4.89,20.947,0.053,0.008,0.044923,40.5077
8196,8256,4.89,20.945,0.054,0.003,0.0482818,43.5364
8197,8257,4.89,20.946,0.055,0.006,0.0173062,15.6052
8198,8258,4.89,20.945,0.055,-0.001,0.027849,25.1118
8199,8259,4.89,20.944,0.055,0.004,0.0237264,21.3944
8200,8260,4.89,20.943,0.055,-0.003,0.0286674,25.8497
8201,8261,4.9001,20.944,0.054,-0.002,0.0314143,28.3267
8202,8262,4.9001,20.945,0.054,0.008,0.0090505,8.1609
8203,8263,4.9001,20.944,0.055,0.016,0.0264528,23.8528
8204,8264,4.9001,20.944,0.055,0.011,0.0101139,9.1198
8205,8265,4.9001,20.946,0.054,-0.002,0.0187783,16.9326
8206,8266,4.9001,20.945,0.054,-0.011,0.0157859,14.2343
8207,8267,4.9001,20.944,0.054,-0.024,0.0257252,23.1967
8208,8268,4.9001,20.946,0.054,-0.004,0.0241014,21.7325
8209,8269,4.9001,20.948,0.054,-0.009,0.0123594,11.1446
8210,8270,4.9001,20.947,0.053,-0.006,0.0095385,8.6009
8211,8271,4.9001,20.947,0.053,-0.005,0.0033104,2.985
8212,8272,4.9099,20.946,0.054,0.003,0.0105692,9.5304
8213,8273,4.9099,20.944,0.054,0.013,0.0105074,9.4746
8214,8274,4.9099,20.946,0.053,0.006,0.006593,5.945
8215,8275,4.9099,20.944,0.053,0.013,0.0087692,7.9073
8216,8276,4.9099,20.946,0.053,0,0.0130966,11.8094
8217,8277,4.9099,20.947,0.053,0.003,0.0303185,27.3386
8218,8278,4.9099,20.947,0.053,-0.011,0.0418473,37.7342
8219,8279,4.9099,20.948,0.053,-0.005,0.0412908,37.2324
8220,8280,4.9099,20.947,0.052,0.006,0.0053932,4.8631
8221,8281,4.9099,20.947,0.052,0.005,0.0085032,7.6674
8222,8282,4.9099,20.948,0.053,0.006,0,0
8223,8283,4.9099,20.949,0.053,0.003,0.0038479,3.4697
8224,8284,4.9099,20.948,0.052,0.003,0.0167609,15.1135
8225,8285,4.9099,20.948,0.053,0.003,0.0160312,14.4556
8226,8286,4.9099,20.949,0.052,0,0.0330367,29.7896
8227,8287,4.9099,20.949,0.053,-0.003,0.0268466,24.2079
8228,8288,4.9099,20.949,0.053,-0.015,0.0358815,32.3549
8229,8289,4.9099,20.948,0.053,-0.021,0.0245642,22.1498
8230,8290,4.9099,20.947,0.053,-0.016,0.0241713,21.7956
8231,8291,4.9099,20.946,0.052,0.003,0.0376125,33.9157
8232,8292,4.92,20.949,0.053,0.006,0.0052337,4.7193
8233,8293,4.92,20.948,0.053,0.015,0.0145318,13.1036
8234,8294,4.92,20.948,0.052,0.014,0.008951,8.0712
8235,8295,4.92,20.947,0.052,0.003,0.0287369,25.9124
8236,8296,4.92,20.947,0.052,-0.001,0.0397096,35.8067
8237,8297,4.92,20.948,0.052,-0.012,0.0323967,29.2125
8238,8298,4.92,20.947,0.053,-0.011,0.0404057,36.4344
8239,8299,4.92,20.948,0.052,-0.016,0.0588172,53.0362
8240,8300,4.92,20.947,0.052,-0.009,0.0488622,44.0597
8241,8301,4.92,20.948,0.052,-0.004,0.035295,31.826
8242,8302,4.92,20.947,0.053,-0.011,0.0360988,32.5508
8243,8303,4.92,20.946,0.053,0.008,0.0416773,37.5809
8244,8304,4.92,20.948,0.053,0.004,0.054345,49.0036
8245,8305,4.92,20.947,0.053,0.014,0.0494693,44.6071
8246,8306,4.92,20.946,0.053,-0.009,0.0682554,61.5468
8247,8307,4.92,20.947,0.054,-0.019,0.0586037,52.8437
8248,8308,4.92,20.947,0.056,-0.009,0.0535083,48.2491
8249,8309,4.93,20.946,0.057,-0.004,0.0641822,57.8739
8250,8310,4.93,20.943,0.057,-0.013,0.0583862,52.6476
8251,8311,4.93,20.941,0.057,-0.003,0.0529635,47.7579
8252,8312,4.93,20.941,0.057,0.009,0.0452107,40.7671
8253,8313,4.93,20.941,0.057,0.004,0.0283566,25.5695
8254,8314,4.93,20.942,0.058,-0.002,0.0143114,12.9048
8255,8315,4.93,20.942,0.058,-0.01,0.0156585,14.1194
8256,8316,4.93,20.941,0.057,-0.01,0.0360197,32.4795
8257,8317,4.94,20.942,0.057,-0.017,0.033767,30.4482
8258,8318,4.94,20.94,0.057,-0.018,0.0416227,37.5317
8259,8319,4.94,20.942,0.057,-0.013,0.0476239,42.9431
8260,8320,4.94,20.942,0.056,-0.019,0.0403385,36.3738
8261,8321,4.94,20.941,0.056,-0.011,0.0252102,22.7324
8262,8322,4.94,20.941,0.056,-0.001,0.0187339,16.8926
8263,8323,4.94,20.94,0.055,-0.003,0.0112699,10.1622
8264,8324,4.94,20.942,0.054,-0.002,0.0175276,15.8049
8265,8325,4.94,20.945,0.054,0.008,0.026927,24.2804
8266,8326,4.95,20.946,0.054,0.007,0.0332648,29.9953
8267,8327,4.95,20.946,0.054,-0.007,0.0452111,40.7674
8268,8328,4.95,20.945,0.054,-0.015,0.0462788,41.7302
8269,8329,4.95,20.947,0.054,-0.013,0.0576832,52.0137
8270,8330,4.95,20.945,0.054,-0.014,0.0511646,46.1358
8271,8331,4.95,20.944,0.053,-0.006,0.0434893,39.2148
8272,8332,4.95,20.944,0.053,-0.001,0.0325062,29.3113
8273,8333,4.95,20.946,0.052,0.005,0.0143868,12.9728
8274,8334,4.95,20.946,0.052,0.013,0,0
8275,8335,4.95,20.946,0.053,0.007,0.0043934,3.9616
8276,8336,4.95,20.946,0.053,0.002,0.0077273,6.9678
8277,8337,4.95,20.945,0.053,0.006,0.0255373,23.0273
8278,8338,4.95,20.943,0.053,-0.005,0.021538,19.4211
8279,8339,4.95,20.943,0.052,-0.007,0.0300901,27.1326
8280,8340,4.95,20.943,0.052,-0.02,0.0283287,25.5443
8281,8341,4.95,20.944,0.053,-0.015,0.0103201,9.3058
8282,8342,4.95,20.944,0.053,-0.008,0.0125197,11.2892
8283,8343,4.95,20.944,0.053,0.001,0.0132701,11.9658
8284,8344,4.95,20.944,0.052,0.004,0,0
8285,8345,4.96,20.947,0.051,0.014,0.0104591,9.4311
8286,8346,4.96,20.948,0.052,0.006,0,0
8287,8347,4.96,20.949,0.052,0.002,0.0168042,15.1526
8288,8348,4.96,20.949,0.053,-0.005,0.0309666,27.923
8289,8349,4.96,20.947,0.053,-0.007,0.0380372,34.2987
8290,8350,4.96,20.948,0.052,-0.015,0.0373281,33.6592
8291,8351,4.96,20.948,0.051,-0.003,0.0354185,31.9373
8292,8352,4.96,20.946,0.052,0.01,0.0146327,13.1945
8293,8353,4.96,20.947,0.052,0.007,0.0250252,22.5655
8294,8354,4.96,20.947,0.051,0.006,0.0118847,10.7166
8295,8355,4.96,20.947,0.052,0.022,0.0061471,5.5429
8296,8356,4.96,20.949,0.052,0.004,0.0073967,6.6697
8297,8357,4.96,20.948,0.052,0.022,0.0240869,21.7194
8298,8358,4.96,20.947,0.052,0.003,0.0117363,10.5828
8299,8359,4.96,20.947,0.052,-0.005,0.040454,36.4779
8300,8360,4.96,20.946,0.051,-0.012,0.0250869,22.6212
8301,8361,4.96,20.946,0.051,-0.015,0.0232839,20.9954
8302,8362,4.96,20.947,0.051,-0.018,0.0071116,6.4127
8303,8363,4.96,20.948,0.052,0.006,0.0203137,18.3171
8304,8364,4.96,20.947,0.052,0,0.0030541,2.754
8305,8365,4.96,20.946,0.052,0.012,0.011533,10.3995
8306,8366,4.96,20.946,0.053,0.008,0.0094732,8.5421
8307,8367,4.96,20.948,0.053,0.006,0.0172152,15.5232
8308,8368,4.97,20.948,0.053,0,0.0171502,15.4646
8309,8369,4.97,20.946,0.053,0.002,0.0247764,22.3412
8310,8370,4.97,20.948,0.053,-0.015,0.0289967,26.1467
8311,8371,4.97,20.946,0.052,-0.01,0.0319803,28.8371
8312,8372,4.97,20.948,0.052,-0.003,0.0087644,7.903
8313,8373,4.97,20.947,0.052,0.007,0.0209768,18.915
8314,8374,4.97,20.948,0.051,0,0.0041379,3.7312
8315,8375,4.97,20.947,0.051,0.012,0.0032631,2.9424
8316,8376,4.97,20.948,0.051,0.004,0,0
8317,8377,4.97,20.948,0.052,0.006,0.0204691,18.4572
8318,8378,4.97,20.948,0.052,-0.002,0.016075,14.4951
8319,8379,4.97,20.948,0.052,-0.002,0.0310247,27.9754
8320,8380,4.97,20.948,0.052,-0.009,0.0276506,24.9329
8321,8381,4.97,20.948,0.052,-0.013,0.0273515,24.6632
8322,8382,4.97,20.948,0.052,-0.012,0.0121949,10.9963
8323,8383,4.97,20.947,0.052,0.001,0.0127504,11.4972
8324,8384,4.97,20.949,0.051,-0.006,0,0
8325,8385,4.97,20.948,0.051,0.011,0.0222894,20.0987
8326,8386,4.97,20.948,0.051,0.007,0.0082046,7.3982
8327,8387,4.97,20.949,0.052,0.017,0.029042,26.1876
8328,8388,4.97,20.949,0.052,-0.01,0.0082563,7.4448
8329,8389,4.97,20.949,0.053,-0.001,0.0152785,13.7768
8330,8390,4.97,20.948,0.053,-0.021,0.0150786,13.5965
8331,8391,4.97,20.949,0.052,-0.008,0.0372703,33.6072
8332,8392,4.97,20.947,0.053,-0.012,0.0125546,11.3206
8333,8393,4.97,20.948,0.052,0.006,0.0220148,19.851
8334,8394,4.97,20.947,0.052,0.002,0.0041379,3.7312
8335,8395,4.97,20.948,0.052,0.016,0,0
8336,8396,4.97,20.948,0.052,-0.002,0,0
8337,8397,4.97,20.947,0.052,0.011,0.0181489,16.3651
8338,8398,4.97,20.947,0.051,-0.008,0.0095076,8.5731
8339,8399,4.97,20.947,0.052,0.007,0.0307496,27.7273
8340,8400,4.98,20.948,0.052,-0.005,0.0316088,28.5021
8341,8401,4.98,20.949,0.052,0,0.0279899,25.2389
8342,8402,4.98,20.948,0.052,-0.017,0.018846,16.9937
8343,8403,4.98,20.947,0.052,0.002,0.0302161,27.2463
8344,8404,4.98,20.948,0.052,-0.011,0.0038493,3.471
8345,8405,4.98,20.949,0.052,0.01,0.0028297,2.5516
8346,8406,4.98,20.948,0.052,0.023,0.0030599,2.7592
8347,8407,4.98,20.948,0.052,0.02,0.0354634,31.9778
8348,8408,4.98,20.947,0.052,0.002,0.0301029,27.1442
8349,8409,4.98,20.947,0.052,0.005,0.0381281,34.3806
8350,8410,4.98,20.948,0.053,-0.015,0.0320605,28.9094
8351,8411,4.98,20.948,0.052,-0.012,0.038026,34.2886
8352,8412,4.99,20.947,0.052,-0.012,0.0292541,26.3788
8353,8413,4.99,20.948,0.052,0.001,0.0186713,16.8361
8354,8414,4.99,20.947,0.052,-0.005,0.0145362,13.1075
8355,8415,4.99,20.946,0.052,0.015,0.0209605,18.9004
8356,8416,4.99,20.947,0.052,0.016,0.0165935,14.9626
8357,8417,4.99,20.947,0.052,0.011,0.0244565,22.0528
8358,8418,4.99,20.948,0.052,-0.015,0.0246336,22.2124
8359,8419,4.99,20.947,0.052,-0.009,0.0325619,29.3615
8360,8420,4.99,20.947,0.052,-0.017,0.0396369,35.7411
8361,8421,4.99,20.947,0.052,-0.016,0.0348633,31.4367
8362,8422,4.99,20.948,0.052,-0.012,0.0168558,15.1991
8363,8423,4.99,20.946,0.052,-0.004,0.0091517,8.2522
8364,8424,4.99,20.946,0.052,0.006,0.0051839,4.6744
8365,8425,4.99,20.946,0.051,0.005,0.0128465,11.5839
8366,8426,4.99,20.947,0.052,0,0.0049842,4.4943
8367,8427,5,20.947,0.052,0.008,0.0019717,1.7779
8368,8428,5,20.946,0.052,0.001,0.0117038,10.5535
8369,8429,5,20.946,0.052,-0.004,0.0278973,25.1554
8370,8430,5,20.947,0.052,-0.012,0.0371596,33.5073
8371,8431,5,20.947,0.052,-0.018,0.0296441,26.7305
8372,8432,5,20.947,0.052,-0.024,0.0254396,22.9392
8373,8433,5,20.949,0.052,-0.002,0.0008902,0.8027
8374,8434,4.99,20.948,0.053,0.01,0.0103758,9.356
8375,8435,4.99,20.947,0.052,0.008,0.0114582,10.332
8376,8436,4.99,20.948,0.052,0.002,0.0148772,13.415
8377,8437,5,20.948,0.052,0.014,0.0102909,9.2795
8378,8438,5,20.947,0.052,0.012,0.003089,2.7854
8379,8439,5,20.948,0.052,0.003,0.0318237,28.6958
8380,8440,5,20.948,0.052,-0.012,0.037156,33.504
8381,8441,5,20.948,0.052,-0.016,0.0251634,22.6902
8382,8442,5,20.947,0.052,-0.009,0.0294542,26.5592
8383,8443,5,20.947,0.052,-0.005,0.0187023,16.8641
8384,8444,5,20.947,0.052,0.013,0.0131644,11.8706
8385,8445,5,20.948,0.053,0.009,0.0188629,17.0089
8386,8446,5,20.947,0.053,0.007,0.0192732,17.3789
8387,8447,5,20.947,0.053,-0.001,0.0221569,19.9791
8388,8448,5.0099,20.948,0.053,0.008,0.0256413,23.1211
8389,8449,5.0099,20.947,0.052,0.01,0.0406335,36.6398
8390,8450,5.0099,20.948,0.052,-0.006,0.0309442,27.9028
8391,8451,5.0099,20.946,0.053,-0.016,0.0410261,36.9937
8392,8452,5.0099,20.947,0.052,-0.001,0.0366577,33.0548
8393,8453,5.0099,20.946,0.053,-0.004,0.013641,12.3002
8394,8454,5.0099,20.946,0.052,0.005,0.0154361,13.9189
8395,8455,5.0099,20.946,0.052,0.006,0.0048493,4.3727
8396,8456,5.0099,20.947,0.053,0.001,0.006208,5.5979
8397,8457,5.0099,20.947,0.052,0,0.0038836,3.5019
8398,8458,5.0099,20.947,0.052,-0.002,0,0
8399,8459,5.0099,20.947,0.052,-0.006,0.016449,14.8322
8400,8460,5.0099,20.947,0.051,-0.015,0.021218,19.1326
8401,8461,5.0099,20.946,0.051,-0.009,0.020871,18.8197
8402,8462,5.0099,20.947,0.052,-0.023,0.0224402,20.2347
8403,8463,5.0099,20.948,0.052,-0.02,0.0246174,22.1978
8404,8464,5.0199,20.948,0.051,0.006,0.0320842,28.9308
8405,8465,5.0199,20.947,0.052,0.01,0.0166471,15.0109
8406,8466,5.0199,20.946,0.052,0.014,0.0215314,19.4151
8407,8467,5.0199,20.947,0.052,0.008,0.0155916,14.0592
8408,8468,5.0199,20.948,0.053,0.015,0.0044214,3.9868
8409,8469,5.0199,20.947,0.053,0.018,0.0084982,7.663
8410,8470,5.0199,20.948,0.053,0.007,0.0224594,20.252
8411,8471,5.0199,20.946,0.053,-0.007,0.03205,28.8999
8412,8472,5.0199,20.948,0.052,-0.011,0.0360888,32.5417
8413,8473,5.0199,20.949,0.052,-0.007,0.0212434,19.1555
8414,8474,5.0199,20.948,0.052,-0.009,0.0295885,26.6803
8415,8475,5.0199,20.948,0.053,-0.011,0.0019308,1.741
8416,8476,5.0199,20.947,0.052,0.002,0.0181022,16.323
8417,8477,5.0199,20.947,0.052,0.003,0,0
8418,8478,5.0199,20.946,0.052,0.004,0.0041201,3.7151
8419,8479,5.0199,20.947,0.052,0.005,0,0
8420,8480,5.0199,20.949,0.052,0.006,0.020291,18.2967
8421,8481,5.0199,20.948,0.052,-0.007,0.0179666,16.2008
8422,8482,5.0199,20.948,0.052,-0.011,0.027312,24.6276
8423,8483,5.0299,20.947,0.053,-0.015,0.0276465,24.9292
8424,8484,5.0299,20.947,0.052,-0.007,0.02234,20.1443
8425,8485,5.0299,20.948,0.052,-0.009,0.0123644,11.1491
8426,8486,5.0299,20.947,0.052,0.012,0.0041746,3.7643
8427,8487,5.0299,20.948,0.052,0.002,0.0195628,17.64
8428,8488,5.0299,20.947,0.052,0.01,0.0358231,32.3021
8429,8489,5.0299,20.949,0.053,0.01,0.0208744,18.8227
8430,8490,5.0299,20.948,0.053,0.018,0.0504937,45.5309
8431,8491,5.0299,20.947,0.052,-0.006,0.0328899,29.6573
8432,8492,5.0299,20.948,0.052,0.002,0.0281203,25.3564
8433,8493,5.0299,20.947,0.052,-0.007,0.0166615,15.0239
8434,8494,5.0299,20.947,0.052,-0.002,0.0277745,25.0447
8435,8495,5.0299,20.946,0.053,-0.007,0.0152536,13.7544
8436,8496,5.0299,20.948,0.052,0.006,0.0160374,14.4611
8437,8497,5.0299,20.947,0.052,0.01,0.0044303,3.9948
8438,8498,5.0299,20.948,0.052,0.005,0.020029,18.0604
8439,8499,5.0299,20.946,0.053,-0.006,0.023853,21.5086
8440,8500,5.0299,20.945,0.052,-0.007,0.0396015,35.7092
8441,8501,5.0299,20.948,0.052,-0.023,0.0390797,35.2387
8442,8502,5.0399,20.946,0.052,-0.007,0.0404522,36.4763
8443,8503,5.0399,20.946,0.052,-0.017,0.031606,28.4996
8444,8504,5.0399,20.949,0.053,0.003,0.0424383,38.2671
8445,8505,5.0399,20.947,0.054,-0.008,0.0141901,12.7954
8446,8506,5.0399,20.947,0.054,0.012,0.0267847,24.1521
8447,8507,5.0399,20.945,0.054,0.011,0.0107506,9.6939
8448,8508,5.0399,20.945,0.055,0.022,0.0227151,20.4826
8449,8509,5.0399,20.945,0.055,0.006,0.0338799,30.5499
8450,8510,5.0399,20.945,0.055,0.003,0.0416214,37.5305
8451,8511,5.05,20.945,0.055,-0.012,0.0325939,29.3904
8452,8512,5.05,20.945,0.056,-0.007,0.0520088,46.897
8453,8513,5.05,20.944,0.055,-0.014,0.0220658,19.897
8454,8514,5.05,20.945,0.055,-0.004,0.0352715,31.8048
8455,8515,5.05,20.945,0.055,-0.01,0.0175118,15.7906
8456,8516,5.05,20.944,0.054,0.007,0.0263475,23.7579
8457,8517,5.0399,20.946,0.054,-0.004,0,0
8458,8518,5.0399,20.946,0.053,0.016,0.0139421,12.5718
8459,8519,5.05,20.945,0.054,0.001,0.0084268,7.5985
8460,8520,5.05,20.946,0.054,-0.005,0.0161057,14.5227
8461,8521,5.05,20.945,0.054,-0.017,0.0179022,16.1427
8462,8522,5.05,20.946,0.053,-0.004,0.016189,14.5978
8463,8523,5.05,20.945,0.053,-0.026,0.0201074,18.1311
8464,8524,5.05,20.946,0.053,-0.003,0.0285128,25.7104
8465,8525,5.05,20.947,0.053,-0.011,0.0219053,19.7523
8466,8526,5.05,20.946,0.053,0.006,0.0191691,17.2851
8467,8527,5.05,20.946,0.053,-0.002,0.0071157,6.4163
8468,8528,5.05,20.946,0.053,0.015,0.0121749,10.9783
8469,8529,5.05,20.948,0.053,0,0.0317713,28.6486
8470,8530,5.05,20.948,0.053,0.005,0.0182793,16.4827
8471,8531,5.05,20.948,0.053,-0.002,0.0054849,4.9458
8472,8532,5.05,20.948,0.053,0.001,0.0330859,29.834
8473,8533,5.05,20.947,0.052,-0.007,0.0269203,24.2744
8474,8534,5.05,20.949,0.052,-0.005,0.0249844,22.5288
8475,8535,5.05,20.948,0.053,-0.008,0.0105327,9.4975
8476,8536,5.05,20.947,0.052,-0.003,0.0082141,7.4068
8477,8537,5.05,20.947,0.053,-0.004,0,0
8478,8538,5.05,20.948,0.053,0.011,0.0030482,2.7486
8479,8539,5.05,20.947,0.052,0.011,0,0
8480,8540,5.06,20.946,0.052,-0.006,0.0157666,14.217
8481,8541,5.06,20.946,0.053,-0.003,0.0146414,13.2024
8482,8542,5.06,20.948,0.053,0.003,0.0323013,29.1265
8483,8543,5.06,20.949,0.052,-0.013,0.0252167,22.7383
8484,8544,5.06,20.947,0.052,-0.002,0.0349957,31.5561
8485,8545,5.06,20.946,0.052,-0.009,0.0218087,19.6652
8486,8546,5.06,20.948,0.052,0.004,0.0137474,12.3962
8487,8547,5.06,20.948,0.053,0.011,0.0040988,3.696
8488,8548,5.06,20.947,0.053,0.026,0.0149316,13.464
8489,8549,5.06,20.947,0.053,0.01,0.0256901,23.1651
8490,8550,5.06,20.948,0.053,0.015,0.0322538,29.0837
8491,8551,5.06,20.948,0.052,-0.002,0.0240023,21.6432
8492,8552,5.06,20.948,0.052,0.005,0.039598,35.706
8493,8553,5.06,20.947,0.052,-0.007,0.0210963,19.0228
8494,8554,5.06,20.946,0.053,-0.005,0.030664,27.6502
8495,8555,5.06,20.947,0.052,-0.019,0.0163655,14.757
8496,8556,5.06,20.948,0.052,-0.011,0.002249,2.0279
8497,8557,5.07,20.949,0.052,0.001,0.009486,8.5537
8498,8558,5.07,20.948,0.052,0.01,0.0206849,18.6519
8499,8559,5.07,20.948,0.052,0,0.00625,5.6357
8500,8560,5.07,20.948,0.052,-0.005,0.0264957,23.8915
8501,8561,5.07,20.947,0.052,-0.012,0.0326444,29.4359
8502,8562,5.07,20.947,0.053,-0.004,0.0255456,23.0348
8503,8563,5.07,20.947,0.052,-0.019,0.0311419,28.0811
8504,8564,5.07,20.947,0.053,-0.006,0.0522314,47.0978
8505,8565,5.07,20.948,0.051,-0.016,0.0210676,18.9969
8506,8566,5.07,20.948,0.052,0.009,0.016937,15.2724
8507,8567,5.07,20.946,0.052,0.007,0.0135906,12.2548
8508,8568,5.08,20.949,0.052,0.005,0.0070177,6.3279
8509,8569,5.08,20.948,0.052,-0.005,0.0055107,4.9691
8510,8570,5.08,20.948,0.053,0.008,0.0230968,20.8267
8511,8571,5.08,20.948,0.053,-0.002,0.0233386,21.0447
8512,8572,5.08,20.946,0.053,-0.013,0.0267265,24.0996
8513,8573,5.09,20.947,0.052,-0.011,0.0206351,18.6069
8514,8574,5.09,20.948,0.052,-0.015,0.0044843,4.0435
8515,8575,5.09,20.948,0.052,-0.025,0.0176982,15.9587
8516,8576,5.08,20.946,0.052,-0.001,0.0124249,11.2037
8517,8577,5.08,20.947,0.052,-0.002,0.0066375,5.9851
8518,8578,5.08,20.948,0.052,0.006,0.0170621,15.3851
8519,8579,5.08,20.947,0.052,0.012,0.0159394,14.3728
8520,8580,5.08,20.947,0.052,0.004,0.0219119,19.7582
8521,8581,5.08,20.949,0.052,-0.003,0.033298,30.0252
8522,8582,5.08,20.947,0.052,-0.003,0.0327041,29.4897
8523,8583,5.08,20.947,0.052,-0.011,0.0374316,33.7526
8524,8584,5.08,20.948,0.053,-0.01,0.03694,33.3093
8525,8585,5.08,20.949,0.053,0.004,0.015697,14.1542
8526,8586,5.09,20.949,0.053,0.006,0.0264424,23.8435
8527,8587,5.09,20.946,0.053,0.006,0.0245144,22.105
8528,8588,5.09,20.947,0.053,0.002,0.0030364,2.738
8529,8589,5.09,20.949,0.053,-0.003,0.0155911,14.0587
8530,8590,5.09,20.948,0.053,-0.002,0.0285455,25.7398
8531,8591,5.09,20.948,0.052,-0.003,0.022127,19.9522
8532,8592,5.09,20.947,0.052,-0.017,0.0176871,15.9487
8533,8593,5.09,20.948,0.052,-0.016,0.0304393,27.4475
8534,8594,5.09,20.948,0.052,-0.012,0.0172588,15.5625
8535,8595,5.09,20.946,0.052,-0.016,0.0158801,14.3193
8536,8596,5.09,20.947,0.053,0.004,0.0033176,2.9915
8537,8597,5.09,20.947,0.052,-0.007,0.0190492,17.1769
8538,8598,5.09,20.947,0.053,0,0.0079866,7.2016
8539,8599,5.09,20.946,0.053,0.01,0.0116402,10.4962
8540,8600,5.09,20.948,0.052,0.003,0.0124249,11.2037
8541,8601,5.09,20.947,0.052,-0.013,0.0316225,28.5144
8542,8602,5.09,20.948,0.052,-0.002,0.0383404,34.5721
8543,8603,5.09,20.947,0.052,0.002,0.0339492,30.6124
8544,8604,5.09,20.947,0.052,-0.005,0.0354003,31.9209
8545,8605,5.09,20.946,0.052,-0.002,0.0278148,25.081
8546,8606,5.1,20.948,0.053,0.004,0.021642,19.5149
8547,8607,5.1,20.947,0.053,0.005,0.010561,9.523
8548,8608,5.1,20.949,0.052,0,0.0180346,16.262
8549,8609,5.1,20.947,0.053,0.011,0.025934,23.385
8550,8610,5.1,20.947,0.053,0.002,0.0158174,14.2628
8551,8611,5.1,20.948,0.053,0.006,0.0358206,32.2999
8552,8612,5.1,20.947,0.053,-0.012,0.0323924,29.2086
8553,8613,5.1,20.947,0.053,-0.018,0.0255511,23.0397
8554,8614,5.1,20.947,0.052,-0.019,0.0363659,32.7916
8555,8615,5.1099,20.948,0.053,-0.014,0.0329354,29.6983
8556,8616,5.1099,20.947,0.053,-0.008,0.0070117,6.3226
8557,8617,5.1099,20.947,0.052,-0.007,0.0167206,15.0772
8558,8618,5.1099,20.948,0.052,0.004,0.0077419,6.9809
8559,8619,5.1099,20.948,0.051,0.002,0.0120632,10.8775
8560,8620,5.1099,20.947,0.052,0,0.0115355,10.4017
8561,8621,5.1099,20.946,0.052,0.004,0.0297132,26.7928
8562,8622,5.1099,20.947,0.052,-0.015,0.0319949,28.8502
8563,8623,5.1099,20.947,0.052,-0.012,0.0405537,36.5678
8564,8624,5.1099,20.947,0.053,-0.01,0.0276265,24.9112
8565,8625,5.1099,20.948,0.053,-0.016,0.0193036,17.4063
8566,8626,5.1099,20.947,0.053,-0.008,0.0201717,18.1891
8567,8627,5.1099,20.946,0.053,0.011,0.0171143,15.4322
8568,8628,5.1099,20.947,0.053,0.002,0.0063741,5.7476
8569,8629,5.1099,20.947,0.052,0.001,0.0083149,7.4977
8570,8630,5.1099,20.949,0.052,-0.002,0,0
8571,8631,5.1099,20.949,0.052,0.003,0.0244873,22.0805
8572,8632,5.1199,20.948,0.052,-0.014,0.0387068,34.9025
8573,8633,5.1199,20.948,0.052,-0.016,0.0445031,40.129
8574,8634,5.1299,20.948,0.052,-0.019,0.0426748,38.4804
8575,8635,5.1299,20.947,0.052,-0.016,0.0269689,24.3182
8576,8636,5.1299,20.949,0.052,-0.004,0.0073346,6.6137
8577,8637,5.1299,20.948,0.052,-0.005,0.0189393,17.0778
8578,8638,5.1299,20.948,0.052,-0.007,0.0006164,0.5558
8579,8639,5.1299,20.949,0.052,0.008,0.0011552,1.0417
8580,8640,5.1299,20.948,0.052,0.006,0.0051218,4.6184
8581,8641,5.1299,20.948,0.052,0.019,0.0293894,26.5008
8582,8642,5.1299,20.947,0.052,-0.009,0.0168919,15.2317
8583,8643,5.1299,20.948,0.052,-0.017,0.0354784,31.9914
8584,8644,5.1199,20.947,0.053,-0.024,0.0331884,29.9264
8585,8645,5.1199,20.947,0.053,-0.017,0.0365861,32.9901
8586,8646,5.1199,20.946,0.053,-0.012,0.0283334,25.5486
8587,8647,5.1199,20.948,0.052,0.006,0.0262177,23.6408
8588,8648,5.1199,20.948,0.052,0.001,0.0011753,1.0598
8589,8649,5.1199,20.947,0.052,0.018,0.0074419,6.7105
8590,8650,5.1199,20.947,0.052,0.008,0.002787,2.5131
8591,8651,5.1299,20.949,0.052,0.009,0.0273005,24.6172
8592,8652,5.1299,20.948,0.052,-0.009,0.0126652,11.4203
8593,8653,5.1299,20.947,0.053,-0.002,0.0267333,24.1058
8594,8654,5.1299,20.948,0.052,-0.015,0.0195483,17.627
8595,8655,5.1299,20.947,0.053,-0.008,0.0254973,22.9912
8596,8656,5.1299,20.946,0.052,-0.017,0.0155833,14.0516
8597,8657,5.1299,20.947,0.052,-0.012,0.0003837,0.346
8598,8658,5.1299,20.948,0.052,-0.015,0,0
8599,8659,5.1299,20.949,0.052,0.008,0,0
8600,8660,5.1299,20.949,0.052,0.007,0.0041855,3.7741
8601,8661,5.1299,20.948,0.052,0.016,0.0269512,24.3023
8602,8662,5.1299,20.947,0.053,-0.002,0.0105725,9.5333
8603,8663,5.1299,20.946,0.052,0.006,0.0267993,24.1653
8604,8664,5.1299,20.947,0.053,-0.006,0.0339364,30.6009
8605,8665,5.1299,20.947,0.053,-0.001,0.036565,32.9711
8606,8666,5.1299,20.947,0.053,-0.011,0.0246488,22.2262
8607,8667,5.1299,20.948,0.052,0.003,0.0331969,29.934
8608,8668,5.1299,20.947,0.052,0.004,0.0095403,8.6026
8609,8669,5.1299,20.95,0.052,0.02,0,0
8610,8670,5.1299,20.948,0.052,0.015,0.0074641,6.7305
8611,8671,5.1399,20.948,0.052,0.01,0.0169792,15.3104
8612,8672,5.1399,20.948,0.052,-0.011,0.0125693,11.3339
8613,8673,5.1399,20.948,0.052,0.004,0.0011696,1.0547
8614,8674,5.1399,20.948,0.052,-0.011,0.0203548,18.3542
8615,8675,5.1399,20.948,0.052,-0.013,0.0192786,17.3838
8616,8676,5.1399,20.947,0.052,-0.02,0.0074168,6.6879
8617,8677,5.1399,20.948,0.052,-0.009,0.0044451,4.0082
8618,8678,5.1399,20.948,0.052,-0.017,0,0
8619,8679,5.1399,20.948,0.052,0.005,0.0006271,0.5654
8620,8680,5.1399,20.948,0.052,0.011,0,0
8621,8681,5.1399,20.949,0.052,0.007,0.0154252,13.9091
8622,8682,5.1399,20.948,0.053,-0.002,0.0147535,13.3034
8623,8683,5.1399,20.948,0.052,0.006,0.0328918,29.659
8624,8684,5.1399,20.947,0.053,0.008,0.0289295,26.0861
8625,8685,5.1399,20.949,0.052,-0.006,0.030327,27.3462
8626,8686,5.1399,20.948,0.052,-0.004,0.0203978,18.393
8627,8687,5.1399,20.948,0.052,0.007,0.0258489,23.3083
8628,8688,5.1399,20.948,0.053,0.005,0.0135183,12.1897
8629,8689,5.1399,20.949,0.053,0.017,0.0059312,5.3482
8630,8690,5.1499,20.948,0.052,0.017,0,0
8631,8691,5.1499,20.947,0.053,0.024,0.0152482,13.7495
8632,8692,5.1499,20.946,0.052,0.003,9.92e-05,0.0895
8633,8693,5.1499,20.947,0.053,0,0.0178116,16.0609
8634,8694,5.1499,20.948,0.052,-0.013,0.0170179,15.3453
8635,8695,5.1499,20.947,0.051,-0.018,0.0297273,26.8055
8636,8696,5.1499,20.949,0.052,-0.018,0,0
8637,8697,5.1499,20.949,0.051,-0.01,0.0107373,9.682
8638,8698,5.1499,20.949,0.051,-0.009,0.0071932,6.4862
8639,8699,5.1499,20.948,0.052,0.002,0.0059711,5.3842
8640,8700,5.1599,20.948,0.052,0.013,0.0019844,1.7894
8641,8701,5.1599,20.947,0.052,0.016,0.0062554,5.6406
8642,8702,5.1599,20.949,0.052,-0.01,0.0082181,7.4104
8643,8703,5.1599,20.95,0.052,0.009,0.0108638,9.796
8644,8704,5.1599,20.949,0.052,-0.003,0.0272072,24.5331
8645,8705,5.1599,20.948,0.053,-0.002,0.0403107,36.3487
8646,8706,5.17,20.948,0.053,-0.01,0.0131612,11.8676
8647,8707,5.17,20.947,0.053,0.011,0.0116935,10.5442
8648,8708,5.17,20.949,0.052,0.003,0.0011592,1.0453
8649,8709,5.17,20.948,0.052,0.012,0.011641,10.4969
8650,8710,5.17,20.947,0.052,0.013,0.0052628,4.7455
8651,8711,5.17,20.947,0.052,0.012,0.0171269,15.4435
8652,8712,5.17,20.948,0.052,0.008,0.0177279,15.9854
8653,8713,5.17,20.948,0.052,0.011,0.0336254,30.3205
8654,8714,5.17,20.947,0.052,-0.001,0.0305395,27.5378
8655,8715,5.17,20.949,0.052,-0.016,0.0356545,32.1502
8656,8716,5.17,20.949,0.052,-0.024,0.0119071,10.7368
8657,8717,5.1801,20.948,0.052,-0.008,0.0136692,12.3257
8658,8718,5.17,20.95,0.052,0.003,0.0103101,9.2968
8659,8719,5.17,20.948,0.053,0.008,0.0116308,10.4876
8660,8720,5.17,20.949,0.051,0.002,0.0186694,16.8345
8661,8721,5.17,20.948,0.052,0.01,0.0169831,15.3139
8662,8722,5.17,20.948,0.052,-0.002,0.0250772,22.6124
8663,8723,5.1801,20.948,0.052,-0.003,0.0313098,28.2324
8664,8724,5.1801,20.948,0.052,-0.012,0.0268361,24.1984
8665,8725,5.1801,20.947,0.053,-0.01,0.0398877,35.9673
8666,8726,5.1801,20.947,0.053,-0.02,0.0347022,31.2914
8667,8727,5.1801,20.948,0.052,-0.003,0.0097237,8.768
8668,8728,5.1801,20.949,0.052,0.001,0.0285185,25.7155
8669,8729,5.1801,20.948,0.053,0.009,0.0260095,23.4531
8670,8730,5.1801,20.947,0.052,0.007,0,0
8671,8731,5.1801,20.947,0.053,0.006,0.0051051,4.6034
8672,8732,5.1801,20.946,0.052,-0.003,0.0158537,14.2955
8673,8733,5.1801,20.948,0.052,0,0.0264503,23.8506
8674,8734,5.1801,20.946,0.052,-0.011,0.0191464,17.2646
8675,8735,5.1801,20.947,0.051,-0.011,0.0230734,20.8056
8676,8736,5.1801,20.948,0.052,-0.022,0.0219576,19.7995
8677,8737,5.1801,20.948,0.052,-0.023,0.0131412,11.8496
8678,8738,5.1801,20.949,0.052,0,0.0033899,3.0567
8679,8739,5.1801,20.949,0.052,-0.008,0,0
8680,8740,5.1901,20.947,0.052,-0.006,0,0
8681,8741,5.1901,20.947,0.052,0.017,0,0
8682,8742,5.1901,20.948,0.052,0.009,0.0143431,12.9334
8683,8743,5.1901,20.948,0.053,0.004,0.0233446,21.0501
8684,8744,5.1901,20.947,0.052,-0.007,0.0172947,15.5949
8685,8745,5.1801,20.947,0.053,-0.004,0.0259188,23.3713
8686,8746,5.1801,20.948,0.052,-0.004,0.0186609,16.8268
8687,8747,5.1901,20.947,0.052,-0.002,0.023148,20.8729
8688,8748,5.1901,20.947,0.053,-0.003,0.0146989,13.2542
8689,8749,5.1901,20.949,0.052,0.005,0,0
8690,8750,5.1901,20.949,0.052,0.014,0.0041262,3.7206
8691,8751,5.1901,20.948,0.052,0.024,0.0158185,14.2638
8692,8752,5.1901,20.948,0.052,0.018,0.0104991,9.4672
8693,8753,5.1901,20.948,0.052,0.01,0.0142777,12.8744
8694,8754,5.1901,20.946,0.052,-0.008,0.0094395,8.5117
8695,8755,5.1901,20.948,0.052,-0.007,0.0157865,14.2349
8696,8756,5.2001,20.949,0.052,-0.01,0.0349434,31.5089
8697,8757,5.1901,20.948,0.052,-0.008,0.038646,34.8476
8698,8758,5.1901,20.949,0.051,-0.008,0.0224254,20.2213
8699,8759,5.1901,20.948,0.052,0.001,0.0136058,12.2685
8700,8760,5.1901,20.948,0.052,0.026,0.0126494,11.4061
8701,8761,5.2001,20.949,0.052,0.01,0.00501,4.5176
8702,8762,5.2001,20.948,0.052,0.004,0.009271,8.3598
8703,8763,5.2001,20.947,0.053,0.004,0.0171546,15.4686
8704,8764,5.2001,20.948,0.053,-0.01,0.0213152,19.2202
8705,8765,5.2001,20.95,0.052,0.004,0.0337201,30.4059
8706,8766,5.2001,20.948,0.052,-0.001,0.042447,38.2751
8707,8767,5.2001,20.948,0.052,-0.019,0.0277618,25.0332
8708,8768,5.2001,20.948,0.052,-0.022,0.0268334,24.1961
8709,8769,5.2001,20.948,0.052,-0.012,0.0161358,14.5499
8710,8770,5.2001,20.949,0.052,0.001,0.0076494,6.8976
8711,8771,5.2001,20.948,0.052,0.007,0,0
8712,8772,5.2001,20.947,0.051,0.014,0.0090327,8.1449
8713,8773,5.2001,20.947,0.051,0.011,0,0
8714,8774,5.2001,20.947,0.052,-0.001,0,0
8715,8775,5.2001,20.948,0.052,-0.001,0,0
8716,8776,5.2001,20.947,0.052,-0.008,0.0364081,32.8296
8717,8777,5.2001,20.946,0.052,-0.021,0.015026,13.5491
8718,8778,5.2001,20.947,0.052,-0.007,0.031437,28.3472
8719,8779,5.2001,20.947,0.052,-0.011,0.0318188,28.6915
8720,8780,5.2001,20.948,0.052,-0.001,0.0109746,9.8959
8721,8781,5.2001,20.948,0.052,0.002,0.0096425,8.6947
8722,8782,5.21,20.949,0.052,0.015,0,0
8723,8783,5.21,20.948,0.053,0.01,0.0093736,8.4523
8724,8784,5.21,20.947,0.053,0.025,0.0105442,9.5079
8725,8785,5.21,20.947,0.053,0.021,0.0175572,15.8316
8726,8786,5.21,20.947,0.052,0.013,0.0459566,41.4396
8727,8787,5.21,20.948,0.051,-0.015,0.0374838,33.7997
8728,8788,5.21,20.947,0.051,-0.004,0.0316899,28.5752
8729,8789,5.21,20.949,0.052,-0.019,0.0277995,25.0671
8730,8790,5.21,20.949,0.052,-0.016,0.0182265,16.435
8731,8791,5.21,20.948,0.052,-0.001,0,0
8732,8792,5.21,20.949,0.052,0.005,0.0120906,10.9023
8733,8793,5.21,20.948,0.052,0.015,0.0113006,10.1899
8734,8794,5.21,20.949,0.052,0.005,0.0111909,10.0909
8735,8795,5.21,20.948,0.052,0.004,0.0096881,8.7359
8736,8796,5.21,20.948,0.052,0.002,0.0190552,17.1823
8737,8797,5.21,20.947,0.052,-0.024,0.0243821,21.9856
8738,8798,5.21,20.947,0.052,-0.022,0.0257028,23.1766
8739,8799,5.22,20.948,0.052,-0.011,0.0356679,32.1622
8740,8800,5.22,20.947,0.052,-0.007,0.0356643,32.1589
8741,8801,5.22,20.947,0.052,0.002,0,0
8742,8802,5.22,20.947,0.052,0.023,0.0176031,15.873
8743,8803,5.22,20.948,0.052,0.012,0,0
8744,8804,5.22,20.946,0.053,0.008,0.017921,16.1596
8745,8805,5.22,20.947,0.053,0.007,0.0266731,24.0515
8746,8806,5.22,20.947,0.052,-0.001,0.0305262,27.5259
8747,8807,5.22,20.949,0.052,-0.004,0.0205462,18.5267
8748,8808,5.22,20.948,0.052,-0.004,0.0362782,32.7125
8749,8809,5.22,20.947,0.053,-0.01,0.0244179,22.018
8750,8810,5.22,20.948,0.052,-0.011,0.0270159,24.3606
8751,8811,5.22,20.946,0.052,-0.01,0,0
8752,8812,5.22,20.946,0.052,0.025,0.007419,6.6898
8753,8813,5.22,20.947,0.052,0.007,0,0
8754,8814,5.22,20.946,0.051,0.02,0.0181459,16.3624
8755,8815,5.22,20.947,0.051,0.003,0.0133522,12.0399
8756,8816,5.22,20.947,0.052,-0.001,0.0398725,35.9535
8757,8817,5.23,20.946,0.052,-0.014,0.0324213,29.2348
8758,8818,5.23,20.948,0.052,-0.01,0.0361582,32.6043
8759,8819,5.23,20.949,0.053,-0.02,0.0296902,26.7721
8760,8820,5.23,20.948,0.053,-0.005,0.0302668,27.2919
8761,8821,5.23,20.947,0.053,-0.012,0.0133927,12.0764
8762,8822,5.23,20.948,0.052,0.017,0.0243844,21.9877
8763,8823,5.23,20.948,0.053,0.007,0.0137298,12.3804
8764,8824,5.23,20.948,0.053,0.017,0.0253149,22.8268
8765,8825,5.23,20.949,0.053,0.001,0.0283342,25.5494
8766,8826,5.23,20.947,0.053,0.01,0.0400336,36.0988
8767,8827,5.23,20.946,0.053,-0.015,0.0508964,45.8939
8768,8828,5.23,20.946,0.053,-0.013,0.0407898,36.7807
8769,8829,5.24,20.947,0.052,-0.011,0.0166897,15.0493
8770,8830,5.24,20.946,0.052,-0.004,0.0351901,31.7314
8771,8831,5.24,20.946,0.052,-0.01,0.0254503,22.9489
8772,8832,5.24,20.947,0.052,0.006,0.0337499,30.4328
8773,8833,5.24,20.947,0.051,0.001,0.0067266,6.0655
8774,8834,5.24,20.946,0.051,0.007,0.0206928,18.6589
8775,8835,5.25,20.947,0.052,-0.004,0.0207277,18.6904
8776,8836,5.25,20.947,0.052,-0.003,0.0378687,34.1467
8777,8837,5.25,20.946,0.052,-0.01,0.0383724,34.6009
8778,8838,5.25,20.945,0.052,-0.02,0.022106,19.9333
8779,8839,5.25,20.945,0.052,-0.015,0.0250823,22.617
8780,8840,5.25,20.946,0.052,0.003,0.0304074,27.4187
8781,8841,5.25,20.947,0.052,-0.014,0.0252868,22.8015
8782,8842,5.25,20.947,0.052,0,0.0250477,22.5859
8783,8843,5.25,20.946,0.052,-0.008,0.0246136,22.1944
8784,8844,5.25,20.946,0.052,0.017,0.0371813,33.5269
8785,8845,5.25,20.946,0.052,0.004,0.033827,30.5023
8786,8846,5.25,20.946,0.052,0.004,0.0433971,39.1317
8787,8847,5.25,20.946,0.052,-0.007,0.0373437,33.6733
8788,8848,5.25,20.945,0.051,-0.012,0.0366301,33.0299
8789,8849,5.25,20.946,0.051,-0.001,0.0185202,16.6999
8790,8850,5.25,20.947,0.051,0.001,0.0306771,27.6619
8791,8851,5.25,20.946,0.052,0.001,0.0170655,15.3882
8792,8852,5.25,20.945,0.052,0.004,0.0258518,23.3109
8793,8853,5.25,20.945,0.052,0.005,0.0083029,7.4868
8794,8854,5.25,20.945,0.052,0.01,0.0266682,24.0471
8795,8855,5.25,20.944,0.053,-0.007,0.0349749,31.5373
8796,8856,5.25,20.945,0.052,-0.004,0.0389445,35.1168
8797,8857,5.25,20.945,0.052,-0.013,0.0397014,35.7993
8798,8858,5.25,20.945,0.052,-0.011,0.0394174,35.5432
8799,8859,5.25,20.946,0.053,-0.006,0.0396829,35.7826
8800,8860,5.25,20.945,0.053,0.005,0.0458758,41.3668
8801,8861,5.25,20.946,0.053,-0.006,0.0404604,36.4837
8802,8862,5.25,20.946,0.053,0.011,0.0206584,18.628
8803,8863,5.25,20.945,0.052,0.003,0.0027537,2.483
8804,8864,5.26,20.945,0.052,0.025,0.0120653,10.8795
8805,8865,5.26,20.944,0.052,0.008,0.0402807,36.3217
8806,8866,5.26,20.944,0.053,0,0.0572906,51.6597
8807,8867,5.27,20.944,0.052,-0.009,0.0383845,34.6118
8808,8868,5.27,20.945,0.052,-0.004,0.0415038,37.4245
8809,8869,5.27,20.944,0.052,-0.009,0.0577357,52.0611
8810,8870,5.27,20.945,0.052,-0.013,0.0516735,46.5947
8811,8871,5.27,20.946,0.052,-0.015,0.0319856,28.8419
8812,8872,5.27,20.945,0.052,-0.01,0.0321769,29.0143
8813,8873,5.27,20.945,0.051,0.004,0.0314972,28.4015
8814,8874,5.27,20.946,0.051,0.017,0.0310891,28.0335
8815,8875,5.27,20.947,0.052,0.013,0.0302324,27.2609
8816,8876,5.27,20.946,0.052,-0.004,0.0322891,29.1155
8817,8877,5.27,20.944,0.052,-0.02,0.0455503,41.0733
8818,8878,5.27,20.944,0.053,-0.012,0.0430203,38.792
8819,8879,5.27,20.946,0.053,-0.011,0.0389055,35.0816
8820,8880,5.27,20.945,0.053,-0.013,0.0464842,41.9154
8821,8881,5.27,20.942,0.052,-0.016,0.047996,43.2786
8822,8882,5.27,20.944,0.053,-0.002,0.0538485,48.5559
8823,8883,5.27,20.945,0.052,0.002,0.0411023,37.0625
8824,8884,5.27,20.944,0.052,0.004,0.0283486,25.5624
8825,8885,5.27,20.944,0.053,0.004,0.0445448,40.1666
8826,8886,5.27,20.944,0.053,-0.001,0.0343546,30.978
8827,8887,5.27,20.945,0.053,0.002,0.0484196,43.6606
8828,8888,5.2801,20.944,0.053,-0.01,0.0430425,38.812
8829,8889,5.2801,20.944,0.052,-0.008,0.0569949,51.3931
8830,8890,5.2801,20.944,0.052,-0.003,0.0507438,45.7563
8831,8891,5.2801,20.944,0.052,-0.01,0.0518812,46.782
8832,8892,5.2801,20.944,0.052,-0.013,0.0348849,31.4562
8833,8893,5.2801,20.944,0.053,-0.008,0.0159519,14.384
8834,8894,5.2801,20.942,0.052,-0.002,0.0256086,23.0916
8835,8895,5.2801,20.943,0.052,0.002,0.0280411,25.285
8836,8896,5.2801,20.945,0.052,-0.009,0.0389524,35.1239
8837,8897,5.2901,20.944,0.053,0.001,0.0398955,35.9743
8838,8898,5.2901,20.944,0.053,-0.003,0.0512613,46.223
8839,8899,5.2901,20.942,0.053,-0.008,0.0546383,49.2681
8840,8900,5.2901,20.944,0.053,-0.016,0.0532484,48.0148
8841,8901,5.2901,20.943,0.052,-0.001,0.0385314,34.7443
8842,8902,5.2901,20.941,0.053,-0.001,0.0459614,41.444
8843,8903,5.2901,20.941,0.052,-0.001,0.0348886,31.4595
8844,8904,5.2901,20.944,0.052,0.013,0.0285929,25.7826
8845,8905,5.2901,20.945,0.052,0.009,0.0325987,29.3947
8846,8906,5.2901,20.944,0.052,0.002,0.0464207,41.8582
8847,8907,5.2901,20.945,0.052,0.001,0.0343949,31.0143
8848,8908,5.2901,20.943,0.052,-0.004,0.0429252,38.7062
8849,8909,5.2901,20.944,0.052,-0.015,0.0526992,47.5195
8850,8910,5.2901,20.944,0.052,-0.013,0.0554754,50.0229
8851,8911,5.2901,20.943,0.052,-0.012,0.052263,47.1262
8852,8912,5.2901,20.943,0.052,-0.008,0.0323642,29.1832
8853,8913,5.2901,20.945,0.052,-0.01,0.022924,20.6708
8854,8914,5.2901,20.944,0.052,0.005,0.0200155,18.0483
8855,8915,5.2901,20.943,0.052,0.011,0.0097197,8.7644
8856,8916,5.2901,20.943,0.052,0.007,0.0027527,2.4821
8857,8917,5.2901,20.943,0.052,0,0.0241207,21.75
8858,8918,5.2901,20.942,0.052,0.005,0.0314456,28.3549
8859,8919,5.2901,20.943,0.052,-0.002,0.0367851,33.1696
8860,8920,5.2901,20.943,0.052,-0.007,0.051488,46.4274
8861,8921,5.2901,20.942,0.052,-0.014,0.039033,35.1966
8862,8922,5.2901,20.943,0.052,-0.011,0.0468752,42.268
8863,8923,5.2901,20.943,0.052,0.003,0.0350853,31.6369
8864,8924,5.2901,20.944,0.051,0.007,0.0324073,29.2221
8865,8925,5.2901,20.945,0.053,0.015,0.022877,20.6285
8866,8926,5.2901,20.944,0.052,0.018,0.0243133,21.9236
8867,8927,5.2901,20.945,0.052,0.016,0.0449662,40.5466
8868,8928,5.2901,20.947,0.052,-0.004,0.0291794,26.3114
8869,8929,5.3001,20.947,0.052,-0.006,0.0322966,29.1223
8870,8930,5.3001,20.946,0.052,-0.006,0.0352073,31.7469
8871,8931,5.3001,20.945,0.052,-0.021,0.042395,38.2282
8872,8932,5.3001,20.945,0.053,-0.003,0.0492071,44.3707
8873,8933,5.3001,20.944,0.052,-0.003,0.0365335,32.9427
8874,8934,5.3001,20.942,0.052,0.005,0.0220597,19.8915
8875,8935,5.3001,20.943,0.052,0.012,0.0402428,36.2875
8876,8936,5.3001,20.942,0.052,0.007,0.0542998,48.9628
8877,8937,5.3001,20.945,0.052,0.015,0.0561035,50.5892
8878,8938,5.3001,20.943,0.052,-0.009,0.0474179,42.7574
8879,8939,5.3001,20.944,0.052,0.001,0.0573627,51.7247
8880,8940,5.31,20.945,0.052,-0.002,0.0618492,55.7702
8881,8941,5.31,20.945,0.053,-0.014,0.0607389,54.769
8882,8942,5.31,20.947,0.053,-0.013,0.0539273,48.627
8883,8943,5.31,20.945,0.052,-0.014,0.0264808,23.8781
8884,8944,5.31,20.944,0.053,-0.002,0.0265609,23.9503
8885,8945,5.31,20.944,0.053,0.011,0.0364214,32.8416
8886,8946,5.31,20.944,0.052,0.004,0.0276808,24.9601
8887,8947,5.31,20.942,0.052,0.002,0.0280679,25.3092
8888,8948,5.31,20.94,0.051,-0.004,0.0195445,17.6235
8889,8949,5.31,20.941,0.052,-0.005,0.0392823,35.4214
8890,8950,5.31,20.943,0.052,-0.02,0.0424931,38.3165
8891,8951,5.31,20.944,0.052,-0.02,0.0470416,42.4181
8892,8952,5.31,20.943,0.052,-0.019,0.0321935,29.0293
8893,8953,5.31,20.943,0.052,-0.012,0.0314836,28.3892
8894,8954,5.31,20.943,0.051,0.008,0.0064669,5.8313
8895,8955,5.31,20.944,0.051,0.009,0.0326573,29.4475
8896,8956,5.31,20.944,0.052,0.005,0.0140275,12.6487
8897,8957,5.31,20.943,0.052,0.007,0.0348346,31.4109
8898,8958,5.31,20.944,0.053,0.002,0.0408872,36.8685
8899,8959,5.31,20.945,0.053,0.004,0.0444854,40.1131
8900,8960,5.32,20.946,0.053,-0.005,0.0432862,39.0317
8901,8961,5.32,20.944,0.052,-0.007,0.0570683,51.4592
8902,8962,5.32,20.944,0.053,-0.007,0.0507632,45.7738
8903,8963,5.32,20.943,0.053,0.007,0.0417864,37.6793
8904,8964,5.32,20.943,0.052,0.007,0.044185,39.8422
8905,8965,5.32,20.943,0.052,0.022,0.0426448,38.4534
8906,8966,5.32,20.945,0.052,0.002,0.0246329,22.2118
8907,8967,5.32,20.944,0.052,0.015,0.0266327,24.0151
8908,8968,5.32,20.945,0.053,0.001,0.0407041,36.7035
8909,8969,5.32,20.944,0.052,-0.006,0.0395792,35.6891
8910,8970,5.32,20.944,0.051,-0.014,0.0467645,42.1682
8911,8971,5.32,20.945,0.052,-0.006,0.0508133,45.819
8912,8972,5.32,20.944,0.052,-0.02,0.0353659,31.8899
8913,8973,5.32,20.944,0.052,-0.014,0.0398954,35.9742
8914,8974,5.32,20.944,0.053,-0.011,0.0232615,20.9752
8915,8975,5.32,20.945,0.053,-0.005,0.0304444,27.4521
8916,8976,5.32,20.943,0.053,-0.008,0.026124,23.5564
8917,8977,5.32,20.944,0.052,0.009,0.0416935,37.5956
8918,8978,5.32,20.944,0.052,0.003,0.0379044,34.1789
8919,8979,5.33,20.945,0.053,-0.005,0.0509298,45.9241
8920,8980,5.33,20.944,0.052,-0.009,0.0341561,30.799
8921,8981,5.33,20.945,0.053,-0.011,0.0476397,42.9573
8922,8982,5.33,20.944,0.053,-0.011,0.0530955,47.8769
8923,8983,5.33,20.943,0.052,-0.001,0.046677,42.0893
8924,8984,5.33,20.944,0.052,0.005,0.0193268,17.4272
8925,8985,5.33,20.942,0.053,0.016,0.0194017,17.4947
8926,8986,5.33,20.943,0.052,0.003,0.0182012,16.4122
8927,8987,5.33,20.944,0.052,0.004,0.038035,34.2967
8928,8988,5.33,20.945,0.052,-0.002,0.0202087,18.2224
8929,8989,5.33,20.943,0.052,0.003,0.0354145,31.9337
8930,8990,5.33,20.943,0.052,-0.015,0.0368068,33.1892
8931,8991,5.33,20.944,0.052,-0.008,0.0452885,40.8373
8932,8992,5.33,20.946,0.053,-0.016,0.0261702,23.598
8933,8993,5.33,20.945,0.052,-0.018,0.0278782,25.1381
8934,8994,5.34,20.944,0.052,-0.01,0.0179436,16.18
8935,8995,5.34,20.944,0.052,0.01,0.0131456,11.8536
8936,8996,5.34,20.945,0.052,0.01,0.0300297,27.0782
8937,8997,5.34,20.945,0.051,0.016,0.0466763,42.0887
8938,8998,5.34,20.944,0.051,-0.006,0.0300434,27.0905
8939,8999,5.34,20.945,0.053,0.01,0.0400076,36.0754
8940,9000,5.34,20.945,0.053,-0.001,0.0340587,30.7112
8941,9001,5.34,20.944,0.052,-0.007,0.0439081,39.5925
8942,9002,5.34,20.945,0.052,-0.009,0.0430424,38.8119
8943,9003,5.34,20.944,0.052,0.004,0.0457732,41.2743
8944,9004,5.34,20.945,0.052,-0.012,0.0337197,30.4055
8945,9005,5.34,20.948,0.052,0.016,0.0220542,19.8865
8946,9006,5.34,20.944,0.052,0.016,0.0154962,13.9732
8947,9007,5.34,20.945,0.052,0.01,0.0315231,28.4248
8948,9008,5.34,20.943,0.051,-0.006,0.0268511,24.212
8949,9009,5.34,20.943,0.052,0.006,0.042509,38.331
8950,9010,5.34,20.944,0.052,-0.004,0.0337683,30.4494
8951,9011,5.35,20.944,0.052,-0.004,0.043443,39.1731
8952,9012,5.35,20.945,0.052,-0.009,0.0522977,47.1576
8953,9013,5.35,20.944,0.052,-0.007,0.0372888,33.6238
8954,9014,5.35,20.944,0.052,-0.01,0.0207657,18.7247
8955,9015,5.35,20.944,0.052,-0.004,0.0207708,18.7293
8956,9016,5.35,20.945,0.052,-0.002,0.0099973,9.0147
8957,9017,5.35,20.947,0.052,0.009,0.0322519,29.082
8958,9018,5.35,20.946,0.053,-0.001,0.0194273,17.5179
8959,9019,5.35,20.945,0.053,0.007,0.0432653,39.0129
8960,9020,5.35,20.944,0.052,-0.008,0.048438,43.6772
8961,9021,5.35,20.944,0.052,-0.004,0.0434931,39.2183
8962,9022,5.35,20.945,0.052,-0.008,0.0433876,39.1232
8963,9023,5.35,20.944,0.052,-0.015,0.0398325,35.9175
8964,9024,5.35,20.944,0.053,-0.006,0.0256291,23.1101
8965,9025,5.35,20.945,0.052,0.003,0.0166395,15.004
8966,9026,5.35,20.946,0.052,0.004,0.0309714,27.9273
8967,9027,5.35,20.946,0.052,0.014,0.0215413,19.4241
8968,9028,5.35,20.946,0.052,-0.002,0.0239729,21.6166
8969,9029,5.35,20.945,0.051,0.005,0.0333634,30.0843
8970,9030,5.35,20.946,0.052,-0.006,0.0346185,31.216
8971,9031,5.35,20.944,0.052,-0.017,0.0279539,25.2064
8972,9032,5.36,20.945,0.052,-0.017,0.0154373,13.9201
8973,9033,5.36,20.946,0.052,-0.012,0.0252319,22.752
8974,9034,5.36,20.945,0.052,-0.009,0.0204359,18.4273
8975,9035,5.36,20.945,0.053,0.004,0.0161527,14.5651
8976,9036,5.36,20.945,0.053,0.007,0.0259644,23.4124
8977,9037,5.36,20.946,0.053,0.003,0.0197284,17.7893
8978,9038,5.36,20.944,0.052,0.007,0.027134,24.4671
8979,9039,5.36,20.945,0.052,0.006,0.0368857,33.2603
8980,9040,5.36,20.945,0.052,0.001,0.043267,39.0144
8981,9041,5.36,20.944,0.053,-0.004,0.0422543,38.1012
8982,9042,5.36,20.945,0.052,-0.004,0.0473883,42.7307
8983,9043,5.36,20.946,0.052,0.014,0.0271758,24.5048
8984,9044,5.36,20.945,0.052,0.004,0.0228106,20.5686
8985,9045,5.36,20.945,0.053,0.009,0.015056,13.5762
8986,9046,5.36,20.945,0.052,0.007,0.0120199,10.8385
8987,9047,5.37,20.946,0.052,0.004,0.0285509,25.7447
8988,9048,5.37,20.945,0.052,0.005,0.0162806,14.6804
8989,9049,5.37,20.946,0.052,-0.002,0.0325112,29.3158
8990,9050,5.37,20.946,0.053,-0.006,0.037958,34.2272
8991,9051,5.37,20.945,0.052,-0.013,0.0390662,35.2265
8992,9052,5.37,20.945,0.053,-0.011,0.0388911,35.0686
8993,9053,5.37,20.945,0.053,-0.012,0.039215,35.3607
8994,9054,5.37,20.944,0.052,0.006,0.0424997,38.3226
8995,9055,5.37,20.944,0.052,0.007,0.0240035,21.6443
8996,9056,5.37,20.945,0.052,0.014,0.0144391,13.0199
8997,9057,5.37,20.945,0.052,0.017,0.0218792,19.7288
8998,9058,5.37,20.945,0.053,0.006,0.0412381,37.1849
8999,9059,5.37,20.944,0.052,0.012,0.0354892,32.0011
9000,9060,5.37,20.945,0.053,0.002,0.0302413,27.269
9001,9061,5.37,20.944,0.053,-0.004,0.0407293,36.7262
9002,9062,5.37,20.944,0.053,-0.009,0.049043,44.2227
9003,9063,5.37,20.945,0.053,-0.009,0.0209172,18.8613
9004,9064,5.37,20.945,0.053,-0.009,0.0275279,24.8223
9005,9065,5.37,20.945,0.052,-0.012,0.0192591,17.3662
9006,9066,5.37,20.945,0.052,0.006,0.0288913,26.0517
9007,9067,5.37,20.945,0.052,0.01,0.0107032,9.6513
9008,9068,5.38,20.946,0.052,0.008,0.0160791,14.4987
9009,9069,5.39,20.945,0.052,-0.005,0.0224208,20.2171
9010,9070,5.39,20.944,0.052,-0.005,0.0324695,29.2782
9011,9071,5.39,20.945,0.052,-0.005,0.044705,40.311
9012,9072,5.39,20.946,0.052,-0.005,0.0516079,46.5355
9013,9073,5.39,20.944,0.051,-0.018,0.0433749,39.1117
9014,9074,5.39,20.945,0.052,0.005,0.0439356,39.6173
9015,9075,5.39,20.946,0.052,-0.002,0.0151978,13.7041
9016,9076,5.39,20.946,0.051,0.005,0.0313616,28.2792
9017,9077,5.39,20.946,0.052,0.002,0.0100499,9.0621
9018,9078,5.39,20.945,0.053,0.018,0.0315383,28.4385
9019,9079,5.39,20.945,0.052,0.012,0.0419688,37.8438
9020,9080,5.39,20.945,0.052,0.012,0.0516451,46.5691
9021,9081,5.4001,20.944,0.052,0.003,0.0238544,21.5099
9022,9082,5.4001,20.944,0.053,-0.008,0.0567135,51.1394
9023,9083,5.4001,20.944,0.052,-0.016,0.0434255,39.1573
9024,9084,5.4001,20.944,0.052,-0.013,0.0516106,46.538
9025,9085,5.4001,20.945,0.053,-0.013,0.0251313,22.6613
9026,9086,5.4001,20.945,0.052,0.013,0.0090119,8.1262
9027,9087,5.4001,20.945,0.052,-0.001,0.0181668,16.3813
9028,9088,5.4001,20.945,0.052,0.014,0.0281211,25.3571
9029,9089,5.4001,20.946,0.052,-0.001,0.0120155,10.8345
9030,9090,5.4001,20.945,0.051,-0.007,0.0283342,25.5494
9031,9091,5.4001,20.944,0.052,-0.024,0.0325835,29.381
9032,9092,5.4001,20.946,0.053,0.001,0.0370621,33.4194
9033,9093,5.4001,20.946,0.052,-0.026,0.0299471,27.0037
9034,9094,5.4001,20.945,0.052,-0.008,0.0280061,25.2535
9035,9095,5.4001,20.944,0.053,-0.02,0.0185647,16.74
9036,9096,5.4001,20.945,0.053,-0.001,0.026038,23.4788
9037,9097,5.4001,20.946,0.052,0.014,0.0203913,18.3871
9038,9098,5.4001,20.946,0.052,0.011,0.0321624,29.0012
9039,9099,5.4001,20.945,0.052,0.002,0.0196436,17.7129
9040,9100,5.4001,20.945,0.052,0.012,0.0387743,34.9633
9041,9101,5.4001,20.946,0.053,-0.003,0.0411859,37.1379
9042,9102,5.4001,20.946,0.052,-0.003,0.0470317,42.4091
9043,9103,5.4001,20.945,0.052,-0.011,0.0358484,32.325
9044,9104,5.4001,20.946,0.052,-0.004,0.0381526,34.4027
9045,9105,5.4001,20.946,0.052,-0.003,0.0178043,16.0544
9046,9106,5.4001,20.946,0.052,0.006,0.0257943,23.259
9047,9107,5.4001,20.946,0.052,0.004,0.0161892,14.5981
9048,9108,5.4001,20.945,0.052,0.009,0.0111028,10.0115
9049,9109,5.4099,20.945,0.052,-0.002,0.018102,16.3228
9050,9110,5.4099,20.945,0.052,0.01,0.0321781,29.0155
9051,9111,5.4099,20.945,0.052,-0.008,0.037464,33.7818
9052,9112,5.4099,20.945,0.052,-0.01,0.0459035,41.3918
9053,9113,5.4099,20.945,0.053,-0.021,0.0373077,33.6409
9054,9114,5.4099,20.946,0.053,-0.006,0.040989,36.9603
9055,9115,5.4099,20.945,0.052,-0.008,0.0218735,19.7236
9056,9116,5.4099,20.945,0.052,0.007,0.0214333,19.3267
9057,9117,5.4099,20.946,0.053,-0.001,0.0194112,17.5034
9058,9118,5.4099,20.946,0.053,0.012,0.0475593,42.8848
9059,9119,5.4099,20.945,0.053,0.012,0.0311017,28.0448
9060,9120,5.4099,20.946,0.052,0.015,0.0344828,31.0936
9061,9121,5.4099,20.944,0.053,0.003,0.0407371,36.7332
9062,9122,5.4099,20.944,0.052,-0.008,0.045235,40.789
9063,9123,5.4099,20.945,0.052,-0.015,0.0498801,44.9775
9064,9124,5.4099,20.945,0.052,-0.011,0.0489811,44.1669
9065,9125,5.4099,20.946,0.053,-0.01,0.0198931,17.9379
9066,9126,5.42,20.945,0.053,0.002,0.0198748,17.9214
9067,9127,5.42,20.946,0.052,0.002,0.0059961,5.4068
9068,9128,5.42,20.946,0.052,0.01,0.0210832,19.011
9069,9129,5.42,20.945,0.052,-0.016,0.0046877,4.2269
9070,9130,5.42,20.945,0.052,-0.001,0.0260596,23.4983
9071,9131,5.43,20.945,0.052,-0.004,0.0292088,26.338
9072,9132,5.43,20.945,0.053,-0.01,0.0309906,27.9446
9073,9133,5.43,20.945,0.052,-0.024,0.0366843,33.0787
9074,9134,5.43,20.947,0.052,-0.019,0.0432923,39.0373
9075,9135,5.43,20.945,0.052,-0.017,0.0346299,31.2262
9076,9136,5.43,20.945,0.052,0.005,0.0333632,30.0841
9077,9137,5.43,20.946,0.052,0,0.0248265,22.3863
9078,9138,5.43,20.947,0.051,0.013,0.0223564,20.1591
9079,9139,5.43,20.947,0.052,0.005,0.0121076,10.9175
9080,9140,5.43,20.946,0.052,0.019,0.0258604,23.3187
9081,9141,5.43,20.946,0.052,-0.001,0.0296824,26.765
9082,9142,5.44,20.946,0.052,0.001,0.0424242,38.2545
9083,9143,5.44,20.945,0.053,-0.01,0.019992,18.027
9084,9144,5.44,20.947,0.053,-0.007,0.0167609,15.1135
9085,9145,5.44,20.945,0.053,-0.013,0.0142924,12.8877
9086,9146,5.44,20.945,0.052,-0.01,0.0227935,20.5532
9087,9147,5.44,20.946,0.051,-0.008,0.0267112,24.0858
9088,9148,5.44,20.946,0.051,0.001,0.0278583,25.1202
9089,9149,5.44,20.946,0.051,0.008,0.0321366,28.978
9090,9150,5.44,20.945,0.052,0.013,0.0295091,26.6087
9091,9151,5.43,20.946,0.052,-0.005,0.0325265,29.3295
9092,9152,5.43,20.947,0.052,-0.004,0.0433074,39.0509
9093,9153,5.43,20.946,0.052,-0.016,0.0440837,39.7509
9094,9154,5.43,20.946,0.052,0,0.0416174,37.527
9095,9155,5.43,20.947,0.053,0.003,0.0163851,14.7747
9096,9156,5.43,20.947,0.053,0.009,0.0261245,23.5568
9097,9157,5.43,20.946,0.053,0.006,0.0303861,27.3996
9098,9158,5.43,20.945,0.053,0.012,0.0299545,27.0104
9099,9159,5.44,20.943,0.053,0.006,0.0110176,9.9347
9100,9160,5.44,20.944,0.053,0.001,0.012132,10.9396
9101,9161,5.44,20.944,0.052,0,0.0113127,10.2008
9102,9162,5.44,20.945,0.052,-0.002,0.0164157,14.8022
9103,9163,5.44,20.945,0.053,-0.012,0.0343101,30.9379
9104,9164,5.44,20.945,0.052,-0.019,0.0374381,33.7584
9105,9165,5.44,20.946,0.053,-0.006,0.0180715,16.2953
9106,9166,5.44,20.944,0.053,0.012,0.0308634,27.83
9107,9167,5.44,20.945,0.052,-0.002,0.0304643,27.47
9108,9168,5.45,20.946,0.052,-0.005,0.0258572,23.3158
9109,9169,5.45,20.946,0.052,0,0.0134237,12.1043
9110,9170,5.45,20.945,0.052,0.013,0.0203743,18.3718
9111,9171,5.45,20.946,0.053,0.012,0.0267329,24.1055
9112,9172,5.45,20.946,0.052,0.007,0.0436825,39.3891
9113,9173,5.45,20.947,0.052,0.008,0.0403529,36.3867
9114,9174,5.45,20.946,0.052,-0.004,0.0450016,40.5785
9115,9175,5.45,20.945,0.052,-0.007,0.0313851,28.3004
9116,9176,5.45,20.945,0.052,0.002,0.0432309,38.9819
9117,9177,5.45,20.947,0.052,-0.001,0.0339373,30.6017
9118,9178,5.45,20.945,0.053,-0.005,0.0288797,26.0412
9119,9179,5.45,20.946,0.053,-0.002,0.0250266,22.5668
9120,9180,5.45,20.946,0.052,0.01,0.0214537,19.345
9121,9181,5.45,20.946,0.052,0.004,0.0239391,21.5862
9122,9182,5.45,20.946,0.053,0.003,0.0197459,17.8051
9123,9183,5.45,20.945,0.053,-0.009,0.0187504,16.9074
9124,9184,5.45,20.944,0.053,-0.015,0.0392752,35.415
9125,9185,5.45,20.946,0.053,-0.019,0.0325753,29.3736
9126,9186,5.45,20.946,0.054,-0.007,0.0408357,36.8221
9127,9187,5.46,20.946,0.053,-0.019,0.0269609,24.311
9128,9188,5.46,20.946,0.053,0,0.0200178,18.0503
9129,9189,5.46,20.944,0.052,0,0.01229,11.082
9130,9190,5.46,20.945,0.052,0.005,0.0210669,18.9963
9131,9191,5.46,20.945,0.053,0.008,0.0197362,17.7964
9132,9192,5.46,20.945,0.053,0.005,0.03826,34.4996
9133,9193,5.46,20.945,0.053,0.004,0.0472925,42.6443
9134,9194,5.46,20.946,0.054,0.005,0.0340124,30.6694
9135,9195,5.46,20.946,0.054,-0.01,0.041163,37.1172
9136,9196,5.46,20.945,0.054,0.001,0.0417883,37.681
9137,9197,5.46,20.944,0.053,-0.007,0.0323088,29.1333
9138,9198,5.46,20.944,0.053,-0.003,0.0323567,29.1765
9139,9199,5.47,20.946,0.054,0.013,0.0226722,20.4438
9140,9200,5.47,20.944,0.054,0.005,0.0191794,17.2943
9141,9201,5.47,20.947,0.054,0.002,0.0194818,17.567
9142,9202,5.47,20.946,0.053,0.008,0.0243232,21.9325
9143,9203,5.47,20.945,0.053,-0.008,0.0432301,38.9812
9144,9204,5.47,20.945,0.053,-0.017,0.0380946,34.3504
9145,9205,5.47,20.945,0.054,-0.009,0.0358027,32.2838
9146,9206,5.47,20.946,0.054,-0.008,0.0410633,37.0273
9147,9207,5.47,20.944,0.053,-0.008,0.0406036,36.6128
9148,9208,5.47,20.944,0.054,0.002,0.0254896,22.9843
9149,9209,5.47,20.944,0.054,-0.004,0.0210145,18.949
9150,9210,5.47,20.945,0.054,0.005,0.0125306,11.299
9151,9211,5.47,20.945,0.054,0.008,0.0187905,16.9436
9152,9212,5.47,20.945,0.054,0.008,0.0218605,19.7119
9153,9213,5.47,20.945,0.053,0.003,0.0477353,43.0436
9154,9214,5.47,20.945,0.053,-0.013,0.0507901,45.7981
9155,9215,5.47,20.945,0.054,0.001,0.0574767,51.8275
9156,9216,5.48,20.943,0.053,-0.003,0.0475539,42.88
9157,9217,5.48,20.944,0.054,-0.006,0.0553964,49.9517
9158,9218,5.48,20.944,0.054,-0.007,0.0268471,24.2083
9159,9219,5.48,20.944,0.054,0.012,0.0201981,18.2129
9160,9220,5.48,20.943,0.054,0.016,0.0024655,2.2231
9161,9221,5.48,20.943,0.053,0.019,0.019623,17.6943
9162,9222,5.48,20.944,0.053,0.005,0.0014449,1.3029
9163,9223,5.48,20.946,0.053,0.002,0.0250975,22.6308
9164,9224,5.48,20.946,0.053,-0.022,0.0231314,20.8579
9165,9225,5.48,20.946,0.053,-0.02,0.0420191,37.8892
9166,9226,5.48,20.945,0.053,-0.021,0.0240238,21.6626
9167,9227,5.48,20.944,0.054,-0.017,0.0244342,22.0327
9168,9228,5.48,20.945,0.053,-0.022,0.0006165,0.5559
9169,9229,5.48,20.944,0.052,0.002,0.0212314,19.1446
9170,9230,5.48,20.945,0.053,0.009,0.0206876,18.6542
9171,9231,5.48,20.945,0.053,0.02,0.0296265,26.7146
9172,9232,5.48,20.946,0.053,0.009,0.0144475,13.0275
9173,9233,5.48,20.945,0.053,0.021,0.0340679,30.7195
9174,9234,5.48,20.946,0.054,-0.001,0.0373808,33.7067
9175,9235,5.49,20.946,0.053,0.009,0.0450505,40.6226
9176,9236,5.49,20.944,0.053,-0.012,0.0300979,27.1397
9177,9237,5.49,20.945,0.053,0,0.030718,27.6988
9178,9238,5.5,20.946,0.053,0,0.041234,37.1812
9179,9239,5.5,20.946,0.054,0.017,0.0336942,30.3825
9180,9240,5.5,20.947,0.053,0.006,0,0
9181,9241,5.5,20.945,0.053,0.008,0.013296,11.9891
9182,9242,5.5,20.945,0.052,-0.005,0.0256687,23.1458
9183,9243,5.5,20.946,0.052,0.01,0.0285811,25.7719
9184,9244,5.5,20.946,0.053,-0.009,0.01769,15.9513
9185,9245,5.5,20.946,0.053,-0.012,0.034232,30.8674
9186,9246,5.5,20.946,0.052,-0.02,0.0321129,28.9566
9187,9247,5.5,20.946,0.053,-0.009,0.0306374,27.6262
9188,9248,5.5,20.947,0.052,-0.011,0.0276745,24.9545
9189,9249,5.5,20.947,0.053,-0.01,0.035695,32.1867
9190,9250,5.5,20.945,0.052,-0.004,0.0161097,14.5264
9191,9251,5.5,20.945,0.052,0.021,0.0251988,22.7221
9192,9252,5.5,20.947,0.053,0.011,0.0163684,14.7596
9193,9253,5.5,20.946,0.053,0.008,0.0242729,21.8872
9194,9254,5.5,20.944,0.053,-0.004,0.029348,26.4634
9195,9255,5.5,20.946,0.053,-0.004,0.0527698,47.5832
9196,9256,5.5,20.948,0.053,-0.01,0.0416049,37.5157
9197,9257,5.5099,20.946,0.054,-0.003,0.0400804,36.141
9198,9258,5.5099,20.945,0.054,-0.007,0.0315739,28.4706
9199,9259,5.5,20.946,0.053,0,0.0221601,19.9821
9200,9260,5.5,20.945,0.052,-0.001,0.0112411,10.1362
9201,9261,5.5,20.944,0.052,0.008,0.0134469,12.1253
9202,9262,5.5,20.946,0.052,0,0,0
9203,9263,5.5,20.946,0.052,0.008,0.0123672,11.1517
9204,9264,5.5,20.946,0.052,-0.004,0.0153847,13.8726
9205,9265,5.5,20.947,0.053,-0.004,0.0220194,19.8552
9206,9266,5.5,20.946,0.053,-0.021,0.0209747,18.9131
9207,9267,5.5,20.945,0.053,-0.017,0.0339466,30.6101
9208,9268,5.5099,20.946,0.053,-0.015,0.0212776,19.1863
9209,9269,5.5099,20.946,0.053,-0.002,0.0092459,8.3372
9210,9270,5.5099,20.945,0.052,0.002,0.0207462,18.7072
9211,9271,5.5099,20.946,0.052,0.013,0.0290311,26.1777
9212,9272,5.5099,20.946,0.052,0.006,0.0069778,6.292
9213,9273,5.5099,20.947,0.053,0.02,0.0200189,18.0513
9214,9274,5.5099,20.947,0.052,0.006,0.0250433,22.5819
9215,9275,5.5099,20.947,0.053,0.009,0.0438084,39.5026
9216,9276,5.5099,20.946,0.052,0.002,0.0222322,20.0471
9217,9277,5.5099,20.946,0.053,-0.001,0.0466607,42.0746
9218,9278,5.5099,20.947,0.052,-0.009,0.0225902,20.3699
9219,9279,5.5099,20.946,0.052,0.008,0.020882,18.8296
9220,9280,5.5099,20.945,0.052,0.01,0.00572,5.1578
9221,9281,5.5099,20.947,0.052,0.009,0.0164896,14.8689
9222,9282,5.5099,20.945,0.053,0.001,0.0089208,8.044
9223,9283,5.5099,20.945,0.053,0.011,0.0195921,17.6665
9224,9284,5.5099,20.947,0.052,-0.001,0.0176629,15.9269
9225,9285,5.5099,20.947,0.053,0,0.0192563,17.3637
9226,9286,5.5099,20.946,0.053,-0.009,0.0247194,22.2898
9227,9287,5.5099,20.944,0.052,-0.003,0.0312463,28.1752
9228,9288,5.5199,20.947,0.052,-0.02,0.0092357,8.3279
9229,9289,5.5199,20.946,0.052,-0.003,0.0214057,19.3018
9230,9290,5.5199,20.947,0.052,-0.005,0.0142261,12.8279
9231,9291,5.5199,20.948,0.053,0.018,0.0226859,20.4562
9232,9292,5.5199,20.946,0.052,0.007,0.0193235,17.4242
9233,9293,5.5199,20.946,0.052,0.015,0.0309506,27.9086
9234,9294,5.5199,20.946,0.053,0.005,0.0212828,19.191
9235,9295,5.5299,20.946,0.053,0.001,0.0201937,18.2089
9236,9296,5.5299,20.947,0.053,-0.005,0.035422,31.9405
9237,9297,5.5299,20.948,0.053,-0.01,0.0292711,26.3942
9238,9298,5.5299,20.948,0.052,-0.007,0.0306391,27.6277
9239,9299,5.5299,20.946,0.052,0.01,0.0180368,16.264
9240,9300,5.5299,20.947,0.052,-0.001,0.0030659,2.7645
9241,9301,5.5299,20.947,0.052,0.01,0.0209088,18.8537
9242,9302,5.5299,20.946,0.051,0.002,0.0100332,9.047
9243,9303,5.5299,20.946,0.053,0.006,0.0221845,20.004
9244,9304,5.5299,20.946,0.053,-0.011,0.0234459,21.1415
9245,9305,5.5299,20.947,0.052,0.003,0.0434932,39.2184
9246,9306,5.5399,20.946,0.052,0,0.0466588,42.0728
9247,9307,5.5399,20.947,0.052,-0.01,0.0313592,28.277
9248,9308,5.5399,20.946,0.053,-0.009,0.0338083,30.4854
9249,9309,5.5399,20.947,0.052,-0.006,0.0222661,20.0777
9250,9310,5.5399,20.946,0.052,0.002,0.0226801,20.4509
9251,9311,5.5399,20.947,0.053,0.011,0.0351789,31.7213
9252,9312,5.5399,20.948,0.052,0.003,0.017364,15.6574
9253,9313,5.5399,20.946,0.053,0.014,0.0103286,9.3135
9254,9314,5.5399,20.946,0.052,0.006,0.0202482,18.2581
9255,9315,5.5399,20.945,0.053,-0.003,0.0246857,22.2594
9256,9316,5.5399,20.947,0.052,-0.023,0.0390334,35.1969
9257,9317,5.5399,20.947,0.052,-0.016,0.0307319,27.7114
9258,9318,5.5399,20.945,0.053,-0.006,0.0348074,31.3863
9259,9319,5.5399,20.946,0.053,-0.004,0.0399144,35.9913
9260,9320,5.5399,20.945,0.052,0.002,0.0241649,21.7898
9261,9321,5.5399,20.946,0.052,0.007,0.0060643,5.4683
9262,9322,5.5399,20.945,0.052,-0.005,0.0121067,10.9167
9263,9323,5.5399,20.945,0.052,0.007,0.0208046,18.7598
9264,9324,5.5399,20.946,0.052,0.009,0.0221575,19.9797
9265,9325,5.5399,20.947,0.052,0,0.028187,25.4166
9266,9326,5.5399,20.947,0.052,-0.009,0.0249689,22.5148
9267,9327,5.5399,20.948,0.052,-0.008,0.0301637,27.199
9268,9328,5.55,20.945,0.052,-0.01,0.0417795,37.6732
9269,9329,5.55,20.947,0.052,-0.014,0.0296782,26.7612
9270,9330,5.55,20.947,0.052,-0.014,0.012266,11.0604
9271,9331,5.55,20.946,0.052,-0.004,0,0
9272,9332,5.55,20.947,0.053,0.013,0.008907,8.0315
9273,9333,5.55,20.947,0.053,0.011,0.019622,17.6934
9274,9334,5.55,20.946,0.052,0.003,0.0113303,10.2167
9275,9335,5.55,20.946,0.052,-0.002,0.0185671,16.7422
9276,9336,5.55,20.947,0.052,-0.003,0.0151313,13.6441
9277,9337,5.55,20.946,0.053,0,0.0279755,25.2258
9278,9338,5.55,20.946,0.052,-0.006,0.045583,41.1028
9279,9339,5.55,20.946,0.053,-0.016,0.0386821,34.8802
9280,9340,5.56,20.946,0.052,-0.005,0.0359836,32.4469
9281,9341,5.56,20.946,0.053,0.012,0.0241392,21.7666
9282,9342,5.56,20.946,0.052,0.023,0.0163344,14.7289
9283,9343,5.56,20.946,0.052,0.015,0.0099053,8.9318
9284,9344,5.56,20.946,0.052,0.005,0.0093336,8.4162
9285,9345,5.56,20.946,0.052,0.008,0.0017048,1.5372
9286,9346,5.56,20.947,0.052,0.006,0.0157047,14.1611
9287,9347,5.57,20.946,0.051,-0.005,0.0199441,17.9838
9288,9348,5.57,20.949,0.052,-0.016,0.0425611,38.3779
9289,9349,5.57,20.949,0.052,-0.018,0.033668,30.3589
9290,9350,5.57,20.946,0.053,-0.013,0.0136003,12.2635
9291,9351,5.57,20.946,0.052,-0.011,0.0210371,18.9694
9292,9352,5.57,20.946,0.052,0.001,0.0091693,8.2681
9293,9353,5.57,20.946,0.053,0.003,0.0219586,19.8004
9294,9354,5.57,20.947,0.053,0.013,0.0387131,34.9081
9295,9355,5.57,20.946,0.053,0.009,0.0323413,29.1626
9296,9356,5.57,20.947,0.053,0.016,0.032355,29.1749
9297,9357,5.57,20.947,0.053,0.003,0.0384127,34.6372
9298,9358,5.57,20.947,0.052,0.004,0.0370651,33.4221
9299,9359,5.57,20.946,0.052,-0.016,0.0414426,37.3693
9300,9360,5.57,20.946,0.052,-0.008,0.0305482,27.5457
9301,9361,5.57,20.946,0.052,0.006,0.0184433,16.6306
9302,9362,5.57,20.947,0.053,-0.001,0.0111595,10.0627
9303,9363,5.57,20.947,0.052,0.009,0.0175885,15.8598
9304,9364,5.57,20.947,0.052,0.003,0.009339,8.4211
9305,9365,5.57,20.946,0.052,-0.008,0.0209866,18.9239
9306,9366,5.57,20.945,0.052,-0.007,0.0376173,33.92
9307,9367,5.57,20.946,0.053,-0.002,0.0235932,21.2743
9308,9368,5.57,20.945,0.053,-0.009,0.0341345,30.7795
9309,9369,5.57,20.945,0.052,-0.017,0.0398427,35.9267
9310,9370,5.57,20.947,0.052,-0.015,0.0267726,24.1412
9311,9371,5.57,20.946,0.052,-0.005,0.0221139,19.9404
9312,9372,5.57,20.946,0.053,0.006,0.0192212,17.332
9313,9373,5.57,20.946,0.053,0.012,0.0188898,17.0332
9314,9374,5.57,20.946,0.053,0.006,0.0095425,8.6046
9315,9375,5.58,20.946,0.053,0.009,0.0114942,10.3645
9316,9376,5.58,20.947,0.052,0.003,0.041326,37.2642
9317,9377,5.58,20.946,0.053,-0.007,0.033177,29.9162
9318,9378,5.58,20.945,0.052,-0.004,0.0507538,45.7654
9319,9379,5.58,20.947,0.052,-0.013,0.0296815,26.7642
9320,9380,5.58,20.947,0.052,-0.014,0.0315403,28.4403
9321,9381,5.58,20.946,0.052,-0.006,0.0265531,23.9433
9322,9382,5.58,20.947,0.053,-0.002,0.021084,19.0117
9323,9383,5.58,20.947,0.051,0.004,0.0192464,17.3547
9324,9384,5.58,20.946,0.052,0.002,0.0120098,10.8294
9325,9385,5.58,20.947,0.053,0.005,0.0191671,17.2832
9326,9386,5.59,20.948,0.052,0.002,0.0320736,28.9212
9327,9387,5.59,20.948,0.052,-0.01,0.0288021,25.9712
9328,9388,5.59,20.945,0.053,-0.003,0.0497736,44.8815
9329,9389,5.59,20.945,0.052,-0.025,0.0325581,29.3581
9330,9390,5.59,20.946,0.053,-0.014,0.0498693,44.9678
9331,9391,5.59,20.948,0.052,-0.012,0.0292703,26.3935
9332,9392,5.59,20.947,0.052,0.008,0.0272424,24.5648
9333,9393,5.59,20.944,0.052,0.013,0.0276546,24.9366
9334,9394,5.59,20.944,0.052,0.015,0.0321249,28.9675
9335,9395,5.59,20.944,0.052,0.017,0.0175016,15.7814
9336,9396,5.59,20.945,0.052,0.01,0.0327849,29.5626
9337,9397,5.59,20.945,0.053,-0.002,0.0254577,22.9556
9338,9398,5.59,20.945,0.053,-0.009,0.0340912,30.7404
9339,9399,5.59,20.947,0.052,-0.025,0.024832,22.3913
9340,9400,5.59,20.946,0.052,-0.002,0.044244,39.8954
9341,9401,5.6,20.945,0.053,-0.018,0,0
9342,9402,5.6,20.945,0.052,0,0.0145687,13.1368
9343,9403,5.6,20.945,0.052,-0.002,0,0
9344,9404,5.59,20.946,0.052,0.002,0.0169567,15.2901
9345,9405,5.59,20.945,0.052,-0.002,0.0126775,11.4315
9346,9406,5.59,20.945,0.052,0.007,0.0331458,29.888
9347,9407,5.59,20.946,0.052,-0.012,0.0317146,28.5974
9348,9408,5.6,20.947,0.052,-0.005,0.0522412,47.1066
9349,9409,5.6,20.947,0.052,-0.013,0.0344532,31.0669
9350,9410,5.6,20.947,0.052,0,0.0427553,38.553
9351,9411,5.6,20.946,0.052,-0.018,0.0206936,18.6597
9352,9412,5.6,20.946,0.052,0.022,0.0217987,19.6562
9353,9413,5.6,20.947,0.052,0.01,0.0217377,19.6012
9354,9414,5.6,20.946,0.052,0.019,0.0072308,6.5201
9355,9415,5.6,20.948,0.053,0.003,0.0016869,1.5211
9356,9416,5.6,20.947,0.053,0.006,0.0286996,25.8788
9357,9417,5.6,20.947,0.053,-0.008,0.0260423,23.4827
9358,9418,5.6,20.946,0.052,-0.007,0.0382992,34.5349
9359,9419,5.6,20.946,0.052,-0.021,0.037621,33.9234
9360,9420,5.6,20.945,0.052,-0.004,0.0343278,30.9538
9361,9421,5.6,20.945,0.052,-0.016,0.0188082,16.9596
9362,9422,5.6,20.946,0.052,-0.001,0.023026,20.7629
9363,9423,5.6,20.947,0.052,0.003,0.0173764,15.6686
9364,9424,5.6,20.946,0.052,0.008,0.0264957,23.8915
9365,9425,5.6,20.945,0.052,0.007,0.0185608,16.7366
9366,9426,5.6,20.948,0.052,0.017,0.0232127,20.9312
9367,9427,5.6,20.947,0.052,-0.008,0.0196383,17.7081
9368,9428,5.6099,20.947,0.052,-0.001,0.0414244,37.353
9369,9429,5.6099,20.946,0.052,-0.012,0.032598,29.3941
9370,9430,5.6099,20.946,0.053,-0.007,0.0328856,29.6534
9371,9431,5.6099,20.945,0.053,-0.014,0.0223865,20.1862
9372,9432,5.6099,20.947,0.052,0.005,0.032268,29.0965
9373,9433,5.6099,20.946,0.053,0.002,0.0239851,21.6276
9374,9434,5.6099,20.946,0.053,0.006,0.0232108,20.9295
9375,9435,5.6099,20.946,0.053,-0.002,0.0172933,15.5936
9376,9436,5.6099,20.946,0.053,0.005,0.031602,28.496
9377,9437,5.6099,20.946,0.053,0.001,0.0321632,29.002
9378,9438,5.6099,20.946,0.053,0.004,0.0418808,37.7645
9379,9439,5.6099,20.946,0.052,-0.016,0.0435579,39.2768
9380,9440,5.6099,20.946,0.052,-0.008,0.0462553,41.709
9381,9441,5.6099,20.946,0.052,-0.012,0.0273802,24.6891
9382,9442,5.6099,20.947,0.052,-0.007,0.0177222,15.9804
9383,9443,5.6099,20.948,0.052,-0.011,0.0100048,9.0215
9384,9444,5.6099,20.947,0.052,0.001,0.0141438,12.7537
9385,9445,5.6099,20.946,0.052,-0.003,0.0132284,11.9282
9386,9446,5.6099,20.947,0.052,0.007,0.0217858,19.6445
9387,9447,5.6099,20.946,0.052,-0.006,0.022111,19.9378
9388,9448,5.6099,20.946,0.052,-0.012,0.0458259,41.3218
9389,9449,5.6099,20.947,0.053,-0.021,0.0446295,40.243
9390,9450,5.6199,20.947,0.052,-0.013,0.0605574,54.6054
9391,9451,5.6199,20.945,0.052,-0.019,0.0246833,22.2573
9392,9452,5.6199,20.946,0.053,-0.007,0.0452502,40.8027
9393,9453,5.6199,20.947,0.054,0.006,0.0200249,18.0567
9394,9454,5.6199,20.946,0.053,0.012,0.0291443,26.2798
9395,9455,5.6199,20.946,0.053,0.014,0.0270863,24.4241
9396,9456,5.6199,20.945,0.053,0.015,0.0183994,16.591
9397,9457,5.6199,20.945,0.052,-0.003,0.0228044,20.563
9398,9458,5.6199,20.947,0.052,-0.002,0.0300649,27.1099
9399,9459,5.6199,20.947,0.052,-0.024,0.033533,30.2371
9400,9460,5.6199,20.947,0.052,-0.018,0.0214063,19.3023
9401,9461,5.6299,20.946,0.052,-0.029,0.022165,19.9865
9402,9462,5.6299,20.945,0.052,0,0.0214432,19.3356
9403,9463,5.6299,20.946,0.052,-0.009,0.0165115,14.8887
9404,9464,5.6299,20.944,0.052,0.005,0.0122742,11.0678
9405,9465,5.6299,20.946,0.052,-0.004,0.0166032,14.9713
9406,9466,5.6299,20.946,0.052,-0.002,0.0199114,17.9544
9407,9467,5.6299,20.946,0.052,0.001,0.0340851,30.735
9408,9468,5.6299,20.947,0.053,0.002,0.0439964,39.6721
9409,9469,5.6299,20.946,0.052,-0.01,0.0400415,36.1059
9410,9470,5.6399,20.947,0.053,-0.013,0.0362818,32.7157
9411,9471,5.6399,20.947,0.052,-0.007,0.0223001,20.1083
9412,9472,5.6399,20.948,0.051,0.003,0.0133567,12.044
9413,9473,5.6399,20.946,0.052,0.004,0.0159552,14.387
9414,9474,5.6399,20.946,0.053,0.008,0.0246707,22.2459
9415,9475,5.6399,20.946,0.052,0.011,0.0137007,12.3541
9416,9476,5.6399,20.946,0.053,0.008,0.015002,13.5275
9417,9477,5.6399,20.946,0.053,0.004,0.0263717,23.7797
9418,9478,5.6399,20.946,0.052,-0.014,0.0222857,20.0953
9419,9479,5.6399,20.947,0.052,-0.023,0.0365377,32.9466
9420,9480,5.6399,20.947,0.052,-0.009,0.0269934,24.3403
9421,9481,5.6399,20.945,0.052,-0.02,0.0273414,24.6541
9422,9482,5.6499,20.948,0.052,-0.007,0.0088795,8.0068
9423,9483,5.6499,20.948,0.052,0.006,0.0127945,11.537
9424,9484,5.6499,20.947,0.052,0.013,0.0106725,9.6235
9425,9485,5.6499,20.945,0.052,0,0.0161164,14.5324
9426,9486,5.6399,20.946,0.052,0.006,0.0165342,14.9091
9427,9487,5.6399,20.947,0.052,0,0.0177394,15.9958
9428,9488,5.6499,20.948,0.052,-0.001,0.0308178,27.7888
9429,9489,5.6499,20.946,0.052,-0.002,0.0417638,37.659
9430,9490,5.6499,20.947,0.053,-0.011,0.0425839,38.3985
9431,9491,5.6499,20.946,0.052,-0.003,0.0255827,23.0682
9432,9492,5.6499,20.946,0.052,-0.002,0.0386127,34.8176
9433,9493,5.6499,20.946,0.052,0.015,0.0190716,17.1971
9434,9494,5.6499,20.946,0.052,0.002,0.0152657,13.7653
9435,9495,5.6499,20.948,0.052,0.004,0,0
9436,9496,5.6499,20.948,0.052,0.008,0.0014337,1.2928
9437,9497,5.6499,20.946,0.052,0.008,0.0284019,25.6104
9438,9498,5.6499,20.946,0.053,0.007,0.0323972,29.213
9439,9499,5.6499,20.946,0.053,-0.006,0.0216462,19.5187
9440,9500,5.6599,20.946,0.051,-0.016,0.0320446,28.8951
9441,9501,5.6599,20.946,0.051,-0.02,0.0183257,16.5246
9442,9502,5.6599,20.947,0.051,-0.009,0.0120764,10.8895
9443,9503,5.6599,20.948,0.051,-0.012,0.019538,17.6177
9444,9504,5.6599,20.946,0.052,0.002,0.0059701,5.3833
9445,9505,5.6599,20.947,0.053,0.009,0.0019912,1.7955
9446,9506,5.6599,20.946,0.053,0.021,0.0035048,3.1603
9447,9507,5.6599,20.947,0.052,0.021,0.0266488,24.0296
9448,9508,5.6599,20.946,0.053,-0.003,0.0292524,26.3773
9449,9509,5.6599,20.946,0.053,-0.003,0.0292528,26.3777
9450,9510,5.6599,20.945,0.052,0.002,0.0230948,20.8249
9451,9511,5.6599,20.946,0.052,-0.011,0.0349219,31.4895
9452,9512,5.6599,20.947,0.053,-0.003,0.0207252,18.6882
9453,9513,5.6599,20.948,0.052,0.011,0.0145437,13.1143
9454,9514,5.6599,20.946,0.052,0.005,0.0187631,16.919
9455,9515,5.67,20.946,0.052,0.013,0.0234349,21.1315
9456,9516,5.67,20.947,0.052,0.012,0.0231327,20.8591
9457,9517,5.67,20.948,0.052,0.02,0.0217222,19.5872
9458,9518,5.67,20.946,0.051,-0.006,0.0514778,46.4182
9459,9519,5.67,20.947,0.052,-0.012,0.0445352,40.158
9460,9520,5.67,20.948,0.053,-0.018,0.0229717,20.7139
9461,9521,5.67,20.949,0.052,-0.009,0.028526,25.7223
9462,9522,5.67,20.948,0.052,-0.014,0.031217,28.1488
9463,9523,5.67,20.947,0.052,-0.001,0.0283841,25.5943
9464,9524,5.67,20.947,0.052,0.01,0,0
9465,9525,5.67,20.946,0.052,0.006,0.0079131,7.1354
9466,9526,5.67,20.946,0.052,0.001,0,0
9467,9527,5.67,20.946,0.053,0.011,0.0280179,25.2641
9468,9528,5.67,20.944,0.052,0.002,0.0253279,22.8385
9469,9529,5.67,20.946,0.052,-0.01,0.0465388,41.9647
9470,9530,5.67,20.943,0.053,-0.013,0.0337012,30.3888
9471,9531,5.67,20.945,0.052,0.001,0.0625596,56.4108
9472,9532,5.67,20.946,0.052,-0.003,0.0292217,26.3496
9473,9533,5.67,20.946,0.052,-0.001,0.025602,23.0857
9474,9534,5.67,20.945,0.052,0.002,0.006024,5.432
9475,9535,5.6801,20.945,0.052,0.019,0.0111994,10.0987
9476,9536,5.6801,20.948,0.052,0.016,0,0
9477,9537,5.6801,20.946,0.052,0.016,0.0081872,7.3825
9478,9538,5.6801,20.948,0.052,-0.012,0.0222554,20.068
9479,9539,5.6801,20.948,0.052,-0.005,0.0310558,28.0034
9480,9540,5.6801,20.947,0.052,-0.024,0.0296338,26.7212
9481,9541,5.6801,20.947,0.051,-0.008,0.0286674,25.8498
9482,9542,5.6801,20.946,0.051,-0.029,0.0223139,20.1207
9483,9543,5.6801,20.945,0.05,-0.003,0.0178095,16.059
9484,9544,5.6801,20.946,0.051,-0.003,0,0
9485,9545,5.6801,20.947,0.051,0.014,0.0264725,23.8706
9486,9546,5.6801,20.947,0.051,0.009,0.0116859,10.5373
9487,9547,5.6801,20.947,0.052,0.021,0.0226605,20.4333
9488,9548,5.6901,20.947,0.052,0.011,0.028337,25.5519
9489,9549,5.6901,20.947,0.053,-0.002,0.030276,27.3003
9490,9550,5.6901,20.947,0.053,-0.011,0.0437087,39.4127
9491,9551,5.6901,20.947,0.052,-0.01,0.028591,25.7809
9492,9552,5.6901,20.947,0.052,-0.004,0.0369174,33.2889
9493,9553,5.6901,20.946,0.052,-0.002,0.0384215,34.6452
9494,9554,5.6901,20.947,0.052,0.002,0.016518,14.8945
9495,9555,5.6901,20.947,0.052,0.019,0.0195647,17.6418
9496,9556,5.6901,20.948,0.052,-0.006,0.015234,13.7367
9497,9557,5.6901,20.947,0.051,0.003,0.0139954,12.6198
9498,9558,5.6901,20.948,0.052,0.003,0.0199928,18.0278
9499,9559,5.6901,20.946,0.052,-0.003,0.0241336,21.7616
9500,9560,5.6901,20.946,0.053,-0.01,0.0170527,15.3766
9501,9561,5.6901,20.947,0.053,-0.018,0.0321158,28.9592
9502,9562,5.6901,20.946,0.053,-0.014,0.0268961,24.2525
9503,9563,5.6901,20.948,0.052,-0.008,0.022185,20.0045
9504,9564,5.6901,20.945,0.052,-0.012,0,0
9505,9565,5.6901,20.946,0.053,0.008,0.0133108,12.0025
9506,9566,5.6901,20.946,0.053,0.004,0.0059766,5.3892
9507,9567,5.6901,20.946,0.052,0.008,0.0126746,11.4288
9508,9568,5.6901,20.946,0.052,0.01,0.028778,25.9495
9509,9569,5.6901,20.946,0.051,0.005,0.0345212,31.1283
9510,9570,5.6901,20.946,0.052,-0.003,0.0306774,27.6622
9511,9571,5.6901,20.947,0.052,0.003,0.0405622,36.5754
9512,9572,5.6901,20.947,0.053,-0.006,0.0333268,30.0512
9513,9573,5.6901,20.946,0.052,-0.008,0.0304886,27.4919
9514,9574,5.6901,20.947,0.052,-0.007,0.0030359,2.7375
9515,9575,5.6901,20.948,0.051,0.015,0.0069905,6.3034
9516,9576,5.6901,20.948,0.052,0.012,0.0009037,0.8149
9517,9577,5.7001,20.946,0.053,0.013,0.0038495,3.4711
9518,9578,5.7001,20.947,0.052,0.001,0.0164555,14.8381
9519,9579,5.7001,20.948,0.051,-0.008,0.0241167,21.7463
9520,9580,5.7001,20.947,0.052,-0.012,0.0391131,35.2688
9521,9581,5.7001,20.947,0.053,-0.01,0.0431131,38.8757
9522,9582,5.7001,20.947,0.052,-0.02,0.0294189,26.5274
9523,9583,5.7001,20.947,0.052,-0.012,0.0183504,16.5468
9524,9584,5.7001,20.947,0.052,-0.01,0.0019542,1.7621
9525,9585,5.7001,20.947,0.052,0.011,0.01264,11.3977
9526,9586,5.7001,20.948,0.052,0.012,0.0093926,8.4694
9527,9587,5.7001,20.947,0.053,0.013,0.017885,16.1271
9528,9588,5.7001,20.948,0.053,0.014,0.0216608,19.5318
9529,9589,5.7001,20.947,0.053,0.007,0.0254975,22.9915
9530,9590,5.7001,20.946,0.052,-0.005,0.0150688,13.5877
9531,9591,5.71,20.947,0.052,-0.008,0.0315843,28.4799
9532,9592,5.71,20.945,0.053,-0.022,0.0265063,23.9011
9533,9593,5.71,20.947,0.052,-0.005,0.0250334,22.5729
9534,9594,5.71,20.946,0.052,-0.003,0.0129943,11.7171
9535,9595,5.71,20.948,0.052,0.012,0.017564,15.8376
9536,9596,5.71,20.948,0.052,0.002,0.0048867,4.4064
9537,9597,5.71,20.948,0.052,0.01,0.0213013,19.2077
9538,9598,5.71,20.947,0.052,0.002,0.0140847,12.7004
9539,9599,5.71,20.947,0.052,0.003,0.0199081,17.9514
9540,9600,5.71,20.946,0.052,-0.005,0.0239479,21.5941
9541,9601,5.71,20.947,0.052,0,0.0492445,44.4044
9542,9602,5.71,20.948,0.052,-0.015,0.0266022,23.9876
9543,9603,5.71,20.948,0.052,-0.006,0.022999,20.7385
9544,9604,5.71,20.947,0.052,-0.005,0.0266664,24.0455
9545,9605,5.71,20.947,0.052,-0.003,0.0302404,27.2682
9546,9606,5.71,20.949,0.052,0.007,0.0124156,11.1953
9547,9607,5.71,20.946,0.052,0.014,0.0181729,16.3868
9548,9608,5.71,20.947,0.052,-0.001,0.0163199,14.7158
9549,9609,5.71,20.947,0.053,0.01,0.0270641,24.404
9550,9610,5.71,20.946,0.052,0.004,0.0202704,18.2781
9551,9611,5.71,20.946,0.052,0.001,0.0246592,22.2355
9552,9612,5.72,20.946,0.052,-0.023,0.0315995,28.4937
9553,9613,5.72,20.946,0.052,-0.006,0.0362994,32.7317
9554,9614,5.72,20.947,0.053,0.002,0.0184081,16.5988
9555,9615,5.72,20.946,0.053,-0.002,0.0258987,23.3532
9556,9616,5.72,20.946,0.052,-0.01,0.0092248,8.3181
9557,9617,5.72,20.947,0.052,0.007,0,0
9558,9618,5.72,20.947,0.053,0.011,0,0
9559,9619,5.72,20.945,0.053,0.007,0.0027898,2.5156
9560,9620,5.72,20.946,0.052,-0.007,0.0360221,32.4816
9561,9621,5.72,20.947,0.052,-0.005,0.0319468,28.8069
9562,9622,5.72,20.948,0.052,-0.009,0.0348733,31.4457
9563,9623,5.72,20.948,0.052,-0.011,0.0333939,30.1117
9564,9624,5.72,20.947,0.052,-0.015,0.0154155,13.9004
9565,9625,5.72,20.947,0.052,0.006,0.0302252,27.2545
9566,9626,5.72,20.946,0.052,-0.001,0.0170571,15.3806
9567,9627,5.73,20.946,0.053,0.01,0.0144787,13.0557
9568,9628,5.73,20.947,0.053,0.019,0.0071176,6.4181
9569,9629,5.73,20.947,0.052,0.028,0.0127992,11.5412
9570,9630,5.73,20.947,0.052,0.016,0.0361386,32.5867
9571,9631,5.73,20.947,0.052,-0.01,0.039476,35.5961
9572,9632,5.73,20.946,0.053,-0.007,0.0274802,24.7793
9573,9633,5.74,20.946,0.052,-0.01,0.0274709,24.7708
9574,9634,5.74,20.946,0.052,-0.012,0.0323996,29.2151
9575,9635,5.74,20.947,0.052,0.004,0.0265221,23.9153
9576,9636,5.74,20.947,0.052,-0.005,0.0240007,21.6418
9577,9637,5.74,20.946,0.052,0.003,0.0172577,15.5615
9578,9638,5.74,20.947,0.052,0.005,0.004913,4.4301
9579,9639,5.74,20.947,0.052,0.012,0.0083932,7.5682
9580,9640,5.74,20.947,0.052,0.002,0.0246247,22.2044
9581,9641,5.74,20.948,0.052,-0.015,0.0114133,10.2915
9582,9642,5.74,20.947,0.052,-0.018,0.0263995,23.8048
9583,9643,5.74,20.947,0.052,-0.012,0.0309008,27.8636
9584,9644,5.75,20.948,0.052,-0.007,0.0317022,28.5863
9585,9645,5.75,20.947,0.052,-0.007,0.0240055,21.646
9586,9646,5.75,20.946,0.052,-0.001,0.0243685,21.9734
9587,9647,5.74,20.946,0.052,-0.004,0.0062562,5.6413
9588,9648,5.74,20.947,0.052,0.012,0.0245183,22.1085
9589,9649,5.74,20.945,0.052,0.014,0.0134106,12.0926
9590,9650,5.74,20.947,0.052,0.006,0.0285074,25.7055
9591,9651,5.74,20.948,0.052,-0.004,0.0398226,35.9086
9592,9652,5.74,20.947,0.052,0.008,0.0317574,28.6361
9593,9653,5.74,20.947,0.053,-0.006,0.0326146,29.409
9594,9654,5.74,20.947,0.053,-0.006,0.0418921,37.7747
9595,9655,5.74,20.946,0.053,-0.007,0.016812,15.1596
9596,9656,5.74,20.946,0.052,-0.005,0.0121953,10.9967
9597,9657,5.74,20.947,0.052,-0.004,0.0038788,3.4976
9598,9658,5.74,20.947,0.052,0.008,0.0081776,7.3739
9599,9659,5.75,20.948,0.052,-0.004,0,0
9600,9660,5.75,20.947,0.052,0.006,0.0167263,15.0823
9601,9661,5.75,20.947,0.051,-0.003,0.0244542,22.0507
9602,9662,5.75,20.946,0.051,-0.017,0.0377814,34.068
9603,9663,5.75,20.947,0.052,-0.015,0.0278136,25.0799
9604,9664,5.75,20.948,0.052,-0.007,0.0253221,22.8333
9605,9665,5.75,20.946,0.052,-0.021,0.0287824,25.9535
9606,9666,5.75,20.947,0.052,0.003,0.0323784,29.196
9607,9667,5.75,20.947,0.052,0.007,0.0313208,28.2424
9608,9668,5.75,20.947,0.052,0.015,0.0170303,15.3565
9609,9669,5.75,20.947,0.052,0.011,0.0314699,28.3768
9610,9670,5.75,20.947,0.052,0.018,0.0291341,26.2706
9611,9671,5.75,20.948,0.052,-0.002,0.0311147,28.0566
9612,9672,5.75,20.948,0.052,-0.004,0.0326302,29.4231
9613,9673,5.75,20.947,0.052,-0.008,0.0296716,26.7552
9614,9674,5.75,20.945,0.052,-0.003,0.034021,30.6772
9615,9675,5.75,20.946,0.052,-0.005,0.0074217,6.6923
9616,9676,5.75,20.947,0.051,-0.003,0.0128951,11.6276
9617,9677,5.76,20.946,0.052,-0.006,0.0005989,0.5401
9618,9678,5.76,20.946,0.051,-0.001,0.0061684,5.5622
9619,9679,5.76,20.945,0.051,0.004,0,0
9620,9680,5.76,20.947,0.052,0,0.0195562,17.6341
9621,9681,5.76,20.945,0.052,-0.008,0.0167301,15.0857
9622,9682,5.76,20.947,0.052,-0.011,0.0318103,28.6838
9623,9683,5.76,20.947,0.052,-0.021,0.0414616,37.3865
9624,9684,5.76,20.949,0.052,-0.014,0.034841,31.4166
9625,9685,5.76,20.948,0.051,-0.013,0.0184307,16.6192
9626,9686,5.76,20.947,0.051,0.008,0.0224793,20.2699
9627,9687,5.76,20.948,0.051,0.003,0.0191752,17.2905
9628,9688,5.76,20.948,0.051,0.019,0.0161414,14.5549
9629,9689,5.77,20.947,0.052,0.014,0.0134693,12.1454
9630,9690,5.77,20.947,0.053,0.024,0.0311046,28.0475
9631,9691,5.77,20.949,0.053,0.004,0.0293235,26.4414
9632,9692,5.77,20.946,0.053,0.002,0.0395251,35.6403
9633,9693,5.77,20.947,0.052,-0.012,0.0193012,17.4042
9634,9694,5.77,20.947,0.052,-0.015,0.0225541,20.3373
9635,9695,5.77,20.946,0.051,-0.014,0.0073649,6.641
9636,9696,5.77,20.947,0.051,-0.007,0.0138468,12.4859
9637,9697,5.77,20.949,0.051,-0.011,0.000887,0.7999
9638,9698,5.77,20.949,0.051,-0.003,0.0061496,5.5452
9639,9699,5.77,20.948,0.052,0,0.0017076,1.5397
9640,9700,5.77,20.948,0.052,0.006,0.015169,13.6781
9641,9701,5.77,20.947,0.052,-0.01,0.0248486,22.4063
9642,9702,5.77,20.947,0.052,-0.013,0.0359996,32.4613
9643,9703,5.77,20.948,0.052,-0.018,0.0273911,24.6989
9644,9704,5.77,20.947,0.052,-0.004,0.0399919,36.0612
9645,9705,5.77,20.948,0.052,-0.012,0.0292562,26.3807
9646,9706,5.77,20.949,0.052,0.007,0.0302077,27.2387
9647,9707,5.7801,20.948,0.052,0.001,0.0211646,19.0844
9648,9708,5.7801,20.948,0.052,0.013,0.0192337,17.3433
9649,9709,5.7801,20.948,0.052,0.008,0.0117621,10.606
9650,9710,5.7801,20.948,0.051,0.017,0.0118952,10.726
9651,9711,5.7801,20.947,0.052,0.01,0.0057295,5.1664
9652,9712,5.7801,20.946,0.052,0,0.0087217,7.8645
9653,9713,5.7801,20.946,0.052,-0.015,0.0076238,6.8745
9654,9714,5.7801,20.947,0.052,-0.007,0.0238067,21.4668
9655,9715,5.7801,20.947,0.052,-0.023,0.0210842,19.0119
9656,9716,5.7801,20.948,0.051,-0.013,0.0264912,23.8875
9657,9717,5.7801,20.948,0.052,-0.008,0.004067,3.6672
9658,9718,5.7801,20.947,0.051,0.004,0.0124861,11.2589
9659,9719,5.7801,20.946,0.052,-0.003,0.0030686,2.767
9660,9720,5.7801,20.948,0.052,0.003,0,0
9661,9721,5.7801,20.948,0.052,-0.002,0,0
9662,9722,5.7801,20.949,0.052,-0.001,0.0341069,30.7547
9663,9723,5.7901,20.95,0.052,0.001,0.0376689,33.9666
9664,9724,5.7901,20.949,0.052,0.002,0.0373354,33.6658
9665,9725,5.7901,20.949,0.052,-0.008,0.0148247,13.3676
9666,9726,5.7901,20.948,0.052,-0.006,0.0243844,21.9877
9667,9727,5.7901,20.948,0.052,-0.011,0.0177807,16.0331
9668,9728,5.7901,20.948,0.052,0.01,0.0270431,24.3851
9669,9729,5.7901,20.948,0.052,0.002,0.0094947,8.5615
9670,9730,5.7901,20.948,0.052,0.011,0.0072867,6.5705
9671,9731,5.7901,20.948,0.052,0.017,0.0113187,10.2062
9672,9732,5.7901,20.948,0.052,0.019,0.0237429,21.4093
9673,9733,5.7901,20.947,0.052,-0.008,0.0370935,33.4477
9674,9734,5.7901,20.946,0.052,-0.012,0.0324141,29.2283
9675,9735,5.7901,20.946,0.053,-0.016,0.0202525,18.2619
9676,9736,5.7901,20.947,0.052,-0.001,0.0234051,21.1047
9677,9737,5.7901,20.948,0.052,0.001,0.0008964,0.8083
9678,9738,5.7901,20.946,0.051,0.002,0.0093763,8.4547
9679,9739,5.7901,20.947,0.051,-0.001,0,0
9680,9740,5.7901,20.946,0.051,0.006,0.0038338,3.457
9681,9741,5.7901,20.948,0.052,0.008,0.0074012,6.6738
9682,9742,5.8001,20.948,0.052,0.008,0.0169843,15.315
9683,9743,5.8001,20.947,0.052,-0.013,0.0137148,12.3668
9684,9744,5.8001,20.949,0.052,-0.016,0.0398527,35.9357
9685,9745,5.8001,20.947,0.052,-0.016,0.0321898,29.0259
9686,9746,5.8001,20.948,0.052,-0.01,0.0370258,33.3867
9687,9747,5.8001,20.949,0.052,-0.008,0.0118257,10.6634
9688,9748,5.8001,20.948,0.052,0.013,0.020572,18.5501
9689,9749,5.8001,20.948,0.051,0.01,0.0127001,11.4519
9690,9750,5.8001,20.947,0.052,0.021,0.0101623,9.1635
9691,9751,5.8001,20.947,0.052,0.015,0.0049347,4.4496
9692,9752,5.8001,20.947,0.052,0.007,0.0277413,25.0147
9693,9753,5.8001,20.948,0.052,-0.002,0.0271311,24.4644
9694,9754,5.8001,20.948,0.052,0.006,0.0287369,25.9124
9695,9755,5.8001,20.947,0.052,-0.019,0.0239467,21.5931
9696,9756,5.8001,20.947,0.052,-0.011,0.0194572,17.5448
9697,9757,5.8001,20.947,0.052,-0.011,0.0177966,16.0474
9698,9758,5.8001,20.946,0.052,0.003,0.0116177,10.4758
9699,9759,5.8001,20.948,0.052,-0.001,0.0099457,8.9682
9700,9760,5.8001,20.947,0.052,0.002,0.0038614,3.4819
9701,9761,5.81,20.948,0.052,0.009,0.0197342,17.7946
9702,9762,5.81,20.947,0.052,0.014,0.0210126,18.9473
9703,9763,5.81,20.947,0.052,-0.012,0.0238312,21.4889
9704,9764,5.81,20.948,0.053,-0.007,0.0347561,31.3401
9705,9765,5.81,20.947,0.051,-0.009,0.0303784,27.3926
9706,9766,5.82,20.947,0.052,-0.003,0.0434836,39.2097
9707,9767,5.82,20.947,0.052,-0.004,0.0492875,44.4432
9708,9768,5.82,20.948,0.052,0.002,0.0172583,15.5621
9709,9769,5.82,20.947,0.052,0.003,0.0030503,2.7505
9710,9770,5.82,20.948,0.052,0.014,0.0113598,10.2433
9711,9771,5.82,20.946,0.052,0.015,0,0
9712,9772,5.82,20.947,0.051,0.005,0.0073536,6.6308
9713,9773,5.82,20.946,0.052,0,0.0210167,18.951
9714,9774,5.82,20.947,0.053,-0.008,0.0138509,12.4895
9715,9775,5.82,20.948,0.052,-0.019,0.0138527,12.4911
9716,9776,5.82,20.948,0.052,-0.01,0.0213738,19.2731
9717,9777,5.82,20.947,0.052,-0.027,0.0150998,13.6157
9718,9778,5.83,20.948,0.052,-0.023,0.0043284,3.9029
9719,9779,5.83,20.946,0.052,-0.002,0.0164119,14.7988
9720,9780,5.83,20.948,0.051,0.011,0.0233677,21.0709
9721,9781,5.83,20.948,0.052,0.009,0.0156234,14.0878
9722,9782,5.83,20.947,0.052,0.015,0,0
9723,9783,5.83,20.948,0.052,0.007,0.0187811,16.9352
9724,9784,5.83,20.948,0.052,-0.01,0.0289692,26.1219
9725,9785,5.83,20.949,0.052,0.001,0.021253,19.1641
9726,9786,5.83,20.948,0.052,0.001,0.0391029,35.2596
9727,9787,5.83,20.948,0.052,-0.006,0.0262276,23.6498
9728,9788,5.83,20.948,0.052,-0.005,0.0169004,15.2393
9729,9789,5.83,20.949,0.052,0.005,0.0194478,17.5364
9730,9790,5.83,20.949,0.051,0.008,0,0
9731,9791,5.83,20.946,0.051,-0.002,0.0110462,9.9605
9732,9792,5.82,20.947,0.052,0,0.0121212,10.9298
9733,9793,5.82,20.948,0.052,0.013,0.0327023,29.4881
9734,9794,5.82,20.949,0.052,0.001,0.0179352,16.1724
9735,9795,5.82,20.947,0.052,-0.013,0.0147066,13.2611
9736,9796,5.82,20.948,0.052,-0.011,0.0283609,25.5734
9737,9797,5.83,20.949,0.052,-0.022,0.0257262,23.1977
9738,9798,5.83,20.948,0.052,-0.01,0.0212073,19.1229
9739,9799,5.83,20.948,0.052,-0.002,0.01131,10.1984
9740,9800,5.83,20.948,0.052,-0.004,0.0088671,7.9955
9741,9801,5.83,20.948,0.052,0.015,0.0063344,5.7118
9742,9802,5.83,20.948,0.052,0.013,0.0093986,8.4749
9743,9803,5.83,20.946,0.052,0.012,0.032078,28.9251
9744,9804,5.83,20.946,0.052,-0.007,0.024717,22.2876
9745,9805,5.84,20.946,0.052,-0.003,0.0316492,28.5385
9746,9806,5.84,20.948,0.052,0,0.0393444,35.4774
9747,9807,5.84,20.948,0.052,-0.012,0.0420786,37.9428
9748,9808,5.84,20.948,0.052,-0.01,0.0163023,14.7
9749,9809,5.84,20.948,0.052,-0.006,0.02142,19.3147
9750,9810,5.83,20.948,0.052,0.008,0.0123957,11.1773
9751,9811,5.83,20.947,0.052,0.015,0.0062635,5.6479
9752,9812,5.84,20.946,0.052,0.008,0.0008975,0.8093
9753,9813,5.84,20.948,0.052,0.005,0.0224469,20.2406
9754,9814,5.84,20.948,0.052,-0.011,0.016052,14.4743
9755,9815,5.84,20.947,0.052,-0.009,0.0245303,22.1193
9756,9816,5.84,20.948,0.052,-0.016,0.0288518,26.0161
9757,9817,5.84,20.948,0.051,-0.018,0.0295415,26.638
9758,9818,5.84,20.947,0.052,-0.024,0.0107526,9.6957
9759,9819,5.84,20.948,0.052,-0.006,0.0008963,0.8082
9760,9820,5.84,20.949,0.051,-0.006,0.0032998,2.9755
9761,9821,5.84,20.948,0.052,0.008,0,0
9762,9822,5.84,20.947,0.053,0.008,0.0051839,4.6744
9763,9823,5.85,20.948,0.052,0.012,0.0234564,21.151
9764,9824,5.85,20.948,0.052,-0.007,0.0127363,11.4845
9765,9825,5.85,20.948,0.051,-0.001,0.0386583,34.8587
9766,9826,5.85,20.948,0.052,-0.008,0.0245666,22.152
9767,9827,5.85,20.948,0.052,-0.013,0.0353651,31.8892
9768,9828,5.85,20.948,0.052,-0.009,0.0114388,10.3145
9769,9829,5.85,20.947,0.052,0.004,0.0161057,14.5227
9770,9830,5.85,20.948,0.052,0.013,0.0051519,4.6455
9771,9831,5.85,20.948,0.053,0.006,0.0051463,4.6405
9772,9832,5.85,20.949,0.052,0.021,0.0213555,19.2565
9773,9833,5.85,20.948,0.053,0.009,0.0170895,15.4099
9774,9834,5.86,20.948,0.053,-0.009,0.0325226,29.3261
9775,9835,5.86,20.948,0.052,0.001,0.0216507,19.5228
9776,9836,5.86,20.948,0.052,-0.017,0.0305089,27.5103
9777,9837,5.85,20.947,0.052,-0.009,0.0182909,16.4931
9778,9838,5.85,20.948,0.053,-0.014,0.0274564,24.7578
9779,9839,5.85,20.947,0.053,0.002,0.0117678,10.6112
9780,9840,5.85,20.948,0.052,-0.002,0.0114645,10.3377
9781,9841,5.85,20.948,0.051,0.009,0.0031233,2.8164
9782,9842,5.86,20.948,0.051,0.01,0.0027318,2.4633
9783,9843,5.86,20.948,0.051,-0.005,0.001995,1.799
9784,9844,5.86,20.948,0.052,-0.001,0.0019792,1.7847
9785,9845,5.86,20.948,0.052,-0.012,0.0250078,22.5499
9786,9846,5.86,20.947,0.052,-0.006,0.0345687,31.171
9787,9847,5.86,20.948,0.052,-0.01,0.0302659,27.2912
9788,9848,5.86,20.947,0.052,-0.008,0.0076166,6.868
9789,9849,5.86,20.949,0.052,-0.007,0.0141859,12.7916
9790,9850,5.86,20.947,0.052,0.003,0.0043809,3.9503
9791,9851,5.87,20.948,0.053,0.003,0.0095032,8.5691
9792,9852,5.87,20.948,0.052,0.01,0.0114773,10.3493
9793,9853,5.87,20.948,0.052,0.016,0.0159322,14.3663
9794,9854,5.86,20.947,0.052,0.012,0.0324821,29.2896
9795,9855,5.86,20.948,0.052,0.012,0.0293175,26.436
9796,9856,5.86,20.948,0.052,-0.014,0.0322131,29.047
9797,9857,5.86,20.949,0.051,-0.018,0.0258813,23.3375
9798,9858,5.86,20.948,0.051,-0.013,0.0304998,27.502
9799,9859,5.86,20.948,0.051,0.003,0.0125449,11.3119
9800,9860,5.86,20.949,0.052,-0.003,0.0062956,5.6769
9801,9861,5.86,20.949,0.051,0.005,0.0144012,12.9858
9802,9862,5.86,20.949,0.052,0.006,0,0
9803,9863,5.86,20.948,0.052,0.003,0.0214591,19.35
9804,9864,5.87,20.948,0.052,-0.001,0.0140676,12.685
9805,9865,5.87,20.948,0.052,-0.016,0.0227086,20.4767
9806,9866,5.87,20.948,0.053,-0.009,0.0252134,22.7352
9807,9867,5.87,20.947,0.052,-0.017,0.0281689,25.4002
9808,9868,5.87,20.948,0.052,-0.015,0.0201255,18.1474
9809,9869,5.87,20.949,0.051,-0.01,0.0150151,13.5393
9810,9870,5.87,20.947,0.052,0.003,0.0239571,21.6024
9811,9871,5.87,20.948,0.052,0.008,0.0096054,8.6614
9812,9872,5.87,20.948,0.052,0.01,0,0
9813,9873,5.87,20.946,0.052,0.022,0.0130897,11.8032
9814,9874,5.87,20.948,0.052,-0.006,0.0147377,13.2891
9815,9875,5.88,20.948,0.053,-0.004,0.0183023,16.5034
9816,9876,5.88,20.949,0.053,-0.008,0.0359877,32.4506
9817,9877,5.88,20.948,0.052,-0.011,0.0429907,38.7653
9818,9878,5.88,20.948,0.052,-0.013,0.0130733,11.7883
9819,9879,5.88,20.948,0.052,-0.005,0.0119199,10.7484
9820,9880,5.88,20.948,0.052,0,0.0051936,4.6832
9821,9881,5.88,20.948,0.052,-0.004,0.0046325,4.1772
9822,9882,5.88,20.947,0.051,0.005,0.0175703,15.8434
9823,9883,5.88,20.948,0.051,0.017,0.0139194,12.5513
9824,9884,5.88,20.948,0.052,-0.002,0.0154417,13.924
9825,9885,5.88,20.949,0.052,-0.005,0.0084966,7.6615
9826,9886,5.88,20.949,0.053,-0.003,0.0273301,24.6439
9827,9887,5.88,20.948,0.052,-0.02,0.0158743,14.3141
9828,9888,5.88,20.948,0.053,-0.021,0.0275023,24.7992
9829,9889,5.88,20.947,0.052,-0.004,0.0225998,20.3786
9830,9890,5.88,20.949,0.052,-0.002,9.36e-05,0.0844
9831,9891,5.88,20.949,0.052,0.009,0.0084184,7.591
9832,9892,5.88,20.948,0.052,0.019,0.0073796,6.6543
9833,9893,5.89,20.946,0.051,0.007,0.007218,6.5086
9834,9894,5.89,20.946,0.052,0.002,0.0180401,16.267
9835,9895,5.89,20.948,0.052,0.004,0.0206109,18.5851
9836,9896,5.89,20.947,0.053,0.006,0.0196789,17.7447
9837,9897,5.89,20.948,0.052,-0.008,0.0377966,34.0817
9838,9898,5.89,20.947,0.052,-0.001,0.0353399,31.8665
9839,9899,5.89,20.948,0.052,-0.012,0.0236712,21.3446
9840,9900,5.89,20.948,0.051,-0.002,0.0094047,8.4804
9841,9901,5.89,20.947,0.051,0.01,0,0
9842,9902,5.89,20.949,0.052,0.007,0.0102341,9.2282
9843,9903,5.89,20.948,0.052,0.007,0.0350703,31.6233
9844,9904,5.89,20.948,0.053,0.007,0.0147036,13.2584
9845,9905,5.89,20.948,0.052,0.001,0.0084439,7.614
9846,9906,5.89,20.947,0.052,-0.01,0.0033697,3.0385
9847,9907,5.89,20.949,0.052,-0.009,0.0225255,20.3116
9848,9908,5.9001,20.949,0.052,-0.022,0.0208861,18.8333
9849,9909,5.9001,20.948,0.052,-0.019,0.023761,21.4256
9850,9910,5.9001,20.948,0.051,-0.018,0.0096067,8.6625
9851,9911,5.9001,20.95,0.052,0.006,0.0008964,0.8083
9852,9912,5.9001,20.948,0.052,0.018,0,0
9853,9913,5.9001,20.948,0.051,0.009,0.0030951,2.7909
9854,9914,5.9001,20.947,0.052,-0.013,0.0072293,6.5188
9855,9915,5.9001,20.947,0.052,0,0.0087054,7.8497
9856,9916,5.9001,20.948,0.052,0.006,0.0223319,20.1369
9857,9917,5.9001,20.948,0.052,0.006,0.0224208,20.2172
9858,9918,5.9001,20.949,0.052,-0.012,0.0356897,32.1818
9859,9919,5.9001,20.949,0.052,-0.01,0.0246833,22.2572
9860,9920,5.9001,20.949,0.051,-0.008,0.0232614,20.9751
9861,9921,5.9001,20.948,0.052,0.006,0.0095294,8.5928
9862,9922,5.9001,20.948,0.051,0.013,0.0041051,3.7016
9863,9923,5.9001,20.948,0.051,0.017,0,0
9864,9924,5.9001,20.949,0.051,0.012,0.0054452,4.91
9865,9925,5.9099,20.948,0.052,0.008,0.0261255,23.5577
9866,9926,5.9099,20.948,0.052,0.001,0.0049295,4.445
9867,9927,5.9099,20.949,0.052,-0.007,0.0363063,32.7379
9868,9928,5.9099,20.948,0.052,-0.012,0.0213612,19.2617
9869,9929,5.9099,20.949,0.052,-0.014,0.0170277,15.3541
9870,9930,5.9099,20.947,0.052,-0.009,0,0
9871,9931,5.9099,20.948,0.052,-0.008,0,0
9872,9932,5.9099,20.948,0.052,0.005,0,0
9873,9933,5.9099,20.948,0.052,0.01,0,0
9874,9934,5.9099,20.948,0.051,0.011,0.0065796,5.933
9875,9935,5.9099,20.949,0.052,0.005,0.0134627,12.1395
9876,9936,5.9099,20.949,0.052,-0.01,0.0227892,20.5494
9877,9937,5.9099,20.948,0.051,0.014,0.0241565,21.7823
9878,9938,5.9099,20.947,0.052,-0.014,0.0270528,24.3939
9879,9939,5.9099,20.947,0.052,-0.006,0.0159369,14.3706
9880,9940,5.9099,20.948,0.052,-0.007,0.0121507,10.9565
9881,9941,5.9099,20.949,0.052,0.016,0.0008878,0.8005
9882,9942,5.9099,20.949,0.052,0.016,0.0104823,9.452
9883,9943,5.9099,20.95,0.052,0.018,0.0161856,14.5947
9884,9944,5.9099,20.949,0.053,0.023,0,0
9885,9945,5.9099,20.949,0.052,0.002,0.0173404,15.636
9886,9946,5.9099,20.949,0.052,0.001,0.0092791,8.3671
9887,9947,5.9099,20.948,0.051,-0.012,0.0106121,9.569
9888,9948,5.9099,20.949,0.052,-0.012,0.0150693,13.5882
9889,9949,5.9099,20.949,0.052,-0.011,0.0288717,26.034
9890,9950,5.9099,20.948,0.052,-0.001,0.0193538,17.4516
9891,9951,5.9099,20.948,0.052,-0.007,0,0
9892,9952,5.9099,20.95,0.052,0.013,0,0
9893,9953,5.9099,20.948,0.052,0.004,0,0
9894,9954,5.9099,20.948,0.051,-0.001,0,0
9895,9955,5.92,20.948,0.051,0.01,0,0
9896,9956,5.92,20.95,0.052,-0.006,0.0153171,13.8116
9897,9957,5.92,20.949,0.052,0.005,0.0267813,24.1491
9898,9958,5.92,20.948,0.052,0.004,0.0277001,24.9775
9899,9959,5.93,20.948,0.052,-0.005,0.0245247,22.1143
9900,9960,5.93,20.949,0.052,-0.013,0.0055167,4.9745
9901,9961,5.93,20.948,0.052,-0.004,0.0003853,0.3474
9902,9962,5.92,20.948,0.052,0.012,0.0011933,1.076
9903,9963,5.92,20.949,0.052,0.015,0.0085458,7.7059
9904,9964,5.92,20.949,0.052,0.015,0,0
9905,9965,5.92,20.948,0.052,0.014,0.0232066,20.9257
9906,9966,5.92,20.95,0.051,0.01,0.0162123,14.6188
9907,9967,5.92,20.95,0.052,-0.004,0.0069556,6.2719
9908,9968,5.92,20.949,0.052,-0.016,0.0054744,4.9364
9909,9969,5.93,20.949,0.052,-0.012,0.0161802,14.5899
9910,9970,5.93,20.948,0.053,-0.004,0.0121556,10.9609
9911,9971,5.93,20.947,0.052,0.003,0.0130877,11.8014
9912,9972,5.93,20.949,0.052,0.004,0,0
9913,9973,5.93,20.95,0.052,0.008,0,0
9914,9974,5.93,20.949,0.051,0.001,0.0246994,22.2718
9915,9975,5.93,20.949,0.051,0.015,0.0172499,15.5544
9916,9976,5.93,20.948,0.052,-0.007,0.0077812,7.0164
9917,9977,5.93,20.948,0.052,-0.006,0.0339,30.5681
9918,9978,5.93,20.949,0.052,-0.002,0.0207095,18.6741
9919,9979,5.93,20.95,0.052,0.004,0.0132173,11.9182
9920,9980,5.93,20.949,0.051,-0.006,0.0123739,11.1578
9921,9981,5.93,20.949,0.052,-0.006,0.0203304,18.3322
9922,9982,5.93,20.95,0.051,-0.003,0.0098001,8.8369
9923,9983,5.93,20.949,0.051,0.011,0,0
9924,9984,5.93,20.949,0.051,0.023,0,0
9925,9985,5.93,20.948,0.051,-0.008,0,0
9926,9986,5.93,20.948,0.051,-0.006,0.0261186,23.5515
9927,9987,5.93,20.949,0.052,0.003,0.014219,12.8214
9928,9988,5.93,20.949,0.052,-0.018,0.0049112,4.4285
9929,9989,5.94,20.948,0.053,-0.01,0.0131373,11.8461
9930,9990,5.94,20.949,0.052,-0.009,0.0172553,15.5594
9931,9991,5.94,20.95,0.052,-0.007,0.0130983,11.8109
9932,9992,5.94,20.95,0.052,-0.01,0.0117416,10.5875
9933,9993,5.94,20.949,0.052,0,0.0044416,4.0051
9934,9994,5.94,20.949,0.051,0.014,0.0097818,8.8204
9935,9995,5.94,20.949,0.051,0.019,0.0117939,10.6347
9936,9996,5.94,20.95,0.051,0.01,0,0
9937,9997,5.94,20.95,0.051,-0.014,0.0097557,8.7969
9938,9998,5.94,20.949,0.051,-0.003,0.0097296,8.7733
9939,9999,5.94,20.949,0.052,-0.004,0.0175015,15.7813
9940,10000,5.94,20.951,0.052,-0.008,0.0115001,10.3698
9941,10001,5.94,20.95,0.051,-0.007,0.0035814,3.2294
9942,10002,5.94,20.949,0.052,-0.002,0.0119021,10.7323
9943,10003,5.94,20.949,0.052,0.003,0.009633,8.6862
9944,10004,5.95,20.948,0.052,0.005,0,0
9945,10005,5.96,20.949,0.052,0,0.0116553,10.5098
9946,10006,5.96,20.949,0.052,0.003,0.0195034,17.5864
9947,10007,5.95,20.948,0.052,0.021,0.0233958,21.0963
9948,10008,5.95,20.948,0.052,0,0.0214351,19.3283
9949,10009,5.95,20.949,0.051,0,0.0269791,24.3274
9950,10010,5.95,20.949,0.051,-0.011,0.003599,3.2452
9951,10011,5.95,20.95,0.051,-0.01,0.0132174,11.9183
9952,10012,5.95,20.951,0.051,0.002,0.0011885,1.0717
9953,10013,5.95,20.95,0.052,-0.001,0.0074333,6.7027
9954,10014,5.95,20.949,0.052,0,0,0
9955,10015,5.95,20.949,0.051,0.008,0.0128216,11.5614
9956,10016,5.95,20.95,0.051,0.004,0.0072636,6.5497
9957,10017,5.95,20.948,0.052,-0.008,0.0161962,14.6043
9958,10018,5.95,20.949,0.051,-0.008,0.0207463,18.7072
9959,10019,5.95,20.948,0.052,-0.005,0.0238153,21.4746
9960,10020,5.95,20.948,0.052,-0.016,0.015156,13.6664
9961,10021,5.95,20.949,0.051,0.001,0.0057421,5.1777
9962,10022,5.95,20.95,0.051,-0.002,0.007793,7.0271
9963,10023,5.95,20.949,0.052,0.009,0,0
9964,10024,5.95,20.949,0.052,0.007,0,0
9965,10025,5.95,20.948,0.052,0.008,0,0
9966,10026,5.95,20.95,0.052,0.002,0.0236371,21.3139
9967,10027,5.95,20.948,0.052,0.007,0.0368221,33.203
9968,10028,5.96,20.948,0.052,-0.006,0.0141652,12.773
9969,10029,5.96,20.949,0.052,-0.015,0.020893,18.8395
9970,10030,5.96,20.95,0.051,-0.018,0.0238321,21.4897
9971,10031,5.96,20.95,0.052,-0.009,0.0315303,28.4313
9972,10032,5.97,20.95,0.052,-0.001,0.0182508,16.457
9973,10033,5.97,20.95,0.052,0.002,0.0190704,17.196
9974,10034,5.97,20.949,0.051,0.015,0,0
9975,10035,5.97,20.95,0.052,0.009,0.0119433,10.7694
9976,10036,5.97,20.951,0.052,0.007,0.0025053,2.2591
9977,10037,5.97,20.95,0.051,-0.013,0.0149469,13.4778
9978,10038,5.97,20.949,0.051,-0.014,0.0083453,7.525
9979,10039,5.97,20.947,0.051,-0.003,0.0235326,21.2197
9980,10040,5.97,20.949,0.052,-0.014,0.034481,31.0919
9981,10041,5.97,20.95,0.052,-0.018,0.0126522,11.4087
9982,10042,5.97,20.95,0.051,-0.016,0.0074662,6.7324
9983,10043,5.97,20.948,0.052,-0.002,9.19e-05,0.0828
9984,10044,5.97,20.948,0.052,-0.004,0.0014498,1.3073
9985,10045,5.98,20.948,0.051,0.014,0,0
9986,10046,5.98,20.949,0.052,-0.001,0.0011465,1.0338
9987,10047,5.98,20.949,0.052,0.002,0.009955,8.9765
9988,10048,5.98,20.95,0.052,-0.005,0.0118336,10.6705
9989,10049,5.98,20.949,0.052,-0.008,0.0361122,32.5628
9990,10050,5.98,20.951,0.051,-0.008,0.0186305,16.7994
9991,10051,5.98,20.948,0.052,-0.022,0.005766,5.1992
9992,10052,5.98,20.949,0.052,0.002,0.021435,19.3282
9993,10053,5.98,20.948,0.051,0.002,0,0
9994,10054,5.98,20.949,0.051,0.01,0.0022841,2.0596
9995,10055,5.98,20.949,0.05,0.004,0,0
9996,10056,5.98,20.95,0.051,0.013,0.0036454,3.2871
9997,10057,5.98,20.949,0.052,0.009,0.0138682,12.5051
9998,10058,5.98,20.949,0.052,0,0.0276619,24.9431
9999,10059,5.98,20.949,0.052,-0.002,0.0206772,18.6449
10000,10060,5.98,20.949,0.052,-0.02,0.0283432,25.5574
10001,10061,5.98,20.948,0.052,-0.008,0.0180979,16.3191
10002,10062,5.98,20.949,0.051,-0.001,0.0014595,1.3161
10003,10063,5.98,20.95,0.052,-0.01,0.0045049,4.0622
10004,10064,5.98,20.949,0.052,0.012,0,0
10005,10065,5.98,20.949,0.052,0.007,0.0030524,2.7524
10006,10066,5.98,20.949,0.052,0.012,0.0044144,3.9805
10007,10067,5.98,20.949,0.051,0.001,0.0003943,0.3556
10008,10068,5.98,20.95,0.051,-0.003,0.0275114,24.8074
10009,10069,5.98,20.949,0.051,-0.016,0.0216176,19.4928
10010,10070,5.98,20.949,0.052,-0.014,0.0201935,18.2087
10011,10071,5.98,20.95,0.051,-0.017,0,0
10012,10072,5.98,20.949,0.051,-0.002,0.0086861,7.8324
10013,10073,5.99,20.948,0.052,0.004,9.99e-05,0.0901
10014,10074,5.99,20.95,0.052,0.005,0,0
10015,10075,5.99,20.949,0.052,0.014,0,0
10016,10076,5.99,20.948,0.052,0.011,0.0107864,9.7263
10017,10077,5.99,20.948,0.053,0.005,0.024685,22.2588
10018,10078,5.99,20.949,0.052,0.003,0.0219539,19.7962
10019,10079,5.99,20.95,0.052,-0.017,0.0267366,24.1087
10020,10080,5.99,20.949,0.052,-0.016,0.0133544,12.0418
10021,10081,5.99,20.95,0.052,-0.014,0.0211016,19.0276
10022,10082,5.99,20.95,0.051,0.012,0.0209603,18.9002
10023,10083,6,20.95,0.052,0.002,0.0139118,12.5444
10024,10084,6,20.949,0.052,0.009,0,0
10025,10085,6,20.949,0.052,0.013,0,0
10026,10086,6,20.951,0.052,0.015,0.0096923,8.7397
10027,10087,6,20.95,0.052,-0.001,0,0
10028,10088,6,20.949,0.052,-0.009,0.0147034,13.2582
10029,10089,6,20.948,0.051,-0.016,0.0148376,13.3793
10030,10090,6.0099,20.95,0.052,-0.015,0.0254321,22.9324
10031,10091,6,20.949,0.051,-0.008,0.0222829,20.0928
10032,10092,6,20.95,0.051,-0.019,0.0207784,18.7362
10033,10093,6,20.951,0.051,-0.014,0.0003835,0.3458
10034,10094,6,20.95,0.052,-0.003,0.00771,6.9522
10035,10095,6,20.949,0.052,0.015,0.0030533,2.7532
10036,10096,6,20.951,0.051,0.015,0,0
10037,10097,6,20.95,0.052,0.001,0,0
10038,10098,6,20.949,0.051,0.02,0.0062293,5.617
10039,10099,6,20.949,0.052,0.001,0.0087589,7.898
10040,10100,6,20.948,0.052,0,0.0080316,7.2422
10041,10101,6,20.948,0.052,-0.005,0.0288092,25.9777
10042,10102,6,20.947,0.051,-0.002,0.0203817,18.3784
10043,10103,6,20.947,0.052,-0.009,0.0070199,6.33
10044,10104,6,20.949,0.052,0.004,0,0
10045,10105,6.0099,20.95,0.052,0.002,0.0131754,11.8805
10046,10106,6.0099,20.949,0.052,0.011,0.0075129,6.7745
10047,10107,6.0099,20.948,0.052,0.012,0.0030412,2.7423
10048,10108,6.0099,20.949,0.052,0.009,0.003601,3.2471
10049,10109,6.0099,20.951,0.051,0.008,0.0129943,11.7171
10050,10110,6.0099,20.948,0.052,0.002,0.0196257,17.6968
10051,10111,6.0099,20.949,0.051,-0.003,0.0335622,30.2635
10052,10112,6.0099,20.95,0.051,-0.017,0.0081095,7.3124
10053,10113,6.0099,20.949,0.051,-0.014,0.0099608,8.9818
10054,10114,6.0099,20.95,0.051,-0.006,0.0185282,16.7071
10055,10115,6.0099,20.951,0.052,0.011,0.0067912,6.1238
10056,10116,6.0099,20.95,0.051,-0.003,0.0203559,18.3552
10057,10117,6.0099,20.949,0.05,0.008,0.0025781,2.3247
10058,10118,6.0099,20.948,0.051,0.013,0,0
10059,10119,6.0099,20.948,0.052,0.002,0.0133914,12.0752
10060,10120,6.0099,20.95,0.052,-0.003,0.009917,8.9422
10061,10121,6.0099,20.949,0.052,-0.014,0.0290624,26.206
10062,10122,6.0099,20.95,0.052,-0.022,0.028499,25.6979
10063,10123,6.0099,20.949,0.052,-0.008,0.0262599,23.6789
10064,10124,6.0099,20.951,0.052,-0.005,0.0190361,17.1651
10065,10125,6.0099,20.95,0.052,-0.008,0.0116634,10.517
10066,10126,6.0199,20.949,0.051,-0.002,0.0057852,5.2166
10067,10127,6.0199,20.95,0.051,-0.009,0,0
10068,10128,6.0199,20.949,0.052,0.003,0,0
10069,10129,6.0199,20.95,0.052,0.009,0,0
10070,10130,6.0199,20.95,0.052,0.006,0.0082359,7.4264
10071,10131,6.0199,20.947,0.052,0,0.0142291,12.8306
10072,10132,6.0199,20.949,0.052,-0.018,0.0281203,25.3564
10073,10133,6.0099,20.949,0.052,-0.017,0.0319208,28.7834
10074,10134,6.0099,20.949,0.052,-0.015,0.0220011,19.8387
10075,10135,6.0099,20.949,0.051,-0.004,0.0131068,11.8186
10076,10136,6.0099,20.948,0.052,0.004,0,0
10077,10137,6.0099,20.948,0.052,-0.001,0,0
10078,10138,6.0199,20.95,0.052,0.009,0.0011874,1.0707
10079,10139,6.0199,20.95,0.052,0.008,0.0115793,10.4412
10080,10140,6.0299,20.951,0.052,0.005,0.0171152,15.433
10081,10141,6.0299,20.951,0.052,-0.008,0.0318689,28.7366
10082,10142,6.0299,20.951,0.052,-0.009,0.0197162,17.7784
10083,10143,6.0299,20.95,0.052,-0.017,0.0193978,17.4912
10084,10144,6.0299,20.949,0.051,-0.016,0.0268724,24.2312
10085,10145,6.0299,20.948,0.052,-0.01,0.006553,5.9089
10086,10146,6.0299,20.949,0.052,-0.003,0.005379,4.8503
10087,10147,6.0299,20.949,0.052,0.024,0.0066026,5.9537
10088,10148,6.0299,20.947,0.052,0.021,0.0224064,20.2042
10089,10149,6.0299,20.947,0.051,0.008,0.0171803,15.4917
10090,10150,6.0299,20.949,0.052,0.004,0.0130148,11.7356
10091,10151,6.0299,20.948,0.052,-0.002,0.0320985,28.9436
10092,10152,6.0299,20.948,0.051,-0.011,0.0268989,24.2551
10093,10153,6.0299,20.947,0.051,-0.013,0.0323066,29.1313
10094,10154,6.0299,20.95,0.052,-0.008,0.0203635,18.362
10095,10155,6.0299,20.949,0.052,-0.016,0.0176676,15.9311
10096,10156,6.0299,20.949,0.051,0.003,0.0116935,10.5442
10097,10157,6.0299,20.949,0.052,0.005,0.0030331,2.735
10098,10158,6.0299,20.949,0.052,0.003,0.0078128,7.0449
10099,10159,6.0299,20.949,0.052,-0.007,0.0130532,11.7703
10100,10160,6.0299,20.948,0.052,-0.002,0.0025734,2.3205
10101,10161,6.0399,20.948,0.052,-0.003,0.0220761,19.9063
10102,10162,6.0399,20.949,0.052,-0.016,0.0257431,23.2129
10103,10163,6.0399,20.948,0.052,-0.011,0.0153394,13.8317
10104,10164,6.0399,20.948,0.052,-0.016,0.0054347,4.9005
10105,10165,6.0399,20.948,0.052,-0.005,0.0181318,16.3497
10106,10166,6.0399,20.948,0.052,-0.003,0,0
10107,10167,6.0399,20.948,0.052,0.003,0,0
10108,10168,6.0399,20.948,0.051,0.011,0.0061915,5.583
10109,10169,6.0399,20.948,0.052,0.003,0.0092175,8.3115
10110,10170,6.0399,20.949,0.052,-0.003,0.0312594,28.1871
10111,10171,6.0399,20.949,0.052,0.002,0.0222667,20.0782
10112,10172,6.0399,20.95,0.052,-0.002,0.0234906,21.1818
10113,10173,6.0399,20.947,0.051,-0.01,0.0280511,25.2941
10114,10174,6.0399,20.948,0.051,-0.009,0.0280171,25.2634
10115,10175,6.0399,20.95,0.051,0.005,0.0201766,18.1935
10116,10176,6.0399,20.949,0.052,-0.002,0.0019489,1.7573
10117,10177,6.0399,20.948,0.051,0.01,0,0
10118,10178,6.0399,20.949,0.051,0.013,0,0
10119,10179,6.0399,20.949,0.052,0.009,0.0169552,15.2887
10120,10180,6.05,20.948,0.052,0.01,0.0170163,15.3438
10121,10181,6.05,20.947,0.052,-0.02,0.0360507,32.5074
10122,10182,6.05,20.949,0.052,-0.007,0.0364003,32.8227
10123,10183,6.05,20.948,0.052,-0.013,0.0294214,26.5297
10124,10184,6.05,20.949,0.052,-0.017,0.0139388,12.5688
10125,10185,6.05,20.949,0.051,-0.012,0.016513,14.89
10126,10186,6.05,20.948,0.05,-0.004,0.0061817,5.5741
10127,10187,6.05,20.948,0.051,0.014,0,0
10128,10188,6.05,20.948,0.051,0.014,0,0
10129,10189,6.05,20.95,0.051,0.015,0.0001005,0.0906
10130,10190,6.05,20.949,0.052,-0.001,0.0072842,6.5682
10131,10191,6.05,20.948,0.052,-0.002,0.0218119,19.6681
10132,10192,6.05,20.948,0.052,-0.02,0.0341108,30.7581
10133,10193,6.05,20.948,0.052,-0.02,0.030935,27.8945
10134,10194,6.05,20.948,0.052,-0.013,0.0129871,11.7106
10135,10195,6.05,20.948,0.052,0.001,0.0052273,4.7135
10136,10196,6.05,20.948,0.052,0.003,0,0
10137,10197,6.05,20.947,0.051,0.008,0,0
10138,10198,6.05,20.948,0.052,0.021,0,0
10139,10199,6.05,20.949,0.052,0.017,0,0
10140,10200,6.05,20.949,0.052,0.009,0.0108298,9.7654
10141,10201,6.05,20.949,0.052,0.007,0.0084196,7.592
10142,10202,6.05,20.948,0.052,-0.006,0.0290957,26.236
10143,10203,6.05,20.948,0.05,-0.018,0.0244429,22.0405
10144,10204,6.05,20.948,0.051,-0.013,0.0159731,14.4032
10145,10205,6.05,20.948,0.051,-0.002,0.0152013,13.7072
10146,10206,6.05,20.949,0.052,0.01,0.0148238,13.3669
10147,10207,6.06,20.948,0.051,0.008,0.0132788,11.9736
10148,10208,6.06,20.95,0.051,0.019,0.0114936,10.364
10149,10209,6.06,20.949,0.051,0.022,0.0213999,19.2966
10150,10210,6.06,20.949,0.051,0.018,0.0083829,7.559
10151,10211,6.06,20.95,0.052,0,0.0234896,21.1809
10152,10212,6.06,20.949,0.052,0.006,0.0288947,26.0547
10153,10213,6.06,20.948,0.051,-0.013,0.040376,36.4075
10154,10214,6.06,20.948,0.052,-0.008,0.0277138,24.9899
10155,10215,6.06,20.948,0.051,-0.001,0.0054585,4.922
10156,10216,6.06,20.948,0.051,-0.004,0.0174054,15.6947
10157,10217,6.06,20.949,0.051,0.006,0.0014184,1.279
10158,10218,6.06,20.947,0.051,0.007,0.0111577,10.061
10159,10219,6.06,20.947,0.051,0.009,0.0207205,18.6839
10160,10220,6.06,20.947,0.052,0,0.0303942,27.4069
10161,10221,6.06,20.947,0.052,0.006,0.0396896,35.7886
10162,10222,6.06,20.948,0.052,0.001,0.0213561,19.2571
10163,10223,6.06,20.946,0.052,-0.003,0.0217276,19.5921
10164,10224,6.06,20.946,0.052,-0.014,0.0309252,27.8857
10165,10225,6.07,20.946,0.051,-0.012,0.045755,41.2579
10166,10226,6.07,20.948,0.052,0.005,0.0367311,33.1209
10167,10227,6.07,20.949,0.052,0.007,0.0186694,16.8345
10168,10228,6.07,20.946,0.051,0.022,0.0194552,17.5431
10169,10229,6.07,20.946,0.051,0.014,0.0221343,19.9588
10170,10230,6.07,20.946,0.052,0.005,0.0159368,14.3704
10171,10231,6.07,20.946,0.052,-0.005,0.039275,35.4148
10172,10232,6.07,20.946,0.052,-0.014,0.0369966,33.3604
10173,10233,6.07,20.946,0.052,-0.001,0.0395335,35.6479
10174,10234,6.07,20.947,0.052,-0.002,0.0434129,39.146
10175,10235,6.07,20.947,0.052,-0.005,0.0435937,39.309
10176,10236,6.07,20.946,0.051,-0.01,0.0366541,33.0515
10177,10237,6.07,20.944,0.052,-0.005,0.0161156,14.5316
10178,10238,6.07,20.945,0.052,0.006,0.0068452,6.1724
10179,10239,6.07,20.946,0.051,0.01,0.0217335,19.5973
10180,10240,6.07,20.945,0.051,0.004,0.0291387,26.2747
10181,10241,6.07,20.946,0.051,0.009,0.0484893,43.7234
10182,10242,6.07,20.946,0.051,-0.008,0.0385848,34.7924
10183,10243,6.07,20.945,0.051,-0.006,0.051134,46.1082
10184,10244,6.07,20.945,0.051,0.002,0.0415583,37.4737
10185,10245,6.07,20.943,0.051,-0.011,0.0404603,36.4836
10186,10246,6.07,20.945,0.052,-0.011,0.0291192,26.2572
10187,10247,6.07,20.945,0.053,-0.001,0.0208873,18.8343
10188,10248,6.07,20.944,0.052,0.012,0.0024438,2.2036
10189,10249,6.08,20.945,0.052,0.017,0.0097793,8.8181
10190,10250,6.08,20.946,0.052,0.008,0.0343592,30.9821
10191,10251,6.08,20.945,0.052,0.006,0.0399012,35.9795
10192,10252,6.08,20.944,0.053,-0.008,0.0418611,37.7467
10193,10253,6.08,20.943,0.052,-0.009,0.0322583,29.0878
10194,10254,6.08,20.945,0.052,-0.015,0.0369496,33.318
10195,10255,6.08,20.944,0.052,-0.006,0.0332093,29.9452
10196,10256,6.08,20.944,0.052,0,0.02945,26.5555
10197,10257,6.08,20.943,0.052,0.001,0.0344318,31.0476
10198,10258,6.08,20.945,0.052,0.004,0.0160392,14.4628
10199,10259,6.08,20.946,0.052,0.021,0.0121965,10.9978
10200,10260,6.08,20.946,0.051,0.019,0.0271707,24.5002
10201,10261,6.08,20.945,0.051,0.001,0.0361133,32.5639
10202,10262,6.08,20.944,0.052,0.001,0.0491561,44.3247
10203,10263,6.09,20.943,0.052,-0.01,0.0620055,55.9112
10204,10264,6.09,20.945,0.051,-0.002,0.0427162,38.5177
10205,10265,6.09,20.945,0.051,-0.01,0.0404335,36.4594
10206,10266,6.09,20.946,0.052,-0.006,0.0417355,37.6335
10207,10267,6.09,20.946,0.052,0.001,0.0406601,36.6637
10208,10268,6.09,20.945,0.052,-0.004,0.0233997,21.0999
10209,10269,6.09,20.945,0.053,0.013,0.0203587,18.3577
10210,10270,6.09,20.945,0.053,0.011,0.020183,18.1993
10211,10271,6.09,20.946,0.053,0.007,0.02638,23.7872
10212,10272,6.09,20.944,0.052,-0.002,0.0220853,19.9146
10213,10273,6.09,20.944,0.053,-0.013,0.0333143,30.04
10214,10274,6.09,20.944,0.051,-0.026,0.0495932,44.7188
10215,10275,6.09,20.944,0.052,-0.016,0.0335305,30.2349
10216,10276,6.1,20.946,0.052,-0.009,0.0234584,21.1527
10217,10277,6.1,20.945,0.052,-0.006,0.0308007,27.7734
10218,10278,6.1,20.944,0.052,-0.005,0.0388754,35.0545
10219,10279,6.1,20.944,0.052,0.011,0.0269003,24.2564
10220,10280,6.1,20.944,0.052,0.009,0.040646,36.651
10221,10281,6.1,20.945,0.052,0.009,0.0216594,19.5306
10222,10282,6.1,20.945,0.051,0.008,0.03546,31.9748
10223,10283,6.1,20.944,0.051,0.004,0.0375751,33.882
10224,10284,6.1,20.946,0.051,-0.002,0.0506716,45.6912
10225,10285,6.1,20.945,0.052,-0.017,0.040227,36.2732
10226,10286,6.1,20.945,0.051,-0.008,0.0260473,23.4872
10227,10287,6.1,20.946,0.052,0.002,0.0251834,22.7082
10228,10288,6.1,20.946,0.052,-0.005,0.0197153,17.7775
10229,10289,6.1,20.946,0.052,-0.003,0.0124925,11.2647
10230,10290,6.1,20.944,0.052,0.003,0.0048197,4.346
10231,10291,6.1,20.945,0.052,-0.009,0.0172617,15.5651
10232,10292,6.1,20.945,0.052,0.008,0.0303701,27.3851
10233,10293,6.1,20.945,0.052,-0.005,0.0441165,39.7804
10234,10294,6.1,20.945,0.052,-0.007,0.0447872,40.3852
10235,10295,6.1,20.945,0.052,-0.018,0.037044,33.403
10236,10296,6.1,20.945,0.051,-0.01,0.0405705,36.583
10237,10297,6.1,20.945,0.051,0,0.0360447,32.502
10238,10298,6.1,20.946,0.051,0.001,0.0275935,24.8815
10239,10299,6.1,20.946,0.052,0.006,0.0159908,14.4191
10240,10300,6.1,20.946,0.052,0.007,0.0313014,28.2249
10241,10301,6.1,20.947,0.052,0.014,0.0272915,24.6091
10242,10302,6.1099,20.947,0.052,-0.002,0.0334303,30.1446
10243,10303,6.1099,20.948,0.051,-0.005,0.0448236,40.418
10244,10304,6.1099,20.946,0.052,-0.017,0.0423498,38.1874
10245,10305,6.1099,20.946,0.052,-0.019,0.0495174,44.6505
10246,10306,6.1099,20.946,0.052,-0.011,0.0326074,29.4025
10247,10307,6.1099,20.946,0.052,-0.01,0.0275226,24.8175
10248,10308,6.1199,20.945,0.052,-0.001,0.0210302,18.9632
10249,10309,6.1199,20.944,0.052,-0.002,0.0311924,28.1266
10250,10310,6.1199,20.946,0.052,0.013,0.0242431,21.8604
10251,10311,6.1199,20.945,0.052,0.004,0.0384206,34.6444
10252,10312,6.1199,20.944,0.052,0.003,0.0320621,28.9108
10253,10313,6.1199,20.945,0.052,-0.003,0.0325163,29.3204
10254,10314,6.1199,20.945,0.051,-0.019,0.0484671,43.7034
10255,10315,6.1199,20.946,0.052,-0.01,0.0438467,39.5371
10256,10316,6.1199,20.945,0.051,-0.018,0.0177588,16.0134
10257,10317,6.1199,20.945,0.051,-0.006,0.0178739,16.1172
10258,10318,6.1199,20.946,0.051,-0.001,0.015308,13.8035
10259,10319,6.1199,20.946,0.052,0.005,0.0407988,36.7888
10260,10320,6.1199,20.946,0.052,0.004,0.0230843,20.8154
10261,10321,6.1199,20.944,0.051,0.005,0.0218335,19.6876
10262,10322,6.1199,20.945,0.051,-0.011,0.0180164,16.2457
10263,10323,6.1199,20.946,0.052,-0.001,0.0343695,30.9914
10264,10324,6.1199,20.945,0.052,0.003,0.0494269,44.5689
10265,10325,6.1199,20.944,0.052,-0.021,0.043412,39.1452
10266,10326,6.1199,20.946,0.052,-0.023,0.0407953,36.7856
10267,10327,6.1199,20.947,0.052,-0.003,0.0232679,20.981
10268,10328,6.1199,20.948,0.052,0.002,0.011252,10.1461
10269,10329,6.1199,20.947,0.051,0.009,0.0187243,16.884
10270,10330,6.1199,20.946,0.051,-0.009,0.022027,19.8621
10271,10331,6.1199,20.945,0.051,-0.002,0.0256729,23.1496
10272,10332,6.1199,20.947,0.052,0.009,0.0359224,32.3917
10273,10333,6.1199,20.945,0.052,0.011,0.0308966,27.8599
10274,10334,6.1299,20.945,0.052,-0.009,0.0478771,43.1714
10275,10335,6.1299,20.946,0.052,-0.017,0.0515126,46.4496
10276,10336,6.1299,20.945,0.052,-0.017,0.0343124,30.94
10277,10337,6.1299,20.946,0.052,-0.019,0.0444268,40.0603
10278,10338,6.1299,20.947,0.052,-0.003,0.0427284,38.5287
10279,10339,6.1299,20.947,0.052,0.008,0.0357362,32.2238
10280,10340,6.1299,20.947,0.052,0.006,0.0150994,13.6153
10281,10341,6.1299,20.946,0.052,0.008,0.0337298,30.4146
10282,10342,6.1299,20.945,0.053,0.004,0.0277291,25.0037
10283,10343,6.1399,20.945,0.052,-0.007,0.036153,32.5996
10284,10344,6.1399,20.945,0.052,-0.001,0.0628676,56.6886
10285,10345,6.1399,20.945,0.051,-0.011,0.0577121,52.0397
10286,10346,6.1399,20.944,0.052,-0.014,0.0667307,60.1719
10287,10347,6.1399,20.944,0.052,-0.004,0.0599209,54.0315
10288,10348,6.1399,20.945,0.052,-0.009,0.0642246,57.9121
10289,10349,6.1299,20.944,0.052,-0.002,0.0623734,56.2429
10290,10350,6.1299,20.943,0.052,-0.001,0.0444721,40.1011
10291,10351,6.1299,20.944,0.052,0.014,0.0484477,43.686
10292,10352,6.1399,20.945,0.053,0.007,0.0451377,40.7013
10293,10353,6.1399,20.943,0.054,0.006,0.0484339,43.6735
10294,10354,6.1399,20.944,0.055,-0.003,0.0665607,60.0187
10295,10355,6.1399,20.944,0.056,-0.014,0.0634529,57.2163
10296,10356,6.1399,20.941,0.057,-0.01,0.0772939,69.697
10297,10357,6.1399,20.941,0.057,-0.015,0.0752164,67.8236
10298,10358,6.1399,20.94,0.058,-0.014,0.0738717,66.6111
10299,10359,6.1399,20.941,0.058,-0.009,0.0700984,63.2087
10300,10360,6.1399,20.939,0.058,0.002,0.0357786,32.2621
10301,10361,6.1399,20.937,0.057,0.018,0.0507303,45.7442
10302,10362,6.1399,20.937,0.057,0.016,0.0611622,55.1507
10303,10363,6.1399,20.937,0.058,0.009,0.0604838,54.539
10304,10364,6.1399,20.939,0.058,0.001,0.0666635,60.1114
10305,10365,6.1399,20.94,0.059,-0.008,0.0440354,39.7073
10306,10366,6.1399,20.938,0.06,-0.004,0.0750828,67.7031
10307,10367,6.1399,20.938,0.06,-0.019,0.0434891,39.2147
10308,10368,6.1399,20.938,0.06,-0.012,0.0281388,25.3732
10309,10369,6.1399,20.937,0.058,-0.001,0.0128503,11.5873
10310,10370,6.1399,20.935,0.058,0,0.0281218,25.3578
10311,10371,6.1399,20.936,0.058,0.018,0.0376869,33.9828
10312,10372,6.1399,20.939,0.056,0.003,0.0123779,11.1613
10313,10373,6.1399,20.939,0.056,0,0.0290066,26.1557
10314,10374,6.1399,20.938,0.056,-0.008,0.0385738,34.7825
10315,10375,6.1399,20.94,0.055,-0.018,0.0618414,55.7632
10316,10376,6.1399,20.941,0.054,-0.002,0.0472191,42.5781
10317,10377,6.1399,20.942,0.054,-0.015,0.0393504,35.4828
10318,10378,6.1499,20.939,0.054,0.004,0.0536624,48.3881
10319,10379,6.1499,20.941,0.054,0.014,0.0373121,33.6448
10320,10380,6.1499,20.942,0.054,0.019,0.0337503,30.4331
10321,10381,6.1499,20.944,0.054,0.009,0.0258095,23.2728
10322,10382,6.1499,20.943,0.054,0.001,0.0315762,28.4727
10323,10383,6.1499,20.943,0.053,0.019,0.0401866,36.2368
10324,10384,6.1499,20.944,0.053,0,0.0363523,32.7794
10325,10385,6.1499,20.945,0.053,-0.008,0.0478161,43.1164
10326,10386,6.1499,20.945,0.053,-0.026,0.05399,48.6835
10327,10387,6.1499,20.944,0.053,-0.007,0.0479626,43.2485
10328,10388,6.1499,20.943,0.054,-0.005,0.0523095,47.1681
10329,10389,6.1499,20.944,0.053,-0.014,0.0352623,31.7964
10330,10390,6.1499,20.943,0.052,0.002,0.0252853,22.8001
10331,10391,6.1499,20.943,0.052,0.006,0.0356574,32.1527
10332,10392,6.1599,20.943,0.053,0.009,0.0356531,32.1489
10333,10393,6.1599,20.944,0.052,0.007,0.0611241,55.1164
10334,10394,6.1599,20.943,0.053,0,0.0539409,48.6392
10335,10395,6.1599,20.943,0.054,0.003,0.0533339,48.0919
10336,10396,6.1599,20.943,0.054,-0.009,0.0320254,28.8778
10337,10397,6.1599,20.943,0.054,-0.014,0.0440732,39.7414
10338,10398,6.1599,20.943,0.054,-0.009,0.0601058,54.1982
10339,10399,6.1599,20.943,0.054,-0.008,0.0343886,31.0086
10340,10400,6.1599,20.942,0.054,0.003,0.0437188,39.4218
10341,10401,6.1599,20.943,0.054,0.012,0.0329551,29.7161
10342,10402,6.1599,20.943,0.054,0.002,0.0311125,28.0546
10343,10403,6.1599,20.943,0.054,-0.003,0.0212243,19.1382
10344,10404,6.1599,20.944,0.053,-0.017,0.0314925,28.3972
10345,10405,6.1599,20.942,0.053,-0.018,0.0383244,34.5576
10346,10406,6.1599,20.944,0.053,-0.017,0.0367792,33.1643
10347,10407,6.17,20.944,0.053,0.002,0.041163,37.1172
10348,10408,6.17,20.944,0.053,-0.004,0.0172632,15.5665
10349,10409,6.17,20.943,0.052,-0.024,0.019474,17.5599
10350,10410,6.17,20.944,0.052,-0.004,0.0074727,6.7382
10351,10411,6.17,20.945,0.052,-0.008,0.0311718,28.108
10352,10412,6.17,20.944,0.053,0.002,0.0317325,28.6136
10353,10413,6.17,20.944,0.053,0.003,0.0281269,25.3624
10354,10414,6.17,20.944,0.052,0.002,0.0467794,42.1816
10355,10415,6.17,20.946,0.052,-0.001,0.0339124,30.5793
10356,10416,6.17,20.945,0.052,-0.008,0.0287075,25.8859
10357,10417,6.17,20.945,0.052,-0.001,0.0368715,33.2475
10358,10418,6.17,20.944,0.053,-0.005,0.0525302,47.3672
10359,10419,6.17,20.944,0.053,0.011,0.0486612,43.8785
10360,10420,6.17,20.945,0.052,0.009,0.0259767,23.4235
10361,10421,6.17,20.945,0.052,0.021,0.0232699,20.9828
10362,10422,6.17,20.945,0.052,0.009,0.0154725,13.9518
10363,10423,6.17,20.943,0.052,0.008,0.0353381,31.8649
10364,10424,6.17,20.943,0.053,0.007,0.0321086,28.9527
10365,10425,6.17,20.944,0.053,-0.011,0.0402889,36.3291
10366,10426,6.17,20.944,0.053,-0.01,0.0676035,60.9589
10367,10427,6.17,20.946,0.054,0,0.0548303,49.4412
10368,10428,6.17,20.945,0.053,-0.008,0.0341315,30.7768
10369,10429,6.17,20.945,0.053,-0.012,0.0544859,49.1307
10370,10430,6.1801,20.943,0.053,-0.008,0.0480765,43.3512
10371,10431,6.1801,20.943,0.053,0.003,0.0297578,26.833
10372,10432,6.1801,20.945,0.053,0.01,0.0153741,13.8631
10373,10433,6.1801,20.944,0.053,0.017,0.0353441,31.8703
10374,10434,6.1801,20.944,0.053,-0.001,0.0573205,51.6866
10375,10435,6.1801,20.944,0.054,-0.003,0.0544074,49.0599
10376,10436,6.1801,20.945,0.054,-0.011,0.0646144,58.2636
10377,10437,6.1801,20.945,0.053,-0.014,0.0587754,52.9985
10378,10438,6.1801,20.94,0.054,-0.009,0.0646742,58.3176
10379,10439,6.1801,20.942,0.053,0.004,0.052791,47.6023
10380,10440,6.1801,20.943,0.053,-0.01,0.0549847,49.5805
10381,10441,6.1801,20.942,0.054,-0.003,0.0336796,30.3694
10382,10442,6.1801,20.942,0.054,0.013,0.0354543,31.9696
10383,10443,6.1801,20.942,0.055,0.021,0.0400408,36.1053
10384,10444,6.1801,20.943,0.055,0.011,0.0454594,40.9913
10385,10445,6.1801,20.941,0.055,-0.005,0.0570366,51.4306
10386,10446,6.1901,20.94,0.055,-0.007,0.061598,55.5438
10387,10447,6.1901,20.941,0.056,-0.016,0.0710001,64.0217
10388,10448,6.1901,20.941,0.056,-0.013,0.0705708,63.6346
10389,10449,6.1901,20.941,0.055,-0.013,0.0535637,48.2991
10390,10450,6.1901,20.94,0.056,0.001,0.0511709,46.1415
10391,10451,6.1901,20.94,0.056,-0.008,0.0405563,36.5702
10392,10452,6.1901,20.941,0.055,0.011,0.0319013,28.7658
10393,10453,6.1901,20.941,0.056,0.011,0.0374999,33.8142
10394,10454,6.1901,20.941,0.057,0.011,0.0432275,38.9788
10395,10455,6.1901,20.94,0.058,0.01,0.0630285,56.8336
10396,10456,6.1901,20.939,0.058,-0.002,0.06796,61.2804
10397,10457,6.1901,20.939,0.057,-0.007,0.0633266,57.1025
10398,10458,6.1901,20.939,0.056,-0.015,0.0616169,55.5607
10399,10459,6.1901,20.939,0.055,-0.012,0.0647126,58.3522
10400,10460,6.2001,20.939,0.056,-0.001,0.0691777,62.3785
10401,10461,6.2001,20.94,0.056,0.005,0.049723,44.8359
10402,10462,6.2001,20.939,0.056,0.01,0.0302436,27.271
10403,10463,6.2001,20.94,0.055,0.009,0.043072,38.8386
10404,10464,6.2001,20.942,0.056,0.009,0.0503735,45.4225
10405,10465,6.2001,20.941,0.056,0.003,0.0450007,40.5777
10406,10466,6.2001,20.941,0.057,-0.006,0.0587829,53.0053
10407,10467,6.2001,20.939,0.057,-0.006,0.0601381,54.2273
10408,10468,6.2001,20.938,0.057,-0.012,0.0422517,38.0989
10409,10469,6.2001,20.94,0.057,-0.011,0.0297149,26.7943
10410,10470,6.2001,20.94,0.058,-0.009,0.0290311,26.1778
10411,10471,6.2001,20.939,0.058,-0.01,0.0309876,27.9419
10412,10472,6.2001,20.938,0.057,0.004,0.0340188,30.6752
10413,10473,6.2001,20.939,0.057,0.024,0.0431727,38.9294
10414,10474,6.2001,20.939,0.056,0.011,0.0237411,21.4076
10415,10475,6.2001,20.939,0.055,0.001,0.0394544,35.5766
10416,10476,6.2001,20.94,0.054,-0.002,0.0506837,45.7022
10417,10477,6.21,20.942,0.054,-0.014,0.0465495,41.9743
10418,10478,6.21,20.942,0.054,-0.015,0.0441941,39.8504
10419,10479,6.21,20.942,0.054,0.001,0.0569468,51.3497
10420,10480,6.21,20.942,0.054,0.003,0.0418199,37.7096
10421,10481,6.21,20.944,0.053,-0.001,0.0386191,34.8233
10422,10482,6.21,20.945,0.053,0.003,0.0444235,40.0573
10423,10483,6.21,20.944,0.054,0,0.0369089,33.2813
10424,10484,6.21,20.944,0.055,0,0.0404976,36.5172
10425,10485,6.21,20.942,0.055,0.022,0.0555341,50.0759
10426,10486,6.21,20.941,0.055,0.007,0.056809,51.2254
10427,10487,6.21,20.941,0.055,-0.004,0.0535641,48.2994
10428,10488,6.21,20.941,0.055,-0.008,0.0573852,51.745
10429,10489,6.21,20.943,0.056,-0.006,0.0471714,42.5351
10430,10490,6.21,20.943,0.057,-0.009,0.0399468,36.0205
10431,10491,6.21,20.941,0.057,0.003,0.0323913,29.2076
10432,10492,6.21,20.941,0.057,0.006,0.0309289,27.889
10433,10493,6.21,20.941,0.056,0,0.0314087,28.3217
10434,10494,6.21,20.941,0.056,0.009,0.0279046,25.162
10435,10495,6.21,20.941,0.055,0.001,0.0389282,35.102
10436,10496,6.21,20.942,0.055,-0.008,0.051265,46.2263
10437,10497,6.21,20.941,0.055,-0.019,0.037914,34.1876
10438,10498,6.22,20.943,0.054,-0.011,0.0368926,33.2666
10439,10499,6.22,20.942,0.054,-0.019,0.0452673,40.8181
10440,10500,6.22,20.943,0.054,-0.008,0.0388049,34.9909
10441,10501,6.22,20.943,0.054,0.003,0.0211622,19.0823
10442,10502,6.22,20.942,0.054,0.001,0.0261803,23.6071
10443,10503,6.22,20.944,0.053,0.012,0.0068247,6.154
10444,10504,6.22,20.942,0.053,0.007,0.0277628,25.0341
10445,10505,6.22,20.943,0.053,0.006,0.0263253,23.7379
10446,10506,6.22,20.944,0.053,-0.005,0.056111,50.5961
10447,10507,6.22,20.944,0.053,-0.016,0.0496686,44.7868
10448,10508,6.22,20.944,0.053,-0.008,0.0511205,46.0961
10449,10509,6.22,20.945,0.053,-0.002,0.0652841,58.8675
10450,10510,6.22,20.944,0.052,-0.015,0.0444681,40.0975
10451,10511,6.22,20.945,0.052,-0.008,0.0491074,44.2808
10452,10512,6.22,20.945,0.052,0.013,0.0313794,28.2952
10453,10513,6.22,20.944,0.052,0.004,0.0529555,47.7507
10454,10514,6.23,20.945,0.053,0.017,0.0424272,38.2572
10455,10515,6.23,20.946,0.054,0.006,0.0521644,47.0373
10456,10516,6.23,20.944,0.056,0.011,0.039488,35.6069
10457,10517,6.23,20.943,0.056,-0.009,0.0576346,51.9699
10458,10518,6.23,20.941,0.056,-0.008,0.0636308,57.3767
10459,10519,6.23,20.942,0.056,-0.01,0.0647052,58.3456
10460,10520,6.23,20.942,0.056,-0.018,0.0433498,39.0891
10461,10521,6.23,20.941,0.058,0.007,0.0309827,27.9375
10462,10522,6.23,20.94,0.058,0,0.0253399,22.8493
10463,10523,6.23,20.94,0.057,0.021,0.0157066,14.1628
10464,10524,6.23,20.939,0.057,0.002,0.0129938,11.7167
10465,10525,6.23,20.939,0.057,0.012,0.0181135,16.3332
10466,10526,6.23,20.939,0.057,-0.007,0.0364407,32.8591
10467,10527,6.23,20.941,0.056,0.001,0.0562813,50.7496
10468,10528,6.23,20.942,0.057,-0.001,0.0549507,49.5498
10469,10529,6.23,20.939,0.056,-0.012,0.0437959,39.4914
10470,10530,6.23,20.94,0.056,-0.012,0.0331522,29.8938
10471,10531,6.23,20.94,0.055,-0.002,0.0436631,39.3716
10472,10532,6.23,20.942,0.056,0.01,0.0249093,22.4611
10473,10533,6.23,20.942,0.055,0.015,0.0144107,12.9943
10474,10534,6.23,20.942,0.055,0.02,0.0316442,28.534
10475,10535,6.23,20.943,0.055,0.013,0.0369972,33.3609
10476,10536,6.23,20.945,0.054,0.013,0.0366062,33.0083
10477,10537,6.23,20.944,0.054,0.002,0.0459827,41.4632
10478,10538,6.23,20.943,0.054,-0.016,0.0277901,25.0587
10479,10539,6.24,20.943,0.053,-0.019,0.0391773,35.3267
10480,10540,6.24,20.944,0.053,-0.004,0.0483947,43.6381
10481,10541,6.24,20.943,0.053,0.001,0.037967,34.2354
10482,10542,6.24,20.944,0.053,-0.004,0.0270962,24.433
10483,10543,6.24,20.943,0.053,0.018,0.0276842,24.9632
10484,10544,6.24,20.942,0.054,0.023,0.0148451,13.386
10485,10545,6.24,20.943,0.053,0.011,0.0305671,27.5627
10486,10546,6.24,20.942,0.053,0.002,0.0283505,25.564
10487,10547,6.24,20.943,0.053,-0.003,0.0467224,42.1302
10488,10548,6.24,20.944,0.053,-0.006,0.0521652,47.0381
10489,10549,6.24,20.943,0.053,0.006,0.0347715,31.3539
10490,10550,6.24,20.944,0.054,-0.005,0.0295546,26.6498
10491,10551,6.24,20.944,0.053,-0.009,0.0307867,27.7608
10492,10552,6.25,20.943,0.053,-0.004,0.0246581,22.2346
10493,10553,6.25,20.944,0.053,-0.003,0.014445,13.0252
10494,10554,6.25,20.946,0.053,0.001,0.0056459,5.091
10495,10555,6.25,20.945,0.053,0.013,0.0132751,11.9704
10496,10556,6.25,20.945,0.053,-0.001,0.0092903,8.3772
10497,10557,6.25,20.945,0.052,0.001,0.0235256,21.2133
10498,10558,6.25,20.945,0.052,-0.011,0.0363448,32.7726
10499,10559,6.25,20.944,0.052,-0.02,0.0454024,40.9399
10500,10560,6.25,20.945,0.053,-0.004,0.0289288,26.0855
10501,10561,6.25,20.945,0.052,-0.005,0.0383119,34.5464
10502,10562,6.25,20.946,0.052,-0.005,0.0080323,7.2429
10503,10563,6.25,20.946,0.053,0.005,0.0224326,20.2277
10504,10564,6.26,20.945,0.052,0.009,0.0193831,17.478
10505,10565,6.26,20.946,0.052,0.018,0.0333391,30.0623
10506,10566,6.26,20.946,0.053,0.011,0.0308075,27.7795
10507,10567,6.26,20.946,0.053,0.009,0.0174377,15.7238
10508,10568,6.26,20.947,0.053,-0.004,0.0214576,19.3486
10509,10569,6.26,20.947,0.052,-0.007,0.0221945,20.0131
10510,10570,6.26,20.945,0.053,-0.014,0.0395147,35.6309
10511,10571,6.26,20.945,0.053,0,0.0217273,19.5918
10512,10572,6.26,20.945,0.052,-0.004,0.0122533,11.0489
10513,10573,6.26,20.944,0.052,0.011,0.0035606,3.2106
10514,10574,6.27,20.947,0.052,-0.002,0.0205458,18.5264
10515,10575,6.27,20.947,0.052,0.01,0.0017404,1.5693
10516,10576,6.27,20.945,0.052,-0.003,0.0238019,21.4625
10517,10577,6.27,20.945,0.053,-0.005,0.0310167,27.9681
10518,10578,6.27,20.946,0.052,0.001,0.0359378,32.4056
10519,10579,6.26,20.947,0.052,-0.006,0.0442774,39.9255
10520,10580,6.26,20.948,0.052,-0.002,0.0338409,30.5148
10521,10581,6.27,20.947,0.051,-0.018,0.0337145,30.4008
10522,10582,6.27,20.947,0.052,0.004,0.0288088,25.9773
10523,10583,6.27,20.946,0.053,0.007,0.0209663,18.9056
10524,10584,6.27,20.947,0.053,0.019,0.0193016,17.4045
10525,10585,6.27,20.946,0.053,0.003,0.0162338,14.6382
10526,10586,6.27,20.946,0.053,0.016,0.0157463,14.1987
10527,10587,6.27,20.947,0.052,0.005,0.0175882,15.8595
10528,10588,6.27,20.945,0.053,-0.006,0.0175561,15.8305
10529,10589,6.27,20.946,0.052,-0.011,0.0251741,22.6999
10530,10590,6.27,20.946,0.053,-0.022,0.0293015,26.4216
10531,10591,6.27,20.947,0.052,-0.009,0.0329545,29.7155
10532,10592,6.27,20.946,0.052,-0.008,0.0278158,25.0819
10533,10593,6.27,20.946,0.052,-0.008,0.0114278,10.3046
10534,10594,6.27,20.947,0.052,-0.001,0.0060403,5.4466
10535,10595,6.27,20.947,0.052,0.005,0,0
10536,10596,6.27,20.946,0.053,0.008,0.0062589,5.6438
10537,10597,6.27,20.946,0.053,0.003,0.0144608,13.0395
10538,10598,6.27,20.947,0.052,0.001,0.0404654,36.4882
10539,10599,6.2801,20.947,0.052,0.002,0.0445481,40.1696
10540,10600,6.2801,20.947,0.052,0,0.0371411,33.4907
10541,10601,6.2801,20.946,0.052,-0.004,0.0269962,24.3428
10542,10602,6.2801,20.946,0.052,-0.007,0.024876,22.431
10543,10603,6.2801,20.946,0.052,-0.002,0.023053,20.7872
10544,10604,6.2801,20.946,0.052,0.008,0.0113066,10.1954
10545,10605,6.2801,20.947,0.052,0.013,0.0182713,16.4754
10546,10606,6.2801,20.947,0.051,0.025,0.0184141,16.6042
10547,10607,6.2801,20.946,0.052,0.009,0.040274,36.3156
10548,10608,6.2801,20.948,0.052,0.005,0.0402106,36.2584
10549,10609,6.2801,20.947,0.052,-0.009,0.031799,28.6736
10550,10610,6.2801,20.945,0.053,-0.013,0.0375066,33.8202
10551,10611,6.2801,20.945,0.052,-0.017,0.0444355,40.0681
10552,10612,6.2801,20.947,0.052,-0.002,0.0296098,26.6996
10553,10613,6.2801,20.946,0.052,0.005,0.0135134,12.1852
10554,10614,6.2801,20.945,0.052,0.002,0.0187608,16.9169
10555,10615,6.2801,20.946,0.052,0.008,0,0
10556,10616,6.2801,20.947,0.051,0.006,0.0244623,22.0579
10557,10617,6.2801,20.946,0.052,0.012,0.0204507,18.4407
10558,10618,6.2801,20.945,0.052,-0.004,0.0189932,17.1264
10559,10619,6.2801,20.944,0.052,-0.01,0.051794,46.7033
10560,10620,6.2901,20.945,0.052,-0.006,0.0241521,21.7782
10561,10621,6.2901,20.946,0.052,-0.016,0.0380561,34.3157
10562,10622,6.2901,20.947,0.052,-0.014,0.0385054,34.7208
10563,10623,6.2901,20.945,0.052,-0.004,0.027444,24.7467
10564,10624,6.2901,20.946,0.052,0.006,0.0016865,1.5208
10565,10625,6.2901,20.947,0.053,0.006,0.0048697,4.3911
10566,10626,6.2901,20.946,0.052,0.024,0.0027665,2.4946
10567,10627,6.2901,20.947,0.052,0.005,0.0396736,35.7742
10568,10628,6.2901,20.945,0.052,-0.005,0.0306187,27.6092
10569,10629,6.2901,20.948,0.052,0.001,0.0095636,8.6236
10570,10630,6.2901,20.947,0.052,-0.02,0.0409232,36.901
10571,10631,6.2901,20.945,0.052,-0.004,0.0328037,29.5796
10572,10632,6.2901,20.947,0.052,-0.017,0.0295876,26.6796
10573,10633,6.2901,20.947,0.053,-0.013,0.0180589,16.2839
10574,10634,6.2901,20.946,0.052,-0.003,0.009561,8.6213
10575,10635,6.2901,20.946,0.053,0.017,0.0236276,21.3053
10576,10636,6.3001,20.947,0.053,0.013,0.0265217,23.915
10577,10637,6.3001,20.947,0.052,0.015,0.0262376,23.6588
10578,10638,6.3001,20.947,0.052,-0.014,0.0091763,8.2744
10579,10639,6.3001,20.946,0.052,-0.01,0.0370838,33.439
10580,10640,6.3001,20.947,0.052,0.005,0.0431335,38.8941
10581,10641,6.3001,20.948,0.052,-0.01,0.034508,31.1163
10582,10642,6.3001,20.945,0.052,-0.007,0.0340798,30.7302
10583,10643,6.3001,20.946,0.052,-0.004,0.0070359,6.3444
10584,10644,6.3001,20.946,0.051,0.002,0.0304783,27.4827
10585,10645,6.3001,20.947,0.051,0.006,0,0
10586,10646,6.3001,20.948,0.051,0.007,0.0064808,5.8438
10587,10647,6.3001,20.945,0.052,0,0.0102256,9.2205
10588,10648,6.3001,20.946,0.053,-0.001,0.0281084,25.3457
10589,10649,6.3001,20.946,0.052,0.009,0.0241376,21.7652
10590,10650,6.3001,20.947,0.052,-0.011,0.0323876,29.2043
10591,10651,6.31,20.946,0.052,-0.017,0.0486011,43.8243
10592,10652,6.31,20.946,0.052,-0.013,0.0394668,35.5877
10593,10653,6.31,20.947,0.052,-0.008,0.0269666,24.3161
10594,10654,6.31,20.946,0.052,0.012,0.0008846,0.7976
10595,10655,6.31,20.947,0.052,-0.005,0.0052625,4.7453
10596,10656,6.31,20.946,0.052,0.015,0.0282457,25.4696
10597,10657,6.31,20.948,0.052,0.003,0.020683,18.6501
10598,10658,6.31,20.949,0.052,0.009,0.0282346,25.4595
10599,10659,6.31,20.947,0.052,-0.003,0.0404698,36.4922
10600,10660,6.31,20.946,0.052,-0.004,0.0437828,39.4795
10601,10661,6.31,20.947,0.052,-0.011,0.0316622,28.5502
10602,10662,6.31,20.947,0.052,-0.022,0.04152,37.4392
10603,10663,6.31,20.946,0.052,-0.008,0.03324,29.9729
10604,10664,6.31,20.945,0.052,-0.007,0.0348801,31.4519
10605,10665,6.31,20.947,0.052,0.013,0,0
10606,10666,6.31,20.948,0.052,0.009,0.0113506,10.2349
10607,10667,6.31,20.948,0.052,-0.003,0.0157468,14.1991
10608,10668,6.31,20.946,0.052,-0.001,0.0117578,10.6022
10609,10669,6.31,20.947,0.052,-0.003,0.0200617,18.0899
10610,10670,6.32,20.946,0.052,-0.015,0.0341944,30.8335
10611,10671,6.32,20.946,0.052,-0.022,0.0313905,28.3052
10612,10672,6.32,20.947,0.053,-0.015,0.0406461,36.6511
10613,10673,6.32,20.948,0.052,-0.017,0.0331696,29.9095
10614,10674,6.32,20.946,0.053,-0.003,0.0254451,22.9442
10615,10675,6.32,20.945,0.053,-0.01,0.0150674,13.5864
10616,10676,6.32,20.946,0.052,0.018,0.0179025,16.1429
10617,10677,6.32,20.947,0.052,0.008,0.0100607,9.0719
10618,10678,6.32,20.947,0.052,0.004,0.0307442,27.7225
10619,10679,6.32,20.947,0.052,0.003,0.0329735,29.7327
10620,10680,6.32,20.948,0.052,-0.005,0.0389492,35.1211
10621,10681,6.32,20.948,0.052,-0.013,0.0381322,34.3843
10622,10682,6.32,20.947,0.052,-0.011,0.0332603,29.9912
10623,10683,6.32,20.947,0.052,-0.019,0.025629,23.11
10624,10684,6.32,20.947,0.052,-0.012,0.0164232,14.809
10625,10685,6.33,20.947,0.052,-0.01,0.0188579,17.0044
10626,10686,6.33,20.948,0.052,0,0.0046407,4.1846
10627,10687,6.33,20.948,0.052,0.002,0.010545,9.5086
10628,10688,6.33,20.947,0.052,0.014,0.0008904,0.8029
10629,10689,6.33,20.946,0.052,0,0.0185062,16.6873
10630,10690,6.33,20.945,0.051,-0.007,0.0300605,27.1059
10631,10691,6.33,20.946,0.052,-0.021,0.0341378,30.7825
10632,10692,6.33,20.948,0.052,-0.022,0.0315761,28.4725
10633,10693,6.33,20.948,0.052,-0.008,0.02148,19.3688
10634,10694,6.33,20.946,0.053,-0.005,0.0131883,11.892
10635,10695,6.33,20.947,0.052,0.002,0.0024878,2.2433
10636,10696,6.33,20.947,0.052,0.001,0.0104681,9.4393
10637,10697,6.33,20.947,0.052,0.019,0.0081713,7.3681
10638,10698,6.34,20.946,0.052,0.009,0.0111563,10.0598
10639,10699,6.34,20.947,0.052,0.013,0.0249954,22.5387
10640,10700,6.34,20.948,0.053,0.006,0.0206947,18.6607
10641,10701,6.34,20.946,0.052,-0.001,0.0167368,15.0918
10642,10702,6.34,20.945,0.052,-0.013,0.037717,34.0099
10643,10703,6.34,20.947,0.052,-0.02,0.0340911,30.7404
10644,10704,6.34,20.949,0.052,-0.006,0.0384305,34.6533
10645,10705,6.34,20.948,0.052,0.006,0.022373,20.1741
10646,10706,6.34,20.947,0.052,0.021,0.0144024,12.9868
10647,10707,6.34,20.946,0.053,0.009,0.0162785,14.6786
10648,10708,6.34,20.947,0.052,0.01,0.0089327,8.0548
10649,10709,6.34,20.947,0.052,0.008,0.0252649,22.7817
10650,10710,6.34,20.947,0.052,-0.005,0.025557,23.0451
10651,10711,6.34,20.947,0.052,-0.005,0.0370432,33.4023
10652,10712,6.34,20.948,0.052,-0.011,0.0254169,22.9187
10653,10713,6.34,20.95,0.052,-0.017,0.0232119,20.9304
10654,10714,6.34,20.947,0.052,-0.009,0.0273856,24.6939
10655,10715,6.34,20.946,0.053,-0.022,0.0279012,25.1589
10656,10716,6.34,20.948,0.053,-0.003,0.0229798,20.7212
10657,10717,6.34,20.947,0.053,0.004,0.0223322,20.1372
10658,10718,6.34,20.947,0.053,0.012,0.0342382,30.873
10659,10719,6.34,20.945,0.053,0.014,0.0146382,13.1995
10660,10720,6.34,20.946,0.053,-0.006,0.0350802,31.6323
10661,10721,6.34,20.947,0.052,-0.006,0.0485354,43.765
10662,10722,6.34,20.947,0.053,-0.016,0.0485354,43.765
10663,10723,6.34,20.947,0.053,-0.006,0.0355507,32.0565
10664,10724,6.35,20.947,0.053,-0.004,0.0366418,33.0404
10665,10725,6.35,20.947,0.054,0.006,0.0390793,35.2383
10666,10726,6.35,20.944,0.053,0.01,0.0174181,15.7062
10667,10727,6.35,20.943,0.053,0.006,0.0150802,13.598
10668,10728,6.35,20.945,0.054,0.006,0.0183745,16.5685
10669,10729,6.35,20.945,0.054,0.009,0.0195013,17.5845
10670,10730,6.35,20.942,0.054,0.022,0.011342,10.2272
10671,10731,6.35,20.943,0.054,0.003,0.0253979,22.9016
10672,10732,6.35,20.943,0.054,-0.015,0.0335987,30.2964
10673,10733,6.35,20.944,0.054,-0.015,0.0400565,36.1195
10674,10734,6.36,20.944,0.055,-0.002,0.0372042,33.5475
10675,10735,6.36,20.944,0.055,0,0.0092286,8.3216
10676,10736,6.36,20.943,0.054,-0.002,0.0202421,18.2526
10677,10737,6.36,20.943,0.053,0.01,0.0144085,12.9923
10678,10738,6.36,20.945,0.053,0.013,0.0143998,12.9845
10679,10739,6.36,20.945,0.053,0.01,0.0332615,29.9924
10680,10740,6.37,20.945,0.053,0.009,0.0229566,20.7003
10681,10741,6.37,20.945,0.052,0.007,0.0336819,30.3714
10682,10742,6.37,20.947,0.053,-0.005,0.0124117,11.1918
10683,10743,6.37,20.947,0.053,-0.009,0.0356833,32.1761
10684,10744,6.37,20.946,0.052,-0.01,0.0248855,22.4396
10685,10745,6.36,20.945,0.053,-0.011,0.0171936,15.5037
10686,10746,6.36,20.946,0.053,0.009,0.0080519,7.2605
10687,10747,6.36,20.947,0.053,0.008,0,0
10688,10748,6.36,20.945,0.052,0.009,0,0
10689,10749,6.36,20.946,0.052,0.01,0.0072674,6.5531
10690,10750,6.36,20.946,0.053,-0.007,0.0113138,10.2018
10691,10751,6.36,20.946,0.053,0.001,0.002012,1.8143
10692,10752,6.36,20.946,0.053,-0.009,0.0175471,15.8225
10693,10753,6.36,20.946,0.053,0.006,0.0171107,15.4289
10694,10754,6.36,20.947,0.053,-0.011,0.0209601,18.9
10695,10755,6.36,20.946,0.053,-0.006,0.0278913,25.1499
10696,10756,6.37,20.947,0.052,0.006,0.0051474,4.6415
10697,10757,6.37,20.946,0.052,0.011,0.0060456,5.4514
10698,10758,6.37,20.947,0.053,0.035,0.0061932,5.5845
10699,10759,6.37,20.947,0.053,0.018,0.0083718,7.549
10700,10760,6.37,20.949,0.053,0.006,0.0094788,8.5472
10701,10761,6.37,20.948,0.053,0.007,0.0296918,26.7735
10702,10762,6.37,20.947,0.052,0.011,0.0269858,24.3335
10703,10763,6.37,20.948,0.052,0.002,0.0324298,29.2424
10704,10764,6.38,20.947,0.052,-0.002,0.0214887,19.3767
10705,10765,6.38,20.948,0.052,-0.001,0.0065669,5.9215
10706,10766,6.38,20.947,0.052,-0.007,0.0073579,6.6347
10707,10767,6.38,20.947,0.052,0.009,0.0061054,5.5053
10708,10768,6.38,20.948,0.052,0.013,0.0128891,11.6223
10709,10769,6.38,20.947,0.051,0.008,0.026685,24.0623
10710,10770,6.38,20.948,0.052,0.007,0.0249065,22.4585
10711,10771,6.38,20.948,0.052,0.005,0.0281224,25.3584
10712,10772,6.38,20.948,0.052,-0.009,0.021148,19.0694
10713,10773,6.38,20.947,0.052,-0.011,0.0383421,34.5736
10714,10774,6.38,20.948,0.053,-0.016,0.0075571,6.8143
10715,10775,6.38,20.948,0.053,-0.012,0.0270119,24.357
10716,10776,6.38,20.949,0.053,0.002,0.0327657,29.5453
10717,10777,6.38,20.949,0.053,0.006,0.0150514,13.5721
10718,10778,6.38,20.948,0.052,0.012,0.0112682,10.1607
10719,10779,6.38,20.947,0.051,0.002,0.0136063,12.269
10720,10780,6.37,20.948,0.052,-0.01,0.0174991,15.7791
10721,10781,6.38,20.948,0.053,-0.005,0.0188005,16.9526
10722,10782,6.38,20.947,0.052,-0.008,0.0287134,25.8913
10723,10783,6.38,20.947,0.053,-0.006,0.013989,12.6141
10724,10784,6.38,20.948,0.052,-0.019,0.026106,23.5401
10725,10785,6.38,20.947,0.052,0.007,0.0214597,19.3505
10726,10786,6.38,20.948,0.052,-0.011,0,0
10727,10787,6.38,20.948,0.052,-0.008,0.0178499,16.0955
10728,10788,6.38,20.946,0.052,0.009,0.0008826,0.7959
10729,10789,6.38,20.946,0.052,0.008,0.0132584,11.9553
10730,10790,6.39,20.947,0.052,0.001,0.0179989,16.2299
10731,10791,6.39,20.948,0.053,-0.007,0.0294695,26.573
10732,10792,6.39,20.949,0.053,-0.009,0.0315151,28.4176
10733,10793,6.39,20.949,0.052,-0.018,0.0391996,35.3468
10734,10794,6.39,20.949,0.052,0.001,0.0392138,35.3596
10735,10795,6.39,20.948,0.052,-0.011,0.0337384,30.4223
10736,10796,6.39,20.948,0.051,-0.006,0.0197101,17.7728
10737,10797,6.39,20.948,0.052,0.016,0.0091282,8.231
10738,10798,6.39,20.948,0.052,0.002,0.0207396,18.7012
10739,10799,6.39,20.947,0.051,0.013,0.0089799,8.0973
10740,10800,6.39,20.948,0.052,0.012,0.0247319,22.3011
10741,10801,6.39,20.946,0.052,0.007,0.0161787,14.5886
10742,10802,6.39,20.946,0.052,-0.004,0.0364066,32.8283
10743,10803,6.39,20.946,0.052,-0.006,0.0540839,48.7682
10744,10804,6.39,20.946,0.052,-0.013,0.0389029,35.0793
10745,10805,6.39,20.946,0.051,-0.013,0.0386096,34.8147
10746,10806,6.39,20.946,0.051,-0.002,0.0488198,44.0215
10747,10807,6.39,20.945,0.052,0.006,0.0441552,39.8153
10748,10808,6.39,20.946,0.051,0.01,0.0274918,24.7897
10749,10809,6.39,20.947,0.052,0.005,0.0283879,25.5978
10750,10810,6.4001,20.946,0.052,0.015,0.0344159,31.0333
10751,10811,6.4001,20.946,0.052,0,0.0230735,20.8056
10752,10812,6.4001,20.946,0.053,0.008,0.0579704,52.2726
10753,10813,6.4001,20.946,0.052,-0.007,0.0583137,52.5822
10754,10814,6.4001,20.945,0.052,-0.017,0.0529973,47.7884
10755,10815,6.4001,20.944,0.052,-0.008,0.047555,42.881
10756,10816,6.4001,20.945,0.052,-0.008,0.049589,44.715
10757,10817,6.4001,20.945,0.051,-0.008,0.0382006,34.446
10758,10818,6.4099,20.943,0.051,-0.002,0.0313633,28.2807
10759,10819,6.4099,20.943,0.052,0.013,0.031142,28.0811
10760,10820,6.4099,20.943,0.052,0.006,0.0357257,32.2143
10761,10821,6.4099,20.944,0.052,0.005,0.0231459,20.871
10762,10822,6.4099,20.943,0.051,0.007,0.0433692,39.1066
10763,10823,6.4099,20.945,0.051,-0.015,0.0614518,55.4119
10764,10824,6.4099,20.943,0.052,-0.011,0.0587095,52.9392
10765,10825,6.4099,20.942,0.052,-0.012,0.0563782,50.837
10766,10826,6.4099,20.943,0.052,-0.007,0.0376135,33.9166
10767,10827,6.4099,20.943,0.052,-0.004,0.0150021,13.5276
10768,10828,6.4099,20.942,0.052,0.002,0.0278037,25.071
10769,10829,6.4099,20.943,0.052,0.003,0.0350664,31.6199
10770,10830,6.4099,20.944,0.052,0.009,0.0359929,32.4553
10771,10831,6.4099,20.943,0.052,0.009,0.0303374,27.3556
10772,10832,6.42,20.942,0.052,0.016,0.0550848,49.6707
10773,10833,6.42,20.943,0.053,0.001,0.0476581,42.974
10774,10834,6.42,20.942,0.052,-0.02,0.0366183,33.0192
10775,10835,6.42,20.943,0.052,-0.007,0.0426156,38.427
10776,10836,6.42,20.941,0.052,-0.014,0.0499619,45.0513
10777,10837,6.42,20.943,0.052,0.003,0.0447002,40.3068
10778,10838,6.42,20.943,0.052,0.014,0.0257345,23.2051
10779,10839,6.42,20.945,0.051,0.012,0.018995,17.128
10780,10840,6.42,20.943,0.052,0.011,0.0094553,8.526
10781,10841,6.42,20.942,0.052,0.004,0.0315895,28.4847
10782,10842,6.42,20.943,0.052,0.009,0.0352257,31.7635
10783,10843,6.42,20.943,0.052,-0.014,0.0562091,50.6845
10784,10844,6.42,20.943,0.052,-0.002,0.0468091,42.2083
10785,10845,6.42,20.942,0.052,0.004,0.0519927,46.8825
10786,10846,6.42,20.943,0.052,-0.002,0.0507321,45.7458
10787,10847,6.42,20.943,0.052,-0.004,0.0386322,34.8352
10788,10848,6.42,20.942,0.052,0.001,0.0377861,34.0722
10789,10849,6.42,20.942,0.051,0.004,0.040054,36.1172
10790,10850,6.42,20.945,0.052,0.016,0.0362451,32.6827
10791,10851,6.42,20.944,0.052,0.024,0.0311491,28.0875
10792,10852,6.42,20.944,0.051,0.013,0.0492063,44.3699
10793,10853,6.42,20.942,0.052,0.006,0.0619303,55.8434
10794,10854,6.42,20.943,0.053,-0.015,0.0639343,57.6504
10795,10855,6.42,20.943,0.052,-0.012,0.0518107,46.7184
10796,10856,6.42,20.944,0.053,-0.006,0.0282485,25.4721
10797,10857,6.42,20.942,0.053,-0.011,0.0392397,35.383
10798,10858,6.42,20.943,0.053,0.005,0.0297141,26.7936
10799,10859,6.42,20.942,0.052,0.006,0.0192426,17.3513
10800,10860,6.42,20.942,0.052,0.005,0.0089114,8.0355
10801,10861,6.42,20.942,0.052,0.004,0.019653,17.7214
10802,10862,6.43,20.943,0.052,-0.001,0.0303323,27.351
10803,10863,6.43,20.945,0.052,-0.013,0.0427159,38.5175
10804,10864,6.43,20.944,0.052,-0.02,0.0526552,47.4799
10805,10865,6.43,20.943,0.052,-0.023,0.0600266,54.1268
10806,10866,6.43,20.943,0.052,-0.01,0.0559239,50.4273
10807,10867,6.43,20.943,0.052,-0.003,0.0472391,42.5961
10808,10868,6.43,20.946,0.051,-0.004,0.0236637,21.3379
10809,10869,6.43,20.944,0.052,0.006,0.0218127,19.6688
10810,10870,6.44,20.944,0.052,0.01,0.0344882,31.0985
10811,10871,6.44,20.945,0.052,0.015,0.0420776,37.9419
10812,10872,6.44,20.946,0.052,0.01,0.0327298,29.5129
10813,10873,6.44,20.945,0.052,0.009,0.0473705,42.7146
10814,10874,6.44,20.943,0.052,-0.002,0.0364734,32.8886
10815,10875,6.44,20.943,0.052,-0.015,0.0459296,41.4153
10816,10876,6.45,20.944,0.052,-0.019,0.0480679,43.3435
10817,10877,6.45,20.943,0.052,-0.019,0.0331389,29.8818
10818,10878,6.45,20.944,0.052,-0.011,0.0293144,26.4332
10819,10879,6.45,20.944,0.052,0.006,0.0104962,9.4646
10820,10880,6.45,20.945,0.052,0.012,0.0300163,27.0661
10821,10881,6.45,20.944,0.051,0.006,0.019597,17.6709
10822,10882,6.44,20.943,0.051,-0.005,0.0549745,49.5712
10823,10883,6.44,20.944,0.051,-0.001,0.0488209,44.0224
10824,10884,6.44,20.945,0.052,-0.01,0.0545705,49.207
10825,10885,6.44,20.944,0.052,-0.001,0.0483504,43.5982
10826,10886,6.44,20.944,0.051,-0.01,0.0212297,19.1431
10827,10887,6.44,20.944,0.051,-0.011,0.0424771,38.3021
10828,10888,6.44,20.944,0.052,-0.002,0.0346989,31.2884
10829,10889,6.44,20.945,0.053,0.001,0.0398178,35.9042
10830,10890,6.44,20.945,0.052,0.022,0.025581,23.0667
10831,10891,6.44,20.944,0.051,0.005,0.0296887,26.7707
10832,10892,6.44,20.944,0.052,0.011,0.0421162,37.9767
10833,10893,6.44,20.945,0.052,-0.013,0.0327432,29.525
10834,10894,6.44,20.943,0.052,-0.013,0.0419249,37.8042
10835,10895,6.44,20.944,0.052,-0.013,0.0458195,41.316
10836,10896,6.44,20.943,0.052,-0.012,0.0574585,51.8111
10837,10897,6.44,20.944,0.053,0.013,0.0461428,41.6075
10838,10898,6.44,20.944,0.052,0.002,0.041707,37.6078
10839,10899,6.45,20.942,0.053,0.005,0.0182191,16.4284
10840,10900,6.45,20.943,0.052,0,0.0220103,19.847
10841,10901,6.45,20.943,0.052,0.004,0.0119504,10.7759
10842,10902,6.45,20.945,0.052,0.005,0.0182332,16.4411
10843,10903,6.45,20.944,0.051,-0.002,0.0338568,30.5291
10844,10904,6.45,20.943,0.052,-0.001,0.036971,33.3373
10845,10905,6.45,20.945,0.051,-0.011,0.0484576,43.6949
10846,10906,6.45,20.945,0.051,-0.013,0.0482274,43.4873
10847,10907,6.45,20.945,0.052,-0.016,0.0313298,28.2505
10848,10908,6.45,20.943,0.053,-0.01,0.0309715,27.9274
10849,10909,6.45,20.944,0.051,-0.007,0.0140237,12.6454
10850,10910,6.45,20.944,0.052,0.017,0.017341,15.6366
10851,10911,6.45,20.944,0.052,0.007,0.0226112,20.3888
10852,10912,6.45,20.945,0.051,0.017,0.0420032,37.8749
10853,10913,6.45,20.945,0.052,0.012,0.0306916,27.6751
10854,10914,6.45,20.945,0.052,-0.008,0.0533237,48.0827
10855,10915,6.45,20.946,0.052,-0.007,0.0459694,41.4512
10856,10916,6.45,20.945,0.052,-0.018,0.0377394,34.0301
10857,10917,6.45,20.945,0.051,-0.021,0.037016,33.3779
10858,10918,6.45,20.946,0.051,0,0.0349304,31.4972
10859,10919,6.46,20.945,0.052,0,0.0204146,18.4081
10860,10920,6.46,20.945,0.052,0.015,0.008768,7.9062
10861,10921,6.46,20.945,0.051,0.012,0.020179,18.1957
10862,10922,6.46,20.945,0.052,0.013,0.023053,20.7872
10863,10923,6.46,20.944,0.052,-0.006,0.0363085,32.7399
10864,10924,6.46,20.944,0.053,0,0.0576277,51.9637
10865,10925,6.46,20.945,0.052,-0.017,0.0491585,44.3269
10866,10926,6.46,20.944,0.053,-0.015,0.069936,63.0622
10867,10927,6.46,20.945,0.052,-0.003,0.0339063,30.5738
10868,10928,6.46,20.944,0.052,-0.011,0.0288827,26.0439
10869,10929,6.46,20.946,0.053,0,0.0250121,22.5537
10870,10930,6.46,20.944,0.053,0.013,0.0273941,24.7016
10871,10931,6.46,20.944,0.052,0.019,0.0183336,16.5317
10872,10932,6.46,20.945,0.053,0.014,0.0361536,32.6002
10873,10933,6.46,20.944,0.052,0.01,0.0407211,36.7188
10874,10934,6.46,20.944,0.053,-0.006,0.0340922,30.7414
10875,10935,6.46,20.945,0.053,-0.027,0.0456256,41.1412
10876,10936,6.46,20.945,0.053,-0.019,0.0398825,35.9626
10877,10937,6.46,20.945,0.052,-0.029,0.0405184,36.536
10878,10938,6.46,20.943,0.051,-0.008,0.0218311,19.6854
10879,10939,6.47,20.946,0.053,0.002,0.0290095,26.1583
10880,10940,6.47,20.945,0.053,0.004,0.0303978,27.4101
10881,10941,6.47,20.945,0.052,-0.003,0.0256967,23.171
10882,10942,6.47,20.946,0.052,0.006,0.0221938,20.0124
10883,10943,6.47,20.946,0.052,-0.005,0.0068553,6.1815
10884,10944,6.47,20.945,0.053,-0.006,0.0318972,28.7621
10885,10945,6.47,20.944,0.053,0,0.0368959,33.2695
10886,10946,6.47,20.944,0.052,-0.015,0.0560247,50.5182
10887,10947,6.47,20.945,0.052,-0.014,0.0339512,30.6143
10888,10948,6.47,20.946,0.052,-0.014,0.0528326,47.6399
10889,10949,6.47,20.946,0.053,0.003,0.0444352,40.0678
10890,10950,6.47,20.946,0.052,0,0.0178636,16.1078
10891,10951,6.47,20.945,0.052,0,0.0127407,11.4884
10892,10952,6.47,20.945,0.052,0.009,0.0309304,27.8903
10893,10953,6.47,20.944,0.052,0.012,0.0315057,28.4091
10894,10954,6.47,20.944,0.051,0.017,0.037283,33.6185
10895,10955,6.47,20.946,0.052,-0.005,0.0533905,48.1429
10896,10956,6.47,20.946,0.052,-0.002,0.0526215,47.4495
10897,10957,6.47,20.944,0.053,-0.02,0.0477667,43.0718
10898,10958,6.47,20.944,0.053,-0.004,0.0509437,45.9366
10899,10959,6.47,20.945,0.053,-0.017,0.0343723,30.994
10900,10960,6.48,20.944,0.053,-0.005,0.0419166,37.7967
10901,10961,6.48,20.943,0.054,0.02,0.0240638,21.6986
10902,10962,6.48,20.943,0.054,0.019,0.0156511,14.1128
10903,10963,6.48,20.944,0.053,0.006,0.0321898,29.026
10904,10964,6.48,20.943,0.053,0.002,0.0382628,34.502
10905,10965,6.48,20.944,0.054,0.002,0.0389186,35.0934
10906,10966,6.48,20.943,0.053,-0.014,0.0579261,52.2327
10907,10967,6.48,20.943,0.053,-0.017,0.0375745,33.8814
10908,10968,6.48,20.944,0.053,-0.012,0.0463447,41.7896
10909,10969,6.48,20.944,0.052,-0.015,0.0195318,17.612
10910,10970,6.48,20.944,0.052,0.001,0.0250865,22.6208
10911,10971,6.48,20.944,0.052,-0.011,0.0110099,9.9278
10912,10972,6.48,20.945,0.053,0.001,0.028474,25.6754
10913,10973,6.48,20.946,0.053,0.008,0.0160682,14.4889
10914,10974,6.49,20.946,0.052,-0.003,0.0274748,24.7744
10915,10975,6.49,20.945,0.052,-0.003,0.0356506,32.1466
10916,10976,6.49,20.944,0.052,-0.013,0.0473462,42.6927
10917,10977,6.49,20.946,0.052,-0.026,0.0307362,27.7152
10918,10978,6.49,20.945,0.052,-0.002,0.044769,40.3688
10919,10979,6.49,20.944,0.053,-0.01,0.0155797,14.0484
10920,10980,6.49,20.944,0.052,0.009,0.0332592,29.9902
10921,10981,6.49,20.945,0.052,-0.005,0.0204743,18.462
10922,10982,6.5,20.947,0.052,0.013,0.0171501,15.4644
10923,10983,6.5,20.946,0.052,0.002,0.0100755,9.0852
10924,10984,6.5,20.945,0.052,0.008,0.0268968,24.2532
10925,10985,6.5,20.946,0.053,-0.002,0.0236952,21.3662
10926,10986,6.5,20.946,0.053,-0.006,0.0433723,39.1094
10927,10987,6.5099,20.945,0.052,-0.021,0.0307834,27.7578
10928,10988,6.5099,20.946,0.052,-0.005,0.0368852,33.2599
10929,10989,6.5099,20.946,0.052,-0.023,0.014452,13.0316
10930,10990,6.5099,20.947,0.052,0.004,0.0175985,15.8688
10931,10991,6.5099,20.947,0.052,-0.004,0.0121884,10.9905
10932,10992,6.5099,20.945,0.052,0.004,0.0120147,10.8338
10933,10993,6.5099,20.946,0.052,0.012,0.0155839,14.0522
10934,10994,6.5099,20.945,0.052,0.014,0.0265374,23.9291
10935,10995,6.5099,20.946,0.052,-0.002,0.0239789,21.6221
10936,10996,6.5099,20.946,0.052,0.001,0.0339776,30.638
10937,10997,6.5099,20.946,0.052,-0.021,0.0435269,39.2488
10938,10998,6.5099,20.947,0.052,-0.01,0.048074,43.3489
10939,10999,6.5099,20.947,0.053,-0.011,0.014192,12.7971
10940,11000,6.5099,20.946,0.052,0.009,0.0328302,29.6034
10941,11001,6.5099,20.946,0.052,0.007,0.0176605,15.9247
10942,11002,6.5099,20.946,0.052,0.012,0.0177141,15.973
10943,11003,6.5099,20.946,0.052,0.012,0.0173255,15.6227
10944,11004,6.5099,20.946,0.052,0.009,0.0263435,23.7543
10945,11005,6.5099,20.946,0.052,-0.001,0.0320985,28.9437
10946,11006,6.5099,20.946,0.052,-0.004,0.0426778,38.4832
10947,11007,6.5099,20.947,0.052,-0.013,0.0332016,29.9383
10948,11008,6.5099,20.947,0.052,-0.013,0.0428088,38.6013
10949,11009,6.5099,20.945,0.053,-0.021,0.0216207,19.4956
10950,11010,6.5099,20.946,0.052,0.009,0.0284713,25.673
10951,11011,6.5099,20.946,0.052,-0.007,0.0089707,8.089
10952,11012,6.5099,20.946,0.051,0.007,0.0041372,3.7306
10953,11013,6.5099,20.946,0.052,0.003,0.0048416,4.3658
10954,11014,6.5099,20.947,0.052,0.007,0.0179165,16.1555
10955,11015,6.5099,20.946,0.051,-0.001,0.0237861,21.4482
10956,11016,6.5099,20.946,0.051,-0.001,0.0133864,12.0707
10957,11017,6.5099,20.945,0.052,-0.015,0.0293826,26.4947
10958,11018,6.5099,20.946,0.052,-0.007,0.0411376,37.0943
10959,11019,6.5099,20.946,0.053,-0.016,0.0233342,21.0408
10960,11020,6.5099,20.946,0.052,0.007,0.0294117,26.5209
10961,11021,6.5099,20.945,0.052,-0.003,0.0186965,16.8589
10962,11022,6.5099,20.946,0.052,0.01,0.0134318,12.1117
10963,11023,6.5099,20.947,0.052,0.01,0.0093693,8.4485
10964,11024,6.5199,20.948,0.052,0.014,0.0281196,25.3559
10965,11025,6.5199,20.947,0.052,0.002,0.0189046,17.0466
10966,11026,6.5199,20.947,0.052,0.001,0.0280353,25.2798
10967,11027,6.5199,20.946,0.052,0.006,0.0434576,39.1863
10968,11028,6.5199,20.947,0.052,0.001,0.0319663,28.8245
10969,11029,6.5199,20.945,0.051,-0.011,0.0373729,33.6997
10970,11030,6.5199,20.945,0.051,-0.002,0.0208995,18.8454
10971,11031,6.5199,20.947,0.052,-0.008,0.013692,12.3463
10972,11032,6.5199,20.947,0.052,0.001,0.0163705,14.7615
10973,11033,6.5199,20.947,0.052,0.011,0.0030002,2.7053
10974,11034,6.5199,20.946,0.052,0.01,0.0240355,21.6731
10975,11035,6.5199,20.947,0.051,-0.003,0.0292417,26.3676
10976,11036,6.5199,20.946,0.052,0.007,0.0277778,25.0476
10977,11037,6.5199,20.946,0.052,-0.003,0.012664,11.4193
10978,11038,6.5199,20.946,0.052,-0.008,0.0305384,27.5369
10979,11039,6.5199,20.944,0.052,-0.016,0.044028,39.7006
10980,11040,6.5299,20.948,0.052,-0.016,0.0489578,44.1459
10981,11041,6.5299,20.947,0.051,-0.001,0.0357929,32.275
10982,11042,6.5199,20.947,0.052,0.007,0.0298653,26.9299
10983,11043,6.5199,20.947,0.052,0.003,0.019992,18.027
10984,11044,6.5199,20.947,0.052,0.011,0.0070676,6.3729
10985,11045,6.5199,20.948,0.052,0.001,0.0236367,21.3135
10986,11046,6.5199,20.946,0.052,-0.008,0.0193318,17.4317
10987,11047,6.5299,20.947,0.052,-0.012,0.0225577,20.3405
10988,11048,6.5299,20.948,0.052,0.002,0.03261,29.4049
10989,11049,6.5299,20.948,0.052,-0.014,0.03331,30.036
10990,11050,6.5299,20.948,0.052,-0.018,0.0290684,26.2114
10991,11051,6.5299,20.946,0.052,-0.022,0.0186223,16.792
10992,11052,6.5299,20.946,0.052,-0.01,0.0147748,13.3226
10993,11053,6.5299,20.946,0.052,-0.004,0.0014044,1.2664
10994,11054,6.5299,20.946,0.052,0,0.0078289,7.0594
10995,11055,6.5299,20.947,0.051,0.012,0.0199488,17.9881
10996,11056,6.5299,20.947,0.052,-0.007,0.0254826,22.978
10997,11057,6.5399,20.948,0.052,-0.004,0.0212812,19.1896
10998,11058,6.5399,20.948,0.053,0.002,0.024465,22.0604
10999,11059,6.5399,20.946,0.053,-0.008,0.0209283,18.8713
11000,11060,6.5399,20.946,0.052,-0.004,0.034001,30.6591
11001,11061,6.5399,20.945,0.052,0.001,0.0264621,23.8612
11002,11062,6.5399,20.945,0.052,0.006,0.0084165,7.5893
11003,11063,6.5399,20.946,0.052,0.005,0.0103932,9.3717
11004,11064,6.5399,20.947,0.052,0.022,0.0083086,7.492
11005,11065,6.5399,20.946,0.052,0.016,0.0125002,11.2716
11006,11066,6.5399,20.946,0.052,0.005,0.0248968,22.4498
11007,11067,6.5399,20.946,0.052,-0.005,0.0567817,51.2008
11008,11068,6.5399,20.947,0.052,-0.006,0.0453377,40.8816
11009,11069,6.5399,20.948,0.052,-0.014,0.0200294,18.0608
11010,11070,6.5399,20.949,0.052,-0.006,0.0182426,16.4496
11011,11071,6.5399,20.948,0.052,-0.013,0.0178359,16.0828
11012,11072,6.5399,20.947,0.052,-0.006,0.0136611,12.3184
11013,11073,6.55,20.947,0.052,0.006,0.0187394,16.8976
11014,11074,6.55,20.948,0.052,0.009,0.0189529,17.0901
11015,11075,6.55,20.947,0.052,0.011,0.0212158,19.1305
11016,11076,6.55,20.947,0.052,0.002,0.0230783,20.81
11017,11077,6.55,20.948,0.052,0,0.0297283,26.8064
11018,11078,6.55,20.946,0.052,-0.025,0.0292822,26.4041
11019,11079,6.55,20.945,0.052,-0.023,0.0202064,18.2204
11020,11080,6.55,20.947,0.052,-0.005,0.0209225,18.8661
11021,11081,6.55,20.948,0.052,-0.003,0.0278511,25.1137
11022,11082,6.55,20.948,0.052,0.002,0.0044662,4.0273
11023,11083,6.55,20.947,0.053,0.006,0.007567,6.8233
11024,11084,6.55,20.947,0.052,0,0.0038751,3.4942
11025,11085,6.55,20.947,0.052,0.001,0.0111533,10.0571
11026,11086,6.55,20.947,0.052,-0.006,0.0103872,9.3663
11027,11087,6.55,20.948,0.051,-0.008,0.0129651,11.6908
11028,11088,6.55,20.948,0.052,-0.008,0.0163802,14.7703
11029,11089,6.55,20.947,0.052,-0.013,0.0306889,27.6726
11030,11090,6.55,20.948,0.052,-0.005,0.0274954,24.7929
11031,11091,6.56,20.948,0.052,-0.001,0.0200706,18.0979
11032,11092,6.56,20.947,0.052,-0.007,0,0
11033,11093,6.56,20.947,0.051,0.005,0.0244137,22.0142
11034,11094,6.56,20.949,0.052,0.003,0.0082451,7.4347
11035,11095,6.56,20.949,0.052,0.015,0.0250984,22.6315
11036,11096,6.56,20.947,0.052,0.008,0.015241,13.743
11037,11097,6.56,20.947,0.052,0.009,0.02904,26.1857
11038,11098,6.56,20.947,0.052,-0.003,0.0354788,31.9917
11039,11099,6.56,20.949,0.052,-0.006,0.0347009,31.2903
11040,11100,6.56,20.949,0.053,-0.015,0.0365873,32.9913
11041,11101,6.56,20.948,0.052,-0.003,0.0288726,26.0348
11042,11102,6.56,20.946,0.052,0,0.0140279,12.6491
11043,11103,6.56,20.947,0.052,0.014,0.0136118,12.274
11044,11104,6.57,20.948,0.052,-0.004,0,0
11045,11105,6.57,20.947,0.052,0.006,0.012555,11.321
11046,11106,6.57,20.948,0.052,-0.014,0.012499,11.2705
11047,11107,6.57,20.949,0.052,-0.01,0.022977,20.7187
11048,11108,6.57,20.95,0.052,-0.013,0.0193656,17.4622
11049,11109,6.57,20.948,0.051,-0.014,0.0415848,37.4976
11050,11110,6.57,20.947,0.051,-0.018,0.0193431,17.4419
11051,11111,6.57,20.948,0.052,-0.019,0.0254204,22.9219
11052,11112,6.57,20.948,0.052,-0.013,0.0087305,7.8724
11053,11113,6.57,20.948,0.052,0.001,0.0145324,13.104
11054,11114,6.57,20.948,0.051,0.001,0.0199729,18.0098
11055,11115,6.57,20.948,0.052,0.02,0.0241745,21.7985
11056,11116,6.57,20.948,0.052,0.002,0.0117551,10.5997
11057,11117,6.57,20.948,0.052,0.007,0.0160317,14.456
11058,11118,6.58,20.947,0.052,-0.003,0.0155241,13.9983
11059,11119,6.58,20.947,0.052,-0.004,0.0388381,35.0208
11060,11120,6.58,20.948,0.052,-0.02,0.031406,28.3192
11061,11121,6.58,20.947,0.052,-0.004,0.0214576,19.3486
11062,11122,6.57,20.948,0.052,-0.005,0.0248912,22.4447
11063,11123,6.57,20.947,0.051,0.001,0.0261122,23.5457
11064,11124,6.57,20.949,0.051,0.006,0.0112773,10.1689
11065,11125,6.57,20.947,0.051,0.001,0,0
11066,11126,6.57,20.947,0.051,-0.003,0,0
11067,11127,6.57,20.947,0.052,0.004,0.0261972,23.6224
11068,11128,6.57,20.948,0.052,-0.001,0.0200136,18.0465
11069,11129,6.57,20.948,0.052,-0.001,0.0119428,10.769
11070,11130,6.57,20.948,0.052,-0.017,0.0268388,24.2009
11071,11131,6.57,20.947,0.052,-0.006,0.0310935,28.0374
11072,11132,6.57,20.946,0.052,-0.006,0.0150354,13.5577
11073,11133,6.57,20.948,0.052,-0.005,0.0230001,20.7395
11074,11134,6.57,20.947,0.052,-0.001,0.0006136,0.5533
11075,11135,6.57,20.946,0.052,0.008,0.0189156,17.0564
11076,11136,6.57,20.947,0.052,0.014,0.0096011,8.6574
11077,11137,6.57,20.948,0.052,0.021,0.009086,8.193
11078,11138,6.57,20.947,0.052,-0.001,0.0370197,33.3811
11079,11139,6.57,20.946,0.053,0,0.0445041,40.1299
11080,11140,6.57,20.947,0.053,-0.003,0.0402339,36.2794
11081,11141,6.57,20.949,0.052,-0.012,0.0436024,39.3168
11082,11142,6.57,20.948,0.052,-0.011,0.0222941,20.1029
11083,11143,6.57,20.947,0.052,0,0.0326807,29.4686
11084,11144,6.58,20.948,0.052,-0.003,0.006743,6.0803
11085,11145,6.58,20.947,0.052,0.018,0.0062816,5.6642
11086,11146,6.58,20.947,0.052,0.006,0,0
11087,11147,6.58,20.946,0.052,0.005,0.0201156,18.1385
11088,11148,6.58,20.948,0.052,-0.004,0.0092468,8.338
11089,11149,6.58,20.95,0.052,-0.011,0.0254627,22.9601
11090,11150,6.58,20.946,0.052,-0.023,0.0238163,21.4754
11091,11151,6.58,20.947,0.052,-0.018,0.0215487,19.4307
11092,11152,6.58,20.947,0.052,-0.022,0.0122371,11.0343
11093,11153,6.59,20.947,0.052,-0.007,0.0155214,13.9959
11094,11154,6.59,20.948,0.052,-0.012,0.0019494,1.7578
11095,11155,6.59,20.947,0.052,0.017,0.0093635,8.4432
11096,11156,6.59,20.946,0.052,0.008,0.0009078,0.8186
11097,11157,6.59,20.948,0.052,0.025,0.0095964,8.6532
11098,11158,6.59,20.948,0.052,0,0.0065752,5.9289
11099,11159,6.59,20.947,0.052,0.01,0.0344036,31.0222
11100,11160,6.59,20.947,0.052,-0.005,0.0255011,22.9947
11101,11161,6.59,20.947,0.053,-0.013,0.0320655,28.9139
11102,11162,6.59,20.949,0.052,-0.012,0.0182842,16.4871
11103,11163,6.59,20.949,0.053,0.007,0.0290315,26.1781
11104,11164,6.59,20.947,0.052,0.003,0.0055423,4.9976
11105,11165,6.59,20.947,0.052,0.012,0.0076496,6.8978
11106,11166,6.59,20.948,0.052,0.005,0,0
11107,11167,6.59,20.948,0.052,0.013,0.0181378,16.3551
11108,11168,6.59,20.948,0.052,0.005,0.0148409,13.3822
11109,11169,6.59,20.948,0.051,0.003,0.032599,29.395
11110,11170,6.59,20.949,0.052,-0.022,0.0227051,20.4735
11111,11171,6.59,20.949,0.053,-0.01,0.0207863,18.7433
11112,11172,6.59,20.948,0.052,-0.017,0.0284991,25.698
11113,11173,6.59,20.948,0.052,-0.008,0.0208828,18.8303
11114,11174,6.59,20.949,0.052,-0.013,0,0
11115,11175,6.59,20.948,0.052,0.004,0.0108416,9.776
11116,11176,6.59,20.949,0.052,0.002,0.0030672,2.7657
11117,11177,6.6,20.949,0.052,0.016,0.0252862,22.8009
11118,11178,6.6,20.949,0.053,-0.003,0.0200647,18.0926
11119,11179,6.6,20.948,0.052,-0.001,0.021354,19.2552
11120,11180,6.6,20.948,0.052,-0.012,0.0328459,29.6176
11121,11181,6.6,20.947,0.052,-0.012,0.0523146,47.1728
11122,11182,6.6,20.949,0.052,-0.01,0.0157521,14.2038
11123,11183,6.6,20.949,0.052,-0.003,0.0129595,11.6858
11124,11184,6.6,20.946,0.051,-0.001,0,0
11125,11185,6.6099,20.947,0.052,0.013,0,0
11126,11186,6.6099,20.949,0.052,-0.001,0,0
11127,11187,6.6099,20.949,0.053,0.011,0.0165826,14.9527
11128,11188,6.6099,20.948,0.052,-0.011,0.0157895,14.2376
11129,11189,6.6099,20.948,0.051,0,0.0251118,22.6436
11130,11190,6.6099,20.947,0.051,-0.005,0.0275412,24.8343
11131,11191,6.6099,20.948,0.052,-0.011,0.0203699,18.3678
11132,11192,6.6099,20.947,0.052,-0.021,0.0294885,26.5902
11133,11193,6.6099,20.945,0.052,-0.001,0.0222054,20.0229
11134,11194,6.6099,20.948,0.052,0.002,0.0085239,7.6862
11135,11195,6.6099,20.948,0.052,0.013,0.0074285,6.6984
11136,11196,6.6099,20.95,0.052,0.018,0.0115475,10.4126
11137,11197,6.6099,20.948,0.051,0.03,0.0289973,26.1472
11138,11198,6.6099,20.948,0.051,-0.005,0.0322772,29.1048
11139,11199,6.6099,20.949,0.052,0,0.035472,31.9856
11140,11200,6.6199,20.948,0.052,-0.005,0.0307047,27.6868
11141,11201,6.6199,20.947,0.052,-0.002,0.0272325,24.5559
11142,11202,6.6199,20.946,0.053,-0.01,0.0096588,8.7095
11143,11203,6.6199,20.949,0.052,-0.015,0.0139284,12.5594
11144,11204,6.6199,20.948,0.052,-0.002,0.0223052,20.1129
11145,11205,6.6199,20.947,0.052,0.006,0.017941,16.1776
11146,11206,6.6199,20.948,0.052,0.007,0.0115857,10.447
11147,11207,6.6199,20.948,0.052,0.003,0.0076601,6.9072
11148,11208,6.6199,20.948,0.052,-0.009,0.0211738,19.0927
11149,11209,6.6199,20.947,0.052,-0.011,0.0380421,34.3031
11150,11210,6.6199,20.947,0.052,-0.014,0.0299676,27.0221
11151,11211,6.6199,20.947,0.052,-0.01,0.03486,31.4337
11152,11212,6.6199,20.947,0.052,-0.012,0.0280369,25.2812
11153,11213,6.6199,20.948,0.052,0,0.012122,10.9306
11154,11214,6.6199,20.949,0.052,0.001,0.0235379,21.2244
11155,11215,6.6199,20.948,0.052,-0.002,0.0337455,30.4287
11156,11216,6.6199,20.947,0.052,0.002,0.0172966,15.5965
11157,11217,6.6199,20.947,0.052,0.003,0.0105414,9.5054
11158,11218,6.6199,20.948,0.052,0.002,0.0191586,17.2756
11159,11219,6.6199,20.949,0.052,-0.001,0.0253686,22.8752
11160,11220,6.6299,20.947,0.051,-0.012,0.0360828,32.5363
11161,11221,6.6299,20.946,0.052,-0.013,0.0318191,28.6917
11162,11222,6.6299,20.948,0.052,-0.019,0.030094,27.1362
11163,11223,6.6299,20.948,0.052,-0.012,0.0082992,7.4835
11164,11224,6.6299,20.948,0.052,-0.007,0.0027489,2.4788
11165,11225,6.6299,20.95,0.051,-0.008,0,0
11166,11226,6.6299,20.948,0.051,-0.012,0.0011674,1.0526
11167,11227,6.6299,20.947,0.052,-0.006,0.0074421,6.7107
11168,11228,6.6299,20.949,0.051,0.004,0.0008945,0.8066
11169,11229,6.6299,20.948,0.052,0.002,0.0093858,8.4633
11170,11230,6.6299,20.947,0.052,-0.01,0.0192394,17.3484
11171,11231,6.6299,20.948,0.051,-0.015,0.0131253,11.8353
11172,11232,6.6399,20.947,0.051,-0.015,0.0234337,21.1305
11173,11233,6.6399,20.948,0.052,-0.013,0.0315865,28.482
11174,11234,6.6399,20.948,0.052,0.006,0.0261431,23.5736
11175,11235,6.6299,20.948,0.052,0.016,0.0142233,12.8253
11176,11236,6.6299,20.947,0.051,0.012,0.0080452,7.2544
11177,11237,6.6299,20.95,0.052,0.009,0.0197125,17.775
11178,11238,6.6299,20.949,0.051,0.007,0.0320424,28.8931
11179,11239,6.6299,20.948,0.051,0.014,0.0253679,22.8746
11180,11240,6.6299,20.948,0.052,0.006,0.0353849,31.907
11181,11241,6.6399,20.948,0.051,-0.009,0.0442148,39.8691
11182,11242,6.6399,20.949,0.052,-0.002,0.0303236,27.3432
11183,11243,6.6399,20.949,0.052,-0.008,0.0049396,4.4541
11184,11244,6.6399,20.948,0.052,-0.006,0.0030839,2.7808
11185,11245,6.6399,20.946,0.052,-0.001,0.0082485,7.4377
11186,11246,6.6399,20.946,0.053,0.01,0,0
11187,11247,6.6399,20.946,0.052,0.01,0,0
11188,11248,6.6399,20.947,0.052,0,0.0038867,3.5047
11189,11249,6.6399,20.947,0.052,-0.006,0.0041619,3.7528
11190,11250,6.6399,20.946,0.052,-0.005,0.0190024,17.1347
11191,11251,6.6399,20.947,0.051,-0.015,0.0200411,18.0713
11192,11252,6.6399,20.947,0.052,-0.017,0.0227702,20.5322
11193,11253,6.6499,20.946,0.052,-0.014,0.0093464,8.4278
11194,11254,6.6499,20.948,0.051,0.014,0.0285786,25.7697
11195,11255,6.6499,20.947,0.052,0.012,0.0175449,15.8205
11196,11256,6.6499,20.948,0.052,0.006,0.0063816,5.7543
11197,11257,6.6499,20.948,0.052,0.019,0.0123786,11.1619
11198,11258,6.6499,20.948,0.052,0.016,0.0095993,8.6558
11199,11259,6.6499,20.948,0.052,0.015,0.0022579,2.036
11200,11260,6.6499,20.947,0.052,0.01,0.0172945,15.5947
11201,11261,6.6499,20.948,0.052,-0.004,0.0238797,21.5326
11202,11262,6.6499,20.948,0.051,0,0.0226183,20.3952
11203,11263,6.6499,20.947,0.052,-0.006,0.0096057,8.6616
11204,11264,6.6499,20.948,0.052,0.005,0.0185166,16.6967
11205,11265,6.6499,20.948,0.052,-0.008,0.0113017,10.1909
11206,11266,6.6499,20.947,0.052,0.007,0,0
11207,11267,6.6499,20.946,0.052,0.008,0.0027947,2.52
11208,11268,6.6499,20.948,0.051,0.007,0.0019633,1.7704
11209,11269,6.6499,20.947,0.051,0.006,0.0030591,2.7584
11210,11270,6.6499,20.948,0.051,0.008,0.0163675,14.7588
11211,11271,6.6499,20.949,0.052,-0.001,0.004405,3.9721
11212,11272,6.6499,20.948,0.052,-0.008,0.0276817,24.9609
11213,11273,6.6499,20.948,0.052,-0.007,0.0138119,12.4544
11214,11274,6.6499,20.948,0.052,0.005,0.0304,27.412
11215,11275,6.6499,20.948,0.051,0.001,0.0054703,4.9326
11216,11276,6.6499,20.947,0.052,0.009,0.005487,4.9477
11217,11277,6.6499,20.947,0.052,0.018,0.0118831,10.7151
11218,11278,6.6499,20.948,0.052,0.016,0.0254355,22.9356
11219,11279,6.6499,20.947,0.052,0.012,0.0189066,17.0483
11220,11280,6.6499,20.948,0.052,0.011,0.0202072,18.2211
11221,11281,6.6499,20.948,0.052,-0.006,0.0187139,16.8746
11222,11282,6.6499,20.949,0.052,0.005,0.048771,43.9774
11223,11283,6.6499,20.949,0.052,-0.012,0.0426977,38.501
11224,11284,6.6499,20.948,0.051,0.001,0.0382286,34.4712
11225,11285,6.6599,20.948,0.052,-0.004,0.003296,2.972
11226,11286,6.6599,20.946,0.052,0.004,0.0219307,19.7752
11227,11287,6.6599,20.949,0.051,0.004,0,0
11228,11288,6.6599,20.949,0.051,0.013,0.0142927,12.8879
11229,11289,6.6599,20.946,0.051,-0.004,0,0
11230,11290,6.6599,20.947,0.051,0.002,0.0250557,22.593
11231,11291,6.6599,20.947,0.051,-0.004,0.027733,25.0072
11232,11292,6.6599,20.948,0.052,0.007,0.0288043,25.9732
11233,11293,6.6599,20.946,0.052,-0.022,0.019128,17.248
11234,11294,6.67,20.946,0.052,-0.011,0.0419343,37.8127
11235,11295,6.67,20.945,0.052,-0.012,0.0135151,12.1868
11236,11296,6.67,20.946,0.052,0.006,0.0354304,31.9481
11237,11297,6.67,20.949,0.051,0.003,0.0091476,8.2485
11238,11298,6.67,20.946,0.052,0.021,0.0197364,17.7966
11239,11299,6.67,20.947,0.052,0.01,0.0201876,18.2034
11240,11300,6.67,20.946,0.052,0.021,0.0266333,24.0156
11241,11301,6.67,20.948,0.052,0,0.0217092,19.5755
11242,11302,6.67,20.946,0.052,-0.007,0.0422744,38.1194
11243,11303,6.67,20.947,0.052,-0.013,0.0278458,25.1089
11244,11304,6.67,20.948,0.052,-0.004,0.033458,30.1695
11245,11305,6.67,20.948,0.052,-0.02,0.0144468,13.0268
11246,11306,6.67,20.947,0.052,0.006,0.0160032,14.4303
11247,11307,6.67,20.947,0.051,-0.01,0.0027643,2.4926
11248,11308,6.67,20.946,0.052,0.011,0.0195843,17.6594
11249,11309,6.67,20.947,0.052,0,0.0226447,20.419
11250,11310,6.67,20.947,0.052,0.004,0.0243883,21.9913
11251,11311,6.67,20.946,0.052,-0.006,0.0281114,25.3484
11252,11312,6.67,20.947,0.052,-0.006,0.0439968,39.6725
11253,11313,6.67,20.948,0.052,-0.016,0.0251544,22.682
11254,11314,6.67,20.946,0.051,-0.007,0.042994,38.7683
11255,11315,6.6801,20.947,0.052,-0.012,0.0352358,31.7726
11256,11316,6.6801,20.947,0.052,0.005,0.0236952,21.3662
11257,11317,6.6801,20.947,0.052,0.004,0.018856,17.0027
11258,11318,6.6801,20.947,0.052,0.016,0.0232671,20.9803
11259,11319,6.6801,20.947,0.052,0,0.0145005,13.0753
11260,11320,6.6801,20.947,0.053,0.012,0.0112954,10.1852
11261,11321,6.6801,20.944,0.052,0.004,0.0187942,16.947
11262,11322,6.6801,20.945,0.052,0.007,0.039659,35.761
11263,11323,6.6801,20.944,0.052,-0.013,0.0437308,39.4326
11264,11324,6.6801,20.945,0.052,0.004,0.031923,28.7854
11265,11325,6.6801,20.945,0.052,-0.011,0.0114082,10.287
11266,11326,6.6801,20.945,0.052,-0.014,0.020287,18.2931
11267,11327,6.6801,20.947,0.052,0.001,0.0164644,14.8461
11268,11328,6.6801,20.946,0.051,0.001,0.017564,15.8376
11269,11329,6.6801,20.947,0.052,0.003,0.0154438,13.9259
11270,11330,6.6801,20.946,0.052,0.005,0.0270233,24.3673
11271,11331,6.6801,20.947,0.052,0.008,0.0262846,23.7012
11272,11332,6.6801,20.947,0.052,0.001,0.030608,27.5996
11273,11333,6.6801,20.947,0.052,-0.014,0.02875,25.9243
11274,11334,6.6801,20.946,0.052,-0.018,0.0232754,20.9877
11275,11335,6.6801,20.946,0.053,-0.011,0.0103559,9.3381
11276,11336,6.6901,20.947,0.052,0.007,0.0271688,24.4985
11277,11337,6.6901,20.947,0.052,0,0.0178549,16.1
11278,11338,6.6901,20.947,0.052,0.013,0.004083,3.6817
11279,11339,6.6901,20.945,0.052,0.007,0.011415,10.293
11280,11340,6.6901,20.946,0.052,0.009,0.0112795,10.1709
11281,11341,6.6901,20.946,0.052,0.003,0.0186871,16.8504
11282,11342,6.6901,20.945,0.052,-0.001,0.0229541,20.698
11283,11343,6.6901,20.946,0.052,-0.005,0.0244139,22.0143
11284,11344,6.6901,20.946,0.052,-0.008,0.0391382,35.2914
11285,11345,6.6901,20.947,0.052,-0.008,0.0238219,21.4805
11286,11346,6.6901,20.948,0.051,0.009,0.0267078,24.0827
11287,11347,6.6901,20.947,0.051,-0.006,0.020221,18.2335
11288,11348,6.6901,20.947,0.052,0.003,0.0166571,15.0199
11289,11349,6.6901,20.947,0.053,0.01,0.0175086,15.7877
11290,11350,6.6901,20.948,0.052,0.007,0.0197076,17.7706
11291,11351,6.7001,20.947,0.052,0.008,0.014932,13.4644
11292,11352,6.7001,20.947,0.052,0.001,0.0208595,18.8093
11293,11353,6.7001,20.947,0.053,-0.012,0.0181198,16.3389
11294,11354,6.7001,20.949,0.052,-0.005,0.0323131,29.1372
11295,11355,6.7001,20.947,0.052,-0.013,0.0199667,18.0042
11296,11356,6.7001,20.946,0.053,0.001,0.0272745,24.5938
11297,11357,6.7001,20.946,0.052,-0.007,0.0081488,7.3479
11298,11358,6.7001,20.947,0.052,0,0.0141962,12.8009
11299,11359,6.7001,20.947,0.052,0.003,0.0030492,2.7495
11300,11360,6.7001,20.947,0.052,0.007,0.0031257,2.8185
11301,11361,6.7001,20.946,0.051,0.005,0.0243327,21.9411
11302,11362,6.7001,20.946,0.052,0.001,0.0362846,32.7183
11303,11363,6.7001,20.948,0.051,-0.006,0.0302595,27.2854
11304,11364,6.7001,20.948,0.051,-0.002,0.0340084,30.6658
11305,11365,6.7001,20.948,0.052,-0.01,0.0263525,23.7624
11306,11366,6.7001,20.947,0.052,-0.005,0.017622,15.8899
11307,11367,6.7001,20.948,0.052,-0.002,0.0027322,2.4636
11308,11368,6.7001,20.946,0.051,0.011,0,0
11309,11369,6.7001,20.947,0.052,0.011,0.0070794,6.3836
11310,11370,6.7001,20.946,0.052,0.011,0.0154997,13.9763
11311,11371,6.71,20.948,0.052,0.011,0.0397955,35.8841
11312,11372,6.71,20.948,0.052,-0.004,0.036241,32.679
11313,11373,6.71,20.947,0.052,-0.01,0.0313613,28.2789
11314,11374,6.71,20.946,0.052,-0.005,0.0343482,30.9722
11315,11375,6.71,20.946,0.052,-0.008,0.0221873,20.0066
11316,11376,6.71,20.946,0.051,-0.006,0.0127432,11.4907
11317,11377,6.71,20.947,0.051,0.003,0.0286574,25.8408
11318,11378,6.71,20.947,0.052,0.017,0.0207714,18.7299
11319,11379,6.71,20.947,0.052,0.016,0.0052265,4.7128
11320,11380,6.71,20.948,0.052,0.012,0.0105492,9.5124
11321,11381,6.71,20.947,0.052,0.009,0.0346093,31.2077
11322,11382,6.71,20.946,0.052,-0.018,0.0350024,31.5621
11323,11383,6.72,20.947,0.052,-0.025,0.0287584,25.9319
11324,11384,6.72,20.949,0.052,-0.015,0.0269832,24.3311
11325,11385,6.72,20.948,0.052,-0.018,0.0158601,14.3012
11326,11386,6.72,20.948,0.052,-0.007,0.0158442,14.287
11327,11387,6.72,20.948,0.052,0.002,0.0133999,12.0829
11328,11388,6.72,20.948,0.052,-0.008,0.0008982,0.8099
11329,11389,6.72,20.947,0.052,0.004,0.0073666,6.6425
11330,11390,6.72,20.946,0.052,0.009,0.0116744,10.527
11331,11391,6.73,20.948,0.052,0.018,0.0139783,12.6044
11332,11392,6.73,20.945,0.052,-0.004,0.0147762,13.3239
11333,11393,6.73,20.945,0.052,-0.009,0.0388888,35.0666
11334,11394,6.73,20.946,0.052,-0.008,0.0414345,37.3621
11335,11395,6.73,20.947,0.052,-0.011,0.0336818,30.3713
11336,11396,6.73,20.948,0.052,-0.001,0.0083765,7.5532
11337,11397,6.73,20.948,0.052,-0.001,0.0168378,15.1829
11338,11398,6.73,20.948,0.052,0.006,0.0122242,11.0227
11339,11399,6.73,20.947,0.051,0.013,0.0262923,23.7081
11340,11400,6.73,20.948,0.052,0.008,0.010989,9.9089
11341,11401,6.73,20.948,0.052,0.003,0.0267777,24.1458
11342,11402,6.73,20.948,0.052,-0.004,0.0074394,6.7082
11343,11403,6.72,20.949,0.052,0,0.0201215,18.1438
11344,11404,6.72,20.948,0.052,-0.022,0.0152358,13.7383
11345,11405,6.73,20.948,0.052,-0.015,0.0217311,19.5952
11346,11406,6.73,20.946,0.052,-0.013,0.0049838,4.494
11347,11407,6.73,20.947,0.053,0.006,0.0081873,7.3826
11348,11408,6.73,20.948,0.053,0.002,0.0047631,4.295
11349,11409,6.73,20.947,0.052,0.006,0.0103357,9.3199
11350,11410,6.73,20.947,0.052,-0.001,0.0110556,9.969
11351,11411,6.73,20.946,0.052,0.013,0.0198549,17.9034
11352,11412,6.73,20.946,0.053,-0.006,0.0181092,16.3293
11353,11413,6.73,20.947,0.052,0.006,0.0300366,27.0844
11354,11414,6.73,20.948,0.052,0,0.0313648,28.2821
11355,11415,6.73,20.947,0.053,-0.005,0.0433762,39.1129
11356,11416,6.73,20.949,0.052,-0.007,0.0265634,23.9526
11357,11417,6.73,20.948,0.053,0.014,0.0319729,28.8304
11358,11418,6.74,20.947,0.053,0.01,0.0011922,1.075
11359,11419,6.74,20.947,0.052,0.013,0.0088679,7.9963
11360,11420,6.74,20.947,0.053,0.009,0,0
11361,11421,6.74,20.947,0.053,0.012,0.007832,7.0622
11362,11422,6.74,20.946,0.052,-0.001,0.0049594,4.4719
11363,11423,6.74,20.947,0.052,-0.003,0.0231277,20.8546
11364,11424,6.74,20.948,0.052,-0.014,0.0184032,16.5944
11365,11425,6.74,20.948,0.051,-0.01,0.0272968,24.6138
11366,11426,6.74,20.947,0.052,-0.016,0.0192056,17.318
11367,11427,6.74,20.946,0.052,-0.006,0.0159021,14.3391
11368,11428,6.74,20.947,0.052,-0.011,0.0030265,2.729
11369,11429,6.74,20.947,0.052,0.008,0.0279676,25.2187
11370,11430,6.74,20.949,0.051,0.015,0,0
11371,11431,6.74,20.946,0.052,0.028,0.008751,7.8909
11372,11432,6.74,20.947,0.052,0.016,0.0263185,23.7317
11373,11433,6.74,20.946,0.052,0.014,0.0281814,25.4115
11374,11434,6.74,20.947,0.052,-0.008,0.0256636,23.1412
11375,11435,6.74,20.948,0.052,-0.003,0.0354213,31.9398
11376,11436,6.74,20.948,0.052,-0.012,0.0282384,25.4629
11377,11437,6.74,20.948,0.053,-0.004,0.0328304,29.6036
11378,11438,6.74,20.948,0.053,-0.002,0.0093216,8.4054
11379,11439,6.74,20.948,0.052,0.01,0.0084015,7.5758
11380,11440,6.74,20.948,0.052,-0.003,0,0
11381,11441,6.74,20.946,0.052,0.015,0.0146949,13.2506
11382,11442,6.74,20.948,0.052,0.001,0.0059177,5.336
11383,11443,6.75,20.949,0.052,-0.006,0.0191053,17.2275
11384,11444,6.75,20.947,0.052,-0.003,0.0245137,22.1043
11385,11445,6.75,20.946,0.053,-0.005,0.0370653,33.4222
11386,11446,6.75,20.947,0.052,-0.015,0.0246399,22.2181
11387,11447,6.75,20.947,0.052,-0.008,0.0182639,16.4688
11388,11448,6.75,20.947,0.052,-0.012,0.0030691,2.7674
11389,11449,6.75,20.947,0.052,0.005,0.0248479,22.4056
11390,11450,6.75,20.948,0.051,0.006,0.0113371,10.2228
11391,11451,6.75,20.948,0.052,0.017,0.0215161,19.4014
11392,11452,6.75,20.948,0.052,0.005,0.0107035,9.6515
11393,11453,6.75,20.947,0.052,0.013,0.0230798,20.8114
11394,11454,6.75,20.947,0.053,-0.004,0.0306075,27.5992
11395,11455,6.75,20.948,0.052,-0.005,0.0401484,36.2023
11396,11456,6.75,20.947,0.052,-0.016,0.0177743,16.0273
11397,11457,6.75,20.947,0.052,-0.009,0.0294003,26.5107
11398,11458,6.75,20.948,0.051,-0.003,0.0203839,18.3804
11399,11459,6.75,20.948,0.052,0.012,0.0158418,14.2848
11400,11460,6.75,20.948,0.052,-0.005,0.0019744,1.7804
11401,11461,6.75,20.947,0.052,0.008,0.0169882,15.3185
11402,11462,6.75,20.947,0.052,-0.006,0.0093378,8.42
11403,11463,6.75,20.948,0.052,0.004,0.0139311,12.5619
11404,11464,6.76,20.948,0.052,-0.012,0.0239327,21.5804
11405,11465,6.76,20.949,0.052,-0.01,0.0329374,29.7001
11406,11466,6.76,20.947,0.052,-0.014,0.0238208,21.4796
11407,11467,6.76,20.946,0.052,0.002,0.0264098,23.8141
11408,11468,6.76,20.947,0.052,-0.014,0.0152015,13.7074
11409,11469,6.77,20.948,0.051,-0.005,0.0221354,19.9598
11410,11470,6.77,20.948,0.052,0,0.0038479,3.4697
11411,11471,6.77,20.948,0.052,0.012,0.0160817,14.5011
11412,11472,6.77,20.948,0.052,-0.002,0.0008997,0.8113
11413,11473,6.77,20.948,0.052,0.005,0.0167217,15.0782
11414,11474,6.76,20.948,0.053,0.001,0.0285959,25.7853
11415,11475,6.76,20.948,0.052,-0.005,0.046354,41.798
11416,11476,6.76,20.947,0.052,-0.012,0.0449711,40.551
11417,11477,6.77,20.947,0.052,-0.004,0.0414623,37.3871
11418,11478,6.77,20.947,0.052,-0.01,0.0338535,30.5262
11419,11479,6.77,20.948,0.051,0,0.0206682,18.6368
11420,11480,6.77,20.948,0.052,-0.006,0.008914,8.0379
11421,11481,6.77,20.948,0.052,0.015,0,0
11422,11482,6.77,20.947,0.052,-0.001,0.0006317,0.5696
11423,11483,6.77,20.948,0.052,0.013,0.0144758,13.0531
11424,11484,6.77,20.948,0.052,0.003,0.0175185,15.7967
11425,11485,6.77,20.947,0.052,-0.003,0.0268471,24.2084
11426,11486,6.77,20.946,0.052,-0.015,0.0379766,34.244
11427,11487,6.77,20.945,0.052,-0.023,0.0438441,39.5348
11428,11488,6.77,20.947,0.052,-0.02,0.0288242,25.9912
11429,11489,6.77,20.947,0.052,-0.013,0.0084256,7.5975
11430,11490,6.77,20.947,0.052,-0.001,0.0022833,2.0589
11431,11491,6.77,20.947,0.052,0.015,0.012766,11.5113
11432,11492,6.77,20.946,0.053,0.014,0.0200333,18.0643
11433,11493,6.77,20.948,0.052,0.017,0,0
11434,11494,6.77,20.947,0.052,0.005,0.0226276,20.4036
11435,11495,6.77,20.947,0.052,0.002,0.035359,31.8837
11436,11496,6.7801,20.947,0.051,-0.006,0.0379865,34.2529
11437,11497,6.7801,20.947,0.051,-0.02,0.039154,35.3057
11438,11498,6.7801,20.948,0.052,-0.021,0.0145954,13.1608
11439,11499,6.7801,20.947,0.052,-0.013,0.0138499,12.4887
11440,11500,6.7801,20.948,0.052,0.006,0.0174304,15.7172
11441,11501,6.7801,20.948,0.051,0.007,0.0177407,15.997
11442,11502,6.7801,20.949,0.052,0.003,0.0156619,14.1226
11443,11503,6.7801,20.948,0.052,0,0.0266964,24.0725
11444,11504,6.7801,20.947,0.052,0.012,0.0106331,9.588
11445,11505,6.7801,20.949,0.051,-0.007,0.016986,15.3165
11446,11506,6.7801,20.948,0.052,-0.019,0.0323743,29.1924
11447,11507,6.7801,20.948,0.052,-0.017,0.0339441,30.6078
11448,11508,6.7801,20.947,0.052,-0.018,0.0269456,24.2972
11449,11509,6.7801,20.947,0.052,0,0.0151656,13.675
11450,11510,6.7801,20.948,0.052,0.006,0.0211304,19.0535
11451,11511,6.7801,20.947,0.052,0.007,0.0206626,18.6317
11452,11512,6.7801,20.946,0.052,0.002,0,0
11453,11513,6.7801,20.947,0.051,0.004,0.0121619,10.9666
11454,11514,6.7801,20.947,0.052,-0.005,0.0147406,13.2918
11455,11515,6.7901,20.947,0.051,0.004,0.0232752,20.9876
11456,11516,6.7901,20.948,0.052,-0.001,0.0224909,20.2804
11457,11517,6.7901,20.948,0.052,-0.017,0.0323364,29.1581
11458,11518,6.7901,20.948,0.052,-0.013,0.0201156,18.1385
11459,11519,6.7901,20.947,0.052,-0.002,0.0189144,17.0554
11460,11520,6.7901,20.946,0.052,0,0.0269265,24.28
11461,11521,6.7901,20.948,0.052,-0.001,0.0224519,20.2452
11462,11522,6.7901,20.947,0.052,0.004,0.0149554,13.4855
11463,11523,6.7901,20.946,0.052,0.019,0.0050943,4.5936
11464,11524,6.7901,20.947,0.052,0.007,0.007725,6.9657
11465,11525,6.7901,20.947,0.051,0.005,0.0263139,23.7276
11466,11526,6.7901,20.947,0.052,-0.007,0.0290777,26.2198
11467,11527,6.7901,20.948,0.052,-0.007,0.0352599,31.7943
11468,11528,6.8001,20.948,0.052,-0.012,0.0342741,30.9054
11469,11529,6.8001,20.947,0.052,0,0.0350092,31.5683
11470,11530,6.8001,20.947,0.052,-0.004,0.0158109,14.2569
11471,11531,6.8001,20.948,0.052,-0.006,0.020045,18.0749
11472,11532,6.8001,20.947,0.052,-0.002,0.0075954,6.8489
11473,11533,6.8001,20.947,0.052,0,0.0106009,9.559
11474,11534,6.8001,20.948,0.053,0.009,0.0231673,20.8903
11475,11535,6.8001,20.948,0.051,0.001,0.0161253,14.5404
11476,11536,6.8001,20.949,0.052,-0.005,0.0223585,20.1609
11477,11537,6.8001,20.947,0.052,-0.018,0.0294189,26.5274
11478,11538,6.8001,20.949,0.052,-0.014,0.0326926,29.4794
11479,11539,6.8001,20.947,0.052,-0.013,0.012752,11.4986
11480,11540,6.8001,20.947,0.052,-0.009,0.0114122,10.2906
11481,11541,6.8001,20.946,0.052,-0.001,0.0035957,3.2422
11482,11542,6.8001,20.948,0.052,0,0,0
11483,11543,6.81,20.947,0.052,0.002,0.0030465,2.7471
11484,11544,6.81,20.949,0.052,0.004,0.0260863,23.5224
11485,11545,6.81,20.948,0.052,0.002,0.0211448,19.0666
11486,11546,6.81,20.946,0.053,-0.001,0.0336146,30.3108
11487,11547,6.81,20.948,0.052,-0.013,0.0350432,31.5989
11488,11548,6.81,20.949,0.052,-0.009,0.0323326,29.1547
11489,11549,6.81,20.947,0.052,-0.007,0.0213912,19.2888
11490,11550,6.81,20.946,0.052,0.002,0.0314043,28.3176
11491,11551,6.81,20.948,0.052,0.003,0.0212447,19.1567
11492,11552,6.81,20.948,0.052,0.02,0.0138503,12.489
11493,11553,6.81,20.946,0.052,0.014,0.0059376,5.354
11494,11554,6.81,20.948,0.052,0.011,0.0269787,24.3271
11495,11555,6.81,20.948,0.052,-0.001,0.0266876,24.0645
11496,11556,6.81,20.946,0.053,-0.001,0.0328963,29.663
11497,11557,6.81,20.947,0.052,-0.014,0.0253941,22.8982
11498,11558,6.81,20.947,0.052,-0.009,0.0369633,33.3303
11499,11559,6.81,20.946,0.052,-0.016,0.0200417,18.0719
11500,11560,6.81,20.948,0.052,-0.006,0.017589,15.8602
11501,11561,6.81,20.948,0.051,-0.011,0.0136215,12.2827
11502,11562,6.82,20.947,0.052,0,0.0162229,14.6284
11503,11563,6.82,20.947,0.052,0.001,0,0
11504,11564,6.82,20.948,0.052,0.013,0.0041475,3.7398
11505,11565,6.82,20.947,0.052,-0.011,0.0074244,6.6947
11506,11566,6.82,20.948,0.052,-0.006,0.0320735,28.9211
11507,11567,6.82,20.947,0.052,-0.012,0.0243875,21.9906
11508,11568,6.82,20.947,0.052,-0.01,0.0479662,43.2518
11509,11569,6.82,20.948,0.052,-0.016,0.0211097,19.0349
11510,11570,6.82,20.947,0.053,0,0.0164857,14.8654
11511,11571,6.82,20.947,0.052,-0.008,0.0080234,7.2348
11512,11572,6.82,20.949,0.052,0.006,0.028069,25.3102
11513,11573,6.82,20.947,0.052,0.013,0.0175454,15.8209
11514,11574,6.82,20.945,0.052,0.022,0.0329441,29.7061
11515,11575,6.82,20.947,0.052,0.01,0.0386062,34.8117
11516,11576,6.82,20.948,0.052,0.007,0.0346502,31.2445
11517,11577,6.82,20.948,0.052,-0.011,0.0194228,17.5138
11518,11578,6.82,20.947,0.052,-0.004,0.0396264,35.7317
11519,11579,6.82,20.947,0.052,-0.026,0.0265999,23.9855
11520,11580,6.82,20.947,0.052,-0.001,0.0122633,11.0579
11521,11581,6.83,20.947,0.052,0.003,0,0
11522,11582,6.83,20.947,0.052,0.011,0.0101901,9.1885
11523,11583,6.83,20.947,0.052,-0.003,0,0
11524,11584,6.83,20.946,0.051,0.002,0.0275531,24.845
11525,11585,6.83,20.947,0.052,-0.011,0.0019452,1.754
11526,11586,6.83,20.947,0.052,-0.012,0.0329347,29.6977
11527,11587,6.83,20.946,0.052,-0.009,0.030874,27.8395
11528,11588,6.83,20.946,0.052,0,0.0368561,33.2336
11529,11589,6.83,20.947,0.052,-0.018,0.0180466,16.2729
11530,11590,6.83,20.947,0.052,-0.011,0.0230045,20.7434
11531,11591,6.83,20.948,0.051,0.007,0.0103448,9.3281
11532,11592,6.83,20.947,0.052,0.02,0.0260528,23.4922
11533,11593,6.83,20.948,0.052,0.009,0.0197328,17.7934
11534,11594,6.83,20.947,0.051,0.019,0.0085371,7.698
11535,11595,6.83,20.947,0.051,-0.006,0.0147021,13.2571
11536,11596,6.84,20.947,0.051,0.013,0.0402968,36.3362
11537,11597,6.84,20.948,0.052,-0.02,0.0479689,43.2542
11538,11598,6.85,20.949,0.052,-0.01,0.0437481,39.4482
11539,11599,6.85,20.947,0.052,-0.011,0.0252979,22.8114
11540,11600,6.85,20.946,0.051,-0.003,0.0425735,38.3891
11541,11601,6.84,20.948,0.052,-0.002,0.0239498,21.5959
11542,11602,6.84,20.947,0.052,0.009,0.0266721,24.0506
11543,11603,6.84,20.947,0.052,-0.006,0.0104045,9.3819
11544,11604,6.84,20.947,0.052,0.01,0.029429,26.5366
11545,11605,6.85,20.945,0.052,0.006,0.0301353,27.1734
11546,11606,6.85,20.948,0.051,0,0.0249714,22.517
11547,11607,6.85,20.948,0.052,-0.018,0.0275982,24.8857
11548,11608,6.85,20.947,0.053,-0.017,0.0427394,38.5387
11549,11609,6.85,20.945,0.052,-0.018,0.0255294,23.0202
11550,11610,6.85,20.946,0.052,-0.005,0.0328994,29.6659
11551,11611,6.85,20.947,0.052,-0.016,0.0261617,23.5903
11552,11612,6.85,20.946,0.052,-0.004,0.0261197,23.5525
11553,11613,6.85,20.947,0.053,-0.006,0.0224564,20.2492
11554,11614,6.85,20.947,0.052,0.008,0.026856,24.2164
11555,11615,6.85,20.947,0.052,-0.004,0.0295199,26.6185
11556,11616,6.85,20.946,0.052,-0.005,0.0207571,18.7169
11557,11617,6.85,20.946,0.052,0,0.0251354,22.6649
11558,11618,6.85,20.946,0.052,-0.007,0.0452912,40.8397
11559,11619,6.85,20.947,0.051,-0.026,0.0216803,19.5494
11560,11620,6.85,20.948,0.051,-0.009,0.0417593,37.6549
11561,11621,6.85,20.948,0.051,-0.006,0.0233588,21.0629
11562,11622,6.85,20.946,0.052,0,0.0292703,26.3934
11563,11623,6.86,20.946,0.052,0.004,0.0214365,19.3296
11564,11624,6.86,20.945,0.052,0.002,0.0216049,19.4814
11565,11625,6.86,20.946,0.051,-0.002,0.0184662,16.6512
11566,11626,6.86,20.946,0.052,-0.003,0.0317621,28.6403
11567,11627,6.86,20.946,0.052,0.004,0.0198025,17.8562
11568,11628,6.86,20.946,0.052,0.005,0.0450722,40.6422
11569,11629,6.86,20.945,0.052,-0.014,0.0508197,45.8248
11570,11630,6.86,20.945,0.052,0.003,0.0536009,48.3326
11571,11631,6.86,20.946,0.052,-0.01,0.0267923,24.159
11572,11632,6.86,20.945,0.052,0.011,0.0323359,29.1577
11573,11633,6.86,20.944,0.052,0.005,0.0308634,27.8299
11574,11634,6.86,20.944,0.052,0.008,0.033861,30.5329
11575,11635,6.86,20.945,0.051,0.008,0.0305823,27.5765
11576,11636,6.86,20.945,0.052,0.012,0.0236379,21.3146
11577,11637,6.86,20.945,0.052,0.003,0.0277246,24.9996
11578,11638,6.86,20.944,0.053,0.005,0.0464242,41.8613
11579,11639,6.87,20.946,0.053,-0.01,0.0373522,33.681
11580,11640,6.87,20.944,0.052,-0.006,0.0487979,44.0017
11581,11641,6.87,20.942,0.052,-0.012,0.0274918,24.7898
11582,11642,6.87,20.943,0.052,0.008,0.0297832,26.8559
11583,11643,6.87,20.944,0.052,-0.002,0.0231185,20.8463
11584,11644,6.87,20.945,0.052,0.009,0.0194331,17.5231
11585,11645,6.87,20.943,0.052,0.006,0.03841,34.6348
11586,11646,6.87,20.943,0.052,0.009,0.0430699,38.8367
11587,11647,6.87,20.943,0.051,0.006,0.0366707,33.0665
11588,11648,6.87,20.945,0.051,0.008,0.0548979,49.5022
11589,11649,6.87,20.944,0.052,-0.009,0.052698,47.5185
11590,11650,6.87,20.944,0.052,0.003,0.0712644,64.2601
11591,11651,6.87,20.943,0.052,-0.012,0.064463,58.1271
11592,11652,6.87,20.944,0.053,0.007,0.0459419,41.4264
11593,11653,6.87,20.944,0.052,0.008,0.0379268,34.1991
11594,11654,6.87,20.943,0.052,0.016,0.0242568,21.8727
11595,11655,6.87,20.943,0.052,0.015,0.0276844,24.9634
11596,11656,6.87,20.944,0.051,-0.004,0.0348858,31.457
11597,11657,6.87,20.944,0.052,-0.006,0.0429608,38.7383
11598,11658,6.88,20.944,0.052,-0.002,0.0544392,49.0886
11599,11659,6.88,20.944,0.052,-0.008,0.0617083,55.6432
11600,11660,6.88,20.942,0.052,-0.011,0.0497578,44.8673
11601,11661,6.88,20.943,0.052,-0.021,0.0492104,44.3737
11602,11662,6.88,20.941,0.052,-0.013,0.0520315,46.9175
11603,11663,6.88,20.941,0.052,-0.001,0.040893,36.8738
11604,11664,6.88,20.942,0.052,0.003,0.0408984,36.8786
11605,11665,6.88,20.943,0.052,0.015,0.0465318,41.9583
11606,11666,6.88,20.943,0.051,0.007,0.0551841,49.7602
11607,11667,6.88,20.944,0.051,0.001,0.0468125,42.2115
11608,11668,6.88,20.944,0.051,-0.006,0.0607014,54.7353
11609,11669,6.88,20.944,0.052,-0.017,0.0667183,60.1608
11610,11670,6.88,20.944,0.052,-0.015,0.0422005,38.0528
11611,11671,6.88,20.942,0.052,-0.008,0.0432314,38.9823
11612,11672,6.88,20.943,0.052,-0.009,0.0398907,35.9699
11613,11673,6.88,20.943,0.052,-0.01,0.0382533,34.4936
11614,11674,6.89,20.943,0.051,0,0.0446623,40.2726
11615,11675,6.89,20.943,0.051,0.005,0.0403345,36.3701
11616,11676,6.89,20.942,0.051,0,0.044017,39.6907
11617,11677,6.89,20.942,0.052,-0.008,0.0621955,56.0825
11618,11678,6.89,20.942,0.052,-0.002,0.0529366,47.7337
11619,11679,6.89,20.942,0.052,-0.009,0.0628353,56.6594
11620,11680,6.89,20.941,0.052,-0.021,0.0743399,67.0333
11621,11681,6.89,20.942,0.052,-0.007,0.0644618,58.1261
11622,11682,6.89,20.944,0.052,-0.002,0.0608422,54.8622
11623,11683,6.89,20.943,0.052,0.001,0.0363337,32.7625
11624,11684,6.89,20.943,0.052,0.002,0.0360698,32.5246
11625,11685,6.89,20.943,0.053,0.001,0.0261857,23.612
11626,11686,6.89,20.942,0.052,0.004,0.0379676,34.2359
11627,11687,6.9001,20.942,0.052,0.006,0.0534051,48.1561
11628,11688,6.9001,20.941,0.052,-0.006,0.0630446,56.8482
11629,11689,6.9001,20.94,0.052,-0.007,0.0580748,52.3668
11630,11690,6.89,20.942,0.052,-0.011,0.0489019,44.0955
11631,11691,6.89,20.941,0.052,-0.022,0.0539842,48.6783
11632,11692,6.89,20.941,0.052,-0.008,0.0481687,43.4344
11633,11693,6.89,20.94,0.053,-0.005,0.0529539,47.7493
11634,11694,6.89,20.94,0.052,0.007,0.0371877,33.5326
11635,11695,6.89,20.942,0.053,0.014,0.0488583,44.0562
11636,11696,6.89,20.941,0.052,0.017,0.0454387,40.9726
11637,11697,6.89,20.942,0.052,0.012,0.0539229,48.623
11638,11698,6.89,20.941,0.053,-0.007,0.0588977,53.1088
11639,11699,6.89,20.942,0.053,-0.014,0.0536781,48.4023
11640,11700,6.89,20.941,0.053,-0.008,0.0520056,46.8941
11641,11701,6.89,20.941,0.053,0.001,0.0673166,60.7003
11642,11702,6.89,20.941,0.053,-0.005,0.0645718,58.2253
11643,11703,6.9001,20.941,0.052,0.001,0.0489826,44.1683
11644,11704,6.9001,20.941,0.052,-0.002,0.0317979,28.6726
11645,11705,6.9001,20.941,0.052,0.008,0.0453551,40.8973
11646,11706,6.9001,20.942,0.052,-0.004,0.0381229,34.3759
11647,11707,6.9001,20.942,0.052,0.009,0.0425651,38.3815
11648,11708,6.9001,20.94,0.052,-0.003,0.0576539,51.9873
11649,11709,6.9001,20.941,0.052,-0.007,0.0675895,60.9464
11650,11710,6.9001,20.941,0.052,-0.002,0.0623724,56.2421
11651,11711,6.9001,20.941,0.052,-0.001,0.0703759,63.4589
11652,11712,6.9001,20.941,0.053,-0.015,0.0390756,35.235
11653,11713,6.9001,20.941,0.053,-0.009,0.0492187,44.3811
11654,11714,6.9001,20.94,0.053,0,0.0463586,41.8021
11655,11715,6.9001,20.941,0.054,0.011,0.0440502,39.7207
11656,11716,6.9001,20.942,0.054,0.003,0.0275692,24.8595
11657,11717,6.9099,20.941,0.053,0.01,0.0529474,47.7434
11658,11718,6.9099,20.941,0.053,0.002,0.0694073,62.5855
11659,11719,6.9099,20.942,0.052,-0.003,0.0798465,71.9986
11660,11720,6.9099,20.94,0.053,-0.016,0.0593054,53.4765
11661,11721,6.9099,20.941,0.052,-0.012,0.0647269,58.3651
11662,11722,6.9099,20.941,0.052,-0.019,0.0741667,66.8771
11663,11723,6.9099,20.941,0.053,0.005,0.086747,78.221
11664,11724,6.9099,20.942,0.053,0,0.0672656,60.6542
11665,11725,6.9099,20.941,0.054,0.008,0.0577376,52.0628
11666,11726,6.9099,20.94,0.055,0.004,0.0511271,46.102
11667,11727,6.9099,20.941,0.055,0.018,0.075499,68.0785
11668,11728,6.9099,20.941,0.056,0,0.085805,77.3715
11669,11729,6.9099,20.94,0.056,-0.007,0.0854506,77.0519
11670,11730,6.9099,20.938,0.056,-0.017,0.0745569,67.229
11671,11731,6.9099,20.938,0.057,0.002,0.0835244,75.315
11672,11732,6.9099,20.938,0.058,-0.004,0.0695423,62.7072
11673,11733,6.9099,20.938,0.058,-0.004,0.066971,60.3886
11674,11734,6.9099,20.936,0.058,-0.01,0.0568517,51.2639
11675,11735,6.9099,20.935,0.058,0.012,0.0711028,64.1143
11676,11736,6.9099,20.934,0.058,0.01,0.0559185,50.4224
11677,11737,6.9099,20.936,0.057,0.017,0.0552906,49.8562
11678,11738,6.92,20.936,0.057,0,0.059304,53.4752
11679,11739,6.92,20.935,0.056,-0.008,0.0669911,60.4068
11680,11740,6.92,20.935,0.055,-0.013,0.0736613,66.4214
11681,11741,6.92,20.936,0.055,-0.002,0.0918035,82.7804
11682,11742,6.92,20.936,0.055,-0.014,0.0736098,66.3749
11683,11743,6.92,20.937,0.055,-0.006,0.0767589,69.2146
11684,11744,6.92,20.938,0.055,-0.006,0.0526098,47.4389
11685,11745,6.92,20.938,0.054,0.006,0.0528687,47.6724
11686,11746,6.92,20.938,0.055,-0.006,0.051875,46.7764
11687,11747,6.92,20.938,0.055,0.016,0.0748458,67.4894
11688,11748,6.92,20.936,0.055,0.002,0.0707333,63.7812
11689,11749,6.93,20.939,0.055,0.003,0.0845757,76.2631
11690,11750,6.93,20.938,0.055,-0.004,0.0654227,58.9925
11691,11751,6.93,20.938,0.055,-0.006,0.0739825,66.711
11692,11752,6.93,20.937,0.055,-0.023,0.0712922,64.2852
11693,11753,6.93,20.937,0.055,-0.006,0.0640555,57.7597
11694,11754,6.93,20.937,0.055,-0.008,0.0450861,40.6548
11695,11755,6.93,20.937,0.054,0.009,0.0531271,47.9054
11696,11756,6.93,20.938,0.054,0.005,0.0447121,40.3175
11697,11757,6.93,20.939,0.054,0.002,0.0568559,51.2677
11698,11758,6.94,20.94,0.054,-0.019,0.0463531,41.7972
11699,11759,6.94,20.94,0.054,-0.006,0.0697461,62.891
11700,11760,6.94,20.938,0.053,-0.019,0.0592126,53.3928
11701,11761,6.94,20.938,0.053,-0.002,0.069376,62.5573
11702,11762,6.94,20.938,0.053,-0.014,0.0688526,62.0853
11703,11763,6.94,20.939,0.053,-0.006,0.0550185,49.6109
11704,11764,6.94,20.938,0.053,0,0.0486157,43.8374
11705,11765,6.94,20.938,0.054,0.01,0.0555006,50.0457
11706,11766,6.94,20.94,0.053,0.005,0.0389367,35.1098
11707,11767,6.94,20.939,0.054,0.019,0.0658746,59.4
11708,11768,6.94,20.938,0.053,0.002,0.0618256,55.7489
11709,11769,6.94,20.939,0.053,0.007,0.0730653,65.8839
11710,11770,6.94,20.94,0.053,-0.009,0.0723621,65.2498
11711,11771,6.94,20.939,0.053,-0.004,0.0837669,75.5338
11712,11772,6.94,20.94,0.053,-0.01,0.0758494,68.3944
11713,11773,6.94,20.939,0.053,-0.008,0.0772192,69.6295
11714,11774,6.94,20.939,0.053,0.004,0.0603393,54.4087
11715,11775,6.94,20.939,0.053,0.01,0.0817582,73.7224
11716,11776,6.94,20.939,0.052,0.003,0.0425726,38.3883
11717,11777,6.94,20.939,0.053,0.015,0.0478889,43.1821
11718,11778,6.95,20.94,0.053,-0.005,0.0340178,30.6743
11719,11779,6.95,20.939,0.053,-0.005,0.0667097,60.153
11720,11780,6.95,20.94,0.053,-0.013,0.0694302,62.6061
11721,11781,6.95,20.939,0.053,-0.016,0.0567241,51.1489
11722,11782,6.95,20.94,0.053,-0.022,0.0590218,53.2208
11723,11783,6.95,20.939,0.053,-0.015,0.0446012,40.2175
11724,11784,6.95,20.939,0.053,-0.016,0.0480271,43.3066
11725,11785,6.95,20.939,0.053,-0.001,0.0532369,48.0044
11726,11786,6.95,20.939,0.053,-0.02,0.0353827,31.9051
11727,11787,6.95,20.939,0.052,0.011,0.0467626,42.1664
11728,11788,6.95,20.94,0.053,0.007,0.0591649,53.3498
11729,11789,6.95,20.94,0.053,0.019,0.0545932,49.2275
11730,11790,6.96,20.94,0.052,-0.007,0.0659442,59.4627
11731,11791,6.96,20.939,0.053,-0.007,0.0685197,61.7851
11732,11792,6.96,20.939,0.053,-0.007,0.0603389,54.4084
11733,11793,6.97,20.941,0.053,-0.004,0.0648692,58.4934
11734,11794,6.97,20.94,0.052,0,0.0536526,48.3793
11735,11795,6.97,20.942,0.052,0.002,0.0385758,34.7843
11736,11796,6.96,20.941,0.052,0.003,0.0391625,35.3133
11737,11797,6.96,20.94,0.052,0.018,0.0453449,40.8881
11738,11798,6.96,20.94,0.052,0.003,0.0443015,39.9472
11739,11799,6.96,20.941,0.052,-0.003,0.0622168,56.1017
11740,11800,6.96,20.94,0.052,0,0.0660499,59.5581
11741,11801,6.96,20.94,0.052,-0.006,0.0730451,65.8657
11742,11802,6.96,20.939,0.052,-0.012,0.0681605,61.4612
11743,11803,6.96,20.94,0.052,-0.013,0.0666917,60.1368
11744,11804,6.96,20.942,0.052,-0.013,0.0637585,57.4919
11745,11805,6.97,20.941,0.052,-0.002,0.0501347,45.2071
11746,11806,6.97,20.941,0.052,0.006,0.0456774,41.1879
11747,11807,6.97,20.942,0.053,0.011,0.0408333,36.82
11748,11808,6.97,20.941,0.053,0.009,0.0505853,45.6134
11749,11809,6.97,20.94,0.053,0.004,0.0632634,57.0455
11750,11810,6.97,20.941,0.052,-0.007,0.075207,67.8151
11751,11811,6.97,20.94,0.052,-0.01,0.0661609,59.6582
11752,11812,6.97,20.94,0.052,-0.016,0.0840695,75.8066
11753,11813,6.97,20.94,0.052,-0.012,0.0556864,50.2132
11754,11814,6.97,20.94,0.051,-0.01,0.0536719,48.3967
11755,11815,6.97,20.94,0.052,-0.008,0.0454574,40.9895
11756,11816,6.97,20.94,0.052,0.001,0.0361513,32.5981
11757,11817,6.97,20.941,0.052,0.004,0.0445123,40.1373
11758,11818,6.97,20.941,0.052,0.004,0.0428109,38.6032
11759,11819,6.97,20.942,0.052,0,0.0582717,52.5444
11760,11820,6.97,20.941,0.052,-0.017,0.0630816,56.8815
11761,11821,6.97,20.942,0.052,-0.018,0.0708657,63.9005
11762,11822,6.97,20.94,0.052,-0.015,0.0601212,54.2121
11763,11823,6.97,20.941,0.052,-0.021,0.0561301,50.6132
11764,11824,6.97,20.939,0.051,-0.005,0.061283,55.2597
11765,11825,6.97,20.941,0.051,-0.002,0.0563771,50.8359
11766,11826,6.97,20.941,0.051,0.006,0.0492365,44.3972
11767,11827,6.97,20.941,0.052,0.014,0.0527913,47.6027
11768,11828,6.97,20.941,0.052,0.011,0.0493462,44.4961
11769,11829,6.97,20.94,0.052,0.008,0.0587302,52.9578
11770,11830,6.97,20.941,0.053,-0.002,0.0585525,52.7976
11771,11831,6.97,20.94,0.052,-0.008,0.0555914,50.1275
11772,11832,6.97,20.94,0.053,-0.015,0.0584147,52.6733
11773,11833,6.97,20.94,0.052,-0.009,0.0639674,57.6803
11774,11834,6.97,20.941,0.052,-0.001,0.0607602,54.7883
11775,11835,6.98,20.94,0.052,-0.005,0.040678,36.6799
11776,11836,6.98,20.94,0.052,-0.006,0.0428954,38.6794
11777,11837,6.98,20.941,0.051,-0.004,0.0297514,26.8272
11778,11838,6.98,20.942,0.052,-0.001,0.0431456,38.9049
11779,11839,6.98,20.941,0.052,0.005,0.0420605,37.9265
11780,11840,6.98,20.94,0.052,-0.003,0.0640275,57.7344
11781,11841,6.98,20.94,0.051,-0.012,0.070923,63.9522
11782,11842,6.98,20.942,0.052,-0.008,0.0788986,71.1439
11783,11843,6.98,20.942,0.053,-0.012,0.0557119,50.2362
11784,11844,6.98,20.942,0.052,-0.008,0.0602629,54.3398
11785,11845,6.98,20.94,0.052,-0.004,0.058283,52.5546
11786,11846,6.98,20.94,0.051,0.009,0.0457281,41.2337
11787,11847,6.99,20.941,0.051,0.013,0.0473048,42.6553
11788,11848,6.99,20.94,0.052,0.025,0.0633638,57.136
11789,11849,6.99,20.94,0.052,0.012,0.0534272,48.176
11790,11850,6.99,20.94,0.052,0.013,0.0562249,50.6987
11791,11851,6.99,20.94,0.052,-0.003,0.055109,49.6925
11792,11852,6.99,20.939,0.051,-0.015,0.0707603,63.8055
11793,11853,6.99,20.94,0.052,-0.021,0.0748274,67.4729
11794,11854,6.99,20.94,0.052,-0.004,0.0663183,59.8001
11795,11855,6.99,20.941,0.052,-0.008,0.0496013,44.7262
11796,11856,6.99,20.941,0.052,-0.002,0.0393231,35.4582
11797,11857,6.99,20.94,0.052,0.004,0.0399208,35.9971
11798,11858,6.99,20.941,0.052,0.008,0.0580792,52.3708
11799,11859,6.99,20.94,0.052,-0.002,0.0471298,42.4976
11800,11860,6.99,20.939,0.052,-0.003,0.0614846,55.4415
11801,11861,6.99,20.941,0.052,-0.005,0.0686887,61.9375
11802,11862,6.99,20.941,0.052,0,0.0843241,76.0362
11803,11863,6.99,20.94,0.051,-0.01,0.0608682,54.8857
11804,11864,6.99,20.939,0.051,-0.011,0.0803766,72.4766
11805,11865,6.99,20.939,0.052,-0.005,0.0451298,40.6942
11806,11866,6.99,20.939,0.051,0.006,0.0678235,61.1573
11807,11867,7,20.94,0.052,0.016,0.048325,43.5753
11808,11868,7,20.94,0.052,0.019,0.0542711,48.9369
11809,11869,7,20.939,0.052,-0.002,0.0566237,51.0584
11810,11870,7,20.94,0.052,0.013,0.0668082,60.2419
11811,11871,7,20.939,0.052,-0.005,0.0598733,53.9885
11812,11872,7,20.94,0.051,-0.008,0.0660997,59.6029
11813,11873,7,20.939,0.052,-0.026,0.0751696,67.7814
11814,11874,7,20.94,0.051,-0.005,0.0795109,71.696
11815,11875,7,20.94,0.052,-0.014,0.0501775,45.2457
11816,11876,7,20.938,0.052,0.01,0.0544956,49.1394
11817,11877,7,20.94,0.052,-0.002,0.0373471,33.6763
11818,11878,7,20.938,0.052,0.016,0.0549026,49.5064
11819,11879,7,20.938,0.052,0.006,0.0417787,37.6724
11820,11880,7,20.939,0.052,0.004,0.0666411,60.0912
11821,11881,7,20.939,0.052,-0.011,0.0548517,49.4605
11822,11882,7,20.94,0.051,-0.004,0.0863374,77.8515
11823,11883,7,20.94,0.051,-0.004,0.0736622,66.4222
11824,11884,7,20.939,0.051,-0.008,0.0712807,64.2747
11825,11885,7,20.938,0.052,-0.012,0.0604024,54.4656
11826,11886,7,20.938,0.052,0.005,0.0686008,61.8582
11827,11887,7,20.94,0.052,0.001,0.0506838,45.7023
11828,11888,7,20.94,0.051,0.022,0.0633553,57.1283
11829,11889,7,20.939,0.052,0.007,0.0589657,53.1702
11830,11890,7,20.939,0.052,0.018,0.0652238,58.8132
11831,11891,7.0099,20.939,0.052,-0.007,0.0800511,72.1831
11832,11892,7.0099,20.939,0.052,0.005,0.0733013,66.0967
11833,11893,7.0099,20.939,0.052,-0.023,0.0708277,63.8662
11834,11894,7.0099,20.939,0.052,-0.013,0.0840019,75.7456
11835,11895,7.0099,20.939,0.051,-0.01,0.0634022,57.1706
11836,11896,7.0099,20.939,0.05,0.007,0.0589117,53.1214
11837,11897,7.0099,20.938,0.052,-0.006,0.0579556,52.2593
11838,11898,7.0099,20.939,0.051,0.009,0.0555198,50.0629
11839,11899,7.0099,20.939,0.052,-0.002,0.0590355,53.2331
11840,11900,7.0099,20.939,0.051,0.002,0.0753339,67.9296
11841,11901,7.0099,20.939,0.051,-0.003,0.0670667,60.475
11842,11902,7.0099,20.939,0.052,-0.006,0.0763556,68.8508
11843,11903,7.0099,20.937,0.052,-0.006,0.0827833,74.6468
11844,11904,7.0099,20.938,0.053,-0.005,0.0969587,87.4289
11845,11905,7.0099,20.938,0.052,-0.013,0.0701611,63.2652
11846,11906,7.0099,20.937,0.052,0.007,0.0702536,63.3486
11847,11907,7.0199,20.937,0.052,0.006,0.0633148,57.0918
11848,11908,7.0199,20.938,0.051,0.007,0.0731798,65.9872
11849,11909,7.0199,20.938,0.052,0.011,0.0646027,58.2531
11850,11910,7.0199,20.938,0.051,0.006,0.0582104,52.4891
11851,11911,7.0199,20.938,0.052,-0.008,0.0617631,55.6926
11852,11912,7.0199,20.938,0.052,-0.002,0.0760993,68.6197
11853,11913,7.0199,20.938,0.052,-0.014,0.0765864,69.059
11854,11914,7.0199,20.939,0.052,-0.014,0.0809694,73.0112
11855,11915,7.0199,20.938,0.052,-0.025,0.0732381,66.0398
11856,11916,7.0199,20.937,0.052,-0.004,0.07758,69.9549
11857,11917,7.0199,20.938,0.051,-0.005,0.0617836,55.7111
11858,11918,7.0199,20.938,0.051,0.007,0.0676061,60.9614
11859,11919,7.0299,20.937,0.051,-0.001,0.0765244,69.0031
11860,11920,7.0299,20.937,0.051,0.008,0.0865543,78.0471
11861,11921,7.0299,20.937,0.051,0.009,0.0832561,75.0731
11862,11922,7.0299,20.938,0.052,0.01,0.0873807,78.7923
11863,11923,7.0299,20.937,0.052,-0.006,0.105363,95.0072
11864,11924,7.0299,20.937,0.052,-0.006,0.114244,103.016
11865,11925,7.0299,20.937,0.052,-0.01,0.096382,86.9089
11866,11926,7.0299,20.937,0.052,0.003,0.0966254,87.1284
11867,11927,7.0299,20.936,0.052,0.002,0.0739415,66.674
11868,11928,7.0299,20.935,0.052,0.017,0.0814065,73.4054
11869,11929,7.0299,20.935,0.052,0.007,0.0763797,68.8726
11870,11930,7.0299,20.936,0.052,0.008,0.0760457,68.5714
11871,11931,7.0299,20.934,0.052,0.001,0.0723594,65.2474
11872,11932,7.0299,20.934,0.052,-0.001,0.0782814,70.5874
11873,11933,7.0299,20.935,0.052,-0.005,0.081387,73.3877
11874,11934,7.0299,20.935,0.052,-0.022,0.0825832,74.4664
11875,11935,7.0299,20.935,0.052,-0.025,0.0933946,84.2151
11876,11936,7.0299,20.934,0.052,-0.015,0.0966042,87.1093
11877,11937,7.0299,20.935,0.052,-0.013,0.0779646,70.3017
11878,11938,7.0299,20.935,0.051,0.002,0.0847384,76.4097
11879,11939,7.0299,20.936,0.051,0.006,0.0831866,75.0105
11880,11940,7.0299,20.934,0.051,0.006,0.0835099,75.302
11881,11941,7.0399,20.935,0.051,0.006,0.0652109,58.8016
11882,11942,7.0399,20.935,0.051,0.009,0.0809136,72.9609
11883,11943,7.0399,20.935,0.052,-0.002,0.098659,88.9621
11884,11944,7.0399,20.936,0.052,-0.001,0.101383,91.4179
11885,11945,7.0399,20.935,0.052,-0.005,0.10949,98.7287
11886,11946,7.0399,20.936,0.052,-0.006,0.106756,96.2632
11887,11947,7.0399,20.934,0.052,-0.015,0.0829718,74.8168
11888,11948,7.0399,20.935,0.052,0.004,0.0834401,75.239
11889,11949,7.0399,20.935,0.052,0,0.0825993,74.4808
11890,11950,7.0399,20.934,0.052,0.003,0.0677307,61.0736
11891,11951,7.0399,20.934,0.052,-0.008,0.083111,74.9423
11892,11952,7.0399,20.936,0.052,0.014,0.083382,75.1867
11893,11953,7.0399,20.935,0.051,-0.004,0.0954793,86.095
11894,11954,7.0399,20.936,0.051,-0.014,0.0972927,87.7302
11895,11955,7.05,20.935,0.052,-0.014,0.0994637,89.6877
11896,11956,7.05,20.934,0.052,-0.022,0.100148,90.3044
11897,11957,7.05,20.934,0.052,-0.015,0.0918468,82.8194
11898,11958,7.05,20.933,0.052,0.002,0.0888066,80.0781
11899,11959,7.05,20.934,0.052,0.007,0.0987599,89.0531
11900,11960,7.05,20.933,0.051,0.008,0.0913284,82.352
11901,11961,7.05,20.933,0.052,0.014,0.0942225,84.9616
11902,11962,7.05,20.935,0.052,0.004,0.104024,93.7995
11903,11963,7.05,20.934,0.052,0.007,0.0925312,83.4366
11904,11964,7.05,20.933,0.052,-0.01,0.101837,91.8282
11905,11965,7.05,20.934,0.051,-0.007,0.116996,105.496
11906,11966,7.05,20.933,0.051,-0.012,0.0954946,86.1088
11907,11967,7.06,20.934,0.051,-0.012,0.0984344,88.7596
11908,11968,7.06,20.934,0.051,-0.004,0.082002,73.9423
11909,11969,7.06,20.934,0.051,0.007,0.0743076,67.0042
11910,11970,7.06,20.932,0.051,-0.005,0.0815392,73.525
11911,11971,7.06,20.933,0.051,-0.003,0.0935583,84.3628
11912,11972,7.06,20.934,0.051,0,0.0949773,85.6423
11913,11973,7.06,20.933,0.051,-0.01,0.104618,94.3356
11914,11974,7.06,20.933,0.051,-0.001,0.0952234,85.8642
11915,11975,7.06,20.933,0.052,-0.009,0.108096,97.4716
11916,11976,7.06,20.933,0.052,-0.022,0.109431,98.6753
11917,11977,7.06,20.933,0.051,-0.008,0.105949,95.5358
11918,11978,7.06,20.934,0.051,-0.001,0.107915,97.3083
11919,11979,7.06,20.932,0.051,0.009,0.10477,94.4729
11920,11980,7.06,20.933,0.051,0.012,0.100714,90.8152
11921,11981,7.06,20.934,0.051,0.015,0.092839,83.7141
11922,11982,7.06,20.932,0.051,-0.001,0.0966653,87.1644
11923,11983,7.06,20.933,0.052,-0.004,0.105615,95.2341
11924,11984,7.06,20.933,0.052,-0.008,0.105735,95.3429
11925,11985,7.06,20.932,0.052,0.003,0.128993,116.314
11926,11986,7.06,20.932,0.052,-0.01,0.117063,105.557
11927,11987,7.06,20.932,0.052,-0.013,0.107758,97.1669
11928,11988,7.06,20.932,0.051,-0.01,0.0703068,63.3966
11929,11989,7.06,20.932,0.051,-0.004,0.0940351,84.7927
11930,11990,7.06,20.931,0.051,-0.002,0.0683774,61.6568
11931,11991,7.06,20.931,0.051,-0.004,0.107725,97.137
11932,11992,7.06,20.932,0.051,0.005,0.098531,88.8467
11933,11993,7.06,20.932,0.052,0.006,0.112689,101.613
11934,11994,7.07,20.931,0.052,-0.009,0.108006,97.3904
11935,11995,7.07,20.932,0.051,-0.01,0.117425,105.883
11936,11996,7.07,20.932,0.051,-0.03,0.11343,102.281
11937,11997,7.07,20.932,0.052,-0.015,0.103246,93.0979
11938,11998,7.07,20.931,0.051,0,0.111177,100.249
11939,11999,7.07,20.93,0.051,0.024,0.12098,109.09
11940,12000,7.07,20.932,0.051,0.007,0.106348,95.895
11941,12001,7.07,20.931,0.052,0.031,0.117418,105.878
11942,12002,7.07,20.931,0.052,-0.001,0.09908,89.3418
11943,12003,7.07,20.93,0.053,0.004,0.115356,104.018
11944,12004,7.07,20.931,0.053,-0.01,0.120714,108.85
11945,12005,7.07,20.931,0.053,-0.005,0.128435,115.811
11946,12006,7.07,20.931,0.052,-0.006,0.112723,101.644
11947,12007,7.07,20.929,0.053,-0.006,0.127919,115.347
11948,12008,7.07,20.93,0.053,0.001,0.108931,98.2245
11949,12009,7.07,20.93,0.052,-0.006,0.0979455,88.3188
11950,12010,7.07,20.93,0.052,-0.014,0.0914686,82.4784
11951,12011,7.08,20.93,0.052,-0.001,0.106228,95.7871
11952,12012,7.08,20.93,0.052,-0.004,0.106537,96.0661
11953,12013,7.08,20.929,0.052,0.007,0.104923,94.6102
11954,12014,7.08,20.93,0.053,-0.004,0.11304,101.93
11955,12015,7.08,20.929,0.052,-0.01,0.127187,114.687
11956,12016,7.08,20.929,0.052,-0.012,0.111934,100.932
11957,12017,7.08,20.928,0.052,-0.002,0.117571,106.015
11958,12018,7.08,20.929,0.052,-0.013,0.109558,98.7894
11959,12019,7.08,20.929,0.052,0.004,0.10905,98.3316
11960,12020,7.08,20.929,0.052,0.002,0.0991296,89.3865
11961,12021,7.08,20.931,0.052,0.017,0.0969126,87.3874
11962,12022,7.08,20.929,0.052,0.005,0.0951384,85.7875
11963,12023,7.08,20.929,0.052,0.006,0.123344,111.221
11964,12024,7.09,20.929,0.052,0.002,0.126559,114.12
11965,12025,7.09,20.93,0.052,-0.003,0.136076,122.701
11966,12026,7.09,20.929,0.052,-0.013,0.126513,114.079
11967,12027,7.09,20.929,0.052,-0.005,0.130013,117.235
11968,12028,7.09,20.93,0.052,-0.012,0.110556,99.6899
11969,12029,7.09,20.93,0.051,-0.002,0.116461,105.014
11970,12030,7.09,20.93,0.051,0.003,0.0978659,88.247
11971,12031,7.09,20.929,0.052,0.012,0.0988258,89.1126
11972,12032,7.09,20.929,0.052,0.009,0.105303,94.9534
11973,12033,7.09,20.93,0.052,0.016,0.127451,114.924
11974,12034,7.09,20.929,0.052,-0.014,0.121654,109.697
11975,12035,7.09,20.93,0.052,-0.007,0.114476,103.225
11976,12036,7.09,20.928,0.051,-0.027,0.105182,94.8443
11977,12037,7.09,20.93,0.052,-0.019,0.104668,94.3802
11978,12038,7.09,20.93,0.051,-0.021,0.117109,105.599
11979,12039,7.09,20.929,0.051,0.002,0.11534,104.003
11980,12040,7.09,20.929,0.051,-0.001,0.094723,85.413
11981,12041,7.09,20.929,0.051,0.01,0.0978753,88.2555
11982,12042,7.09,20.93,0.051,0.013,0.105189,94.8503
11983,12043,7.1,20.929,0.051,0.007,0.120966,109.077
11984,12044,7.1,20.929,0.051,-0.009,0.114068,102.857
11985,12045,7.1,20.928,0.051,-0.006,0.128925,116.253
11986,12046,7.1,20.929,0.051,-0.008,0.139874,126.126
11987,12047,7.1,20.93,0.052,-0.002,0.136564,123.141
11988,12048,7.1,20.931,0.051,0.001,0.121254,109.336
11989,12049,7.1,20.93,0.052,-0.005,0.11795,106.357
11990,12050,7.1,20.929,0.051,-0.005,0.110698,99.8177
11991,12051,7.1,20.929,0.051,0.017,0.1065,96.0329
11992,12052,7.1,20.929,0.051,0.01,0.0942558,84.9917
11993,12053,7.1,20.93,0.05,0.008,0.102788,92.6852
11994,12054,7.1,20.929,0.051,-0.005,0.115714,104.341
11995,12055,7.1,20.929,0.051,-0.008,0.128712,116.061
11996,12056,7.1,20.93,0.051,-0.015,0.121089,109.187
11997,12057,7.1,20.929,0.051,-0.026,0.143456,129.356
11998,12058,7.1,20.929,0.051,-0.023,0.117121,105.609
11999,12059,7.1099,20.929,0.051,-0.007,0.111398,100.449
12000,12060,7.1099,20.929,0.051,-0.004,0.120162,108.352
12001,12061,7.1099,20.929,0.051,0.002,0.122203,110.192
12002,12062,7.1099,20.929,0.051,0.002,0.10307,92.9396
12003,12063,7.1099,20.93,0.051,0.015,0.118524,106.875
12004,12064,7.1099,20.929,0.052,0.005,0.106858,96.3549
12005,12065,7.1099,20.93,0.052,-0.003,0.128126,115.533
12006,12066,7.1099,20.929,0.052,-0.02,0.132965,119.896
12007,12067,7.1099,20.93,0.052,-0.014,0.127767,115.209
12008,12068,7.1099,20.93,0.051,-0.024,0.134978,121.712
12009,12069,7.1099,20.928,0.051,-0.005,0.115004,103.701
12010,12070,7.1099,20.929,0.051,0.004,0.097114,87.5689
12011,12071,7.1199,20.928,0.051,-0.003,0.104931,94.6181
12012,12072,7.1199,20.928,0.052,-0.007,0.107358,96.8061
12013,12073,7.1199,20.929,0.051,0.003,0.108731,98.0442
12014,12074,7.1199,20.93,0.052,-0.003,0.0902736,81.4009
12015,12075,7.1199,20.929,0.051,0.001,0.107258,96.716
12016,12076,7.1199,20.93,0.051,-0.019,0.115789,104.408
12017,12077,7.1199,20.93,0.052,-0.02,0.119004,107.308
12018,12078,7.1299,20.929,0.051,-0.02,0.116964,105.468
12019,12079,7.1299,20.93,0.051,-0.011,0.114581,103.319
12020,12080,7.1299,20.927,0.051,-0.004,0.115301,103.969
12021,12081,7.1299,20.929,0.052,0.015,0.113568,102.406
12022,12082,7.1299,20.929,0.051,0.007,0.10921,98.4763
12023,12083,7.1299,20.929,0.052,0.006,0.11617,104.752
12024,12084,7.1299,20.929,0.051,0.002,0.123388,111.261
12025,12085,7.1299,20.929,0.052,0.016,0.128251,115.645
12026,12086,7.1299,20.93,0.052,0,0.147079,132.623
12027,12087,7.1299,20.93,0.052,-0.008,0.142194,128.218
12028,12088,7.1299,20.93,0.052,-0.006,0.148144,133.584
12029,12089,7.1299,20.929,0.052,-0.006,0.115723,104.349
12030,12090,7.1299,20.929,0.053,0.002,0.112335,101.294
12031,12091,7.1299,20.928,0.053,0.006,0.117883,106.296
12032,12092,7.1299,20.927,0.053,0.003,0.100019,90.1883
12033,12093,7.1299,20.928,0.053,0.007,0.111152,100.227
12034,12094,7.1299,20.928,0.052,0.002,0.118557,106.904
12035,12095,7.1299,20.927,0.053,-0.002,0.119862,108.081
12036,12096,7.1299,20.927,0.053,-0.007,0.142594,128.579
12037,12097,7.1299,20.927,0.052,-0.02,0.140123,126.35
12038,12098,7.1299,20.926,0.052,-0.021,0.124082,111.887
12039,12099,7.1299,20.927,0.052,-0.023,0.119089,107.384
12040,12100,7.1299,20.927,0.052,0.001,0.122759,110.693
12041,12101,7.1299,20.928,0.052,0.004,0.115429,104.084
12042,12102,7.1299,20.928,0.052,0.003,0.107341,96.7911
12043,12103,7.1299,20.927,0.052,0.015,0.116724,105.252
12044,12104,7.1399,20.928,0.052,0.005,0.117279,105.752
12045,12105,7.1399,20.928,0.052,-0.002,0.125512,113.176
12046,12106,7.1399,20.928,0.052,-0.009,0.139966,126.209
12047,12107,7.1399,20.929,0.052,-0.019,0.127683,115.134
12048,12108,7.1399,20.927,0.052,-0.018,0.145321,131.038
12049,12109,7.1399,20.927,0.051,-0.01,0.110832,99.9389
12050,12110,7.1399,20.929,0.051,-0.005,0.125398,113.073
12051,12111,7.1399,20.929,0.051,-0.004,0.102398,92.3333
12052,12112,7.1399,20.928,0.051,-0.003,0.110212,99.3799
12053,12113,7.1399,20.929,0.051,0.009,0.118912,107.225
12054,12114,7.1399,20.928,0.051,-0.001,0.10491,94.599
12055,12115,7.1399,20.928,0.052,0.002,0.107619,97.0414
12056,12116,7.1399,20.928,0.051,-0.013,0.124869,112.596
12057,12117,7.1399,20.929,0.051,-0.019,0.13152,118.593
12058,12118,7.1399,20.928,0.051,-0.019,0.129403,116.684
12059,12119,7.1399,20.93,0.052,-0.023,0.128603,115.963
12060,12120,7.1399,20.928,0.052,0.002,0.13937,125.672
12061,12121,7.1399,20.929,0.052,-0.008,0.120406,108.572
12062,12122,7.1399,20.928,0.052,0.013,0.114841,103.554
12063,12123,7.1499,20.928,0.052,0.016,0.117582,106.025
12064,12124,7.1499,20.926,0.052,0.005,0.110226,99.3919
12065,12125,7.1499,20.926,0.051,0.011,0.108166,97.535
12066,12126,7.1499,20.928,0.051,0.01,0.113506,102.35
12067,12127,7.1499,20.928,0.051,0,0.122996,110.907
12068,12128,7.1499,20.927,0.052,-0.008,0.126812,114.348
12069,12129,7.1499,20.927,0.051,-0.011,0.124734,112.474
12070,12130,7.1499,20.928,0.051,-0.012,0.118033,106.432
12071,12131,7.1499,20.928,0.052,-0.017,0.102248,92.1983
12072,12132,7.1499,20.927,0.052,-0.009,0.0964618,86.9809
12073,12133,7.1499,20.929,0.051,0.001,0.0917176,82.703
12074,12134,7.1499,20.928,0.051,0.007,0.099199,89.4491
12075,12135,7.1499,20.927,0.052,0.003,0.111013,100.102
12076,12136,7.1499,20.929,0.051,0.004,0.135832,122.482
12077,12137,7.1499,20.929,0.051,-0.001,0.119033,107.333
12078,12138,7.1599,20.929,0.051,-0.007,0.140699,126.87
12079,12139,7.1599,20.928,0.052,-0.004,0.117898,106.31
12080,12140,7.1599,20.927,0.052,-0.004,0.141998,128.041
12081,12141,7.1599,20.927,0.051,0,0.122811,110.741
12082,12142,7.1599,20.928,0.052,0.014,0.12629,113.877
12083,12143,7.1599,20.928,0.052,0.016,0.117799,106.221
12084,12144,7.1599,20.929,0.051,0.02,0.118071,106.467
12085,12145,7.1599,20.929,0.051,0.012,0.112033,101.022
12086,12146,7.1599,20.929,0.051,0.002,0.120778,108.907
12087,12147,7.1599,20.929,0.051,-0.02,0.119081,107.376
12088,12148,7.1599,20.929,0.051,-0.004,0.133963,120.796
12089,12149,7.1599,20.929,0.051,-0.019,0.119552,107.802
12090,12150,7.1599,20.927,0.051,0,0.127393,114.872
12091,12151,7.1599,20.928,0.051,-0.018,0.124733,112.474
12092,12152,7.1599,20.927,0.051,0,0.0987349,89.0306
12093,12153,7.1599,20.927,0.05,-0.003,0.102433,92.3649
12094,12154,7.1599,20.927,0.05,0,0.101771,91.7682
12095,12155,7.17,20.928,0.051,-0.005,0.11383,102.642
12096,12156,7.17,20.929,0.051,0.006,0.132319,119.314
12097,12157,7.17,20.928,0.051,-0.005,0.124904,112.628
12098,12158,7.17,20.928,0.051,0.001,0.160519,144.742
12099,12159,7.17,20.928,0.052,-0.014,0.124633,112.383
12100,12160,7.17,20.928,0.051,-0.002,0.114826,103.54
12101,12161,7.17,20.928,0.051,-0.006,0.116279,104.851
12102,12162,7.17,20.927,0.051,-0.006,0.119322,107.594
12103,12163,7.17,20.928,0.051,0.016,0.111409,100.459
12104,12164,7.17,20.928,0.051,0.015,0.10483,94.5268
12105,12165,7.17,20.928,0.051,0.012,0.0988404,89.1257
12106,12166,7.17,20.928,0.051,0.002,0.118477,106.832
12107,12167,7.1801,20.928,0.051,-0.017,0.12811,115.519
12108,12168,7.1801,20.929,0.05,-0.006,0.132133,119.146
12109,12169,7.1801,20.928,0.051,-0.037,0.133554,120.427
12110,12170,7.1801,20.928,0.051,-0.005,0.13065,117.809
12111,12171,7.1801,20.928,0.051,-0.001,0.111289,100.35
12112,12172,7.1801,20.929,0.051,-0.002,0.113473,102.32
12113,12173,7.1801,20.929,0.051,-0.007,0.0997047,89.905
12114,12174,7.1801,20.929,0.051,0.008,0.0941421,84.8892
12115,12175,7.1801,20.927,0.051,0.011,0.113957,102.756
12116,12176,7.1801,20.928,0.052,0.018,0.132794,119.743
12117,12177,7.1801,20.928,0.052,0,0.129724,116.974
12118,12178,7.1801,20.928,0.053,-0.01,0.122952,110.868
12119,12179,7.1801,20.928,0.052,-0.016,0.132156,119.167
12120,12180,7.1801,20.928,0.053,-0.007,0.138784,125.143
12121,12181,7.1801,20.926,0.053,-0.005,0.112819,101.73
12122,12182,7.1801,20.926,0.052,0.008,0.131236,118.337
12123,12183,7.1801,20.927,0.052,0.006,0.104801,94.5002
12124,12184,7.1801,20.927,0.052,0.02,0.0981905,88.5397
12125,12185,7.1801,20.927,0.052,0.02,0.119485,107.741
12126,12186,7.1801,20.928,0.052,0.008,0.128408,115.787
12127,12187,7.1801,20.927,0.052,-0.005,0.128787,116.129
12128,12188,7.1801,20.926,0.053,-0.007,0.141514,127.605
12129,12189,7.1801,20.927,0.052,-0.008,0.112157,101.133
12130,12190,7.1801,20.928,0.052,-0.005,0.125177,112.874
12131,12191,7.1801,20.926,0.052,-0.009,0.115941,104.546
12132,12192,7.1901,20.926,0.052,0.007,0.124713,112.456
12133,12193,7.1901,20.927,0.052,-0.008,0.111017,100.106
12134,12194,7.1901,20.927,0.051,0.017,0.112137,101.116
12135,12195,7.1901,20.927,0.051,0.017,0.108049,97.4287
12136,12196,7.1901,20.928,0.052,0.006,0.116569,105.111
12137,12197,7.1901,20.927,0.052,-0.006,0.13122,118.323
12138,12198,7.1901,20.927,0.052,-0.006,0.136588,123.163
12139,12199,7.1901,20.927,0.052,-0.017,0.126067,113.676
12140,12200,7.1901,20.927,0.053,0.004,0.131137,118.248
12141,12201,7.1901,20.928,0.052,-0.003,0.137746,124.207
12142,12202,7.1901,20.927,0.051,0.007,0.130999,118.123
12143,12203,7.1901,20.927,0.051,-0.001,0.108185,97.5518
12144,12204,7.1901,20.927,0.051,0.01,0.109128,98.4024
12145,12205,7.1901,20.927,0.051,0.004,0.120983,109.092
12146,12206,7.1901,20.928,0.052,0.009,0.130473,117.649
12147,12207,7.1901,20.928,0.052,0.006,0.120821,108.945
12148,12208,7.1901,20.927,0.053,-0.01,0.138806,125.164
12149,12209,7.2001,20.927,0.052,-0.014,0.14141,127.511
12150,12210,7.2001,20.927,0.052,-0.01,0.155879,140.558
12151,12211,7.2001,20.928,0.052,-0.009,0.130041,117.26
12152,12212,7.2001,20.927,0.051,-0.01,0.119889,108.106
12153,12213,7.21,20.926,0.051,-0.013,0.116095,104.684
12154,12214,7.21,20.928,0.052,0.01,0.111331,100.389
12155,12215,7.21,20.928,0.052,0.007,0.138228,124.642
12156,12216,7.21,20.928,0.052,0.001,0.120061,108.26
12157,12217,7.21,20.927,0.052,-0.007,0.120176,108.364
12158,12218,7.21,20.927,0.052,-0.007,0.135379,122.073
12159,12219,7.21,20.928,0.052,-0.015,0.136206,122.819
12160,12220,7.21,20.927,0.052,-0.02,0.141793,127.857
12161,12221,7.21,20.927,0.052,-0.025,0.126826,114.361
12162,12222,7.21,20.926,0.051,-0.008,0.134297,121.097
12163,12223,7.21,20.927,0.051,0.002,0.116409,104.968
12164,12224,7.21,20.927,0.051,0.005,0.118172,106.557
12165,12225,7.21,20.927,0.051,0.008,0.109766,98.9776
12166,12226,7.21,20.928,0.051,-0.012,0.113823,102.636
12167,12227,7.21,20.927,0.051,-0.008,0.117151,105.637
12168,12228,7.21,20.929,0.051,-0.002,0.129839,117.077
12169,12229,7.21,20.928,0.051,-0.013,0.133138,120.052
12170,12230,7.21,20.927,0.052,-0.014,0.143119,129.052
12171,12231,7.21,20.927,0.051,-0.023,0.126639,114.192
12172,12232,7.21,20.928,0.052,-0.008,0.123827,111.656
12173,12233,7.21,20.928,0.052,-0.019,0.119856,108.076
12174,12234,7.21,20.928,0.052,0.002,0.12117,109.26
12175,12235,7.21,20.928,0.051,0.001,0.10127,91.3163
12176,12236,7.22,20.928,0.052,0.008,0.117489,105.942
12177,12237,7.22,20.928,0.052,0,0.118261,106.637
12178,12238,7.22,20.928,0.052,0.005,0.136649,123.218
12179,12239,7.22,20.927,0.051,-0.01,0.133263,120.165
12180,12240,7.22,20.927,0.052,-0.01,0.137851,124.302
12181,12241,7.22,20.927,0.051,-0.017,0.128257,115.651
12182,12242,7.22,20.927,0.051,-0.002,0.12285,110.775
12183,12243,7.22,20.927,0.052,-0.006,0.0917392,82.7224
12184,12244,7.22,20.928,0.052,0.003,0.0952897,85.924
12185,12245,7.22,20.927,0.052,0.006,0.110512,99.6501
12186,12246,7.22,20.926,0.051,0.015,0.104144,93.9079
12187,12247,7.22,20.928,0.051,0.001,0.117348,105.815
12188,12248,7.22,20.928,0.051,0,0.133469,120.351
12189,12249,7.22,20.928,0.051,-0.017,0.122802,110.732
12190,12250,7.22,20.928,0.052,-0.018,0.120909,109.025
12191,12251,7.22,20.928,0.052,-0.014,0.119054,107.353
12192,12252,7.23,20.927,0.052,-0.009,0.114625,103.359
12193,12253,7.23,20.928,0.051,-0.005,0.105332,94.9791
12194,12254,7.23,20.928,0.051,0.017,0.100573,90.6876
12195,12255,7.23,20.929,0.052,0.019,0.120521,108.676
12196,12256,7.23,20.928,0.052,0.013,0.120599,108.745
12197,12257,7.23,20.926,0.052,0.012,0.128052,115.466
12198,12258,7.23,20.928,0.053,0.005,0.126377,113.955
12199,12259,7.23,20.927,0.052,-0.012,0.137171,123.689
12200,12260,7.23,20.927,0.053,-0.005,0.137349,123.85
12201,12261,7.23,20.928,0.053,-0.004,0.116244,104.819
12202,12262,7.23,20.928,0.052,0.003,0.112202,101.174
12203,12263,7.23,20.927,0.052,0.007,0.112171,101.147
12204,12264,7.23,20.927,0.051,0.015,0.0953953,86.0192
12205,12265,7.23,20.927,0.052,0.016,0.101547,91.5667
12206,12266,7.23,20.928,0.051,-0.004,0.0955795,86.1853
12207,12267,7.23,20.928,0.051,0.002,0.118868,107.185
12208,12268,7.24,20.927,0.051,-0.006,0.121966,109.978
12209,12269,7.24,20.927,0.052,-0.003,0.123526,111.385
12210,12270,7.24,20.927,0.051,-0.019,0.125779,113.417
12211,12271,7.24,20.928,0.052,-0.014,0.120259,108.439
12212,12272,7.24,20.927,0.051,-0.001,0.110422,99.569
12213,12273,7.24,20.928,0.052,0.011,0.0988823,89.1634
12214,12274,7.24,20.927,0.051,0.005,0.0996145,89.8237
12215,12275,7.24,20.928,0.052,0.015,0.102626,92.5389
12216,12276,7.24,20.929,0.052,0.01,0.102533,92.4552
12217,12277,7.24,20.929,0.052,0.021,0.128478,115.85
12218,12278,7.24,20.928,0.052,0.003,0.139315,125.622
12219,12279,7.24,20.927,0.052,0.001,0.141941,127.99
12220,12280,7.24,20.927,0.051,-0.007,0.147159,132.695
12221,12281,7.24,20.928,0.051,-0.006,0.136235,122.844
12222,12282,7.24,20.928,0.051,-0.002,0.124568,112.325
12223,12283,7.24,20.928,0.052,0.007,0.115761,104.383
12224,12284,7.24,20.928,0.051,0.006,0.0938302,84.6079
12225,12285,7.24,20.93,0.051,0.012,0.0953379,85.9674
12226,12286,7.24,20.929,0.051,0.008,0.10184,91.8308
12227,12287,7.24,20.929,0.051,0.014,0.115688,104.318
12228,12288,7.25,20.928,0.051,-0.009,0.111457,100.502
12229,12289,7.25,20.928,0.052,-0.026,0.132527,119.501
12230,12290,7.25,20.929,0.051,-0.022,0.133643,120.508
12231,12291,7.25,20.928,0.051,-0.025,0.137664,124.133
12232,12292,7.25,20.928,0.052,-0.024,0.128161,115.564
12233,12293,7.25,20.929,0.052,-0.006,0.12255,110.504
12234,12294,7.25,20.928,0.051,-0.005,0.110511,99.6489
12235,12295,7.25,20.929,0.052,0.021,0.104679,94.3901
12236,12296,7.25,20.928,0.052,0.019,0.0937866,84.5686
12237,12297,7.25,20.928,0.052,0.014,0.119455,107.714
12238,12298,7.25,20.928,0.053,0.001,0.12226,110.244
12239,12299,7.25,20.928,0.052,0.005,0.136609,123.182
12240,12300,7.25,20.928,0.052,-0.014,0.131166,118.274
12241,12301,7.25,20.928,0.053,-0.016,0.137713,124.178
12242,12302,7.25,20.928,0.052,-0.016,0.114469,103.218
12243,12303,7.25,20.927,0.052,-0.008,0.12577,113.408
12244,12304,7.25,20.928,0.052,-0.002,0.110356,99.5099
12245,12305,7.25,20.927,0.052,0.011,0.103437,93.2702
12246,12306,7.26,20.927,0.052,0.01,0.101803,91.7974
12247,12307,7.26,20.928,0.053,0.021,0.126844,114.377
12248,12308,7.26,20.928,0.053,0.004,0.117117,105.606
12249,12309,7.26,20.927,0.053,-0.006,0.129249,116.546
12250,12310,7.26,20.928,0.053,-0.02,0.134604,121.374
12251,12311,7.26,20.928,0.053,-0.011,0.13759,124.066
12252,12312,7.26,20.927,0.052,-0.018,0.109266,98.5268
12253,12313,7.26,20.927,0.052,0.008,0.118731,107.061
12254,12314,7.26,20.927,0.052,-0.005,0.130333,117.523
12255,12315,7.26,20.927,0.053,0.006,0.108834,98.1367
12256,12316,7.26,20.928,0.052,0.011,0.0976578,88.0593
12257,12317,7.26,20.928,0.053,0.014,0.118246,106.624
12258,12318,7.26,20.928,0.052,-0.01,0.112881,101.786
12259,12319,7.26,20.928,0.052,-0.002,0.132537,119.511
12260,12320,7.27,20.928,0.053,-0.012,0.116496,105.046
12261,12321,7.27,20.928,0.053,-0.012,0.14612,131.758
12262,12322,7.27,20.927,0.052,-0.018,0.134757,121.512
12263,12323,7.27,20.928,0.052,0.002,0.130169,117.375
12264,12324,7.27,20.929,0.052,0.003,0.103703,93.51
12265,12325,7.27,20.927,0.053,-0.009,0.107544,96.9738
12266,12326,7.27,20.927,0.052,0.01,0.104674,94.3856
12267,12327,7.27,20.927,0.052,0.018,0.120271,108.45
12268,12328,7.27,20.928,0.052,0.005,0.110704,99.8231
12269,12329,7.27,20.927,0.052,0.004,0.121457,109.519
12270,12330,7.27,20.928,0.052,-0.015,0.119903,108.118
12271,12331,7.27,20.928,0.052,-0.001,0.143505,129.4
12272,12332,7.27,20.928,0.051,-0.023,0.131465,118.544
12273,12333,7.27,20.927,0.052,-0.011,0.122464,110.428
12274,12334,7.2801,20.927,0.053,-0.012,0.101005,91.0772
12275,12335,7.2801,20.928,0.052,0.01,0.113596,102.431
12276,12336,7.2801,20.928,0.052,0.01,0.100033,90.201
12277,12337,7.2801,20.928,0.052,0.015,0.107264,96.7218
12278,12338,7.2801,20.927,0.052,0.001,0.108411,97.7561
12279,12339,7.2801,20.927,0.052,0.009,0.118151,106.538
12280,12340,7.2801,20.927,0.052,-0.005,0.116731,105.258
12281,12341,7.2801,20.928,0.052,-0.003,0.12415,111.948
12282,12342,7.2801,20.928,0.052,-0.019,0.128117,115.525
12283,12343,7.2801,20.927,0.052,-0.015,0.128192,115.593
12284,12344,7.2801,20.928,0.051,-0.01,0.12047,108.629
12285,12345,7.2801,20.929,0.052,0.011,0.128925,116.253
12286,12346,7.2801,20.929,0.052,-0.001,0.109039,98.3215
12287,12347,7.2801,20.929,0.051,0.016,0.101648,91.6573
12288,12348,7.2801,20.928,0.052,0.006,0.11073,99.8465
12289,12349,7.2801,20.929,0.052,0.009,0.122773,110.706
12290,12350,7.2801,20.928,0.052,0.002,0.128665,116.019
12291,12351,7.2801,20.927,0.052,0,0.138161,124.581
12292,12352,7.2801,20.928,0.052,-0.017,0.140358,126.562
12293,12353,7.2801,20.93,0.053,-0.014,0.136396,122.99
12294,12354,7.2801,20.929,0.053,-0.011,0.122026,110.033
12295,12355,7.2901,20.928,0.054,0,0.119736,107.967
12296,12356,7.2901,20.927,0.054,-0.015,0.11328,102.146
12297,12357,7.2901,20.928,0.054,0.012,0.11236,101.317
12298,12358,7.2901,20.927,0.054,0.014,0.113679,102.505
12299,12359,7.2901,20.928,0.053,0.013,0.124758,112.496
12300,12360,7.2901,20.926,0.054,0,0.125308,112.992
12301,12361,7.2901,20.927,0.054,-0.002,0.128817,116.156
12302,12362,7.2901,20.926,0.053,-0.015,0.129554,116.82
12303,12363,7.2901,20.926,0.053,-0.015,0.13437,121.163
12304,12364,7.2901,20.926,0.053,-0.01,0.130544,117.713
12305,12365,7.3001,20.926,0.053,-0.005,0.125515,113.178
12306,12366,7.3001,20.928,0.052,0.007,0.116642,105.178
12307,12367,7.3001,20.926,0.053,0.013,0.107791,97.1963
12308,12368,7.3001,20.926,0.052,0.011,0.113354,102.213
12309,12369,7.3001,20.926,0.053,0.008,0.12211,110.109
12310,12370,7.3001,20.927,0.052,0,0.125494,113.159
12311,12371,7.3001,20.926,0.052,-0.003,0.124924,112.646
12312,12372,7.3001,20.927,0.052,-0.014,0.151432,136.549
12313,12373,7.3001,20.928,0.053,-0.009,0.13089,118.025
12314,12374,7.3001,20.927,0.052,-0.01,0.131255,118.354
12315,12375,7.3001,20.927,0.053,-0.008,0.123415,111.285
12316,12376,7.31,20.927,0.053,-0.008,0.116911,105.42
12317,12377,7.31,20.928,0.052,-0.001,0.108669,97.9882
12318,12378,7.31,20.928,0.052,0.011,0.107162,96.6296
12319,12379,7.31,20.928,0.053,0.007,0.126928,114.453
12320,12380,7.31,20.927,0.053,-0.003,0.114004,102.799
12321,12381,7.31,20.927,0.053,-0.005,0.132053,119.074
12322,12382,7.32,20.927,0.053,-0.011,0.120136,108.328
12323,12383,7.32,20.928,0.052,-0.032,0.129258,116.553
12324,12384,7.32,20.928,0.052,-0.009,0.11574,104.364
12325,12385,7.32,20.927,0.052,-0.017,0.119042,107.342
12326,12386,7.32,20.929,0.052,-0.012,0.115014,103.71
12327,12387,7.32,20.929,0.052,0.005,0.106961,96.4484
12328,12388,7.32,20.927,0.051,0.011,0.103682,93.4917
12329,12389,7.32,20.927,0.052,0.011,0.124965,112.683
12330,12390,7.32,20.928,0.052,-0.01,0.114334,103.097
12331,12391,7.32,20.928,0.051,-0.001,0.108384,97.7318
12332,12392,7.32,20.929,0.052,-0.013,0.139015,125.352
12333,12393,7.32,20.928,0.052,-0.003,0.123987,111.801
12334,12394,7.32,20.928,0.052,-0.012,0.13509,121.812
12335,12395,7.32,20.928,0.051,0.002,0.11622,104.797
12336,12396,7.32,20.928,0.051,-0.001,0.105953,95.5388
12337,12397,7.32,20.928,0.052,0.003,0.102401,92.336
12338,12398,7.32,20.928,0.052,0.004,0.101962,91.9406
12339,12399,7.32,20.929,0.051,0.013,0.110073,99.2542
12340,12400,7.32,20.928,0.052,-0.006,0.113266,102.134
12341,12401,7.32,20.928,0.052,0.001,0.128333,115.719
12342,12402,7.32,20.928,0.051,0.003,0.137268,123.776
12343,12403,7.32,20.929,0.051,-0.021,0.127416,114.893
12344,12404,7.32,20.928,0.051,-0.007,0.123266,111.15
12345,12405,7.32,20.928,0.052,-0.017,0.121009,109.115
12346,12406,7.33,20.928,0.052,-0.003,0.108477,97.8154
12347,12407,7.33,20.929,0.051,0.009,0.0892619,80.4886
12348,12408,7.33,20.928,0.051,0.014,0.0947044,85.3962
12349,12409,7.32,20.928,0.051,0.017,0.0950094,85.6712
12350,12410,7.32,20.928,0.051,0.005,0.109449,98.6917
12351,12411,7.32,20.928,0.051,0.003,0.122771,110.704
12352,12412,7.32,20.928,0.051,-0.008,0.136924,123.466
12353,12413,7.32,20.928,0.052,-0.018,0.133411,120.298
12354,12414,7.33,20.928,0.052,-0.009,0.13792,124.364
12355,12415,7.33,20.928,0.051,-0.009,0.13286,119.802
12356,12416,7.33,20.929,0.051,-0.004,0.118937,107.247
12357,12417,7.33,20.928,0.051,0.01,0.105514,95.1432
12358,12418,7.33,20.928,0.051,0.027,0.118267,106.643
12359,12419,7.33,20.928,0.051,0.017,0.113074,101.96
12360,12420,7.33,20.929,0.051,0.012,0.113267,102.135
12361,12421,7.33,20.93,0.051,0.001,0.108488,97.8254
12362,12422,7.33,20.929,0.051,-0.004,0.126829,114.363
12363,12423,7.33,20.928,0.051,-0.022,0.121122,109.217
12364,12424,7.33,20.929,0.052,-0.015,0.12094,109.053
12365,12425,7.33,20.928,0.052,-0.018,0.12811,115.518
12366,12426,7.33,20.928,0.051,-0.016,0.115834,104.449
12367,12427,7.33,20.928,0.051,-0.001,0.101704,91.7077
12368,12428,7.34,20.928,0.051,0.008,0.106986,96.4711
12369,12429,7.34,20.929,0.051,-0.001,0.105738,95.3452
12370,12430,7.34,20.928,0.051,0.008,0.110973,100.065
12371,12431,7.34,20.927,0.052,0.005,0.113822,102.635
12372,12432,7.34,20.928,0.051,0.006,0.123907,111.728
12373,12433,7.34,20.928,0.051,-0.007,0.126619,114.174
12374,12434,7.34,20.928,0.051,-0.01,0.143672,129.551
12375,12435,7.34,20.929,0.052,-0.008,0.120791,108.919
12376,12436,7.34,20.929,0.052,-0.015,0.124217,112.008
12377,12437,7.34,20.929,0.052,-0.01,0.0967368,87.2289
12378,12438,7.34,20.93,0.051,0.009,0.102619,92.5327
12379,12439,7.34,20.929,0.051,0.002,0.112759,101.676
12380,12440,7.34,20.93,0.052,0.007,0.120705,108.842
12381,12441,7.34,20.929,0.051,-0.001,0.103349,93.1915
12382,12442,7.34,20.929,0.052,-0.005,0.126518,114.082
12383,12443,7.34,20.93,0.051,-0.013,0.126026,113.639
12384,12444,7.34,20.929,0.051,-0.013,0.142437,128.437
12385,12445,7.34,20.929,0.051,-0.024,0.12057,108.72
12386,12446,7.35,20.928,0.051,-0.006,0.120798,108.925
12387,12447,7.35,20.929,0.051,-0.002,0.0962491,86.7891
12388,12448,7.35,20.927,0.051,0.015,0.105679,95.2921
12389,12449,7.35,20.929,0.051,0.007,0.0944753,85.1896
12390,12450,7.35,20.929,0.052,0.004,0.109863,99.0648
12391,12451,7.35,20.928,0.051,-0.003,0.112162,101.138
12392,12452,7.35,20.928,0.051,0.003,0.134721,121.48
12393,12453,7.35,20.93,0.051,-0.016,0.144106,129.942
12394,12454,7.35,20.93,0.051,-0.013,0.143832,129.695
12395,12455,7.35,20.929,0.051,-0.018,0.111484,100.527
12396,12456,7.36,20.927,0.051,-0.003,0.134171,120.984
12397,12457,7.36,20.928,0.051,-0.007,0.117068,105.561
12398,12458,7.36,20.929,0.051,0.011,0.120872,108.992
12399,12459,7.36,20.93,0.052,0.007,0.0994467,89.6724
12400,12460,7.36,20.929,0.052,0.012,0.118155,106.542
12401,12461,7.36,20.93,0.051,0.001,0.113405,102.259
12402,12462,7.36,20.929,0.051,0.002,0.122755,110.69
12403,12463,7.36,20.929,0.051,-0.015,0.123388,111.26
12404,12464,7.36,20.928,0.051,-0.024,0.137609,124.084
12405,12465,7.36,20.928,0.051,-0.036,0.11879,107.115
12406,12466,7.36,20.93,0.05,-0.004,0.119657,107.896
12407,12467,7.36,20.93,0.05,-0.018,0.0863648,77.8762
12408,12468,7.36,20.929,0.051,-0.002,0.0873281,78.7449
12409,12469,7.36,20.929,0.051,-0.006,0.0957325,86.3232
12410,12470,7.36,20.929,0.05,0.009,0.0952467,85.8852
12411,12471,7.36,20.93,0.051,0.002,0.0864467,77.9502
12412,12472,7.36,20.928,0.052,-0.001,0.110057,99.2402
12413,12473,7.36,20.929,0.051,-0.015,0.116505,105.054
12414,12474,7.36,20.93,0.051,-0.011,0.130047,117.265
12415,12475,7.36,20.929,0.052,-0.022,0.117802,106.223
12416,12476,7.36,20.929,0.052,-0.004,0.128267,115.66
12417,12477,7.36,20.928,0.052,-0.006,0.111966,100.961
12418,12478,7.36,20.928,0.052,0.017,0.116917,105.426
12419,12479,7.36,20.93,0.051,0.019,0.0974509,87.8727
12420,12480,7.37,20.93,0.051,0.015,0.107537,96.9678
12421,12481,7.37,20.929,0.051,0.016,0.100077,90.2407
12422,12482,7.37,20.929,0.05,0.018,0.11372,102.543
12423,12483,7.37,20.93,0.051,0.004,0.118617,106.958
12424,12484,7.37,20.929,0.051,-0.001,0.132847,119.79
12425,12485,7.37,20.929,0.051,-0.024,0.134418,121.206
12426,12486,7.37,20.931,0.051,-0.009,0.129383,116.666
12427,12487,7.37,20.93,0.051,-0.017,0.0989456,89.2206
12428,12488,7.37,20.929,0.05,0,0.103796,93.5943
12429,12489,7.37,20.929,0.05,-0.002,0.088599,79.8909
12430,12490,7.38,20.929,0.051,0.011,0.100471,90.5962
12431,12491,7.38,20.93,0.051,0,0.104495,94.2247
12432,12492,7.38,20.93,0.051,0.006,0.113603,102.438
12433,12493,7.38,20.93,0.051,-0.001,0.115739,104.363
12434,12494,7.38,20.929,0.051,-0.009,0.133923,120.76
12435,12495,7.38,20.93,0.052,-0.018,0.130875,118.012
12436,12496,7.38,20.929,0.051,-0.01,0.131057,118.176
12437,12497,7.38,20.927,0.052,-0.01,0.109844,99.0479
12438,12498,7.38,20.928,0.051,0.013,0.126122,113.726
12439,12499,7.38,20.929,0.051,0.004,0.0934493,84.2645
12440,12500,7.38,20.93,0.051,0.017,0.101918,91.9004
12441,12501,7.38,20.93,0.051,0.015,0.096863,87.3426
12442,12502,7.38,20.928,0.051,0.008,0.113488,102.333
12443,12503,7.38,20.929,0.051,-0.007,0.125079,112.785
12444,12504,7.38,20.93,0.051,-0.003,0.132531,119.505
12445,12505,7.38,20.929,0.051,-0.02,0.120454,108.615
12446,12506,7.38,20.929,0.051,-0.012,0.127064,114.575
12447,12507,7.38,20.928,0.051,-0.016,0.102839,92.731
12448,12508,7.39,20.929,0.05,0.004,0.114513,103.258
12449,12509,7.39,20.929,0.051,-0.009,0.0930585,83.9121
12450,12510,7.39,20.928,0.051,0.016,0.0918423,82.8154
12451,12511,7.39,20.929,0.051,0.009,0.105176,94.8389
12452,12512,7.39,20.929,0.05,0.006,0.107378,96.8237
12453,12513,7.39,20.931,0.051,0,0.109548,98.7812
12454,12514,7.39,20.929,0.051,-0.01,0.127659,115.112
12455,12515,7.39,20.929,0.051,-0.024,0.129017,116.336
12456,12516,7.39,20.93,0.051,-0.013,0.127821,115.258
12457,12517,7.39,20.93,0.051,-0.013,0.103276,93.1252
12458,12518,7.4001,20.929,0.052,0.009,0.0980618,88.4236
12459,12519,7.4001,20.929,0.051,0.002,0.0968802,87.3582
12460,12520,7.4001,20.928,0.051,0.019,0.091789,82.7673
12461,12521,7.4001,20.929,0.05,0.016,0.112736,101.656
12462,12522,7.4001,20.93,0.051,0.003,0.10656,96.0868
12463,12523,7.4001,20.93,0.05,0.004,0.124046,111.854
12464,12524,7.4001,20.929,0.05,-0.002,0.117272,105.746
12465,12525,7.4001,20.93,0.051,-0.016,0.112751,101.669
12466,12526,7.4001,20.93,0.05,-0.014,0.11931,107.583
12467,12527,7.4001,20.929,0.051,-0.014,0.100106,90.2664
12468,12528,7.4001,20.929,0.051,0.009,0.100093,90.2554
12469,12529,7.4001,20.929,0.05,0.007,0.101968,91.9458
12470,12530,7.4001,20.93,0.051,0.02,0.104362,94.1046
12471,12531,7.4001,20.928,0.051,0.021,0.121394,109.463
12472,12532,7.4001,20.929,0.052,0.004,0.111216,100.285
12473,12533,7.4001,20.928,0.051,0.002,0.113832,102.644
12474,12534,7.4001,20.93,0.051,-0.012,0.122356,110.33
12475,12535,7.4001,20.929,0.05,0.001,0.131678,118.736
12476,12536,7.4001,20.928,0.051,0.002,0.142108,128.141
12477,12537,7.4099,20.929,0.051,-0.007,0.135767,122.423
12478,12538,7.4099,20.929,0.051,0.011,0.128673,116.026
12479,12539,7.4099,20.929,0.052,0.013,0.119738,107.97
12480,12540,7.4099,20.929,0.051,0.015,0.111774,100.788
12481,12541,7.4099,20.928,0.051,0.008,0.112667,101.594
12482,12542,7.4099,20.929,0.052,-0.003,0.123648,111.495
12483,12543,7.4099,20.928,0.052,0.001,0.112668,101.595
12484,12544,7.4099,20.929,0.053,0.003,0.123687,111.53
12485,12545,7.4099,20.928,0.053,-0.008,0.13855,124.933
12486,12546,7.4099,20.928,0.053,-0.015,0.134849,121.596
12487,12547,7.4099,20.928,0.052,-0.019,0.139018,125.354
12488,12548,7.4099,20.927,0.052,-0.009,0.120851,108.973
12489,12549,7.4099,20.926,0.053,-0.006,0.126185,113.783
12490,12550,7.4099,20.927,0.053,0.001,0.130241,117.44
12491,12551,7.4099,20.927,0.053,0.004,0.122675,110.618
12492,12552,7.4099,20.928,0.053,0.005,0.120187,108.374
12493,12553,7.4099,20.927,0.053,-0.002,0.121661,109.703
12494,12554,7.4099,20.927,0.053,0.007,0.131978,119.006
12495,12555,7.42,20.927,0.053,-0.001,0.136081,122.706
12496,12556,7.42,20.927,0.053,-0.015,0.139056,125.388
12497,12557,7.42,20.927,0.053,-0.01,0.139325,125.631
12498,12558,7.42,20.926,0.054,-0.012,0.150535,135.74
12499,12559,7.42,20.926,0.054,0.001,0.118709,107.041
12500,12560,7.42,20.927,0.053,0,0.102182,92.1389
12501,12561,7.42,20.926,0.054,0.002,0.120004,108.209
12502,12562,7.42,20.925,0.054,-0.004,0.121424,109.49
12503,12563,7.42,20.927,0.054,0.005,0.122925,110.843
12504,12564,7.42,20.926,0.053,0.001,0.132253,119.254
12505,12565,7.42,20.926,0.053,-0.011,0.131779,118.827
12506,12566,7.42,20.927,0.053,-0.014,0.125455,113.124
12507,12567,7.42,20.927,0.053,-0.018,0.138181,124.6
12508,12568,7.42,20.927,0.053,-0.014,0.134791,121.543
12509,12569,7.42,20.926,0.053,-0.016,0.135562,122.238
12510,12570,7.42,20.925,0.053,-0.004,0.106196,95.7582
12511,12571,7.42,20.928,0.053,0.018,0.119431,107.693
12512,12572,7.43,20.927,0.053,0.007,0.132381,119.369
12513,12573,7.43,20.926,0.054,0.003,0.126196,113.793
12514,12574,7.43,20.926,0.054,0.002,0.132153,119.164
12515,12575,7.43,20.926,0.054,-0.007,0.136071,122.697
12516,12576,7.43,20.926,0.054,-0.012,0.142733,128.704
12517,12577,7.43,20.927,0.053,-0.006,0.144957,130.709
12518,12578,7.43,20.927,0.054,-0.016,0.13218,119.189
12519,12579,7.43,20.927,0.053,-0.014,0.132805,119.752
12520,12580,7.43,20.927,0.053,-0.01,0.109211,98.4766
12521,12581,7.43,20.926,0.052,0.011,0.108993,98.28
12522,12582,7.43,20.927,0.053,0,0.105322,94.9706
12523,12583,7.43,20.927,0.053,-0.007,0.115859,104.471
12524,12584,7.43,20.926,0.053,-0.005,0.115238,103.911
12525,12585,7.43,20.927,0.052,-0.011,0.12547,113.138
12526,12586,7.43,20.927,0.052,-0.014,0.126697,114.244
12527,12587,7.43,20.927,0.052,-0.021,0.127444,114.918
12528,12588,7.43,20.927,0.052,-0.019,0.120045,108.246
12529,12589,7.43,20.927,0.052,-0.011,0.123904,111.726
12530,12590,7.44,20.927,0.052,-0.011,0.124968,112.685
12531,12591,7.44,20.927,0.053,0.01,0.113035,101.925
12532,12592,7.44,20.927,0.053,0.011,0.113068,101.955
12533,12593,7.44,20.927,0.053,0.011,0.128032,115.448
12534,12594,7.44,20.928,0.053,0,0.119981,108.189
12535,12595,7.44,20.928,0.053,0.006,0.149247,134.578
12536,12596,7.44,20.927,0.052,-0.008,0.136346,122.945
12537,12597,7.44,20.928,0.053,-0.005,0.141549,127.637
12538,12598,7.44,20.927,0.053,-0.011,0.122103,110.102
12539,12599,7.44,20.928,0.053,-0.002,0.138046,124.478
12540,12600,7.44,20.928,0.052,-0.007,0.125492,113.157
12541,12601,7.45,20.928,0.052,0.001,0.106176,95.7407
12542,12602,7.45,20.926,0.052,0.004,0.103944,93.7276
12543,12603,7.45,20.928,0.052,0.008,0.134485,121.267
12544,12604,7.45,20.927,0.053,-0.006,0.118798,107.122
12545,12605,7.45,20.927,0.053,-0.004,0.132785,119.734
12546,12606,7.45,20.928,0.053,-0.027,0.117059,105.554
12547,12607,7.45,20.927,0.053,-0.019,0.138903,125.25
12548,12608,7.45,20.928,0.053,-0.017,0.143049,128.989
12549,12609,7.45,20.927,0.053,-0.007,0.124097,111.9
12550,12610,7.45,20.928,0.052,-0.015,0.110909,100.008
12551,12611,7.45,20.927,0.053,0.001,0.117056,105.551
12552,12612,7.45,20.926,0.053,0.014,0.117462,105.917
12553,12613,7.45,20.927,0.053,0.017,0.123615,111.465
12554,12614,7.45,20.927,0.054,-0.01,0.12217,110.162
12555,12615,7.45,20.926,0.053,-0.004,0.140078,126.311
12556,12616,7.46,20.928,0.053,-0.012,0.136152,122.77
12557,12617,7.46,20.927,0.053,0.004,0.140547,126.733
12558,12618,7.46,20.927,0.053,-0.018,0.125404,113.079
12559,12619,7.46,20.927,0.053,-0.019,0.124909,112.632
12560,12620,7.46,20.927,0.053,-0.001,0.122239,110.225
12561,12621,7.46,20.926,0.053,0.01,0.12335,111.227
12562,12622,7.46,20.927,0.052,0.009,0.106276,95.8306
12563,12623,7.46,20.926,0.052,0.009,0.103639,93.4524
12564,12624,7.46,20.926,0.052,-0.003,0.102038,92.0094
12565,12625,7.46,20.927,0.053,0.001,0.129768,117.014
12566,12626,7.46,20.927,0.053,-0.019,0.11601,104.608
12567,12627,7.46,20.927,0.052,-0.012,0.117548,105.995
12568,12628,7.46,20.927,0.052,-0.018,0.119997,108.203
12569,12629,7.46,20.927,0.053,0.001,0.118649,106.987
12570,12630,7.46,20.926,0.053,0.001,0.108202,97.567
12571,12631,7.46,20.926,0.053,0.005,0.107627,97.0484
12572,12632,7.47,20.926,0.053,0.001,0.112875,101.781
12573,12633,7.47,20.926,0.054,0.017,0.133594,120.464
12574,12634,7.47,20.926,0.055,0.02,0.108672,97.9907
12575,12635,7.47,20.926,0.054,0.019,0.128814,116.153
12576,12636,7.47,20.926,0.054,-0.003,0.134634,121.401
12577,12637,7.47,20.926,0.053,0.004,0.139235,125.55
12578,12638,7.47,20.927,0.054,0.003,0.134027,120.854
12579,12639,7.47,20.927,0.053,0,0.125561,113.22
12580,12640,7.47,20.927,0.054,0.005,0.115334,103.998
12581,12641,7.47,20.926,0.054,0.01,0.119089,107.384
12582,12642,7.47,20.927,0.054,0.01,0.110015,99.2019
12583,12643,7.47,20.927,0.053,0.011,0.123521,111.381
12584,12644,7.47,20.926,0.053,-0.002,0.108988,98.2757
12585,12645,7.47,20.925,0.053,0.008,0.127081,114.591
12586,12646,7.48,20.928,0.053,-0.015,0.138879,125.229
12587,12647,7.48,20.929,0.054,-0.014,0.139694,125.964
12588,12648,7.48,20.927,0.053,-0.014,0.131864,118.904
12589,12649,7.48,20.926,0.053,-0.007,0.133383,120.273
12590,12650,7.48,20.926,0.054,0,0.12629,113.877
12591,12651,7.48,20.926,0.053,0.009,0.122002,110.011
12592,12652,7.48,20.926,0.053,0,0.122009,110.017
12593,12653,7.48,20.927,0.054,0.012,0.133024,119.95
12594,12654,7.48,20.927,0.053,-0.005,0.125474,113.141
12595,12655,7.48,20.928,0.053,0.006,0.127038,114.552
12596,12656,7.48,20.928,0.054,-0.006,0.120281,108.459
12597,12657,7.48,20.927,0.053,-0.013,0.13757,124.048
12598,12658,7.48,20.926,0.053,-0.02,0.138036,124.469
12599,12659,7.48,20.927,0.053,-0.011,0.138715,125.081
12600,12660,7.48,20.927,0.053,-0.013,0.109555,98.7875
12601,12661,7.48,20.927,0.052,-0.002,0.117196,105.677
12602,12662,7.48,20.926,0.053,0.005,0.11606,104.653
12603,12663,7.48,20.926,0.053,0.004,0.116798,105.318
12604,12664,7.49,20.926,0.053,-0.005,0.115683,104.313
12605,12665,7.49,20.926,0.053,0,0.1401,126.33
12606,12666,7.49,20.926,0.052,-0.003,0.12881,116.15
12607,12667,7.49,20.926,0.052,-0.003,0.13696,123.499
12608,12668,7.49,20.928,0.053,-0.014,0.139215,125.532
12609,12669,7.49,20.927,0.053,-0.012,0.140715,126.885
12610,12670,7.49,20.926,0.053,-0.01,0.130215,117.417
12611,12671,7.49,20.926,0.053,0.01,0.11768,106.114
12612,12672,7.49,20.927,0.052,0.004,0.127157,114.659
12613,12673,7.49,20.927,0.052,0.016,0.112204,101.176
12614,12674,7.49,20.925,0.053,0.01,0.100937,91.0159
12615,12675,7.49,20.926,0.053,0.009,0.121069,109.169
12616,12676,7.49,20.926,0.053,-0.014,0.118696,107.03
12617,12677,7.5,20.926,0.052,-0.004,0.131516,118.589
12618,12678,7.5,20.926,0.052,-0.015,0.141121,127.25
12619,12679,7.5,20.927,0.052,-0.019,0.125886,113.513
12620,12680,7.5,20.927,0.052,-0.02,0.119006,107.31
12621,12681,7.5,20.928,0.052,-0.013,0.100917,90.9984
12622,12682,7.5,20.928,0.052,0.007,0.0957201,86.312
12623,12683,7.5,20.926,0.052,-0.003,0.110048,99.2314
12624,12684,7.5,20.927,0.052,0.008,0.114471,103.22
12625,12685,7.5,20.927,0.052,0.015,0.108379,97.727
12626,12686,7.5,20.928,0.053,-0.005,0.124497,112.261
12627,12687,7.5,20.928,0.052,-0.006,0.129513,116.783
12628,12688,7.5,20.928,0.052,-0.013,0.138881,125.231
12629,12689,7.5,20.928,0.052,-0.017,0.124586,112.341
12630,12690,7.5,20.927,0.052,-0.006,0.115425,104.08
12631,12691,7.5099,20.928,0.052,-0.002,0.124395,112.168
12632,12692,7.5099,20.928,0.052,0.009,0.111332,100.389
12633,12693,7.5099,20.929,0.051,0.02,0.1077,97.1149
12634,12694,7.5099,20.928,0.051,0.008,0.103926,93.7114
12635,12695,7.5099,20.928,0.052,0.008,0.119505,107.759
12636,12696,7.5099,20.927,0.052,0.004,0.118067,106.463
12637,12697,7.5099,20.929,0.051,-0.008,0.11501,103.706
12638,12698,7.5099,20.928,0.052,-0.01,0.135306,122.007
12639,12699,7.5099,20.928,0.051,-0.017,0.119353,107.622
12640,12700,7.5099,20.927,0.052,-0.008,0.1263,113.886
12641,12701,7.5099,20.928,0.051,-0.003,0.11369,102.516
12642,12702,7.5099,20.929,0.052,-0.006,0.101804,91.7978
12643,12703,7.5099,20.928,0.051,0.005,0.0953568,85.9845
12644,12704,7.5099,20.928,0.052,0.003,0.106651,96.1686
12645,12705,7.5099,20.929,0.051,0.013,0.10943,98.6742
12646,12706,7.5099,20.928,0.051,-0.002,0.126221,113.815
12647,12707,7.5099,20.928,0.052,-0.004,0.124729,112.469
12648,12708,7.5199,20.929,0.051,-0.009,0.131621,118.685
12649,12709,7.5199,20.93,0.052,-0.019,0.132777,119.727
12650,12710,7.5199,20.929,0.052,-0.004,0.123883,111.707
12651,12711,7.5199,20.928,0.052,-0.01,0.122102,110.101
12652,12712,7.5199,20.928,0.052,0.001,0.108595,97.9214
12653,12713,7.5199,20.928,0.051,0.015,0.114594,103.331
12654,12714,7.5199,20.928,0.051,0.021,0.111673,100.697
12655,12715,7.5199,20.928,0.051,0.015,0.119209,107.493
12656,12716,7.5199,20.927,0.052,0.005,0.129274,116.568
12657,12717,7.5199,20.928,0.052,-0.013,0.120903,109.02
12658,12718,7.5199,20.929,0.051,-0.011,0.126164,113.764
12659,12719,7.5199,20.929,0.052,-0.016,0.122241,110.227
12660,12720,7.5199,20.928,0.052,-0.013,0.120886,109.005
12661,12721,7.5199,20.928,0.051,-0.01,0.10874,98.0524
12662,12722,7.5199,20.929,0.051,-0.004,0.118999,107.303
12663,12723,7.5199,20.928,0.051,0.009,0.0917603,82.7415
12664,12724,7.5199,20.928,0.052,0.009,0.099516,89.7349
12665,12725,7.5199,20.927,0.052,0,0.101941,91.9214
12666,12726,7.5299,20.929,0.051,0.003,0.127313,114.799
12667,12727,7.5299,20.927,0.052,-0.005,0.131005,118.129
12668,12728,7.5299,20.927,0.052,-0.009,0.138849,125.202
12669,12729,7.5299,20.929,0.052,-0.009,0.132047,119.068
12670,12730,7.5299,20.928,0.052,-0.005,0.140763,126.928
12671,12731,7.5299,20.928,0.052,-0.005,0.119376,107.643
12672,12732,7.5299,20.928,0.052,0.008,0.118246,106.624
12673,12733,7.5299,20.928,0.052,0.003,0.1103,99.4594
12674,12734,7.5299,20.927,0.052,0.024,0.115229,103.903
12675,12735,7.5299,20.928,0.053,0.017,0.117093,105.585
12676,12736,7.5299,20.928,0.052,0.013,0.122423,110.39
12677,12737,7.5299,20.928,0.052,-0.005,0.122644,110.589
12678,12738,7.5299,20.927,0.052,-0.015,0.132434,119.417
12679,12739,7.5299,20.928,0.052,-0.021,0.116876,105.389
12680,12740,7.5299,20.928,0.053,-0.011,0.12067,108.81
12681,12741,7.5299,20.927,0.053,-0.021,0.0996386,89.8455
12682,12742,7.5399,20.928,0.053,-0.003,0.11206,101.046
12683,12743,7.5399,20.928,0.052,0.001,0.0998933,90.0751
12684,12744,7.5399,20.927,0.052,0.007,0.104324,94.07
12685,12745,7.5399,20.928,0.053,0.008,0.100638,90.7468
12686,12746,7.5399,20.927,0.053,0.004,0.117849,106.266
12687,12747,7.5399,20.927,0.053,-0.008,0.131109,118.223
12688,12748,7.5399,20.928,0.053,-0.001,0.136992,123.527
12689,12749,7.5399,20.927,0.053,-0.007,0.130481,117.657
12690,12750,7.5399,20.926,0.053,-0.001,0.133315,120.212
12691,12751,7.5399,20.928,0.053,-0.001,0.118723,107.054
12692,12752,7.55,20.927,0.053,0.016,0.141411,127.512
12693,12753,7.55,20.928,0.053,0.013,0.111537,100.575
12694,12754,7.55,20.926,0.053,0.023,0.114222,102.995
12695,12755,7.55,20.926,0.053,0.012,0.119396,107.661
12696,12756,7.55,20.928,0.053,0.023,0.126381,113.959
12697,12757,7.55,20.926,0.053,0.003,0.123019,110.927
12698,12758,7.55,20.927,0.053,-0.01,0.130729,117.88
12699,12759,7.55,20.927,0.053,-0.021,0.128227,115.624
12700,12760,7.55,20.928,0.053,-0.013,0.14069,126.862
12701,12761,7.55,20.928,0.053,-0.012,0.115792,104.411
12702,12762,7.55,20.927,0.053,0.006,0.111988,100.981
12703,12763,7.55,20.926,0.053,-0.02,0.094622,85.3219
12704,12764,7.55,20.927,0.053,0.008,0.115704,104.332
12705,12765,7.55,20.927,0.053,0.007,0.117878,106.293
12706,12766,7.55,20.927,0.054,0.006,0.129121,116.43
12707,12767,7.55,20.926,0.054,-0.005,0.144184,130.013
12708,12768,7.55,20.927,0.054,-0.003,0.142268,128.285
12709,12769,7.55,20.927,0.053,-0.01,0.136584,123.16
12710,12770,7.55,20.927,0.053,-0.005,0.143793,129.661
12711,12771,7.55,20.926,0.054,-0.017,0.136111,122.734
12712,12772,7.55,20.926,0.054,0.005,0.137342,123.844
12713,12773,7.56,20.927,0.054,0.008,0.120844,108.967
12714,12774,7.56,20.927,0.054,0.02,0.119202,107.486
12715,12775,7.56,20.928,0.053,0.004,0.122253,110.237
12716,12776,7.56,20.927,0.053,0.007,0.115591,104.23
12717,12777,7.56,20.926,0.053,-0.004,0.116237,104.812
12718,12778,7.56,20.926,0.053,-0.017,0.129457,116.733
12719,12779,7.56,20.926,0.052,-0.017,0.128032,115.448
12720,12780,7.56,20.926,0.053,-0.013,0.145696,131.376
12721,12781,7.56,20.927,0.052,-0.021,0.119494,107.749
12722,12782,7.56,20.927,0.052,-0.012,0.125295,112.98
12723,12783,7.56,20.927,0.052,-0.01,0.113665,102.493
12724,12784,7.56,20.926,0.052,0.001,0.118832,107.152
12725,12785,7.57,20.927,0.052,0.001,0.11749,105.942
12726,12786,7.57,20.927,0.052,-0.005,0.116086,104.676
12727,12787,7.57,20.928,0.052,0.005,0.117923,106.332
12728,12788,7.57,20.927,0.052,-0.001,0.144517,130.313
12729,12789,7.57,20.928,0.053,-0.011,0.131073,118.19
12730,12790,7.57,20.928,0.053,-0.006,0.136071,122.697
12731,12791,7.57,20.927,0.053,-0.017,0.118114,106.505
12732,12792,7.57,20.926,0.053,0.001,0.123158,111.054
12733,12793,7.57,20.927,0.052,-0.004,0.123226,111.114
12734,12794,7.57,20.927,0.053,0.007,0.116369,104.931
12735,12795,7.58,20.927,0.053,0.002,0.0903827,81.4993
12736,12796,7.58,20.927,0.052,0.003,0.0996132,89.8225
12737,12797,7.58,20.927,0.052,0.006,0.131102,118.217
12738,12798,7.58,20.927,0.052,0.004,0.139576,125.858
12739,12799,7.58,20.927,0.052,-0.016,0.119512,107.765
12740,12800,7.58,20.926,0.052,-0.008,0.129901,117.134
12741,12801,7.58,20.927,0.052,-0.014,0.127733,115.179
12742,12802,7.58,20.927,0.052,-0.003,0.124472,112.238
12743,12803,7.58,20.928,0.051,-0.002,0.10605,95.6264
12744,12804,7.58,20.927,0.052,-0.003,0.111826,100.835
12745,12805,7.58,20.927,0.051,0.006,0.114319,103.083
12746,12806,7.58,20.927,0.052,0.021,0.121219,109.305
12747,12807,7.59,20.929,0.052,0.01,0.116486,105.037
12748,12808,7.59,20.929,0.052,-0.009,0.120229,108.412
12749,12809,7.59,20.927,0.052,-0.016,0.129052,116.368
12750,12810,7.59,20.927,0.052,-0.001,0.13763,124.103
12751,12811,7.59,20.928,0.051,-0.012,0.118443,106.801
12752,12812,7.59,20.928,0.052,-0.008,0.127601,115.059
12753,12813,7.59,20.928,0.052,-0.008,0.111073,100.156
12754,12814,7.59,20.928,0.052,0.01,0.111397,100.449
12755,12815,7.59,20.928,0.052,0.004,0.118007,106.408
12756,12816,7.59,20.928,0.051,0.006,0.0976439,88.0468
12757,12817,7.59,20.927,0.052,-0.004,0.104582,94.3028
12758,12818,7.59,20.928,0.052,-0.005,0.116166,104.749
12759,12819,7.59,20.929,0.052,-0.007,0.123871,111.696
12760,12820,7.59,20.929,0.052,-0.014,0.117308,105.779
12761,12821,7.59,20.929,0.052,-0.019,0.128478,115.851
12762,12822,7.59,20.928,0.052,-0.002,0.125085,112.791
12763,12823,7.59,20.928,0.053,-0.005,0.107413,96.8558
12764,12824,7.59,20.927,0.052,-0.001,0.115961,104.564
12765,12825,7.59,20.929,0.052,0,0.126773,114.313
12766,12826,7.6,20.929,0.052,-0.007,0.122117,110.114
12767,12827,7.6,20.929,0.052,0.014,0.108754,98.0645
12768,12828,7.6,20.929,0.052,0.011,0.121112,109.208
12769,12829,7.6,20.928,0.052,-0.001,0.14056,126.745
12770,12830,7.6,20.928,0.052,-0.01,0.129262,116.557
12771,12831,7.6,20.929,0.053,-0.004,0.140718,126.888
12772,12832,7.6,20.929,0.052,-0.012,0.131162,118.271
12773,12833,7.6,20.928,0.052,-0.009,0.116212,104.79
12774,12834,7.6,20.928,0.052,0.011,0.102041,92.0115
12775,12835,7.6,20.927,0.053,0.005,0.105032,94.7086
12776,12836,7.6,20.927,0.052,-0.009,0.102613,92.5279
12777,12837,7.6,20.928,0.052,-0.001,0.120451,108.612
12778,12838,7.6,20.927,0.052,0.007,0.118257,106.634
12779,12839,7.6,20.928,0.052,-0.008,0.132571,119.541
12780,12840,7.6,20.929,0.051,-0.022,0.123176,111.069
12781,12841,7.6,20.928,0.052,-0.007,0.121275,109.355
12782,12842,7.6,20.927,0.051,-0.016,0.131398,118.483
12783,12843,7.6099,20.927,0.052,-0.019,0.117756,106.183
12784,12844,7.6099,20.929,0.052,0,0.11076,99.8741
12785,12845,7.6099,20.928,0.052,0.007,0.125564,113.223
12786,12846,7.6099,20.929,0.051,0.012,0.112609,101.541
12787,12847,7.6099,20.928,0.052,0.01,0.106471,96.006
12788,12848,7.6099,20.929,0.052,0.001,0.107485,96.9207
12789,12849,7.6099,20.927,0.052,0.005,0.146356,131.971
12790,12850,7.6099,20.927,0.052,-0.016,0.137123,123.645
12791,12851,7.6099,20.928,0.052,-0.005,0.133003,119.931
12792,12852,7.6099,20.928,0.052,-0.009,0.136214,122.826
12793,12853,7.6099,20.929,0.052,-0.012,0.122644,110.59
12794,12854,7.6199,20.928,0.052,-0.004,0.105045,94.7207
12795,12855,7.6199,20.928,0.051,0.002,0.107146,96.615
12796,12856,7.6199,20.929,0.051,-0.006,0.0967328,87.2253
12797,12857,7.6199,20.928,0.051,0.001,0.101499,91.5231
12798,12858,7.6199,20.929,0.052,0.01,0.0916027,82.5994
12799,12859,7.6199,20.928,0.051,0.013,0.116883,105.395
12800,12860,7.6199,20.927,0.052,-0.027,0.119711,107.945
12801,12861,7.6199,20.928,0.052,-0.023,0.126539,114.102
12802,12862,7.6199,20.929,0.052,-0.023,0.124304,112.087
12803,12863,7.6199,20.93,0.052,-0.028,0.125182,112.879
12804,12864,7.6199,20.93,0.052,-0.008,0.11768,106.113
12805,12865,7.6199,20.929,0.052,0.004,0.114793,103.51
12806,12866,7.6199,20.929,0.052,0.002,0.110487,99.6277
12807,12867,7.6199,20.929,0.052,0.019,0.109449,98.6912
12808,12868,7.6199,20.928,0.051,0.015,0.122966,110.88
12809,12869,7.6199,20.928,0.052,0.02,0.129748,116.995
12810,12870,7.6199,20.929,0.052,-0.001,0.134046,120.871
12811,12871,7.6299,20.928,0.051,-0.01,0.139066,125.397
12812,12872,7.6299,20.929,0.052,-0.016,0.132831,119.776
12813,12873,7.6299,20.929,0.052,-0.007,0.129826,117.066
12814,12874,7.6299,20.928,0.052,-0.006,0.112174,101.148
12815,12875,7.6299,20.928,0.052,0.004,0.109274,98.5336
12816,12876,7.6299,20.927,0.052,0.007,0.0932691,84.1019
12817,12877,7.6299,20.927,0.052,0.008,0.109099,98.3762
12818,12878,7.6299,20.928,0.052,0.001,0.0911697,82.2089
12819,12879,7.6299,20.929,0.052,-0.004,0.103318,93.1636
12820,12880,7.6299,20.928,0.052,-0.018,0.104952,94.6364
12821,12881,7.6299,20.929,0.052,-0.014,0.142535,128.526
12822,12882,7.6299,20.928,0.053,-0.024,0.127418,114.894
12823,12883,7.6299,20.928,0.052,-0.018,0.131303,118.397
12824,12884,7.6299,20.928,0.052,-0.008,0.110557,99.6907
12825,12885,7.6299,20.927,0.052,0.009,0.117472,105.926
12826,12886,7.6399,20.927,0.052,0.016,0.11513,103.814
12827,12887,7.6399,20.926,0.052,0.022,0.112903,101.806
12828,12888,7.6399,20.928,0.053,0.007,0.109744,98.958
12829,12889,7.6399,20.928,0.052,0.023,0.137791,124.248
12830,12890,7.6399,20.928,0.053,0.016,0.111615,100.644
12831,12891,7.6399,20.927,0.053,0.01,0.139475,125.766
12832,12892,7.6399,20.928,0.053,-0.02,0.131481,118.558
12833,12893,7.6399,20.927,0.053,-0.015,0.141266,127.382
12834,12894,7.6399,20.929,0.052,-0.008,0.11593,104.536
12835,12895,7.6399,20.927,0.052,0.011,0.115092,103.78
12836,12896,7.6399,20.927,0.052,0.008,0.0867265,78.2024
12837,12897,7.6399,20.926,0.052,0.011,0.11589,104.499
12838,12898,7.6399,20.926,0.052,0.007,0.0989264,89.2032
12839,12899,7.6399,20.927,0.052,0.007,0.12047,108.629
12840,12900,7.6399,20.928,0.053,-0.013,0.109657,98.8787
12841,12901,7.6399,20.927,0.053,-0.004,0.128123,115.53
12842,12902,7.6399,20.929,0.053,-0.022,0.118012,106.413
12843,12903,7.6399,20.928,0.053,-0.013,0.133392,120.281
12844,12904,7.6399,20.928,0.052,-0.023,0.122349,110.324
12845,12905,7.6399,20.928,0.052,-0.001,0.100219,90.3686
12846,12906,7.6399,20.928,0.053,0.002,0.102021,91.9934
12847,12907,7.6399,20.928,0.053,0.028,0.107228,96.6891
12848,12908,7.6499,20.928,0.052,0.005,0.113609,102.443
12849,12909,7.6499,20.927,0.053,0.023,0.128796,116.137
12850,12910,7.6499,20.927,0.053,0,0.116766,105.29
12851,12911,7.6499,20.927,0.053,0.011,0.129516,116.786
12852,12912,7.6499,20.927,0.053,-0.012,0.134557,121.332
12853,12913,7.6499,20.928,0.052,-0.013,0.136657,123.225
12854,12914,7.6499,20.93,0.052,-0.022,0.120839,108.962
12855,12915,7.6499,20.929,0.053,-0.005,0.111694,100.716
12856,12916,7.6499,20.928,0.053,0.015,0.100361,90.4969
12857,12917,7.6499,20.928,0.052,0.012,0.108766,98.0759
12858,12918,7.6599,20.928,0.052,0.007,0.106584,96.1085
12859,12919,7.6599,20.928,0.052,0.001,0.118084,106.478
12860,12920,7.6599,20.928,0.053,-0.007,0.103265,93.1152
12861,12921,7.6599,20.927,0.052,0,0.13702,123.553
12862,12922,7.6599,20.928,0.052,-0.019,0.14035,126.556
12863,12923,7.6599,20.929,0.052,-0.015,0.123153,111.049
12864,12924,7.6599,20.928,0.052,-0.016,0.120927,109.041
12865,12925,7.6599,20.928,0.052,0.002,0.121851,109.874
12866,12926,7.6599,20.927,0.052,0.005,0.103515,93.341
12867,12927,7.6599,20.928,0.053,0.015,0.117064,105.558
12868,12928,7.6599,20.928,0.052,0.012,0.112791,101.705
12869,12929,7.6599,20.927,0.053,0.014,0.119141,107.431
12870,12930,7.6599,20.927,0.052,-0.003,0.116958,105.463
12871,12931,7.6599,20.928,0.052,0.012,0.136254,122.862
12872,12932,7.6599,20.928,0.053,-0.018,0.122418,110.386
12873,12933,7.6599,20.928,0.053,-0.022,0.122354,110.328
12874,12934,7.6599,20.928,0.052,-0.009,0.117,105.5
12875,12935,7.67,20.928,0.052,-0.01,0.124549,112.307
12876,12936,7.67,20.929,0.053,-0.006,0.105135,94.8017
12877,12937,7.67,20.928,0.052,0.006,0.0842525,75.9716
12878,12938,7.67,20.929,0.053,0.001,0.0812208,73.2379
12879,12939,7.67,20.928,0.052,0.004,0.0972596,87.7002
12880,12940,7.67,20.928,0.053,-0.007,0.10626,95.8164
12881,12941,7.67,20.929,0.052,0,0.136309,122.912
12882,12942,7.67,20.928,0.052,-0.02,0.120154,108.345
12883,12943,7.67,20.928,0.053,-0.009,0.130674,117.83
12884,12944,7.67,20.929,0.052,-0.01,0.123715,111.555
12885,12945,7.67,20.929,0.052,-0.001,0.117172,105.656
12886,12946,7.67,20.928,0.053,-0.007,0.111244,100.311
12887,12947,7.6801,20.928,0.052,0.006,0.111943,100.941
12888,12948,7.6801,20.929,0.052,0.025,0.090501,81.606
12889,12949,7.6801,20.929,0.052,0.029,0.10611,95.6808
12890,12950,7.6801,20.929,0.052,0.013,0.108393,97.7392
12891,12951,7.6801,20.929,0.052,0.012,0.134117,120.935
12892,12952,7.6801,20.928,0.052,-0.017,0.120131,108.324
12893,12953,7.6801,20.928,0.052,-0.005,0.125255,112.945
12894,12954,7.6801,20.928,0.052,-0.017,0.115752,104.376
12895,12955,7.6801,20.929,0.053,-0.007,0.109399,98.6469
12896,12956,7.6801,20.928,0.052,-0.003,0.108324,97.6768
12897,12957,7.6801,20.928,0.052,0.006,0.115934,104.539
12898,12958,7.6801,20.928,0.052,0.006,0.101863,91.8517
12899,12959,7.6801,20.928,0.052,0.025,0.115601,104.239
12900,12960,7.6801,20.928,0.053,0.007,0.121369,109.44
12901,12961,7.6801,20.929,0.052,0,0.118031,106.43
12902,12962,7.6901,20.929,0.052,-0.017,0.12101,109.117
12903,12963,7.6901,20.928,0.052,-0.006,0.13017,117.376
12904,12964,7.6901,20.928,0.052,-0.013,0.137958,124.398
12905,12965,7.6901,20.929,0.052,-0.002,0.124142,111.94
12906,12966,7.6901,20.928,0.053,0.003,0.105218,94.8766
12907,12967,7.6901,20.929,0.052,0.003,0.108306,97.6607
12908,12968,7.6901,20.929,0.052,0,0.108984,98.2724
12909,12969,7.6901,20.928,0.052,0.014,0.121304,109.382
12910,12970,7.6901,20.928,0.052,0.001,0.123579,111.433
12911,12971,7.6901,20.928,0.052,-0.004,0.130947,118.077
12912,12972,7.6901,20.928,0.052,-0.01,0.120671,108.81
12913,12973,7.6901,20.93,0.051,-0.013,0.138235,124.648
12914,12974,7.7001,20.93,0.051,-0.017,0.1226,110.55
12915,12975,7.7001,20.929,0.051,-0.02,0.10945,98.6928
12916,12976,7.7001,20.928,0.051,-0.01,0.0973273,87.7613
12917,12977,7.7001,20.929,0.051,0.002,0.0876944,79.0752
12918,12978,7.7001,20.93,0.051,0.004,0.0979121,88.2886
12919,12979,7.7001,20.929,0.051,0.008,0.110463,99.6061
12920,12980,7.7001,20.928,0.052,-0.004,0.107078,96.5537
12921,12981,7.7001,20.928,0.051,-0.007,0.130572,117.738
12922,12982,7.7001,20.928,0.052,-0.017,0.111708,100.729
12923,12983,7.7001,20.929,0.052,-0.007,0.120987,109.096
12924,12984,7.7001,20.929,0.051,-0.019,0.130495,117.669
12925,12985,7.7001,20.928,0.052,-0.008,0.126826,114.36
12926,12986,7.7001,20.929,0.052,0.006,0.11783,106.249
12927,12987,7.7001,20.928,0.052,0.013,0.106352,95.8991
12928,12988,7.7001,20.929,0.052,0.021,0.0977241,88.1191
12929,12989,7.7001,20.929,0.053,0.016,0.0878452,79.2112
12930,12990,7.7001,20.928,0.053,0.007,0.109418,98.6634
12931,12991,7.7001,20.928,0.052,0.003,0.124228,112.018
12932,12992,7.71,20.929,0.052,-0.017,0.118068,106.463
12933,12993,7.71,20.929,0.052,-0.001,0.120886,109.005
12934,12994,7.71,20.929,0.052,-0.009,0.133147,120.06
12935,12995,7.71,20.929,0.052,-0.017,0.126812,114.348
12936,12996,7.71,20.929,0.052,-0.014,0.117939,106.347
12937,12997,7.71,20.929,0.051,-0.008,0.0957772,86.3636
12938,12998,7.71,20.929,0.051,0.001,0.107333,96.7832
12939,12999,7.71,20.93,0.051,0.011,0.0978877,88.2666
12940,13000,7.71,20.93,0.052,0.014,0.106087,95.6604
12941,13001,7.71,20.931,0.052,0.002,0.108349,97.6993
12942,13002,7.71,20.929,0.052,-0.01,0.121016,109.121
12943,13003,7.71,20.929,0.052,-0.006,0.128085,115.496
12944,13004,7.71,20.929,0.052,-0.005,0.128615,115.974
12945,13005,7.72,20.928,0.052,-0.013,0.125786,113.423
12946,13006,7.72,20.927,0.052,-0.009,0.126414,113.989
12947,13007,7.72,20.928,0.052,-0.01,0.110359,99.5124
12948,13008,7.72,20.93,0.053,0.016,0.123823,111.653
12949,13009,7.72,20.929,0.052,0.003,0.106496,96.029
12950,13010,7.72,20.929,0.052,0.017,0.106245,95.8024
12951,13011,7.72,20.928,0.051,0.001,0.114536,103.278
12952,13012,7.72,20.93,0.052,0.004,0.130742,117.892
12953,13013,7.72,20.929,0.052,-0.002,0.118232,106.612
12954,13014,7.72,20.928,0.052,-0.009,0.11586,104.473
12955,13015,7.72,20.928,0.052,-0.015,0.0940831,84.836
12956,13016,7.72,20.929,0.052,-0.014,0.0916906,82.6787
12957,13017,7.72,20.929,0.052,-0.009,0.0886419,79.9296
12958,13018,7.72,20.928,0.051,0.001,0.0968129,87.2975
12959,13019,7.72,20.929,0.051,-0.004,0.0956733,86.2699
12960,13020,7.72,20.928,0.051,0.006,0.0921434,83.0869
12961,13021,7.72,20.929,0.051,0.006,0.114501,103.248
12962,13022,7.72,20.929,0.052,-0.007,0.123481,111.344
12963,13023,7.72,20.93,0.052,-0.02,0.118506,106.858
12964,13024,7.73,20.929,0.053,-0.007,0.139032,125.367
12965,13025,7.73,20.929,0.052,-0.005,0.112313,101.275
12966,13026,7.73,20.929,0.052,0.011,0.116791,105.312
12967,13027,7.73,20.93,0.052,0.019,0.114738,103.461
12968,13028,7.73,20.929,0.051,0.026,0.113645,102.475
12969,13029,7.73,20.928,0.052,0.015,0.0952169,85.8584
12970,13030,7.73,20.929,0.052,0.02,0.0989844,89.2556
12971,13031,7.73,20.928,0.051,0.013,0.116231,104.807
12972,13032,7.73,20.93,0.052,-0.007,0.118532,106.882
12973,13033,7.73,20.93,0.052,-0.011,0.117156,105.641
12974,13034,7.73,20.929,0.051,-0.011,0.130861,117.999
12975,13035,7.73,20.93,0.051,-0.025,0.120623,108.767
12976,13036,7.73,20.929,0.052,0.001,0.11765,106.087
12977,13037,7.73,20.929,0.051,-0.011,0.0884795,79.7831
12978,13038,7.73,20.93,0.051,0.001,0.103208,93.0639
12979,13039,7.73,20.928,0.051,-0.002,0.0985754,88.8868
12980,13040,7.74,20.929,0.051,0.017,0.0922857,83.2153
12981,13041,7.74,20.929,0.051,0.013,0.109129,98.4032
12982,13042,7.74,20.929,0.051,0.002,0.126716,114.262
12983,13043,7.74,20.928,0.052,-0.006,0.119988,108.195
12984,13044,7.74,20.929,0.052,-0.005,0.130814,117.957
12985,13045,7.74,20.929,0.052,-0.013,0.109206,98.4725
12986,13046,7.74,20.928,0.052,-0.003,0.138702,125.069
12987,13047,7.74,20.928,0.051,-0.007,0.103931,93.7157
12988,13048,7.74,20.929,0.051,0.019,0.107135,96.6055
12989,13049,7.74,20.93,0.051,0.009,0.1101,99.2786
12990,13050,7.74,20.929,0.052,0.013,0.106671,96.1867
12991,13051,7.74,20.929,0.051,0.016,0.104915,94.6035
12992,13052,7.74,20.929,0.052,0.003,0.12012,108.314
12993,13053,7.75,20.929,0.051,-0.02,0.128039,115.454
12994,13054,7.75,20.93,0.052,-0.006,0.127788,115.228
12995,13055,7.75,20.929,0.051,-0.017,0.114156,102.936
12996,13056,7.75,20.929,0.051,0,0.121406,109.474
12997,13057,7.75,20.93,0.052,-0.024,0.10615,95.7168
12998,13058,7.75,20.929,0.051,0.007,0.121034,109.138
12999,13059,7.75,20.929,0.051,0.007,0.0839101,75.6628
13000,13060,7.75,20.929,0.051,0.003,0.0920582,83.0101
13001,13061,7.75,20.929,0.051,0.008,0.0950051,85.6673
13002,13062,7.75,20.928,0.052,0.002,0.125557,113.216
13003,13063,7.75,20.93,0.052,-0.009,0.123105,111.006
13004,13064,7.75,20.929,0.052,-0.01,0.131327,118.419
13005,13065,7.75,20.928,0.052,-0.01,0.123593,111.446
13006,13066,7.75,20.928,0.052,-0.002,0.115862,104.475
13007,13067,7.75,20.929,0.052,-0.009,0.103591,93.409
13008,13068,7.75,20.929,0.052,0.006,0.105176,94.8389
13009,13069,7.75,20.929,0.051,-0.003,0.0982728,88.6139
13010,13070,7.76,20.928,0.052,0.021,0.0992852,89.5268
13011,13071,7.76,20.93,0.052,0.014,0.104924,94.6115
13012,13072,7.76,20.93,0.052,0.009,0.124124,111.925
13013,13073,7.76,20.93,0.052,-0.012,0.130182,117.386
13014,13074,7.76,20.929,0.052,-0.015,0.127411,114.888
13015,13075,7.76,20.93,0.052,-0.02,0.121177,109.267
13016,13076,7.76,20.93,0.051,-0.01,0.134991,121.723
13017,13077,7.76,20.928,0.052,-0.004,0.10742,96.862
13018,13078,7.76,20.929,0.051,0.007,0.12078,108.909
13019,13079,7.77,20.929,0.051,0.002,0.104047,93.8205
13020,13080,7.77,20.93,0.051,0.014,0.096179,86.7258
13021,13081,7.77,20.929,0.052,0.013,0.0965403,87.0517
13022,13082,7.77,20.929,0.052,0.007,0.1046,94.3196
13023,13083,7.77,20.929,0.052,-0.011,0.11473,103.453
13024,13084,7.77,20.929,0.052,-0.012,0.12478,112.516
13025,13085,7.77,20.928,0.052,-0.017,0.13301,119.937
13026,13086,7.77,20.929,0.052,-0.014,0.133677,120.538
13027,13087,7.77,20.93,0.052,-0.021,0.120715,108.851
13028,13088,7.77,20.929,0.051,0.005,0.120945,109.058
13029,13089,7.77,20.929,0.051,-0.002,0.0907914,81.8678
13030,13090,7.77,20.928,0.051,0.008,0.0856238,77.2081
13031,13091,7.77,20.929,0.051,0.012,0.101623,91.6346
13032,13092,7.77,20.93,0.051,0.011,0.103209,93.0648
13033,13093,7.77,20.93,0.052,0,0.114903,103.609
13034,13094,7.77,20.93,0.052,-0.001,0.123343,111.22
13035,13095,7.77,20.929,0.051,-0.014,0.122833,110.76
13036,13096,7.77,20.929,0.051,-0.018,0.126998,114.516
13037,13097,7.77,20.929,0.051,-0.022,0.109062,98.3429
13038,13098,7.77,20.929,0.051,-0.007,0.112754,101.672
13039,13099,7.7801,20.929,0.052,-0.002,0.106185,95.7488
13040,13100,7.7801,20.928,0.052,0.018,0.115315,103.981
13041,13101,7.7801,20.929,0.052,0.023,0.0980331,88.3977
13042,13102,7.7801,20.929,0.052,0.014,0.101032,91.1023
13043,13103,7.7801,20.928,0.052,0.009,0.110206,99.3744
13044,13104,7.7801,20.929,0.052,-0.007,0.125764,113.403
13045,13105,7.7801,20.93,0.052,-0.013,0.125998,113.614
13046,13106,7.7801,20.93,0.052,-0.01,0.13992,126.168
13047,13107,7.7801,20.929,0.052,-0.008,0.127666,115.118
13048,13108,7.7801,20.928,0.052,0.001,0.120606,108.752
13049,13109,7.7801,20.929,0.052,0.002,0.0911535,82.1943
13050,13110,7.7801,20.928,0.052,0.01,0.100038,90.2059
13051,13111,7.7901,20.928,0.051,0.001,0.101077,91.1425
13052,13112,7.7901,20.928,0.052,0.014,0.0995758,89.7888
13053,13113,7.7901,20.929,0.052,0.009,0.11388,102.687
13054,13114,7.7901,20.929,0.052,0.001,0.109081,98.3596
13055,13115,7.7901,20.929,0.052,-0.017,0.128477,115.85
13056,13116,7.7901,20.93,0.052,-0.015,0.13898,125.32
13057,13117,7.7901,20.929,0.052,-0.021,0.115612,104.249
13058,13118,7.7901,20.928,0.052,-0.009,0.123416,111.286
13059,13119,7.7901,20.928,0.051,-0.005,0.110338,99.4936
13060,13120,7.7901,20.928,0.051,0.02,0.101499,91.5231
13061,13121,7.7901,20.929,0.051,0.017,0.106168,95.7333
13062,13122,7.7901,20.928,0.051,0.012,0.112363,101.32
13063,13123,7.7901,20.929,0.052,0.011,0.13022,117.421
13064,13124,7.8001,20.929,0.052,-0.002,0.120202,108.388
13065,13125,7.8001,20.929,0.052,-0.002,0.129151,116.457
13066,13126,7.8001,20.93,0.051,-0.012,0.121985,109.995
13067,13127,7.8001,20.928,0.052,-0.02,0.115763,104.385
13068,13128,7.8001,20.928,0.052,-0.004,0.112914,101.816
13069,13129,7.8001,20.929,0.051,-0.006,0.100046,90.2124
13070,13130,7.8001,20.928,0.052,0.007,0.106957,96.445
13071,13131,7.8001,20.928,0.052,0.015,0.106191,95.7539
13072,13132,7.8001,20.928,0.051,0.005,0.113683,102.51
13073,13133,7.8001,20.929,0.052,0.003,0.114546,103.287
13074,13134,7.8001,20.928,0.052,-0.012,0.109201,98.4683
13075,13135,7.81,20.928,0.052,-0.008,0.105874,95.468
13076,13136,7.81,20.929,0.052,-0.022,0.129417,116.698
13077,13137,7.81,20.93,0.052,-0.01,0.125343,113.023
13078,13138,7.81,20.929,0.052,-0.003,0.108591,97.9179
13079,13139,7.81,20.929,0.052,0.004,0.0895046,80.7075
13080,13140,7.81,20.928,0.051,0.016,0.0919525,82.9148
13081,13141,7.81,20.928,0.052,0.005,0.0948825,85.5568
13082,13142,7.81,20.929,0.051,0.006,0.0928603,83.7334
13083,13143,7.81,20.929,0.052,0.002,0.118332,106.702
13084,13144,7.81,20.928,0.052,0.007,0.120362,108.532
13085,13145,7.81,20.927,0.052,0.002,0.135177,121.891
13086,13146,7.81,20.929,0.052,0.005,0.144222,130.047
13087,13147,7.81,20.929,0.051,-0.016,0.108762,98.0718
13088,13148,7.81,20.929,0.052,-0.011,0.115418,104.074
13089,13149,7.81,20.929,0.051,0.003,0.112859,101.767
13090,13150,7.81,20.929,0.051,0.016,0.0921127,83.0592
13091,13151,7.81,20.93,0.052,0.014,0.115071,103.761
13092,13152,7.81,20.93,0.052,0.01,0.0973657,87.7959
13093,13153,7.81,20.93,0.052,0.018,0.117299,105.77
13094,13154,7.81,20.929,0.052,-0.004,0.11785,106.267
13095,13155,7.81,20.929,0.052,-0.005,0.120287,108.464
13096,13156,7.82,20.928,0.052,-0.015,0.110982,100.074
13097,13157,7.82,20.928,0.052,-0.02,0.115973,104.574
13098,13158,7.82,20.927,0.052,0.003,0.122817,110.746
13099,13159,7.82,20.929,0.052,0.002,0.116376,104.937
13100,13160,7.82,20.928,0.053,0.008,0.10776,97.1688
13101,13161,7.82,20.927,0.053,0.022,0.0933738,84.1964
13102,13162,7.82,20.928,0.053,0.005,0.105478,95.1111
13103,13163,7.82,20.927,0.053,0.016,0.126795,114.333
13104,13164,7.82,20.928,0.053,-0.002,0.12928,116.574
13105,13165,7.82,20.928,0.052,-0.001,0.139816,126.074
13106,13166,7.82,20.928,0.053,-0.007,0.139776,126.038
13107,13167,7.82,20.929,0.053,-0.004,0.139358,125.661
13108,13168,7.82,20.93,0.053,-0.002,0.114684,103.412
13109,13169,7.82,20.928,0.052,-0.002,0.118624,106.965
13110,13170,7.82,20.927,0.052,0.005,0.11046,99.6034
13111,13171,7.82,20.927,0.053,0.01,0.111826,100.835
13112,13172,7.83,20.928,0.053,0.015,0.0945503,85.2573
13113,13173,7.83,20.929,0.052,0.01,0.11876,107.088
13114,13174,7.83,20.928,0.052,-0.007,0.121593,109.642
13115,13175,7.83,20.927,0.053,-0.011,0.132473,119.453
13116,13176,7.83,20.928,0.053,-0.026,0.114367,103.127
13117,13177,7.83,20.929,0.052,-0.022,0.123724,111.564
13118,13178,7.83,20.928,0.052,-0.021,0.128135,115.541
13119,13179,7.83,20.928,0.052,0.001,0.125794,113.43
13120,13180,7.83,20.928,0.052,-0.004,0.107331,96.7821
13121,13181,7.83,20.928,0.052,0.005,0.107819,97.2219
13122,13182,7.83,20.928,0.053,0.004,0.0985959,88.9052
13123,13183,7.83,20.928,0.052,0.016,0.115047,103.74
13124,13184,7.84,20.929,0.052,-0.002,0.126864,114.395
13125,13185,7.84,20.928,0.053,-0.008,0.141741,127.81
13126,13186,7.84,20.929,0.053,-0.015,0.122463,110.427
13127,13187,7.84,20.928,0.052,-0.004,0.13603,122.66
13128,13188,7.84,20.929,0.053,-0.011,0.124229,112.019
13129,13189,7.84,20.929,0.053,-0.012,0.115236,103.91
13130,13190,7.84,20.928,0.053,-0.006,0.111803,100.814
13131,13191,7.84,20.927,0.052,0.008,0.11999,108.197
13132,13192,7.84,20.928,0.053,0.007,0.0966035,87.1087
13133,13193,7.84,20.928,0.053,0.015,0.110107,99.2851
13134,13194,7.84,20.928,0.052,0,0.101788,91.7836
13135,13195,7.84,20.928,0.052,-0.008,0.133895,120.735
13136,13196,7.84,20.928,0.052,-0.023,0.117004,105.504
13137,13197,7.84,20.928,0.052,-0.006,0.137497,123.983
13138,13198,7.84,20.928,0.053,-0.014,0.128709,116.058
13139,13199,7.84,20.927,0.052,-0.006,0.123113,111.013
13140,13200,7.84,20.928,0.052,-0.002,0.139004,125.341
13141,13201,7.84,20.929,0.051,0.005,0.11911,107.403
13142,13202,7.85,20.928,0.051,-0.001,0.11246,101.407
13143,13203,7.85,20.928,0.052,0.015,0.121677,109.718
13144,13204,7.85,20.929,0.053,0.002,0.125103,112.807
13145,13205,7.85,20.929,0.053,0.011,0.143365,129.274
13146,13206,7.85,20.928,0.053,-0.012,0.133255,120.158
13147,13207,7.85,20.927,0.052,0,0.154205,139.048
13148,13208,7.85,20.928,0.053,-0.015,0.13902,125.356
13149,13209,7.85,20.927,0.052,-0.009,0.135767,122.422
13150,13210,7.85,20.927,0.053,-0.002,0.123186,111.078
13151,13211,7.85,20.927,0.053,-0.011,0.0989528,89.2271
13152,13212,7.85,20.926,0.053,0.004,0.0867993,78.2681
13153,13213,7.85,20.927,0.052,0.008,0.101659,91.667
13154,13214,7.86,20.927,0.052,-0.001,0.0994657,89.6896
13155,13215,7.86,20.927,0.052,-0.003,0.113706,102.53
13156,13216,7.86,20.927,0.052,-0.021,0.129049,116.365
13157,13217,7.86,20.927,0.052,-0.011,0.138666,125.037
13158,13218,7.86,20.927,0.052,-0.026,0.130033,117.252
13159,13219,7.86,20.926,0.053,-0.016,0.123061,110.966
13160,13220,7.86,20.927,0.053,-0.008,0.114646,103.378
13161,13221,7.86,20.926,0.053,0.004,0.111032,100.119
13162,13222,7.86,20.926,0.053,0.024,0.102167,92.1255
13163,13223,7.86,20.926,0.052,0.032,0.118974,107.28
13164,13224,7.86,20.927,0.053,0.023,0.121077,109.176
13165,13225,7.86,20.926,0.053,0.019,0.122409,110.378
13166,13226,7.86,20.927,0.053,0.006,0.124942,112.662
13167,13227,7.87,20.927,0.052,-0.002,0.152201,137.241
13168,13228,7.87,20.926,0.052,-0.014,0.143472,129.371
13169,13229,7.87,20.927,0.052,-0.007,0.135139,121.856
13170,13230,7.87,20.927,0.052,0,0.124301,112.084
13171,13231,7.87,20.926,0.052,0.009,0.128017,115.434
13172,13232,7.87,20.926,0.053,0.009,0.113002,101.895
13173,13233,7.87,20.927,0.051,0.008,0.11749,105.942
13174,13234,7.87,20.929,0.051,0.005,0.100035,90.2027
13175,13235,7.87,20.927,0.052,0.003,0.124033,111.842
13176,13236,7.87,20.927,0.052,0,0.136063,122.689
13177,13237,7.87,20.927,0.052,-0.003,0.139184,125.504
13178,13238,7.87,20.927,0.053,-0.023,0.135662,122.328
13179,13239,7.87,20.926,0.052,-0.017,0.137973,124.412
13180,13240,7.87,20.926,0.052,-0.008,0.120976,109.085
13181,13241,7.87,20.926,0.052,-0.002,0.110158,99.3305
13182,13242,7.87,20.927,0.052,-0.007,0.108554,97.8842
13183,13243,7.87,20.927,0.052,0.004,0.114553,103.294
13184,13244,7.87,20.928,0.053,0.003,0.11809,106.483
13185,13245,7.88,20.927,0.052,0.013,0.126782,114.321
13186,13246,7.88,20.928,0.052,-0.006,0.137649,124.12
13187,13247,7.88,20.928,0.052,-0.012,0.129518,116.788
13188,13248,7.88,20.927,0.053,-0.01,0.135372,122.067
13189,13249,7.88,20.926,0.052,-0.008,0.117342,105.809
13190,13250,7.88,20.926,0.052,-0.013,0.113135,102.015
13191,13251,7.88,20.926,0.052,-0.005,0.109575,98.8049
13192,13252,7.88,20.928,0.051,0.01,0.101652,91.6609
13193,13253,7.88,20.927,0.052,0.015,0.105339,94.9851
13194,13254,7.88,20.927,0.052,0.006,0.120418,108.583
13195,13255,7.88,20.927,0.052,0.005,0.123367,111.242
13196,13256,7.88,20.927,0.052,-0.012,0.132815,119.761
13197,13257,7.89,20.928,0.053,-0.013,0.134495,121.276
13198,13258,7.89,20.927,0.052,-0.01,0.141193,127.315
13199,13259,7.89,20.927,0.052,-0.013,0.12844,115.816
13200,13260,7.89,20.927,0.053,-0.001,0.125317,113
13201,13261,7.89,20.928,0.052,0.007,0.120038,108.239
13202,13262,7.89,20.927,0.052,0.005,0.115507,104.155
13203,13263,7.89,20.928,0.052,0.01,0.120479,108.638
13204,13264,7.89,20.929,0.052,0.015,0.116639,105.175
13205,13265,7.89,20.927,0.052,0.006,0.130881,118.017
13206,13266,7.89,20.926,0.053,-0.001,0.126076,113.684
13207,13267,7.89,20.927,0.052,-0.01,0.134895,121.636
13208,13268,7.89,20.927,0.052,-0.011,0.128386,115.768
13209,13269,7.89,20.927,0.052,-0.013,0.1126,101.533
13210,13270,7.89,20.926,0.052,-0.009,0.118624,106.965
13211,13271,7.9001,20.927,0.053,-0.005,0.114883,103.591
13212,13272,7.9001,20.927,0.052,-0.001,0.10907,98.3501
13213,13273,7.9001,20.927,0.052,0.011,0.108654,97.9749
13214,13274,7.9001,20.926,0.052,0.002,0.112347,101.305
13215,13275,7.9001,20.927,0.052,0.008,0.129072,116.386
13216,13276,7.9001,20.926,0.052,-0.006,0.134437,121.224
13217,13277,7.9001,20.927,0.053,-0.01,0.137569,124.047
13218,13278,7.9001,20.928,0.052,-0.012,0.152322,137.351
13219,13279,7.9001,20.927,0.053,-0.011,0.142549,128.538
13220,13280,7.9001,20.928,0.053,0.002,0.130892,118.027
13221,13281,7.9001,20.928,0.053,0.003,0.124604,112.357
13222,13282,7.9001,20.927,0.052,0.004,0.12757,115.031
13223,13283,7.9001,20.927,0.052,0.007,0.122625,110.572
13224,13284,7.9001,20.928,0.053,0.014,0.118936,107.246
13225,13285,7.9001,20.927,0.053,0.008,0.108845,98.1466
13226,13286,7.9001,20.927,0.053,-0.008,0.125606,113.26
13227,13287,7.9001,20.927,0.053,-0.012,0.131825,118.869
13228,13288,7.9001,20.927,0.052,-0.016,0.140878,127.032
13229,13289,7.9001,20.927,0.053,-0.025,0.120986,109.094
13230,13290,7.9099,20.927,0.053,-0.021,0.120568,108.718
13231,13291,7.9099,20.927,0.053,-0.01,0.125372,113.05
13232,13292,7.9099,20.927,0.052,-0.004,0.121271,109.351
13233,13293,7.9099,20.927,0.052,-0.003,0.110809,99.9175
13234,13294,7.9099,20.926,0.052,0.008,0.116406,104.965
13235,13295,7.9099,20.925,0.053,0.005,0.120327,108.5
13236,13296,7.9099,20.927,0.053,0.01,0.11401,102.805
13237,13297,7.9099,20.927,0.052,-0.004,0.128188,115.588
13238,13298,7.9099,20.927,0.053,-0.007,0.129833,117.072
13239,13299,7.9099,20.927,0.053,-0.017,0.13077,117.917
13240,13300,7.9099,20.927,0.053,0,0.147011,132.562
13241,13301,7.9099,20.927,0.053,-0.005,0.140376,126.579
13242,13302,7.9099,20.928,0.053,-0.004,0.145612,131.3
13243,13303,7.9099,20.927,0.052,0,0.116929,105.437
13244,13304,7.9099,20.927,0.051,0.009,0.115035,103.729
13245,13305,7.9099,20.927,0.052,0.006,0.105903,95.4939
13246,13306,7.92,20.927,0.053,0.002,0.111797,100.809
13247,13307,7.92,20.927,0.052,0.003,0.118724,107.055
13248,13308,7.92,20.927,0.053,-0.009,0.146687,132.27
13249,13309,7.92,20.927,0.053,-0.01,0.134691,121.453
13250,13310,7.92,20.927,0.052,-0.012,0.114823,103.537
13251,13311,7.92,20.928,0.053,-0.022,0.116908,105.418
13252,13312,7.92,20.927,0.052,-0.018,0.125868,113.497
13253,13313,7.92,20.927,0.052,-0.017,0.108696,98.0127
13254,13314,7.92,20.926,0.053,0.005,0.111731,100.749
13255,13315,7.92,20.927,0.053,0.001,0.104906,94.595
13256,13316,7.92,20.928,0.052,0.005,0.119498,107.752
13257,13317,7.92,20.929,0.053,0.002,0.130423,117.604
13258,13318,7.92,20.928,0.052,-0.003,0.146926,132.485
13259,13319,7.93,20.928,0.052,-0.018,0.132,119.026
13260,13320,7.93,20.926,0.053,-0.003,0.155723,140.418
13261,13321,7.93,20.925,0.053,0.005,0.129248,116.544
13262,13322,7.93,20.927,0.053,0.005,0.12973,116.979
13263,13323,7.93,20.927,0.053,-0.001,0.104874,94.5662
13264,13324,7.93,20.926,0.052,0.015,0.102062,92.0307
13265,13325,7.93,20.926,0.053,0.011,0.113784,102.6
13266,13326,7.93,20.927,0.053,0.015,0.120955,109.067
13267,13327,7.93,20.927,0.053,0.001,0.125516,113.179
13268,13328,7.93,20.927,0.053,-0.01,0.134835,121.583
13269,13329,7.93,20.927,0.053,-0.024,0.135844,122.492
13270,13330,7.93,20.927,0.052,-0.011,0.13353,120.406
13271,13331,7.93,20.927,0.052,-0.028,0.115974,104.575
13272,13332,7.94,20.926,0.053,-0.007,0.125836,113.468
13273,13333,7.94,20.927,0.053,-0.007,0.118218,106.598
13274,13334,7.94,20.927,0.053,0.016,0.12565,113.3
13275,13335,7.94,20.927,0.053,0.016,0.122959,110.874
13276,13336,7.94,20.927,0.053,0.009,0.108269,97.6279
13277,13337,7.94,20.926,0.054,0.011,0.123563,111.418
13278,13338,7.94,20.925,0.054,0.001,0.130215,117.417
13279,13339,7.94,20.926,0.053,-0.014,0.146281,131.903
13280,13340,7.94,20.927,0.053,-0.008,0.155839,140.523
13281,13341,7.94,20.925,0.054,-0.008,0.137137,123.658
13282,13342,7.94,20.926,0.054,0.009,0.143234,129.156
13283,13343,7.94,20.926,0.054,-0.003,0.119515,107.768
13284,13344,7.94,20.927,0.053,0.002,0.116946,105.452
13285,13345,7.94,20.927,0.053,0.005,0.104137,93.9016
13286,13346,7.94,20.925,0.053,0.006,0.113966,102.765
13287,13347,7.95,20.925,0.052,0.016,0.125237,112.928
13288,13348,7.95,20.926,0.052,0.003,0.132251,119.253
13289,13349,7.95,20.926,0.052,-0.002,0.116345,104.91
13290,13350,7.95,20.926,0.053,-0.017,0.142116,128.148
13291,13351,7.95,20.926,0.053,-0.028,0.127647,115.101
13292,13352,7.95,20.926,0.052,-0.017,0.120681,108.82
13293,13353,7.95,20.927,0.052,-0.015,0.0989501,89.2246
13294,13354,7.95,20.926,0.052,0.008,0.110709,99.8274
13295,13355,7.95,20.926,0.053,0.002,0.108339,97.6908
13296,13356,7.95,20.927,0.053,0.011,0.115999,104.598
13297,13357,7.95,20.928,0.053,0.01,0.122857,110.782
13298,13358,7.95,20.926,0.052,-0.004,0.139277,125.588
13299,13359,7.96,20.927,0.053,-0.011,0.134595,121.366
13300,13360,7.96,20.927,0.053,0.005,0.151187,136.327
13301,13361,7.96,20.927,0.053,-0.014,0.139832,126.089
13302,13362,7.96,20.926,0.052,-0.001,0.13478,121.533
13303,13363,7.96,20.926,0.052,-0.004,0.113474,102.321
13304,13364,7.96,20.928,0.052,0.017,0.13837,124.77
13305,13365,7.96,20.928,0.052,0.01,0.104189,93.9483
13306,13366,7.96,20.927,0.052,0.013,0.115335,103.999
13307,13367,7.96,20.927,0.052,0.006,0.117434,105.891
13308,13368,7.96,20.927,0.052,-0.006,0.136008,122.641
13309,13369,7.96,20.928,0.052,-0.019,0.119349,107.619
13310,13370,7.96,20.927,0.052,-0.012,0.139564,125.847
13311,13371,7.96,20.927,0.052,-0.03,0.123262,111.147
13312,13372,7.97,20.927,0.052,-0.013,0.128325,115.712
13313,13373,7.97,20.926,0.052,-0.013,0.0941179,84.8673
13314,13374,7.97,20.927,0.053,0.012,0.100285,90.428
13315,13375,7.97,20.926,0.052,-0.012,0.0980784,88.4386
13316,13376,7.97,20.926,0.052,0.017,0.114954,103.655
13317,13377,7.97,20.927,0.052,0.012,0.115989,104.589
13318,13378,7.97,20.926,0.052,0.007,0.124472,112.238
13319,13379,7.97,20.926,0.052,-0.007,0.130268,117.465
13320,13380,7.97,20.926,0.052,-0.003,0.146499,132.1
13321,13381,7.97,20.928,0.052,-0.021,0.128049,115.463
13322,13382,7.97,20.928,0.052,-0.001,0.129719,116.969
13323,13383,7.97,20.927,0.053,-0.004,0.110853,99.9579
13324,13384,7.97,20.927,0.052,0.019,0.108198,97.5635
13325,13385,7.97,20.928,0.053,0.015,0.10087,90.9561
13326,13386,7.97,20.928,0.052,0.02,0.0984621,88.7846
13327,13387,7.97,20.927,0.052,0.007,0.10656,96.0867
13328,13388,7.97,20.927,0.052,0.01,0.112109,101.09
13329,13389,7.97,20.926,0.052,-0.002,0.129767,117.013
13330,13390,7.98,20.927,0.052,-0.008,0.143994,129.841
13331,13391,7.98,20.927,0.052,-0.022,0.139584,125.865
13332,13392,7.98,20.927,0.052,-0.006,0.131678,118.736
13333,13393,7.98,20.927,0.052,-0.007,0.103141,93.0038
13334,13394,7.98,20.927,0.053,0.009,0.103808,93.6054
13335,13395,7.98,20.927,0.052,0.012,0.0968115,87.2962
13336,13396,7.98,20.927,0.052,0.015,0.116512,105.06
13337,13397,7.98,20.928,0.053,0.018,0.112453,101.4
13338,13398,7.98,20.928,0.053,0.003,0.128327,115.714
13339,13399,7.98,20.929,0.054,0.004,0.126627,114.181
13340,13400,7.98,20.928,0.053,-0.01,0.13548,122.164
13341,13401,7.98,20.927,0.052,-0.023,0.127536,115.001
13342,13402,7.98,20.927,0.052,-0.018,0.142704,128.678
13343,13403,7.98,20.927,0.053,-0.012,0.130693,117.848
13344,13404,7.98,20.928,0.052,0.012,0.112994,101.888
13345,13405,7.98,20.928,0.053,0.013,0.115243,103.916
13346,13406,7.99,20.928,0.053,0.017,0.122204,110.193
13347,13407,7.99,20.928,0.052,0.009,0.0967224,87.2159
13348,13408,7.99,20.926,0.052,0.009,0.101746,91.746
13349,13409,7.99,20.927,0.052,-0.005,0.127064,114.575
13350,13410,7.99,20.927,0.052,-0.015,0.131744,118.795
13351,13411,7.99,20.929,0.053,-0.017,0.125931,113.553
13352,13412,7.99,20.928,0.053,-0.007,0.13455,121.326
13353,13413,7.99,20.927,0.053,-0.013,0.124236,112.025
13354,13414,7.99,20.926,0.052,-0.004,0.112593,101.526
13355,13415,7.99,20.926,0.053,0.004,0.121054,109.156
13356,13416,7.99,20.928,0.053,0.004,0.104049,93.8225
13357,13417,7.99,20.927,0.052,0,0.118445,106.803
13358,13418,7.99,20.927,0.052,0.023,0.123407,111.278
13359,13419,7.99,20.927,0.052,0.014,0.113459,102.307
13360,13420,8,20.928,0.052,-0.009,0.128763,116.107
13361,13421,8,20.928,0.052,-0.014,0.138092,124.519
13362,13422,8,20.928,0.052,-0.009,0.137102,123.627
13363,13423,8,20.928,0.053,-0.013,0.120152,108.343
13364,13424,8,20.927,0.053,-0.004,0.122725,110.663
13365,13425,8,20.927,0.052,0.003,0.121224,109.309
13366,13426,8,20.928,0.052,0,0.0973729,87.8024
13367,13427,8,20.927,0.052,0.01,0.110076,99.2567
13368,13428,8,20.928,0.052,-0.001,0.110004,99.192
13369,13429,8,20.928,0.052,-0.003,0.119028,107.33
13370,13430,8,20.927,0.052,-0.001,0.135477,122.162
13371,13431,8,20.929,0.053,-0.013,0.128094,115.504
13372,13432,8,20.928,0.052,-0.021,0.123941,111.76
13373,13433,8,20.928,0.052,-0.016,0.119149,107.438
13374,13434,8.0099,20.927,0.052,-0.002,0.116491,105.041
13375,13435,8.0099,20.928,0.052,-0.003,0.105645,95.2612
13376,13436,8.0099,20.928,0.052,0,0.105613,95.2328
13377,13437,8.0099,20.927,0.052,0.018,0.103404,93.2407
13378,13438,8.0099,20.928,0.052,0.005,0.108501,97.8366
13379,13439,8.0099,20.928,0.053,0.012,0.14179,127.854
13380,13440,8.0099,20.927,0.053,-0.002,0.124099,111.902
13381,13441,8.0099,20.928,0.053,-0.019,0.133807,120.655
13382,13442,8.0099,20.928,0.053,-0.017,0.136208,122.82
13383,13443,8.0199,20.929,0.052,-0.012,0.135671,122.336
13384,13444,8.0199,20.929,0.052,-0.006,0.122255,110.239
13385,13445,8.0199,20.928,0.052,0.001,0.127743,115.187
13386,13446,8.0199,20.928,0.052,0.01,0.0972104,87.6559
13387,13447,8.0199,20.928,0.052,0.01,0.105637,95.2545
13388,13448,8.0199,20.928,0.052,0.017,0.0981481,88.5014
13389,13449,8.0199,20.927,0.052,0.011,0.125688,113.335
13390,13450,8.0199,20.927,0.053,-0.018,0.119367,107.635
13391,13451,8.0199,20.927,0.052,-0.004,0.117304,105.774
13392,13452,8.0199,20.927,0.052,-0.014,0.129551,116.818
13393,13453,8.0199,20.928,0.052,-0.017,0.128051,115.465
13394,13454,8.0199,20.928,0.052,-0.015,0.11896,107.268
13395,13455,8.0199,20.927,0.052,0.001,0.119827,108.049
13396,13456,8.0199,20.927,0.052,-0.008,0.0991657,89.419
13397,13457,8.0199,20.928,0.052,0.012,0.111445,100.491
13398,13458,8.0299,20.929,0.052,0.016,0.120694,108.831
13399,13459,8.0299,20.927,0.053,0.018,0.145239,130.964
13400,13460,8.0299,20.928,0.054,-0.014,0.143406,129.311
13401,13461,8.0299,20.929,0.054,0.001,0.15793,142.408
13402,13462,8.0299,20.927,0.054,0.002,0.142961,128.91
13403,13463,8.0299,20.927,0.054,-0.011,0.150626,135.821
13404,13464,8.0299,20.927,0.054,-0.008,0.129686,116.939
13405,13465,8.0299,20.927,0.054,0,0.144312,130.128
13406,13466,8.0299,20.927,0.055,0.003,0.12742,114.896
13407,13467,8.0299,20.926,0.056,0.019,0.134882,121.624
13408,13468,8.0299,20.927,0.056,0.009,0.118519,106.87
13409,13469,8.0299,20.926,0.056,0.004,0.130921,118.053
13410,13470,8.0299,20.925,0.057,-0.013,0.126551,114.113
13411,13471,8.0299,20.924,0.056,-0.008,0.145527,131.224
13412,13472,8.0299,20.923,0.057,-0.019,0.14163,127.709
13413,13473,8.0299,20.923,0.057,-0.01,0.145589,131.279
13414,13474,8.0299,20.924,0.056,-0.011,0.136917,123.46
13415,13475,8.0299,20.923,0.055,0.014,0.129085,116.397
13416,13476,8.0299,20.922,0.056,-0.005,0.118252,106.629
13417,13477,8.0299,20.923,0.055,0.015,0.11894,107.25
13418,13478,8.0299,20.922,0.055,0.01,0.104655,94.3692
13419,13479,8.0299,20.922,0.055,0.019,0.124721,112.463
13420,13480,8.0299,20.923,0.055,0.005,0.126415,113.99
13421,13481,8.0399,20.924,0.055,0.002,0.151582,136.683
13422,13482,8.0399,20.925,0.054,-0.018,0.138001,124.438
13423,13483,8.0399,20.925,0.054,-0.001,0.132723,119.678
13424,13484,8.0399,20.923,0.054,-0.007,0.119813,108.037
13425,13485,8.0399,20.924,0.053,-0.006,0.126108,113.713
13426,13486,8.0399,20.925,0.053,0.001,0.0997226,89.9212
13427,13487,8.05,20.925,0.053,0.006,0.097472,87.8918
13428,13488,8.05,20.926,0.054,0.002,0.108509,97.8442
13429,13489,8.05,20.927,0.054,0.014,0.123189,111.081
13430,13490,8.05,20.927,0.053,-0.002,0.118254,106.631
13431,13491,8.05,20.926,0.053,0.001,0.125048,112.757
13432,13492,8.05,20.926,0.052,-0.02,0.134585,121.357
13433,13493,8.05,20.925,0.053,-0.015,0.125677,113.325
13434,13494,8.05,20.927,0.053,-0.012,0.136782,123.338
13435,13495,8.05,20.927,0.053,0.003,0.122788,110.719
13436,13496,8.05,20.927,0.053,0.002,0.12314,111.037
13437,13497,8.05,20.926,0.053,0.014,0.110389,99.5395
13438,13498,8.05,20.928,0.052,0.02,0.104989,94.6703
13439,13499,8.05,20.927,0.053,0.017,0.113388,102.243
13440,13500,8.05,20.926,0.053,-0.004,0.118258,106.635
13441,13501,8.05,20.927,0.053,-0.003,0.150307,135.534
13442,13502,8.05,20.928,0.053,-0.008,0.135688,122.352
13443,13503,8.06,20.928,0.052,-0.019,0.139746,126.011
13444,13504,8.06,20.928,0.053,-0.008,0.116857,105.371
13445,13505,8.06,20.928,0.053,-0.01,0.111541,100.578
13446,13506,8.06,20.926,0.053,-0.003,0.109134,98.4077
13447,13507,8.06,20.927,0.052,-0.005,0.116153,104.736
13448,13508,8.06,20.928,0.053,0.01,0.11366,102.489
13449,13509,8.06,20.927,0.053,0.014,0.130732,117.883
13450,13510,8.06,20.927,0.053,0.002,0.10887,98.1698
13451,13511,8.06,20.928,0.053,-0.004,0.126387,113.965
13452,13512,8.06,20.928,0.053,-0.026,0.132199,119.206
13453,13513,8.06,20.926,0.052,-0.013,0.133523,120.4
13454,13514,8.06,20.927,0.053,-0.019,0.122387,110.358
13455,13515,8.06,20.928,0.052,-0.001,0.100231,90.38
13456,13516,8.06,20.928,0.052,0.008,0.10278,92.6779
13457,13517,8.06,20.927,0.053,0.009,0.123187,111.08
13458,13518,8.06,20.928,0.053,0.003,0.123071,110.975
13459,13519,8.07,20.927,0.052,0.013,0.131651,118.711
13460,13520,8.07,20.926,0.053,-0.007,0.118098,106.49
13461,13521,8.07,20.927,0.053,0.01,0.127591,115.051
13462,13522,8.07,20.927,0.054,-0.01,0.123571,111.426
13463,13523,8.07,20.928,0.052,-0.013,0.140114,126.342
13464,13524,8.07,20.927,0.053,-0.011,0.117524,105.973
13465,13525,8.07,20.927,0.053,-0.005,0.10795,97.34
13466,13526,8.07,20.928,0.052,0.015,0.110053,99.2367
13467,13527,8.07,20.928,0.052,0.013,0.115238,103.912
13468,13528,8.07,20.928,0.053,0,0.101587,91.6028
13469,13529,8.07,20.927,0.052,0.004,0.111182,100.254
13470,13530,8.07,20.926,0.052,-0.01,0.101201,91.2546
13471,13531,8.07,20.927,0.052,-0.001,0.128756,116.101
13472,13532,8.07,20.928,0.052,-0.01,0.123301,111.183
13473,13533,8.07,20.928,0.053,-0.007,0.136751,123.31
13474,13534,8.07,20.928,0.053,-0.018,0.137726,124.19
13475,13535,8.07,20.927,0.053,-0.002,0.122699,110.639
13476,13536,8.07,20.928,0.052,0.006,0.103545,93.3677
13477,13537,8.08,20.928,0.052,0.005,0.0997394,89.9364
13478,13538,8.08,20.928,0.052,0.006,0.103227,93.081
13479,13539,8.08,20.927,0.053,0.017,0.110759,99.8731
13480,13540,8.08,20.927,0.053,0.006,0.118169,106.555
13481,13541,8.08,20.928,0.053,0.019,0.131948,118.979
13482,13542,8.08,20.927,0.053,-0.006,0.135163,121.879
13483,13543,8.08,20.927,0.052,-0.004,0.139088,125.417
13484,13544,8.08,20.927,0.052,-0.022,0.126712,114.258
13485,13545,8.08,20.928,0.052,-0.023,0.125412,113.086
13486,13546,8.08,20.929,0.052,-0.006,0.109594,98.8222
13487,13547,8.08,20.928,0.052,0.014,0.116536,105.082
13488,13548,8.09,20.928,0.053,0.017,0.100046,90.2126
13489,13549,8.09,20.928,0.052,0.016,0.112081,101.065
13490,13550,8.09,20.927,0.052,0,0.104003,93.7808
13491,13551,8.09,20.929,0.052,0.005,0.134509,121.288
13492,13552,8.09,20.927,0.052,-0.016,0.131137,118.248
13493,13553,8.09,20.928,0.052,-0.014,0.133949,120.784
13494,13554,8.09,20.927,0.052,-0.022,0.143063,129.002
13495,13555,8.09,20.928,0.053,-0.012,0.132333,119.327
13496,13556,8.09,20.929,0.052,-0.008,0.121145,109.238
13497,13557,8.09,20.928,0.052,0.002,0.115343,104.006
13498,13558,8.09,20.929,0.052,0.001,0.10487,94.5623
13499,13559,8.1,20.928,0.053,0.017,0.112704,101.627
13500,13560,8.1,20.928,0.053,0.009,0.121789,109.819
13501,13561,8.1,20.927,0.052,0.009,0.122874,110.797
13502,13562,8.1,20.928,0.053,-0.016,0.120985,109.094
13503,13563,8.1,20.928,0.053,-0.016,0.120023,108.226
13504,13564,8.1,20.928,0.052,-0.013,0.134105,120.925
13505,13565,8.1,20.927,0.052,-0.019,0.121832,109.858
13506,13566,8.1,20.927,0.052,-0.01,0.107087,96.5621
13507,13567,8.1,20.927,0.052,0.001,0.0936465,84.4423
13508,13568,8.1,20.927,0.053,0.002,0.110999,100.09
13509,13569,8.1,20.928,0.053,0.011,0.105704,95.3145
13510,13570,8.1,20.928,0.052,0.001,0.114993,103.691
13511,13571,8.1,20.928,0.053,-0.002,0.122717,110.655
13512,13572,8.1,20.927,0.052,-0.008,0.14185,127.908
13513,13573,8.1,20.928,0.053,-0.008,0.128605,115.965
13514,13574,8.1099,20.929,0.053,-0.009,0.138413,124.809
13515,13575,8.1099,20.929,0.052,-0.02,0.115505,104.152
13516,13576,8.1099,20.929,0.053,-0.003,0.118425,106.785
13517,13577,8.1099,20.928,0.052,0.004,0.114606,103.342
13518,13578,8.1099,20.929,0.052,0.015,0.117629,106.068
13519,13579,8.1099,20.929,0.051,0.006,0.123286,111.168
13520,13580,8.1099,20.928,0.052,0.02,0.104391,94.1307
13521,13581,8.1099,20.926,0.052,0.009,0.12783,115.266
13522,13582,8.1099,20.926,0.051,-0.008,0.128785,116.127
13523,13583,8.1099,20.929,0.051,-0.022,0.131104,118.218
13524,13584,8.1099,20.928,0.052,-0.008,0.125117,112.819
13525,13585,8.1099,20.927,0.051,-0.019,0.112243,101.211
13526,13586,8.1099,20.928,0.052,-0.004,0.128492,115.862
13527,13587,8.1099,20.929,0.052,-0.004,0.101079,91.1439
13528,13588,8.1099,20.929,0.051,0.003,0.0964704,86.9886
13529,13589,8.1099,20.928,0.052,0.006,0.090959,82.019
13530,13590,8.1199,20.927,0.051,-0.002,0.107106,96.579
13531,13591,8.1199,20.927,0.052,0.012,0.117249,105.725
13532,13592,8.1199,20.928,0.052,-0.01,0.10842,97.7635
13533,13593,8.1199,20.928,0.052,-0.014,0.108457,97.7968
13534,13594,8.1199,20.929,0.052,-0.019,0.118687,107.021
13535,13595,8.1199,20.929,0.052,-0.011,0.120858,108.979
13536,13596,8.1199,20.929,0.052,0.003,0.120184,108.371
13537,13597,8.1199,20.928,0.052,-0.006,0.106559,96.0857
13538,13598,8.1199,20.927,0.052,0.016,0.099296,89.5365
13539,13599,8.1199,20.928,0.052,0.019,0.0970416,87.5037
13540,13600,8.1199,20.928,0.052,0.024,0.101218,91.2696
13541,13601,8.1199,20.928,0.052,0.004,0.105938,95.5256
13542,13602,8.1199,20.929,0.052,-0.001,0.111746,100.763
13543,13603,8.1199,20.928,0.052,-0.002,0.11345,102.3
13544,13604,8.1199,20.93,0.052,0.001,0.118837,107.157
13545,13605,8.1199,20.929,0.052,-0.006,0.130005,117.227
13546,13606,8.1199,20.929,0.052,-0.01,0.11655,105.094
13547,13607,8.1199,20.929,0.051,-0.01,0.0985239,88.8403
13548,13608,8.1199,20.929,0.051,0.01,0.0934278,84.2451
13549,13609,8.1199,20.928,0.052,0.017,0.0899461,81.1056
13550,13610,8.1199,20.928,0.051,0.008,0.100622,90.7319
13551,13611,8.1199,20.93,0.052,0.01,0.116621,105.158
13552,13612,8.1299,20.929,0.052,0.01,0.121973,109.984
13553,13613,8.1299,20.928,0.052,-0.001,0.113896,102.702
13554,13614,8.1299,20.929,0.052,-0.003,0.137114,123.637
13555,13615,8.1299,20.929,0.052,-0.006,0.128423,115.801
13556,13616,8.1299,20.929,0.052,-0.014,0.127853,115.287
13557,13617,8.1299,20.928,0.052,-0.003,0.116783,105.305
13558,13618,8.1399,20.929,0.051,0.017,0.115191,103.87
13559,13619,8.1399,20.928,0.051,0.016,0.105549,95.1749
13560,13620,8.1399,20.929,0.051,0.022,0.102356,92.296
13561,13621,8.1399,20.929,0.052,0.012,0.0891855,80.4197
13562,13622,8.1399,20.929,0.051,-0.002,0.129182,116.485
13563,13623,8.1399,20.928,0.052,-0.004,0.120281,108.459
13564,13624,8.1399,20.928,0.051,-0.003,0.126455,114.026
13565,13625,8.1399,20.929,0.051,-0.02,0.123672,111.516
13566,13626,8.1399,20.929,0.051,-0.011,0.119779,108.007
13567,13627,8.1399,20.928,0.051,-0.013,0.094289,85.0216
13568,13628,8.1399,20.929,0.052,-0.003,0.104834,94.5299
13569,13629,8.1399,20.929,0.051,-0.003,0.0931094,83.958
13570,13630,8.1399,20.929,0.051,0.012,0.107402,96.846
13571,13631,8.1399,20.928,0.052,0.01,0.106684,96.1986
13572,13632,8.1499,20.929,0.051,0.013,0.129962,117.188
13573,13633,8.1499,20.931,0.052,-0.011,0.125316,112.999
13574,13634,8.1499,20.928,0.052,-0.009,0.142916,128.869
13575,13635,8.1499,20.929,0.052,-0.014,0.134799,121.55
13576,13636,8.1499,20.929,0.052,-0.01,0.131481,118.558
13577,13637,8.1499,20.929,0.052,-0.01,0.100407,90.538
13578,13638,8.1499,20.93,0.052,0.016,0.116208,104.787
13579,13639,8.1499,20.929,0.051,0.009,0.111008,100.098
13580,13640,8.1499,20.928,0.051,0.016,0.111093,100.174
13581,13641,8.1499,20.929,0.052,0.009,0.0993513,89.5864
13582,13642,8.1499,20.928,0.051,0.005,0.127208,114.705
13583,13643,8.1499,20.929,0.051,-0.011,0.115325,103.99
13584,13644,8.1499,20.928,0.051,-0.009,0.128055,115.469
13585,13645,8.1499,20.928,0.052,-0.022,0.11798,106.384
13586,13646,8.1499,20.928,0.052,-0.02,0.128273,115.666
13587,13647,8.1499,20.929,0.051,-0.013,0.111746,100.763
13588,13648,8.1499,20.928,0.051,0.012,0.113571,102.408
13589,13649,8.1499,20.929,0.052,0.001,0.090967,82.0262
13590,13650,8.1599,20.928,0.052,0.002,0.103477,93.3063
13591,13651,8.1599,20.929,0.052,0.005,0.112159,101.136
13592,13652,8.1599,20.928,0.052,0.011,0.11751,105.96
13593,13653,8.1599,20.929,0.053,-0.008,0.129015,116.334
13594,13654,8.1599,20.928,0.052,-0.005,0.134084,120.906
13595,13655,8.1599,20.929,0.051,-0.014,0.130896,118.031
13596,13656,8.1599,20.928,0.051,-0.006,0.133689,120.549
13597,13657,8.1599,20.929,0.051,-0.014,0.116151,104.735
13598,13658,8.1599,20.929,0.051,0.001,0.119957,108.166
13599,13659,8.1599,20.929,0.051,0.003,0.108955,98.2466
13600,13660,8.1599,20.928,0.052,0.022,0.113068,101.955
13601,13661,8.1599,20.929,0.051,0.013,0.127269,114.76
13602,13662,8.1599,20.928,0.051,0.006,0.123518,111.378
13603,13663,8.1599,20.928,0.052,-0.002,0.114225,102.998
13604,13664,8.1599,20.928,0.052,-0.01,0.123212,111.102
13605,13665,8.1599,20.928,0.051,-0.021,0.118514,106.866
13606,13666,8.17,20.929,0.052,-0.012,0.127953,115.377
13607,13667,8.17,20.928,0.051,-0.023,0.107581,97.0074
13608,13668,8.17,20.929,0.051,-0.005,0.111431,100.479
13609,13669,8.17,20.929,0.052,-0.006,0.101127,91.1877
13610,13670,8.17,20.929,0.051,0.002,0.0978254,88.2105
13611,13671,8.17,20.929,0.052,0.003,0.113138,102.018
13612,13672,8.17,20.928,0.051,-0.004,0.115011,103.707
13613,13673,8.17,20.927,0.051,-0.005,0.118463,106.82
13614,13674,8.17,20.928,0.053,-0.003,0.113907,102.711
13615,13675,8.17,20.929,0.052,-0.011,0.108018,97.4016
13616,13676,8.17,20.929,0.052,-0.003,0.130798,117.942
13617,13677,8.1801,20.928,0.051,-0.009,0.122519,110.477
13618,13678,8.1801,20.928,0.052,0.006,0.111996,100.988
13619,13679,8.1801,20.929,0.052,-0.001,0.087774,79.147
13620,13680,8.1801,20.929,0.052,0.01,0.100911,90.993
13621,13681,8.1801,20.929,0.052,0.014,0.0993543,89.5891
13622,13682,8.1801,20.929,0.051,0.004,0.121306,109.383
13623,13683,8.1801,20.928,0.052,-0.003,0.120664,108.804
13624,13684,8.1801,20.929,0.052,-0.011,0.122679,110.621
13625,13685,8.1801,20.93,0.052,-0.004,0.117089,105.581
13626,13686,8.1801,20.929,0.051,0.002,0.128876,116.209
13627,13687,8.1801,20.929,0.05,-0.022,0.114271,103.04
13628,13688,8.1801,20.93,0.051,-0.003,0.111569,100.603
13629,13689,8.1801,20.928,0.052,0,0.105641,95.2576
13630,13690,8.1801,20.929,0.051,0.018,0.121199,109.287
13631,13691,8.1801,20.93,0.052,0.011,0.108607,97.9323
13632,13692,8.1901,20.929,0.052,0.008,0.113502,102.346
13633,13693,8.1901,20.93,0.051,-0.002,0.122885,110.807
13634,13694,8.1901,20.928,0.052,-0.005,0.12548,113.147
13635,13695,8.1901,20.928,0.052,-0.011,0.115017,103.713
13636,13696,8.1901,20.929,0.051,0.001,0.131329,118.421
13637,13697,8.1901,20.928,0.052,-0.016,0.11992,108.133
13638,13698,8.1901,20.929,0.052,-0.002,0.109603,98.8307
13639,13699,8.1901,20.929,0.051,0.001,0.0985146,88.8319
13640,13700,8.1901,20.929,0.051,0.007,0.0988901,89.1706
13641,13701,8.1901,20.929,0.052,-0.003,0.0979144,88.2907
13642,13702,8.1901,20.928,0.051,0.006,0.104499,94.2278
13643,13703,8.1901,20.928,0.05,-0.001,0.0913817,82.4001
13644,13704,8.1901,20.929,0.051,-0.006,0.112926,101.827
13645,13705,8.1901,20.928,0.052,-0.011,0.113966,102.764
13646,13706,8.1901,20.929,0.052,-0.002,0.119045,107.345
13647,13707,8.1901,20.929,0.052,-0.016,0.116627,105.164
13648,13708,8.2001,20.929,0.051,-0.006,0.122066,110.069
13649,13709,8.2001,20.929,0.051,-0.005,0.0988082,89.0966
13650,13710,8.2001,20.93,0.051,0.014,0.105792,95.3945
13651,13711,8.2001,20.929,0.051,0.013,0.107555,96.9835
13652,13712,8.2001,20.929,0.052,0.016,0.107383,96.8288
13653,13713,8.2001,20.929,0.052,0.008,0.120654,108.796
13654,13714,8.2001,20.929,0.051,0.013,0.126786,114.325
13655,13715,8.2001,20.93,0.052,-0.002,0.13434,121.136
13656,13716,8.2001,20.929,0.052,-0.001,0.128945,116.272
13657,13717,8.2001,20.929,0.052,-0.006,0.123429,111.297
13658,13718,8.2001,20.929,0.051,0.001,0.121496,109.555
13659,13719,8.2001,20.928,0.05,-0.009,0.120666,108.806
13660,13720,8.2001,20.929,0.051,0.007,0.108975,98.2639
13661,13721,8.21,20.93,0.051,0.01,0.102146,92.1061
13662,13722,8.21,20.928,0.051,0.012,0.0955405,86.1501
13663,13723,8.21,20.927,0.051,0.01,0.111711,100.731
13664,13724,8.21,20.928,0.051,-0.002,0.120241,108.423
13665,13725,8.21,20.928,0.051,-0.007,0.126317,113.901
13666,13726,8.21,20.928,0.051,-0.017,0.125687,113.334
13667,13727,8.21,20.928,0.051,-0.015,0.126705,114.252
13668,13728,8.21,20.929,0.051,-0.011,0.12837,115.753
13669,13729,8.21,20.929,0.051,-0.003,0.119889,108.106
13670,13730,8.21,20.928,0.051,-0.002,0.110534,99.6699
13671,13731,8.21,20.928,0.051,0.007,0.104427,94.1628
13672,13732,8.21,20.928,0.052,0.01,0.0979658,88.3371
13673,13733,8.21,20.929,0.051,0.016,0.126759,114.3
13674,13734,8.21,20.929,0.051,0.005,0.11739,105.852
13675,13735,8.22,20.928,0.052,-0.005,0.12845,115.825
13676,13736,8.22,20.928,0.051,-0.01,0.121237,109.321
13677,13737,8.22,20.928,0.051,-0.011,0.130549,117.717
13678,13738,8.22,20.929,0.051,-0.008,0.109718,98.9341
13679,13739,8.22,20.928,0.051,-0.014,0.11047,99.6125
13680,13740,8.22,20.929,0.051,-0.001,0.118013,106.413
13681,13741,8.22,20.928,0.051,0.007,0.107914,97.3071
13682,13742,8.22,20.928,0.051,0.008,0.106723,96.2338
13683,13743,8.22,20.929,0.051,0.014,0.104722,94.4291
13684,13744,8.22,20.929,0.051,-0.006,0.101476,91.5021
13685,13745,8.22,20.928,0.05,-0.009,0.0975345,87.9481
13686,13746,8.22,20.93,0.051,-0.018,0.099148,89.4031
13687,13747,8.22,20.93,0.05,-0.009,0.108214,97.5781
13688,13748,8.22,20.929,0.05,-0.014,0.0927563,83.6396
13689,13749,8.22,20.929,0.05,-0.002,0.107114,96.5859
13690,13750,8.22,20.93,0.05,-0.008,0.10428,94.0309
13691,13751,8.22,20.931,0.051,-0.009,0.0957976,86.3819
13692,13752,8.22,20.93,0.05,-0.001,0.0909399,82.0017
13693,13753,8.22,20.93,0.05,0.002,0.108804,98.11
13694,13754,8.22,20.93,0.05,0.002,0.0989122,89.1904
13695,13755,8.22,20.93,0.049,0.007,0.111483,100.525
13696,13756,8.22,20.93,0.049,0.006,0.111652,100.678
13697,13757,8.22,20.931,0.05,0,0.132404,119.391
13698,13758,8.22,20.932,0.05,-0.007,0.113906,102.711
13699,13759,8.22,20.932,0.049,0,0.104297,94.046
13700,13760,8.22,20.933,0.049,-0.004,0.0875681,78.9613
13701,13761,8.22,20.931,0.049,0,0.0897286,80.9095
13702,13762,8.22,20.931,0.049,0.003,0.0775381,69.9171
13703,13763,8.22,20.932,0.049,0.009,0.0847053,76.3799
13704,13764,8.22,20.932,0.049,-0.002,0.0746476,67.3107
13705,13765,8.22,20.931,0.049,-0.001,0.1048,94.4999
13706,13766,8.22,20.932,0.049,-0.012,0.110586,99.717
13707,13767,8.23,20.932,0.049,-0.009,0.12883,116.167
13708,13768,8.23,20.932,0.049,-0.031,0.119606,107.85
13709,13769,8.23,20.932,0.049,-0.014,0.122804,110.734
13710,13770,8.23,20.932,0.05,-0.01,0.108862,98.1621
13711,13771,8.23,20.933,0.05,0.01,0.103114,92.9795
13712,13772,8.23,20.932,0.05,0.009,0.0766364,69.104
13713,13773,8.23,20.932,0.049,0.015,0.0915612,82.562
13714,13774,8.23,20.933,0.05,0.003,0.0814063,73.4052
13715,13775,8.23,20.934,0.049,0.018,0.107241,96.7004
13716,13776,8.23,20.933,0.05,-0.001,0.100507,90.6289
13717,13777,8.23,20.931,0.049,-0.01,0.1283,115.69
13718,13778,8.23,20.932,0.049,-0.021,0.122579,110.531
13719,13779,8.23,20.931,0.048,-0.022,0.107388,96.8332
13720,13780,8.23,20.933,0.048,-0.019,0.0820062,73.9461
13721,13781,8.23,20.932,0.048,-0.012,0.0922535,83.1862
13722,13782,8.23,20.933,0.048,-0.003,0.0806653,72.737
13723,13783,8.23,20.932,0.049,0.017,0.0858182,77.3834
13724,13784,8.23,20.933,0.048,0.003,0.0783664,70.664
13725,13785,8.23,20.933,0.049,0.013,0.0899642,81.1219
13726,13786,8.23,20.933,0.048,-0.007,0.0902779,81.4048
13727,13787,8.23,20.932,0.048,-0.009,0.108023,97.4057
13728,13788,8.23,20.934,0.048,-0.031,0.11205,101.037
13729,13789,8.23,20.933,0.048,-0.025,0.102513,92.4374
13730,13790,8.23,20.933,0.049,-0.012,0.104681,94.3925
13731,13791,8.23,20.933,0.049,0.012,0.100213,90.3638
13732,13792,8.23,20.933,0.049,0.002,0.0846907,76.3668
13733,13793,8.23,20.933,0.048,0.013,0.0808361,72.891
13734,13794,8.23,20.933,0.049,0.015,0.0737922,66.5394
13735,13795,8.23,20.932,0.049,0.015,0.112055,101.042
13736,13796,8.23,20.933,0.048,0.003,0.0954085,86.0311
13737,13797,8.23,20.933,0.048,0.006,0.0931374,83.9832
13738,13798,8.23,20.933,0.049,-0.015,0.104506,94.2347
13739,13799,8.23,20.934,0.048,-0.018,0.109199,98.4664
13740,13800,8.23,20.933,0.048,-0.006,0.0974975,87.9148
13741,13801,8.24,20.933,0.048,-0.008,0.0969728,87.4417
13742,13802,8.24,20.933,0.048,-0.006,0.0825064,74.3971
13743,13803,8.24,20.933,0.047,0.011,0.0686347,61.8889
13744,13804,8.24,20.933,0.048,0.011,0.0790367,71.2685
13745,13805,8.24,20.934,0.048,0.016,0.102758,92.6578
13746,13806,8.23,20.934,0.048,-0.01,0.0964135,86.9373
13747,13807,8.23,20.932,0.048,-0.005,0.112084,101.068
13748,13808,8.23,20.934,0.048,-0.007,0.106293,95.8458
13749,13809,8.23,20.935,0.048,-0.013,0.111273,100.336
13750,13810,8.23,20.934,0.048,-0.012,0.100273,90.4171
13751,13811,8.23,20.933,0.048,0.003,0.104036,93.8102
13752,13812,8.23,20.932,0.049,-0.005,0.0968878,87.365
13753,13813,8.23,20.934,0.048,0.005,0.0816304,73.6072
13754,13814,8.23,20.934,0.049,0.02,0.0714094,64.3908
13755,13815,8.23,20.934,0.049,0.015,0.0985799,88.8908
13756,13816,8.23,20.933,0.049,-0.012,0.103099,92.9662
13757,13817,8.23,20.934,0.049,-0.009,0.120994,109.102
13758,13818,8.23,20.934,0.049,-0.018,0.110331,99.4867
13759,13819,8.23,20.933,0.049,-0.015,0.126715,114.26
13760,13820,8.23,20.934,0.05,-0.019,0.115093,103.781
13761,13821,8.23,20.934,0.05,-0.011,0.115098,103.785
13762,13822,8.23,20.934,0.05,-0.015,0.100591,90.7041
13763,13823,8.23,20.934,0.051,-0.004,0.0923251,83.2508
13764,13824,8.23,20.933,0.052,0.015,0.0809206,72.9671
13765,13825,8.23,20.932,0.053,0.028,0.110031,99.2166
13766,13826,8.23,20.931,0.053,0.001,0.109914,99.1109
13767,13827,8.23,20.931,0.053,0.004,0.118717,107.048
13768,13828,8.23,20.93,0.054,-0.013,0.120379,108.548
13769,13829,8.23,20.93,0.054,-0.01,0.141499,127.592
13770,13830,8.24,20.931,0.053,-0.021,0.119329,107.6
13771,13831,8.24,20.93,0.052,0,0.10989,99.0893
13772,13832,8.24,20.928,0.052,0.007,0.10692,96.4112
13773,13833,8.24,20.927,0.052,0.009,0.10471,94.4182
13774,13834,8.24,20.929,0.052,0.012,0.0968174,87.3015
13775,13835,8.24,20.93,0.052,0.035,0.115034,103.727
13776,13836,8.24,20.928,0.051,0.001,0.108649,97.9703
13777,13837,8.24,20.929,0.051,-0.002,0.131251,118.351
13778,13838,8.24,20.93,0.051,-0.015,0.124162,111.958
13779,13839,8.24,20.931,0.051,-0.016,0.13614,122.759
13780,13840,8.24,20.931,0.051,-0.032,0.126,113.616
13781,13841,8.24,20.93,0.051,-0.016,0.106747,96.2553
13782,13842,8.24,20.931,0.052,-0.009,0.109049,98.3309
13783,13843,8.24,20.931,0.053,-0.005,0.108044,97.425
13784,13844,8.24,20.931,0.054,0,0.0970894,87.5468
13785,13845,8.24,20.93,0.054,0.013,0.119901,108.117
13786,13846,8.24,20.929,0.054,-0.005,0.110681,99.802
13787,13847,8.24,20.929,0.054,0.001,0.129258,116.553
13788,13848,8.24,20.929,0.055,-0.014,0.131687,118.744
13789,13849,8.24,20.928,0.054,-0.009,0.137553,124.033
13790,13850,8.24,20.928,0.054,-0.016,0.123501,111.363
13791,13851,8.24,20.927,0.054,-0.005,0.127189,114.688
13792,13852,8.24,20.927,0.053,0.012,0.102693,92.5999
13793,13853,8.24,20.927,0.053,0.009,0.100211,90.3617
13794,13854,8.24,20.927,0.053,0.008,0.0872666,78.6894
13795,13855,8.24,20.928,0.053,0.016,0.0823504,74.2564
13796,13856,8.24,20.928,0.053,0.003,0.102811,92.7057
13797,13857,8.24,20.927,0.053,0,0.114893,103.6
13798,13858,8.24,20.929,0.052,-0.017,0.120771,108.901
13799,13859,8.24,20.929,0.051,-0.018,0.115874,104.485
13800,13860,8.24,20.929,0.051,-0.021,0.11055,99.6845
13801,13861,8.24,20.929,0.051,-0.015,0.0879568,79.3118
13802,13862,8.24,20.93,0.05,-0.019,0.0848552,76.5151
13803,13863,8.24,20.93,0.05,0,0.102545,92.4658
13804,13864,8.24,20.931,0.05,0.004,0.105275,94.9278
13805,13865,8.24,20.931,0.049,0.015,0.0911015,82.1474
13806,13866,8.24,20.931,0.05,0.016,0.0767486,69.2053
13807,13867,8.24,20.932,0.049,-0.009,0.0986129,88.9206
13808,13868,8.24,20.933,0.05,-0.015,0.112935,101.835
13809,13869,8.24,20.932,0.05,-0.019,0.11316,102.038
13810,13870,8.24,20.932,0.05,-0.016,0.119607,107.852
13811,13871,8.24,20.932,0.049,-0.018,0.0994891,89.7107
13812,13872,8.24,20.933,0.049,0.005,0.0996234,89.8317
13813,13873,8.24,20.933,0.049,0.009,0.101433,91.4634
13814,13874,8.24,20.933,0.048,-0.007,0.103806,93.6029
13815,13875,8.24,20.933,0.048,-0.003,0.0933687,84.1918
13816,13876,8.24,20.932,0.048,0.003,0.0945111,85.2219
13817,13877,8.24,20.933,0.048,0.012,0.094533,85.2417
13818,13878,8.24,20.934,0.049,-0.002,0.0979855,88.3549
13819,13879,8.24,20.933,0.048,-0.016,0.0964541,86.9739
13820,13880,8.24,20.933,0.048,-0.021,0.0982577,88.6003
13821,13881,8.24,20.934,0.048,-0.027,0.0717669,64.7132
13822,13882,8.24,20.934,0.047,-0.015,0.0896012,80.7946
13823,13883,8.24,20.935,0.047,-0.011,0.0757398,68.2956
13824,13884,8.24,20.935,0.047,-0.008,0.0867996,78.2684
13825,13885,8.24,20.934,0.048,-0.001,0.0799027,72.0493
13826,13886,8.24,20.932,0.048,0.002,0.0769708,69.4056
13827,13887,8.24,20.933,0.048,-0.003,0.0913953,82.4124
13828,13888,8.24,20.934,0.047,-0.009,0.119803,108.028
13829,13889,8.24,20.935,0.047,-0.012,0.0909884,82.0454
13830,13890,8.24,20.935,0.048,-0.004,0.115325,103.99
13831,13891,8.24,20.934,0.048,-0.011,0.0956343,86.2347
13832,13892,8.24,20.935,0.047,0.012,0.100173,90.3274
13833,13893,8.24,20.935,0.048,-0.001,0.0851062,76.7414
13834,13894,8.24,20.935,0.048,0.01,0.0816905,73.6614
13835,13895,8.24,20.935,0.048,0.002,0.0727512,65.6007
13836,13896,8.24,20.934,0.047,0.004,0.068168,61.468
13837,13897,8.24,20.935,0.047,0.005,0.0860302,77.5746
13838,13898,8.24,20.936,0.047,-0.01,0.106124,95.6932
13839,13899,8.24,20.936,0.047,-0.03,0.112387,101.341
13840,13900,8.24,20.935,0.047,-0.009,0.0872906,78.7111
13841,13901,8.24,20.936,0.047,-0.022,0.0733934,66.1798
13842,13902,8.24,20.934,0.048,-0.002,0.0975991,88.0064
13843,13903,8.24,20.934,0.048,-0.009,0.0730721,65.89
13844,13904,8.24,20.934,0.047,0.001,0.0782896,70.5947
13845,13905,8.24,20.935,0.047,0.001,0.0670913,60.4971
13846,13906,8.24,20.936,0.047,0.007,0.0793831,71.5808
13847,13907,8.24,20.936,0.047,0.017,0.0794872,71.6747
13848,13908,8.24,20.935,0.047,0.005,0.103291,93.1391
13849,13909,8.24,20.934,0.047,-0.017,0.102006,91.9798
13850,13910,8.24,20.935,0.048,-0.024,0.118602,106.945
13851,13911,8.24,20.935,0.048,-0.006,0.0997956,89.987
13852,13912,8.24,20.936,0.048,0.011,0.102391,92.327
13853,13913,8.24,20.935,0.047,-0.006,0.086009,77.5554
13854,13914,8.24,20.934,0.047,0.008,0.0918163,82.7919
13855,13915,8.24,20.936,0.047,0.003,0.0757067,68.2657
13856,13916,8.24,20.936,0.047,0.013,0.074495,67.1731
13857,13917,8.24,20.936,0.047,0.001,0.0779427,70.282
13858,13918,8.24,20.936,0.047,0.001,0.101836,91.8268
13859,13919,8.24,20.936,0.047,-0.02,0.0810246,73.0609
13860,13920,8.24,20.936,0.047,-0.014,0.110889,99.9903
13861,13921,8.24,20.935,0.047,-0.03,0.0819549,73.8998
13862,13922,8.24,20.935,0.046,-0.013,0.0762661,68.7701
13863,13923,8.24,20.935,0.047,-0.019,0.0660938,59.5977
13864,13924,8.24,20.936,0.047,-0.004,0.0710231,64.0425
13865,13925,8.24,20.936,0.047,-0.006,0.0627904,56.6189
13866,13926,8.24,20.935,0.047,0.014,0.0891906,80.4243
13867,13927,8.24,20.934,0.047,0.011,0.0670106,60.4243
13868,13928,8.24,20.935,0.047,0.008,0.0992458,89.4913
13869,13929,8.24,20.935,0.048,-0.014,0.100064,90.2292
13870,13930,8.24,20.935,0.047,-0.001,0.115112,103.798
13871,13931,8.24,20.936,0.047,-0.021,0.10431,94.0575
13872,13932,8.24,20.935,0.047,0.001,0.100024,90.1929
13873,13933,8.24,20.936,0.047,0.001,0.0831426,74.9708
13874,13934,8.24,20.937,0.047,0.014,0.0642332,57.9199
13875,13935,8.24,20.936,0.047,0.01,0.0630661,56.8675
13876,13936,8.24,20.936,0.047,0.023,0.0587187,52.9474
13877,13937,8.24,20.935,0.047,0.001,0.0751168,67.7338
13878,13938,8.24,20.934,0.047,0.012,0.0723242,65.2157
13879,13939,8.24,20.936,0.046,-0.016,0.0901717,81.309
13880,13940,8.24,20.936,0.046,-0.011,0.0914722,82.4817
13881,13941,8.24,20.935,0.046,-0.033,0.0782096,70.5226
13882,13942,8.24,20.936,0.047,-0.021,0.0936153,84.4141
13883,13943,8.24,20.936,0.047,-0.017,0.0776997,70.0628
13884,13944,8.24,20.936,0.047,-0.005,0.0746551,67.3175
13885,13945,8.24,20.937,0.047,0.011,0.049453,44.5924
13886,13946,8.24,20.937,0.047,0.017,0.0678106,61.1457
13887,13947,8.24,20.936,0.047,0.017,0.0673094,60.6938
13888,13948,8.24,20.937,0.047,0.002,0.0765476,69.024
13889,13949,8.24,20.937,0.047,0.008,0.0934285,84.2457
13890,13950,8.24,20.936,0.047,-0.005,0.105077,94.7497
13891,13951,8.24,20.935,0.047,-0.013,0.0916212,82.616
13892,13952,8.24,20.937,0.047,0.007,0.108197,97.563
13893,13953,8.24,20.935,0.047,-0.005,0.0799576,72.0989
13894,13954,8.24,20.935,0.046,0.003,0.0758797,68.4217
13895,13955,8.24,20.936,0.046,0.012,0.0790471,71.2778
13896,13956,8.24,20.935,0.047,0.026,0.0759536,68.4884
13897,13957,8.24,20.937,0.047,0.018,0.0710366,64.0547
13898,13958,8.24,20.935,0.046,0.013,0.0757224,68.2799
13899,13959,8.24,20.936,0.046,0.005,0.0935366,84.3432
13900,13960,8.24,20.936,0.046,-0.01,0.0981478,88.5011
13901,13961,8.24,20.936,0.047,-0.022,0.0920602,83.0119
13902,13962,8.24,20.936,0.048,-0.01,0.0844369,76.1378
13903,13963,8.24,20.936,0.047,-0.021,0.0842645,75.9825
13904,13964,8.24,20.935,0.046,0.005,0.0880337,79.3811
13905,13965,8.24,20.935,0.047,0.006,0.0660714,59.5775
13906,13966,8.24,20.936,0.047,0.011,0.0740651,66.7855
13907,13967,8.24,20.934,0.046,0.01,0.0796675,71.8373
13908,13968,8.24,20.935,0.046,0.011,0.0938759,84.6492
13909,13969,8.24,20.936,0.047,0.011,0.0886457,79.933
13910,13970,8.24,20.935,0.047,-0.011,0.0981452,88.4989
13911,13971,8.24,20.936,0.046,-0.016,0.103789,93.5883
13912,13972,8.24,20.936,0.046,-0.008,0.0923487,83.272
13913,13973,8.24,20.936,0.046,-0.002,0.0759071,68.4465
13914,13974,8.24,20.936,0.047,0.002,0.0850719,76.7105
13915,13975,8.24,20.935,0.046,-0.006,0.0680947,61.4018
13916,13976,8.24,20.936,0.047,0.011,0.0650384,58.646
13917,13977,8.24,20.937,0.047,0.008,0.0826874,74.5603
13918,13978,8.24,20.936,0.046,0.002,0.0817968,73.7573
13919,13979,8.24,20.936,0.047,-0.006,0.0800581,72.1894
13920,13980,8.24,20.935,0.047,-0.006,0.106648,96.166
13921,13981,8.24,20.936,0.047,-0.011,0.0845277,76.2198
13922,13982,8.24,20.935,0.046,-0.017,0.083401,75.2038
13923,13983,8.24,20.935,0.047,-0.01,0.0828236,74.6831
13924,13984,8.24,20.936,0.047,0.002,0.0748049,67.4526
13925,13985,8.24,20.937,0.047,0,0.0791833,71.4006
13926,13986,8.24,20.935,0.047,0.011,0.0742599,66.9612
13927,13987,8.24,20.936,0.046,0.021,0.0717046,64.657
13928,13988,8.24,20.935,0.046,0.005,0.0754117,67.9998
13929,13989,8.24,20.935,0.047,-0.001,0.0805074,72.5946
13930,13990,8.24,20.936,0.047,-0.002,0.100824,90.9145
13931,13991,8.24,20.937,0.047,-0.023,0.0955006,86.1142
13932,13992,8.24,20.936,0.047,-0.004,0.0992018,89.4516
13933,13993,8.24,20.936,0.047,0.004,0.0973863,87.8145
13934,13994,8.24,20.935,0.047,0.006,0.0739449,66.6771
13935,13995,8.24,20.934,0.047,0.012,0.0667515,60.1907
13936,13996,8.24,20.935,0.047,0.003,0.0740228,66.7474
13937,13997,8.24,20.936,0.047,0.012,0.0921284,83.0734
13938,13998,8.24,20.935,0.047,0.008,0.0829522,74.7991
13939,13999,8.24,20.936,0.047,0.006,0.0759471,68.4825
13940,14000,8.24,20.936,0.047,0,0.0805642,72.6458
13941,14001,8.24,20.936,0.047,-0.017,0.0840578,75.7961
13942,14002,8.24,20.936,0.047,-0.012,0.115305,103.972
13943,14003,8.24,20.936,0.046,-0.013,0.0902597,81.3884
13944,14004,8.24,20.935,0.046,-0.012,0.083607,75.3896
13945,14005,8.24,20.936,0.046,0.003,0.0631533,56.9462
13946,14006,8.24,20.937,0.047,0.015,0.0801197,72.245
13947,14007,8.24,20.936,0.047,0.017,0.0855745,77.1637
13948,14008,8.24,20.934,0.047,0,0.0800241,72.1588
13949,14009,8.24,20.934,0.047,0.004,0.0868783,78.3393
13950,14010,8.24,20.935,0.047,0.004,0.0878762,79.2391
13951,14011,8.24,20.936,0.047,0,0.102413,92.3473
13952,14012,8.24,20.936,0.048,0.001,0.100683,90.7877
13953,14013,8.24,20.935,0.047,-0.027,0.10492,94.6076
13954,14014,8.24,20.935,0.047,-0.004,0.0817705,73.7335
13955,14015,8.24,20.935,0.047,0.002,0.0703052,63.3951
13956,14016,8.24,20.935,0.047,0.017,0.0584719,52.7249
13957,14017,8.24,20.936,0.046,-0.004,0.0732869,66.0838
13958,14018,8.24,20.937,0.047,-0.006,0.066331,59.8115
13959,14019,8.24,20.937,0.047,0.003,0.0836644,75.4413
13960,14020,8.24,20.936,0.047,-0.004,0.08991,81.073
13961,14021,8.24,20.936,0.047,-0.007,0.111991,100.984
13962,14022,8.24,20.936,0.047,-0.025,0.0955331,86.1434
13963,14023,8.24,20.937,0.047,-0.022,0.103813,93.6094
13964,14024,8.24,20.937,0.047,-0.015,0.0909208,81.9845
13965,14025,8.24,20.935,0.047,0.004,0.0867615,78.234
