# run,26082026_Candle_R3.csv
# config_candles,1
# scope,FREE-BURNING candle test (no external flux)
# mass_note,load-cell SHAPE only; absolute mass from manual weigh table
# t_ignition_s,30.0
# t_flameout_s,3115.0
# routeC_HRR_per_candle_W_dHc38,20.0
# HRR_O2_note,near instrument noise floor -- qualitative only
time_from_ignition_s,time_s,mass_lost_since_ignition_g,O2_pct,CO2_pct,CO_pct,HRR_O2_kW,HRR_per_area_kW_m2
-30,0,1613.91,20.954,0.05,-0.001,0.0131015,12.3135
-29,1,1613.91,20.956,0.05,0.002,0,0
-28,2,1613.91,20.953,0.052,0.059,0,0
-27,3,1613.91,20.956,0.052,0.021,0,0
-26,4,1613.9,20.956,0.052,0.011,0,0
-25,5,1613.9,20.956,0.05,0.001,0,0
-24,6,1613.9,20.956,0.05,-0.007,0.0205558,19.3193
-23,7,1613.9,20.955,0.05,-0.001,0.0088053,8.2756
-22,8,1613.9,20.957,0.05,-0.003,0.0119579,11.2386
-21,9,1613.9,20.957,0.05,-0.01,0.0165301,15.5358
-20,10,1162.61,20.957,0.05,-0.003,0.0319817,30.058
-19,11,168.33,20.957,0.051,0.003,0.0128231,12.0518
-18,12,-0.04,20.953,0.05,0.018,0.0084893,7.9787
-17,13,-0.01,20.956,0.05,0.021,0.0276502,25.987
-16,14,-0.01,20.957,0.05,0.025,0.0258246,24.2712
-15,15,-0.01,20.957,0.05,0.007,0.0404391,38.0067
-14,16,-0.01,20.956,0.05,0.003,0.0450252,42.317
-13,17,0,20.956,0.05,-0.018,0.0340881,32.0376
-12,18,-0.03,20.956,0.051,-0.007,0.0433103,40.7052
-11,19,0,20.956,0.051,-0.011,0.0131254,12.3359
-10,20,0,20.956,0.052,-0.001,0.0248763,23.38
-9,21,0,20.953,0.053,-0.012,0.0035336,3.3211
-8,22,0,20.952,0.054,0.01,0.0200813,18.8734
-7,23,0,20.951,0.054,0.008,0.0022139,2.0807
-6,24,-1.85,20.952,0.053,-0.005,0.009866,9.2726
-5,25,0,20.951,0.054,-0.002,0.0214841,20.1919
-4,26,0,20.951,0.054,-0.012,0.034843,32.7472
-3,27,0,20.95,0.053,-0.021,0.0214381,20.1486
-2,28,0,20.951,0.053,-0.01,0.0241202,22.6694
-1,29,0,20.951,0.053,-0.018,0.0325563,30.598
0,30,0,20.951,0.052,0.005,0.0252962,23.7747
1,31,0,20.952,0.052,-0.005,0.0065402,6.1468
2,32,0,20.952,0.053,0.01,0.0032979,3.0996
3,33,0,20.953,0.053,0.003,0,0
4,34,0,20.951,0.052,0.015,0.0200373,18.8321
5,35,0,20.952,0.052,0.004,0.0216423,20.3405
6,36,0,20.953,0.052,-0.002,0.0424759,39.9209
7,37,0,20.952,0.053,-0.014,0.0399448,37.5421
8,38,0,20.952,0.052,-0.012,0.0298438,28.0487
9,39,0,20.954,0.052,-0.014,0.0397662,37.3743
10,40,0,20.954,0.052,-0.012,0.0205489,19.3129
11,41,0,20.952,0.052,-0.01,0.0168238,15.8118
12,42,0,20.953,0.052,0.012,0.0165184,15.5248
13,43,0,20.952,0.052,0.015,0.0032992,3.1008
14,44,0,20.952,0.052,0.019,0.0049277,4.6313
15,45,0,20.953,0.052,0.004,0.0192273,18.0708
16,46,0,20.951,0.052,0.003,0.0303326,28.5081
17,47,0.01,20.951,0.052,-0.021,0.045816,43.0602
18,48,0.01,20.952,0.053,-0.01,0.030743,28.8938
19,49,0.01,20.95,0.053,-0.001,0.024455,22.984
20,50,0.01,20.95,0.053,-0.011,0.0122564,11.5192
21,51,0.01,20.95,0.053,0.003,0.0117017,10.9978
22,52,0.01,20.951,0.052,0.006,0.0105036,9.8718
23,53,0.01,20.951,0.052,0.012,0.0024881,2.3384
24,54,0.01,20.95,0.053,0.015,0.0201442,18.9325
25,55,0.01,20.952,0.053,0.003,0.031012,29.1466
26,56,0.01,20.954,0.053,-0.001,0.0345031,32.4277
27,57,0.01,20.952,0.053,-0.006,0.0358572,33.7004
28,58,0.01,20.951,0.053,-0.021,0.0433031,40.6984
29,59,0.01,20.951,0.053,-0.007,0.0496534,46.6667
30,60,0.01,20.951,0.053,-0.006,0.0272541,25.6147
31,61,0.01,20.952,0.053,0.001,0.026184,24.609
32,62,0.01,20.953,0.053,0.011,0.0224256,21.0767
33,63,0.01,20.951,0.053,0.012,0.0257355,24.1875
34,64,0.01,20.951,0.052,0.01,0.0328263,30.8518
35,65,0.01,20.953,0.052,-0.005,0.0303775,28.5503
36,66,0.01,20.953,0.053,-0.006,0.0324364,30.4854
37,67,0.01,20.951,0.053,-0.015,0.0471633,44.3264
38,68,0.01,20.952,0.053,-0.012,0.0470022,44.175
39,69,0.01,20.951,0.053,-0.018,0.0410905,38.6189
40,70,0.01,20.951,0.053,-0.024,0.0176672,16.6045
41,71,0.01,20.951,0.053,-0.004,0.004442,4.1748
42,72,0.01,20.951,0.053,0.002,0.010242,9.6259
43,73,0.01,20.95,0.053,0.006,0.0067216,6.3173
44,74,0.01,20.95,0.054,-0.002,0.0233021,21.9005
45,75,0.01,20.951,0.053,-0.005,0.0142231,13.3676
46,76,0.01,20.95,0.054,-0.002,0.0327332,30.7643
47,77,0.01,20.95,0.053,-0.005,0.0265439,24.9473
48,78,0.01,20.95,0.053,-0.013,0.0393129,36.9482
49,79,0.02,20.949,0.053,-0.012,0.0340178,31.9717
50,80,0.02,20.949,0.053,-0.007,0.0379654,35.6818
51,81,0.02,20.949,0.054,0.001,0.0360728,33.903
52,82,0.02,20.952,0.053,0.012,0.0190965,17.9478
53,83,0.02,20.952,0.053,0.017,0.0275293,25.8734
54,84,0.02,20.95,0.053,0.025,0.0291766,27.4216
55,85,0.02,20.949,0.053,0.005,0.0174261,16.378
56,86,0.02,20.95,0.053,0.004,0.0436645,41.0381
57,87,0.02,20.952,0.053,0.001,0.0546894,51.3998
58,88,0.02,20.949,0.053,0.002,0.0648298,60.9303
59,89,0.02,20.95,0.053,-0.01,0.0572118,53.7705
60,90,0.02,20.95,0.053,-0.01,0.0436432,41.018
61,91,0.02,20.951,0.053,-0.01,0.0260475,24.4808
62,92,0.02,20.95,0.053,-0.007,0.0399571,37.5536
63,93,0.02,20.95,0.053,0.004,0.013213,12.4183
64,94,0.02,20.951,0.054,-0.004,0.0221213,20.7907
65,95,0.02,20.951,0.054,-0.002,0.0321808,30.2451
66,96,0.02,20.95,0.053,0,0.0373555,35.1086
67,97,0.02,20.952,0.054,-0.014,0.0309351,29.0743
68,98,0.02,20.95,0.054,-0.02,0.0282057,26.5091
69,99,0.02,20.949,0.054,-0.035,0.0459539,43.1898
70,100,0.03,20.95,0.052,-0.023,0.0413379,38.8514
71,101,0.04,20.949,0.052,-0.008,0.054497,51.219
72,102,0.04,20.949,0.053,0.008,0.0394086,37.0382
73,103,0.03,20.949,0.053,-0.011,0.0206177,19.3775
74,104,0.03,20.95,0.053,0.014,0.0163405,15.3577
75,105,0.03,20.95,0.053,0.011,0.0231104,21.7203
76,106,0.03,20.949,0.053,0.001,0.0343566,32.2901
77,107,0.03,20.949,0.054,-0.003,0.0432782,40.675
78,108,0.03,20.949,0.053,-0.003,0.0519723,48.8461
79,109,0.03,20.95,0.053,0,0.044718,42.0282
80,110,0.03,20.95,0.053,-0.016,0.0439984,41.3519
81,111,0.03,20.95,0.054,-0.007,0.043811,41.1757
82,112,0.03,20.949,0.054,-0.011,0.0264219,24.8326
83,113,0.03,20.947,0.054,0.003,0.0233622,21.9569
84,114,0.03,20.947,0.054,0.016,0.0101299,9.5206
85,115,0.03,20.948,0.054,0.001,0.033643,31.6194
86,116,0.03,20.952,0.054,0.004,0.029362,27.5959
87,117,0.03,20.95,0.054,-0.006,0.044002,41.3552
88,118,0.03,20.95,0.054,-0.01,0.047855,44.9765
89,119,0.04,20.949,0.054,-0.018,0.0644748,60.5966
90,120,0.04,20.949,0.054,-0.016,0.0416422,39.1374
91,121,0.04,20.95,0.054,-0.011,0.0309054,29.0465
92,122,0.04,20.949,0.053,-0.006,0.0229273,21.5482
93,123,0.04,20.948,0.053,0.002,0.0338493,31.8132
94,124,0.04,20.95,0.054,0.005,0.0400251,37.6175
95,125,0.04,20.95,0.053,0.021,0.0248195,23.3266
96,126,0.04,20.949,0.054,-0.005,0.043269,40.6664
97,127,0.04,20.95,0.054,-0.002,0.0565026,53.1039
98,128,0.04,20.95,0.054,-0.01,0.0604222,56.7878
99,129,0.04,20.949,0.054,-0.015,0.047276,44.4323
100,130,0.04,20.949,0.054,-0.026,0.0395665,37.1865
101,131,0.04,20.948,0.054,-0.009,0.0285178,26.8024
102,132,0.04,20.949,0.053,0.002,0.03276,30.7895
103,133,0.04,20.949,0.054,0.01,0.0282384,26.5399
104,134,0.04,20.949,0.054,0.004,0.0246898,23.2047
105,135,0.04,20.948,0.054,-0.003,0.0330524,31.0643
106,136,0.04,20.948,0.054,0.007,0.0323255,30.3811
107,137,0.04,20.949,0.054,-0.005,0.0542345,50.9723
108,138,0.04,20.948,0.053,-0.018,0.0622265,58.4835
109,139,0.04,20.948,0.054,-0.026,0.0480165,45.1283
110,140,0.04,20.949,0.054,-0.019,0.0497976,46.8022
111,141,0.04,20.95,0.054,-0.007,0.0315936,29.6932
112,142,0.04,20.949,0.054,0.009,0.0241561,22.7031
113,143,0.04,20.948,0.054,0,0.0151401,14.2294
114,144,0.04,20.949,0.054,0.004,0.0106695,10.0278
115,145,0.05,20.949,0.054,0.007,0.0122926,11.5532
116,146,0.05,20.949,0.054,0.005,0.034595,32.5141
117,147,0.05,20.948,0.054,0,0.0368823,34.6638
118,148,0.05,20.949,0.054,-0.021,0.0343403,32.2747
119,149,0.05,20.949,0.054,-0.023,0.0482977,45.3926
120,150,0.05,20.948,0.053,-0.009,0.0250582,23.5509
121,151,0.05,20.948,0.053,-0.005,0.028645,26.922
122,152,0.05,20.947,0.052,0.006,0.0209083,19.6506
123,153,0.05,20.948,0.053,0.01,0.0208088,19.5571
124,154,0.05,20.949,0.053,0.022,0.0122648,11.527
125,155,0.05,20.948,0.053,0.012,0.0293533,27.5877
126,156,0.05,20.951,0.053,0.015,0.035724,33.5751
127,157,0.05,20.95,0.054,-0.005,0.049963,46.9577
128,158,0.05,20.95,0.053,-0.009,0.0448754,42.1761
129,159,0.05,20.95,0.053,-0.005,0.0381843,35.8875
130,160,0.05,20.95,0.053,-0.013,0.0502242,47.2032
131,161,0.05,20.949,0.052,-0.002,0.0329467,30.9649
132,162,0.05,20.951,0.053,0.001,0.0323595,30.4131
133,163,0.06,20.95,0.053,0.007,0.0271257,25.494
134,164,0.06,20.95,0.053,0.012,0.0297172,27.9297
135,165,0.06,20.949,0.053,0.015,0.0315504,29.6526
136,166,0.06,20.95,0.053,0.004,0.0103694,9.7457
137,167,0.06,20.949,0.053,-0.002,0.0429882,40.4024
138,168,0.06,20.949,0.053,-0.021,0.0479787,45.0928
139,169,0.06,20.95,0.053,-0.015,0.0468428,44.0252
140,170,0.06,20.95,0.053,-0.004,0.0322136,30.2759
141,171,0.06,20.949,0.053,-0.016,0.0343013,32.238
142,172,0.06,20.949,0.053,-0.004,0.0133682,12.5641
143,173,0.06,20.95,0.053,0.001,0.0302119,28.3947
144,174,0.06,20.949,0.053,0.006,0.0286705,26.946
145,175,0.06,20.949,0.053,-0.001,0.0159154,14.9581
146,176,0.06,20.95,0.053,0.007,0.0330227,31.0364
147,177,0.06,20.948,0.054,0.012,0.0516138,48.5092
148,178,0.06,20.951,0.053,-0.014,0.0530732,49.8809
149,179,0.06,20.95,0.053,-0.004,0.0390937,36.7422
150,180,0.06,20.947,0.053,-0.012,0.0413564,38.8688
151,181,0.06,20.949,0.054,0.001,0.0273077,25.6651
152,182,0.06,20.949,0.053,0.003,0.0370266,34.7994
153,183,0.06,20.948,0.053,0.014,0.0326217,30.6595
154,184,0.07,20.95,0.053,0.008,0.0125633,11.8076
155,185,0.07,20.948,0.052,0.005,0.026157,24.5836
156,186,0.07,20.949,0.052,0.008,0.026352,24.7669
157,187,0.07,20.951,0.052,-0.008,0.0452478,42.5261
158,188,0.07,20.951,0.052,-0.015,0.035517,33.3806
159,189,0.07,20.949,0.052,-0.021,0.0458738,43.1145
160,190,0.07,20.95,0.053,-0.009,0.0450383,42.3292
161,191,0.07,20.95,0.053,-0.012,0.0386625,36.337
162,192,0.07,20.95,0.052,-0.004,0.0285229,26.8072
163,193,0.07,20.951,0.052,-0.007,0.0263297,24.746
164,194,0.07,20.95,0.053,-0.003,0.0219665,20.6452
165,195,0.07,20.95,0.052,0.015,0.0229686,21.587
166,196,0.07,20.95,0.053,0.003,0.031564,29.6654
167,197,0.07,20.95,0.053,0.007,0.0316865,29.7806
168,198,0.07,20.949,0.053,-0.011,0.0360122,33.846
169,199,0.07,20.949,0.052,-0.011,0.0409938,38.528
170,200,0.07,20.951,0.053,-0.02,0.0485255,45.6067
171,201,0.07,20.951,0.053,-0.015,0.0289232,27.1834
172,202,0.07,20.95,0.053,-0.005,0.0376098,35.3476
173,203,0.07,20.949,0.052,0,0.0274751,25.8225
174,204,0.07,20.95,0.052,0.008,0.030216,28.3985
175,205,0.07,20.949,0.052,0.012,0.0284387,26.7281
176,206,0.07,20.949,0.053,0.011,0.0115051,10.813
177,207,0.07,20.949,0.053,-0.003,0.0243865,22.9197
178,208,0.07,20.95,0.053,0.002,0.0246274,23.1461
179,209,0.07,20.949,0.053,-0.012,0.0478766,44.9968
180,210,0.07,20.951,0.053,-0.012,0.047484,44.6278
181,211,0.07,20.95,0.053,-0.019,0.0473454,44.4975
182,212,0.07,20.95,0.053,-0.005,0.0300292,28.2229
183,213,0.07,20.951,0.053,-0.009,0.02226,20.921
184,214,0.08,20.95,0.052,0.001,0.0184882,17.3761
185,215,0.08,20.95,0.053,-0.001,0.0304015,28.5729
186,216,0.08,20.95,0.053,0.01,0.0331852,31.1891
187,217,0.08,20.948,0.053,0.016,0.0329713,30.988
188,218,0.09,20.95,0.053,0.004,0.0485998,45.6765
189,219,0.09,20.95,0.053,0.004,0.0373876,35.1387
190,220,0.09,20.95,0.053,-0.014,0.0544818,51.2047
191,221,0.09,20.949,0.053,-0.018,0.0384312,36.1195
192,222,0.08,20.95,0.053,-0.013,0.0381581,35.8628
193,223,0.08,20.949,0.053,-0.001,0.0405121,38.0753
194,224,0.08,20.95,0.053,0.001,0.046929,44.1062
195,225,0.08,20.951,0.054,0.009,0.0333052,31.3019
196,226,0.08,20.95,0.054,0.007,0.0275688,25.9105
197,227,0.08,20.948,0.055,0.004,0.0412083,38.7296
198,228,0.08,20.948,0.055,0.003,0.0470802,44.2483
199,229,0.09,20.948,0.055,-0.007,0.0476584,44.7917
200,230,0.09,20.947,0.055,0.009,0.0334905,31.476
201,231,0.09,20.946,0.054,-0.016,0.0434125,40.8012
202,232,0.09,20.948,0.055,-0.005,0.0554314,52.0972
203,233,0.09,20.949,0.055,-0.001,0.0307883,28.9363
204,234,0.09,20.948,0.054,0.001,0.01309,12.3026
205,235,0.09,20.947,0.054,0.001,0.0205395,19.3041
206,236,0.09,20.946,0.055,0.009,0.0316777,29.7723
207,237,0.09,20.947,0.055,0.013,0.0464054,43.6141
208,238,0.09,20.947,0.055,0.005,0.0609295,57.2646
209,239,0.09,20.946,0.055,0,0.0456635,42.9168
210,240,0.09,20.946,0.054,-0.011,0.0560468,52.6756
211,241,0.09,20.948,0.054,-0.001,0.0591831,55.6232
212,242,0.09,20.949,0.054,0,0.0394454,37.0728
213,243,0.09,20.947,0.054,-0.007,0.0401155,37.7025
214,244,0.09,20.946,0.054,0.011,0.0285457,26.8286
215,245,0.09,20.947,0.054,0.023,0.0360927,33.9217
216,246,0.09,20.948,0.054,0.016,0.0161854,15.2119
217,247,0.09,20.948,0.054,0.01,0.0448445,42.1471
218,248,0.09,20.947,0.054,-0.003,0.0576284,54.162
219,249,0.09,20.947,0.054,-0.017,0.0558858,52.5242
220,250,0.09,20.947,0.053,-0.012,0.0563664,52.976
221,251,0.09,20.949,0.054,-0.012,0.0341131,32.0611
222,252,0.09,20.947,0.054,-0.02,0.0448988,42.1982
223,253,0.09,20.948,0.053,-0.002,0.0172005,16.1659
224,254,0.09,20.948,0.053,-0.001,0.0221341,20.8027
225,255,0.09,20.948,0.054,0.014,0.0313069,29.4238
226,256,0.1,20.947,0.054,0.006,0.0262819,24.7011
227,257,0.1,20.947,0.053,0.02,0.0259211,24.362
228,258,0.1,20.948,0.053,-0.011,0.0395609,37.1813
229,259,0.1,20.949,0.053,-0.017,0.043962,41.3176
230,260,0.1,20.948,0.053,-0.02,0.0395707,37.1905
231,261,0.1,20.949,0.053,-0.021,0.052389,49.2377
232,262,0.1,20.949,0.053,-0.005,0.0559082,52.5453
233,263,0.1,20.95,0.053,-0.006,0.0368577,34.6406
234,264,0.1,20.948,0.053,0.02,0.0145992,13.7211
235,265,0.1,20.948,0.054,0.015,0.0329918,31.0074
236,266,0.11,20.948,0.053,0.01,0.0289713,27.2287
237,267,0.11,20.947,0.053,0.007,0.0282351,26.5368
238,268,0.11,20.949,0.053,0.007,0.0436434,41.0183
239,269,0.11,20.949,0.054,-0.005,0.0338897,31.8512
240,270,0.11,20.949,0.054,-0.015,0.0535418,50.3212
241,271,0.11,20.95,0.053,-0.011,0.0313717,29.4847
242,272,0.11,20.95,0.053,-0.012,0.0533131,50.1063
243,273,0.11,20.948,0.054,-0.006,0.032094,30.1635
244,274,0.11,20.946,0.053,-0.004,0.0285586,26.8407
245,275,0.11,20.949,0.053,0.013,0.0156289,14.6888
246,276,0.11,20.95,0.053,0.01,0.034708,32.6203
247,277,0.11,20.947,0.055,0.004,0.0337855,31.7533
248,278,0.11,20.949,0.055,-0.007,0.0298087,28.0157
249,279,0.11,20.951,0.054,-0.002,0.0552723,51.9476
250,280,0.11,20.947,0.054,-0.001,0.0393483,36.9815
251,281,0.11,20.949,0.054,-0.014,0.037947,35.6644
252,282,0.11,20.948,0.054,0.001,0.0393858,37.0167
253,283,0.11,20.949,0.054,-0.015,0.037041,34.8129
254,284,0.11,20.948,0.054,0.005,0.015368,14.4436
255,285,0.11,20.948,0.053,0.008,0.0241474,22.6949
256,286,0.11,20.948,0.053,0.012,0.0469301,44.1072
257,287,0.11,20.95,0.053,-0.001,0.0366479,34.4435
258,288,0.11,20.949,0.053,0,0.0425634,40.0032
259,289,0.11,20.949,0.053,0.008,0.0350194,32.913
260,290,0.11,20.948,0.054,-0.016,0.0487503,45.818
261,291,0.12,20.948,0.053,-0.006,0.0409001,38.44
262,292,0.12,20.949,0.053,-0.004,0.0545071,51.2285
263,293,0.12,20.949,0.054,-0.005,0.0546608,51.373
264,294,0.12,20.949,0.054,0.001,0.0247792,23.2887
265,295,0.12,20.948,0.053,0.016,0.0229495,21.5691
266,296,0.12,20.949,0.053,0.009,0.0266488,25.0459
267,297,0.12,20.949,0.053,-0.003,0.0299588,28.1568
268,298,0.12,20.947,0.054,-0.003,0.0434026,40.7919
269,299,0.12,20.949,0.054,-0.009,0.0609501,57.284
270,300,0.12,20.949,0.054,-0.007,0.0512469,48.1643
271,301,0.12,20.95,0.054,-0.01,0.0598834,56.2814
272,302,0.12,20.948,0.055,0.002,0.0521478,49.0111
273,303,0.12,20.947,0.055,-0.012,0.0481904,45.2917
274,304,0.12,20.947,0.054,-0.007,0.0395358,37.1577
275,305,0.12,20.946,0.054,0.017,0.0314349,29.5441
276,306,0.12,20.947,0.055,0.018,0.0234809,22.0686
277,307,0.12,20.947,0.055,0.014,0.0491291,46.1739
278,308,0.12,20.947,0.055,0.001,0.0607965,57.1396
279,309,0.12,20.949,0.055,-0.007,0.0502251,47.204
280,310,0.12,20.948,0.055,-0.018,0.0588434,55.304
281,311,0.12,20.947,0.054,-0.013,0.0642846,60.4179
282,312,0.12,20.948,0.055,-0.017,0.0539331,50.689
283,313,0.12,20.947,0.055,-0.01,0.045105,42.3919
284,314,0.13,20.947,0.055,-0.001,0.0333316,31.3267
285,315,0.13,20.946,0.055,0.007,0.0484707,45.5551
286,316,0.13,20.946,0.055,0.009,0.019156,18.0038
287,317,0.13,20.947,0.054,0.017,0.0195123,18.3386
288,318,0.13,20.947,0.055,-0.001,0.0363223,34.1375
289,319,0.13,20.946,0.055,-0.018,0.0538201,50.5828
290,320,0.13,20.947,0.055,-0.003,0.0646318,60.7442
291,321,0.13,20.946,0.055,-0.012,0.0653667,61.4348
292,322,0.13,20.946,0.055,-0.016,0.0441303,41.4759
293,323,0.13,20.946,0.055,-0.007,0.0375606,35.3013
294,324,0.13,20.946,0.054,-0.003,0.0329645,30.9817
295,325,0.13,20.947,0.054,0.004,0.0401625,37.7467
296,326,0.13,20.948,0.054,-0.001,0.0171397,16.1087
297,327,0.13,20.946,0.055,0.017,0.0367516,34.5409
298,328,0.13,20.948,0.054,0.011,0.0416255,39.1217
299,329,0.13,20.949,0.054,0.006,0.0445029,41.826
300,330,0.13,20.947,0.054,-0.011,0.0442941,41.6298
301,331,0.13,20.947,0.054,-0.02,0.0495091,46.5312
302,332,0.13,20.947,0.054,-0.026,0.0691051,64.9484
303,333,0.13,20.948,0.054,-0.01,0.0512778,48.1934
304,334,0.13,20.949,0.054,-0.004,0.0349224,32.8218
305,335,0.13,20.949,0.054,0.005,0.0182889,17.1889
306,336,0.13,20.948,0.054,0.002,0.0166709,15.6682
307,337,0.13,20.947,0.053,0.019,0.0353106,33.1867
308,338,0.13,20.948,0.054,-0.003,0.0356519,33.5074
309,339,0.13,20.949,0.054,-0.004,0.0451016,42.3887
310,340,0.13,20.948,0.054,-0.006,0.0464958,43.6991
311,341,0.13,20.948,0.053,-0.011,0.0508551,47.7962
312,342,0.13,20.949,0.053,-0.014,0.0370892,34.8583
313,343,0.13,20.949,0.053,-0.019,0.041026,38.5583
314,344,0.13,20.946,0.053,-0.012,0.0262293,24.6516
315,345,0.14,20.948,0.053,0.003,0.0386303,36.3067
316,346,0.14,20.948,0.052,0.019,0.0203244,19.1018
317,347,0.14,20.948,0.053,0.012,0.0069555,6.5371
318,348,0.14,20.95,0.052,0.003,0.0390033,36.6572
319,349,0.14,20.948,0.053,-0.001,0.043603,40.9803
320,350,0.14,20.949,0.053,-0.006,0.071718,67.4042
321,351,0.14,20.948,0.053,-0.002,0.0583933,54.8809
322,352,0.14,20.947,0.053,-0.011,0.0599489,56.343
323,353,0.14,20.948,0.053,-0.003,0.035858,33.7011
324,354,0.14,20.949,0.053,-0.007,0.0339156,31.8755
325,355,0.14,20.949,0.053,0.007,0.0278629,26.1869
326,356,0.14,20.949,0.053,0,0.0224685,21.117
327,357,0.14,20.948,0.053,0.008,0.0465647,43.7638
328,358,0.14,20.95,0.054,0.02,0.039777,37.3844
329,359,0.14,20.95,0.053,-0.001,0.0305382,28.7013
330,360,0.14,20.948,0.054,-0.005,0.0427751,40.2022
331,361,0.14,20.948,0.053,-0.038,0.0504188,47.3861
332,362,0.14,20.949,0.053,-0.023,0.0595107,55.9311
333,363,0.14,20.949,0.053,-0.025,0.0485256,45.6067
334,364,0.14,20.949,0.053,0.003,0.0317868,29.8748
335,365,0.14,20.948,0.053,0.005,0.026874,25.2575
336,366,0.14,20.948,0.053,0.001,0.0369098,34.6897
337,367,0.14,20.95,0.053,0.006,0.0199642,18.7633
338,368,0.14,20.95,0.053,-0.008,0.0253344,23.8106
339,369,0.14,20.948,0.053,0.004,0.0315605,29.6621
340,370,0.14,20.947,0.054,0.003,0.0353639,33.2367
341,371,0.15,20.949,0.054,-0.01,0.0360984,33.927
342,372,0.15,20.949,0.054,-0.012,0.0430036,40.4169
343,373,0.15,20.948,0.053,-0.021,0.0284076,26.6988
344,374,0.15,20.948,0.053,-0.009,0.0390805,36.7298
345,375,0.15,20.948,0.054,0.002,0.0238304,22.397
346,376,0.15,20.949,0.054,0.01,0.0280845,26.3952
347,377,0.15,20.948,0.053,0.006,0.0325145,30.5587
348,378,0.15,20.947,0.053,0.017,0.0320877,30.1576
349,379,0.15,20.948,0.054,0.012,0.0323509,30.405
350,380,0.15,20.948,0.054,0.001,0.0398372,37.441
351,381,0.16,20.949,0.054,-0.002,0.0523613,49.2118
352,382,0.16,20.949,0.054,-0.008,0.0655642,61.6205
353,383,0.16,20.95,0.053,-0.005,0.0371461,34.9118
354,384,0.16,20.948,0.053,0,0.0371808,34.9444
355,385,0.16,20.95,0.053,0,0.0273437,25.699
356,386,0.16,20.948,0.053,0.014,0.0279981,26.314
357,387,0.16,20.948,0.053,0,0.0183732,17.2681
358,388,0.16,20.95,0.053,0.006,0.0080782,7.5923
359,389,0.16,20.948,0.053,0.006,0.0415938,39.0919
360,390,0.16,20.948,0.053,0.001,0.0589661,55.4193
361,391,0.16,20.949,0.054,-0.011,0.0637812,59.9447
362,392,0.16,20.95,0.053,-0.019,0.0441265,41.4723
363,393,0.16,20.949,0.053,-0.029,0.0394512,37.0782
364,394,0.16,20.949,0.052,-0.008,0.0273491,25.7041
365,395,0.16,20.95,0.052,-0.002,0.0294897,27.7159
366,396,0.16,20.949,0.052,0.002,0.0291067,27.356
367,397,0.16,20.95,0.053,0.011,0.0272655,25.6255
368,398,0.16,20.948,0.053,0.009,0.0357704,33.6188
369,399,0.16,20.95,0.053,0.019,0.0252441,23.7257
370,400,0.16,20.95,0.053,-0.003,0.0427711,40.1984
371,401,0.16,20.948,0.054,-0.014,0.0529987,49.8108
372,402,0.16,20.947,0.053,-0.019,0.0529243,49.7409
373,403,0.16,20.947,0.053,-0.014,0.0439867,41.3408
374,404,0.16,20.95,0.053,-0.01,0.0328378,30.8626
375,405,0.16,20.95,0.053,0.006,0.0337965,31.7636
376,406,0.16,20.949,0.053,0.004,0.0269355,25.3153
377,407,0.17,20.949,0.053,0.004,0.0327888,30.8165
378,408,0.17,20.949,0.053,0.006,0.0356554,33.5107
379,409,0.17,20.949,0.053,-0.007,0.019879,18.6832
380,410,0.17,20.95,0.053,0.003,0.0465973,43.7945
381,411,0.17,20.95,0.053,-0.008,0.0498834,46.8829
382,412,0.17,20.949,0.053,-0.023,0.0533023,50.0961
383,413,0.17,20.95,0.052,-0.018,0.0390908,36.7395
384,414,0.17,20.949,0.053,-0.009,0.0375134,35.257
385,415,0.17,20.949,0.053,0.001,0.0250101,23.5058
386,416,0.17,20.949,0.054,-0.005,0.027794,26.1221
387,417,0.17,20.95,0.053,0.005,0.0297692,27.9786
388,418,0.17,20.949,0.053,0.006,0.0224644,21.1132
389,419,0.17,20.948,0.053,0.008,0.0562757,52.8907
390,420,0.17,20.947,0.053,0.013,0.0459145,43.1527
391,421,0.18,20.949,0.053,-0.017,0.051409,48.3167
392,422,0.18,20.95,0.053,-0.015,0.0342504,32.1902
393,423,0.18,20.949,0.053,-0.014,0.0317356,29.8267
394,424,0.18,20.948,0.053,-0.005,0.0321037,30.1726
395,425,0.18,20.949,0.053,-0.009,0.0380544,35.7654
396,426,0.18,20.95,0.053,0.003,0.0395053,37.1291
397,427,0.18,20.95,0.054,0.01,0.0308082,28.9551
398,428,0.18,20.948,0.053,0.002,0.050071,47.0592
399,429,0.18,20.949,0.053,0.01,0.0248715,23.3755
400,430,0.18,20.949,0.053,-0.016,0.0498977,46.8964
401,431,0.18,20.948,0.053,-0.011,0.0367029,34.4952
402,432,0.18,20.949,0.053,-0.017,0.0295327,27.7563
403,433,0.18,20.949,0.053,-0.005,0.0420973,39.5651
404,434,0.18,20.95,0.053,0.002,0.0522917,49.1463
405,435,0.18,20.949,0.053,-0.003,0.0421298,39.5957
406,436,0.18,20.95,0.053,0.001,0.0376965,35.429
407,437,0.18,20.948,0.053,-0.001,0.0290123,27.2672
408,438,0.18,20.948,0.053,0.007,0.0564086,53.0156
409,439,0.18,20.948,0.053,-0.001,0.0167501,15.7426
410,440,0.18,20.946,0.053,0.008,0.0358825,33.7241
411,441,0.18,20.949,0.053,-0.015,0.0380321,35.7444
412,442,0.18,20.949,0.054,-0.007,0.0354748,33.341
413,443,0.18,20.95,0.053,-0.002,0.047357,44.5084
414,444,0.18,20.95,0.053,-0.008,0.0295607,27.7826
415,445,0.18,20.949,0.053,-0.012,0.0354483,33.316
416,446,0.19,20.948,0.053,-0.003,0.0208472,19.5932
417,447,0.19,20.948,0.053,0.001,0.0236843,22.2597
418,448,0.19,20.948,0.053,0.019,0.0216227,20.3221
419,449,0.19,20.946,0.052,-0.007,0.030601,28.7604
420,450,0.19,20.946,0.052,0.007,0.040754,38.3026
421,451,0.19,20.951,0.053,-0.006,0.0533034,50.0972
422,452,0.19,20.95,0.053,-0.004,0.0472495,44.4075
423,453,0.19,20.949,0.053,-0.002,0.0383972,36.0876
424,454,0.19,20.949,0.053,-0.008,0.0426497,40.0843
425,455,0.19,20.948,0.053,-0.001,0.0224058,21.0581
426,456,0.19,20.95,0.053,0.003,0.0297143,27.927
427,457,0.19,20.948,0.053,0.012,0.0301615,28.3473
428,458,0.19,20.949,0.053,0.009,0.0334899,31.4755
429,459,0.19,20.949,0.052,0.016,0.0327858,30.8138
430,460,0.19,20.948,0.053,0.004,0.0532525,50.0494
431,461,0.19,20.949,0.053,-0.007,0.0581378,54.6408
432,462,0.19,20.949,0.053,-0.018,0.0486841,45.7557
433,463,0.19,20.949,0.052,-0.013,0.0472264,44.3857
434,464,0.19,20.949,0.054,-0.004,0.0308119,28.9585
435,465,0.19,20.949,0.053,-0.005,0.03735,35.1034
436,466,0.2,20.948,0.053,0.01,0.0356313,33.4881
437,467,0.2,20.949,0.053,0.004,0.0220203,20.6957
438,468,0.2,20.949,0.053,0.003,0,0
439,469,0.2,20.949,0.053,-0.004,0.0195934,18.4149
440,470,0.2,20.95,0.053,-0.004,0.0461287,43.354
441,471,0.2,20.95,0.052,-0.018,0.0398846,37.4855
442,472,0.2,20.949,0.053,-0.022,0.0482624,45.3594
443,473,0.2,20.949,0.053,-0.014,0.0565304,53.1301
444,474,0.2,20.949,0.053,-0.013,0.0451563,42.4402
445,475,0.2,20.949,0.053,0.003,0.0394167,37.0458
446,476,0.2,20.949,0.053,-0.008,0.0238221,22.3892
447,477,0.2,20.95,0.053,-0.002,0.0165873,15.5896
448,478,0.2,20.949,0.052,0.011,0.0038409,3.6099
449,479,0.2,20.949,0.053,0.024,0.037904,35.624
450,480,0.2,20.951,0.053,0.013,0.0522116,49.071
451,481,0.2,20.949,0.053,-0.012,0.0377607,35.4894
452,482,0.2,20.949,0.053,-0.011,0.0418355,39.3191
453,483,0.2,20.95,0.053,-0.013,0.0514781,48.3817
454,484,0.2,20.949,0.053,-0.017,0.0470657,44.2347
455,485,0.2,20.948,0.052,-0.011,0.0384099,36.0995
456,486,0.2,20.949,0.053,-0.004,0.0415458,39.0468
457,487,0.2,20.949,0.053,0.004,0.0308335,28.9789
458,488,0.21,20.95,0.053,0.011,0.0340697,32.0204
459,489,0.21,20.95,0.053,0.023,0.0302,28.3835
460,490,0.21,20.95,0.053,-0.004,0.0415403,39.0417
461,491,0.21,20.949,0.053,-0.013,0.0604776,56.8399
462,492,0.21,20.948,0.053,-0.004,0.0502113,47.191
463,493,0.21,20.949,0.053,-0.007,0.0365132,34.3169
464,494,0.21,20.949,0.052,-0.012,0.0381598,35.8644
465,495,0.21,20.948,0.054,-0.007,0.0358987,33.7394
466,496,0.21,20.948,0.052,0.004,0.0369261,34.705
467,497,0.21,20.947,0.052,-0.002,0.0377903,35.5172
468,498,0.21,20.948,0.053,0.004,0.0525528,49.3917
469,499,0.21,20.949,0.053,0,0.0264901,24.8967
470,500,0.22,20.949,0.053,0.003,0.0509757,47.9095
471,501,0.22,20.949,0.052,-0.013,0.0528784,49.6978
472,502,0.22,20.95,0.052,-0.024,0.0543658,51.0957
473,503,0.22,20.949,0.053,-0.009,0.0451389,42.4238
474,504,0.22,20.948,0.052,-0.008,0.0564848,53.0872
475,505,0.22,20.95,0.053,-0.003,0.0339573,31.9148
476,506,0.22,20.949,0.053,0.003,0.037676,35.4097
477,507,0.22,20.948,0.052,0.002,0.0300089,28.2038
478,508,0.22,20.948,0.052,-0.003,0.0335877,31.5674
479,509,0.22,20.949,0.053,-0.016,0.0419357,39.4132
480,510,0.22,20.949,0.053,0.006,0.0348794,32.7814
481,511,0.22,20.949,0.052,-0.012,0.052865,49.6852
482,512,0.22,20.948,0.053,-0.016,0.0464243,43.6319
483,513,0.22,20.949,0.053,-0.018,0.0620396,58.3079
484,514,0.22,20.949,0.053,-0.012,0.0367837,34.5711
485,515,0.22,20.949,0.053,-0.012,0.0481762,45.2784
486,516,0.22,20.947,0.053,0,0.0368526,34.6359
487,517,0.22,20.949,0.053,-0.004,0.0275371,25.8807
488,518,0.22,20.949,0.053,0.008,0.0202184,19.0022
489,519,0.22,20.948,0.053,0.005,0.0283083,26.6056
490,520,0.22,20.948,0.053,-0.003,0.0353795,33.2514
491,521,0.22,20.948,0.053,-0.001,0.0395655,37.1856
492,522,0.22,20.949,0.053,-0.013,0.0413054,38.8208
493,523,0.22,20.948,0.053,-0.007,0.0260728,24.5045
494,524,0.22,20.948,0.053,-0.022,0.0385266,36.2092
495,525,0.22,20.948,0.053,-0.003,0.0261947,24.6191
496,526,0.22,20.949,0.053,-0.013,0.0278764,26.1997
497,527,0.23,20.949,0.053,0.002,0.0224265,21.0775
498,528,0.23,20.948,0.052,0.01,0.0285923,26.8725
499,529,0.23,20.948,0.053,0.018,0.0164004,15.4139
500,530,0.23,20.948,0.053,0.005,0.0386265,36.3031
501,531,0.23,20.949,0.052,0.003,0.0397601,37.3685
502,532,0.23,20.948,0.053,-0.004,0.0448593,42.161
503,533,0.23,20.949,0.052,-0.012,0.0557803,52.4251
504,534,0.23,20.95,0.053,0.003,0.0408337,38.3776
505,535,0.23,20.95,0.053,-0.005,0.0366486,34.4442
506,536,0.23,20.949,0.052,0.007,0.0164709,15.4801
507,537,0.23,20.949,0.053,0.002,0.0356484,33.5041
508,538,0.23,20.95,0.053,0.006,0.0329219,30.9416
509,539,0.23,20.95,0.053,0.009,0.031289,29.4069
510,540,0.23,20.948,0.053,0.016,0.0335076,31.4921
511,541,0.23,20.949,0.053,0,0.0123305,11.5888
512,542,0.23,20.948,0.053,-0.006,0.0425081,39.9512
513,543,0.23,20.949,0.053,-0.015,0.0429919,40.4059
514,544,0.23,20.95,0.053,-0.021,0.0498786,46.8784
515,545,0.23,20.949,0.053,-0.002,0.0411852,38.7079
516,546,0.23,20.948,0.052,0.002,0.032259,30.3186
517,547,0.23,20.948,0.052,0.012,0.0386591,36.3337
518,548,0.23,20.95,0.053,-0.001,0.0380903,35.7992
519,549,0.24,20.949,0.053,0.001,0.0310391,29.1721
520,550,0.24,20.949,0.053,0.002,0.0366167,34.4142
521,551,0.24,20.949,0.052,0.005,0.0481981,45.299
522,552,0.24,20.948,0.053,0.016,0.0332047,31.2074
523,553,0.24,20.95,0.053,-0.013,0.0470355,44.2063
524,554,0.24,20.95,0.053,-0.009,0.0378984,35.6188
525,555,0.24,20.949,0.053,-0.015,0.0368907,34.6717
526,556,0.24,20.949,0.053,-0.007,0.0301477,28.3343
527,557,0.24,20.949,0.053,0.001,0.0220599,20.7329
528,558,0.24,20.949,0.053,-0.004,0.0168648,15.8503
529,559,0.24,20.949,0.052,0.001,0.0234916,22.0785
530,560,0.24,20.948,0.052,0.008,0.031024,29.1579
531,561,0.24,20.948,0.053,0.003,0.0419931,39.4672
532,562,0.25,20.948,0.052,-0.009,0.0457229,42.9726
533,563,0.25,20.948,0.053,-0.003,0.0502009,47.1813
534,564,0.25,20.95,0.052,-0.018,0.0551734,51.8547
535,565,0.25,20.95,0.052,-0.007,0.047641,44.7754
536,566,0.25,20.95,0.052,-0.007,0.0353176,33.1932
537,567,0.25,20.95,0.053,-0.001,0.02642,24.8308
538,568,0.25,20.95,0.053,0.011,0.0162666,15.2882
539,569,0.25,20.949,0.053,0.011,0.0307106,28.8633
540,570,0.25,20.95,0.052,0.009,0.0251233,23.6122
541,571,0.25,20.949,0.052,0.008,0.0512401,48.158
542,572,0.25,20.948,0.053,0.003,0.0530878,49.8945
543,573,0.25,20.947,0.053,-0.011,0.0394091,37.0386
544,574,0.25,20.949,0.053,-0.016,0.0432898,40.6859
545,575,0.25,20.949,0.053,-0.02,0.0470591,44.2285
546,576,0.25,20.949,0.053,-0.009,0.0420982,39.566
547,577,0.25,20.948,0.053,-0.002,0.028322,26.6184
548,578,0.25,20.949,0.054,0.007,0.0483919,45.4811
549,579,0.25,20.949,0.053,0.02,0.033111,31.1193
550,580,0.25,20.948,0.053,0.008,0.0343545,32.2881
551,581,0.25,20.948,0.053,0.008,0.0295443,27.7672
552,582,0.25,20.949,0.053,-0.008,0.027716,26.0489
553,583,0.25,20.947,0.053,-0.013,0.0473678,44.5186
554,584,0.26,20.948,0.054,-0.005,0.0570865,53.6528
555,585,0.26,20.949,0.053,-0.015,0.0582498,54.746
556,586,0.26,20.95,0.053,-0.008,0.0339293,31.8884
557,587,0.26,20.948,0.053,-0.004,0.0376674,35.4017
558,588,0.26,20.948,0.053,0.005,0.036525,34.328
559,589,0.26,20.949,0.053,0,0.0318421,29.9268
560,590,0.26,20.946,0.052,0.01,0.034012,31.9661
561,591,0.26,20.947,0.052,0.005,0.0329693,30.9862
562,592,0.26,20.948,0.053,0.005,0.0682175,64.1142
563,593,0.26,20.949,0.054,0.001,0.070885,66.6212
564,594,0.26,20.95,0.053,-0.014,0.0429455,40.3623
565,595,0.26,20.949,0.053,-0.012,0.0452314,42.5107
566,596,0.26,20.947,0.053,-0.008,0.0547524,51.459
567,597,0.26,20.946,0.053,0.009,0.0260763,24.5078
568,598,0.26,20.947,0.053,0.001,0.0247314,23.2438
569,599,0.26,20.948,0.053,0.002,0.0151462,14.2351
570,600,0.26,20.948,0.053,0.006,0.0290618,27.3137
571,601,0.26,20.948,0.053,0,0.0370728,34.8429
572,602,0.26,20.949,0.052,0.006,0.0265832,24.9842
573,603,0.26,20.948,0.052,-0.026,0.0372071,34.969
574,604,0.26,20.948,0.053,-0.02,0.0610648,57.3917
575,605,0.26,20.946,0.053,-0.009,0.0433504,40.7429
576,606,0.26,20.949,0.053,-0.011,0.0435877,40.9659
577,607,0.26,20.949,0.053,-0.016,0.036241,34.0611
578,608,0.27,20.948,0.053,0.007,0.0268726,25.2562
579,609,0.27,20.949,0.053,0.013,0.0437119,41.0826
580,610,0.27,20.948,0.053,0.017,0.0302873,28.4655
581,611,0.27,20.949,0.053,0.009,0.0310946,29.2243
582,612,0.27,20.948,0.053,0.002,0.0348404,32.7448
583,613,0.27,20.948,0.053,0.002,0.0455538,42.8138
584,614,0.27,20.95,0.053,-0.008,0.0406816,38.2346
585,615,0.27,20.95,0.053,-0.017,0.0503129,47.2865
586,616,0.27,20.947,0.053,-0.014,0.0413607,38.8728
587,617,0.27,20.95,0.053,0,0.0341924,32.1357
588,618,0.27,20.947,0.053,-0.003,0.0326627,30.6981
589,619,0.27,20.949,0.053,0.002,0.0259882,24.425
590,620,0.27,20.95,0.053,-0.005,0.0172714,16.2325
591,621,0.27,20.948,0.053,-0.002,0.0361289,33.9557
592,622,0.27,20.95,0.053,0.003,0.0462528,43.4707
593,623,0.27,20.949,0.053,-0.006,0.0530106,49.822
594,624,0.27,20.95,0.053,-0.006,0.0336295,31.6066
595,625,0.27,20.948,0.053,-0.007,0.046183,43.4051
596,626,0.27,20.949,0.053,-0.015,0.0292387,27.48
597,627,0.27,20.949,0.053,-0.007,0.0345452,32.4673
598,628,0.28,20.949,0.053,0.004,0.0219419,20.6221
599,629,0.28,20.948,0.052,0.001,0.0303155,28.492
600,630,0.28,20.949,0.053,0.008,0.0383444,36.038
601,631,0.28,20.949,0.053,0.015,0.0386705,36.3444
602,632,0.28,20.949,0.053,0.007,0.0468037,43.9884
603,633,0.28,20.947,0.052,0.003,0.0393752,37.0068
604,634,0.28,20.946,0.053,-0.007,0.0494948,46.5177
605,635,0.28,20.947,0.053,-0.005,0.0431646,40.5682
606,636,0.28,20.95,0.053,-0.012,0.048778,45.844
607,637,0.28,20.949,0.053,0.009,0.0301861,28.3704
608,638,0.28,20.948,0.052,0.009,0.0270276,25.4019
609,639,0.28,20.947,0.052,0.012,0.0270006,25.3765
610,640,0.28,20.949,0.052,0.009,0.0219283,20.6093
611,641,0.28,20.948,0.052,0.006,0.037955,35.672
612,642,0.28,20.947,0.053,0.006,0.0413122,38.8272
613,643,0.28,20.947,0.052,-0.012,0.0488277,45.8907
614,644,0.28,20.949,0.052,0,0.05244,49.2857
615,645,0.28,20.948,0.053,-0.004,0.0473929,44.5422
616,646,0.28,20.947,0.053,-0.004,0.056089,52.7152
617,647,0.28,20.948,0.053,-0.014,0.0466105,43.8068
618,648,0.28,20.949,0.053,0.003,0.0322637,30.323
619,649,0.28,20.949,0.053,0.011,0.0418894,39.3698
620,650,0.29,20.948,0.053,0.016,0.0287553,27.0256
621,651,0.29,20.947,0.052,0.011,0.0424266,39.8746
622,652,0.29,20.949,0.053,0.001,0.0386238,36.3006
623,653,0.29,20.948,0.053,-0.003,0.0368715,34.6536
624,654,0.29,20.948,0.052,-0.009,0.0477705,44.8971
625,655,0.29,20.948,0.053,-0.016,0.0543033,51.0369
626,656,0.29,20.949,0.053,-0.013,0.0263909,24.8034
627,657,0.29,20.949,0.054,-0.016,0.0312614,29.3811
628,658,0.29,20.948,0.053,-0.009,0.0391779,36.8213
629,659,0.29,20.948,0.053,0.006,0.0296236,27.8417
630,660,0.29,20.948,0.053,0.002,0.0270684,25.4403
631,661,0.29,20.947,0.052,0.009,0.0446188,41.935
632,662,0.29,20.948,0.053,-0.003,0.0383785,36.07
633,663,0.29,20.948,0.054,0,0.0639965,60.1471
634,664,0.29,20.948,0.053,-0.005,0.0504743,47.4383
635,665,0.3,20.949,0.054,-0.009,0.0750285,70.5155
636,666,0.3,20.948,0.053,-0.02,0.0513931,48.3018
637,667,0.3,20.949,0.053,0.002,0.0497884,46.7936
638,668,0.3,20.95,0.054,0.002,0.028256,26.5564
639,669,0.3,20.949,0.052,-0.006,0.0479258,45.043
640,670,0.3,20.949,0.053,0.005,0.0232219,21.8251
641,671,0.3,20.949,0.053,0.006,0.0378711,35.5932
642,672,0.3,20.949,0.053,-0.005,0.0519545,48.8294
643,673,0.3,20.948,0.053,-0.004,0.0493544,46.3857
644,674,0.3,20.949,0.053,-0.024,0.0442855,41.6217
645,675,0.3,20.948,0.052,-0.017,0.0598701,56.2688
646,676,0.3,20.949,0.053,-0.034,0.0559069,52.5441
647,677,0.3,20.948,0.053,-0.012,0.0378576,35.5805
648,678,0.3,20.948,0.052,-0.01,0.0433701,40.7614
649,679,0.3,20.948,0.054,0.011,0.0391184,36.7654
650,680,0.3,20.948,0.053,-0.004,0.0276124,25.9515
651,681,0.3,20.947,0.053,0.019,0.0218043,20.4928
652,682,0.3,20.947,0.053,0.005,0.0328105,30.8369
653,683,0.3,20.947,0.053,-0.007,0.0497464,46.7541
654,684,0.3,20.947,0.054,-0.01,0.0543898,51.1182
655,685,0.3,20.948,0.054,-0.011,0.0545469,51.2659
656,686,0.3,20.949,0.054,-0.016,0.0549651,51.6589
657,687,0.31,20.947,0.053,-0.012,0.0553986,52.0663
658,688,0.31,20.947,0.053,0,0.0537844,50.5493
659,689,0.31,20.948,0.053,-0.004,0.0428577,40.2798
660,690,0.31,20.948,0.053,0,0.0368219,34.607
661,691,0.31,20.948,0.053,0.015,0.0394353,37.0632
662,692,0.31,20.947,0.053,0.011,0.0420743,39.5435
663,693,0.31,20.949,0.053,0.001,0.0501445,47.1283
664,694,0.31,20.949,0.053,-0.011,0.049998,46.9906
665,695,0.31,20.948,0.053,-0.009,0.0528996,49.7177
666,696,0.31,20.947,0.053,-0.01,0.0470329,44.2038
667,697,0.31,20.947,0.053,-0.011,0.0575171,54.0574
668,698,0.31,20.947,0.054,-0.011,0.0441385,41.4836
669,699,0.31,20.947,0.053,-0.011,0.0317626,29.8521
670,700,0.31,20.947,0.053,0.001,0.0323166,30.3728
671,701,0.31,20.947,0.053,0.002,0.0292052,27.4485
672,702,0.31,20.948,0.053,0.004,0.0347466,32.6566
673,703,0.31,20.947,0.053,-0.003,0.0391631,36.8075
674,704,0.31,20.948,0.053,-0.001,0.0455068,42.7696
675,705,0.31,20.946,0.053,-0.01,0.0586919,55.1615
676,706,0.31,20.948,0.053,-0.004,0.0441763,41.5191
677,707,0.31,20.946,0.053,-0.008,0.0488681,45.9287
678,708,0.31,20.948,0.052,-0.013,0.0461846,43.4066
679,709,0.32,20.947,0.053,0.001,0.0347094,32.6216
680,710,0.32,20.947,0.053,0.007,0.0415156,39.0184
681,711,0.32,20.948,0.053,0.006,0.0396379,37.2537
682,712,0.32,20.948,0.053,0.009,0.0482091,45.3093
683,713,0.32,20.948,0.053,0.009,0.0589751,55.4277
684,714,0.32,20.947,0.053,-0.005,0.0637782,59.9419
685,715,0.32,20.949,0.053,-0.016,0.0440115,41.3642
686,716,0.32,20.95,0.053,-0.019,0.0511524,48.0755
687,717,0.32,20.948,0.053,-0.01,0.0752187,70.6943
688,718,0.32,20.949,0.053,-0.015,0.0393902,37.0208
689,719,0.32,20.949,0.053,-0.007,0.0470493,44.2192
690,720,0.32,20.948,0.053,0.013,0.029728,27.9399
691,721,0.32,20.946,0.053,0.002,0.0385558,36.2366
692,722,0.32,20.947,0.053,-0.001,0.026656,25.0526
693,723,0.32,20.948,0.053,-0.004,0.0405724,38.132
694,724,0.32,20.947,0.053,-0.009,0.0449919,42.2856
695,725,0.32,20.946,0.054,-0.014,0.0578357,54.3569
696,726,0.32,20.946,0.053,-0.006,0.0639631,60.1157
697,727,0.33,20.948,0.053,-0.016,0.0663615,62.3699
698,728,0.33,20.949,0.053,-0.026,0.0365719,34.3721
699,729,0.33,20.946,0.053,-0.001,0.0483727,45.4631
700,730,0.33,20.948,0.053,0.001,0.0325411,30.5837
701,731,0.33,20.946,0.053,0.008,0.0270846,25.4555
702,732,0.33,20.948,0.053,0.005,0.0354101,33.2801
703,733,0.33,20.947,0.054,0.011,0.0487685,45.8351
704,734,0.33,20.948,0.054,-0.003,0.053366,50.156
705,735,0.33,20.948,0.053,-0.007,0.0533719,50.1615
706,736,0.33,20.948,0.053,-0.013,0.0485136,45.5955
707,737,0.33,20.947,0.053,-0.019,0.0389187,36.5777
708,738,0.33,20.947,0.053,-0.02,0.0432668,40.6643
709,739,0.33,20.947,0.053,0.002,0.0301836,28.3681
710,740,0.33,20.948,0.053,-0.009,0.0169514,15.9317
711,741,0.33,20.948,0.054,0.001,0.0413335,38.8473
712,742,0.33,20.949,0.053,0.01,0.0456778,42.9302
713,743,0.33,20.948,0.053,0.008,0.0566277,53.2215
714,744,0.33,20.947,0.053,-0.009,0.0498137,46.8174
715,745,0.33,20.948,0.053,-0.015,0.0626623,58.8932
716,746,0.33,20.948,0.054,-0.014,0.0671808,63.1398
717,747,0.33,20.948,0.054,-0.015,0.0612505,57.5663
718,748,0.33,20.949,0.054,-0.001,0.0444628,41.7884
719,749,0.34,20.948,0.053,0.005,0.0427682,40.1956
720,750,0.34,20.946,0.053,0.013,0.0241655,22.7119
721,751,0.34,20.947,0.053,0.025,0.0286095,26.8887
722,752,0.34,20.947,0.053,-0.002,0.0310486,29.181
723,753,0.34,20.948,0.053,-0.002,0.041957,39.4333
724,754,0.34,20.947,0.054,-0.007,0.0520386,48.9085
725,755,0.34,20.946,0.054,-0.002,0.0540566,50.805
726,756,0.34,20.946,0.054,-0.018,0.0747111,70.2172
727,757,0.34,20.947,0.054,-0.018,0.0611511,57.4728
728,758,0.34,20.946,0.053,-0.017,0.0351807,33.0645
729,759,0.34,20.947,0.053,-0.005,0.0342718,32.2104
730,760,0.34,20.948,0.054,0.001,0.0266203,25.0191
731,761,0.34,20.947,0.053,0.013,0.0292106,27.4535
732,762,0.34,20.948,0.053,0.004,0.0383405,36.0343
733,763,0.35,20.949,0.053,0.012,0.0401288,37.7151
734,764,0.35,20.947,0.053,-0.003,0.0444574,41.7833
735,765,0.35,20.948,0.053,-0.003,0.0634943,59.6751
736,766,0.35,20.946,0.054,-0.011,0.0593712,55.8
737,767,0.35,20.947,0.054,-0.024,0.0581027,54.6078
738,768,0.35,20.946,0.054,-0.012,0.0512751,48.1909
739,769,0.35,20.946,0.053,0.002,0.0527858,49.6107
740,770,0.35,20.948,0.053,0,0.0358939,33.7348
741,771,0.35,20.949,0.053,0.016,0.0341622,32.1074
742,772,0.35,20.947,0.053,0.008,0.0578991,54.4164
743,773,0.35,20.948,0.053,0.005,0.039778,37.3853
744,774,0.35,20.947,0.054,0.003,0.0523178,49.1708
745,775,0.35,20.947,0.053,-0.006,0.0664824,62.4835
746,776,0.35,20.948,0.054,-0.019,0.0499883,46.9815
747,777,0.35,20.947,0.053,-0.021,0.0419335,39.4111
748,778,0.35,20.948,0.053,-0.013,0.0465055,43.7081
749,779,0.35,20.947,0.053,-0.007,0.0306112,28.7699
750,780,0.35,20.947,0.053,-0.004,0.0485136,45.5954
751,781,0.35,20.946,0.053,0.008,0.0433092,40.7042
752,782,0.35,20.947,0.053,0.004,0.0307528,28.903
753,783,0.35,20.948,0.053,-0.008,0.0276393,25.9768
754,784,0.36,20.946,0.053,0.004,0.0502603,47.2372
755,785,0.36,20.947,0.053,-0.008,0.0697183,65.5247
756,786,0.36,20.947,0.053,-0.017,0.0601857,56.5655
757,787,0.36,20.946,0.053,-0.016,0.0632538,59.449
758,788,0.36,20.949,0.053,0.002,0.0336537,31.6295
759,789,0.36,20.947,0.053,-0.007,0.0355007,33.3653
760,790,0.36,20.948,0.053,0.007,0.0238041,22.3723
761,791,0.36,20.948,0.053,0.005,0.0150755,14.1687
762,792,0.36,20.945,0.053,0.001,0.0364244,34.2335
763,793,0.36,20.947,0.053,0.012,0.0408736,38.4151
764,794,0.36,20.947,0.053,0.01,0.0474728,44.6173
765,795,0.36,20.948,0.053,-0.006,0.0466397,43.8343
766,796,0.36,20.947,0.054,-0.013,0.0597775,56.1818
767,797,0.36,20.945,0.053,-0.006,0.0574004,53.9478
768,798,0.36,20.945,0.053,-0.018,0.0453946,42.6641
769,799,0.36,20.947,0.053,0.009,0.0435932,40.9711
770,800,0.36,20.947,0.053,0.003,0.0202973,19.0764
771,801,0.36,20.948,0.053,0.018,0.0291705,27.4159
772,802,0.36,20.947,0.053,0.022,0.0307498,28.9002
773,803,0.36,20.948,0.054,0.007,0.0453685,42.6396
774,804,0.37,20.947,0.054,-0.003,0.0502561,47.2332
775,805,0.37,20.948,0.053,0.001,0.0727584,68.382
776,806,0.37,20.946,0.053,0.002,0.0744936,70.0128
777,807,0.37,20.946,0.054,-0.015,0.0601728,56.5534
778,808,0.37,20.947,0.053,-0.005,0.0609727,57.3052
779,809,0.37,20.945,0.053,-0.006,0.042312,39.7669
780,810,0.37,20.948,0.053,0,0.0573648,53.9143
781,811,0.37,20.947,0.053,0.022,0.0248132,23.3207
782,812,0.37,20.947,0.053,0.014,0.0343753,32.3076
783,813,0.37,20.947,0.053,0.012,0.0330664,31.0774
784,814,0.37,20.947,0.053,-0.002,0.045857,43.0987
785,815,0.37,20.947,0.053,-0.011,0.0548143,51.5172
786,816,0.37,20.948,0.054,-0.027,0.0591077,55.5523
787,817,0.37,20.947,0.054,-0.024,0.0428064,40.2316
788,818,0.37,20.946,0.053,-0.017,0.0287439,27.015
789,819,0.37,20.947,0.053,-0.016,0.0295023,27.7277
790,820,0.37,20.947,0.053,0.001,0.0106035,9.9657
791,821,0.37,20.947,0.053,-0.003,0.0409294,38.4675
792,822,0.37,20.945,0.053,0.013,0.0383902,36.081
793,823,0.38,20.948,0.053,0.009,0.0512348,48.153
794,824,0.38,20.947,0.053,0.005,0.0437007,41.0721
795,825,0.38,20.948,0.053,-0.007,0.0550348,51.7245
796,826,0.38,20.948,0.052,-0.011,0.0455704,42.8294
797,827,0.38,20.947,0.054,-0.013,0.0661208,62.1436
798,828,0.38,20.947,0.053,-0.004,0.0495191,46.5405
799,829,0.38,20.948,0.053,0.009,0.0495864,46.6037
800,830,0.38,20.948,0.053,0.009,0.040239,37.8186
801,831,0.38,20.948,0.054,0.026,0.0504309,47.3975
802,832,0.38,20.948,0.053,0.006,0.0405901,38.1486
803,833,0.38,20.946,0.052,0.014,0.0352167,33.0984
804,834,0.38,20.945,0.052,-0.001,0.0449533,42.2493
805,835,0.38,20.946,0.053,0.001,0.0632932,59.4861
806,836,0.38,20.947,0.053,-0.01,0.0354828,33.3485
807,837,0.38,20.947,0.053,-0.002,0.0485998,45.6765
808,838,0.38,20.947,0.054,-0.026,0.0548433,51.5444
809,839,0.38,20.948,0.053,-0.001,0.0397894,37.3961
810,840,0.38,20.946,0.054,0,0.02631,24.7275
811,841,0.38,20.946,0.053,0.002,0.0288034,27.0709
812,842,0.38,20.947,0.053,-0.01,0.0137843,12.9551
813,843,0.38,20.948,0.053,0.003,0.0362098,34.0318
814,844,0.39,20.947,0.053,0.008,0.0371856,34.9489
815,845,0.39,20.947,0.053,-0.001,0.0487028,45.7733
816,846,0.39,20.947,0.053,-0.019,0.0541024,50.8481
817,847,0.39,20.947,0.054,-0.002,0.069355,65.1833
818,848,0.39,20.949,0.054,-0.005,0.0609437,57.2779
819,849,0.39,20.947,0.054,-0.006,0.0494466,46.4724
820,850,0.39,20.946,0.053,0.002,0.0364587,34.2657
821,851,0.39,20.947,0.053,0.016,0.0258711,24.3149
822,852,0.39,20.947,0.053,0.009,0.0248336,23.3398
823,853,0.39,20.948,0.052,0.014,0.0382585,35.9572
824,854,0.39,20.95,0.053,0.003,0.0455225,42.7843
825,855,0.39,20.948,0.053,0.001,0.0455925,42.8501
826,856,0.39,20.948,0.053,-0.004,0.0537635,50.5296
827,857,0.39,20.947,0.053,-0.01,0.0447606,42.0682
828,858,0.39,20.947,0.053,-0.023,0.0446841,41.9963
829,859,0.39,20.947,0.053,-0.012,0.0329552,30.9729
830,860,0.39,20.946,0.053,-0.01,0.0368937,34.6745
831,861,0.39,20.948,0.053,0.002,0.0444017,41.7309
832,862,0.39,20.948,0.053,0.012,0.0330224,31.0361
833,863,0.4,20.948,0.053,0.018,0.0295908,27.8109
834,864,0.4,20.947,0.053,0.005,0.0352987,33.1755
835,865,0.4,20.947,0.054,-0.007,0.0475981,44.7351
836,866,0.4,20.948,0.054,-0.002,0.050297,47.2716
837,867,0.4,20.947,0.054,-0.01,0.0571981,53.7576
838,868,0.4,20.947,0.053,-0.006,0.0354065,33.2768
839,869,0.4,20.948,0.053,-0.001,0.0473006,44.4554
840,870,0.4,20.947,0.053,0.01,0.0411894,38.7119
841,871,0.4,20.947,0.052,0.001,0.0079835,7.5033
842,872,0.4,20.948,0.053,0,0.0219497,20.6295
843,873,0.4,20.947,0.053,0.01,0.0538472,50.6083
844,874,0.4,20.947,0.054,0.013,0.0467899,43.9755
845,875,0.4,20.947,0.054,0.007,0.0473902,44.5397
846,876,0.4,20.947,0.054,0,0.0448831,42.1834
847,877,0.4,20.946,0.053,-0.003,0.0466429,43.8373
848,878,0.4,20.946,0.053,-0.022,0.0438295,41.1931
849,879,0.4,20.949,0.053,-0.001,0.0537871,50.5518
850,880,0.4,20.949,0.053,0.002,0.0389228,36.5816
851,881,0.4,20.946,0.053,0.003,0.0514197,48.3267
852,882,0.41,20.947,0.053,0.019,0.04371,41.0808
853,883,0.41,20.95,0.053,0.011,0.0511658,48.0882
854,884,0.41,20.949,0.054,-0.004,0.0568815,53.4601
855,885,0.41,20.946,0.053,-0.005,0.0478202,44.9438
856,886,0.41,20.947,0.053,-0.003,0.0534167,50.2036
857,887,0.41,20.947,0.054,-0.005,0.0715818,67.2761
858,888,0.41,20.948,0.054,-0.004,0.0559503,52.5849
859,889,0.41,20.947,0.053,-0.001,0.0463875,43.5972
860,890,0.41,20.947,0.052,-0.009,0.0320726,30.1434
861,891,0.41,20.947,0.053,0.001,0.0290579,27.3101
862,892,0.41,20.948,0.053,-0.003,0.0224014,21.054
863,893,0.41,20.946,0.053,0.005,0.0330502,31.0622
864,894,0.41,20.946,0.054,-0.007,0.0352256,33.1068
865,895,0.41,20.947,0.054,-0.014,0.0410633,38.5933
866,896,0.41,20.947,0.053,-0.01,0.0525476,49.3869
867,897,0.41,20.948,0.053,-0.008,0.0444315,41.7589
868,898,0.41,20.947,0.053,-0.02,0.0483464,45.4383
869,899,0.41,20.946,0.052,-0.007,0.0472819,44.4379
870,900,0.41,20.946,0.053,0.003,0.0467501,43.9381
871,901,0.41,20.946,0.053,0.011,0.0321919,30.2555
872,902,0.41,20.947,0.053,0.014,0.0351312,33.018
873,903,0.42,20.947,0.053,0.015,0.0398982,37.4983
874,904,0.42,20.948,0.054,0.005,0.0514795,48.383
875,905,0.42,20.948,0.053,0.002,0.0414436,38.9508
876,906,0.42,20.948,0.054,-0.002,0.0565172,53.1177
877,907,0.42,20.948,0.053,-0.009,0.0434565,40.8425
878,908,0.42,20.947,0.053,0,0.0581091,54.6138
879,909,0.42,20.947,0.053,0.001,0.0492948,46.3297
880,910,0.42,20.946,0.053,-0.003,0.0390206,36.6735
881,911,0.42,20.947,0.053,-0.003,0.0231815,21.7872
882,912,0.42,20.947,0.052,0.006,0.0411765,38.6997
883,913,0.42,20.948,0.053,0.009,0.0226569,21.294
884,914,0.42,20.947,0.053,0.003,0.0430846,40.4931
885,915,0.42,20.947,0.053,-0.012,0.0442129,41.5535
886,916,0.42,20.948,0.052,-0.007,0.0586114,55.0859
887,917,0.42,20.949,0.053,-0.006,0.0575754,54.1122
888,918,0.42,20.946,0.053,-0.001,0.0588943,55.3518
889,919,0.42,20.947,0.053,-0.009,0.0381713,35.8753
890,920,0.42,20.946,0.053,-0.006,0.0410319,38.5638
891,921,0.42,20.947,0.053,0.01,0.0341756,32.12
892,922,0.42,20.946,0.053,0.019,0.051214,48.1334
893,923,0.42,20.947,0.052,0.008,0.051577,48.4747
894,924,0.42,20.946,0.053,0.016,0.0551893,51.8696
895,925,0.42,20.948,0.053,0.001,0.0427004,40.1319
896,926,0.42,20.947,0.053,-0.005,0.0523257,49.1783
897,927,0.42,20.948,0.053,-0.015,0.0576992,54.2286
898,928,0.42,20.947,0.053,-0.012,0.0539563,50.7108
899,929,0.43,20.947,0.053,-0.018,0.0436358,41.0111
900,930,0.43,20.948,0.053,0,0.0370381,34.8102
901,931,0.43,20.948,0.053,-0.002,0.0433161,40.7106
902,932,0.43,20.948,0.053,0.004,0.0310781,29.2088
903,933,0.43,20.948,0.053,-0.012,0.0308556,28.9996
904,934,0.43,20.948,0.053,-0.007,0.0346558,32.5712
905,935,0.43,20.947,0.053,-0.011,0.0518234,48.7062
906,936,0.43,20.947,0.054,0.006,0.0401179,37.7048
907,937,0.43,20.946,0.053,-0.01,0.0349303,32.8292
908,938,0.43,20.947,0.053,-0.018,0.0289163,27.1769
909,939,0.43,20.948,0.053,-0.009,0.0297614,27.9712
910,940,0.43,20.947,0.053,-0.005,0.0402832,37.8601
911,941,0.44,20.948,0.053,0.001,0.0291845,27.4291
912,942,0.44,20.948,0.053,-0.008,0.0296217,27.84
913,943,0.44,20.949,0.053,0.002,0.0367165,34.5079
914,944,0.44,20.949,0.053,0.002,0.0145142,13.6412
915,945,0.44,20.949,0.053,0.009,0.0534162,50.2032
916,946,0.44,20.947,0.052,-0.002,0.0462415,43.4601
917,947,0.44,20.946,0.053,0.005,0.0656436,61.6951
918,948,0.44,20.947,0.053,-0.001,0.0598964,56.2936
919,949,0.44,20.949,0.053,-0.005,0.0550935,51.7796
920,950,0.44,20.951,0.053,-0.001,0.0471123,44.2785
921,951,0.44,20.95,0.053,0.003,0.0417653,39.2531
922,952,0.44,20.947,0.053,0.004,0.0204511,19.2209
923,953,0.44,20.949,0.053,0.008,0.0282819,26.5807
924,954,0.44,20.948,0.053,0.002,0.0237673,22.3377
925,955,0.44,20.948,0.052,0.018,0.0337193,31.6911
926,956,0.44,20.949,0.052,-0.009,0.0294186,27.6491
927,957,0.44,20.947,0.053,-0.01,0.0657133,61.7606
928,958,0.44,20.949,0.053,-0.021,0.0557458,52.3926
929,959,0.45,20.947,0.052,-0.014,0.0481172,45.2229
930,960,0.45,20.947,0.053,-0.015,0.0450677,42.3568
931,961,0.45,20.948,0.054,-0.008,0.046122,43.3477
932,962,0.45,20.948,0.053,-0.004,0.0362012,34.0237
933,963,0.45,20.948,0.054,0.017,0.0310367,29.1698
934,964,0.45,20.948,0.053,0.009,0.0261334,24.5615
935,965,0.45,20.948,0.053,0.014,0.0462824,43.4985
936,966,0.45,20.948,0.053,0.005,0.0619502,58.2238
937,967,0.45,20.948,0.054,0.018,0.0682364,64.132
938,968,0.45,20.946,0.053,-0.012,0.0622533,58.5088
939,969,0.45,20.945,0.054,-0.011,0.0680828,63.9876
940,970,0.45,20.947,0.053,-0.006,0.0493541,46.3855
941,971,0.45,20.947,0.053,-0.005,0.0455592,42.8188
942,972,0.45,20.948,0.053,-0.007,0.0288924,27.1545
943,973,0.45,20.948,0.053,0.007,0.0444204,41.7485
944,974,0.45,20.947,0.053,0.012,0.0346644,32.5793
945,975,0.45,20.947,0.053,0.016,0.0250661,23.5584
946,976,0.45,20.947,0.053,-0.002,0.0413406,38.8539
947,977,0.45,20.947,0.053,-0.017,0.0531168,49.9218
948,978,0.46,20.947,0.053,-0.023,0.0509975,47.9299
949,979,0.46,20.947,0.053,-0.018,0.0514963,48.3987
950,980,0.46,20.947,0.053,-0.022,0.0446405,41.9554
951,981,0.46,20.947,0.053,-0.006,0.0419135,39.3923
952,982,0.46,20.947,0.053,-0.006,0.0269473,25.3264
953,983,0.46,20.948,0.054,0.014,0.0437557,41.1238
954,984,0.46,20.947,0.053,-0.006,0.0253399,23.8157
955,985,0.46,20.948,0.053,0.004,0.0436824,41.0549
956,986,0.46,20.948,0.054,0.008,0.04507,42.359
957,987,0.46,20.949,0.054,0.001,0.0612253,57.5426
958,988,0.46,20.947,0.053,-0.015,0.0492623,46.2991
959,989,0.46,20.948,0.054,-0.012,0.0252889,23.7678
960,990,0.46,20.948,0.053,-0.014,0.0452533,42.5313
961,991,0.46,20.948,0.053,-0.001,0.0542896,51.024
962,992,0.46,20.947,0.053,0.002,0.0263298,24.7461
963,993,0.46,20.947,0.053,0.016,0.01961,18.4305
964,994,0.46,20.947,0.052,0.004,0.030071,28.2622
965,995,0.46,20.946,0.053,0.018,0.0329861,31.002
966,996,0.46,20.947,0.053,0,0.0471883,44.3499
967,997,0.46,20.947,0.053,-0.001,0.0673368,63.2865
968,998,0.47,20.947,0.053,-0.011,0.060012,56.4022
969,999,0.47,20.946,0.053,-0.009,0.0600108,56.4011
970,1000,0.47,20.948,0.053,0.003,0.046149,43.3731
971,1001,0.47,20.95,0.053,-0.012,0.0336212,31.5989
972,1002,0.47,20.949,0.053,-0.01,0.0205294,19.2945
973,1003,0.47,20.947,0.053,0.011,0.0428123,40.2372
974,1004,0.47,20.948,0.053,0.018,0.0351072,32.9955
975,1005,0.47,20.948,0.053,0.008,0.051713,48.6024
976,1006,0.47,20.948,0.053,0.005,0.0283499,26.6447
977,1007,0.47,20.948,0.053,-0.012,0.0451549,42.4388
978,1008,0.47,20.949,0.053,-0.022,0.0590907,55.5363
979,1009,0.47,20.947,0.053,-0.024,0.0463019,43.5168
980,1010,0.47,20.949,0.053,-0.01,0.0529292,49.7455
981,1011,0.47,20.946,0.053,-0.003,0.0416296,39.1255
982,1012,0.47,20.947,0.053,0.005,0.0265335,24.9375
983,1013,0.47,20.948,0.053,0.017,0.029232,27.4737
984,1014,0.47,20.948,0.053,-0.004,0.0261533,24.5802
985,1015,0.48,20.948,0.052,0.004,0.0329242,30.9438
986,1016,0.48,20.948,0.053,-0.011,0.0407489,38.2978
987,1017,0.48,20.948,0.054,0.01,0.0615957,57.8907
988,1018,0.48,20.948,0.053,-0.002,0.0515259,48.4266
989,1019,0.48,20.947,0.053,-0.015,0.0531927,49.9931
990,1020,0.48,20.947,0.053,-0.007,0.0548688,51.5684
991,1021,0.48,20.948,0.053,-0.009,0.0454215,42.6894
992,1022,0.48,20.947,0.053,0.002,0.0268875,25.2702
993,1023,0.48,20.947,0.053,0.016,0.0494169,46.4444
994,1024,0.48,20.947,0.053,0.013,0.0443412,41.6741
995,1025,0.48,20.947,0.053,0.007,0.0308872,29.0294
996,1026,0.48,20.949,0.053,0.005,0.033,31.0151
997,1027,0.48,20.948,0.053,-0.002,0.0417796,39.2666
998,1028,0.48,20.948,0.053,-0.016,0.0595275,55.9469
999,1029,0.48,20.947,0.053,-0.012,0.05783,54.3515
1000,1030,0.48,20.948,0.053,-0.018,0.0517202,48.6092
1001,1031,0.48,20.949,0.052,-0.01,0.0335253,31.5087
1002,1032,0.48,20.947,0.053,-0.006,0.0256192,24.0782
1003,1033,0.48,20.948,0.052,0.006,0.0447665,42.0738
1004,1034,0.48,20.949,0.053,-0.004,0.04667,43.8628
1005,1035,0.48,20.947,0.053,-0.005,0.0309116,29.0522
1006,1036,0.49,20.948,0.053,0.007,0.0405598,38.1201
1007,1037,0.49,20.948,0.053,0,0.0620299,58.2987
1008,1038,0.49,20.949,0.053,-0.003,0.0685254,64.4036
1009,1039,0.49,20.948,0.052,-0.019,0.043033,40.4445
1010,1040,0.49,20.948,0.053,-0.012,0.0421282,39.5941
1011,1041,0.49,20.947,0.053,-0.012,0.0393696,37.0015
1012,1042,0.49,20.948,0.053,0.005,0.0439763,41.3311
1013,1043,0.49,20.948,0.053,0.012,0.0227914,21.4205
1014,1044,0.49,20.948,0.052,-0.006,0.0370847,34.854
1015,1045,0.49,20.948,0.053,-0.001,0.0313895,29.5014
1016,1046,0.49,20.947,0.053,0.007,0.0492816,46.3173
1017,1047,0.49,20.948,0.053,0.003,0.0436171,40.9936
1018,1048,0.49,20.947,0.053,-0.017,0.0487588,45.826
1019,1049,0.49,20.947,0.053,-0.018,0.0399958,37.59
1020,1050,0.49,20.946,0.053,-0.004,0.0474681,44.6129
1021,1051,0.49,20.948,0.053,-0.008,0.0553567,52.027
1022,1052,0.49,20.949,0.053,0.005,0.0347252,32.6365
1023,1053,0.49,20.947,0.052,-0.006,0.0293188,27.5553
1024,1054,0.49,20.948,0.053,0.011,0.0247996,23.3079
1025,1055,0.49,20.949,0.054,0.006,0.0373021,35.0584
1026,1056,0.5,20.947,0.053,0.006,0.0203894,19.1629
1027,1057,0.5,20.948,0.053,-0.009,0.0528637,49.684
1028,1058,0.5,20.948,0.053,-0.009,0.0677672,63.691
1029,1059,0.5,20.949,0.053,-0.004,0.0611874,57.507
1030,1060,0.5,20.947,0.053,-0.006,0.0509701,47.9042
1031,1061,0.5,20.949,0.053,-0.009,0.0452784,42.5549
1032,1062,0.5,20.948,0.054,-0.02,0.0511722,48.0941
1033,1063,0.5,20.949,0.053,0.003,0.0296278,27.8457
1034,1064,0.5,20.948,0.053,0.004,0.0197065,18.5211
1035,1065,0.5,20.949,0.054,0.013,0.0299644,28.162
1036,1066,0.5,20.948,0.053,0.005,0.0353669,33.2396
1037,1067,0.5,20.947,0.053,0.012,0.0436963,41.068
1038,1068,0.5,20.949,0.054,-0.008,0.0404231,37.9916
1039,1069,0.5,20.947,0.054,-0.019,0.0698499,65.6484
1040,1070,0.51,20.946,0.054,-0.017,0.0664322,62.4363
1041,1071,0.51,20.947,0.053,-0.008,0.0599836,56.3755
1042,1072,0.51,20.947,0.053,-0.006,0.0472044,44.365
1043,1073,0.51,20.948,0.054,0.003,0.0305561,28.7181
1044,1074,0.51,20.945,0.053,0.012,0.0035452,3.332
1045,1075,0.51,20.947,0.053,0.013,0.0242357,22.7779
1046,1076,0.51,20.949,0.053,0.003,0.0467738,43.9603
1047,1077,0.51,20.949,0.053,0.008,0.0361753,33.9993
1048,1078,0.51,20.947,0.053,0,0.0669707,62.9424
1049,1079,0.51,20.947,0.053,-0.002,0.0600342,56.4232
1050,1080,0.51,20.948,0.053,-0.019,0.0443407,41.6736
1051,1081,0.51,20.946,0.053,-0.016,0.0483009,45.3956
1052,1082,0.51,20.946,0.054,-0.01,0.0497397,46.7479
1053,1083,0.51,20.946,0.054,-0.004,0.0384084,36.0982
1054,1084,0.51,20.947,0.053,0.011,0.0280204,26.3349
1055,1085,0.51,20.947,0.053,0.028,0.030869,29.0122
1056,1086,0.51,20.949,0.053,0.018,0.0439756,41.3305
1057,1087,0.51,20.947,0.053,0.007,0.0468929,44.0723
1058,1088,0.51,20.945,0.054,0.002,0.0452477,42.5261
1059,1089,0.51,20.948,0.053,-0.028,0.0598611,56.2605
1060,1090,0.51,20.948,0.053,-0.02,0.0338243,31.7898
1061,1091,0.51,20.948,0.054,-0.01,0.0490305,46.0813
1062,1092,0.52,20.949,0.053,-0.005,0.0392248,36.8655
1063,1093,0.52,20.947,0.053,-0.006,0.0526728,49.5045
1064,1094,0.52,20.947,0.053,0.005,0.0304625,28.6302
1065,1095,0.52,20.947,0.053,0.015,0.0286739,26.9491
1066,1096,0.52,20.947,0.053,0.007,0.0215833,20.2851
1067,1097,0.52,20.948,0.053,-0.005,0.0334698,31.4566
1068,1098,0.52,20.948,0.053,-0.003,0.0564784,53.0812
1069,1099,0.52,20.947,0.053,-0.001,0.0462467,43.4649
1070,1100,0.52,20.947,0.054,-0.019,0.05377,50.5357
1071,1101,0.52,20.948,0.053,-0.001,0.0612209,57.5385
1072,1102,0.52,20.949,0.053,-0.01,0.038631,36.3073
1073,1103,0.52,20.948,0.053,0.009,0.0339743,31.9308
1074,1104,0.52,20.946,0.053,-0.008,0.0300272,28.221
1075,1105,0.52,20.947,0.053,0.008,0.0247829,23.2922
1076,1106,0.52,20.948,0.053,0.009,0.044768,42.0752
1077,1107,0.52,20.948,0.053,0.011,0.0577964,54.3199
1078,1108,0.52,20.949,0.054,0,0.0583706,54.8596
1079,1109,0.52,20.949,0.054,-0.017,0.0555417,52.2009
1080,1110,0.52,20.948,0.054,-0.008,0.036587,34.3863
1081,1111,0.52,20.948,0.053,-0.01,0.0564325,53.038
1082,1112,0.52,20.947,0.053,-0.011,0.0317188,29.8109
1083,1113,0.52,20.946,0.053,-0.001,0.0346315,32.5484
1084,1114,0.53,20.948,0.053,0.009,0.0226712,21.3075
1085,1115,0.53,20.947,0.053,0.013,0.032482,30.5282
1086,1116,0.53,20.947,0.053,0.013,0.0250605,23.5531
1087,1117,0.53,20.948,0.053,-0.002,0.0302055,28.3886
1088,1118,0.53,20.947,0.053,-0.009,0.0476279,44.7631
1089,1119,0.53,20.946,0.053,-0.014,0.0513677,48.2779
1090,1120,0.53,20.947,0.053,-0.011,0.0672193,63.176
1091,1121,0.53,20.947,0.053,0.002,0.0605008,56.8617
1092,1122,0.53,20.948,0.053,-0.013,0.0424683,39.9138
1093,1123,0.53,20.947,0.052,0.007,0.030421,28.5912
1094,1124,0.53,20.948,0.053,0.005,0.0301707,28.3559
1095,1125,0.53,20.948,0.053,0.015,0.0286559,26.9322
1096,1126,0.53,20.948,0.053,0.015,0.0389814,36.6367
1097,1127,0.54,20.946,0.053,0.013,0.0581097,54.6143
1098,1128,0.54,20.948,0.053,0.008,0.0462439,43.4623
1099,1129,0.54,20.948,0.053,-0.008,0.0518123,48.6958
1100,1130,0.54,20.948,0.053,-0.008,0.0611139,57.4379
1101,1131,0.54,20.947,0.052,-0.022,0.0498223,46.8255
1102,1132,0.54,20.947,0.053,-0.009,0.0366241,34.4211
1103,1133,0.54,20.946,0.054,-0.003,0.0350404,32.9327
1104,1134,0.54,20.948,0.053,0.002,0.0320364,30.1094
1105,1135,0.54,20.949,0.053,0.008,0.0303521,28.5264
1106,1136,0.54,20.948,0.053,0.009,0.0201327,18.9217
1107,1137,0.54,20.948,0.053,0.004,0.0405788,38.138
1108,1138,0.54,20.947,0.053,-0.013,0.0580042,54.5152
1109,1139,0.54,20.947,0.052,-0.007,0.0515339,48.4341
1110,1140,0.54,20.948,0.052,-0.011,0.0601449,56.5271
1111,1141,0.54,20.948,0.053,-0.014,0.0412724,38.7898
1112,1142,0.54,20.947,0.054,-0.015,0.0550321,51.7219
1113,1143,0.54,20.949,0.053,0.006,0.0398191,37.4239
1114,1144,0.54,20.947,0.053,0.008,0.0427616,40.1895
1115,1145,0.54,20.947,0.053,0.011,0.0266282,25.0265
1116,1146,0.54,20.947,0.053,0.003,0.0393287,36.963
1117,1147,0.54,20.949,0.054,0.017,0.0511025,48.0287
1118,1148,0.54,20.948,0.053,0.002,0.0602988,56.6718
1119,1149,0.54,20.947,0.053,-0.013,0.0509269,47.8636
1120,1150,0.55,20.947,0.054,-0.007,0.0615399,57.8383
1121,1151,0.55,20.947,0.053,-0.016,0.061687,57.9765
1122,1152,0.55,20.947,0.053,-0.003,0.0334001,31.3911
1123,1153,0.55,20.948,0.054,-0.006,0.0548706,51.5701
1124,1154,0.55,20.946,0.054,-0.003,0.0384715,36.1575
1125,1155,0.55,20.948,0.054,0.005,0.0375866,35.3257
1126,1156,0.55,20.946,0.054,0.015,0.0419925,39.4666
1127,1157,0.55,20.947,0.053,0.003,0.0379353,35.6534
1128,1158,0.55,20.947,0.053,-0.007,0.0612119,57.5299
1129,1159,0.55,20.947,0.053,-0.016,0.0584581,54.9418
1130,1160,0.55,20.947,0.053,-0.006,0.0583706,54.8596
1131,1161,0.55,20.947,0.053,-0.011,0.0554518,52.1163
1132,1162,0.55,20.946,0.053,-0.017,0.0428087,40.2337
1133,1163,0.55,20.947,0.053,0.005,0.0350427,32.9348
1134,1164,0.55,20.948,0.053,-0.006,0.0223245,20.9817
1135,1165,0.55,20.946,0.053,0.005,0.0326509,30.687
1136,1166,0.56,20.947,0.053,0.006,0.0192181,18.0621
1137,1167,0.56,20.947,0.053,0.007,0.0263732,24.7868
1138,1168,0.56,20.946,0.053,-0.004,0.0371904,34.9534
1139,1169,0.56,20.949,0.053,-0.021,0.0401185,37.7054
1140,1170,0.56,20.948,0.053,-0.013,0.0601996,56.5785
1141,1171,0.56,20.947,0.053,-0.019,0.0617714,58.0558
1142,1172,0.56,20.948,0.053,-0.016,0.0609507,57.2845
1143,1173,0.56,20.948,0.053,-0.009,0.0417349,39.2245
1144,1174,0.56,20.949,0.053,0.004,0.0216287,20.3277
1145,1175,0.56,20.948,0.053,0.02,0.0367393,34.5294
1146,1176,0.56,20.947,0.053,0.015,0.0337716,31.7403
1147,1177,0.56,20.946,0.053,0.018,0.0387446,36.4141
1148,1178,0.56,20.948,0.053,0.016,0.0407924,38.3387
1149,1179,0.56,20.947,0.053,0.011,0.0443021,41.6373
1150,1180,0.56,20.946,0.053,0.004,0.0382521,35.9512
1151,1181,0.56,20.947,0.053,-0.015,0.0556506,52.3032
1152,1182,0.57,20.947,0.053,-0.017,0.0452934,42.569
1153,1183,0.57,20.947,0.053,-0.016,0.052079,48.9464
1154,1184,0.57,20.947,0.054,-0.003,0.0361836,34.0072
1155,1185,0.57,20.948,0.053,0.01,0.043269,40.6663
1156,1186,0.57,20.949,0.053,-0.003,0.0419945,39.4686
1157,1187,0.57,20.949,0.053,0.009,0.0372109,34.9727
1158,1188,0.57,20.947,0.053,0,0.0376039,35.342
1159,1189,0.57,20.948,0.053,-0.002,0.0523036,49.1576
1160,1190,0.57,20.948,0.053,-0.01,0.063472,59.6541
1161,1191,0.57,20.949,0.053,0,0.0562478,52.8645
1162,1192,0.57,20.948,0.053,-0.017,0.0475108,44.653
1163,1193,0.57,20.948,0.053,-0.002,0.0326764,30.7109
1164,1194,0.57,20.947,0.053,-0.007,0.0413985,38.9084
1165,1195,0.57,20.947,0.053,0.007,0.0466672,43.8601
1166,1196,0.57,20.947,0.053,-0.004,0.0368753,34.6572
1167,1197,0.57,20.948,0.053,-0.003,0.0454139,42.6822
1168,1198,0.57,20.948,0.053,-0.003,0.0396076,37.2252
1169,1199,0.57,20.949,0.053,0.001,0.0613751,57.6834
1170,1200,0.57,20.948,0.054,-0.004,0.0581692,54.6703
1171,1201,0.57,20.946,0.053,-0.02,0.0558007,52.4443
1172,1202,0.57,20.947,0.053,-0.007,0.0571173,53.6817
1173,1203,0.57,20.946,0.053,-0.013,0.060071,56.4577
1174,1204,0.58,20.949,0.054,0.006,0.0380238,35.7366
1175,1205,0.58,20.948,0.054,0.001,0.057391,53.9389
1176,1206,0.58,20.947,0.053,-0.003,0.0463368,43.5496
1177,1207,0.58,20.947,0.054,0.002,0.036598,34.3967
1178,1208,0.58,20.948,0.054,-0.002,0.047248,44.406
1179,1209,0.58,20.947,0.054,0.003,0.0489525,46.008
1180,1210,0.58,20.947,0.054,-0.017,0.063536,59.7143
1181,1211,0.58,20.947,0.053,-0.01,0.0502814,47.2569
1182,1212,0.58,20.946,0.054,-0.006,0.0522376,49.0955
1183,1213,0.58,20.946,0.054,-0.01,0.0472828,44.4387
1184,1214,0.58,20.946,0.054,-0.011,0.0420016,39.4752
1185,1215,0.58,20.946,0.053,0,0.0209297,19.6708
1186,1216,0.58,20.948,0.053,-0.008,0.0384557,36.1426
1187,1217,0.58,20.946,0.053,0.002,0.0339113,31.8715
1188,1218,0.58,20.946,0.053,0.006,0.0438826,41.243
1189,1219,0.58,20.947,0.054,0.002,0.0541925,50.9328
1190,1220,0.58,20.946,0.054,-0.001,0.0435944,40.9722
1191,1221,0.58,20.946,0.054,-0.019,0.0547482,51.455
1192,1222,0.58,20.947,0.054,-0.008,0.051166,48.0883
1193,1223,0.58,20.947,0.054,-0.008,0.0439077,41.2666
1194,1224,0.58,20.947,0.054,0,0.0319787,30.0552
1195,1225,0.58,20.946,0.054,0.001,0.0308335,28.9788
1196,1226,0.58,20.947,0.053,0.02,0.0214665,20.1753
1197,1227,0.59,20.947,0.053,0.009,0.013915,13.078
1198,1228,0.59,20.946,0.053,0.009,0.0320393,30.1121
1199,1229,0.59,20.947,0.053,0,0.0347955,32.7025
1200,1230,0.59,20.947,0.053,-0.009,0.0657104,61.7579
1201,1231,0.59,20.947,0.053,0,0.0573516,53.9018
1202,1232,0.59,20.947,0.053,-0.01,0.056721,53.3093
1203,1233,0.59,20.947,0.054,-0.008,0.0312303,29.3518
1204,1234,0.59,20.947,0.054,-0.005,0.0310178,29.1521
1205,1235,0.59,20.948,0.054,0.01,0.0332654,31.2644
1206,1236,0.59,20.947,0.054,0.016,0.0279939,26.3101
1207,1237,0.59,20.946,0.053,0.02,0.0395662,37.1863
1208,1238,0.59,20.947,0.053,0.023,0.0407931,38.3394
1209,1239,0.59,20.948,0.053,0.006,0.0587675,55.2326
1210,1240,0.59,20.948,0.053,0.003,0.0471123,44.2785
1211,1241,0.59,20.948,0.054,-0.021,0.0431193,40.5256
1212,1242,0.59,20.947,0.053,-0.013,0.0547828,51.4876
1213,1243,0.59,20.947,0.054,-0.021,0.0518715,48.7514
1214,1244,0.59,20.949,0.053,0.006,0.0506474,47.601
1215,1245,0.6,20.948,0.053,0.007,0.0280929,26.4031
1216,1246,0.6,20.948,0.053,0.01,0.0333356,31.3305
1217,1247,0.6,20.947,0.052,0.015,0.0245141,23.0396
1218,1248,0.6,20.947,0.052,0,0.0391365,36.7824
1219,1249,0.6,20.948,0.053,-0.001,0.0427204,40.1508
1220,1250,0.6,20.948,0.053,-0.02,0.0551235,51.8078
1221,1251,0.6,20.948,0.054,-0.008,0.0521567,49.0195
1222,1252,0.6,20.948,0.054,-0.01,0.0453001,42.5753
1223,1253,0.6,20.949,0.054,-0.01,0.0456207,42.8766
1224,1254,0.6,20.947,0.053,-0.013,0.040577,38.1362
1225,1255,0.6,20.948,0.053,-0.007,0.0315614,29.663
1226,1256,0.6,20.947,0.053,0.01,0.0468085,43.993
1227,1257,0.6,20.948,0.053,0.009,0.0191925,18.0381
1228,1258,0.6,20.947,0.054,0.013,0.0508526,47.7938
1229,1259,0.6,20.948,0.053,0.003,0.0562014,52.8208
1230,1260,0.6,20.947,0.053,-0.003,0.0735738,69.1483
1231,1261,0.6,20.948,0.053,-0.015,0.0502102,47.19
1232,1262,0.6,20.948,0.053,-0.008,0.0545514,51.2701
1233,1263,0.61,20.947,0.053,-0.006,0.0552359,51.9135
1234,1264,0.61,20.948,0.053,-0.006,0.0414436,38.9508
1235,1265,0.61,20.948,0.053,-0.006,0.0098654,9.272
1236,1266,0.61,20.949,0.053,0.007,0.0246818,23.1971
1237,1267,0.61,20.948,0.053,-0.004,0.0250103,23.5059
1238,1268,0.61,20.947,0.053,0.013,0.0452209,42.5008
1239,1269,0.61,20.949,0.052,-0.012,0.0367059,34.498
1240,1270,0.61,20.948,0.053,-0.015,0.0526834,49.5145
1241,1271,0.61,20.948,0.053,-0.028,0.0408467,38.3897
1242,1272,0.61,20.947,0.053,-0.01,0.0496892,46.7003
1243,1273,0.61,20.948,0.052,-0.014,0.0466658,43.8588
1244,1274,0.61,20.948,0.053,-0.014,0.0400804,37.6696
1245,1275,0.61,20.948,0.053,-0.003,0.0386541,36.329
1246,1276,0.61,20.948,0.053,0.022,0.0414398,38.9471
1247,1277,0.61,20.949,0.053,0.013,0.0343768,32.309
1248,1278,0.62,20.948,0.053,0.013,0.058644,55.1166
1249,1279,0.62,20.948,0.053,-0.001,0.045706,42.9568
1250,1280,0.62,20.947,0.053,0.002,0.0461119,43.3383
1251,1281,0.62,20.948,0.053,-0.013,0.0427862,40.2126
1252,1282,0.62,20.948,0.053,-0.002,0.0512505,48.1678
1253,1283,0.62,20.948,0.052,-0.006,0.0429123,40.3311
1254,1284,0.62,20.947,0.052,-0.007,0.0493662,46.3968
1255,1285,0.62,20.948,0.052,-0.005,0.0389859,36.6409
1256,1286,0.62,20.949,0.053,0.001,0.0212635,19.9845
1257,1287,0.62,20.948,0.053,0.003,0.0357431,33.5931
1258,1288,0.62,20.947,0.053,0.008,0.0555703,52.2277
1259,1289,0.62,20.947,0.053,-0.013,0.0483691,45.4597
1260,1290,0.62,20.947,0.053,-0.006,0.0543869,51.1155
1261,1291,0.62,20.948,0.053,-0.012,0.0664917,62.4922
1262,1292,0.62,20.949,0.053,-0.009,0.0611016,57.4263
1263,1293,0.62,20.949,0.053,-0.015,0.0603704,56.7391
1264,1294,0.62,20.949,0.053,0.001,0.0575955,54.1311
1265,1295,0.62,20.947,0.052,-0.005,0.0244941,23.0208
1266,1296,0.62,20.947,0.052,0.005,0.0180258,16.9416
1267,1297,0.62,20.947,0.053,0.017,0.0330343,31.0473
1268,1298,0.62,20.948,0.053,0.002,0.0290041,27.2595
1269,1299,0.62,20.948,0.054,-0.01,0.0231414,21.7494
1270,1300,0.63,20.947,0.053,-0.006,0.0323803,30.4326
1271,1301,0.62,20.947,0.053,-0.006,0.054877,51.5762
1272,1302,0.62,20.946,0.052,-0.018,0.0658205,61.8613
1273,1303,0.63,20.946,0.053,-0.01,0.0510263,47.9571
1274,1304,0.63,20.946,0.053,-0.01,0.0649523,61.0454
1275,1305,0.63,20.946,0.052,-0.013,0.0649276,61.0222
1276,1306,0.63,20.947,0.053,0.005,0.0409052,38.4447
1277,1307,0.63,20.95,0.053,0.019,0.0384545,36.1415
1278,1308,0.63,20.948,0.052,0.001,0.0449332,42.2305
1279,1309,0.63,20.949,0.053,0.005,0.0580868,54.5929
1280,1310,0.63,20.949,0.053,0.01,0.051692,48.5827
1281,1311,0.63,20.949,0.054,0.001,0.0704518,66.2141
1282,1312,0.63,20.949,0.054,-0.017,0.065164,61.2444
1283,1313,0.63,20.948,0.053,-0.021,0.0656105,61.664
1284,1314,0.63,20.947,0.054,-0.007,0.0729765,68.587
1285,1315,0.63,20.947,0.054,-0.006,0.0490408,46.091
1286,1316,0.63,20.944,0.054,-0.006,0.0347026,32.6152
1287,1317,0.63,20.944,0.054,0.012,0.0394414,37.069
1288,1318,0.63,20.945,0.054,0.013,0.0360911,33.9202
1289,1319,0.63,20.945,0.053,0.003,0.0388233,36.488
1290,1320,0.63,20.946,0.053,-0.004,0.0479932,45.1064
1291,1321,0.63,20.945,0.053,-0.002,0.0578719,54.3908
1292,1322,0.63,20.946,0.053,-0.011,0.0687996,64.6613
1293,1323,0.63,20.944,0.053,-0.01,0.0652735,61.3473
1294,1324,0.63,20.945,0.053,-0.011,0.0588685,55.3275
1295,1325,0.63,20.945,0.054,-0.018,0.0501509,47.1343
1296,1326,0.63,20.945,0.053,-0.001,0.0368558,34.6389
1297,1327,0.64,20.946,0.053,0.013,0.0451093,42.396
1298,1328,0.64,20.946,0.053,0.005,0.033435,31.4239
1299,1329,0.64,20.947,0.054,0.007,0.043461,40.8468
1300,1330,0.64,20.947,0.054,0.008,0.0502009,47.1813
1301,1331,0.64,20.946,0.055,-0.005,0.0545571,51.2755
1302,1332,0.64,20.947,0.054,-0.011,0.0673056,63.2572
1303,1333,0.64,20.946,0.054,-0.019,0.0749613,70.4523
1304,1334,0.64,20.946,0.054,-0.013,0.0610318,57.3607
1305,1335,0.64,20.945,0.054,-0.015,0.0454404,42.7071
1306,1336,0.64,20.947,0.054,-0.007,0.0190132,17.8695
1307,1337,0.64,20.947,0.054,0.01,0.0275011,25.8469
1308,1338,0.64,20.946,0.054,0.003,0.0484398,45.5261
1309,1339,0.64,20.946,0.054,0.013,0.0501086,47.0946
1310,1340,0.64,20.946,0.054,0.004,0.0489014,45.9599
1311,1341,0.64,20.946,0.054,-0.007,0.0608783,57.2164
1312,1342,0.64,20.947,0.054,-0.006,0.0494314,46.4581
1313,1343,0.64,20.946,0.054,-0.018,0.0661402,62.1618
1314,1344,0.64,20.946,0.054,-0.017,0.0475194,44.6611
1315,1345,0.64,20.944,0.054,-0.008,0.0499432,46.9391
1316,1346,0.65,20.945,0.055,0.003,0.0541185,50.8632
1317,1347,0.65,20.946,0.055,0.026,0.0359037,33.7441
1318,1348,0.65,20.946,0.055,0.013,0.0310839,29.2142
1319,1349,0.65,20.947,0.055,0.003,0.0371566,34.9216
1320,1350,0.65,20.945,0.054,0.002,0.0408002,38.346
1321,1351,0.65,20.945,0.054,0.003,0.0680833,63.9881
1322,1352,0.65,20.945,0.054,-0.012,0.0789586,74.2092
1323,1353,0.65,20.946,0.054,-0.006,0.065795,61.8374
1324,1354,0.65,20.947,0.055,-0.012,0.0484073,45.4956
1325,1355,0.65,20.945,0.055,-0.006,0.0453681,42.6392
1326,1356,0.65,20.947,0.055,-0.003,0.0247995,23.3078
1327,1357,0.65,20.946,0.054,-0.002,0.0189315,17.7927
1328,1358,0.65,20.945,0.055,0.021,0.0518075,48.6912
1329,1359,0.66,20.944,0.055,0.015,0.0580504,54.5586
1330,1360,0.66,20.946,0.055,0.013,0.0561828,52.8034
1331,1361,0.67,20.945,0.055,0.005,0.0616391,57.9315
1332,1362,0.66,20.946,0.053,-0.015,0.0693477,65.1764
1333,1363,0.65,20.945,0.054,-0.019,0.0728119,68.4323
1334,1364,0.65,20.944,0.054,-0.017,0.0451689,42.452
1335,1365,0.66,20.946,0.054,-0.005,0.0515222,48.4232
1336,1366,0.66,20.947,0.054,0.002,0.0451005,42.3877
1337,1367,0.66,20.946,0.053,0.017,0.0478469,44.9689
1338,1368,0.66,20.947,0.054,0.023,0.0446755,41.9882
1339,1369,0.66,20.947,0.054,-0.003,0.0644836,60.6049
1340,1370,0.66,20.946,0.054,-0.005,0.0521237,48.9885
1341,1371,0.66,20.945,0.055,-0.003,0.0581573,54.6591
1342,1372,0.66,20.945,0.055,-0.008,0.0759069,71.3411
1343,1373,0.66,20.945,0.055,-0.006,0.0782099,73.5056
1344,1374,0.66,20.943,0.055,-0.01,0.0831974,78.193
1345,1375,0.66,20.943,0.056,0.011,0.0501455,47.1292
1346,1376,0.66,20.944,0.054,-0.002,0.0406466,38.2017
1347,1377,0.66,20.945,0.055,0.008,0.0224331,21.0838
1348,1378,0.66,20.945,0.055,0.004,0.0372799,35.0375
1349,1379,0.66,20.945,0.055,0.007,0.0485079,45.5902
1350,1380,0.66,20.945,0.055,-0.007,0.0612359,57.5525
1351,1381,0.66,20.944,0.055,0.004,0.0783323,73.6206
1352,1382,0.66,20.944,0.055,-0.002,0.0753706,70.837
1353,1383,0.66,20.944,0.055,-0.018,0.0780717,73.3757
1354,1384,0.66,20.944,0.055,-0.016,0.0802745,75.4459
1355,1385,0.66,20.943,0.054,-0.02,0.0512329,48.1512
1356,1386,0.66,20.943,0.054,0.007,0.0618231,58.1044
1357,1387,0.67,20.944,0.054,0.016,0.0343211,32.2566
1358,1388,0.67,20.944,0.054,0.028,0.0539151,50.6721
1359,1389,0.67,20.945,0.054,0.014,0.0492455,46.2834
1360,1390,0.67,20.945,0.054,0.004,0.064182,60.3214
1361,1391,0.67,20.945,0.055,-0.003,0.0627941,59.017
1362,1392,0.67,20.944,0.054,-0.02,0.0599486,56.3427
1363,1393,0.67,20.944,0.054,-0.026,0.0736033,69.176
1364,1394,0.67,20.946,0.054,-0.028,0.0619387,58.2131
1365,1395,0.67,20.946,0.054,-0.025,0.063406,59.5921
1366,1396,0.67,20.945,0.054,0.002,0.0536251,50.3995
1367,1397,0.67,20.945,0.055,-0.008,0.0483136,45.4075
1368,1398,0.67,20.945,0.055,0.016,0.0485973,45.6742
1369,1399,0.67,20.945,0.055,-0.002,0.0455244,42.7861
1370,1400,0.67,20.945,0.055,0.007,0.0490557,46.1049
1371,1401,0.67,20.944,0.054,-0.006,0.0479946,45.1077
1372,1402,0.67,20.944,0.054,-0.009,0.0599604,56.3538
1373,1403,0.68,20.945,0.054,-0.007,0.062782,59.0057
1374,1404,0.68,20.945,0.054,-0.014,0.0630452,59.253
1375,1405,0.68,20.944,0.054,-0.009,0.0510183,47.9496
1376,1406,0.68,20.945,0.054,-0.014,0.0558753,52.5143
1377,1407,0.68,20.946,0.054,-0.001,0.0442475,41.586
1378,1408,0.68,20.945,0.054,0,0.0446097,41.9264
1379,1409,0.68,20.946,0.054,0.004,0.0520693,48.9373
1380,1410,0.68,20.945,0.054,0.006,0.0637596,59.9245
1381,1411,0.68,20.945,0.054,0.004,0.0727851,68.407
1382,1412,0.68,20.945,0.054,0.005,0.0673165,63.2674
1383,1413,0.68,20.945,0.054,-0.007,0.0645302,60.6487
1384,1414,0.68,20.945,0.054,-0.009,0.0542833,51.0181
1385,1415,0.68,20.945,0.054,-0.011,0.0683298,64.2198
1386,1416,0.68,20.945,0.055,0.007,0.0416227,39.119
1387,1417,0.68,20.944,0.054,0,0.0470619,44.2311
1388,1418,0.68,20.944,0.054,0.013,0.0378648,35.5872
1389,1419,0.68,20.944,0.054,0.008,0.0492398,46.2781
1390,1420,0.68,20.945,0.054,0.006,0.0606069,56.9614
1391,1421,0.68,20.944,0.055,0,0.06444,60.5639
1392,1422,0.68,20.943,0.055,-0.016,0.0628206,59.0419
1393,1423,0.68,20.944,0.054,-0.014,0.0506339,47.5883
1394,1424,0.68,20.945,0.054,-0.016,0.0843625,79.2881
1395,1425,0.68,20.946,0.054,-0.002,0.078846,74.1034
1396,1426,0.68,20.945,0.054,-0.009,0.0625526,58.79
1397,1427,0.68,20.944,0.054,0.005,0.0493312,46.3639
1398,1428,0.68,20.946,0.054,0.005,0.0575309,54.0704
1399,1429,0.68,20.945,0.054,0.019,0.0528209,49.6437
1400,1430,0.68,20.944,0.055,0.013,0.0501711,47.1533
1401,1431,0.68,20.943,0.055,-0.004,0.0581839,54.6842
1402,1432,0.68,20.944,0.055,-0.007,0.0779847,73.2939
1403,1433,0.68,20.944,0.055,-0.005,0.0711965,66.914
1404,1434,0.69,20.944,0.056,0.001,0.0536289,50.4031
1405,1435,0.69,20.945,0.056,-0.021,0.0624451,58.689
1406,1436,0.69,20.943,0.056,-0.021,0.0644907,60.6116
1407,1437,0.69,20.944,0.055,-0.006,0.0523491,49.2003
1408,1438,0.69,20.944,0.056,0.011,0.0479157,45.0336
1409,1439,0.69,20.943,0.056,0.003,0.0384426,36.1303
1410,1440,0.69,20.943,0.056,0.002,0.0433247,40.7187
1411,1441,0.69,20.944,0.056,0.005,0.0505415,47.5014
1412,1442,0.69,20.944,0.055,-0.001,0.0781596,73.4583
1413,1443,0.71,20.944,0.055,-0.005,0.0698376,65.6368
1414,1444,0.72,20.941,0.056,-0.004,0.093678,88.0432
1415,1445,0.72,20.942,0.056,-0.003,0.089719,84.3224
1416,1446,0.72,20.945,0.055,-0.002,0.0686632,64.5331
1417,1447,0.72,20.943,0.056,0.003,0.0646583,60.7691
1418,1448,0.72,20.942,0.055,0.013,0.0820761,77.1391
1419,1449,0.71,20.942,0.055,0.014,0.0665207,62.5195
1420,1450,0.71,20.943,0.055,0.017,0.0683087,64.1999
1421,1451,0.7,20.944,0.055,0.017,0.0588129,55.2753
1422,1452,0.7,20.943,0.055,0.016,0.0904232,84.9842
1423,1453,0.7,20.942,0.056,-0.01,0.0773932,72.738
1424,1454,0.7,20.942,0.056,-0.008,0.0704733,66.2343
1425,1455,0.7,20.943,0.056,-0.017,0.0653887,61.4555
1426,1456,0.7,20.94,0.056,-0.012,0.0695166,65.3351
1427,1457,0.7,20.94,0.055,-0.002,0.0441637,41.5073
1428,1458,0.7,20.942,0.056,0.007,0.059155,55.5968
1429,1459,0.7,20.941,0.056,-0.005,0.0539881,50.7407
1430,1460,0.7,20.94,0.056,0.004,0.0698861,65.6824
1431,1461,0.7,20.941,0.055,0.002,0.0614432,57.7473
1432,1462,0.7,20.941,0.055,0.008,0.0751342,70.6148
1433,1463,0.7,20.942,0.056,-0.018,0.0778912,73.206
1434,1464,0.7,20.941,0.056,-0.006,0.0808994,76.0333
1435,1465,0.7,20.941,0.056,-0.004,0.0785706,73.8445
1436,1466,0.7,20.942,0.056,-0.001,0.0711187,66.8409
1437,1467,0.7,20.942,0.056,0.002,0.0572122,53.7708
1438,1468,0.7,20.941,0.056,0.026,0.0405745,38.1339
1439,1469,0.7,20.941,0.056,0.011,0.0408286,38.3727
1440,1470,0.7,20.941,0.056,0.016,0.0497394,46.7475
1441,1471,0.7,20.941,0.056,0.002,0.0611448,57.4669
1442,1472,0.7,20.941,0.055,0.004,0.0757994,71.24
1443,1473,0.7,20.942,0.055,-0.013,0.0754053,70.8697
1444,1474,0.7,20.943,0.055,-0.02,0.0698542,65.6524
1445,1475,0.71,20.944,0.055,-0.013,0.0757446,71.1886
1446,1476,0.71,20.942,0.055,-0.01,0.0423156,39.7703
1447,1477,0.71,20.942,0.055,-0.008,0.0537139,50.483
1448,1478,0.71,20.943,0.055,0.005,0.0240798,22.6314
1449,1479,0.71,20.943,0.055,0.015,0.0406808,38.2338
1450,1480,0.71,20.944,0.055,0.02,0.0613203,57.6319
1451,1481,0.71,20.943,0.055,0.011,0.0563509,52.9614
1452,1482,0.72,20.943,0.055,0,0.0448533,42.1554
1453,1483,0.72,20.943,0.055,-0.013,0.0563315,52.9431
1454,1484,0.72,20.943,0.055,-0.019,0.0471463,44.3104
1455,1485,0.72,20.944,0.055,-0.008,0.0358909,33.732
1456,1486,0.72,20.943,0.055,-0.012,0.0559218,52.5581
1457,1487,0.72,20.943,0.055,0.013,0.0469896,44.1631
1458,1488,0.72,20.944,0.055,0.009,0.0508181,47.7614
1459,1489,0.72,20.943,0.055,0.021,0.0466968,43.888
1460,1490,0.72,20.946,0.055,0.01,0.0641159,60.2593
1461,1491,0.72,20.945,0.055,-0.003,0.0693557,65.1839
1462,1492,0.72,20.944,0.054,0.001,0.0711797,66.8982
1463,1493,0.72,20.944,0.054,-0.002,0.0764423,71.8442
1464,1494,0.72,20.947,0.055,-0.008,0.0761213,71.5426
1465,1495,0.72,20.946,0.056,0,0.064653,60.7641
1466,1496,0.72,20.946,0.056,0.014,0.0552432,51.9203
1467,1497,0.72,20.945,0.055,0.005,0.043436,40.8233
1468,1498,0.72,20.943,0.055,0.014,0.0410678,38.5976
1469,1499,0.72,20.943,0.055,0.005,0.0606296,56.9827
1470,1500,0.72,20.944,0.055,0.01,0.0500508,47.0403
1471,1501,0.72,20.944,0.055,-0.001,0.0456057,42.8625
1472,1502,0.72,20.943,0.055,-0.006,0.0611741,57.4945
1473,1503,0.72,20.943,0.054,-0.008,0.068507,64.3863
1474,1504,0.72,20.943,0.055,-0.023,0.0737867,69.3484
1475,1505,0.72,20.945,0.055,-0.024,0.0722322,67.8874
1476,1506,0.72,20.945,0.054,-0.008,0.0468791,44.0593
1477,1507,0.72,20.944,0.055,-0.007,0.0355849,33.4445
1478,1508,0.72,20.946,0.054,0.008,0.0504831,47.4465
1479,1509,0.72,20.945,0.054,0.006,0.0428609,40.2828
1480,1510,0.72,20.946,0.055,-0.003,0.0647292,60.8357
1481,1511,0.73,20.944,0.055,0.006,0.0646825,60.7918
1482,1512,0.73,20.944,0.054,0.001,0.0668983,62.8743
1483,1513,0.73,20.946,0.054,0.001,0.0561827,52.8033
1484,1514,0.73,20.943,0.055,-0.01,0.0556864,52.3368
1485,1515,0.73,20.944,0.055,-0.021,0.0687935,64.6556
1486,1516,0.73,20.945,0.054,-0.015,0.0598018,56.2047
1487,1517,0.73,20.944,0.055,0.006,0.0405285,38.0907
1488,1518,0.73,20.945,0.055,0.02,0.041448,38.9549
1489,1519,0.73,20.944,0.055,0.011,0.0410065,38.5399
1490,1520,0.73,20.943,0.055,0.017,0.0379022,35.6224
1491,1521,0.73,20.943,0.055,-0.002,0.0639591,60.1119
1492,1522,0.73,20.943,0.055,-0.007,0.0676162,63.5491
1493,1523,0.73,20.944,0.055,-0.008,0.061635,57.9276
1494,1524,0.73,20.944,0.055,0,0.0653859,61.4529
1495,1525,0.73,20.944,0.055,-0.003,0.0812643,76.3762
1496,1526,0.73,20.945,0.055,-0.011,0.0674705,63.4121
1497,1527,0.73,20.944,0.054,-0.003,0.0566444,53.2373
1498,1528,0.74,20.944,0.055,0.021,0.052096,48.9624
1499,1529,0.74,20.943,0.055,0.01,0.0302935,28.4713
1500,1530,0.74,20.945,0.055,0.005,0.0327079,30.7405
1501,1531,0.74,20.946,0.056,0.012,0.0476933,44.8246
1502,1532,0.74,20.945,0.056,-0.007,0.0638303,59.9909
1503,1533,0.74,20.944,0.055,-0.01,0.0554519,52.1165
1504,1534,0.74,20.944,0.054,-0.009,0.0659417,61.9753
1505,1535,0.74,20.945,0.055,-0.007,0.0495649,46.5836
1506,1536,0.74,20.944,0.055,-0.023,0.0605918,56.9472
1507,1537,0.74,20.944,0.055,-0.01,0.0566127,53.2075
1508,1538,0.74,20.944,0.054,0.001,0.0317636,29.853
1509,1539,0.74,20.944,0.054,0.005,0.0189307,17.792
1510,1540,0.74,20.944,0.054,0.021,0.0548272,51.5294
1511,1541,0.74,20.945,0.054,0.019,0.0676412,63.5725
1512,1542,0.74,20.945,0.055,0.005,0.0647812,60.8846
1513,1543,0.74,20.945,0.054,-0.006,0.0741647,69.7037
1514,1544,0.74,20.944,0.054,-0.003,0.0800179,75.2048
1515,1545,0.74,20.945,0.055,-0.007,0.0680247,63.933
1516,1546,0.74,20.944,0.055,-0.003,0.0708531,66.5912
1517,1547,0.74,20.946,0.055,-0.003,0.0462726,43.4893
1518,1548,0.74,20.944,0.055,0.005,0.0566878,53.278
1519,1549,0.75,20.943,0.055,0.014,0.0410992,38.6271
1520,1550,0.75,20.946,0.056,0.026,0.036352,34.1654
1521,1551,0.75,20.946,0.056,0.005,0.0443267,41.6604
1522,1552,0.75,20.943,0.055,-0.002,0.0464481,43.6543
1523,1553,0.75,20.942,0.055,-0.008,0.0651266,61.2092
1524,1554,0.75,20.944,0.055,-0.016,0.0721482,67.8085
1525,1555,0.75,20.944,0.055,-0.016,0.0660582,62.0848
1526,1556,0.75,20.943,0.055,-0.016,0.0891108,83.7507
1527,1557,0.75,20.945,0.055,-0.013,0.0515808,48.4782
1528,1558,0.75,20.944,0.055,0.005,0.061943,58.2171
1529,1559,0.75,20.945,0.056,0,0.0455338,42.7949
1530,1560,0.75,20.944,0.055,0.009,0.0486584,45.7315
1531,1561,0.75,20.945,0.055,0.014,0.0325901,30.6298
1532,1562,0.75,20.945,0.055,0.007,0.042724,40.1541
1533,1563,0.75,20.945,0.054,0.005,0.0638761,60.034
1534,1564,0.75,20.945,0.055,-0.006,0.069371,65.1983
1535,1565,0.75,20.944,0.055,-0.014,0.0655693,61.6253
1536,1566,0.75,20.944,0.055,-0.019,0.0786278,73.8983
1537,1567,0.76,20.946,0.055,-0.025,0.0617107,57.9988
1538,1568,0.76,20.943,0.055,0.005,0.0473853,44.5351
1539,1569,0.76,20.944,0.054,-0.004,0.0481141,45.22
1540,1570,0.76,20.944,0.054,0.007,0.0462023,43.4232
1541,1571,0.76,20.945,0.055,0.004,0.0478856,45.0053
1542,1572,0.76,20.945,0.054,0.018,0.0483456,45.4376
1543,1573,0.76,20.945,0.054,0.009,0.0629325,59.1471
1544,1574,0.76,20.945,0.054,-0.006,0.0604129,56.7791
1545,1575,0.76,20.944,0.055,-0.015,0.0573219,53.874
1546,1576,0.76,20.945,0.054,-0.013,0.0478982,45.0172
1547,1577,0.76,20.945,0.054,-0.019,0.0502669,47.2433
1548,1578,0.76,20.944,0.054,-0.008,0.040757,38.3054
1549,1579,0.76,20.945,0.054,0.01,0.0434966,40.8803
1550,1580,0.76,20.944,0.054,0.008,0.0325682,30.6092
1551,1581,0.76,20.944,0.054,0.007,0.0361781,34.0019
1552,1582,0.76,20.945,0.054,0.001,0.0565286,53.1283
1553,1583,0.76,20.946,0.054,0,0.085246,80.1184
1554,1584,0.76,20.946,0.055,-0.009,0.0673648,63.3128
1555,1585,0.76,20.945,0.055,-0.009,0.0719942,67.6637
1556,1586,0.76,20.945,0.055,-0.01,0.0910625,85.5851
1557,1587,0.76,20.946,0.055,-0.001,0.0535613,50.3395
1558,1588,0.76,20.946,0.055,0.006,0.046771,43.9577
1559,1589,0.76,20.944,0.055,0.01,0.0357124,33.5643
1560,1590,0.76,20.945,0.055,0.007,0.0462914,43.507
1561,1591,0.76,20.945,0.055,0.018,0.0310328,29.1661
1562,1592,0.77,20.945,0.054,0.015,0.037424,35.1729
1563,1593,0.77,20.945,0.054,-0.003,0.0597534,56.1592
1564,1594,0.77,20.945,0.054,-0.02,0.0588501,55.3102
1565,1595,0.77,20.943,0.054,-0.009,0.0775691,72.9033
1566,1596,0.77,20.944,0.054,-0.018,0.0721393,67.8001
1567,1597,0.77,20.945,0.054,-0.026,0.0521997,49.0599
1568,1598,0.77,20.943,0.055,0.004,0.0435621,40.9418
1569,1599,0.77,20.944,0.055,0.004,0.0515581,48.4569
1570,1600,0.77,20.945,0.055,0.019,0.0435675,40.9469
1571,1601,0.77,20.944,0.054,0.006,0.0532187,50.0175
1572,1602,0.77,20.945,0.055,0.016,0.0402012,37.7831
1573,1603,0.77,20.946,0.055,0.008,0.0714247,67.1285
1574,1604,0.77,20.946,0.055,-0.002,0.0672587,63.2131
1575,1605,0.77,20.944,0.055,-0.007,0.0696436,65.4545
1576,1606,0.77,20.945,0.055,-0.018,0.068711,64.578
1577,1607,0.77,20.944,0.055,-0.015,0.0641758,60.3156
1578,1608,0.77,20.944,0.055,0.005,0.0565456,53.1444
1579,1609,0.77,20.944,0.055,0.007,0.0385792,36.2587
1580,1610,0.77,20.945,0.055,0.01,0.0484204,45.5079
1581,1611,0.77,20.943,0.055,0.012,0.0337745,31.7429
1582,1612,0.77,20.944,0.054,0.003,0.0349881,32.8836
1583,1613,0.77,20.944,0.054,0.007,0.0564751,53.0781
1584,1614,0.77,20.946,0.054,-0.018,0.0697943,65.5962
1585,1615,0.77,20.945,0.054,-0.014,0.0737044,69.271
1586,1616,0.78,20.945,0.054,-0.016,0.0651853,61.2643
1587,1617,0.78,20.945,0.054,-0.015,0.0511367,48.0608
1588,1618,0.78,20.945,0.054,-0.007,0.0297235,27.9356
1589,1619,0.78,20.944,0.054,-0.002,0.0356275,33.4845
1590,1620,0.78,20.945,0.054,0.009,0.0431351,40.5405
1591,1621,0.78,20.946,0.054,0.005,0.0446055,41.9224
1592,1622,0.78,20.945,0.054,0.013,0.0457667,43.0138
1593,1623,0.78,20.946,0.055,0.012,0.0685458,64.4228
1594,1624,0.78,20.946,0.054,-0.005,0.058815,55.2772
1595,1625,0.78,20.945,0.054,-0.015,0.0691656,65.0053
1596,1626,0.78,20.945,0.054,-0.024,0.0583835,54.8717
1597,1627,0.78,20.946,0.054,-0.011,0.0583018,54.7949
1598,1628,0.78,20.945,0.054,-0.004,0.0791149,74.3561
1599,1629,0.78,20.946,0.054,0.017,0.0563898,52.9979
1600,1630,0.78,20.946,0.054,0.011,0.0464077,43.6163
1601,1631,0.78,20.946,0.054,0.014,0.0412575,38.7759
1602,1632,0.78,20.944,0.054,0.008,0.038732,36.4023
1603,1633,0.79,20.945,0.054,0.006,0.056466,53.0696
1604,1634,0.79,20.945,0.054,-0.019,0.061662,57.953
1605,1635,0.79,20.946,0.055,-0.01,0.055407,52.0743
1606,1636,0.79,20.946,0.054,-0.016,0.0617273,58.0144
1607,1637,0.79,20.945,0.053,-0.015,0.0621727,58.433
1608,1638,0.79,20.947,0.054,-0.014,0.0414774,38.9825
1609,1639,0.79,20.947,0.053,-0.018,0.0441278,41.4735
1610,1640,0.79,20.944,0.054,-0.003,0.0239006,22.463
1611,1641,0.79,20.945,0.053,0.001,0.0414413,38.9486
1612,1642,0.79,20.946,0.054,0.007,0.0483211,45.4146
1613,1643,0.79,20.946,0.053,0.009,0.0586169,55.0911
1614,1644,0.79,20.946,0.053,-0.007,0.0530063,49.818
1615,1645,0.79,20.946,0.053,-0.007,0.0619316,58.2063
1616,1646,0.79,20.945,0.053,-0.011,0.0706465,66.3971
1617,1647,0.79,20.947,0.053,-0.013,0.0596217,56.0354
1618,1648,0.79,20.946,0.053,-0.013,0.0638306,59.9912
1619,1649,0.79,20.946,0.053,0.007,0.0603079,56.6804
1620,1650,0.79,20.946,0.054,0.009,0.0487232,45.7925
1621,1651,0.79,20.945,0.053,0.022,0.0372829,35.0403
1622,1652,0.79,20.946,0.054,0.012,0.0411371,38.6627
1623,1653,0.79,20.945,0.054,0.005,0.0471268,44.2921
1624,1654,0.79,20.945,0.054,-0.006,0.0552524,51.929
1625,1655,0.8,20.945,0.053,-0.009,0.0767975,72.1781
1626,1656,0.8,20.947,0.053,-0.008,0.0640086,60.1584
1627,1657,0.8,20.945,0.053,-0.011,0.0639222,60.0772
1628,1658,0.8,20.944,0.053,-0.01,0.0595239,55.9435
1629,1659,0.8,20.946,0.053,-0.013,0.0441767,41.5195
1630,1660,0.8,20.946,0.053,-0.007,0.0407291,38.2792
1631,1661,0.8,20.945,0.053,0.004,0.0421028,39.5703
1632,1662,0.8,20.945,0.053,0.016,0.0367177,34.5091
1633,1663,0.8,20.945,0.054,0.007,0.053984,50.7369
1634,1664,0.8,20.946,0.054,0.005,0.0570171,53.5875
1635,1665,0.8,20.945,0.053,0.002,0.0652339,61.3101
1636,1666,0.8,20.944,0.053,-0.016,0.0791399,74.3796
1637,1667,0.8,20.944,0.053,-0.014,0.0718501,67.5283
1638,1668,0.8,20.946,0.053,-0.014,0.0788995,74.1537
1639,1669,0.8,20.946,0.053,-0.001,0.06128,57.594
1640,1670,0.8,20.944,0.053,0.014,0.060174,56.5545
1641,1671,0.8,20.944,0.053,0.008,0.0423137,39.7686
1642,1672,0.8,20.946,0.053,0.015,0.0484467,45.5326
1643,1673,0.8,20.944,0.053,0.012,0.0429698,40.3852
1644,1674,0.8,20.946,0.053,-0.001,0.0622725,58.5268
1645,1675,0.8,20.945,0.053,-0.008,0.0714721,67.173
1646,1676,0.8,20.946,0.053,-0.015,0.0758461,71.2839
1647,1677,0.8,20.946,0.053,-0.018,0.0570423,53.6112
1648,1678,0.81,20.944,0.053,-0.008,0.0480358,45.1464
1649,1679,0.81,20.943,0.053,-0.018,0.0380149,35.7283
1650,1680,0.81,20.944,0.053,-0.006,0.0583082,54.801
1651,1681,0.81,20.945,0.054,-0.005,0.0546175,51.3322
1652,1682,0.81,20.945,0.054,0.015,0.0655687,61.6247
1653,1683,0.81,20.944,0.053,0.004,0.0562773,52.8922
1654,1684,0.81,20.945,0.053,0.01,0.0673863,63.3329
1655,1685,0.81,20.945,0.054,-0.003,0.0591947,55.6342
1656,1686,0.81,20.944,0.054,-0.013,0.0734911,69.0706
1657,1687,0.81,20.944,0.053,-0.016,0.0643112,60.4429
1658,1688,0.81,20.944,0.053,0.002,0.0700986,65.8821
1659,1689,0.81,20.944,0.054,0.001,0.0489647,46.0195
1660,1690,0.81,20.946,0.053,0.013,0.0468953,44.0745
1661,1691,0.81,20.945,0.054,0.001,0.0298971,28.0988
1662,1692,0.81,20.944,0.053,0.004,0.0322925,30.3501
1663,1693,0.81,20.944,0.054,-0.006,0.0457926,43.0381
1664,1694,0.81,20.944,0.054,-0.004,0.0756623,71.1112
1665,1695,0.82,20.945,0.054,-0.013,0.0490562,46.1054
1666,1696,0.82,20.945,0.054,-0.006,0.0534532,50.2379
1667,1697,0.82,20.945,0.054,-0.024,0.0526868,49.5177
1668,1698,0.82,20.946,0.054,-0.01,0.0527574,49.584
1669,1699,0.82,20.945,0.054,-0.017,0.0503703,47.3405
1670,1700,0.82,20.945,0.055,0.003,0.0431628,40.5665
1671,1701,0.82,20.945,0.054,0.005,0.0413976,38.9075
1672,1702,0.82,20.945,0.053,0.021,0.0426081,40.0452
1673,1703,0.82,20.945,0.054,0.02,0.0534868,50.2696
1674,1704,0.82,20.945,0.054,0.002,0.0691977,65.0354
1675,1705,0.82,20.946,0.054,-0.022,0.0631954,59.3942
1676,1706,0.82,20.945,0.054,-0.001,0.0658731,61.9108
1677,1707,0.82,20.946,0.054,-0.005,0.0575698,54.1069
1678,1708,0.82,20.946,0.053,0,0.0397819,37.389
1679,1709,0.82,20.945,0.054,0.005,0.0501986,47.1792
1680,1710,0.82,20.944,0.053,0.008,0.0354163,33.286
1681,1711,0.82,20.944,0.053,0.01,0.0310547,29.1867
1682,1712,0.82,20.945,0.053,0.007,0.0346899,32.6033
1683,1713,0.82,20.946,0.053,0.001,0.0492862,46.3216
1684,1714,0.82,20.947,0.053,-0.004,0.060671,57.0216
1685,1715,0.82,20.946,0.053,-0.014,0.0618238,58.1051
1686,1716,0.82,20.945,0.053,-0.014,0.0504478,47.4134
1687,1717,0.83,20.946,0.053,-0.011,0.0675763,63.5116
1688,1718,0.83,20.945,0.054,-0.003,0.0483782,45.4682
1689,1719,0.83,20.945,0.053,0.012,0.0486793,45.7512
1690,1720,0.83,20.945,0.054,0.008,0.0452195,42.4995
1691,1721,0.83,20.944,0.053,0.016,0.0365638,34.3645
1692,1722,0.83,20.945,0.053,0.017,0.0351087,32.9969
1693,1723,0.83,20.946,0.054,0.018,0.0502891,47.2642
1694,1724,0.83,20.945,0.054,0.008,0.0563271,52.939
1695,1725,0.83,20.944,0.054,-0.002,0.0665862,62.581
1696,1726,0.83,20.944,0.053,-0.013,0.0743114,69.8415
1697,1727,0.83,20.946,0.054,-0.001,0.0721646,67.8239
1698,1728,0.83,20.946,0.053,-0.014,0.0678415,63.7608
1699,1729,0.83,20.945,0.053,0.005,0.0719319,67.6052
1700,1730,0.83,20.945,0.053,0.005,0.0359725,33.8087
1701,1731,0.83,20.945,0.054,0.008,0.0521008,48.9669
1702,1732,0.83,20.945,0.053,0.015,0.0538066,50.5701
1703,1733,0.83,20.945,0.054,0.013,0.0421186,39.5852
1704,1734,0.83,20.946,0.053,0.007,0.0566364,53.2297
1705,1735,0.83,20.944,0.054,-0.002,0.054601,51.3167
1706,1736,0.83,20.945,0.054,-0.008,0.0560117,52.6426
1707,1737,0.83,20.944,0.053,-0.016,0.0611634,57.4844
1708,1738,0.83,20.944,0.054,-0.021,0.0687157,64.5824
1709,1739,0.83,20.946,0.053,-0.015,0.0584336,54.9188
1710,1740,0.84,20.945,0.054,-0.013,0.0468199,44.0037
1711,1741,0.84,20.944,0.053,0.016,0.0477952,44.9203
1712,1742,0.84,20.945,0.053,0.002,0.0588854,55.3434
1713,1743,0.84,20.945,0.053,0,0.0506161,47.5716
1714,1744,0.84,20.945,0.054,0.006,0.0628802,59.098
1715,1745,0.84,20.946,0.053,-0.008,0.069865,65.6626
1716,1746,0.84,20.946,0.053,-0.01,0.0853136,80.1819
1717,1747,0.84,20.947,0.054,-0.008,0.0908018,85.34
1718,1748,0.84,20.946,0.054,-0.008,0.0726562,68.2859
1719,1749,0.84,20.945,0.054,-0.004,0.0622884,58.5417
1720,1750,0.85,20.943,0.054,-0.005,0.0460594,43.2889
1721,1751,0.85,20.945,0.053,0.005,0.0452183,42.4984
1722,1752,0.85,20.945,0.054,0.011,0.0419952,39.4691
1723,1753,0.85,20.944,0.054,0.003,0.0411317,38.6576
1724,1754,0.85,20.943,0.053,0.007,0.0495465,46.5662
1725,1755,0.85,20.944,0.054,0.002,0.0621483,58.4101
1726,1756,0.85,20.943,0.054,-0.013,0.065323,61.3938
1727,1757,0.85,20.944,0.053,-0.026,0.0757158,71.1615
1728,1758,0.85,20.944,0.053,-0.041,0.0610471,57.3751
1729,1759,0.85,20.946,0.054,-0.017,0.0708498,66.5882
1730,1760,0.85,20.945,0.053,-0.008,0.0619125,58.1885
1731,1761,0.85,20.945,0.054,0.007,0.0419718,39.4472
1732,1762,0.85,20.945,0.055,0.012,0.0586656,55.1368
1733,1763,0.85,20.944,0.055,0.014,0.0639995,60.1499
1734,1764,0.85,20.944,0.055,0.01,0.0587758,55.2404
1735,1765,0.85,20.945,0.055,0.007,0.0821989,77.2546
1736,1766,0.85,20.944,0.055,-0.005,0.0747858,70.2874
1737,1767,0.85,20.944,0.054,-0.003,0.0877653,82.4862
1738,1768,0.85,20.943,0.055,-0.011,0.0810612,76.1854
1739,1769,0.85,20.943,0.055,0.006,0.0623643,58.6131
1740,1770,0.85,20.942,0.054,0.001,0.0616868,57.9763
1741,1771,0.85,20.941,0.054,0.006,0.0643067,60.4387
1742,1772,0.85,20.942,0.055,0.015,0.0625033,58.7437
1743,1773,0.85,20.944,0.055,0.004,0.0643748,60.5026
1744,1774,0.86,20.943,0.055,0.003,0.0658378,61.8776
1745,1775,0.86,20.942,0.055,0.007,0.0578654,54.3848
1746,1776,0.86,20.942,0.054,-0.009,0.0619557,58.2291
1747,1777,0.86,20.941,0.055,-0.01,0.0746301,70.141
1748,1778,0.86,20.943,0.055,-0.023,0.0538486,50.6096
1749,1779,0.86,20.943,0.055,-0.014,0.057588,54.1241
1750,1780,0.86,20.942,0.054,0.005,0.0649953,61.0858
1751,1781,0.86,20.942,0.054,0.005,0.0432352,40.6346
1752,1782,0.86,20.942,0.054,0.009,0.0485566,45.6359
1753,1783,0.86,20.941,0.054,0.005,0.0458783,43.1187
1754,1784,0.86,20.942,0.055,0.004,0.0601638,56.545
1755,1785,0.86,20.942,0.055,0.001,0.0623836,58.6312
1756,1786,0.86,20.942,0.055,-0.001,0.0737025,69.2693
1757,1787,0.86,20.944,0.055,0,0.0756028,71.0552
1758,1788,0.86,20.943,0.055,-0.013,0.0762709,71.6832
1759,1789,0.86,20.943,0.055,-0.002,0.0707452,66.4899
1760,1790,0.86,20.945,0.055,0,0.058713,55.1814
1761,1791,0.86,20.944,0.054,0.002,0.0556922,52.3423
1762,1792,0.86,20.942,0.054,0.019,0.0610514,57.3791
1763,1793,0.87,20.943,0.054,0.009,0.0535956,50.3718
1764,1794,0.87,20.944,0.055,0.016,0.0615742,57.8705
1765,1795,0.87,20.943,0.054,0.001,0.069725,65.531
1766,1796,0.87,20.943,0.055,-0.004,0.0622011,58.4597
1767,1797,0.87,20.944,0.055,-0.011,0.0738929,69.4482
1768,1798,0.87,20.943,0.054,-0.018,0.0920807,86.542
1769,1799,0.87,20.944,0.055,-0.017,0.0610433,57.3715
1770,1800,0.87,20.944,0.055,-0.013,0.0584151,54.9014
1771,1801,0.87,20.944,0.055,-0.001,0.0532712,50.0669
1772,1802,0.87,20.944,0.054,0.005,0.0671968,63.1549
1773,1803,0.87,20.943,0.055,-0.002,0.0455559,42.8157
1774,1804,0.87,20.944,0.055,0.008,0.0724903,68.1299
1775,1805,0.87,20.943,0.055,-0.005,0.0684794,64.3603
1776,1806,0.87,20.944,0.055,-0.007,0.0799789,75.1682
1777,1807,0.87,20.943,0.055,0,0.0748058,70.3062
1778,1808,0.87,20.943,0.055,-0.006,0.0777993,73.1196
1779,1809,0.87,20.942,0.055,-0.023,0.0728314,68.4506
1780,1810,0.87,20.942,0.056,-0.004,0.0709883,66.7183
1781,1811,0.87,20.944,0.056,0.007,0.0532295,50.0277
1782,1812,0.87,20.942,0.056,0.016,0.0684813,64.3622
1783,1813,0.87,20.941,0.055,-0.002,0.0534359,50.2217
1784,1814,0.87,20.942,0.056,0.015,0.0690038,64.8532
1785,1815,0.87,20.943,0.055,-0.01,0.0635283,59.7071
1786,1816,0.88,20.943,0.055,0.002,0.0736168,69.1887
1787,1817,0.88,20.941,0.055,-0.022,0.0629807,59.1924
1788,1818,0.88,20.944,0.055,-0.018,0.0547134,51.4223
1789,1819,0.88,20.944,0.055,-0.014,0.0502683,47.2447
1790,1820,0.88,20.943,0.055,-0.009,0.0561672,52.7888
1791,1821,0.88,20.943,0.055,-0.009,0.0427295,40.1593
1792,1822,0.88,20.943,0.055,0.009,0.0440862,41.4344
1793,1823,0.88,20.943,0.055,-0.005,0.0324645,30.5118
1794,1824,0.88,20.943,0.055,0.008,0.0687127,64.5796
1795,1825,0.88,20.943,0.056,-0.006,0.0516108,48.5064
1796,1826,0.88,20.943,0.055,-0.007,0.0593554,55.7852
1797,1827,0.88,20.944,0.055,-0.011,0.0671164,63.0794
1798,1828,0.88,20.943,0.054,-0.007,0.0793676,74.5936
1799,1829,0.88,20.944,0.055,0.003,0.0626751,58.9051
1800,1830,0.88,20.944,0.055,0.006,0.0645863,60.7014
1801,1831,0.88,20.944,0.055,0.005,0.04372,41.0902
1802,1832,0.88,20.943,0.055,0.018,0.046446,43.6523
1803,1833,0.89,20.943,0.055,0.012,0.025192,23.6767
1804,1834,0.89,20.944,0.055,0.018,0.0556327,52.2864
1805,1835,0.89,20.945,0.054,-0.006,0.0439022,41.2614
1806,1836,0.89,20.943,0.054,0.005,0.0532003,50.0003
1807,1837,0.89,20.944,0.054,-0.001,0.0500218,47.013
1808,1838,0.89,20.944,0.054,-0.013,0.063613,59.7867
1809,1839,0.89,20.945,0.054,-0.026,0.043804,41.1691
1810,1840,0.89,20.945,0.053,-0.009,0.0224269,21.0779
1811,1841,0.89,20.945,0.053,-0.015,0.0463926,43.6021
1812,1842,0.89,20.946,0.053,0.01,0.0454537,42.7196
1813,1843,0.89,20.945,0.054,0.002,0.0664003,62.4063
1814,1844,0.89,20.946,0.054,0.021,0.0592878,55.7216
1815,1845,0.89,20.946,0.054,0.003,0.0652265,61.3031
1816,1846,0.89,20.944,0.055,0.008,0.0685329,64.4107
1817,1847,0.89,20.945,0.055,-0.006,0.0665012,62.5011
1818,1848,0.89,20.946,0.055,-0.003,0.0677693,63.6929
1819,1849,0.89,20.946,0.054,-0.015,0.0695641,65.3798
1820,1850,0.89,20.946,0.054,0.008,0.0679241,63.8384
1821,1851,0.89,20.945,0.054,0.019,0.0608033,57.146
1822,1852,0.89,20.947,0.054,0.002,0.0603464,56.7165
1823,1853,0.89,20.946,0.054,0.002,0.0405182,38.081
1824,1854,0.89,20.946,0.054,0.001,0.0529507,49.7657
1825,1855,0.89,20.942,0.054,-0.007,0.0404541,38.0207
1826,1856,0.89,20.945,0.054,-0.006,0.0525907,49.4273
1827,1857,0.89,20.944,0.054,-0.016,0.0537577,50.5242
1828,1858,0.89,20.945,0.054,-0.009,0.0576557,54.1877
1829,1859,0.9,20.944,0.055,-0.014,0.0600762,56.4626
1830,1860,0.9,20.945,0.054,-0.017,0.0628506,59.0701
1831,1861,0.9,20.945,0.054,-0.013,0.0425227,39.965
1832,1862,0.9,20.945,0.054,-0.007,0.0486033,45.6798
1833,1863,0.9,20.945,0.054,-0.006,0.0359909,33.826
1834,1864,0.9,20.945,0.054,0.011,0.0521443,49.0078
1835,1865,0.9,20.945,0.054,0.004,0.0413076,38.823
1836,1866,0.9,20.944,0.054,0.012,0.0516114,48.507
1837,1867,0.9,20.945,0.054,0,0.062766,58.9906
1838,1868,0.9,20.945,0.054,-0.001,0.0694979,65.3176
1839,1869,0.9,20.945,0.054,0,0.0687301,64.596
1840,1870,0.9,20.944,0.054,-0.002,0.0566317,53.2253
1841,1871,0.9,20.944,0.054,-0.004,0.0435527,40.933
1842,1872,0.91,20.944,0.054,0.004,0.0551052,51.7906
1843,1873,0.91,20.946,0.053,0.004,0.0408558,38.3983
1844,1874,0.91,20.945,0.054,0.007,0.0459954,43.2288
1845,1875,0.91,20.947,0.054,-0.004,0.0487666,45.8333
1846,1876,0.91,20.946,0.054,0.011,0.0519298,48.8062
1847,1877,0.91,20.945,0.053,-0.008,0.0607911,57.1345
1848,1878,0.91,20.947,0.053,-0.009,0.0425007,39.9443
1849,1879,0.91,20.945,0.053,-0.014,0.0490386,46.0889
1850,1880,0.91,20.945,0.054,-0.018,0.0552062,51.8856
1851,1881,0.91,20.946,0.055,-0.012,0.0547166,51.4254
1852,1882,0.91,20.947,0.053,0.002,0.0442358,41.575
1853,1883,0.91,20.946,0.053,-0.01,0.0265156,24.9207
1854,1884,0.91,20.947,0.054,0.012,0.0428329,40.2565
1855,1885,0.91,20.945,0.054,-0.004,0.0485209,45.6023
1856,1886,0.91,20.947,0.054,-0.006,0.048769,45.8356
1857,1887,0.91,20.947,0.054,-0.003,0.0614355,57.7401
1858,1888,0.91,20.946,0.055,-0.013,0.0511835,48.1048
1859,1889,0.91,20.946,0.054,-0.005,0.0682479,64.1428
1860,1890,0.92,20.948,0.054,-0.001,0.0686766,64.5457
1861,1891,0.92,20.946,0.055,-0.011,0.0359939,33.8289
1862,1892,0.92,20.947,0.054,-0.003,0.0286199,26.8984
1863,1893,0.92,20.945,0.054,-0.001,0.0420051,39.4785
1864,1894,0.92,20.947,0.053,0.015,0.0545754,51.2927
1865,1895,0.92,20.947,0.053,0.005,0.0393822,37.0134
1866,1896,0.92,20.946,0.053,0.005,0.0534817,50.2648
1867,1897,0.92,20.945,0.053,-0.005,0.0619884,58.2597
1868,1898,0.92,20.947,0.053,-0.012,0.0600297,56.4189
1869,1899,0.92,20.946,0.054,-0.007,0.0665289,62.5272
1870,1900,0.92,20.947,0.053,-0.014,0.0549261,51.6222
1871,1901,0.92,20.945,0.053,-0.007,0.0689738,64.825
1872,1902,0.92,20.944,0.053,0.002,0.0542563,50.9928
1873,1903,0.92,20.948,0.053,0.019,0.0401166,37.7035
1874,1904,0.92,20.946,0.054,0.007,0.0328259,30.8514
1875,1905,0.92,20.946,0.054,-0.006,0.0458793,43.1197
1876,1906,0.92,20.946,0.053,0.007,0.0617302,58.0171
1877,1907,0.92,20.946,0.053,-0.004,0.0709742,66.705
1878,1908,0.92,20.946,0.054,-0.008,0.0762046,71.6209
1879,1909,0.93,20.945,0.053,-0.002,0.085822,80.6597
1880,1910,0.93,20.944,0.053,-0.016,0.0609114,57.2476
1881,1911,0.93,20.946,0.053,-0.006,0.0671634,63.1235
1882,1912,0.93,20.946,0.053,-0.01,0.0555388,52.1982
1883,1913,0.93,20.944,0.053,-0.001,0.0470499,44.2198
1884,1914,0.93,20.945,0.053,0.013,0.0406227,38.1792
1885,1915,0.93,20.945,0.053,0.02,0.039522,37.1447
1886,1916,0.93,20.945,0.053,0.007,0.0468003,43.9853
1887,1917,0.93,20.945,0.054,-0.003,0.0480444,45.1545
1888,1918,0.93,20.944,0.054,-0.008,0.0627176,58.9451
1889,1919,0.93,20.943,0.053,-0.017,0.0712938,67.0055
1890,1920,0.93,20.944,0.054,-0.019,0.0571657,53.7272
1891,1921,0.93,20.943,0.053,-0.003,0.0541831,50.924
1892,1922,0.93,20.944,0.054,-0.007,0.0489842,46.0378
1893,1923,0.93,20.944,0.053,0.003,0.0426127,40.0495
1894,1924,0.93,20.944,0.054,0.005,0.0312574,29.3772
1895,1925,0.93,20.945,0.053,0.011,0.0390148,36.668
1896,1926,0.93,20.945,0.053,0.019,0.0527584,49.585
1897,1927,0.93,20.944,0.053,0.002,0.0690994,64.943
1898,1928,0.93,20.946,0.054,-0.004,0.0758938,71.3288
1899,1929,0.93,20.947,0.054,-0.014,0.0720967,67.7601
1900,1930,0.93,20.946,0.054,-0.022,0.067201,63.1588
1901,1931,0.93,20.946,0.054,-0.009,0.055108,51.7932
1902,1932,0.93,20.946,0.053,-0.006,0.0360052,33.8395
1903,1933,0.93,20.946,0.053,0,0.026423,24.8336
1904,1934,0.93,20.946,0.053,0.006,0.0406438,38.1991
1905,1935,0.93,20.946,0.053,0.012,0.0473625,44.5137
1906,1936,0.93,20.947,0.054,0.004,0.0696868,65.4951
1907,1937,0.93,20.947,0.055,-0.004,0.0573828,53.9312
1908,1938,0.93,20.946,0.054,-0.015,0.0568547,53.4348
1909,1939,0.94,20.945,0.054,-0.022,0.0531469,49.9501
1910,1940,0.94,20.945,0.055,-0.022,0.0596317,56.0448
1911,1941,0.94,20.946,0.054,-0.024,0.0623953,58.6422
1912,1942,0.94,20.947,0.054,-0.002,0.0558889,52.5272
1913,1943,0.94,20.945,0.055,0.011,0.0635683,59.7447
1914,1944,0.94,20.946,0.054,0.019,0.0534242,50.2107
1915,1945,0.94,20.946,0.054,0.007,0.047147,44.3111
1916,1946,0.94,20.946,0.055,0.01,0.0643378,60.4679
1917,1947,0.94,20.944,0.054,-0.017,0.0566437,53.2366
1918,1948,0.94,20.945,0.055,0,0.0651955,61.2739
1919,1949,0.94,20.944,0.055,-0.005,0.0560942,52.7201
1920,1950,0.94,20.945,0.055,-0.002,0.0529573,49.7719
1921,1951,0.94,20.945,0.055,-0.007,0.0641376,60.2797
1922,1952,0.94,20.945,0.055,-0.005,0.0643964,60.523
1923,1953,0.94,20.944,0.055,0.001,0.052192,49.0526
1924,1954,0.94,20.944,0.055,-0.006,0.047009,44.1814
1925,1955,0.94,20.944,0.054,0.008,0.0586284,55.1019
1926,1956,0.94,20.943,0.055,0,0.0653624,61.4308
1927,1957,0.94,20.946,0.055,-0.008,0.0786593,73.9279
1928,1958,0.95,20.944,0.055,-0.01,0.0895521,84.1655
1929,1959,0.95,20.946,0.056,-0.007,0.0656012,61.6553
1930,1960,0.95,20.944,0.056,-0.005,0.0886975,83.3623
1931,1961,0.95,20.945,0.055,-0.002,0.0510426,47.9724
1932,1962,0.95,20.945,0.055,-0.008,0.0475975,44.7345
1933,1963,0.95,20.944,0.055,-0.002,0.0556864,52.3368
1934,1964,0.95,20.943,0.055,0.004,0.0512029,48.123
1935,1965,0.95,20.944,0.055,0.014,0.055364,52.0338
1936,1966,0.95,20.943,0.055,0.008,0.0529609,49.7753
1937,1967,0.95,20.942,0.056,-0.003,0.0626416,58.8737
1938,1968,0.95,20.943,0.055,-0.021,0.0708526,66.5908
1939,1969,0.95,20.944,0.055,-0.03,0.0810838,76.2066
1940,1970,0.95,20.944,0.056,-0.013,0.0762427,71.6566
1941,1971,0.95,20.945,0.056,-0.026,0.0630191,59.2285
1942,1972,0.95,20.943,0.056,0.005,0.0550103,51.7014
1943,1973,0.95,20.944,0.056,0.007,0.0518652,48.7455
1944,1974,0.95,20.944,0.057,0.005,0.0444681,41.7933
1945,1975,0.95,20.943,0.056,0.008,0.0398961,37.4963
1946,1976,0.96,20.943,0.056,0.001,0.0542248,50.9632
1947,1977,0.96,20.944,0.056,0.007,0.0722678,67.9209
1948,1978,0.96,20.943,0.056,-0.001,0.071467,67.1682
1949,1979,0.96,20.943,0.056,-0.013,0.0689977,64.8474
1950,1980,0.96,20.944,0.056,-0.019,0.0691238,64.966
1951,1981,0.96,20.943,0.056,-0.015,0.0765245,71.9215
1952,1982,0.96,20.943,0.055,-0.011,0.0414354,38.9431
1953,1983,0.96,20.945,0.055,-0.003,0.0405979,38.1559
1954,1984,0.96,20.945,0.055,0.005,0.0380462,35.7577
1955,1985,0.96,20.944,0.055,0.011,0.0404083,37.9778
1956,1986,0.96,20.944,0.055,0.016,0.0482139,45.3138
1957,1987,0.96,20.944,0.055,0.008,0.0563754,52.9844
1958,1988,0.96,20.943,0.055,-0.014,0.0752437,70.7178
1959,1989,0.96,20.944,0.055,-0.015,0.0711272,66.8488
1960,1990,0.96,20.944,0.055,-0.007,0.0783647,73.651
1961,1991,0.96,20.943,0.055,-0.01,0.0629299,59.1447
1962,1992,0.96,20.944,0.055,-0.02,0.0753786,70.8445
1963,1993,0.96,20.944,0.055,0.009,0.0662,62.2181
1964,1994,0.96,20.945,0.055,0.006,0.0491754,46.2175
1965,1995,0.96,20.946,0.055,0.013,0.0490479,46.0977
1966,1996,0.96,20.945,0.055,0.01,0.0601684,56.5492
1967,1997,0.97,20.945,0.055,0.008,0.0679219,63.8364
1968,1998,0.97,20.944,0.055,-0.004,0.0637658,59.9302
1969,1999,0.97,20.945,0.055,-0.012,0.066387,62.3938
1970,2000,0.97,20.943,0.055,-0.008,0.0773676,72.7139
1971,2001,0.97,20.943,0.055,-0.02,0.0656231,61.6758
1972,2002,0.97,20.944,0.055,-0.016,0.0564846,53.087
1973,2003,0.97,20.946,0.055,-0.017,0.056591,53.187
1974,2004,0.97,20.944,0.054,-0.003,0.0500835,47.0709
1975,2005,0.97,20.943,0.055,0.009,0.0424019,39.8515
1976,2006,0.97,20.944,0.055,0.017,0.0522159,49.0751
1977,2007,0.97,20.942,0.055,0.002,0.0540757,50.823
1978,2008,0.97,20.943,0.055,-0.012,0.0460395,43.2702
1979,2009,0.97,20.944,0.055,-0.007,0.0610349,57.3636
1980,2010,0.97,20.944,0.055,-0.015,0.0520997,48.9658
1981,2011,0.97,20.945,0.055,-0.018,0.051621,48.516
1982,2012,0.97,20.944,0.055,-0.009,0.0675518,63.4886
1983,2013,0.97,20.944,0.055,0,0.0484574,45.5427
1984,2014,0.97,20.944,0.054,-0.004,0.0500844,47.0718
1985,2015,0.97,20.945,0.055,0.003,0.0543824,51.1113
1986,2016,0.98,20.945,0.055,0.004,0.0528364,49.6583
1987,2017,0.98,20.946,0.055,-0.001,0.0349665,32.8632
1988,2018,0.98,20.945,0.054,0.002,0.0472869,44.4426
1989,2019,0.98,20.944,0.054,0.002,0.0621539,58.4153
1990,2020,0.98,20.946,0.055,-0.007,0.0754903,70.9495
1991,2021,0.98,20.945,0.055,-0.006,0.0722129,67.8693
1992,2022,0.98,20.946,0.054,0,0.0522549,49.1117
1993,2023,0.98,20.945,0.054,-0.014,0.0523752,49.2249
1994,2024,0.98,20.945,0.054,0.005,0.0426012,40.0387
1995,2025,0.98,20.945,0.054,0.002,0.0264949,24.9012
1996,2026,0.98,20.945,0.054,-0.001,0.0406637,38.2178
1997,2027,0.98,20.945,0.054,0.001,0.0420293,39.5012
1998,2028,0.98,20.945,0.054,0.007,0.0432339,40.6333
1999,2029,0.98,20.947,0.054,-0.004,0.0614309,57.7358
2000,2030,0.98,20.947,0.053,-0.009,0.0690808,64.9256
2001,2031,0.98,20.945,0.054,-0.02,0.0775177,72.855
2002,2032,0.98,20.945,0.054,-0.018,0.0636115,59.7852
2003,2033,0.98,20.945,0.054,-0.004,0.0513166,48.2299
2004,2034,0.98,20.946,0.055,-0.004,0.0409723,38.5078
2005,2035,0.99,20.946,0.054,0.008,0.0381589,35.8636
2006,2036,0.99,20.945,0.053,0.02,0.0396815,37.2947
2007,2037,0.99,20.946,0.054,0.012,0.0482049,45.3053
2008,2038,0.99,20.945,0.054,0.01,0.0721431,67.8036
2009,2039,0.99,20.945,0.053,0.009,0.0624042,58.6506
2010,2040,0.99,20.945,0.055,-0.002,0.0600838,56.4697
2011,2041,0.99,20.944,0.054,-0.016,0.0562005,52.82
2012,2042,0.99,20.945,0.054,-0.023,0.061006,57.3365
2013,2043,0.99,20.945,0.054,-0.005,0.0354821,33.3478
2014,2044,0.99,20.944,0.054,0.002,0.0487031,45.7736
2015,2045,0.99,20.945,0.054,0.006,0.0393904,37.0211
2016,2046,0.99,20.946,0.053,0.014,0.0420865,39.555
2017,2047,0.99,20.945,0.054,0.009,0.0331417,31.1483
2018,2048,0.99,20.946,0.054,0,0.0437303,41.0999
2019,2049,0.99,20.946,0.054,-0.018,0.0420661,39.5358
2020,2050,0.99,20.945,0.054,-0.01,0.0394522,37.0791
2021,2051,1,20.945,0.054,-0.011,0.0610755,57.4018
2022,2052,1,20.946,0.054,-0.003,0.0521127,48.9781
2023,2053,1,20.945,0.054,-0.007,0.0390578,36.7084
2024,2054,1,20.945,0.054,0.006,0.04707,44.2388
2025,2055,1,20.947,0.054,-0.001,0.0370698,34.8401
2026,2056,1,20.946,0.054,0.013,0.0525238,49.3645
2027,2057,1,20.945,0.054,0.01,0.0554865,52.149
2028,2058,1,20.945,0.054,0.014,0.0706963,66.4439
2029,2059,1,20.946,0.054,0.008,0.0689173,64.7719
2030,2060,1,20.945,0.054,0.01,0.0795032,74.7211
2031,2061,1,20.945,0.054,0.008,0.068914,64.7688
2032,2062,1,20.946,0.054,-0.008,0.0623038,58.5562
2033,2063,1,20.945,0.053,-0.003,0.0493723,46.4025
2034,2064,1,20.946,0.053,0.009,0.0633618,59.5506
2035,2065,1,20.946,0.054,0.006,0.039373,37.0047
2036,2066,1,20.945,0.054,0.01,0.0450781,42.3666
2037,2067,1,20.946,0.054,0,0.0406447,38.1999
2038,2068,1,20.945,0.054,0.002,0.0579672,54.4804
2039,2069,1,20.944,0.054,-0.017,0.0460841,43.3121
2040,2070,1,20.945,0.054,-0.011,0.0752811,70.7529
2041,2071,1,20.944,0.054,-0.024,0.0577711,54.2962
2042,2072,1,20.945,0.054,-0.01,0.0460996,43.3267
2043,2073,1,20.944,0.054,-0.004,0.0396641,37.2783
2044,2074,1,20.944,0.054,0.008,0.0374902,35.2351
2045,2075,1,20.944,0.054,0,0.0282635,26.5635
2046,2076,1.01,20.943,0.054,0.017,0.0465359,43.7367
2047,2077,1.01,20.944,0.054,0.007,0.0540563,50.8047
2048,2078,1.01,20.945,0.054,0.007,0.0502979,47.2724
2049,2079,1.01,20.946,0.055,-0.005,0.0620219,58.2913
2050,2080,1.01,20.945,0.054,0.005,0.0533111,50.1045
2051,2081,1.01,20.945,0.054,-0.015,0.0599831,56.3751
2052,2082,1.01,20.944,0.053,-0.009,0.0653433,61.4128
2053,2083,1.01,20.946,0.054,-0.003,0.0526849,49.5159
2054,2084,1.01,20.947,0.054,0.007,0.0509388,47.8748
2055,2085,1.01,20.946,0.054,0.01,0.0343713,32.3039
2056,2086,1.01,20.946,0.054,0.018,0.0603389,56.7095
2057,2087,1.01,20.946,0.054,0.011,0.0570095,53.5804
2058,2088,1.01,20.944,0.053,0,0.0455535,42.8134
2059,2089,1.01,20.945,0.054,0.002,0.0687305,64.5963
2060,2090,1.01,20.945,0.054,-0.013,0.0635322,59.7107
2061,2091,1.01,20.946,0.054,-0.005,0.0722121,67.8685
2062,2092,1.01,20.946,0.054,-0.002,0.0526466,49.4798
2063,2093,1.01,20.944,0.054,-0.006,0.0579492,54.4635
2064,2094,1.01,20.944,0.054,0.005,0.0445008,41.824
2065,2095,1.01,20.944,0.055,0.006,0.0490527,46.1022
2066,2096,1.01,20.944,0.055,0.021,0.0359853,33.8208
2067,2097,1.01,20.944,0.054,-0.003,0.063991,60.1419
2068,2098,1.02,20.944,0.054,0,0.0612729,57.5873
2069,2099,1.02,20.944,0.055,0.006,0.0664019,62.4078
2070,2100,1.02,20.945,0.054,-0.015,0.0681441,64.0452
2071,2101,1.02,20.945,0.054,-0.005,0.0660208,62.0496
2072,2102,1.02,20.944,0.054,-0.013,0.0885478,83.2216
2073,2103,1.02,20.944,0.054,-0.001,0.069559,65.375
2074,2104,1.02,20.945,0.054,0.001,0.0595717,55.9884
2075,2105,1.02,20.944,0.054,0.012,0.0392973,36.9336
2076,2106,1.02,20.944,0.054,-0.001,0.0496387,46.6529
2077,2107,1.02,20.946,0.054,0.011,0.0463999,43.6089
2078,2108,1.02,20.946,0.054,-0.006,0.0594186,55.8445
2079,2109,1.02,20.944,0.055,-0.003,0.069578,65.3928
2080,2110,1.02,20.944,0.054,-0.009,0.0779853,73.2945
2081,2111,1.02,20.944,0.054,-0.016,0.0641616,60.3023
2082,2112,1.02,20.945,0.054,-0.017,0.0628518,59.0713
2083,2113,1.02,20.946,0.054,-0.024,0.0594165,55.8426
2084,2114,1.02,20.943,0.054,-0.007,0.0554814,52.1442
2085,2115,1.02,20.943,0.054,0.004,0.0463342,43.5472
2086,2116,1.02,20.943,0.054,0.013,0.0604221,56.7877
2087,2117,1.03,20.945,0.055,0.003,0.0347714,32.6799
2088,2118,1.03,20.945,0.054,0.005,0.0584004,54.8876
2089,2119,1.03,20.945,0.054,-0.007,0.0558693,52.5087
2090,2120,1.03,20.945,0.054,-0.015,0.0823385,77.3858
2091,2121,1.03,20.945,0.055,-0.019,0.0832655,78.2571
2092,2122,1.03,20.944,0.055,-0.012,0.0593329,55.764
2093,2123,1.03,20.945,0.055,-0.009,0.0678051,63.7266
2094,2124,1.03,20.945,0.054,-0.003,0.0579872,54.4993
2095,2125,1.03,20.944,0.054,0.003,0.0563255,52.9375
2096,2126,1.03,20.944,0.054,0.006,0.040588,38.1466
2097,2127,1.03,20.945,0.055,-0.003,0.0366578,34.4528
2098,2128,1.03,20.944,0.054,0.02,0.0575535,54.0917
2099,2129,1.03,20.944,0.054,0,0.0634433,59.6271
2100,2130,1.03,20.944,0.054,-0.002,0.0719191,67.5932
2101,2131,1.03,20.945,0.054,-0.018,0.0692707,65.1041
2102,2132,1.04,20.943,0.054,-0.018,0.07293,68.5432
2103,2133,1.04,20.943,0.054,-0.002,0.0641095,60.2533
2104,2134,1.04,20.944,0.054,-0.009,0.0483207,45.4141
2105,2135,1.04,20.944,0.055,0,0.0433489,40.7415
2106,2136,1.04,20.944,0.053,0.001,0.0530544,49.8631
2107,2137,1.04,20.944,0.054,0.013,0.0419082,39.3874
2108,2138,1.04,20.945,0.054,0.015,0.0451707,42.4537
2109,2139,1.04,20.945,0.054,0.001,0.0504902,47.4532
2110,2140,1.04,20.944,0.054,-0.006,0.0612487,57.5646
2111,2141,1.04,20.944,0.054,-0.018,0.0775188,72.856
2112,2142,1.04,20.945,0.054,-0.01,0.0682156,64.1124
2113,2143,1.04,20.944,0.054,-0.014,0.0678351,63.7548
2114,2144,1.05,20.944,0.054,-0.005,0.0438593,41.2211
2115,2145,1.05,20.944,0.055,0.004,0.0578481,54.3685
2116,2146,1.05,20.945,0.054,0.012,0.0483692,45.4597
2117,2147,1.05,20.944,0.054,0.005,0.0401974,37.7795
2118,2148,1.05,20.944,0.054,0.015,0.0533613,50.1516
2119,2149,1.04,20.944,0.054,0.007,0.0616513,57.943
2120,2150,1.04,20.945,0.054,0.002,0.0657876,61.8305
2121,2151,1.05,20.945,0.054,-0.008,0.0623696,58.618
2122,2152,1.05,20.945,0.055,-0.013,0.0659028,61.9387
2123,2153,1.05,20.943,0.054,-0.011,0.0709953,66.7249
2124,2154,1.05,20.944,0.055,-0.014,0.0648452,60.9447
2125,2155,1.05,20.945,0.055,0.008,0.0668475,62.8266
2126,2156,1.05,20.945,0.055,0.007,0.0644979,60.6183
2127,2157,1.05,20.942,0.054,0.012,0.0650768,61.1624
2128,2158,1.05,20.943,0.055,0.017,0.0605851,56.9409
2129,2159,1.05,20.944,0.055,0.013,0.0703068,66.0778
2130,2160,1.05,20.942,0.055,-0.004,0.0738045,69.3651
2131,2161,1.05,20.944,0.055,-0.013,0.0670252,62.9936
2132,2162,1.05,20.945,0.054,-0.011,0.0660943,62.1187
2133,2163,1.05,20.945,0.054,-0.012,0.0683842,64.2708
2134,2164,1.05,20.945,0.055,-0.017,0.0720819,67.7461
2135,2165,1.05,20.945,0.055,-0.007,0.062754,58.9793
2136,2166,1.05,20.944,0.055,-0.004,0.0602192,56.597
2137,2167,1.05,20.943,0.055,0.002,0.0596075,56.022
2138,2168,1.05,20.942,0.055,0.002,0.046148,43.3722
2139,2169,1.05,20.942,0.055,0,0.0423217,39.776
2140,2170,1.05,20.943,0.055,-0.003,0.0499062,46.9043
2141,2171,1.05,20.942,0.055,-0.011,0.0739185,69.4723
2142,2172,1.06,20.943,0.055,-0.004,0.0880476,82.7515
2143,2173,1.06,20.943,0.055,-0.003,0.0710637,66.7892
2144,2174,1.06,20.943,0.055,-0.006,0.0646647,60.7751
2145,2175,1.06,20.943,0.054,-0.01,0.048597,45.6739
2146,2176,1.06,20.943,0.055,-0.001,0.0426582,40.0923
2147,2177,1.06,20.943,0.055,0.007,0.0250324,23.5267
2148,2178,1.06,20.942,0.054,0.002,0.0642826,60.416
2149,2179,1.06,20.943,0.055,0.007,0.0736752,69.2436
2150,2180,1.06,20.945,0.055,0.009,0.0788637,74.12
2151,2181,1.06,20.945,0.055,0.016,0.0943113,88.6384
2152,2182,1.06,20.942,0.055,-0.011,0.0964688,90.6662
2153,2183,1.06,20.943,0.055,-0.024,0.0825099,77.5469
2154,2184,1.06,20.943,0.056,-0.003,0.062335,58.5856
2155,2185,1.06,20.942,0.056,0.001,0.0593338,55.7648
2156,2186,1.06,20.942,0.055,0.016,0.0641788,60.3184
2157,2187,1.06,20.942,0.055,0.013,0.0440657,41.4152
2158,2188,1.06,20.944,0.055,0.025,0.0614102,57.7164
2159,2189,1.06,20.945,0.055,0.002,0.0550509,51.7396
2160,2190,1.07,20.942,0.054,-0.006,0.0776222,72.9532
2161,2191,1.07,20.942,0.054,-0.016,0.067548,63.485
2162,2192,1.07,20.943,0.055,-0.026,0.0751861,70.6636
2163,2193,1.07,20.942,0.055,-0.027,0.0650095,61.0991
2164,2194,1.07,20.942,0.055,-0.013,0.0573108,53.8636
2165,2195,1.07,20.942,0.055,-0.001,0.0695064,65.3255
2166,2196,1.07,20.943,0.054,0.002,0.0597059,56.1146
2167,2197,1.07,20.943,0.054,0.005,0.0546099,51.3251
2168,2198,1.07,20.942,0.054,0.012,0.0525828,49.42
2169,2199,1.07,20.944,0.054,-0.003,0.0676247,63.5571
2170,2200,1.07,20.944,0.054,-0.002,0.0648728,60.9706
2171,2201,1.07,20.945,0.054,-0.018,0.0799743,75.1638
2172,2202,1.07,20.944,0.055,-0.003,0.0707768,66.5195
2173,2203,1.07,20.943,0.055,-0.012,0.0692134,65.0502
2174,2204,1.07,20.943,0.054,-0.004,0.0847317,79.635
2175,2205,1.07,20.943,0.054,0,0.0639551,60.1082
2176,2206,1.07,20.944,0.055,-0.005,0.0752995,70.7703
2177,2207,1.07,20.943,0.055,0.006,0.0593238,55.7554
2178,2208,1.07,20.942,0.055,0.007,0.0565364,53.1357
2179,2209,1.07,20.943,0.055,0.014,0.0556866,52.337
2180,2210,1.07,20.942,0.055,-0.001,0.0603402,56.7107
2181,2211,1.07,20.942,0.055,-0.008,0.079241,74.4746
2182,2212,1.08,20.944,0.055,-0.016,0.0772149,72.5704
2183,2213,1.08,20.943,0.055,-0.01,0.0791063,74.3481
2184,2214,1.08,20.943,0.056,-0.01,0.0563736,52.9827
2185,2215,1.08,20.944,0.056,-0.017,0.0578035,54.3266
2186,2216,1.08,20.942,0.055,-0.008,0.0475308,44.6718
2187,2217,1.08,20.944,0.055,-0.013,0.0429694,40.3848
2188,2218,1.08,20.943,0.055,0.007,0.0326212,30.6591
2189,2219,1.08,20.942,0.055,0.01,0.0489056,45.964
2190,2220,1.08,20.942,0.054,0.005,0.0634983,59.6789
2191,2221,1.08,20.943,0.055,0.004,0.0509539,47.889
2192,2222,1.08,20.943,0.054,-0.015,0.0774748,72.8147
2193,2223,1.08,20.943,0.054,-0.013,0.0794955,74.7139
2194,2224,1.08,20.943,0.055,-0.015,0.0648142,60.9156
2195,2225,1.08,20.943,0.055,0.001,0.0618236,58.1049
2196,2226,1.08,20.944,0.055,0.003,0.0604026,56.7693
2197,2227,1.08,20.943,0.055,0.018,0.0448614,42.163
2198,2228,1.08,20.942,0.054,0.013,0.0485751,45.6533
2199,2229,1.08,20.944,0.055,0.019,0.0536128,50.388
2200,2230,1.08,20.945,0.054,0.007,0.0657725,61.8162
2201,2231,1.08,20.944,0.054,-0.002,0.0654139,61.4792
2202,2232,1.08,20.943,0.054,0.006,0.0598503,56.2503
2203,2233,1.09,20.944,0.055,-0.012,0.073486,69.0658
2204,2234,1.09,20.943,0.055,-0.016,0.0722771,67.9296
2205,2235,1.09,20.943,0.055,-0.007,0.0560052,52.6365
2206,2236,1.09,20.944,0.055,0,0.0368215,34.6067
2207,2237,1.09,20.943,0.055,-0.003,0.037717,35.4483
2208,2238,1.09,20.944,0.054,0.012,0.0557165,52.3651
2209,2239,1.09,20.944,0.055,0.009,0.0598879,56.2856
2210,2240,1.09,20.944,0.054,-0.002,0.0597801,56.1843
2211,2241,1.09,20.945,0.055,-0.008,0.0689402,64.7935
2212,2242,1.09,20.944,0.054,-0.008,0.0734786,69.0588
2213,2243,1.09,20.944,0.055,-0.007,0.0628486,59.0682
2214,2244,1.09,20.945,0.054,-0.025,0.0604328,56.7977
2215,2245,1.1,20.946,0.054,-0.014,0.0535022,50.284
2216,2246,1.1,20.944,0.054,-0.003,0.0426004,40.038
2217,2247,1.1,20.945,0.054,0.015,0.0441247,41.4706
2218,2248,1.1,20.945,0.054,0.014,0.050376,47.3459
2219,2249,1.1,20.945,0.054,-0.003,0.0462847,43.5007
2220,2250,1.1,20.945,0.054,-0.006,0.0500978,47.0844
2221,2251,1.1,20.945,0.054,-0.011,0.0562422,52.8592
2222,2252,1.1,20.946,0.053,-0.015,0.0588944,55.3519
2223,2253,1.1,20.945,0.054,-0.017,0.0581466,54.649
2224,2254,1.1,20.945,0.054,-0.013,0.0503402,47.3123
2225,2255,1.1,20.946,0.053,-0.017,0.0467218,43.9115
2226,2256,1.1,20.947,0.053,-0.01,0.0455982,42.8554
2227,2257,1.1,20.947,0.053,0.006,0.0368543,34.6375
2228,2258,1.1,20.946,0.054,0.009,0.0422549,39.7133
2229,2259,1.1,20.945,0.054,0.011,0.0538771,50.6364
2230,2260,1.1,20.943,0.054,0.006,0.0434717,40.8569
2231,2261,1.1,20.945,0.054,0.003,0.0624948,58.7357
2232,2262,1.1,20.945,0.054,-0.007,0.0635443,59.7221
2233,2263,1.1,20.946,0.054,-0.011,0.0587207,55.1886
2234,2264,1.1,20.946,0.054,-0.004,0.0442156,41.556
2235,2265,1.1,20.945,0.054,-0.003,0.0438359,41.1992
2236,2266,1.1,20.946,0.054,0.001,0.0359714,33.8077
2237,2267,1.1,20.946,0.054,-0.003,0.0463772,43.5876
2238,2268,1.1,20.947,0.054,0.01,0.0430742,40.4833
2239,2269,1.1,20.946,0.054,0.005,0.049159,46.2021
2240,2270,1.1,20.946,0.054,-0.005,0.0463635,43.5748
2241,2271,1.1,20.946,0.054,0.004,0.043757,41.125
2242,2272,1.11,20.946,0.054,-0.015,0.0697233,65.5294
2243,2273,1.11,20.946,0.054,-0.016,0.0646222,60.7352
2244,2274,1.11,20.946,0.054,-0.005,0.0713249,67.0346
2245,2275,1.11,20.945,0.054,0.003,0.0519197,48.7967
2246,2276,1.11,20.946,0.054,0.003,0.0466862,43.878
2247,2277,1.11,20.946,0.054,0.011,0.0303229,28.4989
2248,2278,1.11,20.946,0.054,0.001,0.0323038,30.3607
2249,2279,1.11,20.946,0.054,0.004,0.0449567,42.2525
2250,2280,1.11,20.946,0.054,0.004,0.0396093,37.2268
2251,2281,1.11,20.945,0.054,0.001,0.0632683,59.4627
2252,2282,1.11,20.946,0.054,0.004,0.0666661,62.6561
2253,2283,1.11,20.946,0.054,-0.015,0.0863607,81.166
2254,2284,1.11,20.945,0.053,-0.01,0.0642807,60.4142
2255,2285,1.11,20.945,0.054,-0.016,0.049598,46.6147
2256,2286,1.11,20.945,0.054,0.001,0.059687,56.0968
2257,2287,1.11,20.945,0.054,0.011,0.0548573,51.5576
2258,2288,1.12,20.944,0.054,0.017,0.0399614,37.5577
2259,2289,1.12,20.946,0.053,0.019,0.0375301,35.2727
2260,2290,1.12,20.945,0.053,0.007,0.0384998,36.184
2261,2291,1.12,20.945,0.053,0.014,0.0636091,59.783
2262,2292,1.12,20.945,0.054,-0.008,0.075288,70.7594
2263,2293,1.12,20.945,0.053,-0.013,0.0707606,66.5044
2264,2294,1.12,20.945,0.053,-0.03,0.0516247,48.5195
2265,2295,1.12,20.945,0.053,-0.006,0.0424813,39.9261
2266,2296,1.12,20.944,0.054,-0.002,0.0423744,39.8256
2267,2297,1.12,20.946,0.053,-0.012,0.0416964,39.1883
2268,2298,1.12,20.946,0.053,-0.001,0.0494943,46.5172
2269,2299,1.12,20.945,0.054,0.009,0.0461894,43.4111
2270,2300,1.12,20.946,0.054,0.005,0.057803,54.3262
2271,2301,1.12,20.947,0.054,0.009,0.0688528,64.7113
2272,2302,1.12,20.946,0.054,-0.01,0.0544609,51.1851
2273,2303,1.12,20.945,0.054,-0.021,0.0531358,49.9397
2274,2304,1.12,20.945,0.054,-0.017,0.0649183,61.0134
2275,2305,1.12,20.945,0.053,0.006,0.0437901,41.1561
2276,2306,1.12,20.944,0.053,0.011,0.0392445,36.8839
2277,2307,1.12,20.945,0.053,0.01,0.0371851,34.9484
2278,2308,1.13,20.945,0.054,0.006,0.0462577,43.4752
2279,2309,1.13,20.946,0.053,0.003,0.0390823,36.7315
2280,2310,1.13,20.945,0.053,0.003,0.0409054,38.4449
2281,2311,1.13,20.946,0.054,-0.004,0.0716265,67.3181
2282,2312,1.13,20.945,0.053,-0.014,0.0715714,67.2664
2283,2313,1.13,20.945,0.053,-0.001,0.0788971,74.1514
2284,2314,1.13,20.945,0.054,0.001,0.068735,64.6005
2285,2315,1.13,20.945,0.054,-0.006,0.0474102,44.5584
2286,2316,1.13,20.944,0.054,0.009,0.0372321,34.9926
2287,2317,1.13,20.945,0.053,0.008,0.0441522,41.4965
2288,2318,1.13,20.946,0.054,0.011,0.0263078,24.7254
2289,2319,1.13,20.946,0.054,0.006,0.0451795,42.462
2290,2320,1.13,20.945,0.053,0.008,0.0485416,45.6218
2291,2321,1.13,20.946,0.053,0.003,0.0541915,50.9319
2292,2322,1.13,20.947,0.053,-0.021,0.0731729,68.7715
2293,2323,1.13,20.946,0.054,-0.021,0.0535846,50.3615
2294,2324,1.13,20.946,0.054,-0.025,0.0613459,57.6559
2295,2325,1.13,20.945,0.054,-0.015,0.0704001,66.1655
2296,2326,1.13,20.945,0.054,0,0.0712569,66.9708
2297,2327,1.13,20.946,0.054,0.015,0.038237,35.9371
2298,2328,1.13,20.945,0.054,0.013,0.0302579,28.4378
2299,2329,1.14,20.944,0.054,0.02,0.0557803,52.4251
2300,2330,1.14,20.946,0.054,0.007,0.0482995,45.3943
2301,2331,1.14,20.945,0.053,-0.001,0.0520177,48.8888
2302,2332,1.14,20.946,0.054,-0.001,0.0541245,50.8689
2303,2333,1.14,20.945,0.054,-0.015,0.0596309,56.0441
2304,2334,1.14,20.944,0.053,-0.001,0.0697511,65.5556
2305,2335,1.14,20.945,0.053,-0.016,0.0675543,63.4909
2306,2336,1.14,20.947,0.053,-0.016,0.0469651,44.1402
2307,2337,1.14,20.945,0.053,-0.022,0.0326804,30.7147
2308,2338,1.14,20.946,0.052,0.01,0.0502552,47.2323
2309,2339,1.14,20.946,0.053,0.014,0.0282425,26.5437
2310,2340,1.14,20.947,0.053,-0.002,0.043581,40.9596
2311,2341,1.14,20.945,0.053,-0.004,0.0398935,37.4939
2312,2342,1.14,20.947,0.054,-0.007,0.0513336,48.2458
2313,2343,1.14,20.947,0.054,-0.015,0.07104,66.7669
2314,2344,1.14,20.948,0.054,-0.017,0.0617852,58.0688
2315,2345,1.14,20.947,0.054,-0.021,0.0617765,58.0606
2316,2346,1.14,20.946,0.054,-0.013,0.0571222,53.6863
2317,2347,1.14,20.945,0.053,0.001,0.0582443,54.7409
2318,2348,1.15,20.946,0.054,0.015,0.0303591,28.533
2319,2349,1.15,20.946,0.053,-0.003,0.0518146,48.6979
2320,2350,1.15,20.946,0.054,0.019,0.0498806,46.8803
2321,2351,1.15,20.946,0.053,0.004,0.0509547,47.8898
2322,2352,1.15,20.946,0.053,0.008,0.0448288,42.1324
2323,2353,1.15,20.946,0.053,0.003,0.0655128,61.5721
2324,2354,1.15,20.945,0.053,-0.017,0.0520305,48.9008
2325,2355,1.15,20.945,0.053,-0.017,0.0653851,61.4522
2326,2356,1.15,20.947,0.054,-0.012,0.0618115,58.0935
2327,2357,1.15,20.946,0.054,0.001,0.0445316,41.853
2328,2358,1.15,20.944,0.053,-0.004,0.0448715,42.1725
2329,2359,1.15,20.945,0.054,0.017,0.0275813,25.9223
2330,2360,1.15,20.946,0.053,0.001,0.0477398,44.8682
2331,2361,1.15,20.945,0.052,0.004,0.0609018,57.2386
2332,2362,1.15,20.945,0.053,-0.002,0.0675644,63.5004
2333,2363,1.15,20.946,0.054,-0.002,0.0621467,58.4086
2334,2364,1.15,20.947,0.053,-0.016,0.042157,39.6213
2335,2365,1.15,20.946,0.054,0.001,0.0592753,55.7099
2336,2366,1.15,20.945,0.053,-0.011,0.0560213,52.6516
2337,2367,1.15,20.945,0.054,-0.007,0.0433893,40.7794
2338,2368,1.15,20.945,0.053,0.003,0.0428827,40.3033
2339,2369,1.16,20.946,0.054,0.009,0.0430844,40.4928
2340,2370,1.16,20.945,0.054,0.019,0.05896,55.4135
2341,2371,1.16,20.946,0.054,0,0.0580224,54.5323
2342,2372,1.16,20.946,0.053,-0.007,0.047733,44.8619
2343,2373,1.16,20.945,0.053,-0.013,0.0590125,55.4628
2344,2374,1.16,20.945,0.053,-0.008,0.0694472,65.2699
2345,2375,1.16,20.945,0.053,0.006,0.0580778,54.5844
2346,2376,1.16,20.946,0.053,-0.005,0.0445269,41.8486
2347,2377,1.16,20.945,0.053,-0.002,0.0463463,43.5586
2348,2378,1.16,20.945,0.053,0.01,0.0225984,21.2391
2349,2379,1.16,20.945,0.054,0.01,0.0489808,46.0346
2350,2380,1.16,20.945,0.053,0.009,0.0414668,38.9726
2351,2381,1.16,20.945,0.054,-0.004,0.0523262,49.1788
2352,2382,1.16,20.945,0.053,0,0.0586287,55.1022
2353,2383,1.16,20.944,0.053,0.006,0.0644564,60.5794
2354,2384,1.16,20.945,0.053,-0.006,0.0765218,71.919
2355,2385,1.16,20.945,0.053,-0.019,0.0678079,63.7293
2356,2386,1.16,20.946,0.053,-0.013,0.0599884,56.3801
2357,2387,1.16,20.947,0.053,0.009,0.0551372,51.8206
2358,2388,1.16,20.945,0.054,0.007,0.0320421,30.1147
2359,2389,1.17,20.945,0.053,0.019,0.0392751,36.9127
2360,2390,1.17,20.947,0.054,0,0.0390485,36.6998
2361,2391,1.17,20.946,0.053,0.006,0.0351505,33.0362
2362,2392,1.17,20.946,0.053,-0.004,0.0488158,45.8795
2363,2393,1.17,20.946,0.053,-0.009,0.06287,59.0884
2364,2394,1.17,20.946,0.053,-0.019,0.0617544,58.0398
2365,2395,1.17,20.947,0.054,-0.021,0.0658473,61.8866
2366,2396,1.17,20.945,0.053,-0.01,0.0538181,50.5809
2367,2397,1.17,20.944,0.053,-0.005,0.0396886,37.3013
2368,2398,1.17,20.945,0.053,-0.006,0.0150471,14.142
2369,2399,1.17,20.946,0.053,0.016,0.0211397,19.8681
2370,2400,1.17,20.946,0.053,0.014,0.0348299,32.7349
2371,2401,1.17,20.945,0.053,0.009,0.0485739,45.6521
2372,2402,1.17,20.946,0.053,0.008,0.0481002,45.207
2373,2403,1.17,20.947,0.053,-0.004,0.0600079,56.3984
2374,2404,1.17,20.947,0.053,-0.013,0.0499035,46.9018
2375,2405,1.17,20.946,0.053,-0.016,0.0485359,45.6165
2376,2406,1.17,20.947,0.053,-0.016,0.056364,52.9737
2377,2407,1.18,20.946,0.053,-0.01,0.0674891,63.4296
2378,2408,1.18,20.947,0.054,0.008,0.0521363,49.0002
2379,2409,1.18,20.946,0.054,0.021,0.0393766,37.0081
2380,2410,1.18,20.948,0.053,0.02,0.0320896,30.1594
2381,2411,1.18,20.947,0.053,0.013,0.0422145,39.6753
2382,2412,1.18,20.946,0.053,0,0.0485135,45.5953
2383,2413,1.18,20.946,0.054,-0.004,0.0561417,52.7648
2384,2414,1.18,20.947,0.054,-0.016,0.0722979,67.9492
2385,2415,1.18,20.947,0.053,-0.002,0.0528938,49.7122
2386,2416,1.18,20.946,0.053,-0.004,0.0530965,49.9027
2387,2417,1.18,20.947,0.053,-0.007,0.0555236,52.1838
2388,2418,1.18,20.946,0.052,-0.017,0.0351957,33.0787
2389,2419,1.18,20.946,0.053,-0.002,0.0254351,23.9052
2390,2420,1.18,20.946,0.053,0.014,0.0345539,32.4755
2391,2421,1.18,20.945,0.054,0.011,0.0433633,40.755
2392,2422,1.18,20.947,0.054,0,0.0524462,49.2915
2393,2423,1.19,20.947,0.054,-0.002,0.0566007,53.1962
2394,2424,1.19,20.946,0.054,-0.008,0.0598664,56.2654
2395,2425,1.19,20.946,0.053,-0.026,0.0636229,59.7959
2396,2426,1.19,20.947,0.053,-0.004,0.0679461,63.8591
2397,2427,1.19,20.946,0.054,0.001,0.0533411,50.1326
2398,2428,1.19,20.945,0.053,-0.002,0.0357865,33.634
2399,2429,1.19,20.945,0.054,0.008,0.0295698,27.7911
2400,2430,1.19,20.947,0.053,0.016,0.0401031,37.6909
2401,2431,1.19,20.947,0.054,0.009,0.0496232,46.6383
2402,2432,1.19,20.947,0.053,0.004,0.0516793,48.5708
2403,2433,1.19,20.946,0.053,-0.004,0.0488613,45.9223
2404,2434,1.19,20.946,0.053,-0.012,0.0550008,51.6925
2405,2435,1.19,20.947,0.053,-0.011,0.0608492,57.1891
2406,2436,1.19,20.946,0.053,-0.015,0.0553996,52.0673
2407,2437,1.19,20.946,0.053,-0.013,0.0512784,48.194
2408,2438,1.19,20.945,0.053,-0.004,0.0283393,26.6347
2409,2439,1.19,20.946,0.053,0.002,0.0441751,41.5179
2410,2440,1.2,20.948,0.053,0.018,0.0360801,33.9099
2411,2441,1.2,20.946,0.053,0.009,0.0402591,37.8375
2412,2442,1.2,20.946,0.053,0.004,0.0448906,42.1904
2413,2443,1.2,20.945,0.053,-0.007,0.0488494,45.9111
2414,2444,1.2,20.947,0.053,-0.005,0.0572113,53.7701
2415,2445,1.2,20.947,0.053,-0.007,0.0486896,45.7609
2416,2446,1.2,20.946,0.054,-0.011,0.0639049,60.061
2417,2447,1.2,20.946,0.054,-0.011,0.0468358,44.0186
2418,2448,1.2,20.947,0.053,-0.004,0.0421406,39.6059
2419,2449,1.2,20.946,0.053,0.014,0.0332331,31.2342
2420,2450,1.2,20.947,0.053,0.005,0.0447988,42.1042
2421,2451,1.2,20.946,0.053,0.007,0.0479257,45.0429
2422,2452,1.2,20.947,0.053,0.003,0.0318845,29.9667
2423,2453,1.2,20.947,0.054,0.004,0.0443506,41.6829
2424,2454,1.2,20.946,0.053,-0.006,0.0513359,48.248
2425,2455,1.2,20.947,0.054,-0.012,0.0596508,56.0628
2426,2456,1.2,20.947,0.053,0.003,0.058015,54.5254
2427,2457,1.2,20.945,0.053,-0.013,0.0410461,38.5771
2428,2458,1.21,20.946,0.054,-0.004,0.0462801,43.4964
2429,2459,1.21,20.947,0.054,0.005,0.0422199,39.6803
2430,2460,1.21,20.946,0.054,0.014,0.0440836,41.432
2431,2461,1.21,20.946,0.054,0.002,0.0472858,44.4415
2432,2462,1.21,20.946,0.054,-0.001,0.0556738,52.325
2433,2463,1.21,20.946,0.054,0.01,0.044079,41.4276
2434,2464,1.21,20.947,0.054,-0.006,0.0600582,56.4457
2435,2465,1.21,20.948,0.054,-0.013,0.065413,61.4784
2436,2466,1.21,20.948,0.054,-0.01,0.0505592,47.518
2437,2467,1.21,20.946,0.054,-0.009,0.056969,53.5423
2438,2468,1.21,20.946,0.053,-0.003,0.046761,43.9483
2439,2469,1.21,20.948,0.053,-0.002,0.0457468,42.9951
2440,2470,1.21,20.947,0.053,0.001,0.0362013,34.0237
2441,2471,1.21,20.947,0.053,0.004,0.0429099,40.3288
2442,2472,1.21,20.946,0.054,0.002,0.0400781,37.6673
2443,2473,1.21,20.946,0.054,-0.013,0.0658272,61.8677
2444,2474,1.21,20.947,0.055,-0.006,0.0575972,54.1327
2445,2475,1.21,20.948,0.054,-0.012,0.0636057,59.7798
2446,2476,1.21,20.946,0.053,-0.016,0.0641337,60.276
2447,2477,1.22,20.946,0.055,-0.006,0.0665784,62.5737
2448,2478,1.22,20.947,0.054,-0.005,0.0505356,47.4959
2449,2479,1.22,20.945,0.054,0.006,0.0473156,44.4696
2450,2480,1.22,20.945,0.054,0.006,0.0509338,47.8701
2451,2481,1.22,20.945,0.054,0.011,0.0559618,52.5957
2452,2482,1.22,20.946,0.055,0.005,0.0482736,45.3699
2453,2483,1.22,20.946,0.056,0.011,0.0453024,42.5774
2454,2484,1.22,20.945,0.055,-0.009,0.0645929,60.7076
2455,2485,1.22,20.944,0.055,-0.01,0.0727406,68.3652
2456,2486,1.22,20.946,0.056,-0.011,0.0665967,62.5909
2457,2487,1.22,20.945,0.056,-0.012,0.0727989,68.42
2458,2488,1.22,20.945,0.056,-0.01,0.065498,61.5582
2459,2489,1.22,20.944,0.056,0,0.0802195,75.3943
2460,2490,1.22,20.945,0.056,0.008,0.0507213,47.6704
2461,2491,1.22,20.944,0.055,0.005,0.0659061,61.9418
2462,2492,1.22,20.944,0.055,0.001,0.0523901,49.2388
2463,2493,1.22,20.944,0.055,-0.002,0.0525257,49.3662
2464,2494,1.22,20.946,0.056,0.006,0.0591189,55.5629
2465,2495,1.22,20.945,0.055,-0.01,0.0669845,62.9554
2466,2496,1.22,20.944,0.054,-0.02,0.0666676,62.6575
2467,2497,1.22,20.945,0.055,-0.013,0.0448209,42.1249
2468,2498,1.22,20.945,0.055,-0.019,0.0605257,56.885
2469,2499,1.23,20.945,0.054,-0.008,0.0593772,55.8056
2470,2500,1.23,20.944,0.055,-0.007,0.0561875,52.8078
2471,2501,1.23,20.941,0.055,0.011,0.053663,50.4352
2472,2502,1.23,20.943,0.055,0.002,0.0649209,61.0159
2473,2503,1.23,20.942,0.055,0.008,0.0630372,59.2455
2474,2504,1.23,20.943,0.055,0.004,0.0514462,48.3517
2475,2505,1.23,20.944,0.054,0.003,0.0775434,72.8792
2476,2506,1.23,20.943,0.055,-0.013,0.0674438,63.387
2477,2507,1.23,20.945,0.055,-0.009,0.0672347,63.1905
2478,2508,1.23,20.944,0.055,0.006,0.064523,60.6419
2479,2509,1.23,20.945,0.055,-0.009,0.0543127,51.0457
2480,2510,1.23,20.945,0.055,-0.003,0.0309649,29.1023
2481,2511,1.23,20.944,0.055,-0.004,0.0526013,49.4373
2482,2512,1.23,20.945,0.055,-0.001,0.054669,51.3807
2483,2513,1.23,20.945,0.055,-0.007,0.0531161,49.9211
2484,2514,1.23,20.944,0.055,-0.011,0.0561401,52.7633
2485,2515,1.23,20.945,0.055,0,0.0653185,61.3896
2486,2516,1.23,20.945,0.055,-0.015,0.0744804,70.0004
2487,2517,1.23,20.943,0.054,-0.005,0.0810296,76.1556
2488,2518,1.24,20.943,0.055,-0.004,0.066281,62.2942
2489,2519,1.24,20.943,0.055,-0.002,0.0560517,52.6802
2490,2520,1.24,20.943,0.055,0.002,0.0221183,20.7879
2491,2521,1.24,20.944,0.056,0.024,0.0355624,33.4233
2492,2522,1.24,20.944,0.055,0.013,0.053839,50.6006
2493,2523,1.24,20.942,0.054,0.002,0.0621215,58.3849
2494,2524,1.24,20.944,0.054,0.005,0.0795029,74.7208
2495,2525,1.24,20.944,0.054,0.001,0.066494,62.4944
2496,2526,1.24,20.944,0.054,-0.011,0.0494704,46.4948
2497,2527,1.24,20.945,0.054,-0.021,0.0604214,56.7871
2498,2528,1.24,20.945,0.055,-0.016,0.0514744,48.3782
2499,2529,1.24,20.943,0.055,-0.009,0.0475929,44.7301
2500,2530,1.24,20.944,0.055,-0.005,0.0325229,30.5666
2501,2531,1.24,20.945,0.054,0.023,0.0297136,27.9263
2502,2532,1.25,20.946,0.054,0.021,0.0357759,33.624
2503,2533,1.25,20.944,0.055,0.004,0.0413928,38.903
2504,2534,1.25,20.944,0.054,-0.005,0.0536344,50.4082
2505,2535,1.25,20.944,0.055,-0.028,0.064643,60.7547
2506,2536,1.25,20.946,0.055,-0.023,0.0639871,60.1382
2507,2537,1.25,20.947,0.054,-0.003,0.0656061,61.6599
2508,2538,1.25,20.946,0.055,-0.011,0.0443557,41.6876
2509,2539,1.25,20.946,0.054,-0.005,0.0350973,32.9862
2510,2540,1.25,20.946,0.053,0,0.0403996,37.9696
2511,2541,1.25,20.946,0.054,0.01,0.0448422,42.1449
2512,2542,1.25,20.947,0.054,0.017,0.0473323,44.4853
2513,2543,1.25,20.946,0.054,0.006,0.0560392,52.6684
2514,2544,1.25,20.947,0.054,0.001,0.059658,56.0696
2515,2545,1.25,20.947,0.053,-0.005,0.0672739,63.2273
2516,2546,1.25,20.946,0.053,-0.019,0.0480326,45.1434
2517,2547,1.25,20.947,0.054,-0.019,0.0353251,33.2003
2518,2548,1.25,20.947,0.054,-0.016,0.0403791,37.9503
2519,2549,1.25,20.946,0.054,0.003,0.0375239,35.2668
2520,2550,1.25,20.946,0.053,0.007,0.0496287,46.6435
2521,2551,1.25,20.947,0.053,0.017,0.0398665,37.4685
2522,2552,1.25,20.944,0.054,0.008,0.0481556,45.259
2523,2553,1.25,20.945,0.054,0,0.0431929,40.5949
2524,2554,1.26,20.946,0.053,-0.008,0.0428446,40.2675
2525,2555,1.26,20.946,0.053,-0.011,0.0640561,60.2031
2526,2556,1.26,20.946,0.053,-0.016,0.0600088,56.3993
2527,2557,1.26,20.946,0.054,-0.005,0.0634121,59.5979
2528,2558,1.26,20.947,0.053,0.007,0.0252579,23.7386
2529,2559,1.26,20.947,0.054,0.008,0.0306713,28.8264
2530,2560,1.26,20.946,0.054,0.005,0.0171355,16.1048
2531,2561,1.26,20.947,0.054,-0.002,0.0351003,32.989
2532,2562,1.26,20.946,0.054,0.007,0.0481107,45.2169
2533,2563,1.26,20.946,0.054,0,0.0524557,49.3004
2534,2564,1.26,20.946,0.054,0,0.0656569,61.7076
2535,2565,1.26,20.947,0.054,0,0.0657218,61.7686
2536,2566,1.27,20.947,0.053,-0.015,0.0603939,56.7611
2537,2567,1.27,20.946,0.054,-0.011,0.0536338,50.4077
2538,2568,1.27,20.946,0.054,-0.015,0.06197,58.2424
2539,2569,1.27,20.946,0.053,0.007,0.0521387,49.0026
2540,2570,1.27,20.949,0.054,0.012,0.0446164,41.9327
2541,2571,1.27,20.947,0.053,0.024,0.0409476,38.4846
2542,2572,1.27,20.947,0.053,0.013,0.0369486,34.7261
2543,2573,1.27,20.946,0.054,-0.004,0.0386569,36.3317
2544,2574,1.27,20.947,0.053,-0.009,0.0457647,43.0119
2545,2575,1.27,20.947,0.054,-0.016,0.0543719,51.1014
2546,2576,1.27,20.946,0.054,-0.017,0.0655377,61.5956
2547,2577,1.27,20.946,0.054,-0.022,0.0702697,66.043
2548,2578,1.27,20.948,0.054,-0.01,0.0456427,42.8972
2549,2579,1.27,20.947,0.054,-0.013,0.044653,41.9671
2550,2580,1.27,20.946,0.054,-0.003,0.0243798,22.9134
2551,2581,1.27,20.946,0.054,-0.006,0.0306273,28.785
2552,2582,1.27,20.948,0.053,0.002,0.0352482,33.128
2553,2583,1.27,20.947,0.053,0.006,0.0418757,39.3569
2554,2584,1.27,20.947,0.054,0,0.0550996,51.7854
2555,2585,1.27,20.948,0.053,-0.003,0.0550334,51.7231
2556,2586,1.27,20.947,0.054,-0.01,0.0684698,64.3513
2557,2587,1.28,20.947,0.054,-0.016,0.0386311,36.3074
2558,2588,1.28,20.946,0.054,-0.026,0.0477796,44.9057
2559,2589,1.28,20.947,0.054,-0.008,0.036327,34.1419
2560,2590,1.28,20.948,0.054,-0.007,0.0443346,41.6679
2561,2591,1.28,20.948,0.053,0.017,0.0247125,23.2261
2562,2592,1.28,20.947,0.054,0.017,0.0227815,21.4112
2563,2593,1.28,20.946,0.054,0.012,0.0462516,43.4696
2564,2594,1.28,20.946,0.053,0.001,0.038603,36.281
2565,2595,1.28,20.947,0.053,-0.006,0.0645499,60.6672
2566,2596,1.28,20.946,0.053,-0.01,0.0645372,60.6552
2567,2597,1.28,20.947,0.054,-0.018,0.059207,55.6457
2568,2598,1.28,20.946,0.053,0.003,0.0442944,41.63
2569,2599,1.28,20.947,0.054,-0.008,0.0312004,29.3237
2570,2600,1.28,20.948,0.054,0.001,0.0523646,49.2149
2571,2601,1.28,20.948,0.054,0.008,0.0502371,47.2153
2572,2602,1.28,20.945,0.054,0.012,0.0523798,49.2291
2573,2603,1.28,20.948,0.054,0.014,0.0362314,34.0521
2574,2604,1.28,20.948,0.053,-0.004,0.0583885,54.8764
2575,2605,1.28,20.947,0.054,0.005,0.0511018,48.028
2576,2606,1.29,20.947,0.054,-0.021,0.0590833,55.5294
2577,2607,1.29,20.947,0.054,-0.021,0.073761,69.3242
2578,2608,1.29,20.947,0.055,-0.016,0.0510044,47.9365
2579,2609,1.29,20.947,0.054,-0.002,0.0660464,62.0737
2580,2610,1.29,20.947,0.054,0.011,0.0446319,41.9472
2581,2611,1.29,20.947,0.054,-0.009,0.0513663,48.2766
2582,2612,1.29,20.947,0.054,-0.002,0.0318446,29.9292
2583,2613,1.29,20.946,0.054,-0.009,0.0409601,38.4964
2584,2614,1.29,20.947,0.054,0.006,0.0375312,35.2737
2585,2615,1.29,20.947,0.055,-0.01,0.0686117,64.4847
2586,2616,1.29,20.946,0.055,-0.013,0.0463519,43.5638
2587,2617,1.29,20.948,0.055,-0.018,0.0526149,49.4501
2588,2618,1.29,20.947,0.055,-0.02,0.0544141,51.1411
2589,2619,1.29,20.945,0.055,-0.004,0.053724,50.4925
2590,2620,1.29,20.946,0.055,-0.012,0.0441905,41.5324
2591,2621,1.29,20.945,0.056,0.007,0.0346863,32.5999
2592,2622,1.29,20.945,0.055,0.004,0.0459251,43.1627
2593,2623,1.3,20.944,0.056,0.014,0.0421184,39.5849
2594,2624,1.3,20.946,0.056,0.008,0.0483964,45.4853
2595,2625,1.3,20.945,0.056,0.003,0.0459427,43.1792
2596,2626,1.3,20.947,0.056,-0.012,0.0608535,57.1931
2597,2627,1.3,20.944,0.056,-0.001,0.054048,50.797
2598,2628,1.3,20.946,0.056,-0.007,0.0599507,56.3446
2599,2629,1.3,20.946,0.056,-0.004,0.0505115,47.4732
2600,2630,1.3,20.945,0.056,0.002,0.0327084,30.741
2601,2631,1.3,20.944,0.056,0.006,0.0337041,31.6768
2602,2632,1.3,20.945,0.055,0.01,0.0316887,29.7826
2603,2633,1.3,20.946,0.056,0.001,0.0389142,36.5735
2604,2634,1.3,20.946,0.056,0.008,0.0504288,47.3955
2605,2635,1.3,20.945,0.055,0.003,0.0548756,51.5748
2606,2636,1.3,20.945,0.055,0.001,0.0720054,67.6742
2607,2637,1.3,20.946,0.054,-0.013,0.0577448,54.2714
2608,2638,1.3,20.946,0.054,-0.006,0.0510538,47.9829
2609,2639,1.3,20.946,0.054,-0.012,0.051615,48.5104
2610,2640,1.3,20.946,0.055,-0.003,0.0436853,41.0577
2611,2641,1.3,20.946,0.054,0.013,0.0408594,38.4017
2612,2642,1.3,20.946,0.055,0.008,0.040309,37.8844
2613,2643,1.3,20.947,0.055,0.014,0.0329734,30.99
2614,2644,1.3,20.946,0.055,0.007,0.0482786,45.3746
2615,2645,1.3,20.946,0.054,0.002,0.0643385,60.4685
2616,2646,1.31,20.945,0.055,-0.007,0.0779113,73.2249
2617,2647,1.31,20.946,0.056,-0.019,0.0909707,85.4988
2618,2648,1.31,20.945,0.056,-0.016,0.0711163,66.8386
2619,2649,1.31,20.947,0.055,-0.015,0.0742669,69.7998
2620,2650,1.31,20.948,0.055,-0.009,0.0448937,42.1933
2621,2651,1.31,20.947,0.055,-0.003,0.0378343,35.5586
2622,2652,1.31,20.947,0.055,0.005,0.0556053,52.2606
2623,2653,1.31,20.946,0.056,0.011,0.063255,59.4502
2624,2654,1.31,20.945,0.056,0.016,0.0746768,70.185
2625,2655,1.31,20.945,0.056,0.007,0.0667587,62.7432
2626,2656,1.31,20.944,0.057,-0.008,0.0714716,67.1726
2627,2657,1.31,20.944,0.056,-0.021,0.0517967,48.6812
2628,2658,1.31,20.944,0.057,-0.032,0.0617736,58.0579
2629,2659,1.31,20.944,0.057,-0.01,0.0518664,48.7466
2630,2660,1.31,20.943,0.057,-0.013,0.0470024,44.1752
2631,2661,1.31,20.943,0.057,0.01,0.0456684,42.9215
2632,2662,1.31,20.944,0.057,0.021,0.0474072,44.5556
2633,2663,1.32,20.943,0.057,0.004,0.0332583,31.2578
2634,2664,1.32,20.943,0.056,-0.004,0.0506061,47.5621
2635,2665,1.32,20.943,0.057,-0.012,0.0652706,61.3445
2636,2666,1.32,20.943,0.057,-0.007,0.0602315,56.6086
2637,2667,1.32,20.943,0.057,-0.021,0.0509623,47.8969
2638,2668,1.32,20.945,0.057,0.003,0.0550324,51.7222
2639,2669,1.32,20.944,0.056,-0.002,0.0535671,50.345
2640,2670,1.32,20.943,0.056,0.003,0.0450424,42.3331
2641,2671,1.32,20.944,0.056,0.004,0.0345091,32.4334
2642,2672,1.32,20.945,0.056,0.005,0.0330555,31.0672
2643,2673,1.32,20.945,0.055,0.003,0.0363543,34.1675
2644,2674,1.32,20.945,0.056,0.012,0.0464661,43.6711
2645,2675,1.32,20.946,0.056,0.001,0.054766,51.4718
2646,2676,1.32,20.945,0.056,-0.009,0.0525173,49.3584
2647,2677,1.32,20.944,0.056,-0.014,0.0551491,51.8319
2648,2678,1.33,20.946,0.056,-0.005,0.0519787,48.8522
2649,2679,1.33,20.946,0.055,-0.008,0.0421296,39.5955
2650,2680,1.33,20.946,0.055,-0.002,0.034136,32.0827
2651,2681,1.33,20.945,0.056,0.006,0.0336683,31.6431
2652,2682,1.33,20.945,0.055,0.01,0.0395826,37.2017
2653,2683,1.33,20.946,0.055,0.008,0.0430284,40.4403
2654,2684,1.33,20.947,0.055,0.005,0.0452184,42.4985
2655,2685,1.33,20.947,0.055,-0.005,0.0592022,55.6412
2656,2686,1.33,20.947,0.055,-0.007,0.0575531,54.0912
2657,2687,1.33,20.946,0.056,-0.011,0.0566304,53.2241
2658,2688,1.33,20.947,0.056,-0.013,0.0580501,54.5584
2659,2689,1.33,20.947,0.055,-0.006,0.0552362,51.9137
2660,2690,1.33,20.946,0.055,-0.001,0.0403002,37.8762
2661,2691,1.33,20.947,0.056,0.007,0.0220971,20.7679
2662,2692,1.33,20.947,0.055,0.006,0.0315548,29.6568
2663,2693,1.33,20.947,0.055,0.002,0.0134798,12.669
2664,2694,1.34,20.947,0.054,-0.001,0.0406645,38.2185
2665,2695,1.34,20.947,0.055,-0.002,0.040912,38.4512
2666,2696,1.34,20.947,0.055,-0.006,0.0513731,48.283
2667,2697,1.34,20.945,0.055,-0.015,0.0607136,57.0617
2668,2698,1.34,20.947,0.056,-0.01,0.0587813,55.2456
2669,2699,1.34,20.946,0.055,-0.012,0.0506529,47.6061
2670,2700,1.34,20.946,0.055,-0.003,0.0447746,42.0814
2671,2701,1.34,20.945,0.055,0.006,0.035344,33.218
2672,2702,1.34,20.946,0.055,0.023,0.0300317,28.2253
2673,2703,1.34,20.946,0.055,0.01,0.021325,20.0423
2674,2704,1.34,20.947,0.055,0.026,0.0409605,38.4967
2675,2705,1.34,20.947,0.055,0.006,0.034652,32.5676
2676,2706,1.34,20.946,0.055,0.005,0.0583616,54.8511
2677,2707,1.34,20.946,0.056,-0.004,0.0527944,49.6188
2678,2708,1.34,20.946,0.056,-0.01,0.0564738,53.0769
2679,2709,1.34,20.945,0.055,-0.007,0.0427544,40.1827
2680,2710,1.34,20.945,0.056,-0.004,0.0414374,38.9449
2681,2711,1.34,20.946,0.056,-0.004,0.0349066,32.8069
2682,2712,1.34,20.947,0.055,0.009,0.0483139,45.4078
2683,2713,1.34,20.946,0.054,0.011,0.0432525,40.6508
2684,2714,1.34,20.947,0.055,0.025,0.0409232,38.4617
2685,2715,1.35,20.946,0.055,0.006,0.0533267,50.119
2686,2716,1.35,20.946,0.055,0.011,0.0594304,55.8556
2687,2717,1.35,20.946,0.055,-0.011,0.0578129,54.3354
2688,2718,1.35,20.946,0.056,-0.006,0.0729925,68.6019
2689,2719,1.35,20.946,0.055,-0.011,0.0616661,57.9568
2690,2720,1.35,20.946,0.056,0.003,0.0357759,33.624
2691,2721,1.35,20.946,0.056,0.004,0.0316615,29.7571
2692,2722,1.35,20.946,0.055,0.01,0.0205749,19.3373
2693,2723,1.35,20.946,0.055,-0.001,0.0426672,40.1008
2694,2724,1.35,20.946,0.056,0.004,0.0512112,48.1308
2695,2725,1.35,20.946,0.056,0.004,0.0619862,58.2577
2696,2726,1.35,20.946,0.056,-0.003,0.0691478,64.9885
2697,2727,1.35,20.945,0.055,-0.008,0.0556224,52.2767
2698,2728,1.35,20.945,0.055,-0.01,0.0741686,69.7074
2699,2729,1.35,20.946,0.056,-0.019,0.0430147,40.4273
2700,2730,1.35,20.945,0.055,-0.016,0.0408966,38.4367
2701,2731,1.35,20.946,0.055,0.005,0.0388913,36.552
2702,2732,1.36,20.947,0.055,0.009,0.0464773,43.6817
2703,2733,1.36,20.947,0.056,0.015,0.0350946,32.9837
2704,2734,1.36,20.948,0.055,0.002,0.0303389,28.514
2705,2735,1.36,20.946,0.055,-0.004,0.0520852,48.9522
2706,2736,1.36,20.946,0.055,-0.01,0.0655474,61.6047
2707,2737,1.36,20.945,0.056,-0.011,0.0595356,55.9545
2708,2738,1.36,20.944,0.056,0.001,0.0607631,57.1082
2709,2739,1.36,20.944,0.055,-0.017,0.0511441,48.0678
2710,2740,1.36,20.944,0.055,0.003,0.0586591,55.1307
2711,2741,1.36,20.946,0.055,0.001,0.0569171,53.4935
2712,2742,1.36,20.947,0.056,0.007,0.0547117,51.4208
2713,2743,1.36,20.946,0.056,0.009,0.0329275,30.9469
2714,2744,1.36,20.944,0.056,0.014,0.0477994,44.9243
2715,2745,1.36,20.945,0.056,0.019,0.0504301,47.3967
2716,2746,1.36,20.945,0.055,-0.001,0.0540882,50.8348
2717,2747,1.37,20.945,0.056,-0.013,0.0584539,54.9379
2718,2748,1.37,20.945,0.056,-0.007,0.0558245,52.4666
2719,2749,1.37,20.945,0.056,-0.019,0.0562249,52.8429
2720,2750,1.37,20.947,0.056,-0.011,0.0492175,46.2571
2721,2751,1.37,20.947,0.056,-0.012,0.0510116,47.9432
2722,2752,1.37,20.946,0.055,-0.007,0.0463456,43.5579
2723,2753,1.37,20.945,0.055,-0.008,0.0296207,27.839
2724,2754,1.37,20.946,0.055,0.013,0.0413433,38.8565
2725,2755,1.37,20.946,0.055,-0.005,0.0373608,35.1135
2726,2756,1.37,20.947,0.055,-0.008,0.0483658,45.4566
2727,2757,1.37,20.947,0.055,-0.007,0.0666871,62.6759
2728,2758,1.37,20.946,0.055,-0.011,0.0567074,53.2965
2729,2759,1.37,20.946,0.056,-0.008,0.0561192,52.7436
2730,2760,1.37,20.946,0.056,-0.01,0.0487272,45.7962
2731,2761,1.37,20.946,0.055,-0.008,0.0397646,37.3727
2732,2762,1.37,20.947,0.055,-0.009,0.0329981,31.0132
2733,2763,1.37,20.947,0.056,0.006,0.0305015,28.6668
2734,2764,1.37,20.945,0.055,0.015,0.0400711,37.6608
2735,2765,1.37,20.946,0.055,0.005,0.0419451,39.4221
2736,2766,1.38,20.946,0.055,0.009,0.0669266,62.9009
2737,2767,1.38,20.946,0.055,-0.002,0.0596137,56.028
2738,2768,1.38,20.946,0.055,-0.013,0.0648497,60.949
2739,2769,1.38,20.945,0.055,-0.009,0.0624764,58.7184
2740,2770,1.38,20.946,0.055,-0.009,0.0563723,52.9815
2741,2771,1.38,20.946,0.055,-0.002,0.0450285,42.32
2742,2772,1.38,20.946,0.056,0.006,0.0482609,45.358
2743,2773,1.38,20.946,0.056,0.017,0.0575939,54.1296
2744,2774,1.38,20.945,0.056,0.014,0.0426343,40.0698
2745,2775,1.38,20.946,0.056,0.004,0.0490675,46.116
2746,2776,1.38,20.946,0.055,0.003,0.0502713,47.2474
2747,2777,1.38,20.946,0.055,-0.015,0.0624544,58.6978
2748,2778,1.38,20.945,0.056,-0.016,0.0552334,51.9111
2749,2779,1.38,20.947,0.057,-0.017,0.0563655,52.9751
2750,2780,1.38,20.946,0.056,-0.012,0.041928,39.406
2751,2781,1.38,20.945,0.055,-0.01,0.0432784,40.6752
2752,2782,1.39,20.946,0.055,-0.003,0.0367337,34.5241
2753,2783,1.39,20.947,0.055,-0.006,0.0303364,28.5116
2754,2784,1.39,20.947,0.055,-0.005,0.0211892,19.9147
2755,2785,1.39,20.945,0.056,-0.001,0.048141,45.2453
2756,2786,1.39,20.947,0.055,-0.012,0.059439,55.8637
2757,2787,1.39,20.948,0.055,-0.013,0.073194,68.7913
2758,2788,1.39,20.948,0.055,-0.02,0.054733,51.4408
2759,2789,1.39,20.947,0.054,-0.008,0.0532771,50.0724
2760,2790,1.39,20.946,0.055,-0.003,0.0447992,42.1045
2761,2791,1.39,20.945,0.056,0,0.0510923,48.019
2762,2792,1.39,20.947,0.055,-0.003,0.0473316,44.4846
2763,2793,1.39,20.947,0.055,0.009,0.0488833,45.9429
2764,2794,1.39,20.946,0.055,0.015,0.0512051,48.1251
2765,2795,1.39,20.946,0.055,0.019,0.0544082,51.1356
2766,2796,1.39,20.947,0.055,-0.002,0.056767,53.3525
2767,2797,1.39,20.946,0.055,-0.012,0.0500994,47.0859
2768,2798,1.4,20.946,0.056,-0.019,0.0602757,56.6501
2769,2799,1.4,20.945,0.056,-0.008,0.0739675,69.5183
2770,2800,1.4,20.946,0.055,-0.007,0.0528211,49.6439
2771,2801,1.4,20.946,0.055,0.002,0.0449218,42.2198
2772,2802,1.4,20.946,0.055,-0.01,0.0411861,38.7088
2773,2803,1.4,20.947,0.055,-0.001,0.038696,36.3685
2774,2804,1.4,20.946,0.055,-0.002,0.0350164,32.9101
2775,2805,1.4,20.946,0.055,0,0.0430304,40.4421
2776,2806,1.4,20.945,0.055,-0.008,0.0395091,37.1326
2777,2807,1.4,20.946,0.055,-0.009,0.0562743,52.8894
2778,2808,1.4,20.946,0.054,-0.013,0.0483777,45.4678
2779,2809,1.4,20.948,0.054,-0.022,0.060689,57.0385
2780,2810,1.4,20.948,0.054,-0.029,0.0605168,56.8767
2781,2811,1.4,20.947,0.054,-0.01,0.0464879,43.6917
2782,2812,1.4,20.947,0.055,-0.002,0.0475849,44.7227
2783,2813,1.4,20.947,0.054,0,0.0480263,45.1375
2784,2814,1.4,20.947,0.054,0.004,0.0412572,38.7756
2785,2815,1.4,20.947,0.054,0.007,0.0532323,50.0303
2786,2816,1.4,20.947,0.055,0,0.055556,52.2143
2787,2817,1.41,20.947,0.054,-0.002,0.0452195,42.4995
2788,2818,1.41,20.948,0.055,-0.012,0.0524823,49.3254
2789,2819,1.41,20.947,0.054,-0.007,0.0598863,56.2842
2790,2820,1.41,20.947,0.055,-0.022,0.0434521,40.8384
2791,2821,1.41,20.948,0.054,-0.023,0.0332522,31.252
2792,2822,1.41,20.948,0.055,-0.004,0.0263104,24.7278
2793,2823,1.41,20.947,0.054,-0.006,0.02548,23.9474
2794,2824,1.41,20.947,0.054,-0.005,0.0371126,34.8803
2795,2825,1.41,20.947,0.054,-0.008,0.035848,33.6918
2796,2826,1.41,20.949,0.054,-0.01,0.0328398,30.8644
2797,2827,1.41,20.947,0.054,-0.011,0.0382252,35.926
2798,2828,1.41,20.947,0.054,-0.002,0.0513114,48.225
2799,2829,1.41,20.947,0.054,-0.009,0.04978,46.7858
2800,2830,1.41,20.947,0.054,-0.011,0.0538393,50.6008
2801,2831,1.41,20.946,0.054,-0.001,0.0494916,46.5147
2802,2832,1.42,20.947,0.054,0.004,0.0477653,44.8922
2803,2833,1.42,20.948,0.054,0.006,0.0387687,36.4367
2804,2834,1.42,20.949,0.054,0.011,0.0453382,42.6111
2805,2835,1.42,20.948,0.054,0.006,0.0299606,28.1585
2806,2836,1.42,20.947,0.054,0.006,0.0403273,37.9016
2807,2837,1.42,20.947,0.054,0.004,0.0564946,53.0965
2808,2838,1.42,20.948,0.053,0.004,0.0470403,44.2108
2809,2839,1.42,20.947,0.053,-0.006,0.0593621,55.7914
2810,2840,1.42,20.947,0.054,-0.01,0.0683671,64.2548
2811,2841,1.42,20.948,0.054,-0.011,0.0493405,46.3726
2812,2842,1.42,20.947,0.054,-0.006,0.0434649,40.8505
2813,2843,1.42,20.947,0.054,-0.004,0.0111793,10.5068
2814,2844,1.42,20.947,0.053,0.003,0.0210402,19.7746
2815,2845,1.42,20.947,0.053,0.003,0.0126193,11.8603
2816,2846,1.42,20.946,0.053,0.013,0.0366061,34.4042
2817,2847,1.42,20.947,0.053,0.003,0.036824,34.609
2818,2848,1.42,20.947,0.054,-0.011,0.0572597,53.8155
2819,2849,1.42,20.947,0.055,-0.004,0.0585201,55.0001
2820,2850,1.42,20.947,0.054,-0.017,0.0590787,55.5251
2821,2851,1.43,20.947,0.054,-0.019,0.0445263,41.8481
2822,2852,1.43,20.946,0.054,-0.006,0.0635275,59.7063
2823,2853,1.43,20.947,0.054,-0.001,0.0458264,43.0699
2824,2854,1.43,20.947,0.055,0.02,0.0366041,34.4024
2825,2855,1.43,20.949,0.055,0.014,0.0168314,15.819
2826,2856,1.43,20.948,0.055,0.027,0.0302246,28.4066
2827,2857,1.43,20.947,0.054,0.005,0.0345003,32.4251
2828,2858,1.43,20.947,0.055,0.01,0.052568,49.4061
2829,2859,1.43,20.946,0.054,-0.014,0.0479733,45.0877
2830,2860,1.43,20.947,0.055,-0.015,0.0394518,37.0788
2831,2861,1.43,20.947,0.054,-0.016,0.0212741,19.9944
2832,2862,1.43,20.947,0.053,-0.007,0.0379363,35.6544
2833,2863,1.43,20.948,0.053,-0.023,0.0160865,15.1189
2834,2864,1.43,20.948,0.054,-0.007,0.0342481,32.1881
2835,2865,1.43,20.948,0.055,0.001,0.028917,27.1777
2836,2866,1.43,20.948,0.055,0.023,0.035356,33.2293
2837,2867,1.43,20.947,0.055,0.001,0.0248991,23.4014
2838,2868,1.44,20.949,0.054,0.002,0.0371465,34.9121
2839,2869,1.44,20.948,0.054,-0.009,0.0499197,46.917
2840,2870,1.44,20.947,0.055,-0.006,0.0615607,57.8578
2841,2871,1.44,20.947,0.054,-0.003,0.0449268,42.2245
2842,2872,1.44,20.948,0.054,0.015,0.0369238,34.7028
2843,2873,1.44,20.948,0.054,0,0.0364132,34.223
2844,2874,1.44,20.948,0.054,0.02,0.0316522,29.7483
2845,2875,1.44,20.948,0.054,0.008,0.0271142,25.4833
2846,2876,1.44,20.947,0.053,0.018,0.0400195,37.6123
2847,2877,1.44,20.946,0.054,0.008,0.0341258,32.0731
2848,2878,1.44,20.947,0.053,0.012,0.0490493,46.099
2849,2879,1.44,20.948,0.054,-0.003,0.0455408,42.8015
2850,2880,1.44,20.949,0.054,-0.012,0.0525322,49.3724
2851,2881,1.44,20.948,0.054,-0.018,0.0433369,40.7301
2852,2882,1.44,20.947,0.054,-0.007,0.0475405,44.681
2853,2883,1.44,20.948,0.054,-0.004,0.0490811,46.1288
2854,2884,1.44,20.949,0.054,0.001,0.0288472,27.112
2855,2885,1.45,20.948,0.053,0.01,0.0188046,17.6735
2856,2886,1.45,20.947,0.053,0.02,0.0375166,35.2599
2857,2887,1.45,20.946,0.053,0.004,0.0414273,38.9354
2858,2888,1.45,20.947,0.053,0.009,0.0424418,39.8889
2859,2889,1.45,20.947,0.054,-0.01,0.0553901,52.0584
2860,2890,1.45,20.948,0.054,-0.002,0.0711032,66.8263
2861,2891,1.45,20.947,0.054,-0.015,0.0447353,42.0444
2862,2892,1.45,20.948,0.054,-0.001,0.0424319,39.8796
2863,2893,1.45,20.947,0.053,-0.001,0.0327706,30.7994
2864,2894,1.45,20.946,0.054,-0.001,0.0419241,39.4023
2865,2895,1.45,20.946,0.053,0.013,0.0342021,32.1448
2866,2896,1.45,20.947,0.054,0.023,0.043198,40.5996
2867,2897,1.45,20.947,0.053,0.01,0.0387402,36.41
2868,2898,1.45,20.946,0.053,0.002,0.0453975,42.6669
2869,2899,1.45,20.947,0.053,0.001,0.0490986,46.1453
2870,2900,1.45,20.947,0.054,-0.011,0.0730913,68.6948
2871,2901,1.45,20.947,0.053,-0.026,0.0549264,51.6225
2872,2902,1.45,20.947,0.053,-0.006,0.0393043,36.9402
2873,2903,1.45,20.948,0.053,-0.003,0.036074,33.9042
2874,2904,1.45,20.948,0.054,0.006,0.0281054,26.4148
2875,2905,1.46,20.948,0.054,-0.004,0.0124731,11.7229
2876,2906,1.46,20.948,0.054,0.008,0.0234047,21.9969
2877,2907,1.46,20.947,0.054,0,0.0286599,26.936
2878,2908,1.46,20.947,0.054,0.004,0.0435492,40.9297
2879,2909,1.46,20.947,0.054,-0.007,0.048683,45.7547
2880,2910,1.46,20.948,0.054,-0.006,0.0493038,46.3381
2881,2911,1.46,20.947,0.054,-0.019,0.0473431,44.4954
2882,2912,1.46,20.945,0.055,-0.012,0.0470811,44.2491
2883,2913,1.46,20.947,0.054,-0.003,0.0388208,36.4857
2884,2914,1.46,20.948,0.055,0.011,0.0387807,36.448
2885,2915,1.46,20.946,0.054,0.013,0.0365475,34.3492
2886,2916,1.46,20.947,0.054,0.028,0.0304172,28.5876
2887,2917,1.46,20.947,0.055,0.023,0.0352495,33.1292
2888,2918,1.46,20.946,0.054,0.012,0.0651599,61.2405
2889,2919,1.46,20.947,0.054,-0.006,0.0671748,63.1342
2890,2920,1.47,20.948,0.054,-0.01,0.0592014,55.6404
2891,2921,1.47,20.948,0.054,-0.012,0.0396151,37.2322
2892,2922,1.47,20.948,0.054,0,0.0459038,43.1427
2893,2923,1.47,20.946,0.053,-0.004,0.0351426,33.0288
2894,2924,1.47,20.947,0.054,0.009,0.0410594,38.5896
2895,2925,1.47,20.946,0.053,0.004,0.0274535,25.8022
2896,2926,1.47,20.947,0.054,0.002,0.0312425,29.3632
2897,2927,1.47,20.948,0.054,0.007,0.042895,40.3149
2898,2928,1.47,20.948,0.053,0.011,0.0472763,44.4326
2899,2929,1.47,20.946,0.054,-0.02,0.0461444,43.3688
2900,2930,1.47,20.947,0.054,-0.018,0.0622142,58.472
2901,2931,1.47,20.946,0.054,-0.015,0.0698269,65.6268
2902,2932,1.47,20.947,0.054,-0.001,0.039017,36.6701
2903,2933,1.47,20.948,0.054,-0.003,0.0409842,38.519
2904,2934,1.47,20.947,0.054,0.007,0.0301323,28.3199
2905,2935,1.47,20.947,0.054,0.006,0.0218739,20.5582
2906,2936,1.47,20.946,0.054,0.019,0.0129942,12.2126
2907,2937,1.47,20.946,0.054,0.011,0.0323262,30.3817
2908,2938,1.48,20.947,0.054,0,0.0360213,33.8546
2909,2939,1.48,20.947,0.053,0.001,0.0507117,47.6614
2910,2940,1.48,20.946,0.053,-0.003,0.0485152,45.597
2911,2941,1.48,20.947,0.054,-0.017,0.0567955,53.3792
2912,2942,1.48,20.947,0.053,-0.027,0.0715185,67.2166
2913,2943,1.48,20.947,0.054,-0.001,0.0364431,34.2511
2914,2944,1.48,20.948,0.053,-0.003,0.0266867,25.0815
2915,2945,1.48,20.948,0.053,0.008,0.0236006,22.181
2916,2946,1.48,20.948,0.053,0.016,0.0306682,28.8235
2917,2947,1.48,20.948,0.053,0.024,0.0427958,40.2216
2918,2948,1.48,20.948,0.054,0.006,0.0420055,39.4789
2919,2949,1.48,20.948,0.054,0.006,0.0500268,47.0177
2920,2950,1.48,20.947,0.054,-0.003,0.067259,63.2133
2921,2951,1.48,20.946,0.054,-0.006,0.0655767,61.6323
2922,2952,1.48,20.947,0.054,-0.013,0.0576648,54.1962
2923,2953,1.48,20.947,0.054,-0.028,0.0419516,39.4282
2924,2954,1.49,20.947,0.054,0.006,0.0294267,27.6567
2925,2955,1.49,20.947,0.054,0.015,0.0296347,27.8522
2926,2956,1.49,20.947,0.054,0.018,0.0345229,32.4463
2927,2957,1.49,20.947,0.054,0.011,0.0299549,28.1531
2928,2958,1.49,20.947,0.054,0.004,0.0501423,47.1262
2929,2959,1.49,20.946,0.054,0.001,0.0721676,67.8267
2930,2960,1.49,20.947,0.054,-0.002,0.0681097,64.0129
2931,2961,1.49,20.946,0.053,-0.018,0.050791,47.7359
2932,2962,1.49,20.946,0.053,-0.02,0.0431532,40.5575
2933,2963,1.49,20.947,0.054,-0.013,0.0448463,42.1488
2934,2964,1.49,20.947,0.054,0.005,0.0182779,17.1785
2935,2965,1.49,20.946,0.054,0.012,0.0103067,9.6867
2936,2966,1.49,20.947,0.054,0.017,0.0344013,32.3321
2937,2967,1.49,20.946,0.053,0.008,0.0480052,45.1177
2938,2968,1.49,20.947,0.054,0.013,0.0499496,46.9452
2939,2969,1.49,20.947,0.053,-0.002,0.0660375,62.0653
2940,2970,1.49,20.946,0.053,-0.017,0.077285,72.6362
2941,2971,1.49,20.945,0.054,-0.018,0.076478,71.8778
2942,2972,1.49,20.946,0.054,-0.003,0.0708033,66.5444
2943,2973,1.49,20.946,0.054,0.004,0.0566243,53.2183
2944,2974,1.5,20.946,0.054,0.007,0.0518973,48.7757
2945,2975,1.5,20.945,0.054,0.023,0.0358164,33.6621
2946,2976,1.5,20.947,0.054,0.03,0.0523431,49.1946
2947,2977,1.5,20.947,0.054,0.017,0.0479812,45.0951
2948,2978,1.5,20.945,0.054,0,0.0535968,50.373
2949,2979,1.5,20.946,0.054,-0.002,0.0588183,55.2803
2950,2980,1.5,20.946,0.055,-0.012,0.0592972,55.7304
2951,2981,1.5,20.945,0.054,-0.025,0.0588418,55.3025
2952,2982,1.5,20.945,0.055,-0.026,0.0515052,48.4071
2953,2983,1.5,20.946,0.054,-0.019,0.0483306,45.4235
2954,2984,1.5,20.945,0.054,-0.008,0.0363591,34.1721
2955,2985,1.5,20.946,0.054,0.001,0.0473757,44.526
2956,2986,1.5,20.945,0.054,0.011,0.0315934,29.693
2957,2987,1.5,20.946,0.054,0.006,0.0353158,33.1916
2958,2988,1.5,20.944,0.054,0.01,0.0402182,37.7991
2959,2989,1.5,20.944,0.054,0.004,0.0506701,47.6223
2960,2990,1.5,20.944,0.054,-0.005,0.0615138,57.8138
2961,2991,1.5,20.945,0.054,-0.006,0.0607235,57.071
2962,2992,1.5,20.945,0.055,-0.01,0.0703491,66.1176
2963,2993,1.5,20.946,0.054,-0.001,0.0677467,63.6717
2964,2994,1.51,20.945,0.054,0,0.0504886,47.4517
2965,2995,1.51,20.946,0.054,0.015,0.045116,42.4022
2966,2996,1.51,20.945,0.054,0.005,0.0373243,35.0792
2967,2997,1.51,20.945,0.054,0.015,0.0500428,47.0327
2968,2998,1.51,20.946,0.054,0.007,0.04955,46.5696
2969,2999,1.51,20.947,0.054,0.012,0.057893,54.4107
2970,3000,1.51,20.945,0.054,0.002,0.0485166,45.5983
2971,3001,1.51,20.945,0.053,-0.008,0.0691966,65.0344
2972,3002,1.51,20.945,0.055,-0.011,0.046891,44.0705
2973,3003,1.52,20.946,0.054,-0.018,0.0527938,49.6183
2974,3004,1.52,20.945,0.054,-0.014,0.0445746,41.8934
2975,3005,1.52,20.945,0.054,0.003,0.050976,47.9097
2976,3006,1.52,20.945,0.054,0.007,0.0291524,27.3989
2977,3007,1.52,20.945,0.054,0.014,0.0365559,34.357
2978,3008,1.52,20.945,0.054,0.002,0.0474703,44.6149
2979,3009,1.52,20.945,0.054,0.003,0.0765362,71.9325
2980,3010,1.52,20.945,0.054,-0.004,0.0580992,54.6045
2981,3011,1.52,20.945,0.055,0.004,0.0734949,69.0742
2982,3012,1.52,20.945,0.054,-0.012,0.0619431,58.2172
2983,3013,1.52,20.944,0.054,0.001,0.0710019,66.7311
2984,3014,1.52,20.946,0.054,-0.006,0.0542003,50.9402
2985,3015,1.52,20.946,0.055,0.008,0.0677361,63.6617
2986,3016,1.52,20.945,0.054,0.006,0.0732016,68.7985
2987,3017,1.52,20.944,0.054,0.022,0.0618499,58.1296
2988,3018,1.52,20.945,0.055,0.016,0.0378134,35.5389
2989,3019,1.53,20.945,0.055,0.004,0.0658908,61.9275
2990,3020,1.53,20.945,0.055,-0.015,0.0675043,63.4439
2991,3021,1.53,20.943,0.055,-0.002,0.0679497,63.8625
2992,3022,1.53,20.944,0.055,-0.02,0.0374812,35.2267
2993,3023,1.53,20.945,0.054,-0.014,0.0574383,53.9834
2994,3024,1.53,20.946,0.054,-0.012,0.0390986,36.7468
2995,3025,1.53,20.944,0.054,0.003,0.0476675,44.8003
2996,3026,1.53,20.944,0.054,-0.01,0.0380662,35.7765
2997,3027,1.53,20.944,0.054,-0.014,0.030008,28.203
2998,3028,1.53,20.944,0.055,0.001,0.0326132,30.6515
2999,3029,1.53,20.943,0.055,0.018,0.0744277,69.9508
3000,3030,1.53,20.944,0.054,-0.008,0.0669927,62.9631
3001,3031,1.53,20.944,0.054,-0.008,0.078915,74.1683
3002,3032,1.53,20.944,0.054,-0.015,0.0664517,62.4546
3003,3033,1.53,20.945,0.054,0.01,0.0788011,74.0612
3004,3034,1.54,20.946,0.054,-0.004,0.041839,39.3224
3005,3035,1.54,20.945,0.054,0.008,0.0479608,45.0759
3006,3036,1.54,20.946,0.054,0.004,0.0478071,44.9315
3007,3037,1.54,20.945,0.054,0.014,0.0563414,52.9524
3008,3038,1.54,20.945,0.054,0.016,0.0446936,42.0052
3009,3039,1.54,20.946,0.054,0.014,0.0597726,56.1773
3010,3040,1.54,20.946,0.054,-0.019,0.0613528,57.6624
3011,3041,1.54,20.945,0.054,-0.013,0.0659014,61.9374
3012,3042,1.54,20.945,0.054,-0.025,0.0593086,55.7412
3013,3043,1.54,20.945,0.054,-0.014,0.0695537,65.37
3014,3044,1.54,20.945,0.054,-0.021,0.0597949,56.1982
3015,3045,1.54,20.944,0.054,0.011,0.0637161,59.8836
3016,3046,1.54,20.945,0.054,0.009,0.0481696,45.2722
3017,3047,1.54,20.944,0.054,0,0.0608258,57.1671
3018,3048,1.54,20.946,0.054,-0.005,0.047455,44.6006
3019,3049,1.54,20.945,0.054,0.008,0.0708035,66.5447
3020,3050,1.54,20.945,0.054,-0.001,0.0634743,59.6563
3021,3051,1.54,20.944,0.054,-0.003,0.0797561,74.9587
3022,3052,1.55,20.944,0.054,-0.013,0.0738481,69.4061
3023,3053,1.55,20.945,0.054,-0.006,0.0795566,74.7713
3024,3054,1.55,20.945,0.054,-0.006,0.0784083,73.692
3025,3055,1.55,20.943,0.053,0.003,0.0686263,64.4984
3026,3056,1.55,20.943,0.054,-0.003,0.0603145,56.6866
3027,3057,1.55,20.944,0.053,0.01,0.0652272,61.3037
3028,3058,1.55,20.944,0.054,0.004,0.0600258,56.4152
3029,3059,1.55,20.943,0.054,0.009,0.0782457,73.5392
3030,3060,1.55,20.944,0.054,-0.012,0.0965193,90.7137
3031,3061,1.55,20.944,0.054,-0.005,0.093976,88.3233
3032,3062,1.55,20.944,0.055,-0.02,0.0830183,78.0247
3033,3063,1.55,20.944,0.055,-0.016,0.0920833,86.5445
3034,3064,1.55,20.944,0.055,-0.021,0.0770774,72.4411
3035,3065,1.55,20.944,0.055,-0.019,0.0681657,64.0655
3036,3066,1.55,20.944,0.056,-0.011,0.0527543,49.5811
3037,3067,1.55,20.944,0.056,0.006,0.0555691,52.2266
3038,3068,1.55,20.942,0.056,0,0.0646144,60.7278
3039,3069,1.55,20.942,0.057,0.01,0.081362,76.4681
3040,3070,1.56,20.941,0.057,-0.003,0.0694319,65.2555
3041,3071,1.56,20.94,0.056,-0.026,0.0726131,68.2454
3042,3072,1.56,20.941,0.057,-0.021,0.0795832,74.7963
3043,3073,1.56,20.941,0.057,-0.008,0.0847808,79.6812
3044,3074,1.56,20.94,0.057,-0.021,0.0811519,76.2706
3045,3075,1.56,20.941,0.056,-0.003,0.0581331,54.6364
3046,3076,1.56,20.94,0.056,0.003,0.0512454,48.163
3047,3077,1.56,20.941,0.056,0.012,0.0554179,52.0845
3048,3078,1.56,20.942,0.056,0.015,0.0387278,36.3983
3049,3079,1.56,20.941,0.056,0.006,0.0684484,64.3312
3050,3080,1.56,20.941,0.055,-0.011,0.0717729,67.4557
3051,3081,1.56,20.941,0.056,-0.006,0.0742753,69.8076
3052,3082,1.57,20.943,0.055,-0.012,0.0768061,72.1862
3053,3083,1.57,20.943,0.055,-0.016,0.0779949,73.3035
3054,3084,1.57,20.943,0.055,-0.028,0.0814106,76.5138
3055,3085,1.57,20.944,0.054,-0.018,0.0735594,69.1348
3056,3086,1.57,20.943,0.055,0.005,0.0711171,66.8394
3057,3087,1.57,20.943,0.055,0.005,0.0705312,66.2888
3058,3088,1.57,20.944,0.055,0.002,0.0733035,68.8943
3059,3089,1.57,20.944,0.055,0.026,0.0804284,75.5906
3060,3090,1.57,20.942,0.055,-0.002,0.0812384,76.3519
3061,3091,1.57,20.942,0.054,-0.005,0.082151,77.2096
3062,3092,1.57,20.942,0.055,-0.01,0.0903338,84.9002
3063,3093,1.57,20.943,0.055,-0.013,0.0910803,85.6018
3064,3094,1.57,20.943,0.056,-0.019,0.0894002,84.0227
3065,3095,1.57,20.944,0.055,-0.019,0.0640425,60.1903
3066,3096,1.57,20.943,0.055,-0.005,0.0550283,51.7183
3067,3097,1.58,20.942,0.056,0.001,0.060402,56.7688
3068,3098,1.58,20.941,0.056,0,0.0650857,61.1708
3069,3099,1.58,20.941,0.056,-0.003,0.0730728,68.6774
3070,3100,1.58,20.941,0.056,-0.004,0.0923354,86.7814
3071,3101,1.58,20.94,0.056,-0.01,0.0919111,86.3826
3072,3102,1.58,20.941,0.056,-0.015,0.0996844,93.6883
3073,3103,1.58,20.942,0.056,-0.014,0.0809112,76.0443
3074,3104,1.58,20.94,0.056,-0.019,0.0774386,72.7807
3075,3105,1.58,20.941,0.056,-0.012,0.0862119,81.0262
3076,3106,1.58,20.94,0.055,0.002,0.0712415,66.9563
3077,3107,1.58,20.942,0.055,0.012,0.0674278,63.372
3078,3108,1.58,20.942,0.055,0.006,0.0631847,59.3841
3079,3109,1.58,20.942,0.056,-0.004,0.0758099,71.2499
3080,3110,1.58,20.943,0.055,-0.002,0.0756746,71.1227
3081,3111,1.58,20.941,0.056,-0.017,0.081923,76.9953
3082,3112,1.58,20.941,0.056,-0.019,0.0865656,81.3587
3083,3113,1.58,20.941,0.056,-0.022,0.0853976,80.2609
3084,3114,1.58,20.94,0.056,-0.01,0.086547,81.3411
3085,3115,1.54,20.941,0.056,-0.002,0.080227,75.4014
3086,3116,1.47,20.94,0.056,-0.004,0.0673558,63.3043
3087,3117,1.56,20.939,0.056,0.005,0.0684661,64.3478
3088,3118,1.59,20.94,0.056,0.004,0.0553107,51.9838
3089,3119,1.59,20.941,0.055,0.008,0.0613477,57.6576
3090,3120,1.59,20.941,0.055,0.004,0.0724453,68.0877
3091,3121,1.59,20.939,0.056,0.002,0.0695485,65.3652
3092,3122,1.59,20.94,0.056,-0.006,0.0889519,83.6014
3093,3123,1.58,20.94,0.056,-0.009,0.0861837,80.9997
3094,3124,1.58,20.94,0.058,-0.014,0.085419,80.281
3095,3125,1.58,20.941,0.059,-0.012,0.0559421,52.5772
3096,3126,1.58,20.94,0.06,0.002,0.0641846,60.3239
3097,3127,1.58,20.938,0.06,0.013,0.0443121,41.6467
3098,3128,1.58,20.938,0.06,0.018,0.0538028,50.5666
3099,3129,1.58,20.937,0.059,0.025,0.0583012,54.7944
3100,3130,1.58,20.938,0.058,0.015,0.070925,66.6589
3101,3131,1.58,20.939,0.057,0.006,0.073002,68.6109
3102,3132,1.58,20.939,0.056,0.006,0.06528,61.3534
3103,3133,1.58,20.94,0.055,-0.01,0.0646794,60.7889
3104,3134,1.58,20.94,0.055,-0.018,0.0531939,49.9942
3105,3135,1.58,20.942,0.055,-0.017,0.0445831,41.9014
3106,3136,1.58,20.942,0.054,0.005,0.0642736,60.4075
3107,3137,1.58,20.943,0.054,0.004,0.0492017,46.2422
3108,3138,1.58,20.942,0.053,0.013,0.0527174,49.5464
3109,3139,1.58,20.944,0.053,0,0.0557232,52.3714
3110,3140,1.58,20.945,0.053,0,0.0598913,56.2888
3111,3141,1.58,20.944,0.053,-0.01,0.0671893,63.1479
3112,3142,1.58,20.944,0.053,-0.018,0.066162,62.1823
3113,3143,1.58,20.945,0.053,-0.011,0.0672623,63.2165
3114,3144,1.58,20.945,0.053,-0.01,0.078238,73.532
3115,3145,1.58,20.945,0.052,0.005,0.0666881,62.6767
3116,3146,1.58,20.944,0.052,0.009,0.0557127,52.3616
3117,3147,1.58,20.945,0.052,0.002,0.0386926,36.3653
3118,3148,1.58,20.943,0.052,0.015,0.0552712,51.9467
3119,3149,1.58,20.943,0.051,0.003,0.0565915,53.1875
3120,3150,1.58,20.945,0.052,0.009,0.051516,48.4173
3121,3151,1.58,20.943,0.052,0,0.0720299,67.6973
3122,3152,1.58,20.944,0.052,-0.012,0.0750699,70.5545
3123,3153,1.58,20.945,0.052,-0.01,0.0697434,65.5483
3124,3154,1.58,20.945,0.052,-0.012,0.0752863,70.7578
3125,3155,1.58,20.945,0.051,-0.01,0.052564,49.4023
3126,3156,1.58,20.943,0.051,-0.006,0.0514518,48.3569
3127,3157,1.58,20.944,0.051,0.005,0.0383146,36.01
3128,3158,1.58,20.944,0.05,0.025,0.0360371,33.8694
3129,3159,1.58,20.943,0.051,0.006,0.0420441,39.5152
3130,3160,1.58,20.944,0.052,0,0.0587579,55.2236
3131,3161,1.58,20.945,0.051,0.003,0.0576253,54.1592
3132,3162,1.58,20.945,0.051,-0.011,0.0620209,58.2903
3133,3163,1.58,20.944,0.051,-0.013,0.0525268,49.3673
3134,3164,1.58,20.944,0.052,-0.007,0.0545882,51.3047
3135,3165,1.58,20.944,0.052,-0.015,0.0533686,50.1584
3136,3166,1.58,20.944,0.052,0.008,0.0420975,39.5653
3137,3167,1.58,20.944,0.052,0.008,0.0370935,34.8624
3138,3168,1.58,20.944,0.052,0.02,0.0491673,46.2099
3139,3169,1.58,20.944,0.052,0.008,0.0524184,49.2655
3140,3170,1.58,20.947,0.052,0.012,0.0484598,45.5449
3141,3171,1.58,20.945,0.051,-0.003,0.0484598,45.5449
3142,3172,1.58,20.945,0.051,-0.007,0.0505977,47.5543
3143,3173,1.58,20.946,0.052,-0.01,0.0433382,40.7314
3144,3174,1.58,20.946,0.052,-0.007,0.0454525,42.7185
3145,3175,1.58,20.947,0.052,-0.004,0.0364757,34.2816
3146,3176,1.58,20.946,0.051,0.002,0.0495455,46.5653
3147,3177,1.58,20.945,0.052,0.004,0.0275787,25.9198
3148,3178,1.58,20.947,0.051,0.007,0.0267573,25.1478
3149,3179,1.58,20.947,0.051,-0.008,0.0192907,18.1304
3150,3180,1.58,20.948,0.051,-0.006,0.0343953,32.3264
3151,3181,1.58,20.947,0.051,-0.007,0.0365188,34.3222
3152,3182,1.58,20.948,0.051,-0.007,0.061354,57.6635
3153,3183,1.58,20.948,0.051,-0.004,0.0513289,48.2414
3154,3184,1.58,20.947,0.051,-0.007,0.0602245,56.602
3155,3185,1.58,20.949,0.052,-0.01,0.030652,28.8083
3156,3186,1.58,20.949,0.051,-0.002,0.0394443,37.0717
3157,3187,1.58,20.949,0.051,-0.008,0.0147402,13.8536
3158,3188,1.58,20.948,0.051,0.008,0.0326169,30.655
3159,3189,1.58,20.949,0.052,0.008,0.0358576,33.7007
3160,3190,1.58,20.949,0.052,0.019,0.0521394,49.0032
3161,3191,1.58,20.948,0.051,0,0.0497644,46.771
3162,3192,1.58,20.949,0.051,-0.001,0.0432349,40.6343
3163,3193,1.58,20.949,0.051,-0.019,0.0573669,53.9163
3164,3194,1.58,20.948,0.051,-0.015,0.0479934,45.1066
3165,3195,1.58,20.949,0.051,-0.023,0.0279392,26.2587
3166,3196,1.58,20.949,0.051,0.005,0.0414991,39.0029
3167,3197,1.58,20.949,0.052,-0.004,0.0290976,27.3474
3168,3198,1.58,20.949,0.051,0.014,0.0378523,35.5755
3169,3199,1.58,20.95,0.051,0.003,0.0152842,14.3648
3170,3200,1.58,20.949,0.051,0.004,0.0336246,31.6021
3171,3201,1.58,20.948,0.051,-0.006,0.0238554,22.4205
3172,3202,1.58,20.947,0.052,-0.008,0.0538871,50.6457
3173,3203,1.58,20.948,0.052,-0.003,0.0487908,45.856
3174,3204,1.58,20.948,0.052,-0.011,0.0483018,45.3964
3175,3205,1.58,20.947,0.052,-0.008,0.0522167,49.0759
3176,3206,1.58,20.948,0.051,0.006,0.0576315,54.1649
3177,3207,1.58,20.949,0.051,-0.005,0.0374877,35.2328
3178,3208,1.58,20.949,0.052,0.016,0.0318167,29.9029
3179,3209,1.58,20.947,0.052,0.002,0.0261159,24.545
3180,3210,1.58,20.948,0.052,0.018,0.052114,48.9793
3181,3211,1.58,20.949,0.053,-0.004,0.0504559,47.421
3182,3212,1.58,20.95,0.053,0.014,0.046749,43.937
3183,3213,1.58,20.948,0.053,-0.005,0.0530311,49.8412
3184,3214,1.58,20.946,0.053,-0.01,0.05873,55.1973
3185,3215,1.58,20.948,0.053,-0.014,0.044854,42.156
3186,3216,1.58,20.949,0.052,-0.013,0.0431076,40.5146
3187,3217,1.58,20.948,0.052,-0.012,0.032557,30.5987
3188,3218,1.58,20.947,0.052,0.007,0.0238845,22.4478
3189,3219,1.58,20.947,0.052,0.008,0.0250775,23.5691
3190,3220,1.58,20.948,0.051,0.013,0.0235457,22.1294
3191,3221,1.58,20.948,0.051,-0.006,0.0216365,20.335
3192,3222,1.58,20.947,0.051,-0.009,0.0374963,35.2409
3193,3223,1.58,20.948,0.052,-0.01,0.0445537,41.8738
3194,3224,1.58,20.949,0.051,-0.017,0.0365099,34.3138
3195,3225,1.58,20.949,0.052,-0.012,0.0369745,34.7505
3196,3226,1.59,20.947,0.051,-0.004,0.0506861,47.6374
3197,3227,1.59,20.948,0.052,-0.002,0.0397534,37.3622
3198,3228,1.59,20.948,0.052,0.011,0.0246567,23.1736
3199,3229,1.59,20.947,0.052,0.01,0.0354891,33.3544
3200,3230,1.58,20.949,0.051,0.009,0.0426443,40.0793
3201,3231,1.58,20.949,0.052,0.011,0.0426186,40.0551
3202,3232,1.58,20.949,0.052,0.012,0.0317253,29.817
3203,3233,1.58,20.949,0.052,0.002,0.0392262,36.8667
3204,3234,1.58,20.948,0.051,-0.005,0.0300722,28.2634
3205,3235,1.58,20.948,0.051,-0.005,0.0224264,21.0774
3206,3236,1.58,20.95,0.051,-0.005,0.0313216,29.4376
3207,3237,1.58,20.95,0.051,-0.018,0.0366872,34.4805
3208,3238,1.58,20.95,0.052,0.001,0.0181607,17.0683
3209,3239,1.58,20.948,0.052,0.009,0.0302489,28.4294
3210,3240,1.58,20.949,0.051,0.004,0.0271262,25.4945
3211,3241,1.58,20.948,0.052,-0.001,0.0326534,30.6893
3212,3242,1.58,20.948,0.052,-0.007,0.0304519,28.6202
3213,3243,1.58,20.949,0.052,0.003,0.0412387,38.7581
3214,3244,1.58,20.949,0.052,-0.004,0.0540677,50.8155
3215,3245,1.58,20.949,0.052,-0.001,0.045455,42.7208
3216,3246,1.58,20.95,0.052,0.002,0.0348909,32.7922
3217,3247,1.58,20.951,0.052,0.003,0.0302047,28.3878
3218,3248,1.58,20.949,0.052,-0.002,0.0280075,26.3229
3219,3249,1.58,20.949,0.052,0.011,0.0095216,8.9489
3220,3250,1.58,20.95,0.052,0.009,0.0260666,24.4987
3221,3251,1.58,20.948,0.053,0.012,0.04784,44.9624
3222,3252,1.58,20.948,0.052,0.005,0.0386115,36.289
3223,3253,1.58,20.948,0.052,0.004,0.0553284,52.0003
3224,3254,1.58,20.949,0.053,-0.007,0.0423752,39.8263
3225,3255,1.58,20.949,0.052,-0.009,0.0428099,40.2349
3226,3256,1.58,20.947,0.052,-0.011,0.0183114,17.21
3227,3257,1.58,20.949,0.052,-0.005,0.0279405,26.2598
3228,3258,1.58,20.95,0.053,0.004,0.028618,26.8966
3229,3259,1.58,20.949,0.052,-0.004,0.0278266,26.1528
3230,3260,1.58,20.951,0.052,0.014,0.0307562,28.9062
3231,3261,1.58,20.951,0.053,0.013,0.0292577,27.4979
3232,3262,1.58,20.948,0.053,-0.004,0.0336762,31.6506
3233,3263,1.58,20.947,0.053,0,0.0346741,32.5884
3234,3264,1.58,20.948,0.053,-0.011,0.0383088,36.0045
3235,3265,1.58,20.947,0.053,-0.003,0.042545,39.9859
3236,3266,1.58,20.948,0.054,-0.004,0.0470178,44.1896
3237,3267,1.58,20.948,0.053,0.013,0.036155,33.9803
3238,3268,1.58,20.949,0.053,0.01,0.0147697,13.8813
3239,3269,1.58,20.948,0.053,0.009,0.0191546,18.0024
3240,3270,1.58,20.948,0.053,0.01,0.020388,19.1617
3241,3271,1.58,20.948,0.054,0.008,0.0268115,25.1987
3242,3272,1.58,20.948,0.053,0.012,0.0417722,39.2596
3243,3273,1.58,20.947,0.053,0,0.0493784,46.4082
3244,3274,1.58,20.949,0.053,-0.01,0.0335169,31.5008
3245,3275,1.58,20.951,0.053,-0.004,0.0464073,43.6159
3246,3276,1.58,20.949,0.053,-0.008,0.0222629,20.9238
3247,3277,1.58,20.949,0.053,-0.008,0.042828,40.2519
3248,3278,1.58,20.948,0.053,-0.002,0.0250571,23.5499
3249,3279,1.58,20.949,0.053,0.013,0.0346999,32.6127
3250,3280,1.58,20.95,0.053,0.018,0.0351932,33.0763
3251,3281,1.58,20.948,0.053,0.012,0.0362516,34.071
3252,3282,1.58,20.949,0.053,0.006,0.0361892,34.0124
3253,3283,1.58,20.949,0.053,0.002,0.0548107,51.5138
3254,3284,1.58,20.947,0.053,-0.01,0.0442394,41.5784
3255,3285,1.58,20.948,0.053,0,0.0602639,56.639
3256,3286,1.58,20.949,0.054,-0.011,0.0668567,62.8352
3257,3287,1.58,20.949,0.053,0.005,0.0415412,39.0425
3258,3288,1.58,20.95,0.053,0,0.0411336,38.6594
3259,3289,1.58,20.947,0.053,0.013,0.0415176,39.0203
3260,3290,1.58,20.948,0.053,0.004,0.0413399,38.8533
3261,3291,1.58,20.948,0.054,0.003,0.0403221,37.8967
3262,3292,1.58,20.948,0.053,0.001,0.041038,38.5695
3263,3293,1.58,20.948,0.053,0.003,0.0411375,38.6631
3264,3294,1.58,20.948,0.054,-0.014,0.0409821,38.5171
3265,3295,1.58,20.948,0.053,-0.016,0.0407379,38.2875
