
 Fire Dynamics Simulator

 Current Date     : September  2, 2026  19:34:50
 Revision         : FDS-6.11.1-0-gff928db-HEAD
 Revision Date    : Thu Jul 9 17:24:07 2026 -0400
 Compiler         : Intel(R) Fortran Compiler for applications running on Intel(R) 64, Version 2025.1.1 Build 20250418
 Compilation Date : Sep 01, 2026 14:31:03

 Number of MPI Processes:  7

 MPI version: 3.1
 MPI library version: Intel(R) MPI Library 2021.15 for Linux* OS

 Hypre library version: v3.0.0
 Sundials library version: v7.5.0

 Job TITLE        : candle compartment -- 1 candle(s), near-fire dx=1.5 mm, SEALED box
 Job ID string    : candle_fine_nest15_mpi


 Grid Dimensions, Mesh     1

   Cells in the X Direction           167
   Cells in the Y Direction            50
   Cells in the Z Direction            84
   Number of Grid Cells            701400


 Physical Dimensions, Mesh     1

   Length (m)                       1.002
   Width  (m)                       0.300
   Height (m)                       0.504

 Grid Dimensions, Mesh     2

   Cells in the X Direction           112
   Cells in the Y Direction            64
   Cells in the Z Direction            24
   Number of Grid Cells            172032


 Physical Dimensions, Mesh     2

   Length (m)                       0.168
   Width  (m)                       0.096
   Height (m)                       0.036

 Grid Dimensions, Mesh     3

   Cells in the X Direction           112
   Cells in the Y Direction            64
   Cells in the Z Direction            24
   Number of Grid Cells            172032


 Physical Dimensions, Mesh     3

   Length (m)                       0.168
   Width  (m)                       0.096
   Height (m)                       0.036

 Grid Dimensions, Mesh     4

   Cells in the X Direction           112
   Cells in the Y Direction            64
   Cells in the Z Direction            28
   Number of Grid Cells            200704


 Physical Dimensions, Mesh     4

   Length (m)                       0.168
   Width  (m)                       0.096
   Height (m)                       0.042

 Grid Dimensions, Mesh     5

   Cells in the X Direction           112
   Cells in the Y Direction            64
   Cells in the Z Direction            28
   Number of Grid Cells            200704


 Physical Dimensions, Mesh     5

   Length (m)                       0.168
   Width  (m)                       0.096
   Height (m)                       0.042

 Grid Dimensions, Mesh     6

   Cells in the X Direction           112
   Cells in the Y Direction            64
   Cells in the Z Direction            28
   Number of Grid Cells            200704


 Physical Dimensions, Mesh     6

   Length (m)                       0.168
   Width  (m)                       0.096
   Height (m)                       0.042

 Grid Dimensions, Mesh     7

   Cells in the X Direction           112
   Cells in the Y Direction            64
   Cells in the Z Direction            28
   Number of Grid Cells            200704


 Physical Dimensions, Mesh     7

   Length (m)                       0.168
   Width  (m)                       0.096
   Height (m)                       0.042

 Miscellaneous Parameters

   Total Number of Grid Cells     1848280
   Maximum Cell Aspect Ratio        1.000
   Initial Time Step (s)            0.003
   CFL Velocity Norm                    2
   Simulation Start Time (s)          0.0
   Simulation End Time (s)          150.0
   Background Pressure (Pa)     101325.00
   Ambient Temperature (C)          25.00

   3D Cartesian
   VLES Calculation
   Eddy Viscosity Model:  Deardorff (C_DEARDORFF = 0.10)
   Surface INERT Eddy Viscosity Model:  WALE (C_WALE = 0.60)
   Surface CANDLE_FLAME Eddy Viscosity Model:  WALE (C_WALE = 0.60)
   Surface ACRYLIC_WALL Eddy Viscosity Model:  WALE (C_WALE = 0.60)
   Turbulent Prandtl Number:         0.50
   Turbulent Schmidt Number:         0.50


 Pressure solver information

   Solver:                            FFT
   Velocity tolerance (m/s):    7.500E-04
   Press eqn res tol (1/s^2):   8.889E+06
   Max pressure iterations:            10


 Background Stratification

      Z (m)     P_0 (Pa)    TMP_0 (C)
   ------------------------------------
        0.50    101319.23     25.00
        0.49    101319.30     25.00
        0.49    101319.37     25.00
        0.48    101319.44     25.00
        0.48    101319.51     25.00
        0.47    101319.58     25.00
        0.47    101319.65     25.00
        0.46    101319.72     25.00
        0.45    101319.78     25.00
        0.45    101319.85     25.00
        0.44    101319.92     25.00
        0.43    101319.99     25.00
        0.43    101320.06     25.00
        0.42    101320.13     25.00
        0.42    101320.20     25.00
        0.41    101320.27     25.00
        0.41    101320.34     25.00
        0.40    101320.41     25.00
        0.39    101320.48     25.00
        0.39    101320.54     25.00
        0.38    101320.61     25.00
        0.38    101320.68     25.00
        0.37    101320.75     25.00
        0.36    101320.82     25.00
        0.36    101320.89     25.00
        0.35    101320.96     25.00
        0.35    101321.03     25.00
        0.34    101321.10     25.00
        0.33    101321.17     25.00
        0.33    101321.24     25.00
        0.32    101321.30     25.00
        0.32    101321.37     25.00
        0.31    101321.44     25.00
        0.30    101321.51     25.00
        0.30    101321.58     25.00
        0.29    101321.65     25.00
        0.29    101321.72     25.00
        0.28    101321.79     25.00
        0.27    101321.86     25.00
        0.27    101321.93     25.00
        0.26    101322.00     25.00
        0.26    101322.06     25.00
        0.25    101322.13     25.00
        0.24    101322.20     25.00
        0.24    101322.27     25.00
        0.23    101322.34     25.00
        0.23    101322.41     25.00
        0.22    101322.48     25.00
        0.21    101322.55     25.00
        0.21    101322.62     25.00
        0.20    101322.69     25.00
        0.20    101322.75     25.00
        0.19    101322.82     25.00
        0.18    101322.89     25.00
        0.18    101322.96     25.00
        0.17    101323.03     25.00
        0.17    101323.10     25.00
        0.16    101323.17     25.00
        0.15    101323.24     25.00
        0.15    101323.31     25.00
        0.14    101323.38     25.00
        0.14    101323.45     25.00
        0.13    101323.51     25.00
        0.12    101323.58     25.00
        0.12    101323.65     25.00
        0.11    101323.72     25.00
        0.11    101323.79     25.00
        0.10    101323.86     25.00
        0.09    101323.93     25.00
        0.09    101324.00     25.00
        0.08    101324.07     25.00
        0.08    101324.14     25.00
        0.07    101324.20     25.00
        0.06    101324.27     25.00
        0.06    101324.34     25.00
        0.05    101324.41     25.00
        0.04    101324.48     25.00
        0.04    101324.55     25.00
        0.03    101324.62     25.00
        0.03    101324.69     25.00
        0.02    101324.76     25.00
        0.02    101324.83     25.00
        0.01    101324.90     25.00
        0.00    101324.96     25.00


 Mass Fraction Transformation Matrix to Convert Species Mixtures (Columns) to Primitive Species (Rows)

                         AIR       PARAFFIN  PRODUCTS
   NITROGEN              0.760861  0.000000  0.712893
   OXYGEN                0.230510  0.000000  0.000000
   CARBON DIOXIDE        0.000590  0.000000  0.195278
   WATER VAPOR           0.008039  0.000000  0.091261
   CARBON MONOXIDE       0.000000  0.000000  0.000063
   SOOT                  0.000000  0.000000  0.000504
   HYDROGEN              0.000000  0.000000  0.000000
   HYDROGEN CYANIDE      0.000000  0.000000  0.000000
   PARAFFIN              0.000000  1.000000  0.000000


 Primitive Species Information

   NITROGEN
   Gas Species
   Molecular Weight (g/mol)                28.01340
   Ambient Density (kg/m^3)                1.145
           Enthalpy of Formation (J/kg)  0.000E+00

   OXYGEN
   Gas Species
   Molecular Weight (g/mol)                31.99880
   Ambient Density (kg/m^3)                1.308
           Enthalpy of Formation (J/kg)  0.000E+00

   CARBON DIOXIDE
   Gas Species
   Molecular Weight (g/mol)                44.00950
   Ambient Density (kg/m^3)                1.799
           Enthalpy of Formation (J/kg) -8.941E+06

   WATER VAPOR
   Gas Species
   Molecular Weight (g/mol)                18.01528
   Ambient Density (kg/m^3)                0.736
           Enthalpy of Formation (J/kg) -1.342E+07

   CARBON MONOXIDE
   Gas Species
   Molecular Weight (g/mol)                28.01010
   Ambient Density (kg/m^3)                1.145
           Enthalpy of Formation (J/kg) -3.946E+06

   SOOT
   Gas Species
   Molecular Weight (g/mol)                12.01070
   Ambient Density (kg/m^3)                0.491
           Enthalpy of Formation (J/kg)  0.000E+00

   HYDROGEN
   Gas Species
   Molecular Weight (g/mol)                 2.01588
   Ambient Density (kg/m^3)                0.082
           Enthalpy of Formation (J/kg)  0.000E+00

   HYDROGEN CYANIDE
   Gas Species
   Molecular Weight (g/mol)                27.02534
   Ambient Density (kg/m^3)                1.105
           Enthalpy of Formation (J/kg)  4.924E+06

   PARAFFIN
   Gas Species
   Molecular Weight (g/mol)               352.68038
   Ambient Density (kg/m^3)               14.415
   Assumed Enthalpy of Formation (J/kg) -3.450E+06


 Tracked (Lumped) Species Information

   AIR
   Molecular Weight (g/mol)            28.71586
   Ambient Density (kg/m^3)            1.174
   Initial Mass Fraction               1.000
   Enthalpy of Formation (J/kg)     -1.132E+05

   Sub Species                    Mass Fraction     Mole Fraction
   NITROGEN                       7.608605E-01      7.799397E-01
   OXYGEN                         2.305098E-01      2.068605E-01
   CARBON DIOXIDE                 5.902165E-04      3.851117E-04
   WATER VAPOR                    8.039473E-03      1.281470E-02
 
     Viscosity (kg/m/s) Ambient,  298 K:  1.816E-05
                                  500 K:  2.610E-05
                                 1000 K:  4.124E-05
                                 1500 K:  5.371E-05
                                 2000 K:  6.476E-05
   Therm. Cond. (W/m/K) Ambient,  298 K:  2.587E-02
                                  500 K:  3.813E-02
                                 1000 K:  6.690E-02
                                 1500 K:  9.261E-02
                                 2000 K:  1.155E-01
        Enthalpy (J/kg) Ambient,  298 K: -1.132E+05
                                  500 K:  9.439E+04
                                 1000 K:  6.454E+05
                                 1500 K:  1.245E+06
                                 2000 K:  1.872E+06
    Spec. Heat (J/kg/K) Ambient,  298 K:  1.018E+03
                                  500 K:  1.044E+03
                                 1000 K:  1.158E+03
                                 1500 K:  1.232E+03
                                 2000 K:  1.273E+03
   Diff. Coeff. (m^2/s) Ambient,  298 K:  2.050E-05
                                  500 K:  4.964E-05
                                 1000 K:  1.582E-04
                                 1500 K:  3.098E-04
                                 2000 K:  4.989E-04
     Gibbs Energy Amb. (kJ/mol),  298 K: -6.020E+01
                                  500 K: -1.012E+02
                                 1000 K: -2.122E+02
                                 1500 K: -3.317E+02
                                 2000 K: -4.573E+02

   PARAFFIN
   Molecular Weight (g/mol)           352.68038
   Ambient Density (kg/m^3)           14.415
   Initial Mass Fraction               0.000
   Enthalpy of Formation (J/kg)     -3.450E+06

   Sub Species                    Mass Fraction     Mole Fraction
   PARAFFIN                       1.000000E+00      1.000000E+00
 
     Viscosity (kg/m/s) Ambient,  298 K:  6.248E-05
                                  500 K:  8.912E-05
                                 1000 K:  1.401E-04
                                 1500 K:  1.822E-04
                                 2000 K:  2.196E-04
   Therm. Cond. (W/m/K) Ambient,  298 K:  7.262E-03
                                  500 K:  1.036E-02
                                 1000 K:  1.628E-02
                                 1500 K:  2.118E-02
                                 2000 K:  2.553E-02
        Enthalpy (J/kg) Ambient,  298 K: -3.450E+06
                                  500 K: -3.433E+06
                                 1000 K: -3.392E+06
                                 1500 K: -3.351E+06
                                 2000 K: -3.309E+06
    Spec. Heat (J/kg/K) Ambient,  298 K:  8.251E+01
                                  500 K:  8.251E+01
                                 1000 K:  8.251E+01
                                 1500 K:  8.251E+01
                                 2000 K:  8.251E+01
   Diff. Coeff. (m^2/s) Ambient,  298 K:  1.502E-05
                                  500 K:  3.625E-05
                                 1000 K:  1.152E-04
                                 1500 K:  2.256E-04
                                 2000 K:  3.632E-04

   PRODUCTS
   Molecular Weight (g/mol)            28.57512
   Ambient Density (kg/m^3)            1.168
   Initial Mass Fraction               0.000
   Enthalpy of Formation (J/kg)     -2.971E+06

   Sub Species                    Mass Fraction     Mole Fraction
   NITROGEN                       7.128934E-01      7.271883E-01
   CARBON DIOXIDE                 1.952784E-01      1.267932E-01
   WATER VAPOR                    9.126079E-02      1.447543E-01
   CARBON MONOXIDE                6.304323E-05      6.431495E-05
   SOOT                           5.043458E-04      1.199909E-03
   HYDROGEN CYANIDE               0.000000E+00      0.000000E+00
 
     Viscosity (kg/m/s) Ambient,  298 K:  1.641E-05
                                  500 K:  2.399E-05
                                 1000 K:  3.900E-05
                                 1500 K:  5.144E-05
                                 2000 K:  6.240E-05
   Therm. Cond. (W/m/K) Ambient,  298 K:  2.370E-02
                                  500 K:  3.614E-02
                                 1000 K:  6.682E-02
                                 1500 K:  9.554E-02
                                 2000 K:  1.212E-01
        Enthalpy (J/kg) Ambient,  298 K: -2.971E+06
                                  500 K: -2.749E+06
                                 1000 K: -2.145E+06
                                 1500 K: -1.475E+06
                                 2000 K: -7.654E+05
    Spec. Heat (J/kg/K) Ambient,  298 K:  1.076E+03
                                  500 K:  1.130E+03
                                 1000 K:  1.283E+03
                                 1500 K:  1.386E+03
                                 2000 K:  1.446E+03
   Diff. Coeff. (m^2/s) Ambient,  298 K:  2.002E-05
                                  500 K:  4.925E-05
                                 1000 K:  1.588E-04
                                 1500 K:  3.122E-04
                                 2000 K:  5.035E-04
     Gibbs Energy Amb. (kJ/mol),  298 K: -1.572E+02
                                  500 K: -1.985E+02
                                 1000 K: -3.112E+02
                                 1500 K: -4.337E+02
                                 2000 K: -5.630E+02


 Gas Phase Reaction Information

   Solver Details:  

      ODE Solver:  EXPLICIT EULER

      Fuel                                           Heat of Combustion (kJ/kg)
      PARAFFIN                                                       42000.0000
      EPUMO2:                                                        12259.6702

      Primitive Species Stoich. Coeff.
      Species ID                                                          Molar
      NITROGEN                                                         0.000000
      OXYGEN                                                         -37.758794
      CARBON DIOXIDE                                                  24.752498
      WATER VAPOR                                                     26.000000
      CARBON MONOXIDE                                                  0.012591
      SOOT                                                             0.234911
      PARAFFIN                                                        -1.000000

      Tracked (Lumped) Species Stoich. Coeff.
      Species ID                                             Molar         Mass
      AIR                                              -182.532662   -14.862132
      PARAFFIN                                           -1.000000    -1.000000
      PRODUCTS                                          195.773868    15.862132

      Reaction Kinetics

      Fast chemistry

      Extinction Model:  EXTINCTION 1
      Auto-Ignition Temperature (C):            -273.1
      Critical Flame Temperature (C):           1427.0

      Prescribed Radiative Fraction:             0.250


 Material Information

   1 PMMA
     Emissivity:                                  0.900
     Density (kg/m3):                            1180.0
     Specific Heat (kJ/kg/K) Ambient,  298 K:  1.470E+00
                                       350 K:  1.470E+00
                                       500 K:  1.470E+00
                                       800 K:  1.470E+00
     Therm. Cond. (W/m/K) Ambient,     298 K:  1.900E-01
                                       350 K:  1.900E-01
                                       500 K:  1.900E-01
                                       800 K:  1.900E-01
     Enthalpy (kJ/kg) Ambient,         298 K:  4.381E+02
                                       350 K:  5.145E+02
                                       500 K:  7.350E+02
                                       800 K:  1.176E+03


 Surface Conditions

   0 INERT (DEFAULT)

   1 CANDLE_FLAME
     HRR Per Unit Area (kW/m2)         13.9
     PARAFFIN Mass Flux (kg/s/m2)   3.307E-04

   2 ACRYLIC_WALL
     Material List
          1  PMMA
     Layer  1
        Thickness   (m):  0.01000
        Density (kg/m3):  1180.00
        PMMA, Mass fraction:    1.00
     Reaction products considered from the first -1.00 layers.
     Total surface density    11.800 kg/m2
     Solid Phase Node, Layer, Coordinates(m):
                    0      1       0.0000000
                    1      1       0.0002174
                    2      1       0.0006522
                    3      1       0.0015217
                    4      1       0.0032609
                    5      1       0.0067391
                    6      1       0.0084783
                    7      1       0.0093478
                    8      1       0.0097826
                    9      1       0.0100000
     Exposed Backing

   3 OPEN
     Passive Vent to Atmosphere

   4 MIRROR
     Symmetry Plane

   5 INTERPOLATED

   6 PERIODIC

   7 HVAC

   8 MASSLESS TRACER

   9 DROPLET

  10 MASSLESS TARGET

  11 PERIODIC FLOW ONLY


 Lagrangian Particle Classes


 Cut-off Density and Temperature

    Minimum Temperature:  -259.1 C
    Maximum Temperature:  2726.8 C
    Minimum Density:  1.000E-02 kg/m3
    Maximum Density:  1.000E+02 kg/m3


 Device Information

   1 ID: T1
     QUANTITY: TEMPERATURE
     Coordinates (X,Y,Z):    1.200000E-01    1.500000E-01    5.000000E-02
     TEMPORAL STATISTIC: TIME AVERAGE
   2 ID: T2
     QUANTITY: TEMPERATURE
     Coordinates (X,Y,Z):    1.200000E-01    1.500000E-01    1.600000E-01
     TEMPORAL STATISTIC: TIME AVERAGE
   3 ID: T3
     QUANTITY: TEMPERATURE
     Coordinates (X,Y,Z):    1.200000E-01    1.500000E-01    2.250000E-01
     TEMPORAL STATISTIC: TIME AVERAGE
   4 ID: T5
     QUANTITY: TEMPERATURE
     Coordinates (X,Y,Z):    3.500000E-01    1.500000E-01    2.250000E-01
     TEMPORAL STATISTIC: TIME AVERAGE
   5 ID: T9
     QUANTITY: TEMPERATURE
     Coordinates (X,Y,Z):    7.000000E-01    1.500000E-01    1.500000E-02
     TEMPORAL STATISTIC: TIME AVERAGE
   6 ID: T10
     QUANTITY: TEMPERATURE
     Coordinates (X,Y,Z):    7.000000E-01    1.500000E-01    7.500000E-02
     TEMPORAL STATISTIC: TIME AVERAGE
   7 ID: T11
     QUANTITY: TEMPERATURE
     Coordinates (X,Y,Z):    7.000000E-01    1.500000E-01    1.400000E-01
     TEMPORAL STATISTIC: TIME AVERAGE
   8 ID: rk_x075_z020
     QUANTITY: TEMPERATURE
     Coordinates (X,Y,Z):    7.500000E-02    1.500000E-01    2.000000E-02
     TEMPORAL STATISTIC: TIME AVERAGE
   9 ID: rk_x075_z035
     QUANTITY: TEMPERATURE
     Coordinates (X,Y,Z):    7.500000E-02    1.500000E-01    3.500000E-02
     TEMPORAL STATISTIC: TIME AVERAGE
  10 ID: rk_x075_z050
     QUANTITY: TEMPERATURE
     Coordinates (X,Y,Z):    7.500000E-02    1.500000E-01    5.000000E-02
     TEMPORAL STATISTIC: TIME AVERAGE
  11 ID: rk_x075_z070
     QUANTITY: TEMPERATURE
     Coordinates (X,Y,Z):    7.500000E-02    1.500000E-01    7.000000E-02
     TEMPORAL STATISTIC: TIME AVERAGE
  12 ID: rk_x075_z100
     QUANTITY: TEMPERATURE
     Coordinates (X,Y,Z):    7.500000E-02    1.500000E-01    1.000000E-01
     TEMPORAL STATISTIC: TIME AVERAGE
  13 ID: rk_x090_z020
     QUANTITY: TEMPERATURE
     Coordinates (X,Y,Z):    9.000000E-02    1.500000E-01    2.000000E-02
     TEMPORAL STATISTIC: TIME AVERAGE
  14 ID: rk_x090_z035
     QUANTITY: TEMPERATURE
     Coordinates (X,Y,Z):    9.000000E-02    1.500000E-01    3.500000E-02
     TEMPORAL STATISTIC: TIME AVERAGE
  15 ID: rk_x090_z050
     QUANTITY: TEMPERATURE
     Coordinates (X,Y,Z):    9.000000E-02    1.500000E-01    5.000000E-02
     TEMPORAL STATISTIC: TIME AVERAGE
  16 ID: rk_x090_z070
     QUANTITY: TEMPERATURE
     Coordinates (X,Y,Z):    9.000000E-02    1.500000E-01    7.000000E-02
     TEMPORAL STATISTIC: TIME AVERAGE
  17 ID: rk_x090_z100
     QUANTITY: TEMPERATURE
     Coordinates (X,Y,Z):    9.000000E-02    1.500000E-01    1.000000E-01
     TEMPORAL STATISTIC: TIME AVERAGE
  18 ID: rk_x105_z020
     QUANTITY: TEMPERATURE
     Coordinates (X,Y,Z):    1.050000E-01    1.500000E-01    2.000000E-02
     TEMPORAL STATISTIC: TIME AVERAGE
  19 ID: rk_x105_z035
     QUANTITY: TEMPERATURE
     Coordinates (X,Y,Z):    1.050000E-01    1.500000E-01    3.500000E-02
     TEMPORAL STATISTIC: TIME AVERAGE
  20 ID: rk_x105_z050
     QUANTITY: TEMPERATURE
     Coordinates (X,Y,Z):    1.050000E-01    1.500000E-01    5.000000E-02
     TEMPORAL STATISTIC: TIME AVERAGE
  21 ID: rk_x105_z070
     QUANTITY: TEMPERATURE
     Coordinates (X,Y,Z):    1.050000E-01    1.500000E-01    7.000000E-02
     TEMPORAL STATISTIC: TIME AVERAGE
  22 ID: rk_x105_z100
     QUANTITY: TEMPERATURE
     Coordinates (X,Y,Z):    1.050000E-01    1.500000E-01    1.000000E-01
     TEMPORAL STATISTIC: TIME AVERAGE
  23 ID: rk_x120_z020
     QUANTITY: TEMPERATURE
     Coordinates (X,Y,Z):    1.200000E-01    1.500000E-01    2.000000E-02
     TEMPORAL STATISTIC: TIME AVERAGE
  24 ID: rk_x120_z035
     QUANTITY: TEMPERATURE
     Coordinates (X,Y,Z):    1.200000E-01    1.500000E-01    3.500000E-02
     TEMPORAL STATISTIC: TIME AVERAGE
  25 ID: rk_x120_z050
     QUANTITY: TEMPERATURE
     Coordinates (X,Y,Z):    1.200000E-01    1.500000E-01    5.000000E-02
     TEMPORAL STATISTIC: TIME AVERAGE
  26 ID: rk_x120_z070
     QUANTITY: TEMPERATURE
     Coordinates (X,Y,Z):    1.200000E-01    1.500000E-01    7.000000E-02
     TEMPORAL STATISTIC: TIME AVERAGE
  27 ID: rk_x120_z100
     QUANTITY: TEMPERATURE
     Coordinates (X,Y,Z):    1.200000E-01    1.500000E-01    1.000000E-01
     TEMPORAL STATISTIC: TIME AVERAGE
  28 ID: rk_x135_z020
     QUANTITY: TEMPERATURE
     Coordinates (X,Y,Z):    1.350000E-01    1.500000E-01    2.000000E-02
     TEMPORAL STATISTIC: TIME AVERAGE
  29 ID: rk_x135_z035
     QUANTITY: TEMPERATURE
     Coordinates (X,Y,Z):    1.350000E-01    1.500000E-01    3.500000E-02
     TEMPORAL STATISTIC: TIME AVERAGE
  30 ID: rk_x135_z050
     QUANTITY: TEMPERATURE
     Coordinates (X,Y,Z):    1.350000E-01    1.500000E-01    5.000000E-02
     TEMPORAL STATISTIC: TIME AVERAGE
  31 ID: rk_x135_z070
     QUANTITY: TEMPERATURE
     Coordinates (X,Y,Z):    1.350000E-01    1.500000E-01    7.000000E-02
     TEMPORAL STATISTIC: TIME AVERAGE
  32 ID: rk_x135_z100
     QUANTITY: TEMPERATURE
     Coordinates (X,Y,Z):    1.350000E-01    1.500000E-01    1.000000E-01
     TEMPORAL STATISTIC: TIME AVERAGE
  33 ID: rk_x150_z020
     QUANTITY: TEMPERATURE
     Coordinates (X,Y,Z):    1.500000E-01    1.500000E-01    2.000000E-02
     TEMPORAL STATISTIC: TIME AVERAGE
  34 ID: rk_x150_z035
     QUANTITY: TEMPERATURE
     Coordinates (X,Y,Z):    1.500000E-01    1.500000E-01    3.500000E-02
     TEMPORAL STATISTIC: TIME AVERAGE
  35 ID: rk_x150_z050
     QUANTITY: TEMPERATURE
     Coordinates (X,Y,Z):    1.500000E-01    1.500000E-01    5.000000E-02
     TEMPORAL STATISTIC: TIME AVERAGE
  36 ID: rk_x150_z070
     QUANTITY: TEMPERATURE
     Coordinates (X,Y,Z):    1.500000E-01    1.500000E-01    7.000000E-02
     TEMPORAL STATISTIC: TIME AVERAGE
  37 ID: rk_x150_z100
     QUANTITY: TEMPERATURE
     Coordinates (X,Y,Z):    1.500000E-01    1.500000E-01    1.000000E-01
     TEMPORAL STATISTIC: TIME AVERAGE
  38 ID: Tmax_core
     QUANTITY: TEMPERATURE
     Coordinates (X,Y,Z):    8.400000E-02    1.500000E-01    1.200000E-01
     SPATIAL STATISTIC: MAX
     TEMPORAL STATISTIC: TIME AVERAGE
  39 ID: Tmax_T1cell
     QUANTITY: TEMPERATURE
     Coordinates (X,Y,Z):    1.200000E-01    1.500000E-01    5.000000E-02
     SPATIAL STATISTIC: MAX
     TEMPORAL STATISTIC: TIME AVERAGE
  40 ID: HRR
     QUANTITY: HRRPUV
     Coordinates (X,Y,Z):    5.000000E-01    1.500000E-01    2.500000E-01
     SPATIAL STATISTIC: VOLUME INTEGRAL
     TEMPORAL STATISTIC: TIME AVERAGE
  41 ID: O2_room
     QUANTITY: VOLUME FRACTION
     Species ID: OXYGEN
     Coordinates (X,Y,Z):    3.500000E-01    1.500000E-01    1.150000E-01
     TEMPORAL STATISTIC: TIME AVERAGE
  42 ID: p_box
     QUANTITY: PRESSURE
     Coordinates (X,Y,Z):    5.000000E-01    1.500000E-01    4.000000E-01
     TEMPORAL STATISTIC: TIME AVERAGE


 Slice File Information, Mesh     1

   1 Nodes:   0 167  26  26   0  84, Quantity: TEMPERATURE
   2 Nodes:   0 167  25  25   0  84, Quantity: VELOCITY
   3 Nodes:   0 167  25  25   0  84, Quantity: U-VELOCITY
   4 Nodes:   0 167  25  25   0  84, Quantity: V-VELOCITY
   5 Nodes:   0 167  25  25   0  84, Quantity: W-VELOCITY
   6 Nodes:   0 167  26  26   0  84, Quantity: HRRPUV
   7 Nodes:  21  21   0  50   0  84, Quantity: TEMPERATURE


 Boundary File Information

   1 Quantity: WALL TEMPERATURE


 Radiation Model Information

   Number of control angles  104
   Time step increment         3
   Angle increment             5
   Theta band N_phi   Solid angle
     1:        4     0.120
     2:       12     0.114
     3:       16     0.127
     4:       20     0.120
     5:       20     0.120
     6:       16     0.127
     7:       12     0.114
     8:        4     0.120
   Using gray gas absorption.
   Mean beam length  1.000E-01 m


 Pressure Zone Information

   1 Volume: 1.5227E-01 m3, Cells: 1782264, Mesh: 7, Indices: (112,64,21)
 
 

 Run Time Diagnostics

       Time Step        1   September  2, 2026  19:34:57
       Step Size:  0.337E-02 s, Total Time:    0.00337 s
       Pressure Iterations: 4
       Maximum Velocity Error:  0.66E-03 on Mesh 7 at (87,0,21)
       Maximum Pressure Error:  0.17E-03 on Mesh 2 at (67,1,24)
       Maximum CFL Number    :  0.50E-01 on Mesh 4 at (35,2,21)
       Maximum VN Number     :  0.36E+00 on Mesh 7 at (98,22,21)
       ---------------------------------------------------------------
       Mesh    1
       Max CFL number:  0.15E-01 at (132,44,40)
       Max divergence:  0.21E-05 at (31,45,2)
       Min divergence: -0.20E-05 at (66,21,83)
       Max VN number :  0.38E-01 at (17,2,41)
       Mesh    2
       Max CFL number:  0.47E-01 at (78,35,11)
       Max divergence:  0.82E-05 at (112,64,9)
       Min divergence: -0.80E-05 at (112,64,8)
       Max VN number :  0.33E+00 at (1,64,17)
       Mesh    3
       Max CFL number:  0.49E-01 at (22,7,16)
       Max divergence:  0.81E-05 at (112,1,21)
       Min divergence: -0.82E-05 at (112,1,8)
       Max VN number :  0.34E+00 at (1,35,20)
       Mesh    4
       Max CFL number:  0.50E-01 at (35,2,21)
       Max divergence:  0.84E-05 at (112,64,5)
       Min divergence: -0.86E-05 at (112,64,8)
       Max VN number :  0.33E+00 at (1,27,15)
       Mesh    5
       Max CFL number:  0.49E-01 at (103,6,2)
       Max divergence:  0.86E-05 at (112,64,9)
       Min divergence: -0.87E-05 at (112,1,24)
       Max VN number :  0.34E+00 at (1,25,25)
       Mesh    6
       Max CFL number:  0.48E-01 at (26,2,2)
       Max divergence:  0.80E-05 at (112,1,13)
       Min divergence: -0.85E-05 at (112,1,20)
       Max VN number :  0.33E+00 at (1,41,11)
       Mesh    7
       Max CFL number:  0.48E-01 at (108,41,19)
       Max divergence:  0.85E-05 at (112,1,5)
       Min divergence: -0.82E-05 at (112,64,12)
       Max VN number :  0.36E+00 at (98,22,21)
 
       Time Step        2   September  2, 2026  19:34:59
       Step Size:  0.337E-02 s, Total Time:    0.00675 s
       Pressure Iterations: 2
       Maximum Velocity Error:  0.57E-03 on Mesh 7 at (15,0,21)
       Maximum Pressure Error:  0.11E-03 on Mesh 6 at (27,46,28)
       Maximum CFL Number    :  0.50E-01 on Mesh 4 at (35,2,21)
       Maximum VN Number     :  0.34E+00 on Mesh 7 at (10,43,21)
       ---------------------------------------------------------------
       Mesh    1
       Max CFL number:  0.15E-01 at (132,44,40)
       Max divergence:  0.21E-05 at (31,45,2)
       Min divergence: -0.20E-05 at (66,21,83)
       Max VN number :  0.36E-01 at (13,23,38)
       Mesh    2
       Max CFL number:  0.45E-01 at (93,41,24)
       Max divergence:  0.64E-05 at (112,64,9)
       Min divergence: -0.64E-05 at (112,64,12)
       Max VN number :  0.33E+00 at (1,64,17)
       Mesh    3
       Max CFL number:  0.47E-01 at (45,64,23)
       Max divergence:  0.64E-05 at (112,1,21)
       Min divergence: -0.65E-05 at (112,64,12)
       Max VN number :  0.33E+00 at (1,35,20)
       Mesh    4
       Max CFL number:  0.50E-01 at (35,2,21)
       Max divergence:  0.63E-05 at (112,64,5)
       Min divergence: -0.64E-05 at (112,64,8)
       Max VN number :  0.33E+00 at (1,27,15)
       Mesh    5
       Max CFL number:  0.46E-01 at (103,6,2)
       Max divergence:  0.67E-05 at (112,1,21)
       Min divergence: -0.67E-05 at (112,1,24)
       Max VN number :  0.33E+00 at (1,25,25)
       Mesh    6
       Max CFL number:  0.45E-01 at (88,1,27)
       Max divergence:  0.65E-05 at (112,1,13)
       Min divergence: -0.67E-05 at (112,1,20)
       Max VN number :  0.32E+00 at (1,32,15)
       Mesh    7
       Max CFL number:  0.47E-01 at (5,1,3)
       Max divergence:  0.63E-05 at (112,1,5)
       Min divergence: -0.63E-05 at (112,64,12)
       Max VN number :  0.34E+00 at (10,43,21)
 
       Time Step        3   September  2, 2026  19:35:02
       Step Size:  0.337E-02 s, Total Time:    0.01012 s
       Pressure Iterations: 2
       Maximum Velocity Error:  0.58E-03 on Mesh 7 at (20,64,21)
       Maximum Pressure Error:  0.12E-03 on Mesh 7 at (29,29,28)
       Maximum CFL Number    :  0.52E-01 on Mesh 7 at (5,1,3)
       Maximum VN Number     :  0.33E+00 on Mesh 7 at (10,43,21)
       ---------------------------------------------------------------
       Mesh    1
       Max CFL number:  0.15E-01 at (132,44,40)
       Max divergence:  0.21E-05 at (31,45,2)
       Min divergence: -0.20E-05 at (66,21,83)
       Max VN number :  0.36E-01 at (13,23,38)
       Mesh    2
       Max CFL number:  0.48E-01 at (39,56,24)
       Max divergence:  0.51E-05 at (112,64,17)
       Min divergence: -0.52E-05 at (112,64,12)
       Max VN number :  0.32E+00 at (1,64,17)
       Mesh    3
       Max CFL number:  0.50E-01 at (44,64,23)
       Max divergence:  0.52E-05 at (112,1,21)
       Min divergence: -0.53E-05 at (112,64,12)
       Max VN number :  0.32E+00 at (1,35,20)
       Mesh    4
       Max CFL number:  0.49E-01 at (35,2,21)
       Max divergence:  0.48E-05 at (112,64,5)
       Min divergence: -0.48E-05 at (112,64,8)
       Max VN number :  0.32E+00 at (1,17,1)
       Mesh    5
       Max CFL number:  0.47E-01 at (25,44,28)
       Max divergence:  0.55E-05 at (112,64,17)
       Min divergence: -0.52E-05 at (112,1,24)
       Max VN number :  0.32E+00 at (1,61,28)
       Mesh    6
       Max CFL number:  0.46E-01 at (33,50,28)
       Max divergence:  0.53E-05 at (112,1,13)
       Min divergence: -0.54E-05 at (112,1,20)
       Max VN number :  0.31E+00 at (1,1,28)
       Mesh    7
       Max CFL number:  0.52E-01 at (5,1,3)
       Max divergence:  0.47E-05 at (112,64,5)
       Min divergence: -0.49E-05 at (112,1,20)
       Max VN number :  0.33E+00 at (10,43,21)
 
       Time Step        4   September  2, 2026  19:35:04
       Step Size:  0.337E-02 s, Total Time:    0.01349 s
       Pressure Iterations: 2
       Maximum Velocity Error:  0.54E-03 on Mesh 7 at (87,0,21)
       Maximum Pressure Error:  0.41E-04 on Mesh 6 at (112,1,13)
       Maximum CFL Number    :  0.53E-01 on Mesh 7 at (5,1,3)
       Maximum VN Number     :  0.33E+00 on Mesh 6 at (1,1,28)
       ---------------------------------------------------------------
       Mesh    1
       Max CFL number:  0.14E-01 at (132,44,40)
       Max divergence:  0.21E-05 at (31,45,2)
       Min divergence: -0.19E-05 at (66,21,83)
       Max VN number :  0.35E-01 at (13,23,38)
       Mesh    2
       Max CFL number:  0.49E-01 at (39,56,24)
       Max divergence:  0.42E-05 at (112,64,17)
       Min divergence: -0.44E-05 at (112,64,12)
       Max VN number :  0.32E+00 at (112,49,1)
       Mesh    3
       Max CFL number:  0.51E-01 at (44,64,23)
       Max divergence:  0.44E-05 at (112,1,21)
       Min divergence: -0.45E-05 at (112,64,12)
       Max VN number :  0.32E+00 at (1,63,14)
       Mesh    4
       Max CFL number:  0.50E-01 at (34,49,28)
       Max divergence:  0.41E-05 at (16,25,28)
       Min divergence: -0.39E-05 at (103,60,1)
       Max VN number :  0.32E+00 at (1,17,1)
       Mesh    5
       Max CFL number:  0.49E-01 at (25,44,28)
       Max divergence:  0.47E-05 at (112,1,21)
       Min divergence: -0.44E-05 at (112,1,24)
       Max VN number :  0.32E+00 at (1,61,28)
       Mesh    6
       Max CFL number:  0.47E-01 at (26,45,28)
       Max divergence:  0.47E-05 at (112,1,13)
       Min divergence: -0.47E-05 at (112,1,20)
       Max VN number :  0.33E+00 at (1,1,28)
       Mesh    7
       Max CFL number:  0.53E-01 at (5,1,3)
       Max divergence:  0.37E-05 at (112,64,5)
       Min divergence: -0.40E-05 at (12,20,1)
       Max VN number :  0.32E+00 at (10,43,21)
 
       Time Step        5   September  2, 2026  19:35:06
       Step Size:  0.337E-02 s, Total Time:    0.01687 s
       Pressure Iterations: 1
       Maximum Velocity Error:  0.64E-03 on Mesh 7 at (112,30,21)
       Maximum Pressure Error:  0.30E-04 on Mesh 6 at (112,1,13)
       Maximum CFL Number    :  0.53E-01 on Mesh 7 at (5,1,3)
       Maximum VN Number     :  0.33E+00 on Mesh 6 at (1,1,28)
       ---------------------------------------------------------------
       Mesh    1
       Max CFL number:  0.14E-01 at (132,44,40)
       Max divergence:  0.21E-05 at (31,45,2)
       Min divergence: -0.19E-05 at (66,21,83)
       Max VN number :  0.35E-01 at (13,23,38)
       Mesh    2
       Max CFL number:  0.49E-01 at (65,1,22)
       Max divergence:  0.50E-05 at (49,26,5)
       Min divergence: -0.38E-05 at (112,64,12)
       Max VN number :  0.32E+00 at (112,49,1)
       Mesh    3
       Max CFL number:  0.50E-01 at (44,64,23)
       Max divergence:  0.39E-05 at (112,1,21)
       Min divergence: -0.39E-05 at (71,21,1)
       Max VN number :  0.31E+00 at (1,63,14)
       Mesh    4
       Max CFL number:  0.49E-01 at (34,49,28)
       Max divergence:  0.39E-05 at (16,25,28)
       Min divergence: -0.38E-05 at (17,40,1)
       Max VN number :  0.31E+00 at (1,17,1)
       Mesh    5
       Max CFL number:  0.51E-01 at (112,8,1)
       Max divergence:  0.41E-05 at (112,1,21)
       Min divergence: -0.41E-05 at (88,12,1)
       Max VN number :  0.32E+00 at (1,61,28)
       Mesh    6
       Max CFL number:  0.47E-01 at (26,45,28)
       Max divergence:  0.43E-05 at (112,1,13)
       Min divergence: -0.41E-05 at (112,1,20)
       Max VN number :  0.33E+00 at (1,1,28)
       Mesh    7
       Max CFL number:  0.53E-01 at (5,1,3)
       Max divergence:  0.29E-05 at (112,64,5)
       Min divergence: -0.39E-05 at (12,20,1)
       Max VN number :  0.32E+00 at (10,43,21)
 
       Time Step        6   September  2, 2026  19:35:09
       Step Size:  0.337E-02 s, Total Time:    0.02024 s
       Pressure Iterations: 1
       Maximum Velocity Error:  0.68E-03 on Mesh 7 at (112,30,21)
       Maximum Pressure Error:  0.33E-04 on Mesh 3 at (70,22,1)
       Maximum CFL Number    :  0.52E-01 on Mesh 7 at (5,1,3)
       Maximum VN Number     :  0.33E+00 on Mesh 6 at (1,1,28)
       ---------------------------------------------------------------
       Mesh    1
       Max CFL number:  0.14E-01 at (146,29,54)
       Max divergence:  0.20E-05 at (31,45,2)
       Min divergence: -0.19E-05 at (66,21,83)
       Max VN number :  0.35E-01 at (117,19,34)
       Mesh    2
       Max CFL number:  0.49E-01 at (65,1,22)
       Max divergence:  0.76E-05 at (57,32,5)
       Min divergence: -0.34E-05 at (112,64,12)
       Max VN number :  0.31E+00 at (112,49,1)
       Mesh    3
       Max CFL number:  0.49E-01 at (44,64,23)
       Max divergence:  0.36E-05 at (27,20,24)
       Min divergence: -0.38E-05 at (71,21,1)
       Max VN number :  0.31E+00 at (1,63,14)
       Mesh    4
       Max CFL number:  0.48E-01 at (34,49,28)
       Max divergence:  0.38E-05 at (16,25,28)
       Min divergence: -0.37E-05 at (17,40,1)
       Max VN number :  0.31E+00 at (1,17,1)
       Mesh    5
       Max CFL number:  0.52E-01 at (112,8,1)
       Max divergence:  0.37E-05 at (112,1,21)
       Min divergence: -0.40E-05 at (88,12,1)
       Max VN number :  0.32E+00 at (1,61,28)
       Mesh    6
       Max CFL number:  0.46E-01 at (26,45,28)
       Max divergence:  0.40E-05 at (112,1,13)
       Min divergence: -0.38E-05 at (97,36,1)
       Max VN number :  0.33E+00 at (1,1,28)
       Mesh    7
       Max CFL number:  0.52E-01 at (5,1,3)
       Max divergence:  0.24E-05 at (23,1,9)
       Min divergence: -0.38E-05 at (12,20,1)
       Max VN number :  0.31E+00 at (1,37,1)
 
       Time Step        7   September  2, 2026  19:35:10
       Step Size:  0.337E-02 s, Total Time:    0.02361 s
       Pressure Iterations: 1
       Maximum Velocity Error:  0.67E-03 on Mesh 7 at (91,64,21)
       Maximum Pressure Error:  0.30E-04 on Mesh 3 at (70,22,1)
       Maximum CFL Number    :  0.51E-01 on Mesh 5 at (112,8,1)
       Maximum VN Number     :  0.33E+00 on Mesh 6 at (1,1,28)
       ---------------------------------------------------------------
       Mesh    1
       Max CFL number:  0.14E-01 at (146,29,54)
       Max divergence:  0.20E-05 at (31,45,2)
       Min divergence: -0.19E-05 at (66,21,83)
       Max VN number :  0.35E-01 at (117,19,34)
       Mesh    2
       Max CFL number:  0.49E-01 at (65,1,22)
       Max divergence:  0.11E-04 at (58,27,5)
       Min divergence: -0.31E-05 at (112,64,12)
       Max VN number :  0.31E+00 at (112,49,1)
       Mesh    3
       Max CFL number:  0.48E-01 at (44,64,23)
       Max divergence:  0.35E-05 at (27,20,24)
       Min divergence: -0.37E-05 at (71,21,1)
       Max VN number :  0.31E+00 at (1,63,14)
       Mesh    4
       Max CFL number:  0.47E-01 at (34,49,28)
       Max divergence:  0.37E-05 at (109,5,28)
       Min divergence: -0.35E-05 at (17,40,1)
       Max VN number :  0.30E+00 at (1,1,12)
       Mesh    5
       Max CFL number:  0.51E-01 at (112,8,1)
       Max divergence:  0.36E-05 at (27,45,28)
       Min divergence: -0.38E-05 at (88,12,1)
       Max VN number :  0.31E+00 at (1,61,28)
       Mesh    6
       Max CFL number:  0.46E-01 at (26,45,28)
       Max divergence:  0.38E-05 at (112,1,13)
       Min divergence: -0.37E-05 at (97,36,1)
       Max VN number :  0.33E+00 at (1,1,28)
       Mesh    7
       Max CFL number:  0.51E-01 at (5,1,3)
       Max divergence:  0.22E-05 at (112,29,13)
       Min divergence: -0.36E-05 at (12,20,1)
       Max VN number :  0.31E+00 at (1,37,1)
 
       Time Step        8   September  2, 2026  19:35:12
       Step Size:  0.337E-02 s, Total Time:    0.02699 s
       Pressure Iterations: 1
       Maximum Velocity Error:  0.61E-03 on Mesh 7 at (91,64,21)
       Maximum Pressure Error:  0.24E-04 on Mesh 4 at (55,38,28)
       Maximum CFL Number    :  0.50E-01 on Mesh 5 at (112,8,1)
       Maximum VN Number     :  0.33E+00 on Mesh 6 at (1,1,28)
       ---------------------------------------------------------------
       Mesh    1
       Max CFL number:  0.14E-01 at (146,29,54)
       Max divergence:  0.20E-05 at (31,45,2)
       Min divergence: -0.19E-05 at (66,21,83)
       Max VN number :  0.35E-01 at (117,19,34)
       Mesh    2
       Max CFL number:  0.48E-01 at (65,1,24)
       Max divergence:  0.14E-04 at (60,36,5)
       Min divergence: -0.29E-05 at (112,64,12)
       Max VN number :  0.31E+00 at (52,64,1)
       Mesh    3
       Max CFL number:  0.47E-01 at (65,1,1)
       Max divergence:  0.34E-05 at (27,20,24)
       Min divergence: -0.37E-05 at (71,21,1)
       Max VN number :  0.31E+00 at (1,4,1)
       Mesh    4
       Max CFL number:  0.46E-01 at (34,49,28)
       Max divergence:  0.36E-05 at (109,5,28)
       Min divergence: -0.34E-05 at (103,60,1)
       Max VN number :  0.30E+00 at (1,1,12)
       Mesh    5
       Max CFL number:  0.50E-01 at (112,8,1)
       Max divergence:  0.34E-05 at (27,45,28)
       Min divergence: -0.37E-05 at (88,12,1)
       Max VN number :  0.31E+00 at (1,60,28)
       Mesh    6
       Max CFL number:  0.44E-01 at (26,45,28)
       Max divergence:  0.36E-05 at (112,1,13)
       Min divergence: -0.36E-05 at (97,36,1)
       Max VN number :  0.33E+00 at (1,1,28)
       Mesh    7
       Max CFL number:  0.50E-01 at (5,1,3)
       Max divergence:  0.21E-05 at (112,43,5)
       Min divergence: -0.35E-05 at (12,20,1)
       Max VN number :  0.31E+00 at (1,37,1)
 
       Time Step        9   September  2, 2026  19:35:15
       Step Size:  0.337E-02 s, Total Time:    0.03036 s
       Pressure Iterations: 1
       Maximum Velocity Error:  0.48E-03 on Mesh 7 at (90,64,21)
       Maximum Pressure Error:  0.19E-04 on Mesh 4 at (55,39,28)
       Maximum CFL Number    :  0.48E-01 on Mesh 5 at (112,8,1)
       Maximum VN Number     :  0.33E+00 on Mesh 6 at (1,1,28)
       ---------------------------------------------------------------
       Mesh    1
       Max CFL number:  0.13E-01 at (146,29,54)
       Max divergence:  0.22E-05 at (16,26,2)
       Min divergence: -0.19E-05 at (66,21,83)
       Max VN number :  0.34E-01 at (117,19,34)
       Mesh    2
       Max CFL number:  0.48E-01 at (65,1,24)
       Max divergence:  0.19E-04 at (60,36,5)
       Min divergence: -0.29E-05 at (112,6,24)
       Max VN number :  0.32E+00 at (52,64,1)
       Mesh    3
       Max CFL number:  0.46E-01 at (65,1,1)
       Max divergence:  0.33E-05 at (27,20,24)
       Min divergence: -0.36E-05 at (71,21,1)
       Max VN number :  0.31E+00 at (1,4,1)
       Mesh    4
       Max CFL number:  0.44E-01 at (34,49,28)
       Max divergence:  0.34E-05 at (109,5,28)
       Min divergence: -0.32E-05 at (51,39,1)
       Max VN number :  0.30E+00 at (1,1,12)
       Mesh    5
       Max CFL number:  0.48E-01 at (112,8,1)
       Max divergence:  0.33E-05 at (25,48,28)
       Min divergence: -0.35E-05 at (30,12,1)
       Max VN number :  0.31E+00 at (1,60,28)
       Mesh    6
       Max CFL number:  0.43E-01 at (26,45,28)
       Max divergence:  0.34E-05 at (112,1,13)
       Min divergence: -0.34E-05 at (28,43,1)
       Max VN number :  0.33E+00 at (1,1,28)
       Mesh    7
       Max CFL number:  0.48E-01 at (5,1,3)
       Max divergence:  0.20E-05 at (112,43,5)
       Min divergence: -0.33E-05 at (12,20,1)
       Max VN number :  0.31E+00 at (1,1,5)
 
       Time Step       10   September  2, 2026  19:35:17
       Step Size:  0.337E-02 s, Total Time:    0.03374 s
       Pressure Iterations: 1
       Maximum Velocity Error:  0.37E-03 on Mesh 7 at (21,64,21)
       Maximum Pressure Error:  0.15E-04 on Mesh 4 at (38,1,28)
       Maximum CFL Number    :  0.47E-01 on Mesh 7 at (5,1,3)
       Maximum VN Number     :  0.33E+00 on Mesh 6 at (1,1,28)
       ---------------------------------------------------------------
       Mesh    1
       Max CFL number:  0.13E-01 at (146,29,54)
       Max divergence:  0.29E-05 at (16,26,2)
       Min divergence: -0.19E-05 at (66,21,83)
       Max VN number :  0.34E-01 at (117,19,34)
       Mesh    2
       Max CFL number:  0.46E-01 at (65,1,24)
       Max divergence:  0.23E-04 at (60,36,5)
       Min divergence: -0.30E-05 at (112,6,24)
       Max VN number :  0.32E+00 at (52,64,1)
       Mesh    3
       Max CFL number:  0.45E-01 at (65,1,1)
       Max divergence:  0.32E-05 at (27,20,24)
       Min divergence: -0.35E-05 at (71,21,1)
       Max VN number :  0.31E+00 at (1,4,1)
       Mesh    4
       Max CFL number:  0.43E-01 at (34,49,28)
       Max divergence:  0.33E-05 at (109,5,28)
       Min divergence: -0.32E-05 at (51,39,1)
       Max VN number :  0.30E+00 at (1,28,1)
       Mesh    5
       Max CFL number:  0.47E-01 at (112,8,1)
       Max divergence:  0.32E-05 at (27,46,28)
       Min divergence: -0.34E-05 at (30,12,1)
       Max VN number :  0.31E+00 at (1,33,28)
       Mesh    6
       Max CFL number:  0.42E-01 at (26,45,28)
       Max divergence:  0.33E-05 at (25,46,28)
       Min divergence: -0.34E-05 at (28,43,1)
       Max VN number :  0.33E+00 at (1,1,28)
       Mesh    7
       Max CFL number:  0.47E-01 at (5,1,3)
       Max divergence:  0.19E-05 at (112,43,5)
       Min divergence: -0.31E-05 at (12,20,1)
       Max VN number :  0.31E+00 at (1,1,5)
 
       Time Step       20   September  2, 2026  19:35:38
       Step Size:  0.337E-02 s, Total Time:    0.06747 s
       Pressure Iterations: 1
       Maximum Velocity Error:  0.71E-04 on Mesh 7 at (112,38,21)
       Maximum Pressure Error:  0.15E-04 on Mesh 2 at (72,44,5)
       Maximum CFL Number    :  0.39E-01 on Mesh 2 at (65,1,23)
       Maximum VN Number     :  0.31E+00 on Mesh 7 at (1,1,5)
       ---------------------------------------------------------------
       Mesh    1
       Max CFL number:  0.12E-01 at (146,29,54)
       Max divergence:  0.19E-04 at (16,25,2)
       Min divergence: -0.17E-05 at (66,21,83)
       Max VN number :  0.33E-01 at (117,19,34)
       Mesh    2
       Max CFL number:  0.39E-01 at (65,1,23)
       Max divergence:  0.88E-04 at (61,29,5)
       Min divergence: -0.31E-05 at (112,5,24)
       Max VN number :  0.31E+00 at (21,1,1)
       Mesh    3
       Max CFL number:  0.36E-01 at (65,1,2)
       Max divergence:  0.35E-05 at (95,64,1)
       Min divergence: -0.29E-05 at (70,23,1)
       Max VN number :  0.30E+00 at (1,4,1)
       Mesh    4
       Max CFL number:  0.35E-01 at (29,10,28)
       Max divergence:  0.32E-05 at (112,64,1)
       Min divergence: -0.29E-05 at (91,1,28)
       Max VN number :  0.30E+00 at (1,28,1)
       Mesh    5
       Max CFL number:  0.37E-01 at (26,44,28)
       Max divergence:  0.30E-05 at (16,1,1)
       Min divergence: -0.29E-05 at (30,11,1)
       Max VN number :  0.30E+00 at (1,64,13)
       Mesh    6
       Max CFL number:  0.36E-01 at (112,44,7)
       Max divergence:  0.28E-05 at (26,46,28)
       Min divergence: -0.29E-05 at (57,1,28)
       Max VN number :  0.30E+00 at (1,1,28)
       Mesh    7
       Max CFL number:  0.38E-01 at (5,1,3)
       Max divergence:  0.20E-05 at (112,1,1)
       Min divergence: -0.32E-05 at (112,11,1)
       Max VN number :  0.31E+00 at (1,1,5)
 
       Time Step       30   September  2, 2026  19:35:59
       Step Size:  0.337E-02 s, Total Time:    0.10121 s
       Pressure Iterations: 1
       Maximum Velocity Error:  0.56E-04 on Mesh 7 at (35,64,21)
       Maximum Pressure Error:  0.74E-04 on Mesh 2 at (49,21,5)
       Maximum CFL Number    :  0.35E-01 on Mesh 2 at (65,1,23)
       Maximum VN Number     :  0.31E+00 on Mesh 7 at (1,1,5)
       ---------------------------------------------------------------
       Mesh    1
       Max CFL number:  0.11E-01 at (144,19,32)
       Max divergence:  0.53E-04 at (16,25,2)
       Min divergence: -0.16E-05 at (66,21,83)
       Max VN number :  0.31E-01 at (56,8,84)
       Mesh    2
       Max CFL number:  0.35E-01 at (65,1,23)
       Max divergence:  0.17E-03 at (64,32,5)
       Min divergence: -0.29E-05 at (112,5,24)
       Max VN number :  0.30E+00 at (21,1,1)
       Mesh    3
       Max CFL number:  0.32E-01 at (65,1,2)
       Max divergence:  0.36E-05 at (95,64,1)
       Min divergence: -0.25E-05 at (54,1,1)
       Max VN number :  0.30E+00 at (1,4,1)
       Mesh    4
       Max CFL number:  0.31E-01 at (29,10,28)
       Max divergence:  0.30E-05 at (112,64,1)
       Min divergence: -0.29E-05 at (91,1,28)
       Max VN number :  0.30E+00 at (1,1,25)
       Mesh    5
       Max CFL number:  0.32E-01 at (26,44,28)
       Max divergence:  0.29E-05 at (15,1,1)
       Min divergence: -0.25E-05 at (30,11,1)
       Max VN number :  0.30E+00 at (1,64,13)
       Mesh    6
       Max CFL number:  0.32E-01 at (112,44,6)
       Max divergence:  0.26E-05 at (109,64,28)
       Min divergence: -0.28E-05 at (58,1,28)
       Max VN number :  0.30E+00 at (1,61,1)
       Mesh    7
       Max CFL number:  0.33E-01 at (5,1,2)
       Max divergence:  0.21E-05 at (112,1,1)
       Min divergence: -0.30E-05 at (112,11,1)
       Max VN number :  0.31E+00 at (1,1,5)
 
       Time Step       40   September  2, 2026  19:36:20
       Step Size:  0.337E-02 s, Total Time:    0.13494 s
       Pressure Iterations: 1
       Maximum Velocity Error:  0.29E-04 on Mesh 7 at (10,0,21)
       Maximum Pressure Error:  0.99E-04 on Mesh 2 at (49,21,5)
       Maximum CFL Number    :  0.32E-01 on Mesh 2 at (65,1,23)
       Maximum VN Number     :  0.30E+00 on Mesh 7 at (1,1,5)
       ---------------------------------------------------------------
       Mesh    1
       Max CFL number:  0.97E-02 at (144,19,32)
       Max divergence:  0.11E-03 at (16,25,2)
       Min divergence: -0.15E-05 at (66,21,83)
       Max VN number :  0.30E-01 at (56,8,84)
       Mesh    2
       Max CFL number:  0.32E-01 at (65,1,23)
       Max divergence:  0.27E-03 at (64,32,5)
       Min divergence: -0.28E-05 at (112,31,24)
       Max VN number :  0.30E+00 at (1,37,24)
       Mesh    3
       Max CFL number:  0.28E-01 at (65,1,2)
       Max divergence:  0.34E-05 at (95,64,1)
       Min divergence: -0.25E-05 at (59,1,24)
       Max VN number :  0.29E+00 at (1,37,1)
       Mesh    4
       Max CFL number:  0.27E-01 at (29,10,28)
       Max divergence:  0.29E-05 at (111,64,1)
       Min divergence: -0.28E-05 at (91,1,28)
       Max VN number :  0.30E+00 at (1,1,25)
       Mesh    5
       Max CFL number:  0.28E-01 at (27,44,28)
       Max divergence:  0.28E-05 at (15,1,1)
       Min divergence: -0.23E-05 at (51,64,28)
       Max VN number :  0.29E+00 at (1,64,28)
       Mesh    6
       Max CFL number:  0.29E-01 at (112,44,6)
       Max divergence:  0.25E-05 at (109,64,28)
       Min divergence: -0.26E-05 at (59,1,28)
       Max VN number :  0.30E+00 at (1,61,1)
       Mesh    7
       Max CFL number:  0.30E-01 at (5,1,2)
       Max divergence:  0.22E-05 at (112,1,1)
       Min divergence: -0.28E-05 at (112,11,1)
       Max VN number :  0.30E+00 at (1,1,5)
 
       Time Step       50   September  2, 2026  19:36:41
       Step Size:  0.337E-02 s, Total Time:    0.16868 s
       Pressure Iterations: 1
       Maximum Velocity Error:  0.42E-05 on Mesh 7 at (112,29,21)
       Maximum Pressure Error:  0.49E-04 on Mesh 2 at (72,22,5)
       Maximum CFL Number    :  0.29E-01 on Mesh 2 at (65,1,23)
       Maximum VN Number     :  0.30E+00 on Mesh 2 at (1,37,24)
       ---------------------------------------------------------------
       Mesh    1
       Max CFL number:  0.89E-02 at (144,19,32)
       Max divergence:  0.18E-03 at (16,25,2)
       Min divergence: -0.14E-05 at (66,21,83)
       Max VN number :  0.29E-01 at (56,8,84)
       Mesh    2
       Max CFL number:  0.29E-01 at (65,1,23)
       Max divergence:  0.37E-03 at (64,32,5)
       Min divergence: -0.26E-05 at (112,31,24)
       Max VN number :  0.30E+00 at (1,37,24)
       Mesh    3
       Max CFL number:  0.25E-01 at (65,1,2)
       Max divergence:  0.33E-05 at (95,64,1)
       Min divergence: -0.24E-05 at (59,1,24)
       Max VN number :  0.29E+00 at (1,37,1)
       Mesh    4
       Max CFL number:  0.24E-01 at (112,15,25)
       Max divergence:  0.27E-05 at (111,64,1)
       Min divergence: -0.26E-05 at (90,1,28)
       Max VN number :  0.30E+00 at (1,1,25)
       Mesh    5
       Max CFL number:  0.25E-01 at (27,44,28)
       Max divergence:  0.26E-05 at (14,1,1)
       Min divergence: -0.21E-05 at (51,64,28)
       Max VN number :  0.29E+00 at (1,64,28)
       Mesh    6
       Max CFL number:  0.27E-01 at (112,44,6)
       Max divergence:  0.24E-05 at (110,64,28)
       Min divergence: -0.24E-05 at (59,1,28)
       Max VN number :  0.29E+00 at (1,61,1)
       Mesh    7
       Max CFL number:  0.27E-01 at (5,1,2)
       Max divergence:  0.21E-05 at (112,1,1)
       Min divergence: -0.26E-05 at (112,11,1)
       Max VN number :  0.29E+00 at (1,1,5)
 
       Time Step       60   September  2, 2026  19:37:03
       Step Size:  0.337E-02 s, Total Time:    0.20241 s
       Pressure Iterations: 1
       Maximum Velocity Error:  0.13E-04 on Mesh 7 at (10,0,21)
       Maximum Pressure Error:  0.70E-04 on Mesh 2 at (50,21,5)
       Maximum CFL Number    :  0.26E-01 on Mesh 2 at (65,1,23)
       Maximum VN Number     :  0.29E+00 on Mesh 2 at (1,37,24)
       ---------------------------------------------------------------
       Mesh    1
       Max CFL number:  0.81E-02 at (86,8,8)
       Max divergence:  0.26E-03 at (16,25,2)
       Min divergence: -0.13E-05 at (66,21,83)
       Max VN number :  0.28E-01 at (56,8,84)
       Mesh    2
       Max CFL number:  0.26E-01 at (65,1,23)
       Max divergence:  0.48E-03 at (64,32,5)
       Min divergence: -0.24E-05 at (112,31,24)
       Max VN number :  0.29E+00 at (1,37,24)
       Mesh    3
       Max CFL number:  0.22E-01 at (94,64,1)
       Max divergence:  0.31E-05 at (95,64,1)
       Min divergence: -0.24E-05 at (59,1,24)
       Max VN number :  0.29E+00 at (1,37,1)
       Mesh    4
       Max CFL number:  0.22E-01 at (112,15,25)
       Max divergence:  0.26E-05 at (111,64,1)
       Min divergence: -0.25E-05 at (90,1,28)
       Max VN number :  0.29E+00 at (1,1,25)
       Mesh    5
       Max CFL number:  0.23E-01 at (85,7,1)
       Max divergence:  0.24E-05 at (14,1,1)
       Min divergence: -0.19E-05 at (51,64,28)
       Max VN number :  0.29E+00 at (1,64,28)
       Mesh    6
       Max CFL number:  0.24E-01 at (112,44,6)
       Max divergence:  0.22E-05 at (110,64,28)
       Min divergence: -0.22E-05 at (112,11,28)
       Max VN number :  0.29E+00 at (1,61,1)
       Mesh    7
       Max CFL number:  0.24E-01 at (5,1,2)
       Max divergence:  0.21E-05 at (112,1,1)
       Min divergence: -0.25E-05 at (112,11,1)
       Max VN number :  0.29E+00 at (1,1,5)
 
       Time Step       70   September  2, 2026  19:37:24
       Step Size:  0.337E-02 s, Total Time:    0.23615 s
       Pressure Iterations: 1
       Maximum Velocity Error:  0.12E-04 on Mesh 7 at (107,0,21)
       Maximum Pressure Error:  0.21E-03 on Mesh 2 at (71,43,5)
       Maximum CFL Number    :  0.23E-01 on Mesh 2 at (65,1,23)
       Maximum VN Number     :  0.29E+00 on Mesh 2 at (1,37,24)
       ---------------------------------------------------------------
       Mesh    1
       Max CFL number:  0.75E-02 at (86,8,8)
       Max divergence:  0.37E-03 at (16,25,2)
       Min divergence: -0.12E-05 at (66,21,83)
       Max VN number :  0.27E-01 at (56,8,84)
       Mesh    2
       Max CFL number:  0.23E-01 at (65,1,23)
       Max divergence:  0.59E-03 at (64,32,5)
       Min divergence: -0.23E-05 at (112,31,24)
       Max VN number :  0.29E+00 at (1,37,24)
       Mesh    3
       Max CFL number:  0.21E-01 at (94,64,1)
       Max divergence:  0.30E-05 at (95,64,1)
       Min divergence: -0.23E-05 at (59,1,24)
       Max VN number :  0.29E+00 at (65,1,1)
       Mesh    4
       Max CFL number:  0.20E-01 at (112,15,25)
       Max divergence:  0.24E-05 at (111,64,1)
       Min divergence: -0.24E-05 at (90,1,28)
       Max VN number :  0.29E+00 at (1,1,25)
       Mesh    5
       Max CFL number:  0.21E-01 at (85,7,1)
       Max divergence:  0.22E-05 at (14,1,1)
       Min divergence: -0.18E-05 at (27,64,1)
       Max VN number :  0.29E+00 at (1,61,1)
       Mesh    6
       Max CFL number:  0.22E-01 at (112,44,6)
       Max divergence:  0.21E-05 at (110,64,28)
       Min divergence: -0.21E-05 at (112,11,28)
       Max VN number :  0.29E+00 at (1,61,1)
       Mesh    7
       Max CFL number:  0.22E-01 at (112,12,1)
       Max divergence:  0.20E-05 at (112,1,1)
       Min divergence: -0.23E-05 at (112,11,1)
       Max VN number :  0.29E+00 at (1,1,5)
 
       Time Step       80   September  2, 2026  19:37:45
       Step Size:  0.337E-02 s, Total Time:    0.26988 s
       Pressure Iterations: 1
       Maximum Velocity Error:  0.31E-04 on Mesh 7 at (16,64,21)
       Maximum Pressure Error:  0.58E-03 on Mesh 2 at (50,43,5)
       Maximum CFL Number    :  0.21E-01 on Mesh 2 at (65,1,23)
       Maximum VN Number     :  0.29E+00 on Mesh 2 at (1,37,24)
       ---------------------------------------------------------------
       Mesh    1
       Max CFL number:  0.69E-02 at (86,8,8)
       Max divergence:  0.49E-03 at (15,25,2)
       Min divergence: -0.11E-05 at (66,21,83)
       Max VN number :  0.26E-01 at (56,8,84)
       Mesh    2
       Max CFL number:  0.21E-01 at (65,1,23)
       Max divergence:  0.70E-03 at (64,32,5)
       Min divergence: -0.21E-05 at (112,31,24)
       Max VN number :  0.29E+00 at (1,37,24)
       Mesh    3
       Max CFL number:  0.19E-01 at (94,64,1)
       Max divergence:  0.28E-05 at (95,64,1)
       Min divergence: -0.22E-05 at (59,1,24)
       Max VN number :  0.29E+00 at (65,1,1)
       Mesh    4
       Max CFL number:  0.18E-01 at (112,15,25)
       Max divergence:  0.23E-05 at (111,64,1)
       Min divergence: -0.22E-05 at (90,1,28)
       Max VN number :  0.29E+00 at (1,1,25)
       Mesh    5
       Max CFL number:  0.20E-01 at (85,7,1)
       Max divergence:  0.21E-05 at (14,1,1)
       Min divergence: -0.17E-05 at (27,64,1)
       Max VN number :  0.29E+00 at (1,61,1)
       Mesh    6
       Max CFL number:  0.20E-01 at (112,44,6)
       Max divergence:  0.20E-05 at (110,64,28)
       Min divergence: -0.20E-05 at (112,11,28)
       Max VN number :  0.29E+00 at (1,61,1)
       Mesh    7
       Max CFL number:  0.20E-01 at (112,12,1)
       Max divergence:  0.19E-05 at (112,1,1)
       Min divergence: -0.22E-05 at (112,11,1)
       Max VN number :  0.29E+00 at (1,25,1)
 
       Time Step       90   September  2, 2026  19:38:07
       Step Size:  0.337E-02 s, Total Time:    0.30362 s
       Pressure Iterations: 1
       Maximum Velocity Error:  0.13E-04 on Mesh 7 at (112,1,21)
       Maximum Pressure Error:  0.35E-03 on Mesh 2 at (71,43,5)
       Maximum CFL Number    :  0.19E-01 on Mesh 2 at (65,1,23)
       Maximum VN Number     :  0.29E+00 on Mesh 2 at (1,37,24)
       ---------------------------------------------------------------
       Mesh    1
       Max CFL number:  0.64E-02 at (86,8,8)
       Max divergence:  0.62E-03 at (15,25,2)
       Min divergence: -0.10E-05 at (66,21,83)
       Max VN number :  0.26E-01 at (56,8,84)
       Mesh    2
       Max CFL number:  0.19E-01 at (65,1,23)
       Max divergence:  0.82E-03 at (60,33,5)
       Min divergence: -0.20E-05 at (112,31,24)
       Max VN number :  0.29E+00 at (1,37,24)
       Mesh    3
       Max CFL number:  0.18E-01 at (94,64,1)
       Max divergence:  0.26E-05 at (94,64,1)
       Min divergence: -0.21E-05 at (59,1,24)
       Max VN number :  0.28E+00 at (65,1,1)
       Mesh    4
       Max CFL number:  0.17E-01 at (112,15,25)
       Max divergence:  0.21E-05 at (111,64,1)
       Min divergence: -0.21E-05 at (90,1,28)
       Max VN number :  0.29E+00 at (1,1,25)
       Mesh    5
       Max CFL number:  0.18E-01 at (85,7,1)
       Max divergence:  0.19E-05 at (14,1,1)
       Min divergence: -0.16E-05 at (27,64,1)
       Max VN number :  0.29E+00 at (1,61,1)
       Mesh    6
       Max CFL number:  0.19E-01 at (112,44,6)
       Max divergence:  0.19E-05 at (110,64,28)
       Min divergence: -0.18E-05 at (112,11,28)
       Max VN number :  0.29E+00 at (1,61,1)
       Mesh    7
       Max CFL number:  0.19E-01 at (112,12,1)
       Max divergence:  0.18E-05 at (112,1,1)
       Min divergence: -0.20E-05 at (112,10,1)
       Max VN number :  0.29E+00 at (1,25,1)
 
       Time Step      100   September  2, 2026  19:38:28
       Step Size:  0.337E-02 s, Total Time:    0.33735 s
       Pressure Iterations: 1
       Maximum Velocity Error:  0.53E-05 on Mesh 7 at (34,0,21)
       Maximum Pressure Error:  0.75E-04 on Mesh 2 at (50,22,5)
       Maximum CFL Number    :  0.18E-01 on Mesh 2 at (65,1,23)
       Maximum VN Number     :  0.29E+00 on Mesh 2 at (1,37,24)
       ---------------------------------------------------------------
       Mesh    1
       Max CFL number:  0.59E-02 at (86,8,8)
       Max divergence:  0.77E-03 at (15,25,2)
       Min divergence: -0.95E-06 at (66,21,83)
       Max VN number :  0.25E-01 at (56,8,84)
       Mesh    2
       Max CFL number:  0.18E-01 at (65,1,23)
       Max divergence:  0.93E-03 at (60,32,5)
       Min divergence: -0.19E-05 at (112,31,24)
       Max VN number :  0.29E+00 at (1,37,24)
       Mesh    3
       Max CFL number:  0.16E-01 at (94,64,1)
       Max divergence:  0.25E-05 at (94,64,1)
       Min divergence: -0.20E-05 at (58,1,24)
       Max VN number :  0.28E+00 at (65,1,1)
       Mesh    4
       Max CFL number:  0.16E-01 at (112,15,25)
       Max divergence:  0.20E-05 at (111,64,1)
       Min divergence: -0.20E-05 at (90,1,28)
       Max VN number :  0.29E+00 at (1,1,25)
       Mesh    5
       Max CFL number:  0.17E-01 at (85,7,1)
       Max divergence:  0.17E-05 at (14,1,1)
       Min divergence: -0.15E-05 at (99,64,1)
       Max VN number :  0.29E+00 at (1,61,1)
       Mesh    6
       Max CFL number:  0.17E-01 at (112,44,6)
       Max divergence:  0.18E-05 at (110,64,28)
       Min divergence: -0.17E-05 at (112,11,28)
       Max VN number :  0.29E+00 at (1,61,1)
       Mesh    7
       Max CFL number:  0.17E-01 at (112,12,1)
       Max divergence:  0.17E-05 at (112,1,1)
       Min divergence: -0.19E-05 at (112,10,1)
       Max VN number :  0.29E+00 at (1,25,1)
 
       Time Step      200   September  2, 2026  19:42:01
       Step Size:  0.337E-02 s, Total Time:    0.67471 s
       Pressure Iterations: 1
       Maximum Velocity Error:  0.14E-04 on Mesh 7 at (34,0,21)
       Maximum Pressure Error:  0.18E-02 on Mesh 2 at (50,43,5)
       Maximum CFL Number    :  0.93E-02 on Mesh 2 at (96,63,24)
       Maximum VN Number     :  0.28E+00 on Mesh 6 at (1,5,1)
       ---------------------------------------------------------------
       Mesh    1
       Max CFL number:  0.30E-02 at (137,4,72)
       Max divergence:  0.29E-02 at (15,25,2)
       Min divergence: -0.67E-06 at (17,21,37)
       Max VN number :  0.21E-01 at (119,24,31)
       Mesh    2
       Max CFL number:  0.93E-02 at (96,63,24)
       Max divergence:  0.14E-02 at (61,32,5)
       Min divergence: -0.10E-05 at (112,31,24)
       Max VN number :  0.28E+00 at (1,37,24)
       Mesh    3
       Max CFL number:  0.88E-02 at (96,61,1)
       Max divergence:  0.12E-05 at (95,64,1)
       Min divergence: -0.14E-05 at (58,1,24)
       Max VN number :  0.28E+00 at (1,21,1)
       Mesh    4
       Max CFL number:  0.84E-02 at (69,49,1)
       Max divergence:  0.95E-06 at (111,64,1)
       Min divergence: -0.12E-05 at (90,1,28)
       Max VN number :  0.28E+00 at (1,1,25)
       Mesh    5
       Max CFL number:  0.79E-02 at (108,64,24)
       Max divergence:  0.58E-06 at (112,52,1)
       Min divergence: -0.94E-06 at (99,64,1)
       Max VN number :  0.28E+00 at (1,61,1)
       Mesh    6
       Max CFL number:  0.83E-02 at (112,42,6)
       Max divergence:  0.83E-06 at (110,64,28)
       Min divergence: -0.10E-05 at (112,10,28)
       Max VN number :  0.28E+00 at (1,5,1)
       Mesh    7
       Max CFL number:  0.84E-02 at (112,12,1)
       Max divergence:  0.81E-06 at (112,1,1)
       Min divergence: -0.12E-05 at (112,10,1)
       Max VN number :  0.28E+00 at (1,25,1)
 
       Time Step      300   September  2, 2026  19:45:32
       Step Size:  0.337E-02 s, Total Time:    1.01206 s
       Pressure Iterations: 1
       Maximum Velocity Error:  0.34E-05 on Mesh 7 at (112,64,21)
       Maximum Pressure Error:  0.79E-03 on Mesh 2 at (50,43,5)
       Maximum CFL Number    :  0.55E-02 on Mesh 2 at (96,63,24)
       Maximum VN Number     :  0.28E+00 on Mesh 4 at (1,1,25)
       ---------------------------------------------------------------
       Mesh    1
       Max CFL number:  0.18E-02 at (148,7,38)
       Max divergence:  0.57E-02 at (15,25,2)
       Min divergence: -0.72E-06 at (13,36,48)
       Max VN number :  0.19E-01 at (119,24,31)
       Mesh    2
       Max CFL number:  0.55E-02 at (96,63,24)
       Max divergence:  0.27E-02 at (61,32,5)
       Min divergence: -0.84E-06 at (75,1,24)
       Max VN number :  0.28E+00 at (96,64,24)
       Mesh    3
       Max CFL number:  0.55E-02 at (94,62,2)
       Max divergence:  0.28E-05 at (61,33,1)
       Min divergence: -0.11E-05 at (59,1,24)
       Max VN number :  0.28E+00 at (112,64,24)
       Mesh    4
       Max CFL number:  0.52E-02 at (60,1,1)
       Max divergence:  0.23E-06 at (111,64,1)
       Min divergence: -0.10E-05 at (91,1,28)
       Max VN number :  0.28E+00 at (1,1,25)
       Mesh    5
       Max CFL number:  0.48E-02 at (89,6,28)
       Max divergence:  0.14E-06 at (112,52,1)
       Min divergence: -0.95E-06 at (71,64,28)
       Max VN number :  0.28E+00 at (48,56,1)
       Mesh    6
       Max CFL number:  0.48E-02 at (111,64,27)
       Max divergence:  0.21E-06 at (110,64,28)
       Min divergence: -0.88E-06 at (112,43,5)
       Max VN number :  0.28E+00 at (25,44,1)
       Mesh    7
       Max CFL number:  0.47E-02 at (80,14,1)
       Max divergence:  0.14E-06 at (112,1,1)
       Min divergence: -0.97E-06 at (112,10,1)
       Max VN number :  0.28E+00 at (1,25,1)
 
       Time Step      400   September  2, 2026  19:49:00
       Step Size:  0.337E-02 s, Total Time:    1.34942 s
       Pressure Iterations: 1
       Maximum Velocity Error:  0.89E-05 on Mesh 7 at (2,0,21)
       Maximum Pressure Error:  0.60E-02 on Mesh 2 at (60,32,5)
       Maximum CFL Number    :  0.37E-02 on Mesh 3 at (68,31,1)
       Maximum VN Number     :  0.28E+00 on Mesh 2 at (72,44,5)
       ---------------------------------------------------------------
       Mesh    1
       Max CFL number:  0.16E-02 at (13,26,2)
       Max divergence:  0.50E-02 at (16,26,2)
       Min divergence: -0.64E-06 at (13,36,48)
       Max VN number :  0.18E-01 at (56,8,84)
       Mesh    2
       Max CFL number:  0.36E-02 at (85,1,24)
       Max divergence:  0.45E-02 at (61,32,5)
       Min divergence: -0.65E-06 at (19,64,24)
       Max VN number :  0.28E+00 at (72,44,5)
       Mesh    3
       Max CFL number:  0.37E-02 at (68,31,1)
       Max divergence:  0.13E-04 at (60,37,1)
       Min divergence: -0.82E-06 at (59,1,24)
       Max VN number :  0.28E+00 at (69,49,24)
       Mesh    4
       Max CFL number:  0.36E-02 at (60,1,1)
       Max divergence:  0.17E-06 at (1,50,1)
       Min divergence: -0.78E-06 at (67,1,28)
       Max VN number :  0.28E+00 at (1,1,25)
       Mesh    5
       Max CFL number:  0.33E-02 at (110,52,1)
       Max divergence:  0.14E-07 at (59,64,1)
       Min divergence: -0.88E-06 at (71,64,28)
       Max VN number :  0.28E+00 at (48,56,1)
       Mesh    6
       Max CFL number:  0.36E-02 at (71,64,4)
       Max divergence: -0.52E-08 at (110,64,28)
       Min divergence: -0.73E-06 at (71,64,4)
       Max VN number :  0.28E+00 at (24,64,24)
       Mesh    7
       Max CFL number:  0.33E-02 at (26,3,2)
       Max divergence:  0.69E-07 at (37,9,21)
       Min divergence: -0.78E-06 at (112,10,1)
       Max VN number :  0.28E+00 at (65,64,4)
 
       Time Step      500   September  2, 2026  19:52:28
       Step Size:  0.337E-02 s, Total Time:    1.68677 s
       Pressure Iterations: 1
       Maximum Velocity Error:  0.43E-05 on Mesh 7 at (112,0,21)
       Maximum Pressure Error:  0.57E-02 on Mesh 2 at (60,32,5)
       Maximum CFL Number    :  0.54E-02 on Mesh 2 at (62,45,5)
       Maximum VN Number     :  0.28E+00 on Mesh 2 at (72,44,5)
       ---------------------------------------------------------------
       Mesh    1
       Max CFL number:  0.27E-02 at (14,23,2)
       Max divergence:  0.76E-02 at (15,25,2)
       Min divergence: -0.85E-06 at (167,50,1)
       Max VN number :  0.18E-01 at (14,29,2)
       Mesh    2
       Max CFL number:  0.54E-02 at (62,45,5)
       Max divergence:  0.56E-02 at (62,44,5)
       Min divergence: -0.87E-06 at (1,58,1)
       Max VN number :  0.28E+00 at (72,44,5)
       Mesh    3
       Max CFL number:  0.38E-02 at (68,30,1)
       Max divergence:  0.33E-04 at (60,37,1)
       Min divergence: -0.86E-06 at (59,1,24)
       Max VN number :  0.28E+00 at (65,24,1)
       Mesh    4
       Max CFL number:  0.27E-02 at (60,1,1)
       Max divergence:  0.52E-07 at (1,30,2)
       Min divergence: -0.91E-06 at (10,1,28)
       Max VN number :  0.28E+00 at (48,56,28)
       Mesh    5
       Max CFL number:  0.26E-02 at (69,62,28)
       Max divergence: -0.31E-06 at (112,51,1)
       Min divergence: -0.10E-05 at (70,64,28)
       Max VN number :  0.28E+00 at (48,56,1)
       Mesh    6
       Max CFL number:  0.28E-02 at (71,64,4)
       Max divergence: -0.35E-06 at (109,64,28)
       Min divergence: -0.89E-06 at (71,64,4)
       Max VN number :  0.28E+00 at (24,64,24)
       Mesh    7
       Max CFL number:  0.25E-02 at (25,4,3)
       Max divergence: -0.11E-06 at (84,9,21)
       Min divergence: -0.90E-06 at (112,10,1)
       Max VN number :  0.28E+00 at (65,64,4)
 
       Time Step      600   September  2, 2026  19:55:55
       Step Size:  0.337E-02 s, Total Time:    2.02412 s
       Pressure Iterations: 1
       Maximum Velocity Error:  0.43E-05 on Mesh 7 at (12,64,21)
       Maximum Pressure Error:  0.57E-02 on Mesh 2 at (49,43,5)
       Maximum CFL Number    :  0.88E-02 on Mesh 2 at (61,20,5)
       Maximum VN Number     :  0.28E+00 on Mesh 2 at (50,22,5)
       ---------------------------------------------------------------
       Mesh    1
       Max CFL number:  0.45E-02 at (14,23,2)
       Max divergence:  0.12E-01 at (15,28,2)
       Min divergence: -0.13E-05 at (117,50,1)
       Max VN number :  0.19E-01 at (15,29,2)
       Mesh    2
       Max CFL number:  0.88E-02 at (61,20,5)
       Max divergence:  0.74E-02 at (61,44,5)
       Min divergence: -0.35E-02 at (48,43,5)
       Max VN number :  0.28E+00 at (50,22,5)
       Mesh    3
       Max CFL number:  0.51E-02 at (68,30,1)
       Max divergence:  0.69E-04 at (60,37,1)
       Min divergence: -0.11E-05 at (112,34,24)
       Max VN number :  0.28E+00 at (65,24,1)
       Mesh    4
       Max CFL number:  0.20E-02 at (60,1,1)
       Max divergence: -0.48E-06 at (1,49,1)
       Min divergence: -0.12E-05 at (10,1,28)
       Max VN number :  0.28E+00 at (48,56,28)
       Mesh    5
       Max CFL number:  0.21E-02 at (69,62,28)
       Max divergence: -0.72E-06 at (112,51,1)
       Min divergence: -0.13E-05 at (70,64,28)
       Max VN number :  0.28E+00 at (57,64,1)
       Mesh    6
       Max CFL number:  0.22E-02 at (71,64,4)
       Max divergence: -0.77E-06 at (112,22,1)
       Min divergence: -0.13E-05 at (1,34,28)
       Max VN number :  0.28E+00 at (24,64,24)
       Mesh    7
       Max CFL number:  0.19E-02 at (25,4,3)
       Max divergence: -0.45E-06 at (84,56,21)
       Min divergence: -0.14E-05 at (1,34,21)
       Max VN number :  0.28E+00 at (65,64,4)
 
       Time Step      700   September  2, 2026  19:59:21
       Step Size:  0.337E-02 s, Total Time:    2.36148 s
       Pressure Iterations: 1
       Maximum Velocity Error:  0.34E-05 on Mesh 7 at (112,64,21)
       Maximum Pressure Error:  0.39E-02 on Mesh 2 at (49,44,5)
       Maximum CFL Number    :  0.13E-01 on Mesh 2 at (61,20,6)
       Maximum VN Number     :  0.28E+00 on Mesh 2 at (52,24,5)
       ---------------------------------------------------------------
       Mesh    1
       Max CFL number:  0.75E-02 at (14,24,2)
       Max divergence:  0.19E-01 at (15,28,2)
       Min divergence: -0.18E-05 at (1,50,84)
       Max VN number :  0.19E-01 at (14,24,2)
       Mesh    2
       Max CFL number:  0.13E-01 at (61,20,6)
       Max divergence:  0.15E-01 at (61,21,5)
       Min divergence: -0.18E-05 at (1,57,4)
       Max VN number :  0.28E+00 at (52,24,5)
       Mesh    3
       Max CFL number:  0.85E-02 at (68,29,1)
       Max divergence:  0.14E-03 at (60,37,1)
       Min divergence: -0.14E-05 at (112,34,24)
       Max VN number :  0.28E+00 at (65,24,1)
       Mesh    4
       Max CFL number:  0.18E-02 at (57,28,1)
       Max divergence: -0.64E-06 at (1,48,3)
       Min divergence: -0.15E-05 at (10,1,28)
       Max VN number :  0.28E+00 at (48,56,28)
       Mesh    5
       Max CFL number:  0.17E-02 at (69,62,28)
       Max divergence: -0.11E-05 at (112,51,1)
       Min divergence: -0.16E-05 at (70,64,28)
       Max VN number :  0.28E+00 at (105,52,1)
       Mesh    6
       Max CFL number:  0.18E-02 at (71,64,4)
       Max divergence: -0.12E-05 at (112,22,1)
       Min divergence: -0.17E-05 at (1,33,26)
       Max VN number :  0.28E+00 at (13,1,28)
       Mesh    7
       Max CFL number:  0.16E-02 at (25,6,4)
       Max divergence: -0.72E-06 at (37,9,21)
       Min divergence: -0.19E-05 at (1,32,21)
       Max VN number :  0.28E+00 at (65,64,4)
 
       Time Step      800   September  2, 2026  20:02:46
       Step Size:  0.337E-02 s, Total Time:    2.69883 s
       Pressure Iterations: 1
       Maximum Velocity Error:  0.17E-05 on Mesh 7 at (8,0,21)
       Maximum Pressure Error:  0.17E-01 on Mesh 2 at (60,32,5)
       Maximum CFL Number    :  0.20E-01 on Mesh 2 at (61,20,6)
       Maximum VN Number     :  0.29E+00 on Mesh 2 at (72,21,5)
       ---------------------------------------------------------------
       Mesh    1
       Max CFL number:  0.12E-01 at (14,24,2)
       Max divergence:  0.28E-01 at (15,28,2)
       Min divergence: -0.17E-02 at (14,24,4)
       Max VN number :  0.21E-01 at (15,26,2)
       Mesh    2
       Max CFL number:  0.20E-01 at (61,20,6)
       Max divergence:  0.25E-01 at (61,21,5)
       Min divergence: -0.25E-05 at (1,8,4)
       Max VN number :  0.29E+00 at (72,21,5)
       Mesh    3
       Max CFL number:  0.17E-01 at (64,29,1)
       Max divergence:  0.43E-03 at (56,37,1)
       Min divergence: -0.19E-05 at (112,34,24)
       Max VN number :  0.28E+00 at (65,24,1)
       Mesh    4
       Max CFL number:  0.23E-02 at (57,28,1)
       Max divergence: -0.99E-06 at (1,22,2)
       Min divergence: -0.20E-05 at (1,2,28)
       Max VN number :  0.28E+00 at (48,56,28)
       Mesh    5
       Max CFL number:  0.15E-02 at (69,62,28)
       Max divergence: -0.16E-05 at (112,50,1)
       Min divergence: -0.21E-05 at (1,32,27)
       Max VN number :  0.28E+00 at (105,52,1)
       Mesh    6
       Max CFL number:  0.15E-02 at (71,64,4)
       Max divergence: -0.17E-05 at (112,22,1)
       Min divergence: -0.24E-05 at (1,33,26)
       Max VN number :  0.28E+00 at (53,64,25)
       Mesh    7
       Max CFL number:  0.13E-02 at (25,7,4)
       Max divergence: -0.12E-05 at (84,9,21)
       Min divergence: -0.25E-05 at (1,32,21)
       Max VN number :  0.28E+00 at (65,64,4)
 
       Time Step      900   September  2, 2026  20:06:12
       Step Size:  0.337E-02 s, Total Time:    3.03618 s
       Pressure Iterations: 1
       Maximum Velocity Error:  0.34E-05 on Mesh 1 at (17,24,1)
       Maximum Pressure Error:  0.62E-01 on Mesh 1 at (15,25,2)
       Maximum CFL Number    :  0.43E-01 on Mesh 3 at (57,29,1)
       Maximum VN Number     :  0.29E+00 on Mesh 2 at (72,21,5)
       ---------------------------------------------------------------
       Mesh    1
       Max CFL number:  0.22E-01 at (15,25,3)
       Max divergence:  0.43E-01 at (15,23,2)
       Min divergence: -0.22E-01 at (17,24,3)
       Max VN number :  0.23E-01 at (15,25,2)
       Mesh    2
       Max CFL number:  0.37E-01 at (57,29,24)
       Max divergence:  0.42E-01 at (60,21,5)
       Min divergence: -0.31E-05 at (1,58,1)
       Max VN number :  0.29E+00 at (72,21,5)
       Mesh    3
       Max CFL number:  0.43E-01 at (57,29,1)
       Max divergence:  0.41E-02 at (56,37,1)
       Min divergence: -0.37E-02 at (57,36,1)
       Max VN number :  0.28E+00 at (56,37,1)
       Mesh    4
       Max CFL number:  0.34E-02 at (57,29,1)
       Max divergence: -0.75E-06 at (1,17,3)
       Min divergence: -0.23E-05 at (1,62,27)
       Max VN number :  0.28E+00 at (56,37,1)
       Mesh    5
       Max CFL number:  0.13E-02 at (59,17,1)
       Max divergence: -0.11E-05 at (1,17,23)
       Min divergence: -0.25E-05 at (1,63,25)
       Max VN number :  0.28E+00 at (105,52,1)
       Mesh    6
       Max CFL number:  0.13E-02 at (71,64,4)
       Max divergence: -0.14E-05 at (1,17,1)
       Min divergence: -0.28E-05 at (1,35,26)
       Max VN number :  0.28E+00 at (53,64,25)
       Mesh    7
       Max CFL number:  0.11E-02 at (24,8,5)
       Max divergence:  0.94E-06 at (83,55,21)
       Min divergence: -0.30E-05 at (1,36,21)
       Max VN number :  0.28E+00 at (65,64,4)
 
       Time Step     1000   September  2, 2026  20:09:36
       Step Size:  0.337E-02 s, Total Time:    3.37354 s
       Pressure Iterations: 1
       Maximum Velocity Error:  0.12E-05 on Mesh 7 at (12,64,21)
       Maximum Pressure Error:  0.61E-01 on Mesh 2 at (60,33,5)
       Maximum CFL Number    :  0.13E+00 on Mesh 2 at (57,29,24)
       Maximum VN Number     :  0.31E+00 on Mesh 2 at (64,36,24)
       ---------------------------------------------------------------
       Mesh    1
       Max CFL number:  0.39E-01 at (15,25,6)
       Max divergence:  0.55E-01 at (16,23,2)
       Min divergence: -0.22E-01 at (16,25,3)
       Max VN number :  0.24E-01 at (16,25,5)
       Mesh    2
       Max CFL number:  0.13E+00 at (57,29,24)
       Max divergence:  0.78E-01 at (57,29,24)
       Min divergence: -0.15E-02 at (55,27,10)
       Max VN number :  0.31E+00 at (64,36,24)
       Mesh    3
       Max CFL number:  0.13E+00 at (57,29,1)
       Max divergence:  0.16E-01 at (56,33,1)
       Min divergence: -0.64E-01 at (57,36,1)
       Max VN number :  0.30E+00 at (57,36,1)
       Mesh    4
       Max CFL number:  0.73E-02 at (57,29,1)
       Max divergence: -0.13E-05 at (1,44,3)
       Min divergence: -0.31E-05 at (1,2,28)
       Max VN number :  0.28E+00 at (56,37,1)
       Mesh    5
       Max CFL number:  0.15E-02 at (59,17,1)
       Max divergence: -0.25E-05 at (1,47,1)
       Min divergence: -0.34E-05 at (1,32,27)
       Max VN number :  0.28E+00 at (105,52,1)
       Mesh    6
       Max CFL number:  0.11E-02 at (106,21,1)
       Max divergence: -0.27E-05 at (112,22,1)
       Min divergence: -0.37E-05 at (1,32,26)
       Max VN number :  0.28E+00 at (53,64,25)
       Mesh    7
       Max CFL number:  0.10E-02 at (112,63,1)
       Max divergence: -0.14E-05 at (37,9,21)
       Min divergence: -0.40E-05 at (1,32,21)
       Max VN number :  0.28E+00 at (65,64,4)
 
       Time Step     1100   September  2, 2026  20:13:00
       Step Size:  0.337E-02 s, Total Time:    3.71089 s
       Pressure Iterations: 1
       Maximum Velocity Error:  0.17E-05 on Mesh 7 at (30,0,21)
       Maximum Pressure Error:  0.99E-01 on Mesh 2 at (61,32,24)
       Maximum CFL Number    :  0.23E+00 on Mesh 3 at (61,31,5)
       Maximum VN Number     :  0.32E+00 on Mesh 2 at (64,36,24)
       ---------------------------------------------------------------
       Mesh    1
       Max CFL number:  0.57E-01 at (16,25,8)
       Max divergence:  0.67E-01 at (16,23,2)
       Min divergence: -0.27E-01 at (16,25,3)
       Max VN number :  0.27E-01 at (16,25,8)
       Mesh    2
       Max CFL number:  0.23E+00 at (64,29,24)
       Max divergence:  0.17E+00 at (64,29,24)
       Min divergence: -0.62E-02 at (61,30,21)
       Max VN number :  0.32E+00 at (64,36,24)
       Mesh    3
       Max CFL number:  0.23E+00 at (61,31,5)
       Max divergence:  0.67E-01 at (60,28,1)
       Min divergence: -0.13E+00 at (64,29,1)
       Max VN number :  0.31E+00 at (64,36,1)
       Mesh    4
       Max CFL number:  0.26E-01 at (57,29,1)
       Max divergence:  0.49E-04 at (59,31,1)
       Min divergence: -0.39E-05 at (1,2,28)
       Max VN number :  0.28E+00 at (56,37,1)
       Mesh    5
       Max CFL number:  0.25E-02 at (59,17,1)
       Max divergence: -0.31E-05 at (55,38,1)
       Min divergence: -0.42E-05 at (1,32,26)
       Max VN number :  0.28E+00 at (1,36,1)
       Mesh    6
       Max CFL number:  0.10E-02 at (107,25,1)
       Max divergence: -0.34E-05 at (45,17,1)
       Min divergence: -0.46E-05 at (1,32,26)
       Max VN number :  0.28E+00 at (53,64,25)
       Mesh    7
       Max CFL number:  0.92E-03 at (112,63,1)
       Max divergence: -0.23E-05 at (84,9,21)
       Min divergence: -0.49E-05 at (1,32,21)
       Max VN number :  0.28E+00 at (65,64,4)
 
       Time Step     1200   September  2, 2026  20:16:25
       Step Size:  0.337E-02 s, Total Time:    4.04825 s
       Pressure Iterations: 1
       Maximum Velocity Error:  0.42E-06 on Mesh 2 at (68,40,4)
       Maximum Pressure Error:  0.19E+00 on Mesh 3 at (61,33,24)
       Maximum CFL Number    :  0.30E+00 on Mesh 3 at (61,32,15)
       Maximum VN Number     :  0.31E+00 on Mesh 3 at (64,36,1)
       ---------------------------------------------------------------
       Mesh    1
       Max CFL number:  0.69E-01 at (16,25,11)
       Max divergence:  0.80E-01 at (18,25,2)
       Min divergence: -0.31E-01 at (16,25,3)
       Max VN number :  0.29E-01 at (16,25,12)
       Mesh    2
       Max CFL number:  0.22E+00 at (64,29,24)
       Max divergence:  0.14E+00 at (64,29,24)
       Min divergence: -0.13E-01 at (61,32,17)
       Max VN number :  0.31E+00 at (64,36,24)
       Mesh    3
       Max CFL number:  0.30E+00 at (61,32,15)
       Max divergence:  0.10E+00 at (60,28,1)
       Min divergence: -0.19E+00 at (57,29,1)
       Max VN number :  0.31E+00 at (64,36,1)
       Mesh    4
       Max CFL number:  0.21E+00 at (57,29,1)
       Max divergence:  0.18E-01 at (66,38,1)
       Min divergence: -0.66E-01 at (64,36,1)
       Max VN number :  0.31E+00 at (64,36,1)
       Mesh    5
       Max CFL number:  0.65E-02 at (57,36,1)
       Max divergence: -0.36E-05 at (59,35,1)
       Min divergence: -0.51E-05 at (1,34,26)
       Max VN number :  0.28E+00 at (52,24,1)
       Mesh    6
       Max CFL number:  0.14E-02 at (64,36,1)
       Max divergence: -0.40E-05 at (45,17,1)
       Min divergence: -0.55E-05 at (1,33,26)
       Max VN number :  0.28E+00 at (65,61,1)
       Mesh    7
       Max CFL number:  0.90E-03 at (112,62,1)
       Max divergence: -0.26E-05 at (84,56,21)
       Min divergence: -0.59E-05 at (1,33,21)
       Max VN number :  0.28E+00 at (65,64,4)
 
       Time Step     1300   September  2, 2026  20:19:49
       Step Size:  0.337E-02 s, Total Time:    4.38560 s
       Pressure Iterations: 1
       Maximum Velocity Error:  0.15E-05 on Mesh 7 at (53,0,21)
       Maximum Pressure Error:  0.11E+00 on Mesh 4 at (60,30,17)
       Maximum CFL Number    :  0.34E+00 on Mesh 3 at (60,32,24)
       Maximum VN Number     :  0.32E+00 on Mesh 4 at (53,40,1)
       ---------------------------------------------------------------
       Mesh    1
       Max CFL number:  0.78E-01 at (16,25,15)
       Max divergence:  0.98E-01 at (18,25,2)
       Min divergence: -0.32E-01 at (15,26,3)
       Max VN number :  0.30E-01 at (16,26,16)
       Mesh    2
       Max CFL number:  0.23E+00 at (57,29,24)
       Max divergence:  0.19E+00 at (64,29,24)
       Min divergence: -0.20E-01 at (60,32,18)
       Max VN number :  0.32E+00 at (57,29,24)
       Mesh    3
       Max CFL number:  0.34E+00 at (60,32,24)
       Max divergence:  0.12E+00 at (60,28,1)
       Min divergence: -0.24E+00 at (57,29,1)
       Max VN number :  0.32E+00 at (64,36,1)
       Mesh    4
       Max CFL number:  0.32E+00 at (62,31,5)
       Max divergence:  0.54E-01 at (60,28,1)
       Min divergence: -0.10E+00 at (57,29,1)
       Max VN number :  0.32E+00 at (53,40,1)
       Mesh    5
       Max CFL number:  0.37E-01 at (57,29,1)
       Max divergence:  0.69E-04 at (59,31,1)
       Min divergence: -0.56E-05 at (1,1,28)
       Max VN number :  0.28E+00 at (65,31,1)
       Mesh    6
       Max CFL number:  0.34E-02 at (64,36,1)
       Max divergence: -0.46E-05 at (72,21,1)
       Min divergence: -0.62E-05 at (1,33,26)
       Max VN number :  0.28E+00 at (48,41,1)
       Mesh    7
       Max CFL number:  0.11E-02 at (92,61,1)
       Max divergence: -0.31E-05 at (84,56,21)
       Min divergence: -0.67E-05 at (1,33,21)
       Max VN number :  0.28E+00 at (28,1,1)
 
       Time Step     1400   September  2, 2026  20:23:11
       Step Size:  0.337E-02 s, Total Time:    4.72295 s
       Pressure Iterations: 1
       Maximum Velocity Error:  0.21E-05 on Mesh 7 at (58,0,21)
       Maximum Pressure Error:  0.15E+00 on Mesh 5 at (64,36,6)
       Maximum CFL Number    :  0.38E+00 on Mesh 4 at (60,32,20)
       Maximum VN Number     :  0.33E+00 on Mesh 5 at (64,25,1)
       ---------------------------------------------------------------
       Mesh    1
       Max CFL number:  0.89E-01 at (15,25,16)
       Max divergence:  0.11E+00 at (15,23,2)
       Min divergence: -0.41E-01 at (15,26,5)
       Max VN number :  0.31E-01 at (16,26,20)
       Mesh    2
       Max CFL number:  0.26E+00 at (57,36,24)
       Max divergence:  0.27E+00 at (64,36,24)
       Min divergence: -0.26E-01 at (60,32,20)
       Max VN number :  0.33E+00 at (64,36,24)
       Mesh    3
       Max CFL number:  0.35E+00 at (60,32,24)
       Max divergence:  0.15E+00 at (60,28,1)
       Min divergence: -0.30E+00 at (57,29,1)
       Max VN number :  0.33E+00 at (64,36,1)
       Mesh    4
       Max CFL number:  0.38E+00 at (60,32,20)
       Max divergence:  0.84E-01 at (65,33,1)
       Min divergence: -0.16E+00 at (57,36,1)
       Max VN number :  0.33E+00 at (64,25,28)
       Mesh    5
       Max CFL number:  0.33E+00 at (63,30,1)
       Max divergence:  0.17E-01 at (56,33,1)
       Min divergence: -0.46E-01 at (53,25,1)
       Max VN number :  0.33E+00 at (64,25,1)
       Mesh    6
       Max CFL number:  0.13E-01 at (64,36,1)
       Max divergence: -0.50E-05 at (64,36,1)
       Min divergence: -0.75E-05 at (1,32,26)
       Max VN number :  0.28E+00 at (56,37,1)
       Mesh    7
       Max CFL number:  0.22E-02 at (68,25,1)
       Max divergence: -0.42E-05 at (84,9,21)
       Min divergence: -0.80E-05 at (1,32,21)
       Max VN number :  0.28E+00 at (112,41,20)
 
       Time Step     1500   September  2, 2026  20:26:33
       Step Size:  0.337E-02 s, Total Time:    5.06031 s
       Pressure Iterations: 1
       Maximum Velocity Error:  0.84E-05 on Mesh 1 at (13,26,1)
       Maximum Pressure Error:  0.15E+00 on Mesh 1 at (15,26,2)
       Maximum CFL Number    :  0.41E+00 on Mesh 5 at (60,32,12)
       Maximum VN Number     :  0.33E+00 on Mesh 3 at (64,36,1)
       ---------------------------------------------------------------
       Mesh    1
       Max CFL number:  0.10E+00 at (15,25,21)
       Max divergence:  0.13E+00 at (15,28,2)
       Min divergence: -0.51E-01 at (15,26,5)
       Max VN number :  0.32E-01 at (15,27,23)
       Mesh    2
       Max CFL number:  0.28E+00 at (57,36,24)
       Max divergence:  0.31E+00 at (64,36,24)
       Min divergence: -0.49E-01 at (62,39,7)
       Max VN number :  0.33E+00 at (64,36,24)
       Mesh    3
       Max CFL number:  0.38E+00 at (60,33,22)
       Max divergence:  0.19E+00 at (65,32,1)
       Min divergence: -0.37E+00 at (57,36,1)
       Max VN number :  0.33E+00 at (64,36,1)
       Mesh    4
       Max CFL number:  0.40E+00 at (60,32,26)
       Max divergence:  0.10E+00 at (65,33,1)
       Min divergence: -0.20E+00 at (64,36,1)
       Max VN number :  0.33E+00 at (64,36,1)
       Mesh    5
       Max CFL number:  0.41E+00 at (60,32,12)
       Max divergence:  0.53E-01 at (61,37,1)
       Min divergence: -0.10E+00 at (64,36,1)
       Max VN number :  0.32E+00 at (57,36,1)
       Mesh    6
       Max CFL number:  0.17E+00 at (64,36,1)
       Max divergence:  0.10E-01 at (60,38,1)
       Min divergence: -0.29E-01 at (64,36,1)
       Max VN number :  0.30E+00 at (62,37,1)
       Mesh    7
       Max CFL number:  0.69E-02 at (68,29,1)
       Max divergence: -0.57E-05 at (84,9,20)
       Min divergence: -0.95E-05 at (1,32,21)
       Max VN number :  0.28E+00 at (64,1,20)
 
       Time Step     1600   September  2, 2026  20:29:53
       Step Size:  0.337E-02 s, Total Time:    5.39766 s
       Pressure Iterations: 1
       Maximum Velocity Error:  0.67E-05 on Mesh 7 at (61,0,21)
       Maximum Pressure Error:  0.21E+00 on Mesh 2 at (71,32,5)
       Maximum CFL Number    :  0.47E+00 on Mesh 5 at (60,32,28)
       Maximum VN Number     :  0.35E+00 on Mesh 6 at (53,40,1)
       ---------------------------------------------------------------
       Mesh    1
       Max CFL number:  0.11E+00 at (15,25,28)
       Max divergence:  0.16E+00 at (18,26,2)
       Min divergence: -0.62E-01 at (15,26,5)
       Max VN number :  0.34E-01 at (14,24,27)
       Mesh    2
       Max CFL number:  0.30E+00 at (57,36,24)
       Max divergence:  0.39E+00 at (64,36,24)
       Min divergence: -0.51E-01 at (55,27,7)
       Max VN number :  0.34E+00 at (64,36,24)
       Mesh    3
       Max CFL number:  0.41E+00 at (60,33,22)
       Max divergence:  0.23E+00 at (65,32,1)
       Min divergence: -0.46E+00 at (57,29,1)
       Max VN number :  0.34E+00 at (57,29,1)
       Mesh    4
       Max CFL number:  0.43E+00 at (60,32,26)
       Max divergence:  0.12E+00 at (65,33,1)
       Min divergence: -0.25E+00 at (64,36,1)
       Max VN number :  0.34E+00 at (64,36,1)
       Mesh    5
       Max CFL number:  0.47E+00 at (60,32,28)
       Max divergence:  0.72E-01 at (56,37,1)
       Min divergence: -0.13E+00 at (64,36,1)
       Max VN number :  0.33E+00 at (64,36,1)
       Mesh    6
       Max CFL number:  0.45E+00 at (59,31,4)
       Max divergence:  0.42E-01 at (61,37,1)
       Min divergence: -0.79E-01 at (57,36,1)
       Max VN number :  0.35E+00 at (53,40,1)
       Mesh    7
       Max CFL number:  0.54E-01 at (64,36,1)
       Max divergence:  0.51E-04 at (62,34,1)
       Min divergence: -0.11E-04 at (1,33,21)
       Max VN number :  0.28E+00 at (60,37,1)
 
       Time Step     1700   September  2, 2026  20:33:12
       Step Size:  0.337E-02 s, Total Time:    5.73502 s
       Pressure Iterations: 1
       Maximum Velocity Error:  0.31E-04 on Mesh 7 at (60,32,21)
       Maximum Pressure Error:  0.28E+00 on Mesh 7 at (57,29,11)
       Maximum CFL Number    :  0.51E+00 on Mesh 6 at (60,32,22)
       Maximum VN Number     :  0.38E+00 on Mesh 6 at (68,25,28)
       ---------------------------------------------------------------
       Mesh    1
       Max CFL number:  0.12E+00 at (15,25,32)
       Max divergence:  0.18E+00 at (18,25,2)
       Min divergence: -0.73E-01 at (15,26,5)
       Max VN number :  0.38E-01 at (14,24,33)
       Mesh    2
       Max CFL number:  0.32E+00 at (57,36,24)
       Max divergence:  0.49E+00 at (64,36,24)
       Min divergence: -0.68E-01 at (55,27,7)
       Max VN number :  0.35E+00 at (64,36,24)
       Mesh    3
       Max CFL number:  0.45E+00 at (60,33,22)
       Max divergence:  0.27E+00 at (61,28,1)
       Min divergence: -0.54E+00 at (57,29,1)
       Max VN number :  0.35E+00 at (64,29,1)
       Mesh    4
       Max CFL number:  0.46E+00 at (60,33,26)
       Max divergence:  0.15E+00 at (65,32,1)
       Min divergence: -0.31E+00 at (64,36,1)
       Max VN number :  0.35E+00 at (64,36,1)
       Mesh    5
       Max CFL number:  0.45E+00 at (60,32,26)
       Max divergence:  0.88E-01 at (56,37,1)
       Min divergence: -0.17E+00 at (64,36,1)
       Max VN number :  0.34E+00 at (64,36,1)
       Mesh    6
       Max CFL number:  0.51E+00 at (60,32,22)
       Max divergence:  0.59E-01 at (65,37,1)
       Min divergence: -0.97E-01 at (64,36,1)
       Max VN number :  0.38E+00 at (68,25,28)
       Mesh    7
       Max CFL number:  0.47E+00 at (58,30,1)
       Max divergence:  0.31E-01 at (61,37,1)
       Min divergence: -0.57E-01 at (57,36,1)
       Max VN number :  0.37E+00 at (68,25,1)
 
       Time Step     1800   September  2, 2026  20:36:32
       Step Size:  0.337E-02 s, Total Time:    6.07237 s
       Pressure Iterations: 1
       Maximum Velocity Error:  0.11E-03 on Mesh 7 at (61,15,21)
       Maximum Pressure Error:  0.26E+00 on Mesh 7 at (61,13,19)
       Maximum CFL Number    :  0.50E+00 on Mesh 4 at (60,33,26)
       Maximum VN Number     :  0.36E+00 on Mesh 4 at (64,36,1)
       ---------------------------------------------------------------
       Mesh    1
       Max CFL number:  0.12E+00 at (15,25,35)
       Max divergence:  0.20E+00 at (15,28,2)
       Min divergence: -0.14E+00 at (15,26,4)
       Max VN number :  0.40E-01 at (15,25,38)
       Mesh    2
       Max CFL number:  0.33E+00 at (57,36,24)
       Max divergence:  0.54E+00 at (64,36,24)
       Min divergence: -0.85E-01 at (66,27,7)
       Max VN number :  0.35E+00 at (64,36,24)
       Mesh    3
       Max CFL number:  0.48E+00 at (60,33,24)
       Max divergence:  0.29E+00 at (61,28,1)
       Min divergence: -0.57E+00 at (64,29,1)
       Max VN number :  0.35E+00 at (64,29,1)
       Mesh    4
       Max CFL number:  0.50E+00 at (60,33,26)
       Max divergence:  0.18E+00 at (61,28,1)
       Min divergence: -0.36E+00 at (64,36,1)
       Max VN number :  0.36E+00 at (64,36,1)
       Mesh    5
       Max CFL number:  0.50E+00 at (60,33,26)
       Max divergence:  0.11E+00 at (56,37,1)
       Min divergence: -0.20E+00 at (64,29,1)
       Max VN number :  0.35E+00 at (64,36,1)
       Mesh    6
       Max CFL number:  0.48E+00 at (60,32,26)
       Max divergence:  0.74E-01 at (56,37,1)
       Min divergence: -0.12E+00 at (64,36,1)
       Max VN number :  0.34E+00 at (64,36,1)
       Mesh    7
       Max CFL number:  0.46E+00 at (59,31,7)
       Max divergence:  0.53E-01 at (65,37,1)
       Min divergence: -0.81E-01 at (64,36,1)
       Max VN number :  0.32E+00 at (53,25,1)
 
       Time Step     1900   September  2, 2026  20:39:50
       Step Size:  0.337E-02 s, Total Time:    6.40972 s
       Pressure Iterations: 1
       Maximum Velocity Error:  0.18E-03 on Mesh 7 at (61,0,21)
       Maximum Pressure Error:  0.24E+00 on Mesh 7 at (57,29,22)
       Maximum CFL Number    :  0.53E+00 on Mesh 5 at (60,33,26)
       Maximum VN Number     :  0.36E+00 on Mesh 3 at (64,29,1)
       ---------------------------------------------------------------
       Mesh    1
       Max CFL number:  0.13E+00 at (15,26,29)
       Max divergence:  0.22E+00 at (15,28,2)
       Min divergence: -0.16E+00 at (15,26,4)
       Max VN number :  0.42E-01 at (15,26,38)
       Mesh    2
       Max CFL number:  0.35E+00 at (57,36,24)
       Max divergence:  0.60E+00 at (64,36,24)
       Min divergence: -0.11E+00 at (66,27,7)
       Max VN number :  0.35E+00 at (64,36,24)
       Mesh    3
       Max CFL number:  0.49E+00 at (60,33,22)
       Max divergence:  0.34E+00 at (61,28,1)
       Min divergence: -0.66E+00 at (64,36,1)
       Max VN number :  0.36E+00 at (64,29,1)
       Mesh    4
       Max CFL number:  0.52E+00 at (60,33,26)
       Max divergence:  0.19E+00 at (61,28,1)
       Min divergence: -0.39E+00 at (64,36,1)
       Max VN number :  0.36E+00 at (64,36,1)
       Mesh    5
       Max CFL number:  0.53E+00 at (60,33,26)
       Max divergence:  0.12E+00 at (56,37,1)
       Min divergence: -0.23E+00 at (64,29,1)
       Max VN number :  0.35E+00 at (64,29,1)
       Mesh    6
       Max CFL number:  0.53E+00 at (60,33,24)
       Max divergence:  0.90E-01 at (56,37,1)
       Min divergence: -0.15E+00 at (64,29,1)
       Max VN number :  0.35E+00 at (64,36,1)
       Mesh    7
       Max CFL number:  0.50E+00 at (58,30,1)
       Max divergence:  0.61E-01 at (56,37,1)
       Min divergence: -0.97E-01 at (64,36,1)
       Max VN number :  0.36E+00 at (72,1,17)
 
       Time Step     2000   September  2, 2026  20:43:08
       Step Size:  0.337E-02 s, Total Time:    6.74708 s
       Pressure Iterations: 1
       Maximum Velocity Error:  0.76E-04 on Mesh 7 at (42,64,21)
       Maximum Pressure Error:  0.17E+00 on Mesh 5 at (57,36,1)
       Maximum CFL Number    :  0.56E+00 on Mesh 6 at (60,33,26)
       Maximum VN Number     :  0.37E+00 on Mesh 7 at (37,1,20)
       ---------------------------------------------------------------
       Mesh    1
       Max CFL number:  0.13E+00 at (15,26,32)
       Max divergence:  0.25E+00 at (15,28,2)
       Min divergence: -0.17E+00 at (15,26,4)
       Max VN number :  0.50E-01 at (22,20,38)
       Mesh    2
       Max CFL number:  0.36E+00 at (57,36,24)
       Max divergence:  0.66E+00 at (57,36,24)
       Min divergence: -0.13E+00 at (66,27,7)
       Max VN number :  0.36E+00 at (64,36,24)
       Mesh    3
       Max CFL number:  0.53E+00 at (60,33,24)
       Max divergence:  0.38E+00 at (59,28,1)
       Min divergence: -0.74E+00 at (57,29,1)
       Max VN number :  0.37E+00 at (64,29,1)
       Mesh    4
       Max CFL number:  0.55E+00 at (60,33,26)
       Max divergence:  0.22E+00 at (61,28,1)
       Min divergence: -0.45E+00 at (64,36,1)
       Max VN number :  0.37E+00 at (64,36,1)
       Mesh    5
       Max CFL number:  0.55E+00 at (60,33,26)
       Max divergence:  0.14E+00 at (56,37,1)
       Min divergence: -0.26E+00 at (64,29,1)
       Max VN number :  0.36E+00 at (64,29,1)
       Mesh    6
       Max CFL number:  0.56E+00 at (60,33,26)
       Max divergence:  0.96E-01 at (56,37,1)
       Min divergence: -0.16E+00 at (64,29,1)
       Max VN number :  0.35E+00 at (64,29,1)
       Mesh    7
       Max CFL number:  0.53E+00 at (58,35,1)
       Max divergence:  0.74E-01 at (56,37,1)
       Min divergence: -0.11E+00 at (64,29,1)
       Max VN number :  0.37E+00 at (37,1,20)
 
       Time Step     2100   September  2, 2026  20:46:27
       Step Size:  0.337E-02 s, Total Time:    7.08443 s
       Pressure Iterations: 1
       Maximum Velocity Error:  0.36E-04 on Mesh 7 at (61,0,21)
       Maximum Pressure Error:  0.21E+00 on Mesh 3 at (60,32,24)
       Maximum CFL Number    :  0.59E+00 on Mesh 5 at (60,33,26)
       Maximum VN Number     :  0.37E+00 on Mesh 4 at (64,29,1)
       ---------------------------------------------------------------
       Mesh    1
       Max CFL number:  0.14E+00 at (15,26,31)
       Max divergence:  0.28E+00 at (15,28,2)
       Min divergence: -0.18E+00 at (15,26,4)
       Max VN number :  0.45E-01 at (15,26,38)
       Mesh    2
       Max CFL number:  0.38E+00 at (57,36,24)
       Max divergence:  0.74E+00 at (57,36,24)
       Min divergence: -0.16E+00 at (66,27,7)
       Max VN number :  0.36E+00 at (49,32,5)
       Mesh    3
       Max CFL number:  0.55E+00 at (60,33,24)
       Max divergence:  0.42E+00 at (59,28,1)
       Min divergence: -0.81E+00 at (57,29,1)
       Max VN number :  0.37E+00 at (64,36,1)
       Mesh    4
       Max CFL number:  0.58E+00 at (60,33,26)
       Max divergence:  0.26E+00 at (61,28,1)
       Min divergence: -0.51E+00 at (64,29,1)
       Max VN number :  0.37E+00 at (64,29,1)
       Mesh    5
       Max CFL number:  0.59E+00 at (60,33,26)
       Max divergence:  0.15E+00 at (56,37,1)
       Min divergence: -0.30E+00 at (64,29,1)
       Max VN number :  0.36E+00 at (64,29,1)
       Mesh    6
       Max CFL number:  0.59E+00 at (60,33,24)
       Max divergence:  0.12E+00 at (56,37,1)
       Min divergence: -0.19E+00 at (64,29,1)
       Max VN number :  0.35E+00 at (64,29,1)
       Mesh    7
       Max CFL number:  0.56E+00 at (58,35,1)
       Max divergence:  0.86E-01 at (56,37,1)
       Min divergence: -0.13E+00 at (64,29,1)
       Max VN number :  0.35E+00 at (28,64,20)
 
       Time Step     2200   September  2, 2026  20:49:44
       Step Size:  0.337E-02 s, Total Time:    7.42178 s
       Pressure Iterations: 1
       Maximum Velocity Error:  0.26E-04 on Mesh 7 at (104,0,21)
       Maximum Pressure Error:  0.25E+00 on Mesh 3 at (60,33,24)
       Maximum CFL Number    :  0.62E+00 on Mesh 5 at (60,33,26)
       Maximum VN Number     :  0.38E+00 on Mesh 4 at (64,29,1)
       ---------------------------------------------------------------
       Mesh    1
       Max CFL number:  0.15E+00 at (15,26,31)
       Max divergence:  0.31E+00 at (15,28,2)
       Min divergence: -0.19E+00 at (15,26,4)
       Max VN number :  0.48E-01 at (15,26,38)
       Mesh    2
       Max CFL number:  0.39E+00 at (57,36,24)
       Max divergence:  0.83E+00 at (57,36,24)
       Min divergence: -0.18E+00 at (66,27,7)
       Max VN number :  0.37E+00 at (49,32,5)
       Mesh    3
       Max CFL number:  0.57E+00 at (60,33,24)
       Max divergence:  0.47E+00 at (59,28,1)
       Min divergence: -0.90E+00 at (57,29,1)
       Max VN number :  0.38E+00 at (64,36,1)
       Mesh    4
       Max CFL number:  0.61E+00 at (60,33,26)
       Max divergence:  0.28E+00 at (61,28,1)
       Min divergence: -0.56E+00 at (64,29,1)
       Max VN number :  0.38E+00 at (64,29,1)
       Mesh    5
       Max CFL number:  0.62E+00 at (60,33,26)
       Max divergence:  0.17E+00 at (56,37,1)
       Min divergence: -0.34E+00 at (64,29,1)
       Max VN number :  0.37E+00 at (64,29,1)
       Mesh    6
       Max CFL number:  0.62E+00 at (60,33,26)
       Max divergence:  0.13E+00 at (56,37,1)
       Min divergence: -0.22E+00 at (64,29,1)
       Max VN number :  0.36E+00 at (64,29,1)
       Mesh    7
       Max CFL number:  0.59E+00 at (58,35,1)
       Max divergence:  0.99E-01 at (56,37,1)
       Min divergence: -0.15E+00 at (64,29,1)
       Max VN number :  0.35E+00 at (64,29,1)
 
       Time Step     2300   September  2, 2026  20:53:02
       Step Size:  0.337E-02 s, Total Time:    7.75914 s
       Pressure Iterations: 1
       Maximum Velocity Error:  0.20E-04 on Mesh 7 at (112,46,21)
       Maximum Pressure Error:  0.32E+00 on Mesh 3 at (60,33,24)
       Maximum CFL Number    :  0.65E+00 on Mesh 6 at (59,33,26)
       Maximum VN Number     :  0.38E+00 on Mesh 4 at (64,29,1)
       ---------------------------------------------------------------
       Mesh    1
       Max CFL number:  0.16E+00 at (15,26,31)
       Max divergence:  0.36E+00 at (13,26,2)
       Min divergence: -0.20E+00 at (15,26,4)
       Max VN number :  0.50E-01 at (15,26,38)
       Mesh    2
       Max CFL number:  0.41E+00 at (58,35,24)
       Max divergence:  0.92E+00 at (57,36,24)
       Min divergence: -0.22E+00 at (66,27,7)
       Max VN number :  0.38E+00 at (49,32,5)
       Mesh    3
       Max CFL number:  0.60E+00 at (60,33,24)
       Max divergence:  0.53E+00 at (59,28,1)
       Min divergence: -0.10E+01 at (57,29,1)
       Max VN number :  0.38E+00 at (64,36,1)
       Mesh    4
       Max CFL number:  0.64E+00 at (60,33,26)
       Max divergence:  0.32E+00 at (61,28,1)
       Min divergence: -0.63E+00 at (64,29,1)
       Max VN number :  0.38E+00 at (64,29,1)
       Mesh    5
       Max CFL number:  0.65E+00 at (59,33,28)
       Max divergence:  0.20E+00 at (61,28,1)
       Min divergence: -0.38E+00 at (64,29,1)
       Max VN number :  0.38E+00 at (64,29,1)
       Mesh    6
       Max CFL number:  0.65E+00 at (59,33,26)
       Max divergence:  0.15E+00 at (56,37,1)
       Min divergence: -0.25E+00 at (64,29,1)
       Max VN number :  0.37E+00 at (64,29,1)
       Mesh    7
       Max CFL number:  0.62E+00 at (58,35,1)
       Max divergence:  0.11E+00 at (56,37,1)
       Min divergence: -0.17E+00 at (64,29,1)
       Max VN number :  0.35E+00 at (64,29,1)
 
       Time Step     2400   September  2, 2026  20:56:20
       Step Size:  0.337E-02 s, Total Time:    8.09649 s
       Pressure Iterations: 1
       Maximum Velocity Error:  0.16E-04 on Mesh 7 at (104,64,21)
       Maximum Pressure Error:  0.34E+00 on Mesh 3 at (61,32,24)
       Maximum CFL Number    :  0.69E+00 on Mesh 6 at (59,33,26)
       Maximum VN Number     :  0.39E+00 on Mesh 4 at (64,29,1)
       ---------------------------------------------------------------
       Mesh    1
       Max CFL number:  0.16E+00 at (15,26,31)
       Max divergence:  0.40E+00 at (15,24,2)
       Min divergence: -0.21E+00 at (15,26,4)
       Max VN number :  0.52E-01 at (15,26,38)
       Mesh    2
       Max CFL number:  0.42E+00 at (60,33,24)
       Max divergence:  0.99E+00 at (57,36,24)
       Min divergence: -0.25E+00 at (66,27,7)
       Max VN number :  0.38E+00 at (49,32,5)
       Mesh    3
       Max CFL number:  0.63E+00 at (60,33,24)
       Max divergence:  0.57E+00 at (59,28,1)
       Min divergence: -0.11E+01 at (57,29,1)
       Max VN number :  0.39E+00 at (64,36,1)
       Mesh    4
       Max CFL number:  0.67E+00 at (60,33,26)
       Max divergence:  0.36E+00 at (61,28,1)
       Min divergence: -0.70E+00 at (64,29,1)
       Max VN number :  0.39E+00 at (64,29,1)
       Mesh    5
       Max CFL number:  0.68E+00 at (59,33,28)
       Max divergence:  0.22E+00 at (61,28,1)
       Min divergence: -0.43E+00 at (64,29,1)
       Max VN number :  0.38E+00 at (64,29,1)
       Mesh    6
       Max CFL number:  0.69E+00 at (59,33,26)
       Max divergence:  0.17E+00 at (56,37,1)
       Min divergence: -0.28E+00 at (64,29,1)
       Max VN number :  0.37E+00 at (64,29,1)
       Mesh    7
       Max CFL number:  0.66E+00 at (58,35,1)
       Max divergence:  0.13E+00 at (56,37,1)
       Min divergence: -0.20E+00 at (64,29,1)
       Max VN number :  0.36E+00 at (64,29,1)
 
       Time Step     2500   September  2, 2026  20:59:37
       Step Size:  0.337E-02 s, Total Time:    8.43385 s
       Pressure Iterations: 1
       Maximum Velocity Error:  0.81E-05 on Mesh 7 at (57,28,21)
       Maximum Pressure Error:  0.42E+00 on Mesh 3 at (61,32,24)
       Maximum CFL Number    :  0.72E+00 on Mesh 6 at (59,33,26)
       Maximum VN Number     :  0.40E+00 on Mesh 4 at (64,29,1)
       ---------------------------------------------------------------
       Mesh    1
       Max CFL number:  0.17E+00 at (15,26,31)
       Max divergence:  0.44E+00 at (15,27,2)
       Min divergence: -0.22E+00 at (15,26,4)
       Max VN number :  0.53E-01 at (15,26,38)
       Mesh    2
       Max CFL number:  0.43E+00 at (60,33,24)
       Max divergence:  0.11E+01 at (64,36,24)
       Min divergence: -0.29E+00 at (66,27,7)
       Max VN number :  0.39E+00 at (49,32,5)
       Mesh    3
       Max CFL number:  0.65E+00 at (60,33,24)
       Max divergence:  0.62E+00 at (56,32,1)
       Min divergence: -0.12E+01 at (57,36,1)
       Max VN number :  0.39E+00 at (64,36,1)
       Mesh    4
       Max CFL number:  0.69E+00 at (60,33,26)
       Max divergence:  0.39E+00 at (61,28,1)
       Min divergence: -0.77E+00 at (64,29,1)
       Max VN number :  0.40E+00 at (64,29,1)
       Mesh    5
       Max CFL number:  0.71E+00 at (59,33,28)
       Max divergence:  0.24E+00 at (61,28,1)
       Min divergence: -0.47E+00 at (64,29,1)
       Max VN number :  0.39E+00 at (64,29,1)
       Mesh    6
       Max CFL number:  0.72E+00 at (59,33,26)
       Max divergence:  0.18E+00 at (56,37,1)
       Min divergence: -0.31E+00 at (64,29,1)
       Max VN number :  0.38E+00 at (64,29,1)
       Mesh    7
       Max CFL number:  0.69E+00 at (58,35,1)
       Max divergence:  0.14E+00 at (56,37,1)
       Min divergence: -0.23E+00 at (64,29,1)
       Max VN number :  0.37E+00 at (64,29,1)
 
       Time Step     2600   September  2, 2026  21:02:54
       Step Size:  0.337E-02 s, Total Time:    8.77120 s
       Pressure Iterations: 1
       Maximum Velocity Error:  0.94E-05 on Mesh 7 at (66,37,21)
       Maximum Pressure Error:  0.31E+00 on Mesh 3 at (57,36,1)
       Maximum CFL Number    :  0.75E+00 on Mesh 6 at (59,33,26)
       Maximum VN Number     :  0.40E+00 on Mesh 4 at (64,29,1)
       ---------------------------------------------------------------
       Mesh    1
       Max CFL number:  0.18E+00 at (15,26,31)
       Max divergence:  0.49E+00 at (15,27,2)
       Min divergence: -0.28E+00 at (15,26,5)
       Max VN number :  0.55E-01 at (15,26,38)
       Mesh    2
       Max CFL number:  0.45E+00 at (60,33,24)
       Max divergence:  0.11E+01 at (57,36,24)
       Min divergence: -0.33E+00 at (66,27,7)
       Max VN number :  0.40E+00 at (49,33,5)
       Mesh    3
       Max CFL number:  0.67E+00 at (60,33,24)
       Max divergence:  0.66E+00 at (59,37,1)
       Min divergence: -0.12E+01 at (57,36,1)
       Max VN number :  0.40E+00 at (64,36,1)
       Mesh    4
       Max CFL number:  0.72E+00 at (60,32,28)
       Max divergence:  0.41E+00 at (61,28,1)
       Min divergence: -0.80E+00 at (64,29,1)
       Max VN number :  0.40E+00 at (64,29,1)
       Mesh    5
       Max CFL number:  0.74E+00 at (59,33,28)
       Max divergence:  0.27E+00 at (61,28,1)
       Min divergence: -0.52E+00 at (64,29,1)
       Max VN number :  0.39E+00 at (64,29,1)
       Mesh    6
       Max CFL number:  0.75E+00 at (59,33,26)
       Max divergence:  0.20E+00 at (56,37,1)
       Min divergence: -0.35E+00 at (64,29,1)
       Max VN number :  0.38E+00 at (64,29,1)
       Mesh    7
       Max CFL number:  0.71E+00 at (58,35,1)
       Max divergence:  0.16E+00 at (56,37,1)
       Min divergence: -0.25E+00 at (64,29,1)
       Max VN number :  0.37E+00 at (64,29,1)
 
       Time Step     2700   September  2, 2026  21:06:12
       Step Size:  0.337E-02 s, Total Time:    9.10855 s
       Pressure Iterations: 1
       Maximum Velocity Error:  0.73E-05 on Mesh 7 at (57,31,21)
       Maximum Pressure Error:  0.60E+00 on Mesh 3 at (60,33,24)
       Maximum CFL Number    :  0.77E+00 on Mesh 6 at (59,33,26)
       Maximum VN Number     :  0.41E+00 on Mesh 4 at (64,29,1)
       ---------------------------------------------------------------
       Mesh    1
       Max CFL number:  0.18E+00 at (15,26,34)
       Max divergence:  0.53E+00 at (15,27,2)
       Min divergence: -0.30E+00 at (15,26,5)
       Max VN number :  0.57E-01 at (15,26,38)
       Mesh    2
       Max CFL number:  0.47E+00 at (60,33,24)
       Max divergence:  0.12E+01 at (57,36,24)
       Min divergence: -0.38E+00 at (66,27,7)
       Max VN number :  0.40E+00 at (49,34,5)
       Mesh    3
       Max CFL number:  0.69E+00 at (60,33,24)
       Max divergence:  0.74E+00 at (59,37,1)
       Min divergence: -0.14E+01 at (57,36,1)
       Max VN number :  0.40E+00 at (57,29,1)
       Mesh    4
       Max CFL number:  0.73E+00 at (60,32,28)
       Max divergence:  0.46E+00 at (61,28,1)
       Min divergence: -0.86E+00 at (64,29,1)
       Max VN number :  0.41E+00 at (64,29,1)
       Mesh    5
       Max CFL number:  0.75E+00 at (59,33,28)
       Max divergence:  0.27E+00 at (61,28,1)
       Min divergence: -0.53E+00 at (64,29,1)
       Max VN number :  0.40E+00 at (64,29,1)
       Mesh    6
       Max CFL number:  0.77E+00 at (59,33,26)
       Max divergence:  0.20E+00 at (56,37,1)
       Min divergence: -0.36E+00 at (64,29,1)
       Max VN number :  0.39E+00 at (64,29,1)
       Mesh    7
       Max CFL number:  0.74E+00 at (59,34,4)
       Max divergence:  0.17E+00 at (56,37,1)
       Min divergence: -0.27E+00 at (64,29,1)
       Max VN number :  0.38E+00 at (64,29,1)
 
       Time Step     2800   September  2, 2026  21:09:28
       Step Size:  0.337E-02 s, Total Time:    9.44591 s
       Pressure Iterations: 1
       Maximum Velocity Error:  0.16E-04 on Mesh 7 at (66,28,21)
       Maximum Pressure Error:  0.67E+00 on Mesh 3 at (61,32,24)
       Maximum CFL Number    :  0.79E+00 on Mesh 6 at (59,33,26)
       Maximum VN Number     :  0.41E+00 on Mesh 4 at (64,29,1)
       ---------------------------------------------------------------
       Mesh    1
       Max CFL number:  0.19E+00 at (15,26,31)
       Max divergence:  0.58E+00 at (15,24,2)
       Min divergence: -0.32E+00 at (15,26,5)
       Max VN number :  0.57E-01 at (15,26,38)
       Mesh    2
       Max CFL number:  0.48E+00 at (60,33,24)
       Max divergence:  0.13E+01 at (57,36,24)
       Min divergence: -0.42E+00 at (66,27,7)
       Max VN number :  0.41E+00 at (49,34,5)
       Mesh    3
       Max CFL number:  0.72E+00 at (60,33,24)
       Max divergence:  0.79E+00 at (59,37,1)
       Min divergence: -0.16E+01 at (57,29,1)
       Max VN number :  0.41E+00 at (64,36,1)
       Mesh    4
       Max CFL number:  0.76E+00 at (59,33,28)
       Max divergence:  0.50E+00 at (61,28,1)
       Min divergence: -0.96E+00 at (64,29,1)
       Max VN number :  0.41E+00 at (64,29,1)
       Mesh    5
       Max CFL number:  0.79E+00 at (59,33,28)
       Max divergence:  0.31E+00 at (61,28,1)
       Min divergence: -0.59E+00 at (64,29,1)
       Max VN number :  0.40E+00 at (64,36,1)
       Mesh    6
       Max CFL number:  0.79E+00 at (59,33,26)
       Max divergence:  0.23E+00 at (56,37,1)
       Min divergence: -0.39E+00 at (64,29,1)
       Max VN number :  0.39E+00 at (64,29,1)
       Mesh    7
       Max CFL number:  0.75E+00 at (58,35,1)
       Max divergence:  0.18E+00 at (65,28,1)
       Min divergence: -0.29E+00 at (64,29,1)
       Max VN number :  0.38E+00 at (64,29,1)
 
       Time Step     2900   September  2, 2026  21:12:45
       Step Size:  0.337E-02 s, Total Time:    9.78326 s
       Pressure Iterations: 1
       Maximum Velocity Error:  0.13E-04 on Mesh 7 at (57,37,21)
       Maximum Pressure Error:  0.78E+00 on Mesh 3 at (60,33,24)
       Maximum CFL Number    :  0.82E+00 on Mesh 6 at (59,33,26)
       Maximum VN Number     :  0.42E+00 on Mesh 4 at (64,29,1)
       ---------------------------------------------------------------
       Mesh    1
       Max CFL number:  0.20E+00 at (15,26,31)
       Max divergence:  0.63E+00 at (15,27,2)
       Min divergence: -0.34E+00 at (15,26,5)
       Max VN number :  0.59E-01 at (15,26,38)
       Mesh    2
       Max CFL number:  0.50E+00 at (60,32,23)
       Max divergence:  0.14E+01 at (57,36,24)
       Min divergence: -0.47E+00 at (66,27,7)
       Max VN number :  0.42E+00 at (49,35,5)
       Mesh    3
       Max CFL number:  0.75E+00 at (60,33,24)
       Max divergence:  0.87E+00 at (59,28,1)
       Min divergence: -0.17E+01 at (57,29,1)
       Max VN number :  0.41E+00 at (57,29,1)
       Mesh    4
       Max CFL number:  0.80E+00 at (59,33,28)
       Max divergence:  0.55E+00 at (61,28,1)
       Min divergence: -0.11E+01 at (64,29,1)
       Max VN number :  0.42E+00 at (64,29,1)
       Mesh    5
       Max CFL number:  0.82E+00 at (59,33,28)
       Max divergence:  0.35E+00 at (61,28,1)
       Min divergence: -0.66E+00 at (64,29,1)
       Max VN number :  0.41E+00 at (64,29,1)
       Mesh    6
       Max CFL number:  0.82E+00 at (59,33,26)
       Max divergence:  0.26E+00 at (56,37,1)
       Min divergence: -0.45E+00 at (64,29,1)
       Max VN number :  0.40E+00 at (64,29,1)
       Mesh    7
       Max CFL number:  0.79E+00 at (59,34,4)
       Max divergence:  0.20E+00 at (56,37,1)
       Min divergence: -0.32E+00 at (64,29,1)
       Max VN number :  0.38E+00 at (64,29,1)
 
       Time Step     3000   September  2, 2026  21:16:03
       Step Size:  0.337E-02 s, Total Time:   10.12062 s
       Pressure Iterations: 1
       Maximum Velocity Error:  0.13E-04 on Mesh 7 at (66,34,21)
       Maximum Pressure Error:  0.43E+01 on Mesh 7 at (45,48,20)
       Maximum CFL Number    :  0.86E+00 on Mesh 6 at (59,33,28)
       Maximum VN Number     :  0.43E+00 on Mesh 4 at (64,29,1)
       ---------------------------------------------------------------
       Mesh    1
       Max CFL number:  0.21E+00 at (15,26,34)
       Max divergence:  0.68E+00 at (15,27,2)
       Min divergence: -0.36E+00 at (15,26,5)
       Max VN number :  0.61E-01 at (15,26,38)
       Mesh    2
       Max CFL number:  0.52E+00 at (60,33,23)
       Max divergence:  0.15E+01 at (57,36,24)
       Min divergence: -0.52E+00 at (66,27,7)
       Max VN number :  0.42E+00 at (49,35,5)
       Mesh    3
       Max CFL number:  0.77E+00 at (60,33,24)
       Max divergence:  0.94E+00 at (59,37,1)
       Min divergence: -0.18E+01 at (57,36,1)
       Max VN number :  0.42E+00 at (57,29,1)
       Mesh    4
       Max CFL number:  0.83E+00 at (59,33,28)
       Max divergence:  0.61E+00 at (61,28,1)
       Min divergence: -0.11E+01 at (64,29,1)
       Max VN number :  0.43E+00 at (64,29,1)
       Mesh    5
       Max CFL number:  0.85E+00 at (59,33,28)
       Max divergence:  0.39E+00 at (61,28,1)
       Min divergence: -0.73E+00 at (64,29,1)
       Max VN number :  0.42E+00 at (64,29,1)
       Mesh    6
       Max CFL number:  0.86E+00 at (59,33,28)
       Max divergence:  0.28E+00 at (56,37,1)
       Min divergence: -0.49E+00 at (64,29,1)
       Max VN number :  0.41E+00 at (64,36,1)
       Mesh    7
       Max CFL number:  0.82E+00 at (59,34,4)
       Max divergence:  0.45E+01 at (45,48,20)
       Min divergence: -0.47E+01 at (45,49,20)
       Max VN number :  0.39E+00 at (64,29,1)
 
       Time Step     3100   September  2, 2026  21:19:19
       Step Size:  0.302E-02 s, Total Time:   10.45761 s
       Pressure Iterations: 1
       Maximum Velocity Error:  0.61E-03 on Mesh 7 at (43,50,21)
       Maximum Pressure Error:  0.28E+04 on Mesh 7 at (43,50,20)
       Maximum CFL Number    :  0.80E+00 on Mesh 6 at (59,33,28)
       Maximum VN Number     :  0.47E+00 on Mesh 7 at (44,49,20)
       ---------------------------------------------------------------
       Mesh    1
       Max CFL number:  0.19E+00 at (15,26,34)
       Max divergence:  0.74E+00 at (15,27,2)
       Min divergence: -0.38E+00 at (15,26,5)
       Max VN number :  0.57E-01 at (15,26,38)
       Mesh    2
       Max CFL number:  0.48E+00 at (60,33,23)
       Max divergence:  0.17E+01 at (57,36,24)
       Min divergence: -0.58E+00 at (66,27,7)
       Max VN number :  0.38E+00 at (49,35,5)
       Mesh    3
       Max CFL number:  0.71E+00 at (60,33,24)
       Max divergence:  0.10E+01 at (59,37,1)
       Min divergence: -0.19E+01 at (57,36,1)
       Max VN number :  0.38E+00 at (57,29,1)
       Mesh    4
       Max CFL number:  0.77E+00 at (59,33,28)
       Max divergence:  0.66E+00 at (61,37,1)
       Min divergence: -0.12E+01 at (64,29,1)
       Max VN number :  0.39E+00 at (64,29,1)
       Mesh    5
       Max CFL number:  0.79E+00 at (59,32,28)
       Max divergence:  0.62E+00 at (60,31,28)
       Min divergence: -0.11E+01 at (61,31,28)
       Max VN number :  0.38E+00 at (64,29,1)
       Mesh    6
       Max CFL number:  0.80E+00 at (59,33,28)
       Max divergence:  0.84E+00 at (60,34,28)
       Min divergence: -0.98E+00 at (59,34,28)
       Max VN number :  0.37E+00 at (64,29,1)
       Mesh    7
       Max CFL number:  0.79E+00 at (43,50,20)
       Max divergence:  0.81E+02 at (43,50,20)
       Min divergence: -0.89E+02 at (44,50,20)
       Max VN number :  0.47E+00 at (44,49,20)
 
       Time Step     3200   September  2, 2026  21:22:35
       Step Size:  0.302E-02 s, Total Time:   10.75935 s
       Pressure Iterations: 1
       Maximum Velocity Error:  0.92E-05 on Mesh 1 at (16,25,38)
       Maximum Pressure Error:  0.80E+00 on Mesh 3 at (60,33,24)
       Maximum CFL Number    :  0.82E+00 on Mesh 6 at (59,33,26)
       Maximum VN Number     :  0.39E+00 on Mesh 4 at (64,29,1)
       ---------------------------------------------------------------
       Mesh    1
       Max CFL number:  0.20E+00 at (15,26,34)
       Max divergence:  0.79E+00 at (15,27,2)
       Min divergence: -0.40E+00 at (15,26,5)
       Max VN number :  0.58E-01 at (15,26,38)
       Mesh    2
       Max CFL number:  0.50E+00 at (60,33,23)
       Max divergence:  0.18E+01 at (57,36,24)
       Min divergence: -0.62E+00 at (66,27,7)
       Max VN number :  0.39E+00 at (49,35,5)
       Mesh    3
       Max CFL number:  0.73E+00 at (60,33,24)
       Max divergence:  0.11E+01 at (59,37,1)
       Min divergence: -0.21E+01 at (57,36,1)
       Max VN number :  0.39E+00 at (57,36,1)
       Mesh    4
       Max CFL number:  0.79E+00 at (59,33,28)
       Max divergence:  0.71E+00 at (61,28,1)
       Min divergence: -0.13E+01 at (64,36,1)
       Max VN number :  0.39E+00 at (64,29,1)
       Mesh    5
       Max CFL number:  0.82E+00 at (59,32,28)
       Max divergence:  0.46E+00 at (61,28,1)
       Min divergence: -0.86E+00 at (64,29,1)
       Max VN number :  0.38E+00 at (64,29,1)
       Mesh    6
       Max CFL number:  0.82E+00 at (59,33,26)
       Max divergence:  0.33E+00 at (56,28,1)
       Min divergence: -0.59E+00 at (64,29,1)
       Max VN number :  0.37E+00 at (64,29,1)
       Mesh    7
       Max CFL number:  0.79E+00 at (59,34,4)
       Max divergence:  0.26E+00 at (56,37,1)
       Min divergence: -0.44E+00 at (64,29,1)
       Max VN number :  0.36E+00 at (64,29,1)
 
       Time Step     3300   September  2, 2026  21:25:52
       Step Size:  0.302E-02 s, Total Time:   11.06108 s
       Pressure Iterations: 1
       Maximum Velocity Error:  0.11E-04 on Mesh 7 at (57,28,21)
       Maximum Pressure Error:  0.45E+01 on Mesh 1 at (15,26,6)
       Maximum CFL Number    :  0.85E+00 on Mesh 6 at (59,33,28)
       Maximum VN Number     :  0.40E+00 on Mesh 4 at (64,29,1)
       ---------------------------------------------------------------
       Mesh    1
       Max CFL number:  0.20E+00 at (15,26,34)
       Max divergence:  0.84E+00 at (15,27,2)
       Min divergence: -0.44E+00 at (15,26,6)
       Max VN number :  0.60E-01 at (15,26,38)
       Mesh    2
       Max CFL number:  0.51E+00 at (60,33,23)
       Max divergence:  0.19E+01 at (57,36,24)
       Min divergence: -0.71E+00 at (66,27,8)
       Max VN number :  0.39E+00 at (49,35,5)
       Mesh    3
       Max CFL number:  0.75E+00 at (60,33,24)
       Max divergence:  0.12E+01 at (59,37,1)
       Min divergence: -0.22E+01 at (57,36,1)
       Max VN number :  0.39E+00 at (57,36,1)
       Mesh    4
       Max CFL number:  0.81E+00 at (59,33,28)
       Max divergence:  0.76E+00 at (61,28,1)
       Min divergence: -0.14E+01 at (64,36,1)
       Max VN number :  0.40E+00 at (64,29,1)
       Mesh    5
       Max CFL number:  0.84E+00 at (59,33,28)
       Max divergence:  0.50E+00 at (61,28,1)
       Min divergence: -0.92E+00 at (64,29,1)
       Max VN number :  0.39E+00 at (64,29,1)
       Mesh    6
       Max CFL number:  0.85E+00 at (59,33,28)
       Max divergence:  0.36E+00 at (56,37,1)
       Min divergence: -0.64E+00 at (64,29,1)
       Max VN number :  0.38E+00 at (64,29,1)
       Mesh    7
       Max CFL number:  0.81E+00 at (59,34,4)
       Max divergence:  0.54E+00 at (45,48,20)
       Min divergence: -0.84E+00 at (46,48,20)
       Max VN number :  0.37E+00 at (64,29,1)
 
       Time Step     3400   September  2, 2026  21:29:08
       Step Size:  0.302E-02 s, Total Time:   11.36282 s
       Pressure Iterations: 1
       Maximum Velocity Error:  0.15E-04 on Mesh 7 at (112,64,21)
       Maximum Pressure Error:  0.29E+01 on Mesh 2 at (59,30,5)
       Maximum CFL Number    :  0.87E+00 on Mesh 6 at (59,33,28)
       Maximum VN Number     :  0.40E+00 on Mesh 4 at (64,29,1)
       ---------------------------------------------------------------
       Mesh    1
       Max CFL number:  0.21E+00 at (15,26,34)
       Max divergence:  0.89E+00 at (15,27,2)
       Min divergence: -0.45E+00 at (15,26,5)
       Max VN number :  0.61E-01 at (15,26,38)
       Mesh    2
       Max CFL number:  0.53E+00 at (61,33,23)
       Max divergence:  0.20E+01 at (57,36,24)
       Min divergence: -0.77E+00 at (66,27,8)
       Max VN number :  0.40E+00 at (49,35,5)
       Mesh    3
       Max CFL number:  0.77E+00 at (60,33,24)
       Max divergence:  0.12E+01 at (59,37,1)
       Min divergence: -0.23E+01 at (57,36,1)
       Max VN number :  0.40E+00 at (57,36,1)
       Mesh    4
       Max CFL number:  0.83E+00 at (59,33,28)
       Max divergence:  0.81E+00 at (61,28,1)
       Min divergence: -0.15E+01 at (64,29,1)
       Max VN number :  0.40E+00 at (64,29,1)
       Mesh    5
       Max CFL number:  0.87E+00 at (59,32,28)
       Max divergence:  0.53E+00 at (61,28,1)
       Min divergence: -0.96E+00 at (64,29,1)
       Max VN number :  0.39E+00 at (64,29,1)
       Mesh    6
       Max CFL number:  0.87E+00 at (59,33,28)
       Max divergence:  0.38E+00 at (56,28,1)
       Min divergence: -0.68E+00 at (64,29,1)
       Max VN number :  0.38E+00 at (64,29,1)
       Mesh    7
       Max CFL number:  0.84E+00 at (59,34,5)
       Max divergence:  0.30E+01 at (45,50,20)
       Min divergence: -0.34E+01 at (45,49,20)
       Max VN number :  0.37E+00 at (64,29,1)
 
       Time Step     3500   September  2, 2026  21:32:24
       Step Size:  0.302E-02 s, Total Time:   11.66455 s
       Pressure Iterations: 1
       Maximum Velocity Error:  0.97E-05 on Mesh 7 at (57,28,21)
       Maximum Pressure Error:  0.11E+02 on Mesh 7 at (44,49,20)
       Maximum CFL Number    :  0.90E+00 on Mesh 6 at (59,33,28)
       Maximum VN Number     :  0.41E+00 on Mesh 4 at (64,29,1)
       ---------------------------------------------------------------
       Mesh    1
       Max CFL number:  0.21E+00 at (15,26,31)
       Max divergence:  0.94E+00 at (15,27,2)
       Min divergence: -0.47E+00 at (15,26,5)
       Max VN number :  0.62E-01 at (15,26,38)
       Mesh    2
       Max CFL number:  0.53E+00 at (61,33,23)
       Max divergence:  0.21E+01 at (57,36,24)
       Min divergence: -0.84E+00 at (66,27,8)
       Max VN number :  0.40E+00 at (49,35,5)
       Mesh    3
       Max CFL number:  0.79E+00 at (60,33,24)
       Max divergence:  0.13E+01 at (59,37,1)
       Min divergence: -0.24E+01 at (57,36,1)
       Max VN number :  0.40E+00 at (57,36,1)
       Mesh    4
       Max CFL number:  0.85E+00 at (59,33,28)
       Max divergence:  0.86E+00 at (61,28,1)
       Min divergence: -0.16E+01 at (64,29,1)
       Max VN number :  0.41E+00 at (64,29,1)
       Mesh    5
       Max CFL number:  0.89E+00 at (59,32,28)
       Max divergence:  0.57E+00 at (61,28,1)
       Min divergence: -0.10E+01 at (64,29,1)
       Max VN number :  0.40E+00 at (64,29,1)
       Mesh    6
       Max CFL number:  0.90E+00 at (59,33,28)
       Max divergence:  0.40E+00 at (56,37,1)
       Min divergence: -0.72E+00 at (64,29,1)
       Max VN number :  0.39E+00 at (64,29,1)
       Mesh    7
       Max CFL number:  0.86E+00 at (59,34,4)
       Max divergence:  0.18E+02 at (44,51,20)
       Min divergence: -0.19E+02 at (44,50,20)
       Max VN number :  0.38E+00 at (64,29,1)
 
       Time Step     3600   September  2, 2026  21:35:41
       Step Size:  0.272E-02 s, Total Time:   11.95544 s
       Pressure Iterations: 1
       Maximum Velocity Error:  0.39E-04 on Mesh 7 at (37,64,21)
       Maximum Pressure Error:  0.97E+00 on Mesh 3 at (60,33,24)
       Maximum CFL Number    :  0.83E+00 on Mesh 6 at (59,32,28)
       Maximum VN Number     :  0.37E+00 on Mesh 4 at (64,29,1)
       ---------------------------------------------------------------
       Mesh    1
       Max CFL number:  0.20E+00 at (15,26,34)
       Max divergence:  0.10E+01 at (15,27,2)
       Min divergence: -0.49E+00 at (15,26,5)
       Max VN number :  0.57E-01 at (15,26,38)
       Mesh    2
       Max CFL number:  0.49E+00 at (61,33,23)
       Max divergence:  0.22E+01 at (57,36,24)
       Min divergence: -0.90E+00 at (66,27,8)
       Max VN number :  0.37E+00 at (49,35,5)
       Mesh    3
       Max CFL number:  0.72E+00 at (60,33,24)
       Max divergence:  0.14E+01 at (59,37,1)
       Min divergence: -0.25E+01 at (57,36,1)
       Max VN number :  0.37E+00 at (57,36,1)
       Mesh    4
       Max CFL number:  0.79E+00 at (59,32,28)
       Max divergence:  0.90E+00 at (61,37,1)
       Min divergence: -0.17E+01 at (64,29,1)
       Max VN number :  0.37E+00 at (64,29,1)
       Mesh    5
       Max CFL number:  0.82E+00 at (59,33,28)
       Max divergence:  0.61E+00 at (61,28,1)
       Min divergence: -0.11E+01 at (64,29,1)
       Max VN number :  0.36E+00 at (64,29,1)
       Mesh    6
       Max CFL number:  0.83E+00 at (59,32,28)
       Max divergence:  0.42E+00 at (56,28,1)
       Min divergence: -0.76E+00 at (64,29,1)
       Max VN number :  0.36E+00 at (64,29,1)
       Mesh    7
       Max CFL number:  0.79E+00 at (59,34,5)
       Max divergence:  0.34E+00 at (56,28,1)
       Min divergence: -0.57E+00 at (64,29,1)
       Max VN number :  0.34E+00 at (64,29,1)
 
       Time Step     3700   September  2, 2026  21:38:56
       Step Size:  0.272E-02 s, Total Time:   12.22773 s
       Pressure Iterations: 1
       Maximum Velocity Error:  0.90E-05 on Mesh 7 at (60,38,21)
       Maximum Pressure Error:  0.10E+01 on Mesh 3 at (60,33,24)
       Maximum CFL Number    :  0.85E+00 on Mesh 6 at (59,32,28)
       Maximum VN Number     :  0.38E+00 on Mesh 4 at (64,29,1)
       ---------------------------------------------------------------
       Mesh    1
       Max CFL number:  0.20E+00 at (15,26,34)
       Max divergence:  0.10E+01 at (15,27,2)
       Min divergence: -0.51E+00 at (15,26,5)
       Max VN number :  0.58E-01 at (15,26,38)
       Mesh    2
       Max CFL number:  0.51E+00 at (61,33,23)
       Max divergence:  0.24E+01 at (57,36,24)
       Min divergence: -0.96E+00 at (66,27,8)
       Max VN number :  0.37E+00 at (49,36,5)
       Mesh    3
       Max CFL number:  0.74E+00 at (59,32,24)
       Max divergence:  0.14E+01 at (60,37,1)
       Min divergence: -0.26E+01 at (57,36,1)
       Max VN number :  0.37E+00 at (57,36,1)
       Mesh    4
       Max CFL number:  0.81E+00 at (59,32,28)
       Max divergence:  0.95E+00 at (61,37,1)
       Min divergence: -0.17E+01 at (64,29,1)
       Max VN number :  0.38E+00 at (64,29,1)
       Mesh    5
       Max CFL number:  0.84E+00 at (59,32,28)
       Max divergence:  0.65E+00 at (61,28,1)
       Min divergence: -0.12E+01 at (64,29,1)
       Max VN number :  0.37E+00 at (64,29,1)
       Mesh    6
       Max CFL number:  0.85E+00 at (59,32,28)
       Max divergence:  0.45E+00 at (61,28,1)
       Min divergence: -0.80E+00 at (64,29,1)
       Max VN number :  0.36E+00 at (64,29,1)
       Mesh    7
       Max CFL number:  0.81E+00 at (59,34,5)
       Max divergence:  0.35E+00 at (56,28,1)
       Min divergence: -0.60E+00 at (64,29,1)
       Max VN number :  0.35E+00 at (64,29,1)
 
       Time Step     3800   September  2, 2026  21:42:12
       Step Size:  0.272E-02 s, Total Time:   12.50002 s
       Pressure Iterations: 1
       Maximum Velocity Error:  0.11E-04 on Mesh 7 at (49,24,21)
       Maximum Pressure Error:  0.10E+01 on Mesh 3 at (60,33,24)
       Maximum CFL Number    :  0.87E+00 on Mesh 6 at (59,32,28)
       Maximum VN Number     :  0.38E+00 on Mesh 4 at (64,36,1)
       ---------------------------------------------------------------
       Mesh    1
       Max CFL number:  0.21E+00 at (15,26,34)
       Max divergence:  0.11E+01 at (15,27,2)
       Min divergence: -0.53E+00 at (15,25,5)
       Max VN number :  0.59E-01 at (15,26,38)
       Mesh    2
       Max CFL number:  0.52E+00 at (61,33,23)
       Max divergence:  0.25E+01 at (57,36,24)
       Min divergence: -0.10E+01 at (66,38,8)
       Max VN number :  0.37E+00 at (49,35,5)
       Mesh    3
       Max CFL number:  0.76E+00 at (59,32,24)
       Max divergence:  0.14E+01 at (65,33,1)
       Min divergence: -0.27E+01 at (57,36,1)
       Max VN number :  0.38E+00 at (57,36,1)
       Mesh    4
       Max CFL number:  0.82E+00 at (59,32,28)
       Max divergence:  0.10E+01 at (61,37,1)
       Min divergence: -0.18E+01 at (64,29,1)
       Max VN number :  0.38E+00 at (64,36,1)
       Mesh    5
       Max CFL number:  0.86E+00 at (59,32,28)
       Max divergence:  0.69E+00 at (61,37,1)
       Min divergence: -0.12E+01 at (64,36,1)
       Max VN number :  0.37E+00 at (64,29,1)
       Mesh    6
       Max CFL number:  0.87E+00 at (59,32,28)
       Max divergence:  0.48E+00 at (61,28,1)
       Min divergence: -0.85E+00 at (64,29,1)
       Max VN number :  0.36E+00 at (64,29,1)
       Mesh    7
       Max CFL number:  0.83E+00 at (59,34,5)
       Max divergence:  0.42E+00 at (46,49,20)
       Min divergence: -0.81E+00 at (46,48,20)
       Max VN number :  0.35E+00 at (64,29,1)
 
       Time Step     3900   September  2, 2026  21:45:28
       Step Size:  0.272E-02 s, Total Time:   12.77231 s
       Pressure Iterations: 1
       Maximum Velocity Error:  0.97E-05 on Mesh 7 at (77,0,21)
       Maximum Pressure Error:  0.15E+01 on Mesh 2 at (58,35,24)
       Maximum CFL Number    :  0.89E+00 on Mesh 6 at (59,32,28)
       Maximum VN Number     :  0.38E+00 on Mesh 4 at (64,36,1)
       ---------------------------------------------------------------
       Mesh    1
       Max CFL number:  0.21E+00 at (15,25,33)
       Max divergence:  0.11E+01 at (15,27,2)
       Min divergence: -0.55E+00 at (15,25,6)
       Max VN number :  0.60E-01 at (15,26,38)
       Mesh    2
       Max CFL number:  0.53E+00 at (61,33,23)
       Max divergence:  0.25E+01 at (57,36,24)
       Min divergence: -0.11E+01 at (66,38,8)
       Max VN number :  0.38E+00 at (49,35,5)
       Mesh    3
       Max CFL number:  0.77E+00 at (59,32,24)
       Max divergence:  0.15E+01 at (65,33,1)
       Min divergence: -0.29E+01 at (57,36,1)
       Max VN number :  0.38E+00 at (57,36,1)
       Mesh    4
       Max CFL number:  0.84E+00 at (59,32,28)
       Max divergence:  0.11E+01 at (61,37,1)
       Min divergence: -0.19E+01 at (64,29,1)
       Max VN number :  0.38E+00 at (64,36,1)
       Mesh    5
       Max CFL number:  0.87E+00 at (59,32,28)
       Max divergence:  0.73E+00 at (61,28,1)
       Min divergence: -0.13E+01 at (64,29,1)
       Max VN number :  0.38E+00 at (64,29,1)
       Mesh    6
       Max CFL number:  0.89E+00 at (59,32,28)
       Max divergence:  0.51E+00 at (61,28,1)
       Min divergence: -0.90E+00 at (64,29,1)
       Max VN number :  0.37E+00 at (64,29,1)
       Mesh    7
       Max CFL number:  0.85E+00 at (59,31,5)
       Max divergence:  0.17E+01 at (46,49,20)
       Min divergence: -0.21E+01 at (45,49,20)
       Max VN number :  0.35E+00 at (64,29,1)
 
       Time Step     4000   September  2, 2026  21:48:43
       Step Size:  0.272E-02 s, Total Time:   13.04460 s
       Pressure Iterations: 1
       Maximum Velocity Error:  0.11E-04 on Mesh 7 at (60,28,21)
       Maximum Pressure Error:  0.12E+02 on Mesh 2 at (64,29,24)
       Maximum CFL Number    :  0.91E+00 on Mesh 6 at (59,32,28)
       Maximum VN Number     :  0.39E+00 on Mesh 4 at (64,36,1)
       ---------------------------------------------------------------
       Mesh    1
       Max CFL number:  0.22E+00 at (15,25,33)
       Max divergence:  0.12E+01 at (15,27,2)
       Min divergence: -0.58E+00 at (15,25,6)
       Max VN number :  0.61E-01 at (15,25,38)
       Mesh    2
       Max CFL number:  0.54E+00 at (61,33,23)
       Max divergence:  0.26E+01 at (57,36,24)
       Min divergence: -0.11E+01 at (66,38,8)
       Max VN number :  0.38E+00 at (49,35,5)
       Mesh    3
       Max CFL number:  0.79E+00 at (59,32,24)
       Max divergence:  0.16E+01 at (59,37,1)
       Min divergence: -0.30E+01 at (57,29,1)
       Max VN number :  0.38E+00 at (57,36,1)
       Mesh    4
       Max CFL number:  0.86E+00 at (59,32,28)
       Max divergence:  0.11E+01 at (61,37,1)
       Min divergence: -0.20E+01 at (64,29,1)
       Max VN number :  0.39E+00 at (64,36,1)
       Mesh    5
       Max CFL number:  0.89E+00 at (59,32,28)
       Max divergence:  0.77E+00 at (61,37,1)
       Min divergence: -0.14E+01 at (64,36,1)
       Max VN number :  0.38E+00 at (64,36,1)
       Mesh    6
       Max CFL number:  0.91E+00 at (59,32,28)
       Max divergence:  0.53E+00 at (61,28,1)
       Min divergence: -0.93E+00 at (64,29,1)
       Max VN number :  0.37E+00 at (64,29,1)
       Mesh    7
       Max CFL number:  0.87E+00 at (59,31,5)
       Max divergence:  0.52E+01 at (45,50,20)
       Min divergence: -0.54E+01 at (44,50,20)
       Max VN number :  0.36E+00 at (64,29,1)
 
       Time Step     4100   September  2, 2026  21:51:58
       Step Size:  0.272E-02 s, Total Time:   13.31689 s
       Pressure Iterations: 1
       Maximum Velocity Error:  0.17E-04 on Mesh 7 at (72,0,21)
       Maximum Pressure Error:  0.91E+01 on Mesh 7 at (44,51,20)
       Maximum CFL Number    :  0.93E+00 on Mesh 6 at (59,33,28)
       Maximum VN Number     :  0.39E+00 on Mesh 4 at (64,36,1)
       ---------------------------------------------------------------
       Mesh    1
       Max CFL number:  0.22E+00 at (15,25,33)
       Max divergence:  0.13E+01 at (15,27,2)
       Min divergence: -0.61E+00 at (15,25,6)
       Max VN number :  0.62E-01 at (15,25,38)
       Mesh    2
       Max CFL number:  0.55E+00 at (61,33,23)
       Max divergence:  0.28E+01 at (57,36,24)
       Min divergence: -0.12E+01 at (66,38,8)
       Max VN number :  0.39E+00 at (64,21,5)
       Mesh    3
       Max CFL number:  0.80E+00 at (59,32,24)
       Max divergence:  0.16E+01 at (59,37,1)
       Min divergence: -0.31E+01 at (57,36,1)
       Max VN number :  0.39E+00 at (57,36,1)
       Mesh    4
       Max CFL number:  0.87E+00 at (59,32,28)
       Max divergence:  0.12E+01 at (61,37,1)
       Min divergence: -0.21E+01 at (64,29,1)
       Max VN number :  0.39E+00 at (64,36,1)
       Mesh    5
       Max CFL number:  0.91E+00 at (59,32,28)
       Max divergence:  0.81E+00 at (61,37,1)
       Min divergence: -0.14E+01 at (64,36,1)
       Max VN number :  0.39E+00 at (64,36,1)
       Mesh    6
       Max CFL number:  0.93E+00 at (59,33,28)
       Max divergence:  0.56E+00 at (61,28,1)
       Min divergence: -0.12E+01 at (59,34,28)
       Max VN number :  0.37E+00 at (64,36,1)
       Mesh    7
       Max CFL number:  0.88E+00 at (59,31,5)
       Max divergence:  0.15E+02 at (44,51,20)
       Min divergence: -0.15E+02 at (45,51,20)
       Max VN number :  0.36E+00 at (64,36,1)
 
       Time Step     4200   September  2, 2026  21:55:15
       Step Size:  0.237E-02 s, Total Time:   13.58469 s
       Pressure Iterations: 1
       Maximum Velocity Error:  0.75E-04 on Mesh 7 at (44,0,21)
       Maximum Pressure Error:  0.73E+01 on Mesh 7 at (43,12,20)
       Maximum CFL Number    :  0.82E+00 on Mesh 6 at (59,33,28)
       Maximum VN Number     :  0.34E+00 on Mesh 4 at (64,36,1)
       ---------------------------------------------------------------
       Mesh    1
       Max CFL number:  0.20E+00 at (15,25,33)
       Max divergence:  0.13E+01 at (15,27,2)
       Min divergence: -0.63E+00 at (15,25,6)
       Max VN number :  0.55E-01 at (15,25,38)
       Mesh    2
       Max CFL number:  0.49E+00 at (61,33,23)
       Max divergence:  0.29E+01 at (57,36,24)
       Min divergence: -0.13E+01 at (66,38,8)
       Max VN number :  0.34E+00 at (64,21,5)
       Mesh    3
       Max CFL number:  0.71E+00 at (59,32,24)
       Max divergence:  0.17E+01 at (59,37,1)
       Min divergence: -0.32E+01 at (57,36,1)
       Max VN number :  0.34E+00 at (57,36,1)
       Mesh    4
       Max CFL number:  0.77E+00 at (59,32,28)
       Max divergence:  0.12E+01 at (61,37,1)
       Min divergence: -0.22E+01 at (64,29,1)
       Max VN number :  0.34E+00 at (64,36,1)
       Mesh    5
       Max CFL number:  0.80E+00 at (59,32,28)
       Max divergence:  0.85E+00 at (61,37,1)
       Min divergence: -0.15E+01 at (64,36,1)
       Max VN number :  0.34E+00 at (64,36,1)
       Mesh    6
       Max CFL number:  0.82E+00 at (59,33,28)
       Max divergence:  0.58E+00 at (61,37,1)
       Min divergence: -0.10E+01 at (64,36,1)
       Max VN number :  0.33E+00 at (64,36,1)
       Mesh    7
       Max CFL number:  0.78E+00 at (59,31,6)
       Max divergence:  0.25E+01 at (43,13,20)
       Min divergence: -0.28E+01 at (43,12,20)
       Max VN number :  0.32E+00 at (64,36,1)
 
       Time Step     4300   September  2, 2026  21:58:30
       Step Size:  0.237E-02 s, Total Time:   13.82132 s
       Pressure Iterations: 1
       Maximum Velocity Error:  0.15E-04 on Mesh 7 at (88,0,21)
       Maximum Pressure Error:  0.22E+01 on Mesh 2 at (55,33,5)
       Maximum CFL Number    :  0.83E+00 on Mesh 6 at (59,32,28)
       Maximum VN Number     :  0.35E+00 on Mesh 4 at (64,36,1)
       ---------------------------------------------------------------
       Mesh    1
       Max CFL number:  0.20E+00 at (15,25,33)
       Max divergence:  0.14E+01 at (15,27,2)
       Min divergence: -0.65E+00 at (15,25,6)
       Max VN number :  0.56E-01 at (15,25,38)
       Mesh    2
       Max CFL number:  0.49E+00 at (61,33,23)
       Max divergence:  0.30E+01 at (57,36,24)
       Min divergence: -0.13E+01 at (66,38,8)
       Max VN number :  0.34E+00 at (64,21,5)
       Mesh    3
       Max CFL number:  0.72E+00 at (59,32,24)
       Max divergence:  0.18E+01 at (59,37,1)
       Min divergence: -0.33E+01 at (57,29,1)
       Max VN number :  0.34E+00 at (57,36,1)
       Mesh    4
       Max CFL number:  0.78E+00 at (59,32,28)
       Max divergence:  0.12E+01 at (61,37,1)
       Min divergence: -0.23E+01 at (64,29,1)
       Max VN number :  0.35E+00 at (64,36,1)
       Mesh    5
       Max CFL number:  0.81E+00 at (59,32,28)
       Max divergence:  0.87E+00 at (61,37,1)
       Min divergence: -0.15E+01 at (64,36,1)
       Max VN number :  0.34E+00 at (64,36,1)
       Mesh    6
       Max CFL number:  0.83E+00 at (59,32,28)
       Max divergence:  0.61E+00 at (61,37,1)
       Min divergence: -0.11E+01 at (64,36,1)
       Max VN number :  0.33E+00 at (64,36,1)
       Mesh    7
       Max CFL number:  0.79E+00 at (59,31,5)
       Max divergence:  0.48E+00 at (61,37,1)
       Min divergence: -0.81E+00 at (64,36,1)
       Max VN number :  0.32E+00 at (64,36,1)
 
       Time Step     4400   September  2, 2026  22:01:45
       Step Size:  0.237E-02 s, Total Time:   14.05795 s
       Pressure Iterations: 1
       Maximum Velocity Error:  0.20E-04 on Mesh 7 at (80,0,21)
       Maximum Pressure Error:  0.13E+01 on Mesh 3 at (61,32,24)
       Maximum CFL Number    :  0.84E+00 on Mesh 6 at (59,32,28)
       Maximum VN Number     :  0.35E+00 on Mesh 4 at (64,36,1)
       ---------------------------------------------------------------
       Mesh    1
       Max CFL number:  0.20E+00 at (15,25,33)
       Max divergence:  0.14E+01 at (15,27,2)
       Min divergence: -0.67E+00 at (15,25,6)
       Max VN number :  0.56E-01 at (15,25,38)
       Mesh    2
       Max CFL number:  0.50E+00 at (61,32,23)
       Max divergence:  0.31E+01 at (57,36,24)
       Min divergence: -0.14E+01 at (66,38,8)
       Max VN number :  0.34E+00 at (49,36,5)
       Mesh    3
       Max CFL number:  0.73E+00 at (59,32,24)
       Max divergence:  0.19E+01 at (59,37,1)
       Min divergence: -0.34E+01 at (57,29,1)
       Max VN number :  0.35E+00 at (57,36,1)
       Mesh    4
       Max CFL number:  0.79E+00 at (59,32,28)
       Max divergence:  0.13E+01 at (61,37,1)
       Min divergence: -0.23E+01 at (64,29,1)
       Max VN number :  0.35E+00 at (64,36,1)
       Mesh    5
       Max CFL number:  0.82E+00 at (59,32,28)
       Max divergence:  0.90E+00 at (61,37,1)
       Min divergence: -0.15E+01 at (64,36,1)
       Max VN number :  0.34E+00 at (64,36,1)
       Mesh    6
       Max CFL number:  0.84E+00 at (59,32,28)
       Max divergence:  0.63E+00 at (61,37,1)
       Min divergence: -0.11E+01 at (64,36,1)
       Max VN number :  0.34E+00 at (64,36,1)
       Mesh    7
       Max CFL number:  0.80E+00 at (59,31,5)
       Max divergence:  0.51E+00 at (61,28,1)
       Min divergence: -0.84E+00 at (64,29,1)
       Max VN number :  0.32E+00 at (64,36,1)
 
       Time Step     4500   September  2, 2026  22:05:01
       Step Size:  0.237E-02 s, Total Time:   14.29458 s
       Pressure Iterations: 1
       Maximum Velocity Error:  0.27E-04 on Mesh 7 at (64,0,21)
       Maximum Pressure Error:  0.23E+01 on Mesh 3 at (64,36,2)
       Maximum CFL Number    :  0.85E+00 on Mesh 6 at (59,32,25)
       Maximum VN Number     :  0.35E+00 on Mesh 4 at (64,36,1)
       ---------------------------------------------------------------
       Mesh    1
       Max CFL number:  0.20E+00 at (15,25,33)
       Max divergence:  0.15E+01 at (15,27,2)
       Min divergence: -0.70E+00 at (15,25,6)
       Max VN number :  0.57E-01 at (15,25,38)
       Mesh    2
       Max CFL number:  0.51E+00 at (61,32,23)
       Max divergence:  0.32E+01 at (57,36,24)
       Min divergence: -0.14E+01 at (66,38,8)
       Max VN number :  0.35E+00 at (64,21,5)
       Mesh    3
       Max CFL number:  0.74E+00 at (59,32,24)
       Max divergence:  0.20E+01 at (59,28,1)
       Min divergence: -0.36E+01 at (57,36,1)
       Max VN number :  0.35E+00 at (57,36,1)
       Mesh    4
       Max CFL number:  0.81E+00 at (59,32,28)
       Max divergence:  0.13E+01 at (61,37,1)
       Min divergence: -0.24E+01 at (64,29,1)
       Max VN number :  0.35E+00 at (64,36,1)
       Mesh    5
       Max CFL number:  0.84E+00 at (59,32,28)
       Max divergence:  0.97E+00 at (61,37,1)
       Min divergence: -0.16E+01 at (64,36,1)
       Max VN number :  0.35E+00 at (64,36,1)
       Mesh    6
       Max CFL number:  0.85E+00 at (59,32,25)
       Max divergence:  0.65E+00 at (61,28,1)
       Min divergence: -0.11E+01 at (64,36,1)
       Max VN number :  0.34E+00 at (64,36,1)
       Mesh    7
       Max CFL number:  0.82E+00 at (59,31,5)
       Max divergence:  0.54E+00 at (61,28,1)
       Min divergence: -0.88E+00 at (64,36,1)
       Max VN number :  0.33E+00 at (64,36,1)
 
       Time Step     4600   September  2, 2026  22:08:16
       Step Size:  0.237E-02 s, Total Time:   14.53121 s
       Pressure Iterations: 1
       Maximum Velocity Error:  0.26E-04 on Mesh 7 at (48,64,21)
       Maximum Pressure Error:  0.15E+01 on Mesh 3 at (59,32,24)
       Maximum CFL Number    :  0.86E+00 on Mesh 6 at (59,33,28)
       Maximum VN Number     :  0.36E+00 on Mesh 4 at (64,36,1)
       ---------------------------------------------------------------
       Mesh    1
       Max CFL number:  0.21E+00 at (15,25,33)
       Max divergence:  0.15E+01 at (15,27,2)
       Min divergence: -0.72E+00 at (15,25,6)
       Max VN number :  0.58E-01 at (15,25,38)
       Mesh    2
       Max CFL number:  0.51E+00 at (61,32,23)
       Max divergence:  0.34E+01 at (57,36,24)
       Min divergence: -0.15E+01 at (66,38,8)
       Max VN number :  0.35E+00 at (64,21,5)
       Mesh    3
       Max CFL number:  0.75E+00 at (59,32,24)
       Max divergence:  0.20E+01 at (59,37,1)
       Min divergence: -0.37E+01 at (57,36,1)
       Max VN number :  0.35E+00 at (57,36,1)
       Mesh    4
       Max CFL number:  0.82E+00 at (59,32,28)
       Max divergence:  0.14E+01 at (61,37,1)
       Min divergence: -0.25E+01 at (64,29,1)
       Max VN number :  0.36E+00 at (64,36,1)
       Mesh    5
       Max CFL number:  0.85E+00 at (59,32,28)
       Max divergence:  0.10E+01 at (61,37,1)
       Min divergence: -0.17E+01 at (64,36,1)
       Max VN number :  0.35E+00 at (64,36,1)
       Mesh    6
       Max CFL number:  0.86E+00 at (59,33,28)
       Max divergence:  0.69E+00 at (61,28,1)
       Min divergence: -0.12E+01 at (64,36,1)
       Max VN number :  0.34E+00 at (64,36,1)
       Mesh    7
       Max CFL number:  0.83E+00 at (59,31,6)
       Max divergence:  0.56E+00 at (61,37,1)
       Min divergence: -0.92E+00 at (64,36,1)
       Max VN number :  0.33E+00 at (64,36,1)
 
       Time Step     4700   September  2, 2026  22:11:31
       Step Size:  0.237E-02 s, Total Time:   14.76785 s
       Pressure Iterations: 1
       Maximum Velocity Error:  0.74E-04 on Mesh 7 at (67,64,21)
       Maximum Pressure Error:  0.18E+01 on Mesh 7 at (55,31,22)
       Maximum CFL Number    :  0.88E+00 on Mesh 6 at (59,33,28)
       Maximum VN Number     :  0.36E+00 on Mesh 4 at (64,36,1)
       ---------------------------------------------------------------
       Mesh    1
       Max CFL number:  0.21E+00 at (15,25,33)
       Max divergence:  0.16E+01 at (15,27,2)
       Min divergence: -0.75E+00 at (15,25,6)
       Max VN number :  0.59E-01 at (15,25,38)
       Mesh    2
       Max CFL number:  0.52E+00 at (61,32,23)
       Max divergence:  0.35E+01 at (57,36,24)
       Min divergence: -0.15E+01 at (66,38,8)
       Max VN number :  0.35E+00 at (64,21,5)
       Mesh    3
       Max CFL number:  0.77E+00 at (59,32,24)
       Max divergence:  0.21E+01 at (59,37,1)
       Min divergence: -0.38E+01 at (57,36,1)
       Max VN number :  0.36E+00 at (57,36,1)
       Mesh    4
       Max CFL number:  0.83E+00 at (59,32,28)
       Max divergence:  0.14E+01 at (61,37,1)
       Min divergence: -0.25E+01 at (64,36,1)
       Max VN number :  0.36E+00 at (64,36,1)
       Mesh    5
       Max CFL number:  0.86E+00 at (59,32,28)
       Max divergence:  0.10E+01 at (61,37,1)
       Min divergence: -0.17E+01 at (64,36,1)
       Max VN number :  0.35E+00 at (64,29,1)
       Mesh    6
       Max CFL number:  0.88E+00 at (59,33,28)
       Max divergence:  0.72E+00 at (61,37,1)
       Min divergence: -0.12E+01 at (64,36,1)
       Max VN number :  0.34E+00 at (64,36,1)
       Mesh    7
       Max CFL number:  0.84E+00 at (59,31,6)
       Max divergence:  0.58E+00 at (61,37,1)
       Min divergence: -0.95E+00 at (64,36,1)
       Max VN number :  0.33E+00 at (64,36,1)
 
       Time Step     4800   September  2, 2026  22:14:47
       Step Size:  0.237E-02 s, Total Time:   15.00448 s
       Pressure Iterations: 1
       Maximum Velocity Error:  0.81E-04 on Mesh 7 at (83,64,21)
       Maximum Pressure Error:  0.20E+01 on Mesh 7 at (57,31,22)
       Maximum CFL Number    :  0.89E+00 on Mesh 6 at (59,33,28)
       Maximum VN Number     :  0.36E+00 on Mesh 4 at (64,36,1)
       ---------------------------------------------------------------
       Mesh    1
       Max CFL number:  0.21E+00 at (15,25,33)
       Max divergence:  0.16E+01 at (15,27,2)
       Min divergence: -0.77E+00 at (15,25,6)
       Max VN number :  0.59E-01 at (15,25,38)
       Mesh    2
       Max CFL number:  0.53E+00 at (61,32,23)
       Max divergence:  0.36E+01 at (57,36,24)
       Min divergence: -0.16E+01 at (66,38,8)
       Max VN number :  0.35E+00 at (64,21,5)
       Mesh    3
       Max CFL number:  0.78E+00 at (59,32,24)
       Max divergence:  0.22E+01 at (59,37,1)
       Min divergence: -0.39E+01 at (57,36,1)
       Max VN number :  0.36E+00 at (57,29,1)
       Mesh    4
       Max CFL number:  0.84E+00 at (59,32,28)
       Max divergence:  0.15E+01 at (61,37,1)
       Min divergence: -0.26E+01 at (64,36,1)
       Max VN number :  0.36E+00 at (64,36,1)
       Mesh    5
       Max CFL number:  0.87E+00 at (59,32,28)
       Max divergence:  0.11E+01 at (61,37,1)
       Min divergence: -0.18E+01 at (64,36,1)
       Max VN number :  0.36E+00 at (64,36,1)
       Mesh    6
       Max CFL number:  0.89E+00 at (59,33,28)
       Max divergence:  0.75E+00 at (61,37,1)
       Min divergence: -0.13E+01 at (64,36,1)
       Max VN number :  0.35E+00 at (64,36,1)
       Mesh    7
       Max CFL number:  0.85E+00 at (59,31,6)
       Max divergence:  0.60E+00 at (61,37,1)
       Min divergence: -0.98E+00 at (64,36,1)
       Max VN number :  0.33E+00 at (64,36,1)
 
       Time Step     4900   September  2, 2026  22:18:02
       Step Size:  0.237E-02 s, Total Time:   15.24111 s
       Pressure Iterations: 1
       Maximum Velocity Error:  0.73E-04 on Mesh 7 at (83,64,21)
       Maximum Pressure Error:  0.78E+01 on Mesh 1 at (16,25,8)
       Maximum CFL Number    :  0.90E+00 on Mesh 6 at (59,33,28)
       Maximum VN Number     :  0.36E+00 on Mesh 3 at (57,29,1)
       ---------------------------------------------------------------
       Mesh    1
       Max CFL number:  0.22E+00 at (15,25,33)
       Max divergence:  0.17E+01 at (15,27,2)
       Min divergence: -0.80E+00 at (15,25,6)
       Max VN number :  0.60E-01 at (15,25,38)
       Mesh    2
       Max CFL number:  0.54E+00 at (61,32,23)
       Max divergence:  0.37E+01 at (57,36,24)
       Min divergence: -0.16E+01 at (66,38,8)
       Max VN number :  0.36E+00 at (49,36,5)
       Mesh    3
       Max CFL number:  0.79E+00 at (59,32,24)
       Max divergence:  0.23E+01 at (59,37,1)
       Min divergence: -0.40E+01 at (57,36,1)
       Max VN number :  0.36E+00 at (57,29,1)
       Mesh    4
       Max CFL number:  0.86E+00 at (59,32,28)
       Max divergence:  0.15E+01 at (61,37,1)
       Min divergence: -0.26E+01 at (64,36,1)
       Max VN number :  0.36E+00 at (64,36,1)
       Mesh    5
       Max CFL number:  0.89E+00 at (59,32,28)
       Max divergence:  0.11E+01 at (61,37,1)
       Min divergence: -0.18E+01 at (64,29,1)
       Max VN number :  0.36E+00 at (64,36,1)
       Mesh    6
       Max CFL number:  0.90E+00 at (59,33,28)
       Max divergence:  0.79E+00 at (61,28,1)
       Min divergence: -0.13E+01 at (64,36,1)
       Max VN number :  0.35E+00 at (64,36,1)
       Mesh    7
       Max CFL number:  0.87E+00 at (59,31,6)
       Max divergence:  0.62E+00 at (61,37,1)
       Min divergence: -0.98E+00 at (64,36,1)
       Max VN number :  0.34E+00 at (64,36,1)
 
       Time Step     5000   September  2, 2026  22:21:17
       Step Size:  0.237E-02 s, Total Time:   15.47774 s
       Pressure Iterations: 1
       Maximum Velocity Error:  0.53E-04 on Mesh 7 at (69,31,21)
       Maximum Pressure Error:  0.51E+01 on Mesh 7 at (69,31,22)
       Maximum CFL Number    :  0.91E+00 on Mesh 6 at (59,33,28)
       Maximum VN Number     :  0.37E+00 on Mesh 3 at (57,36,1)
       ---------------------------------------------------------------
       Mesh    1
       Max CFL number:  0.22E+00 at (15,25,33)
       Max divergence:  0.17E+01 at (15,27,2)
       Min divergence: -0.81E+00 at (15,25,6)
       Max VN number :  0.60E-01 at (15,25,38)
       Mesh    2
       Max CFL number:  0.54E+00 at (61,32,23)
       Max divergence:  0.39E+01 at (57,36,24)
       Min divergence: -0.17E+01 at (66,38,8)
       Max VN number :  0.36E+00 at (64,21,5)
       Mesh    3
       Max CFL number:  0.80E+00 at (59,32,24)
       Max divergence:  0.23E+01 at (59,37,1)
       Min divergence: -0.41E+01 at (57,36,1)
       Max VN number :  0.37E+00 at (57,36,1)
       Mesh    4
       Max CFL number:  0.86E+00 at (59,32,28)
       Max divergence:  0.16E+01 at (61,37,1)
       Min divergence: -0.27E+01 at (64,36,1)
       Max VN number :  0.37E+00 at (64,36,1)
       Mesh    5
       Max CFL number:  0.90E+00 at (59,32,28)
       Max divergence:  0.12E+01 at (61,37,1)
       Min divergence: -0.19E+01 at (64,36,1)
       Max VN number :  0.36E+00 at (64,36,1)
       Mesh    6
       Max CFL number:  0.91E+00 at (59,33,28)
       Max divergence:  0.81E+00 at (61,28,1)
       Min divergence: -0.14E+01 at (64,29,1)
       Max VN number :  0.35E+00 at (64,36,1)
       Mesh    7
       Max CFL number:  0.88E+00 at (59,31,6)
       Max divergence:  0.67E+00 at (61,37,1)
       Min divergence: -0.11E+01 at (47,49,20)
       Max VN number :  0.34E+00 at (64,36,1)
 
       Time Step     5100   September  2, 2026  22:24:33
       Step Size:  0.237E-02 s, Total Time:   15.71437 s
       Pressure Iterations: 1
       Maximum Velocity Error:  0.25E-03 on Mesh 7 at (79,0,21)
       Maximum Pressure Error:  0.40E+01 on Mesh 7 at (68,32,22)
       Maximum CFL Number    :  0.92E+00 on Mesh 6 at (58,32,28)
       Maximum VN Number     :  0.37E+00 on Mesh 3 at (57,36,1)
       ---------------------------------------------------------------
       Mesh    1
       Max CFL number:  0.22E+00 at (15,25,31)
       Max divergence:  0.18E+01 at (15,27,2)
       Min divergence: -0.84E+00 at (15,25,7)
       Max VN number :  0.61E-01 at (16,25,38)
       Mesh    2
       Max CFL number:  0.55E+00 at (61,32,23)
       Max divergence:  0.40E+01 at (57,36,24)
       Min divergence: -0.17E+01 at (66,38,8)
       Max VN number :  0.36E+00 at (64,21,5)
       Mesh    3
       Max CFL number:  0.81E+00 at (59,32,24)
       Max divergence:  0.24E+01 at (59,37,1)
       Min divergence: -0.42E+01 at (57,29,1)
       Max VN number :  0.37E+00 at (57,36,1)
       Mesh    4
       Max CFL number:  0.88E+00 at (59,32,28)
       Max divergence:  0.16E+01 at (61,37,1)
       Min divergence: -0.28E+01 at (64,36,1)
       Max VN number :  0.37E+00 at (64,36,1)
       Mesh    5
       Max CFL number:  0.91E+00 at (59,32,28)
       Max divergence:  0.12E+01 at (61,37,1)
       Min divergence: -0.20E+01 at (64,36,1)
       Max VN number :  0.37E+00 at (64,36,1)
       Mesh    6
       Max CFL number:  0.92E+00 at (58,32,28)
       Max divergence:  0.84E+00 at (61,37,1)
       Min divergence: -0.14E+01 at (64,36,1)
       Max VN number :  0.36E+00 at (64,36,1)
       Mesh    7
       Max CFL number:  0.88E+00 at (59,31,6)
       Max divergence:  0.12E+01 at (46,51,20)
       Min divergence: -0.19E+01 at (47,51,20)
       Max VN number :  0.34E+00 at (64,36,1)
 
       Time Step     5200   September  2, 2026  22:27:49
       Step Size:  0.217E-02 s, Total Time:   15.94364 s
       Pressure Iterations: 1
       Maximum Velocity Error:  0.23E-03 on Mesh 7 at (76,64,21)
       Maximum Pressure Error:  0.36E+01 on Mesh 1 at (15,26,6)
       Maximum CFL Number    :  0.86E+00 on Mesh 6 at (58,32,26)
       Maximum VN Number     :  0.34E+00 on Mesh 3 at (57,36,1)
       ---------------------------------------------------------------
       Mesh    1
       Max CFL number:  0.21E+00 at (15,25,33)
       Max divergence:  0.18E+01 at (15,27,2)
       Min divergence: -0.86E+00 at (15,25,7)
       Max VN number :  0.57E-01 at (15,25,38)
       Mesh    2
       Max CFL number:  0.51E+00 at (61,32,23)
       Max divergence:  0.40E+01 at (57,36,24)
       Min divergence: -0.17E+01 at (55,27,8)
       Max VN number :  0.33E+00 at (64,21,5)
       Mesh    3
       Max CFL number:  0.75E+00 at (59,32,24)
       Max divergence:  0.25E+01 at (59,37,1)
       Min divergence: -0.43E+01 at (57,29,1)
       Max VN number :  0.34E+00 at (57,36,1)
       Mesh    4
       Max CFL number:  0.81E+00 at (59,32,28)
       Max divergence:  0.17E+01 at (61,37,1)
       Min divergence: -0.28E+01 at (64,36,1)
       Max VN number :  0.34E+00 at (64,36,1)
       Mesh    5
       Max CFL number:  0.84E+00 at (59,32,28)
       Max divergence:  0.12E+01 at (61,37,1)
       Min divergence: -0.20E+01 at (64,36,1)
       Max VN number :  0.34E+00 at (64,36,1)
       Mesh    6
       Max CFL number:  0.86E+00 at (58,32,26)
       Max divergence:  0.88E+00 at (61,37,1)
       Min divergence: -0.15E+01 at (64,36,1)
       Max VN number :  0.33E+00 at (64,36,1)
       Mesh    7
       Max CFL number:  0.82E+00 at (59,31,6)
       Max divergence:  0.71E+00 at (61,37,1)
       Min divergence: -0.11E+01 at (64,36,1)
       Max VN number :  0.32E+00 at (64,36,1)
 
       Time Step     5300   September  2, 2026  22:31:04
       Step Size:  0.217E-02 s, Total Time:   16.16091 s
       Pressure Iterations: 1
       Maximum Velocity Error:  0.19E-03 on Mesh 7 at (77,64,21)
       Maximum Pressure Error:  0.20E+01 on Mesh 7 at (65,42,22)
       Maximum CFL Number    :  0.87E+00 on Mesh 6 at (58,32,28)
       Maximum VN Number     :  0.35E+00 on Mesh 3 at (57,36,1)
       ---------------------------------------------------------------
       Mesh    1
       Max CFL number:  0.21E+00 at (15,25,33)
       Max divergence:  0.19E+01 at (15,27,2)
       Min divergence: -0.88E+00 at (15,25,6)
       Max VN number :  0.57E-01 at (15,25,38)
       Mesh    2
       Max CFL number:  0.52E+00 at (61,32,23)
       Max divergence:  0.42E+01 at (57,36,24)
       Min divergence: -0.18E+01 at (55,27,8)
       Max VN number :  0.34E+00 at (64,21,5)
       Mesh    3
       Max CFL number:  0.76E+00 at (59,32,24)
       Max divergence:  0.26E+01 at (59,37,1)
       Min divergence: -0.44E+01 at (57,36,1)
       Max VN number :  0.35E+00 at (57,36,1)
       Mesh    4
       Max CFL number:  0.82E+00 at (59,33,28)
       Max divergence:  0.17E+01 at (61,37,1)
       Min divergence: -0.29E+01 at (64,29,1)
       Max VN number :  0.34E+00 at (64,36,1)
       Mesh    5
       Max CFL number:  0.85E+00 at (59,32,28)
       Max divergence:  0.13E+01 at (61,37,1)
       Min divergence: -0.20E+01 at (64,36,1)
       Max VN number :  0.34E+00 at (64,29,1)
       Mesh    6
       Max CFL number:  0.87E+00 at (58,32,28)
       Max divergence:  0.90E+00 at (61,37,1)
       Min divergence: -0.15E+01 at (64,36,1)
       Max VN number :  0.33E+00 at (64,36,1)
       Mesh    7
       Max CFL number:  0.83E+00 at (59,31,6)
       Max divergence:  0.73E+00 at (61,37,1)
       Min divergence: -0.11E+01 at (64,36,1)
       Max VN number :  0.32E+00 at (64,36,1)
 
       Time Step     5400   September  2, 2026  22:34:20
       Step Size:  0.217E-02 s, Total Time:   16.37817 s
       Pressure Iterations: 1
       Maximum Velocity Error:  0.14E-03 on Mesh 7 at (76,64,21)
       Maximum Pressure Error:  0.45E+01 on Mesh 2 at (64,36,24)
       Maximum CFL Number    :  0.88E+00 on Mesh 6 at (58,32,28)
       Maximum VN Number     :  0.35E+00 on Mesh 3 at (57,36,1)
       ---------------------------------------------------------------
       Mesh    1
       Max CFL number:  0.21E+00 at (15,25,33)
       Max divergence:  0.19E+01 at (15,27,2)
       Min divergence: -0.90E+00 at (15,25,6)
       Max VN number :  0.58E-01 at (15,25,38)
       Mesh    2
       Max CFL number:  0.52E+00 at (61,32,23)
       Max divergence:  0.43E+01 at (57,36,24)
       Min divergence: -0.18E+01 at (55,27,8)
       Max VN number :  0.34E+00 at (49,35,5)
       Mesh    3
       Max CFL number:  0.77E+00 at (59,32,24)
       Max divergence:  0.27E+01 at (59,37,1)
       Min divergence: -0.45E+01 at (57,36,1)
       Max VN number :  0.35E+00 at (57,36,1)
       Mesh    4
       Max CFL number:  0.83E+00 at (59,32,28)
       Max divergence:  0.17E+01 at (61,37,1)
       Min divergence: -0.30E+01 at (64,36,1)
       Max VN number :  0.35E+00 at (64,36,1)
       Mesh    5
       Max CFL number:  0.86E+00 at (59,32,28)
       Max divergence:  0.13E+01 at (61,28,1)
       Min divergence: -0.21E+01 at (64,29,1)
       Max VN number :  0.34E+00 at (64,36,1)
       Mesh    6
       Max CFL number:  0.88E+00 at (58,32,28)
       Max divergence:  0.93E+00 at (61,37,1)
       Min divergence: -0.16E+01 at (64,36,1)
       Max VN number :  0.33E+00 at (64,36,1)
       Mesh    7
       Max CFL number:  0.84E+00 at (59,31,6)
       Max divergence:  0.73E+00 at (61,37,1)
       Min divergence: -0.11E+01 at (64,36,1)
       Max VN number :  0.32E+00 at (64,36,1)
 
       Time Step     5500   September  2, 2026  22:37:35
       Step Size:  0.217E-02 s, Total Time:   16.59544 s
       Pressure Iterations: 1
       Maximum Velocity Error:  0.57E-04 on Mesh 7 at (79,64,21)
       Maximum Pressure Error:  0.15E+02 on Mesh 2 at (53,37,5)
       Maximum CFL Number    :  0.89E+00 on Mesh 6 at (58,32,28)
       Maximum VN Number     :  0.35E+00 on Mesh 3 at (57,36,1)
       ---------------------------------------------------------------
       Mesh    1
       Max CFL number:  0.21E+00 at (15,25,31)
       Max divergence:  0.20E+01 at (15,27,2)
       Min divergence: -0.93E+00 at (15,25,6)
       Max VN number :  0.58E-01 at (15,26,38)
       Mesh    2
       Max CFL number:  0.53E+00 at (61,32,23)
       Max divergence:  0.44E+01 at (57,36,24)
       Min divergence: -0.19E+01 at (55,27,8)
       Max VN number :  0.34E+00 at (63,21,5)
       Mesh    3
       Max CFL number:  0.78E+00 at (59,32,24)
       Max divergence:  0.27E+01 at (59,37,1)
       Min divergence: -0.46E+01 at (57,29,1)
       Max VN number :  0.35E+00 at (57,36,1)
       Mesh    4
       Max CFL number:  0.84E+00 at (59,32,28)
       Max divergence:  0.18E+01 at (61,37,1)
       Min divergence: -0.31E+01 at (64,36,1)
       Max VN number :  0.35E+00 at (64,36,1)
       Mesh    5
       Max CFL number:  0.87E+00 at (59,32,28)
       Max divergence:  0.14E+01 at (61,28,1)
       Min divergence: -0.22E+01 at (64,29,1)
       Max VN number :  0.35E+00 at (64,36,1)
       Mesh    6
       Max CFL number:  0.89E+00 at (58,32,28)
       Max divergence:  0.95E+00 at (61,28,1)
       Min divergence: -0.16E+01 at (64,36,1)
       Max VN number :  0.34E+00 at (64,36,1)
       Mesh    7
       Max CFL number:  0.85E+00 at (59,31,6)
       Max divergence:  0.77E+00 at (61,37,1)
       Min divergence: -0.12E+01 at (64,36,1)
       Max VN number :  0.32E+00 at (64,36,1)
 
       Time Step     5600   September  2, 2026  22:40:50
       Step Size:  0.217E-02 s, Total Time:   16.81271 s
       Pressure Iterations: 1
       Maximum Velocity Error:  0.63E-04 on Mesh 7 at (76,0,21)
       Maximum Pressure Error:  0.14E+02 on Mesh 3 at (64,36,1)
       Maximum CFL Number    :  0.90E+00 on Mesh 6 at (58,32,28)
       Maximum VN Number     :  0.36E+00 on Mesh 3 at (57,36,1)
       ---------------------------------------------------------------
       Mesh    1
       Max CFL number:  0.21E+00 at (15,25,33)
       Max divergence:  0.20E+01 at (15,27,2)
       Min divergence: -0.96E+00 at (15,25,6)
       Max VN number :  0.59E-01 at (15,25,38)
       Mesh    2
       Max CFL number:  0.54E+00 at (61,32,23)
       Max divergence:  0.45E+01 at (57,36,24)
       Min divergence: -0.19E+01 at (55,27,8)
       Max VN number :  0.34E+00 at (63,21,5)
       Mesh    3
       Max CFL number:  0.79E+00 at (59,32,24)
       Max divergence:  0.28E+01 at (59,37,1)
       Min divergence: -0.47E+01 at (57,36,1)
       Max VN number :  0.36E+00 at (57,36,1)
       Mesh    4
       Max CFL number:  0.85E+00 at (59,32,28)
       Max divergence:  0.18E+01 at (61,28,1)
       Min divergence: -0.31E+01 at (64,29,1)
       Max VN number :  0.35E+00 at (64,29,1)
       Mesh    5
       Max CFL number:  0.88E+00 at (59,32,28)
       Max divergence:  0.14E+01 at (61,37,1)
       Min divergence: -0.22E+01 at (64,36,1)
       Max VN number :  0.35E+00 at (64,36,1)
       Mesh    6
       Max CFL number:  0.90E+00 at (58,32,28)
       Max divergence:  0.98E+00 at (61,28,1)
       Min divergence: -0.16E+01 at (64,29,1)
       Max VN number :  0.34E+00 at (64,36,1)
       Mesh    7
       Max CFL number:  0.86E+00 at (59,31,6)
       Max divergence:  0.80E+00 at (61,37,1)
       Min divergence: -0.12E+01 at (64,36,1)
       Max VN number :  0.33E+00 at (64,36,1)
 
       Time Step     5700   September  2, 2026  22:44:06
       Step Size:  0.217E-02 s, Total Time:   17.02998 s
       Pressure Iterations: 1
       Maximum Velocity Error:  0.98E-04 on Mesh 7 at (50,0,21)
       Maximum Pressure Error:  0.12E+02 on Mesh 3 at (64,36,1)
       Maximum CFL Number    :  0.91E+00 on Mesh 6 at (58,32,28)
       Maximum VN Number     :  0.36E+00 on Mesh 3 at (57,36,1)
       ---------------------------------------------------------------
       Mesh    1
       Max CFL number:  0.22E+00 at (15,25,33)
       Max divergence:  0.21E+01 at (15,27,2)
       Min divergence: -0.98E+00 at (15,25,7)
       Max VN number :  0.59E-01 at (15,25,38)
       Mesh    2
       Max CFL number:  0.54E+00 at (61,32,23)
       Max divergence:  0.46E+01 at (57,36,24)
       Min divergence: -0.19E+01 at (56,28,8)
       Max VN number :  0.34E+00 at (63,21,5)
       Mesh    3
       Max CFL number:  0.79E+00 at (59,32,24)
       Max divergence:  0.28E+01 at (59,37,1)
       Min divergence: -0.48E+01 at (57,36,1)
       Max VN number :  0.36E+00 at (57,36,1)
       Mesh    4
       Max CFL number:  0.86E+00 at (59,33,28)
       Max divergence:  0.19E+01 at (61,28,1)
       Min divergence: -0.32E+01 at (64,29,1)
       Max VN number :  0.35E+00 at (64,29,1)
       Mesh    5
       Max CFL number:  0.89E+00 at (59,32,28)
       Max divergence:  0.14E+01 at (61,37,1)
       Min divergence: -0.23E+01 at (64,36,1)
       Max VN number :  0.35E+00 at (64,29,1)
       Mesh    6
       Max CFL number:  0.91E+00 at (58,32,28)
       Max divergence:  0.10E+01 at (61,37,1)
       Min divergence: -0.22E+01 at (58,33,28)
       Max VN number :  0.34E+00 at (64,36,1)
       Mesh    7
       Max CFL number:  0.87E+00 at (59,31,6)
       Max divergence:  0.83E+00 at (61,37,1)
       Min divergence: -0.12E+01 at (64,36,1)
       Max VN number :  0.33E+00 at (64,36,1)
 
       Time Step     5800   September  2, 2026  22:47:21
       Step Size:  0.217E-02 s, Total Time:   17.24724 s
       Pressure Iterations: 1
       Maximum Velocity Error:  0.22E-03 on Mesh 7 at (77,64,21)
       Maximum Pressure Error:  0.44E+01 on Mesh 6 at (61,37,28)
       Maximum CFL Number    :  0.91E+00 on Mesh 6 at (58,32,28)
       Maximum VN Number     :  0.36E+00 on Mesh 3 at (57,36,1)
       ---------------------------------------------------------------
       Mesh    1
       Max CFL number:  0.22E+00 at (15,25,33)
       Max divergence:  0.21E+01 at (15,27,2)
       Min divergence: -0.10E+01 at (15,25,7)
       Max VN number :  0.60E-01 at (15,25,38)
       Mesh    2
       Max CFL number:  0.55E+00 at (61,33,23)
       Max divergence:  0.47E+01 at (57,36,24)
       Min divergence: -0.20E+01 at (56,28,8)
       Max VN number :  0.35E+00 at (63,21,5)
       Mesh    3
       Max CFL number:  0.80E+00 at (59,32,24)
       Max divergence:  0.29E+01 at (59,37,1)
       Min divergence: -0.49E+01 at (57,36,1)
       Max VN number :  0.36E+00 at (57,36,1)
       Mesh    4
       Max CFL number:  0.86E+00 at (59,33,28)
       Max divergence:  0.19E+01 at (61,37,1)
       Min divergence: -0.33E+01 at (64,36,1)
       Max VN number :  0.36E+00 at (64,36,1)
       Mesh    5
       Max CFL number:  0.90E+00 at (59,32,28)
       Max divergence:  0.15E+01 at (61,28,1)
       Min divergence: -0.23E+01 at (64,29,1)
       Max VN number :  0.35E+00 at (64,29,1)
       Mesh    6
       Max CFL number:  0.91E+00 at (58,32,28)
       Max divergence:  0.10E+01 at (61,37,1)
       Min divergence: -0.17E+01 at (64,36,1)
       Max VN number :  0.34E+00 at (64,36,1)
       Mesh    7
       Max CFL number:  0.88E+00 at (59,31,6)
       Max divergence:  0.84E+00 at (61,28,1)
       Min divergence: -0.13E+01 at (64,29,1)
       Max VN number :  0.33E+00 at (64,29,1)
 
       Time Step     5900   September  2, 2026  22:50:36
       Step Size:  0.217E-02 s, Total Time:   17.46451 s
       Pressure Iterations: 1
       Maximum Velocity Error:  0.22E-03 on Mesh 7 at (80,64,21)
       Maximum Pressure Error:  0.47E+01 on Mesh 7 at (73,32,22)
       Maximum CFL Number    :  0.92E+00 on Mesh 6 at (58,32,28)
       Maximum VN Number     :  0.36E+00 on Mesh 3 at (57,36,1)
       ---------------------------------------------------------------
       Mesh    1
       Max CFL number:  0.22E+00 at (15,25,31)
       Max divergence:  0.22E+01 at (15,27,2)
       Min divergence: -0.10E+01 at (15,26,7)
       Max VN number :  0.60E-01 at (15,26,38)
       Mesh    2
       Max CFL number:  0.55E+00 at (61,33,23)
       Max divergence:  0.48E+01 at (57,36,24)
       Min divergence: -0.20E+01 at (56,28,8)
       Max VN number :  0.35E+00 at (64,21,5)
       Mesh    3
       Max CFL number:  0.81E+00 at (59,32,24)
       Max divergence:  0.30E+01 at (59,37,1)
       Min divergence: -0.50E+01 at (57,36,1)
       Max VN number :  0.36E+00 at (57,36,1)
       Mesh    4
       Max CFL number:  0.87E+00 at (59,32,28)
       Max divergence:  0.20E+01 at (61,28,1)
       Min divergence: -0.34E+01 at (64,29,1)
       Max VN number :  0.36E+00 at (64,36,1)
       Mesh    5
       Max CFL number:  0.91E+00 at (59,33,28)
       Max divergence:  0.15E+01 at (61,28,1)
       Min divergence: -0.24E+01 at (64,29,1)
       Max VN number :  0.36E+00 at (64,29,1)
       Mesh    6
       Max CFL number:  0.92E+00 at (58,32,28)
       Max divergence:  0.10E+01 at (61,37,1)
       Min divergence: -0.18E+01 at (64,36,1)
       Max VN number :  0.35E+00 at (64,36,1)
       Mesh    7
       Max CFL number:  0.88E+00 at (59,34,6)
       Max divergence:  0.79E+00 at (61,37,1)
       Min divergence: -0.12E+01 at (64,36,1)
       Max VN number :  0.33E+00 at (64,36,1)
 
       Time Step     6000   September  2, 2026  22:53:51
       Step Size:  0.217E-02 s, Total Time:   17.68178 s
       Pressure Iterations: 1
       Maximum Velocity Error:  0.35E-03 on Mesh 7 at (80,64,21)
       Maximum Pressure Error:  0.70E+01 on Mesh 7 at (66,41,21)
       Maximum CFL Number    :  0.93E+00 on Mesh 6 at (58,32,28)
       Maximum VN Number     :  0.37E+00 on Mesh 3 at (57,36,1)
       ---------------------------------------------------------------
       Mesh    1
       Max CFL number:  0.22E+00 at (15,26,34)
       Max divergence:  0.22E+01 at (15,27,2)
       Min divergence: -0.10E+01 at (15,25,7)
       Max VN number :  0.61E-01 at (15,26,38)
       Mesh    2
       Max CFL number:  0.56E+00 at (61,32,23)
       Max divergence:  0.50E+01 at (57,36,24)
       Min divergence: -0.21E+01 at (56,28,8)
       Max VN number :  0.35E+00 at (63,21,5)
       Mesh    3
       Max CFL number:  0.82E+00 at (59,32,24)
       Max divergence:  0.31E+01 at (59,37,1)
       Min divergence: -0.51E+01 at (57,29,1)
       Max VN number :  0.37E+00 at (57,36,1)
       Mesh    4
       Max CFL number:  0.88E+00 at (59,33,28)
       Max divergence:  0.20E+01 at (61,28,1)
       Min divergence: -0.34E+01 at (64,29,1)
       Max VN number :  0.36E+00 at (64,36,1)
       Mesh    5
       Max CFL number:  0.92E+00 at (59,33,28)
       Max divergence:  0.15E+01 at (61,28,1)
       Min divergence: -0.24E+01 at (64,36,1)
       Max VN number :  0.36E+00 at (64,36,1)
       Mesh    6
       Max CFL number:  0.93E+00 at (58,32,28)
       Max divergence:  0.11E+01 at (61,28,1)
       Min divergence: -0.18E+01 at (64,29,1)
       Max VN number :  0.35E+00 at (64,29,1)
       Mesh    7
       Max CFL number:  0.89E+00 at (59,34,6)
       Max divergence:  0.86E+00 at (61,37,1)
       Min divergence: -0.13E+01 at (64,36,1)
       Max VN number :  0.34E+00 at (64,36,1)
 
       Time Step     6100   September  2, 2026  22:57:07
       Step Size:  0.203E-02 s, Total Time:   17.89679 s
       Pressure Iterations: 1
       Maximum Velocity Error:  0.21E-03 on Mesh 7 at (76,64,21)
       Maximum Pressure Error:  0.34E+02 on Mesh 7 at (73,52,20)
       Maximum CFL Number    :  0.88E+00 on Mesh 6 at (58,32,25)
       Maximum VN Number     :  0.35E+00 on Mesh 3 at (57,29,1)
       ---------------------------------------------------------------
       Mesh    1
       Max CFL number:  0.21E+00 at (15,25,31)
       Max divergence:  0.23E+01 at (15,27,2)
       Min divergence: -0.11E+01 at (15,25,7)
       Max VN number :  0.57E-01 at (15,25,38)
       Mesh    2
       Max CFL number:  0.53E+00 at (61,33,23)
       Max divergence:  0.52E+01 at (57,36,24)
       Min divergence: -0.21E+01 at (66,26,8)
       Max VN number :  0.33E+00 at (63,21,5)
       Mesh    3
       Max CFL number:  0.77E+00 at (59,32,24)
       Max divergence:  0.33E+01 at (59,37,1)
       Min divergence: -0.52E+01 at (57,36,1)
       Max VN number :  0.35E+00 at (57,29,1)
       Mesh    4
       Max CFL number:  0.83E+00 at (59,33,28)
       Max divergence:  0.21E+01 at (61,37,1)
       Min divergence: -0.35E+01 at (64,29,1)
       Max VN number :  0.34E+00 at (64,36,1)
       Mesh    5
       Max CFL number:  0.86E+00 at (59,33,28)
       Max divergence:  0.16E+01 at (61,28,1)
       Min divergence: -0.25E+01 at (64,29,1)
       Max VN number :  0.34E+00 at (64,29,1)
       Mesh    6
       Max CFL number:  0.88E+00 at (58,32,25)
       Max divergence:  0.11E+01 at (61,37,1)
       Min divergence: -0.18E+01 at (64,36,1)
       Max VN number :  0.33E+00 at (64,36,1)
       Mesh    7
       Max CFL number:  0.84E+00 at (59,31,6)
       Max divergence:  0.84E+01 at (75,54,20)
       Min divergence: -0.96E+01 at (74,54,20)
       Max VN number :  0.32E+00 at (64,36,1)
 
       Time Step     6200   September  2, 2026  23:00:21
       Step Size:  0.203E-02 s, Total Time:   18.10023 s
       Pressure Iterations: 1
       Maximum Velocity Error:  0.47E-03 on Mesh 7 at (75,64,21)
       Maximum Pressure Error:  0.14E+02 on Mesh 7 at (77,32,22)
       Maximum CFL Number    :  0.89E+00 on Mesh 6 at (58,33,25)
       Maximum VN Number     :  0.35E+00 on Mesh 3 at (57,36,1)
       ---------------------------------------------------------------
       Mesh    1
       Max CFL number:  0.21E+00 at (15,26,31)
       Max divergence:  0.24E+01 at (15,27,2)
       Min divergence: -0.11E+01 at (15,25,7)
       Max VN number :  0.58E-01 at (15,26,38)
       Mesh    2
       Max CFL number:  0.53E+00 at (61,32,23)
       Max divergence:  0.54E+01 at (57,36,24)
       Min divergence: -0.22E+01 at (66,26,8)
       Max VN number :  0.33E+00 at (56,28,5)
       Mesh    3
       Max CFL number:  0.78E+00 at (59,32,24)
       Max divergence:  0.34E+01 at (59,37,1)
       Min divergence: -0.53E+01 at (57,36,1)
       Max VN number :  0.35E+00 at (57,36,1)
       Mesh    4
       Max CFL number:  0.84E+00 at (59,33,28)
       Max divergence:  0.21E+01 at (61,28,1)
       Min divergence: -0.35E+01 at (64,29,1)
       Max VN number :  0.34E+00 at (64,29,1)
       Mesh    5
       Max CFL number:  0.87E+00 at (58,33,28)
       Max divergence:  0.16E+01 at (61,28,1)
       Min divergence: -0.25E+01 at (64,29,1)
       Max VN number :  0.34E+00 at (64,29,1)
       Mesh    6
       Max CFL number:  0.89E+00 at (58,33,25)
       Max divergence:  0.12E+01 at (61,28,1)
       Min divergence: -0.18E+01 at (64,36,1)
       Max VN number :  0.33E+00 at (64,36,1)
       Mesh    7
       Max CFL number:  0.85E+00 at (59,31,6)
       Max divergence:  0.94E+00 at (61,37,1)
       Min divergence: -0.14E+01 at (64,36,1)
       Max VN number :  0.32E+00 at (64,36,1)
 
       Time Step     6300   September  2, 2026  23:03:38
       Step Size:  0.203E-02 s, Total Time:   18.30368 s
       Pressure Iterations: 1
       Maximum Velocity Error:  0.59E-03 on Mesh 7 at (78,64,21)
       Maximum Pressure Error:  0.69E+01 on Mesh 6 at (61,37,28)
       Maximum CFL Number    :  0.89E+00 on Mesh 6 at (58,33,25)
       Maximum VN Number     :  0.35E+00 on Mesh 3 at (57,36,1)
       ---------------------------------------------------------------
       Mesh    1
       Max CFL number:  0.21E+00 at (15,25,33)
       Max divergence:  0.24E+01 at (15,27,2)
       Min divergence: -0.11E+01 at (15,25,7)
       Max VN number :  0.59E-01 at (15,26,38)
       Mesh    2
       Max CFL number:  0.54E+00 at (61,33,24)
       Max divergence:  0.55E+01 at (57,36,24)
       Min divergence: -0.23E+01 at (66,39,8)
       Max VN number :  0.34E+00 at (65,38,5)
       Mesh    3
       Max CFL number:  0.79E+00 at (59,32,24)
       Max divergence:  0.34E+01 at (59,37,1)
       Min divergence: -0.54E+01 at (57,36,1)
       Max VN number :  0.35E+00 at (57,36,1)
       Mesh    4
       Max CFL number:  0.85E+00 at (59,33,28)
       Max divergence:  0.22E+01 at (61,28,1)
       Min divergence: -0.35E+01 at (64,29,1)
       Max VN number :  0.34E+00 at (64,29,1)
       Mesh    5
       Max CFL number:  0.88E+00 at (58,32,28)
       Max divergence:  0.17E+01 at (61,37,1)
       Min divergence: -0.25E+01 at (64,36,1)
       Max VN number :  0.34E+00 at (64,36,1)
       Mesh    6
       Max CFL number:  0.89E+00 at (58,33,25)
       Max divergence:  0.12E+01 at (61,28,1)
       Min divergence: -0.19E+01 at (64,29,1)
       Max VN number :  0.33E+00 at (64,29,1)
       Mesh    7
       Max CFL number:  0.86E+00 at (59,31,6)
       Max divergence:  0.98E+00 at (61,37,1)
       Min divergence: -0.14E+01 at (64,36,1)
       Max VN number :  0.32E+00 at (64,36,1)
 
       Time Step     6400   September  2, 2026  23:06:53
       Step Size:  0.203E-02 s, Total Time:   18.50713 s
       Pressure Iterations: 1
       Maximum Velocity Error:  0.30E-03 on Mesh 7 at (79,64,21)
       Maximum Pressure Error:  0.15E+02 on Mesh 7 at (77,54,20)
       Maximum CFL Number    :  0.90E+00 on Mesh 6 at (58,33,25)
       Maximum VN Number     :  0.36E+00 on Mesh 3 at (57,36,1)
       ---------------------------------------------------------------
       Mesh    1
       Max CFL number:  0.22E+00 at (15,25,31)
       Max divergence:  0.25E+01 at (15,27,2)
       Min divergence: -0.12E+01 at (15,25,7)
       Max VN number :  0.59E-01 at (15,25,38)
       Mesh    2
       Max CFL number:  0.54E+00 at (61,33,24)
       Max divergence:  0.57E+01 at (57,36,24)
       Min divergence: -0.25E+01 at (66,39,8)
       Max VN number :  0.34E+00 at (65,38,5)
       Mesh    3
       Max CFL number:  0.80E+00 at (59,32,24)
       Max divergence:  0.35E+01 at (59,37,1)
       Min divergence: -0.56E+01 at (57,36,1)
       Max VN number :  0.36E+00 at (57,36,1)
       Mesh    4
       Max CFL number:  0.86E+00 at (59,33,28)
       Max divergence:  0.22E+01 at (61,28,1)
       Min divergence: -0.35E+01 at (64,29,1)
       Max VN number :  0.34E+00 at (64,29,1)
       Mesh    5
       Max CFL number:  0.89E+00 at (58,32,28)
       Max divergence:  0.17E+01 at (61,28,1)
       Min divergence: -0.25E+01 at (64,36,1)
       Max VN number :  0.34E+00 at (64,36,1)
       Mesh    6
       Max CFL number:  0.90E+00 at (58,33,25)
       Max divergence:  0.12E+01 at (61,37,1)
       Min divergence: -0.19E+01 at (64,36,1)
       Max VN number :  0.34E+00 at (64,36,1)
       Mesh    7
       Max CFL number:  0.86E+00 at (59,31,6)
       Max divergence:  0.12E+01 at (76,55,20)
       Min divergence: -0.17E+01 at (76,54,20)
       Max VN number :  0.32E+00 at (64,36,1)
 
       Time Step     6500   September  2, 2026  23:10:07
       Step Size:  0.203E-02 s, Total Time:   18.71058 s
       Pressure Iterations: 1
       Maximum Velocity Error:  0.50E-03 on Mesh 7 at (79,64,21)
       Maximum Pressure Error:  0.13E+02 on Mesh 7 at (77,7,20)
       Maximum CFL Number    :  0.91E+00 on Mesh 6 at (58,32,28)
       Maximum VN Number     :  0.36E+00 on Mesh 3 at (57,36,1)
       ---------------------------------------------------------------
       Mesh    1
       Max CFL number:  0.22E+00 at (15,26,34)
       Max divergence:  0.25E+01 at (15,27,2)
       Min divergence: -0.12E+01 at (15,26,7)
       Max VN number :  0.60E-01 at (15,26,38)
       Mesh    2
       Max CFL number:  0.55E+00 at (61,33,24)
       Max divergence:  0.59E+01 at (57,36,24)
       Min divergence: -0.26E+01 at (66,39,8)
       Max VN number :  0.34E+00 at (55,27,5)
       Mesh    3
       Max CFL number:  0.80E+00 at (59,32,24)
       Max divergence:  0.36E+01 at (59,37,1)
       Min divergence: -0.56E+01 at (57,36,1)
       Max VN number :  0.36E+00 at (57,36,1)
       Mesh    4
       Max CFL number:  0.86E+00 at (59,32,28)
       Max divergence:  0.22E+01 at (61,28,1)
       Min divergence: -0.36E+01 at (57,36,1)
       Max VN number :  0.34E+00 at (64,29,1)
       Mesh    5
       Max CFL number:  0.90E+00 at (58,32,28)
       Max divergence:  0.17E+01 at (61,28,1)
       Min divergence: -0.26E+01 at (64,29,1)
       Max VN number :  0.34E+00 at (64,29,1)
       Mesh    6
       Max CFL number:  0.91E+00 at (58,32,28)
       Max divergence:  0.12E+01 at (61,37,1)
       Min divergence: -0.19E+01 at (64,36,1)
       Max VN number :  0.34E+00 at (64,36,1)
       Mesh    7
       Max CFL number:  0.87E+00 at (59,34,6)
       Max divergence:  0.14E+01 at (78,8,20)
       Min divergence: -0.18E+01 at (77,8,20)
       Max VN number :  0.32E+00 at (64,29,1)
 
       Time Step     6600   September  2, 2026  23:13:23
       Step Size:  0.203E-02 s, Total Time:   18.91402 s
       Pressure Iterations: 1
       Maximum Velocity Error:  0.44E-03 on Mesh 7 at (81,64,21)
       Maximum Pressure Error:  0.19E+02 on Mesh 7 at (77,11,20)
       Maximum CFL Number    :  0.92E+00 on Mesh 6 at (58,32,28)
       Maximum VN Number     :  0.36E+00 on Mesh 3 at (57,36,1)
       ---------------------------------------------------------------
       Mesh    1
       Max CFL number:  0.22E+00 at (15,26,31)
       Max divergence:  0.26E+01 at (15,27,2)
       Min divergence: -0.13E+01 at (15,26,7)
       Max VN number :  0.60E-01 at (15,26,38)
       Mesh    2
       Max CFL number:  0.55E+00 at (61,33,24)
       Max divergence:  0.60E+01 at (57,36,24)
       Min divergence: -0.27E+01 at (66,39,8)
       Max VN number :  0.35E+00 at (65,38,5)
       Mesh    3
       Max CFL number:  0.81E+00 at (59,32,24)
       Max divergence:  0.37E+01 at (59,37,1)
       Min divergence: -0.57E+01 at (57,36,1)
       Max VN number :  0.36E+00 at (57,36,1)
       Mesh    4
       Max CFL number:  0.87E+00 at (59,32,28)
       Max divergence:  0.22E+01 at (61,28,1)
       Min divergence: -0.37E+01 at (57,29,1)
       Max VN number :  0.34E+00 at (64,29,1)
       Mesh    5
       Max CFL number:  0.91E+00 at (58,32,28)
       Max divergence:  0.17E+01 at (61,28,1)
       Min divergence: -0.26E+01 at (64,29,1)
       Max VN number :  0.34E+00 at (64,29,1)
       Mesh    6
       Max CFL number:  0.92E+00 at (58,32,28)
       Max divergence:  0.12E+01 at (61,28,1)
       Min divergence: -0.19E+01 at (64,29,1)
       Max VN number :  0.34E+00 at (64,29,1)
       Mesh    7
       Max CFL number:  0.88E+00 at (59,34,6)
       Max divergence:  0.21E+01 at (77,11,20)
       Min divergence: -0.26E+01 at (77,10,20)
       Max VN number :  0.33E+00 at (64,29,1)
 
       Time Step     6700   September  2, 2026  23:16:39
       Step Size:  0.179E-02 s, Total Time:   19.10867 s
       Pressure Iterations: 1
       Maximum Velocity Error:  0.34E-03 on Mesh 7 at (61,0,21)
       Maximum Pressure Error:  0.21E+02 on Mesh 7 at (73,33,22)
       Maximum CFL Number    :  0.81E+00 on Mesh 6 at (58,33,25)
       Maximum VN Number     :  0.32E+00 on Mesh 3 at (57,36,1)
       ---------------------------------------------------------------
       Mesh    1
       Max CFL number:  0.19E+00 at (15,26,31)
       Max divergence:  0.26E+01 at (15,27,2)
       Min divergence: -0.13E+01 at (15,26,7)
       Max VN number :  0.54E-01 at (15,26,38)
       Mesh    2
       Max CFL number:  0.49E+00 at (61,33,24)
       Max divergence:  0.63E+01 at (57,36,24)
       Min divergence: -0.28E+01 at (66,39,8)
       Max VN number :  0.31E+00 at (65,38,5)
       Mesh    3
       Max CFL number:  0.72E+00 at (59,32,24)
       Max divergence:  0.38E+01 at (59,37,1)
       Min divergence: -0.58E+01 at (57,36,1)
       Max VN number :  0.32E+00 at (57,36,1)
       Mesh    4
       Max CFL number:  0.77E+00 at (59,32,28)
       Max divergence:  0.23E+01 at (61,28,1)
       Min divergence: -0.38E+01 at (57,36,1)
       Max VN number :  0.30E+00 at (64,29,1)
       Mesh    5
       Max CFL number:  0.80E+00 at (58,32,28)
       Max divergence:  0.17E+01 at (61,28,1)
       Min divergence: -0.27E+01 at (64,29,1)
       Max VN number :  0.30E+00 at (64,29,1)
       Mesh    6
       Max CFL number:  0.81E+00 at (58,33,25)
       Max divergence:  0.12E+01 at (61,28,1)
       Min divergence: -0.19E+01 at (64,29,1)
       Max VN number :  0.30E+00 at (64,29,1)
       Mesh    7
       Max CFL number:  0.77E+00 at (59,31,6)
       Max divergence:  0.11E+01 at (61,37,1)
       Min divergence: -0.14E+01 at (64,36,1)
       Max VN number :  0.29E+00 at (64,36,1)
 
       Time Step     6800   September  2, 2026  23:19:54
       Step Size:  0.179E-02 s, Total Time:   19.28750 s
       Pressure Iterations: 1
       Maximum Velocity Error:  0.67E-03 on Mesh 7 at (76,64,21)
       Maximum Pressure Error:  0.28E+02 on Mesh 7 at (74,33,22)
       Maximum CFL Number    :  0.82E+00 on Mesh 6 at (58,32,25)
       Maximum VN Number     :  0.32E+00 on Mesh 3 at (57,36,1)
       ---------------------------------------------------------------
       Mesh    1
       Max CFL number:  0.20E+00 at (15,26,31)
       Max divergence:  0.27E+01 at (15,24,2)
       Min divergence: -0.13E+01 at (15,26,7)
       Max VN number :  0.54E-01 at (15,26,38)
       Mesh    2
       Max CFL number:  0.49E+00 at (61,33,24)
       Max divergence:  0.64E+01 at (57,36,24)
       Min divergence: -0.28E+01 at (66,39,8)
       Max VN number :  0.31E+00 at (65,38,5)
       Mesh    3
       Max CFL number:  0.72E+00 at (59,32,24)
       Max divergence:  0.38E+01 at (59,37,1)
       Min divergence: -0.59E+01 at (57,36,1)
       Max VN number :  0.32E+00 at (57,36,1)
       Mesh    4
       Max CFL number:  0.78E+00 at (59,32,28)
       Max divergence:  0.23E+01 at (61,28,1)
       Min divergence: -0.38E+01 at (57,29,1)
       Max VN number :  0.31E+00 at (64,29,1)
       Mesh    5
       Max CFL number:  0.81E+00 at (58,33,28)
       Max divergence:  0.17E+01 at (61,28,1)
       Min divergence: -0.26E+01 at (64,29,1)
       Max VN number :  0.30E+00 at (64,29,1)
       Mesh    6
       Max CFL number:  0.82E+00 at (58,32,25)
       Max divergence:  0.14E+01 at (61,28,1)
       Min divergence: -0.20E+01 at (64,29,1)
       Max VN number :  0.30E+00 at (64,29,1)
       Mesh    7
       Max CFL number:  0.78E+00 at (59,34,6)
       Max divergence:  0.98E+00 at (61,28,1)
       Min divergence: -0.15E+01 at (64,29,1)
       Max VN number :  0.29E+00 at (64,29,1)
 
       Time Step     6900   September  2, 2026  23:23:11
       Step Size:  0.179E-02 s, Total Time:   19.46632 s
       Pressure Iterations: 1
       Maximum Velocity Error:  0.69E-03 on Mesh 7 at (77,64,21)
       Maximum Pressure Error:  0.17E+02 on Mesh 7 at (76,33,22)
       Maximum CFL Number    :  0.82E+00 on Mesh 6 at (58,32,25)
       Maximum VN Number     :  0.32E+00 on Mesh 3 at (57,36,1)
       ---------------------------------------------------------------
       Mesh    1
       Max CFL number:  0.20E+00 at (15,26,31)
       Max divergence:  0.27E+01 at (15,27,2)
       Min divergence: -0.13E+01 at (15,26,7)
       Max VN number :  0.55E-01 at (15,26,38)
       Mesh    2
       Max CFL number:  0.50E+00 at (61,33,24)
       Max divergence:  0.65E+01 at (57,36,24)
       Min divergence: -0.29E+01 at (66,39,8)
       Max VN number :  0.31E+00 at (65,38,5)
       Mesh    3
       Max CFL number:  0.73E+00 at (59,32,24)
       Max divergence:  0.39E+01 at (59,37,1)
       Min divergence: -0.60E+01 at (57,36,1)
       Max VN number :  0.32E+00 at (57,36,1)
       Mesh    4
       Max CFL number:  0.78E+00 at (59,32,28)
       Max divergence:  0.24E+01 at (61,28,1)
       Min divergence: -0.39E+01 at (57,29,1)
       Max VN number :  0.31E+00 at (64,29,1)
       Mesh    5
       Max CFL number:  0.81E+00 at (58,33,28)
       Max divergence:  0.17E+01 at (61,28,1)
       Min divergence: -0.26E+01 at (64,29,1)
       Max VN number :  0.31E+00 at (64,29,1)
       Mesh    6
       Max CFL number:  0.82E+00 at (58,32,25)
       Max divergence:  0.15E+01 at (61,37,1)
       Min divergence: -0.20E+01 at (64,29,1)
       Max VN number :  0.30E+00 at (64,36,1)
       Mesh    7
       Max CFL number:  0.78E+00 at (58,34,6)
       Max divergence:  0.86E+00 at (65,32,1)
       Min divergence: -0.14E+01 at (60,38,21)
       Max VN number :  0.29E+00 at (64,29,1)
 
       Time Step     7000   September  2, 2026  23:26:27
       Step Size:  0.179E-02 s, Total Time:   19.64514 s
       Pressure Iterations: 1
       Maximum Velocity Error:  0.49E-03 on Mesh 7 at (79,64,21)
       Maximum Pressure Error:  0.47E+02 on Mesh 6 at (60,38,28)
       Maximum CFL Number    :  0.83E+00 on Mesh 6 at (58,32,28)
       Maximum VN Number     :  0.33E+00 on Mesh 3 at (57,36,1)
       ---------------------------------------------------------------
       Mesh    1
       Max CFL number:  0.20E+00 at (15,26,33)
       Max divergence:  0.28E+01 at (15,27,2)
       Min divergence: -0.14E+01 at (15,26,7)
       Max VN number :  0.54E-01 at (15,26,38)
       Mesh    2
       Max CFL number:  0.50E+00 at (61,33,24)
       Max divergence:  0.67E+01 at (57,36,24)
       Min divergence: -0.30E+01 at (66,39,8)
       Max VN number :  0.32E+00 at (65,38,5)
       Mesh    3
       Max CFL number:  0.74E+00 at (59,32,24)
       Max divergence:  0.40E+01 at (59,37,1)
       Min divergence: -0.61E+01 at (57,36,1)
       Max VN number :  0.33E+00 at (57,36,1)
       Mesh    4
       Max CFL number:  0.79E+00 at (59,32,28)
       Max divergence:  0.24E+01 at (61,28,1)
       Min divergence: -0.39E+01 at (57,36,1)
       Max VN number :  0.31E+00 at (64,29,1)
       Mesh    5
       Max CFL number:  0.82E+00 at (58,33,28)
       Max divergence:  0.17E+01 at (61,28,1)
       Min divergence: -0.27E+01 at (64,29,1)
       Max VN number :  0.31E+00 at (64,29,1)
       Mesh    6
       Max CFL number:  0.83E+00 at (58,32,28)
       Max divergence:  0.16E+01 at (61,28,1)
       Min divergence: -0.20E+01 at (64,29,1)
       Max VN number :  0.32E+00 at (64,40,28)
       Mesh    7
       Max CFL number:  0.80E+00 at (59,34,6)
       Max divergence:  0.90E+00 at (61,28,1)
       Min divergence: -0.14E+01 at (60,29,1)
       Max VN number :  0.28E+00 at (64,29,1)
 
       Time Step     7100   September  2, 2026  23:29:43
       Step Size:  0.179E-02 s, Total Time:   19.82397 s
       Pressure Iterations: 1
       Maximum Velocity Error:  0.53E-03 on Mesh 7 at (87,32,21)
       Maximum Pressure Error:  0.99E+02 on Mesh 6 at (61,28,26)
       Maximum CFL Number    :  0.83E+00 on Mesh 6 at (58,32,28)
       Maximum VN Number     :  0.33E+00 on Mesh 3 at (57,36,1)
       ---------------------------------------------------------------
       Mesh    1
       Max CFL number:  0.20E+00 at (15,26,29)
       Max divergence:  0.28E+01 at (15,24,2)
       Min divergence: -0.14E+01 at (15,26,7)
       Max VN number :  0.55E-01 at (15,26,38)
       Mesh    2
       Max CFL number:  0.51E+00 at (61,33,24)
       Max divergence:  0.68E+01 at (57,36,24)
       Min divergence: -0.30E+01 at (66,39,8)
       Max VN number :  0.32E+00 at (65,38,5)
       Mesh    3
       Max CFL number:  0.74E+00 at (59,32,24)
       Max divergence:  0.41E+01 at (59,37,1)
       Min divergence: -0.61E+01 at (57,36,1)
       Max VN number :  0.33E+00 at (57,36,1)
       Mesh    4
       Max CFL number:  0.79E+00 at (59,32,28)
       Max divergence:  0.24E+01 at (61,28,1)
       Min divergence: -0.41E+01 at (57,29,1)
       Max VN number :  0.31E+00 at (64,29,1)
       Mesh    5
       Max CFL number:  0.82E+00 at (58,32,28)
       Max divergence:  0.17E+01 at (61,28,1)
       Min divergence: -0.27E+01 at (64,29,1)
       Max VN number :  0.31E+00 at (64,29,1)
       Mesh    6
       Max CFL number:  0.83E+00 at (58,32,28)
       Max divergence:  0.16E+01 at (61,28,1)
       Min divergence: -0.21E+01 at (64,29,1)
       Max VN number :  0.31E+00 at (64,29,1)
       Mesh    7
       Max CFL number:  0.81E+00 at (59,34,7)
       Max divergence:  0.12E+01 at (61,28,1)
       Min divergence: -0.15E+01 at (64,29,1)
       Max VN number :  0.28E+00 at (64,29,1)
 
       Time Step     7200   September  2, 2026  23:33:03
       Step Size:  0.179E-02 s, Total Time:   20.00279 s
       Pressure Iterations: 1
       Maximum Velocity Error:  0.65E-03 on Mesh 7 at (90,31,21)
       Maximum Pressure Error:  0.11E+03 on Mesh 6 at (61,28,26)
       Maximum CFL Number    :  0.83E+00 on Mesh 5 at (58,33,26)
       Maximum VN Number     :  0.33E+00 on Mesh 3 at (57,36,1)
       ---------------------------------------------------------------
       Mesh    1
       Max CFL number:  0.20E+00 at (15,26,29)
       Max divergence:  0.29E+01 at (15,24,2)
       Min divergence: -0.14E+01 at (15,26,7)
       Max VN number :  0.57E-01 at (15,26,38)
       Mesh    2
       Max CFL number:  0.51E+00 at (61,33,24)
       Max divergence:  0.70E+01 at (57,36,24)
       Min divergence: -0.31E+01 at (66,39,8)
       Max VN number :  0.32E+00 at (65,38,5)
       Mesh    3
       Max CFL number:  0.75E+00 at (59,32,24)
       Max divergence:  0.42E+01 at (59,28,1)
       Min divergence: -0.62E+01 at (57,36,1)
       Max VN number :  0.33E+00 at (57,36,1)
       Mesh    4
       Max CFL number:  0.80E+00 at (59,32,28)
       Max divergence:  0.24E+01 at (61,28,1)
       Min divergence: -0.41E+01 at (57,29,1)
       Max VN number :  0.31E+00 at (64,29,1)
       Mesh    5
       Max CFL number:  0.83E+00 at (58,33,26)
       Max divergence:  0.17E+01 at (61,28,1)
       Min divergence: -0.28E+01 at (64,29,1)
       Max VN number :  0.31E+00 at (64,29,1)
       Mesh    6
       Max CFL number:  0.83E+00 at (58,32,27)
       Max divergence:  0.16E+01 at (61,28,1)
       Min divergence: -0.18E+01 at (64,29,1)
       Max VN number :  0.30E+00 at (61,37,1)
       Mesh    7
       Max CFL number:  0.81E+00 at (58,34,8)
       Max divergence:  0.14E+01 at (61,37,1)
       Min divergence: -0.19E+01 at (64,29,1)
       Max VN number :  0.29E+00 at (64,36,1)
 
       Time Step     7300   September  2, 2026  23:36:23
       Step Size:  0.179E-02 s, Total Time:   20.18161 s
       Pressure Iterations: 1
       Maximum Velocity Error:  0.74E-03 on Mesh 7 at (67,64,21)
       Maximum Pressure Error:  0.14E+03 on Mesh 6 at (62,28,26)
       Maximum CFL Number    :  0.83E+00 on Mesh 5 at (58,33,24)
       Maximum VN Number     :  0.33E+00 on Mesh 3 at (57,36,1)
       ---------------------------------------------------------------
       Mesh    1
       Max CFL number:  0.21E+00 at (15,25,29)
       Max divergence:  0.29E+01 at (15,24,2)
       Min divergence: -0.14E+01 at (15,26,7)
       Max VN number :  0.58E-01 at (15,26,38)
       Mesh    2
       Max CFL number:  0.51E+00 at (61,33,24)
       Max divergence:  0.71E+01 at (57,36,24)
       Min divergence: -0.32E+01 at (66,39,8)
       Max VN number :  0.32E+00 at (65,38,5)
       Mesh    3
       Max CFL number:  0.75E+00 at (59,32,24)
       Max divergence:  0.42E+01 at (59,28,1)
       Min divergence: -0.64E+01 at (57,29,1)
       Max VN number :  0.33E+00 at (57,36,1)
       Mesh    4
       Max CFL number:  0.80E+00 at (59,32,28)
       Max divergence:  0.25E+01 at (61,28,1)
       Min divergence: -0.42E+01 at (57,29,1)
       Max VN number :  0.31E+00 at (64,29,1)
       Mesh    5
       Max CFL number:  0.83E+00 at (58,33,24)
       Max divergence:  0.15E+01 at (61,28,1)
       Min divergence: -0.26E+01 at (64,29,1)
       Max VN number :  0.31E+00 at (64,29,1)
       Mesh    6
       Max CFL number:  0.83E+00 at (58,33,19)
       Max divergence:  0.16E+01 at (61,28,1)
       Min divergence: -0.21E+01 at (64,29,1)
       Max VN number :  0.31E+00 at (64,29,1)
       Mesh    7
       Max CFL number:  0.80E+00 at (58,34,8)
       Max divergence:  0.12E+01 at (61,37,1)
       Min divergence: -0.17E+01 at (60,29,1)
       Max VN number :  0.29E+00 at (60,36,1)
 
       Time Step     7400   September  2, 2026  23:39:43
       Step Size:  0.179E-02 s, Total Time:   20.36043 s
       Pressure Iterations: 2
       Maximum Velocity Error:  0.37E-03 on Mesh 7 at (58,64,21)
       Maximum Pressure Error:  0.12E+03 on Mesh 6 at (62,29,28)
       Maximum CFL Number    :  0.84E+00 on Mesh 5 at (58,33,25)
       Maximum VN Number     :  0.34E+00 on Mesh 3 at (57,36,1)
       ---------------------------------------------------------------
       Mesh    1
       Max CFL number:  0.21E+00 at (15,25,29)
       Max divergence:  0.30E+01 at (15,24,2)
       Min divergence: -0.15E+01 at (15,26,7)
       Max VN number :  0.59E-01 at (15,26,38)
       Mesh    2
       Max CFL number:  0.52E+00 at (61,33,24)
       Max divergence:  0.73E+01 at (57,36,24)
       Min divergence: -0.33E+01 at (66,39,8)
       Max VN number :  0.33E+00 at (65,38,5)
       Mesh    3
       Max CFL number:  0.76E+00 at (59,32,24)
       Max divergence:  0.43E+01 at (59,28,1)
       Min divergence: -0.65E+01 at (57,36,1)
       Max VN number :  0.34E+00 at (57,36,1)
       Mesh    4
       Max CFL number:  0.81E+00 at (59,32,28)
       Max divergence:  0.25E+01 at (61,28,1)
       Min divergence: -0.42E+01 at (57,29,1)
       Max VN number :  0.31E+00 at (64,29,1)
       Mesh    5
       Max CFL number:  0.84E+00 at (58,33,25)
       Max divergence:  0.15E+01 at (56,28,1)
       Min divergence: -0.26E+01 at (64,29,1)
       Max VN number :  0.31E+00 at (64,29,1)
       Mesh    6
       Max CFL number:  0.83E+00 at (58,33,20)
       Max divergence:  0.16E+01 at (60,29,28)
       Min divergence: -0.19E+01 at (60,29,1)
       Max VN number :  0.31E+00 at (61,37,1)
       Mesh    7
       Max CFL number:  0.81E+00 at (58,34,7)
       Max divergence:  0.14E+01 at (61,37,1)
       Min divergence: -0.18E+01 at (64,29,1)
       Max VN number :  0.30E+00 at (60,29,1)
 
       Time Step     7500   September  2, 2026  23:43:04
       Step Size:  0.179E-02 s, Total Time:   20.53926 s
       Pressure Iterations: 2
       Maximum Velocity Error:  0.45E-03 on Mesh 7 at (74,64,21)
       Maximum Pressure Error:  0.13E+03 on Mesh 6 at (63,29,28)
       Maximum CFL Number    :  0.85E+00 on Mesh 5 at (58,33,23)
       Maximum VN Number     :  0.34E+00 on Mesh 3 at (57,36,1)
       ---------------------------------------------------------------
       Mesh    1
       Max CFL number:  0.20E+00 at (15,25,29)
       Max divergence:  0.30E+01 at (15,27,2)
       Min divergence: -0.15E+01 at (15,26,7)
       Max VN number :  0.59E-01 at (15,26,38)
       Mesh    2
       Max CFL number:  0.52E+00 at (61,33,24)
       Max divergence:  0.74E+01 at (57,36,24)
       Min divergence: -0.33E+01 at (66,39,8)
       Max VN number :  0.33E+00 at (65,38,5)
       Mesh    3
       Max CFL number:  0.76E+00 at (59,32,24)
       Max divergence:  0.44E+01 at (59,28,1)
       Min divergence: -0.65E+01 at (57,36,1)
       Max VN number :  0.34E+00 at (57,36,1)
       Mesh    4
       Max CFL number:  0.81E+00 at (59,32,28)
       Max divergence:  0.26E+01 at (61,28,1)
       Min divergence: -0.44E+01 at (57,29,1)
       Max VN number :  0.32E+00 at (64,29,1)
       Mesh    5
       Max CFL number:  0.85E+00 at (58,33,23)
       Max divergence:  0.16E+01 at (56,28,1)
       Min divergence: -0.25E+01 at (57,36,1)
       Max VN number :  0.31E+00 at (64,29,1)
       Mesh    6
       Max CFL number:  0.84E+00 at (58,33,22)
       Max divergence:  0.17E+01 at (60,39,28)
       Min divergence: -0.18E+01 at (60,29,1)
       Max VN number :  0.31E+00 at (61,37,1)
       Mesh    7
       Max CFL number:  0.81E+00 at (58,34,6)
       Max divergence:  0.11E+01 at (61,28,1)
       Min divergence: -0.17E+01 at (60,29,1)
       Max VN number :  0.30E+00 at (60,29,1)
 
       Time Step     7600   September  2, 2026  23:46:24
       Step Size:  0.179E-02 s, Total Time:   20.71808 s
       Pressure Iterations: 1
       Maximum Velocity Error:  0.69E-03 on Mesh 7 at (65,25,21)
       Maximum Pressure Error:  0.91E+02 on Mesh 6 at (60,28,28)
       Maximum CFL Number    :  0.86E+00 on Mesh 5 at (58,33,25)
       Maximum VN Number     :  0.34E+00 on Mesh 3 at (57,36,1)
       ---------------------------------------------------------------
       Mesh    1
       Max CFL number:  0.20E+00 at (15,26,34)
       Max divergence:  0.31E+01 at (15,24,2)
       Min divergence: -0.15E+01 at (15,26,7)
       Max VN number :  0.60E-01 at (15,26,38)
       Mesh    2
       Max CFL number:  0.52E+00 at (61,33,24)
       Max divergence:  0.76E+01 at (57,36,24)
       Min divergence: -0.34E+01 at (66,39,8)
       Max VN number :  0.33E+00 at (65,38,5)
       Mesh    3
       Max CFL number:  0.77E+00 at (59,32,24)
       Max divergence:  0.44E+01 at (59,28,1)
       Min divergence: -0.66E+01 at (57,36,1)
       Max VN number :  0.34E+00 at (57,36,1)
       Mesh    4
       Max CFL number:  0.82E+00 at (59,32,28)
       Max divergence:  0.26E+01 at (61,28,1)
       Min divergence: -0.44E+01 at (57,29,1)
       Max VN number :  0.32E+00 at (64,29,1)
       Mesh    5
       Max CFL number:  0.86E+00 at (58,33,25)
       Max divergence:  0.16E+01 at (56,28,1)
       Min divergence: -0.26E+01 at (60,36,1)
       Max VN number :  0.31E+00 at (64,29,1)
       Mesh    6
       Max CFL number:  0.84E+00 at (58,33,23)
       Max divergence:  0.15E+01 at (60,27,28)
       Min divergence: -0.20E+01 at (60,29,1)
       Max VN number :  0.32E+00 at (61,28,1)
       Mesh    7
       Max CFL number:  0.82E+00 at (58,34,5)
       Max divergence:  0.13E+01 at (61,28,1)
       Min divergence: -0.16E+01 at (60,29,1)
       Max VN number :  0.31E+00 at (60,29,1)
 
       Time Step     7700   September  2, 2026  23:49:44
       Step Size:  0.179E-02 s, Total Time:   20.89690 s
       Pressure Iterations: 3
       Maximum Velocity Error:  0.23E-03 on Mesh 2 at (60,32,4)
       Maximum Pressure Error:  0.18E+04 on Mesh 2 at (60,33,4)
       Maximum CFL Number    :  0.87E+00 on Mesh 5 at (58,33,23)
       Maximum VN Number     :  0.34E+00 on Mesh 3 at (57,36,1)
       ---------------------------------------------------------------
       Mesh    1
       Max CFL number:  0.21E+00 at (15,25,34)
       Max divergence:  0.31E+01 at (15,24,2)
       Min divergence: -0.16E+01 at (15,26,7)
       Max VN number :  0.60E-01 at (15,26,38)
       Mesh    2
       Max CFL number:  0.53E+00 at (61,33,24)
       Max divergence:  0.77E+01 at (57,36,24)
       Min divergence: -0.11E+02 at (60,32,5)
       Max VN number :  0.34E+00 at (65,38,5)
       Mesh    3
       Max CFL number:  0.77E+00 at (59,32,24)
       Max divergence:  0.45E+01 at (59,28,1)
       Min divergence: -0.67E+01 at (57,36,1)
       Max VN number :  0.34E+00 at (57,36,1)
       Mesh    4
       Max CFL number:  0.82E+00 at (58,32,28)
       Max divergence:  0.26E+01 at (61,28,1)
       Min divergence: -0.45E+01 at (57,29,1)
       Max VN number :  0.32E+00 at (64,29,1)
       Mesh    5
       Max CFL number:  0.87E+00 at (58,33,23)
       Max divergence:  0.17E+01 at (56,28,1)
       Min divergence: -0.26E+01 at (60,36,1)
       Max VN number :  0.31E+00 at (66,29,28)
       Mesh    6
       Max CFL number:  0.85E+00 at (58,33,23)
       Max divergence:  0.20E+01 at (60,27,28)
       Min divergence: -0.20E+01 at (60,29,1)
       Max VN number :  0.32E+00 at (60,29,28)
       Mesh    7
       Max CFL number:  0.82E+00 at (58,33,6)
       Max divergence:  0.11E+01 at (61,28,1)
       Min divergence: -0.16E+01 at (60,29,1)
       Max VN number :  0.31E+00 at (60,29,1)
 
       Time Step     7800   September  2, 2026  23:53:07
       Step Size:  0.179E-02 s, Total Time:   21.07573 s
       Pressure Iterations: 1
       Maximum Velocity Error:  0.43E-03 on Mesh 7 at (70,36,21)
       Maximum Pressure Error:  0.26E+03 on Mesh 2 at (62,33,5)
       Maximum CFL Number    :  0.88E+00 on Mesh 5 at (58,33,23)
       Maximum VN Number     :  0.34E+00 on Mesh 3 at (57,36,1)
       ---------------------------------------------------------------
       Mesh    1
       Max CFL number:  0.21E+00 at (15,26,32)
       Max divergence:  0.32E+01 at (15,24,2)
       Min divergence: -0.16E+01 at (15,26,7)
       Max VN number :  0.61E-01 at (15,26,38)
       Mesh    2
       Max CFL number:  0.53E+00 at (61,33,24)
       Max divergence:  0.78E+01 at (57,36,24)
       Min divergence: -0.10E+02 at (61,33,5)
       Max VN number :  0.34E+00 at (65,38,5)
       Mesh    3
       Max CFL number:  0.78E+00 at (59,32,24)
       Max divergence:  0.46E+01 at (59,28,1)
       Min divergence: -0.68E+01 at (57,36,1)
       Max VN number :  0.34E+00 at (57,36,1)
       Mesh    4
       Max CFL number:  0.83E+00 at (58,32,28)
       Max divergence:  0.27E+01 at (61,28,1)
       Min divergence: -0.45E+01 at (57,29,1)
       Max VN number :  0.32E+00 at (64,29,1)
       Mesh    5
       Max CFL number:  0.88E+00 at (58,33,23)
       Max divergence:  0.17E+01 at (56,28,1)
       Min divergence: -0.27E+01 at (60,36,1)
       Max VN number :  0.32E+00 at (66,29,28)
       Mesh    6
       Max CFL number:  0.84E+00 at (58,33,23)
       Max divergence:  0.15E+01 at (60,27,28)
       Min divergence: -0.20E+01 at (60,29,1)
       Max VN number :  0.34E+00 at (60,29,28)
       Mesh    7
       Max CFL number:  0.83E+00 at (58,33,5)
       Max divergence:  0.12E+01 at (61,28,1)
       Min divergence: -0.15E+01 at (60,29,1)
       Max VN number :  0.31E+00 at (60,29,1)
 
       Time Step     7900   September  2, 2026  23:56:28
       Step Size:  0.179E-02 s, Total Time:   21.25455 s
       Pressure Iterations: 2
       Maximum Velocity Error:  0.35E-03 on Mesh 7 at (69,64,21)
       Maximum Pressure Error:  0.11E+03 on Mesh 6 at (62,29,28)
       Maximum CFL Number    :  0.88E+00 on Mesh 5 at (58,33,25)
       Maximum VN Number     :  0.35E+00 on Mesh 6 at (60,29,28)
       ---------------------------------------------------------------
       Mesh    1
       Max CFL number:  0.21E+00 at (15,25,34)
       Max divergence:  0.32E+01 at (15,24,2)
       Min divergence: -0.16E+01 at (15,26,7)
       Max VN number :  0.61E-01 at (15,26,38)
       Mesh    2
       Max CFL number:  0.54E+00 at (61,33,24)
       Max divergence:  0.79E+01 at (57,36,24)
       Min divergence: -0.36E+01 at (66,39,8)
       Max VN number :  0.34E+00 at (65,38,5)
       Mesh    3
       Max CFL number:  0.78E+00 at (59,32,24)
       Max divergence:  0.46E+01 at (59,28,1)
       Min divergence: -0.68E+01 at (57,36,1)
       Max VN number :  0.35E+00 at (57,36,1)
       Mesh    4
       Max CFL number:  0.83E+00 at (58,32,28)
       Max divergence:  0.28E+01 at (61,28,1)
       Min divergence: -0.46E+01 at (57,29,1)
       Max VN number :  0.32E+00 at (64,36,1)
       Mesh    5
       Max CFL number:  0.88E+00 at (58,33,25)
       Max divergence:  0.17E+01 at (56,28,1)
       Min divergence: -0.27E+01 at (60,36,1)
       Max VN number :  0.32E+00 at (66,29,28)
       Mesh    6
       Max CFL number:  0.85E+00 at (58,33,23)
       Max divergence:  0.17E+01 at (60,27,28)
       Min divergence: -0.21E+01 at (60,29,1)
       Max VN number :  0.35E+00 at (60,29,28)
       Mesh    7
       Max CFL number:  0.83E+00 at (58,33,6)
       Max divergence:  0.11E+01 at (61,28,1)
       Min divergence: -0.16E+01 at (60,29,1)
       Max VN number :  0.31E+00 at (60,29,1)
 
       Time Step     8000   September  2, 2026  23:59:49
       Step Size:  0.179E-02 s, Total Time:   21.43337 s
       Pressure Iterations: 2
       Maximum Velocity Error:  0.44E-03 on Mesh 7 at (72,64,21)
       Maximum Pressure Error:  0.15E+03 on Mesh 6 at (59,27,28)
       Maximum CFL Number    :  0.89E+00 on Mesh 5 at (58,33,26)
       Maximum VN Number     :  0.35E+00 on Mesh 3 at (57,36,1)
       ---------------------------------------------------------------
       Mesh    1
       Max CFL number:  0.21E+00 at (15,25,34)
       Max divergence:  0.33E+01 at (15,24,2)
       Min divergence: -0.16E+01 at (15,26,7)
       Max VN number :  0.61E-01 at (15,26,38)
       Mesh    2
       Max CFL number:  0.54E+00 at (61,33,24)
       Max divergence:  0.81E+01 at (57,36,24)
       Min divergence: -0.37E+01 at (66,39,8)
       Max VN number :  0.34E+00 at (65,38,5)
       Mesh    3
       Max CFL number:  0.79E+00 at (59,32,24)
       Max divergence:  0.47E+01 at (59,37,1)
       Min divergence: -0.70E+01 at (57,36,1)
       Max VN number :  0.35E+00 at (57,36,1)
       Mesh    4
       Max CFL number:  0.84E+00 at (58,32,28)
       Max divergence:  0.29E+01 at (61,28,1)
       Min divergence: -0.47E+01 at (57,29,1)
       Max VN number :  0.32E+00 at (64,36,1)
       Mesh    5
       Max CFL number:  0.89E+00 at (58,33,26)
       Max divergence:  0.18E+01 at (56,28,1)
       Min divergence: -0.28E+01 at (60,36,1)
       Max VN number :  0.32E+00 at (66,29,28)
       Mesh    6
       Max CFL number:  0.85E+00 at (58,33,23)
       Max divergence:  0.17E+01 at (60,27,28)
       Min divergence: -0.21E+01 at (60,29,1)
       Max VN number :  0.34E+00 at (60,29,28)
       Mesh    7
       Max CFL number:  0.83E+00 at (58,33,5)
       Max divergence:  0.12E+01 at (61,28,1)
       Min divergence: -0.16E+01 at (60,29,1)
       Max VN number :  0.31E+00 at (60,29,1)
 
       Time Step     8100   September  3, 2026  00:03:11
       Step Size:  0.179E-02 s, Total Time:   21.61220 s
       Pressure Iterations: 2
       Maximum Velocity Error:  0.41E-03 on Mesh 7 at (72,64,21)
       Maximum Pressure Error:  0.75E+02 on Mesh 7 at (54,23,22)
       Maximum CFL Number    :  0.89E+00 on Mesh 5 at (58,33,25)
       Maximum VN Number     :  0.35E+00 on Mesh 3 at (57,36,1)
       ---------------------------------------------------------------
       Mesh    1
       Max CFL number:  0.21E+00 at (15,25,34)
       Max divergence:  0.33E+01 at (15,24,2)
       Min divergence: -0.17E+01 at (15,26,7)
       Max VN number :  0.62E-01 at (15,26,38)
       Mesh    2
       Max CFL number:  0.54E+00 at (61,33,24)
       Max divergence:  0.82E+01 at (57,36,24)
       Min divergence: -0.37E+01 at (66,39,8)
       Max VN number :  0.35E+00 at (65,38,5)
       Mesh    3
       Max CFL number:  0.79E+00 at (59,32,24)
       Max divergence:  0.48E+01 at (59,28,1)
       Min divergence: -0.71E+01 at (57,36,1)
       Max VN number :  0.35E+00 at (57,36,1)
       Mesh    4
       Max CFL number:  0.84E+00 at (58,32,28)
       Max divergence:  0.29E+01 at (61,28,1)
       Min divergence: -0.48E+01 at (57,29,1)
       Max VN number :  0.32E+00 at (64,36,1)
       Mesh    5
       Max CFL number:  0.89E+00 at (58,33,25)
       Max divergence:  0.18E+01 at (56,28,1)
       Min divergence: -0.29E+01 at (60,36,1)
       Max VN number :  0.32E+00 at (66,29,28)
       Mesh    6
       Max CFL number:  0.86E+00 at (58,33,23)
       Max divergence:  0.17E+01 at (64,29,28)
       Min divergence: -0.21E+01 at (60,29,1)
       Max VN number :  0.32E+00 at (60,29,28)
       Mesh    7
       Max CFL number:  0.84E+00 at (59,31,7)
       Max divergence:  0.11E+01 at (61,28,1)
       Min divergence: -0.15E+01 at (60,29,1)
       Max VN number :  0.31E+00 at (60,29,1)
 
       Time Step     8200   September  3, 2026  00:06:34
       Step Size:  0.179E-02 s, Total Time:   21.79102 s
       Pressure Iterations: 2
       Maximum Velocity Error:  0.42E-03 on Mesh 7 at (74,64,21)
       Maximum Pressure Error:  0.71E+02 on Mesh 7 at (54,22,22)
       Maximum CFL Number    :  0.90E+00 on Mesh 5 at (58,33,25)
       Maximum VN Number     :  0.35E+00 on Mesh 3 at (57,36,1)
       ---------------------------------------------------------------
       Mesh    1
       Max CFL number:  0.21E+00 at (15,25,32)
       Max divergence:  0.34E+01 at (15,24,2)
       Min divergence: -0.17E+01 at (15,26,7)
       Max VN number :  0.62E-01 at (15,26,38)
       Mesh    2
       Max CFL number:  0.55E+00 at (61,33,24)
       Max divergence:  0.84E+01 at (57,36,24)
       Min divergence: -0.38E+01 at (66,39,8)
       Max VN number :  0.35E+00 at (59,33,5)
       Mesh    3
       Max CFL number:  0.80E+00 at (59,32,24)
       Max divergence:  0.49E+01 at (59,28,1)
       Min divergence: -0.71E+01 at (57,36,1)
       Max VN number :  0.35E+00 at (57,36,1)
       Mesh    4
       Max CFL number:  0.85E+00 at (58,32,28)
       Max divergence:  0.30E+01 at (61,37,1)
       Min divergence: -0.48E+01 at (57,29,1)
       Max VN number :  0.33E+00 at (64,36,1)
       Mesh    5
       Max CFL number:  0.90E+00 at (58,33,25)
       Max divergence:  0.21E+01 at (59,36,28)
       Min divergence: -0.30E+01 at (60,36,1)
       Max VN number :  0.31E+00 at (66,29,28)
       Mesh    6
       Max CFL number:  0.87E+00 at (58,33,28)
       Max divergence:  0.15E+01 at (60,25,28)
       Min divergence: -0.20E+01 at (60,29,1)
       Max VN number :  0.32E+00 at (61,28,1)
       Mesh    7
       Max CFL number:  0.84E+00 at (58,31,6)
       Max divergence:  0.11E+01 at (61,28,1)
       Min divergence: -0.15E+01 at (60,29,1)
       Max VN number :  0.31E+00 at (60,29,1)
 
       Time Step     8300   September  3, 2026  00:09:58
       Step Size:  0.179E-02 s, Total Time:   21.96984 s
       Pressure Iterations: 2
       Maximum Velocity Error:  0.50E-03 on Mesh 2 at (60,34,4)
       Maximum Pressure Error:  0.15E+04 on Mesh 2 at (60,34,5)
       Maximum CFL Number    :  0.91E+00 on Mesh 5 at (58,33,25)
       Maximum VN Number     :  0.36E+00 on Mesh 2 at (60,34,5)
       ---------------------------------------------------------------
       Mesh    1
       Max CFL number:  0.21E+00 at (15,25,32)
       Max divergence:  0.34E+01 at (15,24,2)
       Min divergence: -0.17E+01 at (15,26,7)
       Max VN number :  0.62E-01 at (15,26,38)
       Mesh    2
       Max CFL number:  0.55E+00 at (61,33,24)
       Max divergence:  0.85E+01 at (57,36,24)
       Min divergence: -0.79E+01 at (60,31,5)
       Max VN number :  0.36E+00 at (60,34,5)
       Mesh    3
       Max CFL number:  0.80E+00 at (59,32,24)
       Max divergence:  0.49E+01 at (59,28,1)
       Min divergence: -0.72E+01 at (57,36,1)
       Max VN number :  0.35E+00 at (57,36,1)
       Mesh    4
       Max CFL number:  0.86E+00 at (58,32,28)
       Max divergence:  0.31E+01 at (61,28,1)
       Min divergence: -0.49E+01 at (57,36,1)
       Max VN number :  0.33E+00 at (64,36,1)
       Mesh    5
       Max CFL number:  0.91E+00 at (58,33,25)
       Max divergence:  0.24E+01 at (59,36,28)
       Min divergence: -0.30E+01 at (60,36,1)
       Max VN number :  0.31E+00 at (67,30,28)
       Mesh    6
       Max CFL number:  0.87E+00 at (58,33,28)
       Max divergence:  0.16E+01 at (65,29,28)
       Min divergence: -0.20E+01 at (60,29,1)
       Max VN number :  0.31E+00 at (61,28,1)
       Mesh    7
       Max CFL number:  0.85E+00 at (58,32,6)
       Max divergence:  0.11E+01 at (52,33,1)
       Min divergence: -0.15E+01 at (60,29,1)
       Max VN number :  0.31E+00 at (60,29,1)
 
       Time Step     8400   September  3, 2026  00:13:22
       Step Size:  0.179E-02 s, Total Time:   22.14867 s
       Pressure Iterations: 2
       Maximum Velocity Error:  0.46E-03 on Mesh 7 at (68,64,21)
       Maximum Pressure Error:  0.69E+02 on Mesh 5 at (63,33,24)
       Maximum CFL Number    :  0.91E+00 on Mesh 5 at (58,33,25)
       Maximum VN Number     :  0.36E+00 on Mesh 2 at (60,33,6)
       ---------------------------------------------------------------
       Mesh    1
       Max CFL number:  0.21E+00 at (15,25,31)
       Max divergence:  0.35E+01 at (15,24,2)
       Min divergence: -0.17E+01 at (15,26,7)
       Max VN number :  0.63E-01 at (15,25,38)
       Mesh    2
       Max CFL number:  0.55E+00 at (61,33,24)
       Max divergence:  0.86E+01 at (57,36,24)
       Min divergence: -0.39E+01 at (66,39,8)
       Max VN number :  0.36E+00 at (60,33,6)
       Mesh    3
       Max CFL number:  0.81E+00 at (59,32,24)
       Max divergence:  0.50E+01 at (59,28,1)
       Min divergence: -0.73E+01 at (57,36,1)
       Max VN number :  0.36E+00 at (57,36,1)
       Mesh    4
       Max CFL number:  0.87E+00 at (58,32,28)
       Max divergence:  0.31E+01 at (61,28,1)
       Min divergence: -0.50E+01 at (57,36,1)
       Max VN number :  0.33E+00 at (64,36,1)
       Mesh    5
       Max CFL number:  0.91E+00 at (58,33,25)
       Max divergence:  0.28E+01 at (59,36,28)
       Min divergence: -0.32E+01 at (60,36,1)
       Max VN number :  0.31E+00 at (67,30,28)
       Mesh    6
       Max CFL number:  0.88E+00 at (58,33,28)
       Max divergence:  0.18E+01 at (60,36,28)
       Min divergence: -0.19E+01 at (60,29,1)
       Max VN number :  0.32E+00 at (67,29,28)
       Mesh    7
       Max CFL number:  0.85E+00 at (58,32,6)
       Max divergence:  0.11E+01 at (52,34,1)
       Min divergence: -0.16E+01 at (53,36,1)
       Max VN number :  0.30E+00 at (60,29,1)
 
       Time Step     8500   September  3, 2026  00:16:46
       Step Size:  0.179E-02 s, Total Time:   22.32749 s
       Pressure Iterations: 3
       Maximum Velocity Error:  0.36E-03 on Mesh 2 at (62,32,4)
       Maximum Pressure Error:  0.34E+04 on Mesh 2 at (62,33,5)
       Maximum CFL Number    :  0.91E+00 on Mesh 5 at (58,33,25)
       Maximum VN Number     :  0.37E+00 on Mesh 2 at (60,33,6)
       ---------------------------------------------------------------
       Mesh    1
       Max CFL number:  0.21E+00 at (15,26,31)
       Max divergence:  0.35E+01 at (15,24,2)
       Min divergence: -0.18E+01 at (15,26,7)
       Max VN number :  0.63E-01 at (15,25,38)
       Mesh    2
       Max CFL number:  0.56E+00 at (61,33,24)
       Max divergence:  0.88E+01 at (57,36,24)
       Min divergence: -0.16E+02 at (62,33,5)
       Max VN number :  0.37E+00 at (60,33,6)
       Mesh    3
       Max CFL number:  0.81E+00 at (59,32,24)
       Max divergence:  0.51E+01 at (59,28,1)
       Min divergence: -0.74E+01 at (57,36,1)
       Max VN number :  0.36E+00 at (57,36,1)
       Mesh    4
       Max CFL number:  0.87E+00 at (58,32,28)
       Max divergence:  0.32E+01 at (61,28,1)
       Min divergence: -0.50E+01 at (57,36,1)
       Max VN number :  0.33E+00 at (64,36,1)
       Mesh    5
       Max CFL number:  0.91E+00 at (58,33,25)
       Max divergence:  0.32E+01 at (59,36,28)
       Min divergence: -0.33E+01 at (57,34,28)
       Max VN number :  0.31E+00 at (57,23,28)
       Mesh    6
       Max CFL number:  0.88E+00 at (58,33,28)
       Max divergence:  0.21E+01 at (60,36,28)
       Min divergence: -0.20E+01 at (60,36,1)
       Max VN number :  0.33E+00 at (66,30,28)
       Mesh    7
       Max CFL number:  0.85E+00 at (58,34,6)
       Max divergence:  0.11E+01 at (52,32,1)
       Min divergence: -0.17E+01 at (53,36,1)
       Max VN number :  0.30E+00 at (60,29,1)
 
       Time Step     8600   September  3, 2026  00:20:09
       Step Size:  0.179E-02 s, Total Time:   22.50631 s
       Pressure Iterations: 2
       Maximum Velocity Error:  0.52E-03 on Mesh 7 at (71,64,21)
       Maximum Pressure Error:  0.14E+03 on Mesh 4 at (60,28,26)
       Maximum CFL Number    :  0.92E+00 on Mesh 5 at (58,32,28)
       Maximum VN Number     :  0.38E+00 on Mesh 2 at (60,32,6)
       ---------------------------------------------------------------
       Mesh    1
       Max CFL number:  0.21E+00 at (15,26,25)
       Max divergence:  0.35E+01 at (15,24,2)
       Min divergence: -0.18E+01 at (15,26,7)
       Max VN number :  0.62E-01 at (15,25,38)
       Mesh    2
       Max CFL number:  0.56E+00 at (61,33,24)
       Max divergence:  0.89E+01 at (57,36,24)
       Min divergence: -0.73E+01 at (62,33,5)
       Max VN number :  0.38E+00 at (60,32,6)
       Mesh    3
       Max CFL number:  0.82E+00 at (59,32,24)
       Max divergence:  0.51E+01 at (59,28,1)
       Min divergence: -0.75E+01 at (57,36,1)
       Max VN number :  0.36E+00 at (57,36,1)
       Mesh    4
       Max CFL number:  0.88E+00 at (58,32,28)
       Max divergence:  0.33E+01 at (61,28,1)
       Min divergence: -0.51E+01 at (57,36,1)
       Max VN number :  0.34E+00 at (64,40,28)
       Mesh    5
       Max CFL number:  0.92E+00 at (58,32,28)
       Max divergence:  0.31E+01 at (59,36,28)
       Min divergence: -0.39E+01 at (57,34,28)
       Max VN number :  0.31E+00 at (57,29,1)
       Mesh    6
       Max CFL number:  0.89E+00 at (58,33,28)
       Max divergence:  0.18E+01 at (60,36,28)
       Min divergence: -0.22E+01 at (60,36,1)
       Max VN number :  0.32E+00 at (67,30,28)
       Mesh    7
       Max CFL number:  0.86E+00 at (58,34,6)
       Max divergence:  0.12E+01 at (57,37,1)
       Min divergence: -0.18E+01 at (60,36,1)
       Max VN number :  0.29E+00 at (60,29,1)
 
       Time Step     8700   September  3, 2026  00:23:33
       Step Size:  0.179E-02 s, Total Time:   22.68514 s
       Pressure Iterations: 4
       Maximum Velocity Error:  0.19E-03 on Mesh 2 at (59,34,4)
       Maximum Pressure Error:  0.11E+05 on Mesh 2 at (59,34,5)
       Maximum CFL Number    :  0.92E+00 on Mesh 5 at (58,32,28)
       Maximum VN Number     :  0.38E+00 on Mesh 2 at (60,32,6)
       ---------------------------------------------------------------
       Mesh    1
       Max CFL number:  0.22E+00 at (15,25,34)
       Max divergence:  0.36E+01 at (15,24,2)
       Min divergence: -0.18E+01 at (15,26,7)
       Max VN number :  0.61E-01 at (15,25,38)
       Mesh    2
       Max CFL number:  0.57E+00 at (61,33,24)
       Max divergence:  0.53E+02 at (59,31,5)
       Min divergence: -0.41E+01 at (66,39,8)
       Max VN number :  0.38E+00 at (60,32,6)
       Mesh    3
       Max CFL number:  0.82E+00 at (59,32,24)
       Max divergence:  0.52E+01 at (59,28,1)
       Min divergence: -0.76E+01 at (57,36,1)
       Max VN number :  0.36E+00 at (57,36,1)
       Mesh    4
       Max CFL number:  0.88E+00 at (58,32,28)
       Max divergence:  0.33E+01 at (61,28,1)
       Min divergence: -0.52E+01 at (57,36,1)
       Max VN number :  0.36E+00 at (64,40,28)
       Mesh    5
       Max CFL number:  0.92E+00 at (58,32,28)
       Max divergence:  0.30E+01 at (60,36,28)
       Min divergence: -0.43E+01 at (57,34,28)
       Max VN number :  0.32E+00 at (64,29,28)
       Mesh    6
       Max CFL number:  0.90E+00 at (58,33,28)
       Max divergence:  0.18E+01 at (53,40,28)
       Min divergence: -0.24E+01 at (60,36,1)
       Max VN number :  0.35E+00 at (64,25,28)
       Mesh    7
       Max CFL number:  0.87E+00 at (58,31,6)
       Max divergence:  0.13E+01 at (57,37,1)
       Min divergence: -0.19E+01 at (60,29,1)
       Max VN number :  0.29E+00 at (64,25,1)
 
       Time Step     8800   September  3, 2026  00:26:56
       Step Size:  0.179E-02 s, Total Time:   22.86396 s
       Pressure Iterations: 2
       Maximum Velocity Error:  0.55E-03 on Mesh 7 at (67,0,21)
       Maximum Pressure Error:  0.20E+03 on Mesh 2 at (62,34,5)
       Maximum CFL Number    :  0.93E+00 on Mesh 5 at (58,32,28)
       Maximum VN Number     :  0.39E+00 on Mesh 2 at (60,33,6)
       ---------------------------------------------------------------
       Mesh    1
       Max CFL number:  0.22E+00 at (15,25,33)
       Max divergence:  0.36E+01 at (15,24,2)
       Min divergence: -0.18E+01 at (15,26,7)
       Max VN number :  0.59E-01 at (15,25,38)
       Mesh    2
       Max CFL number:  0.57E+00 at (61,33,24)
       Max divergence:  0.92E+01 at (57,36,24)
       Min divergence: -0.41E+01 at (66,39,8)
       Max VN number :  0.39E+00 at (60,33,6)
       Mesh    3
       Max CFL number:  0.82E+00 at (59,32,24)
       Max divergence:  0.53E+01 at (59,28,1)
       Min divergence: -0.76E+01 at (57,36,1)
       Max VN number :  0.36E+00 at (57,36,1)
       Mesh    4
       Max CFL number:  0.89E+00 at (59,32,28)
       Max divergence:  0.34E+01 at (61,28,1)
       Min divergence: -0.53E+01 at (57,36,1)
       Max VN number :  0.37E+00 at (63,39,28)
       Mesh    5
       Max CFL number:  0.93E+00 at (58,32,28)
       Max divergence:  0.34E+01 at (58,29,28)
       Min divergence: -0.50E+01 at (57,31,28)
       Max VN number :  0.32E+00 at (64,25,28)
       Mesh    6
       Max CFL number:  0.91E+00 at (58,33,28)
       Max divergence:  0.16E+01 at (53,40,28)
       Min divergence: -0.26E+01 at (60,36,1)
       Max VN number :  0.31E+00 at (58,25,28)
       Mesh    7
       Max CFL number:  0.89E+00 at (58,31,5)
       Max divergence:  0.15E+01 at (57,37,1)
       Min divergence: -0.23E+01 at (64,24,21)
       Max VN number :  0.29E+00 at (60,29,1)
 
       Time Step     8900   September  3, 2026  00:30:18
       Step Size:  0.179E-02 s, Total Time:   23.04278 s
       Pressure Iterations: 2
       Maximum Velocity Error:  0.40E-03 on Mesh 7 at (73,0,21)
       Maximum Pressure Error:  0.20E+03 on Mesh 5 at (57,28,22)
       Maximum CFL Number    :  0.94E+00 on Mesh 5 at (58,32,28)
       Maximum VN Number     :  0.40E+00 on Mesh 2 at (60,32,6)
       ---------------------------------------------------------------
       Mesh    1
       Max CFL number:  0.22E+00 at (15,25,27)
       Max divergence:  0.37E+01 at (15,27,2)
       Min divergence: -0.19E+01 at (15,26,7)
       Max VN number :  0.60E-01 at (15,25,38)
       Mesh    2
       Max CFL number:  0.58E+00 at (61,33,24)
       Max divergence:  0.93E+01 at (57,36,24)
       Min divergence: -0.42E+01 at (66,39,8)
       Max VN number :  0.40E+00 at (60,32,6)
       Mesh    3
       Max CFL number:  0.83E+00 at (59,32,24)
       Max divergence:  0.54E+01 at (59,28,1)
       Min divergence: -0.78E+01 at (57,36,1)
       Max VN number :  0.37E+00 at (57,36,1)
       Mesh    4
       Max CFL number:  0.89E+00 at (58,32,28)
       Max divergence:  0.33E+01 at (61,28,1)
       Min divergence: -0.54E+01 at (57,36,1)
       Max VN number :  0.37E+00 at (63,26,28)
       Mesh    5
       Max CFL number:  0.94E+00 at (58,32,28)
       Max divergence:  0.40E+01 at (60,36,28)
       Min divergence: -0.55E+01 at (56,30,28)
       Max VN number :  0.31E+00 at (57,29,1)
       Mesh    6
       Max CFL number:  0.91E+00 at (58,32,28)
       Max divergence:  0.24E+01 at (58,29,28)
       Min divergence: -0.27E+01 at (60,36,1)
       Max VN number :  0.35E+00 at (57,25,28)
       Mesh    7
       Max CFL number:  0.87E+00 at (58,30,6)
       Max divergence:  0.15E+01 at (57,37,1)
       Min divergence: -0.23E+01 at (65,21,21)
       Max VN number :  0.29E+00 at (60,29,1)
 
       Time Step     9000   September  3, 2026  00:33:40
       Step Size:  0.179E-02 s, Total Time:   23.22160 s
       Pressure Iterations: 1
       Maximum Velocity Error:  0.57E-03 on Mesh 7 at (56,64,21)
       Maximum Pressure Error:  0.32E+03 on Mesh 5 at (57,29,27)
       Maximum CFL Number    :  0.94E+00 on Mesh 5 at (58,33,28)
       Maximum VN Number     :  0.40E+00 on Mesh 2 at (60,33,6)
       ---------------------------------------------------------------
       Mesh    1
       Max CFL number:  0.22E+00 at (15,25,27)
       Max divergence:  0.37E+01 at (15,27,2)
       Min divergence: -0.19E+01 at (15,26,7)
       Max VN number :  0.61E-01 at (15,25,38)
       Mesh    2
       Max CFL number:  0.58E+00 at (61,33,24)
       Max divergence:  0.94E+01 at (57,36,24)
       Min divergence: -0.42E+01 at (66,39,8)
       Max VN number :  0.40E+00 at (60,33,6)
       Mesh    3
       Max CFL number:  0.83E+00 at (59,32,24)
       Max divergence:  0.54E+01 at (59,28,1)
       Min divergence: -0.79E+01 at (57,29,1)
       Max VN number :  0.37E+00 at (57,36,1)
       Mesh    4
       Max CFL number:  0.90E+00 at (59,33,28)
       Max divergence:  0.32E+01 at (61,28,1)
       Min divergence: -0.55E+01 at (57,36,1)
       Max VN number :  0.35E+00 at (61,27,28)
       Mesh    5
       Max CFL number:  0.94E+00 at (58,33,28)
       Max divergence:  0.46E+01 at (57,30,28)
       Min divergence: -0.74E+01 at (56,30,28)
       Max VN number :  0.31E+00 at (57,29,1)
       Mesh    6
       Max CFL number:  0.90E+00 at (58,31,28)
       Max divergence:  0.28E+01 at (60,29,28)
       Min divergence: -0.26E+01 at (60,36,1)
       Max VN number :  0.35E+00 at (56,40,28)
       Mesh    7
       Max CFL number:  0.87E+00 at (58,34,6)
       Max divergence:  0.15E+01 at (57,37,1)
       Min divergence: -0.20E+01 at (60,29,1)
       Max VN number :  0.29E+00 at (60,29,1)
 
       Time Step     9100   September  3, 2026  00:37:01
       Step Size:  0.179E-02 s, Total Time:   23.40043 s
       Pressure Iterations: 2
       Maximum Velocity Error:  0.39E-03 on Mesh 7 at (75,0,21)
       Maximum Pressure Error:  0.27E+03 on Mesh 5 at (57,28,26)
       Maximum CFL Number    :  0.95E+00 on Mesh 5 at (58,33,28)
       Maximum VN Number     :  0.40E+00 on Mesh 2 at (60,33,6)
       ---------------------------------------------------------------
       Mesh    1
       Max CFL number:  0.22E+00 at (15,25,27)
       Max divergence:  0.38E+01 at (15,24,2)
       Min divergence: -0.19E+01 at (15,26,7)
       Max VN number :  0.62E-01 at (15,25,38)
       Mesh    2
       Max CFL number:  0.58E+00 at (61,33,24)
       Max divergence:  0.96E+01 at (49,40,5)
       Min divergence: -0.43E+01 at (66,39,8)
       Max VN number :  0.40E+00 at (60,33,6)
       Mesh    3
       Max CFL number:  0.84E+00 at (59,32,24)
       Max divergence:  0.55E+01 at (59,37,1)
       Min divergence: -0.79E+01 at (57,29,1)
       Max VN number :  0.37E+00 at (57,36,1)
       Mesh    4
       Max CFL number:  0.90E+00 at (59,33,28)
       Max divergence:  0.31E+01 at (61,28,1)
       Min divergence: -0.56E+01 at (57,36,1)
       Max VN number :  0.34E+00 at (64,29,1)
       Mesh    5
       Max CFL number:  0.95E+00 at (58,33,28)
       Max divergence:  0.50E+01 at (60,29,28)
       Min divergence: -0.68E+01 at (57,31,28)
       Max VN number :  0.31E+00 at (60,29,28)
       Mesh    6
       Max CFL number:  0.90E+00 at (58,33,28)
       Max divergence:  0.21E+01 at (57,37,1)
       Min divergence: -0.27E+01 at (60,36,1)
       Max VN number :  0.33E+00 at (55,40,28)
       Mesh    7
       Max CFL number:  0.88E+00 at (58,34,5)
       Max divergence:  0.16E+01 at (57,28,1)
       Min divergence: -0.21E+01 at (68,19,21)
       Max VN number :  0.30E+00 at (60,29,1)
 
       Time Step     9200   September  3, 2026  00:40:20
       Step Size:  0.179E-02 s, Total Time:   23.57925 s
       Pressure Iterations: 2
       Maximum Velocity Error:  0.34E-03 on Mesh 7 at (67,43,21)
       Maximum Pressure Error:  0.19E+03 on Mesh 5 at (61,29,23)
       Maximum CFL Number    :  0.95E+00 on Mesh 5 at (58,33,28)
       Maximum VN Number     :  0.41E+00 on Mesh 2 at (60,33,6)
       ---------------------------------------------------------------
       Mesh    1
       Max CFL number:  0.22E+00 at (15,25,29)
       Max divergence:  0.38E+01 at (15,24,2)
       Min divergence: -0.19E+01 at (15,26,7)
       Max VN number :  0.64E-01 at (15,25,38)
       Mesh    2
       Max CFL number:  0.59E+00 at (61,33,24)
       Max divergence:  0.98E+01 at (49,40,5)
       Min divergence: -0.43E+01 at (66,39,8)
       Max VN number :  0.41E+00 at (60,33,6)
       Mesh    3
       Max CFL number:  0.85E+00 at (59,33,24)
       Max divergence:  0.56E+01 at (59,28,1)
       Min divergence: -0.81E+01 at (57,29,1)
       Max VN number :  0.37E+00 at (57,29,1)
       Mesh    4
       Max CFL number:  0.90E+00 at (59,33,28)
       Max divergence:  0.29E+01 at (58,37,1)
       Min divergence: -0.56E+01 at (57,36,1)
       Max VN number :  0.34E+00 at (64,29,1)
       Mesh    5
       Max CFL number:  0.95E+00 at (58,33,28)
       Max divergence:  0.47E+01 at (60,29,28)
       Min divergence: -0.60E+01 at (57,34,28)
       Max VN number :  0.32E+00 at (60,29,28)
       Mesh    6
       Max CFL number:  0.91E+00 at (58,33,28)
       Max divergence:  0.22E+01 at (57,37,1)
       Min divergence: -0.29E+01 at (60,36,1)
       Max VN number :  0.32E+00 at (52,40,28)
       Mesh    7
       Max CFL number:  0.89E+00 at (58,34,5)
       Max divergence:  0.15E+01 at (57,28,1)
       Min divergence: -0.21E+01 at (60,29,1)
       Max VN number :  0.30E+00 at (60,29,1)
 
       Time Step     9300   September  3, 2026  00:43:42
       Step Size:  0.179E-02 s, Total Time:   23.75807 s
       Pressure Iterations: 3
       Maximum Velocity Error:  0.68E-03 on Mesh 2 at (61,35,4)
       Maximum Pressure Error:  0.57E+04 on Mesh 2 at (61,35,4)
       Maximum CFL Number    :  0.97E+00 on Mesh 5 at (58,33,28)
       Maximum VN Number     :  0.41E+00 on Mesh 2 at (61,32,6)
       ---------------------------------------------------------------
       Mesh    1
       Max CFL number:  0.22E+00 at (15,25,29)
       Max divergence:  0.39E+01 at (15,24,2)
       Min divergence: -0.20E+01 at (15,26,7)
       Max VN number :  0.65E-01 at (15,25,38)
       Mesh    2
       Max CFL number:  0.59E+00 at (61,33,24)
       Max divergence:  0.62E+02 at (61,35,5)
       Min divergence: -0.44E+01 at (66,39,8)
       Max VN number :  0.41E+00 at (61,32,6)
       Mesh    3
       Max CFL number:  0.85E+00 at (59,33,24)
       Max divergence:  0.57E+01 at (59,28,1)
       Min divergence: -0.81E+01 at (57,29,1)
       Max VN number :  0.38E+00 at (57,36,1)
       Mesh    4
       Max CFL number:  0.91E+00 at (59,33,28)
       Max divergence:  0.30E+01 at (58,37,1)
       Min divergence: -0.57E+01 at (57,36,1)
       Max VN number :  0.34E+00 at (64,36,1)
       Mesh    5
       Max CFL number:  0.97E+00 at (58,33,28)
       Max divergence:  0.38E+01 at (60,29,28)
       Min divergence: -0.67E+01 at (58,34,28)
       Max VN number :  0.33E+00 at (64,36,1)
       Mesh    6
       Max CFL number:  0.91E+00 at (59,32,28)
       Max divergence:  0.23E+01 at (57,37,1)
       Min divergence: -0.29E+01 at (60,36,1)
       Max VN number :  0.33E+00 at (52,40,28)
       Mesh    7
       Max CFL number:  0.89E+00 at (58,34,6)
       Max divergence:  0.15E+01 at (58,28,1)
       Min divergence: -0.21E+01 at (60,29,1)
       Max VN number :  0.30E+00 at (60,29,1)
 
       Time Step     9400   September  3, 2026  00:47:04
       Step Size:  0.179E-02 s, Total Time:   23.93690 s
       Pressure Iterations: 4
       Maximum Velocity Error:  0.43E-03 on Mesh 2 at (58,32,4)
       Maximum Pressure Error:  0.20E+05 on Mesh 2 at (58,32,5)
       Maximum CFL Number    :  0.96E+00 on Mesh 5 at (58,32,28)
       Maximum VN Number     :  0.42E+00 on Mesh 2 at (61,33,6)
       ---------------------------------------------------------------
       Mesh    1
       Max CFL number:  0.22E+00 at (15,25,30)
       Max divergence:  0.39E+01 at (15,24,2)
       Min divergence: -0.20E+01 at (15,26,7)
       Max VN number :  0.65E-01 at (15,26,38)
       Mesh    2
       Max CFL number:  0.59E+00 at (61,33,24)
       Max divergence:  0.53E+02 at (62,35,5)
       Min divergence: -0.18E+02 at (62,30,5)
       Max VN number :  0.42E+00 at (61,33,6)
       Mesh    3
       Max CFL number:  0.86E+00 at (59,33,24)
       Max divergence:  0.58E+01 at (59,28,1)
       Min divergence: -0.82E+01 at (57,29,1)
       Max VN number :  0.38E+00 at (57,36,1)
       Mesh    4
       Max CFL number:  0.92E+00 at (59,32,28)
       Max divergence:  0.31E+01 at (59,37,1)
       Min divergence: -0.58E+01 at (57,36,1)
       Max VN number :  0.34E+00 at (64,36,1)
       Mesh    5
       Max CFL number:  0.96E+00 at (58,32,28)
       Max divergence:  0.27E+01 at (57,37,1)
       Min divergence: -0.64E+01 at (59,32,28)
       Max VN number :  0.34E+00 at (64,29,1)
       Mesh    6
       Max CFL number:  0.92E+00 at (58,32,22)
       Max divergence:  0.22E+01 at (57,37,1)
       Min divergence: -0.29E+01 at (60,36,1)
       Max VN number :  0.32E+00 at (51,40,28)
       Mesh    7
       Max CFL number:  0.90E+00 at (58,34,7)
       Max divergence:  0.14E+01 at (61,37,1)
       Min divergence: -0.20E+01 at (60,29,1)
       Max VN number :  0.30E+00 at (60,29,1)
 
       Time Step     9500   September  3, 2026  00:50:28
       Step Size:  0.179E-02 s, Total Time:   24.11572 s
       Pressure Iterations: 2
       Maximum Velocity Error:  0.23E-03 on Mesh 7 at (56,64,21)
       Maximum Pressure Error:  0.21E+04 on Mesh 2 at (61,33,6)
       Maximum CFL Number    :  0.95E+00 on Mesh 5 at (58,32,28)
       Maximum VN Number     :  0.43E+00 on Mesh 2 at (61,32,6)
       ---------------------------------------------------------------
       Mesh    1
       Max CFL number:  0.23E+00 at (15,25,31)
       Max divergence:  0.40E+01 at (15,24,2)
       Min divergence: -0.20E+01 at (15,26,7)
       Max VN number :  0.66E-01 at (15,26,38)
       Mesh    2
       Max CFL number:  0.60E+00 at (61,33,24)
       Max divergence:  0.10E+02 at (49,40,5)
       Min divergence: -0.15E+02 at (61,33,6)
       Max VN number :  0.43E+00 at (61,32,6)
       Mesh    3
       Max CFL number:  0.87E+00 at (59,33,24)
       Max divergence:  0.58E+01 at (59,37,1)
       Min divergence: -0.83E+01 at (57,29,1)
       Max VN number :  0.38E+00 at (57,36,1)
       Mesh    4
       Max CFL number:  0.92E+00 at (59,33,28)
       Max divergence:  0.32E+01 at (59,37,1)
       Min divergence: -0.59E+01 at (57,29,1)
       Max VN number :  0.34E+00 at (64,36,1)
       Mesh    5
       Max CFL number:  0.95E+00 at (58,32,28)
       Max divergence:  0.28E+01 at (61,37,1)
       Min divergence: -0.62E+01 at (58,31,28)
       Max VN number :  0.35E+00 at (64,29,1)
       Mesh    6
       Max CFL number:  0.93E+00 at (58,32,26)
       Max divergence:  0.20E+01 at (61,37,1)
       Min divergence: -0.28E+01 at (64,36,1)
       Max VN number :  0.33E+00 at (53,30,28)
       Mesh    7
       Max CFL number:  0.90E+00 at (58,34,7)
       Max divergence:  0.13E+01 at (58,28,1)
       Min divergence: -0.19E+01 at (60,29,1)
       Max VN number :  0.30E+00 at (60,36,1)
 
       Time Step     9600   September  3, 2026  00:53:52
       Step Size:  0.160E-02 s, Total Time:   24.28318 s
       Pressure Iterations: 2
       Maximum Velocity Error:  0.42E-03 on Mesh 2 at (63,32,4)
       Maximum Pressure Error:  0.16E+04 on Mesh 2 at (63,32,5)
       Maximum CFL Number    :  0.85E+00 on Mesh 6 at (58,32,25)
       Maximum VN Number     :  0.38E+00 on Mesh 2 at (59,32,6)
       ---------------------------------------------------------------
       Mesh    1
       Max CFL number:  0.20E+00 at (15,25,31)
       Max divergence:  0.40E+01 at (15,24,2)
       Min divergence: -0.20E+01 at (15,26,7)
       Max VN number :  0.60E-01 at (15,26,38)
       Mesh    2
       Max CFL number:  0.54E+00 at (61,33,24)
       Max divergence:  0.10E+02 at (49,25,5)
       Min divergence: -0.13E+02 at (59,30,5)
       Max VN number :  0.38E+00 at (59,32,6)
       Mesh    3
       Max CFL number:  0.78E+00 at (59,33,24)
       Max divergence:  0.59E+01 at (59,28,1)
       Min divergence: -0.84E+01 at (57,36,1)
       Max VN number :  0.34E+00 at (57,36,1)
       Mesh    4
       Max CFL number:  0.83E+00 at (59,33,28)
       Max divergence:  0.32E+01 at (59,28,1)
       Min divergence: -0.59E+01 at (57,29,1)
       Max VN number :  0.31E+00 at (64,36,1)
       Mesh    5
       Max CFL number:  0.84E+00 at (58,32,28)
       Max divergence:  0.28E+01 at (61,37,1)
       Min divergence: -0.40E+01 at (64,29,1)
       Max VN number :  0.31E+00 at (64,29,1)
       Mesh    6
       Max CFL number:  0.85E+00 at (58,32,25)
       Max divergence:  0.20E+01 at (61,37,1)
       Min divergence: -0.27E+01 at (64,36,1)
       Max VN number :  0.31E+00 at (53,35,28)
       Mesh    7
       Max CFL number:  0.82E+00 at (58,34,7)
       Max divergence:  0.13E+01 at (58,28,1)
       Min divergence: -0.19E+01 at (60,36,1)
       Max VN number :  0.28E+00 at (60,36,1)
 
       Time Step     9700   September  3, 2026  00:57:14
       Step Size:  0.160E-02 s, Total Time:   24.44367 s
       Pressure Iterations: 3
       Maximum Velocity Error:  0.69E-03 on Mesh 2 at (63,34,4)
       Maximum Pressure Error:  0.77E+04 on Mesh 2 at (63,34,4)
       Maximum CFL Number    :  0.85E+00 on Mesh 5 at (58,32,28)
       Maximum VN Number     :  0.39E+00 on Mesh 2 at (59,33,6)
       ---------------------------------------------------------------
       Mesh    1
       Max CFL number:  0.20E+00 at (15,25,31)
       Max divergence:  0.41E+01 at (15,24,2)
       Min divergence: -0.21E+01 at (15,26,7)
       Max VN number :  0.60E-01 at (15,26,38)
       Mesh    2
       Max CFL number:  0.55E+00 at (61,33,24)
       Max divergence:  0.49E+02 at (63,31,5)
       Min divergence: -0.92E+01 at (63,33,5)
       Max VN number :  0.39E+00 at (59,33,6)
       Mesh    3
       Max CFL number:  0.78E+00 at (59,33,24)
       Max divergence:  0.60E+01 at (59,28,1)
       Min divergence: -0.85E+01 at (57,36,1)
       Max VN number :  0.34E+00 at (57,36,1)
       Mesh    4
       Max CFL number:  0.84E+00 at (59,32,28)
       Max divergence:  0.32E+01 at (59,37,1)
       Min divergence: -0.60E+01 at (57,36,1)
       Max VN number :  0.31E+00 at (64,36,1)
       Mesh    5
       Max CFL number:  0.85E+00 at (58,32,28)
       Max divergence:  0.28E+01 at (61,37,1)
       Min divergence: -0.42E+01 at (64,29,1)
       Max VN number :  0.32E+00 at (64,29,1)
       Mesh    6
       Max CFL number:  0.85E+00 at (58,32,26)
       Max divergence:  0.20E+01 at (57,40,28)
       Min divergence: -0.28E+01 at (60,29,1)
       Max VN number :  0.30E+00 at (53,30,28)
       Mesh    7
       Max CFL number:  0.82E+00 at (58,34,7)
       Max divergence:  0.13E+01 at (58,37,1)
       Min divergence: -0.19E+01 at (60,36,1)
       Max VN number :  0.28E+00 at (60,36,1)
 
       Time Step     9800   September  3, 2026  01:00:36
       Step Size:  0.160E-02 s, Total Time:   24.60416 s
       Pressure Iterations: 3
       Maximum Velocity Error:  0.62E-03 on Mesh 2 at (63,33,4)
       Maximum Pressure Error:  0.11E+05 on Mesh 2 at (63,33,5)
       Maximum CFL Number    :  0.86E+00 on Mesh 5 at (58,32,28)
       Maximum VN Number     :  0.40E+00 on Mesh 2 at (59,32,6)
       ---------------------------------------------------------------
       Mesh    1
       Max CFL number:  0.20E+00 at (15,25,31)
       Max divergence:  0.41E+01 at (15,24,2)
       Min divergence: -0.21E+01 at (15,26,7)
       Max VN number :  0.61E-01 at (15,26,38)
       Mesh    2
       Max CFL number:  0.55E+00 at (61,33,24)
       Max divergence:  0.11E+02 at (49,25,5)
       Min divergence: -0.29E+02 at (63,33,5)
       Max VN number :  0.40E+00 at (59,32,6)
       Mesh    3
       Max CFL number:  0.79E+00 at (59,33,24)
       Max divergence:  0.60E+01 at (59,28,1)
       Min divergence: -0.86E+01 at (57,36,1)
       Max VN number :  0.35E+00 at (57,36,1)
       Mesh    4
       Max CFL number:  0.84E+00 at (59,32,28)
       Max divergence:  0.33E+01 at (59,28,1)
       Min divergence: -0.61E+01 at (57,29,1)
       Max VN number :  0.31E+00 at (64,36,1)
       Mesh    5
       Max CFL number:  0.86E+00 at (58,32,28)
       Max divergence:  0.28E+01 at (61,37,1)
       Min divergence: -0.44E+01 at (64,29,1)
       Max VN number :  0.32E+00 at (64,29,1)
       Mesh    6
       Max CFL number:  0.85E+00 at (58,32,24)
       Max divergence:  0.21E+01 at (57,28,1)
       Min divergence: -0.29E+01 at (60,29,1)
       Max VN number :  0.29E+00 at (57,40,28)
       Mesh    7
       Max CFL number:  0.82E+00 at (59,34,6)
       Max divergence:  0.14E+01 at (58,37,1)
       Min divergence: -0.20E+01 at (60,36,1)
       Max VN number :  0.27E+00 at (60,36,1)
 
       Time Step     9900   September  3, 2026  01:03:58
       Step Size:  0.160E-02 s, Total Time:   24.76465 s
       Pressure Iterations: 4
       Maximum Velocity Error:  0.46E-03 on Mesh 2 at (63,33,4)
       Maximum Pressure Error:  0.15E+05 on Mesh 2 at (64,33,5)
       Maximum CFL Number    :  0.87E+00 on Mesh 5 at (58,32,28)
       Maximum VN Number     :  0.40E+00 on Mesh 2 at (59,33,6)
       ---------------------------------------------------------------
       Mesh    1
       Max CFL number:  0.21E+00 at (15,25,31)
       Max divergence:  0.42E+01 at (15,24,2)
       Min divergence: -0.21E+01 at (15,26,7)
       Max VN number :  0.61E-01 at (15,26,38)
       Mesh    2
       Max CFL number:  0.55E+00 at (61,33,24)
       Max divergence:  0.97E+02 at (63,32,5)
       Min divergence: -0.48E+01 at (60,32,8)
       Max VN number :  0.40E+00 at (59,33,6)
       Mesh    3
       Max CFL number:  0.79E+00 at (59,33,24)
       Max divergence:  0.61E+01 at (59,28,1)
       Min divergence: -0.86E+01 at (57,29,1)
       Max VN number :  0.35E+00 at (57,36,1)
       Mesh    4
       Max CFL number:  0.84E+00 at (59,32,28)
       Max divergence:  0.33E+01 at (59,28,1)
       Min divergence: -0.62E+01 at (57,29,1)
       Max VN number :  0.31E+00 at (64,29,1)
       Mesh    5
       Max CFL number:  0.87E+00 at (58,32,28)
       Max divergence:  0.28E+01 at (61,37,1)
       Min divergence: -0.43E+01 at (64,29,1)
       Max VN number :  0.32E+00 at (64,29,1)
       Mesh    6
       Max CFL number:  0.86E+00 at (58,32,24)
       Max divergence:  0.21E+01 at (57,28,1)
       Min divergence: -0.29E+01 at (60,29,1)
       Max VN number :  0.30E+00 at (57,40,28)
       Mesh    7
       Max CFL number:  0.82E+00 at (59,34,6)
       Max divergence:  0.14E+01 at (58,37,1)
       Min divergence: -0.20E+01 at (60,36,1)
       Max VN number :  0.27E+00 at (60,36,1)
 
       Time Step    10000   September  3, 2026  01:07:17
       Step Size:  0.160E-02 s, Total Time:   24.92515 s
       Pressure Iterations: 2
       Maximum Velocity Error:  0.43E-03 on Mesh 7 at (50,64,21)
       Maximum Pressure Error:  0.24E+03 on Mesh 5 at (58,36,17)
       Maximum CFL Number    :  0.88E+00 on Mesh 5 at (58,33,28)
       Maximum VN Number     :  0.41E+00 on Mesh 2 at (59,33,6)
       ---------------------------------------------------------------
       Mesh    1
       Max CFL number:  0.21E+00 at (15,26,31)
       Max divergence:  0.42E+01 at (15,24,2)
       Min divergence: -0.21E+01 at (15,26,7)
       Max VN number :  0.61E-01 at (15,26,38)
       Mesh    2
       Max CFL number:  0.56E+00 at (61,33,24)
       Max divergence:  0.11E+02 at (49,25,5)
       Min divergence: -0.49E+01 at (60,32,8)
       Max VN number :  0.41E+00 at (59,33,6)
       Mesh    3
       Max CFL number:  0.79E+00 at (59,33,24)
       Max divergence:  0.62E+01 at (59,28,1)
       Min divergence: -0.87E+01 at (57,36,1)
       Max VN number :  0.35E+00 at (57,36,1)
       Mesh    4
       Max CFL number:  0.85E+00 at (59,32,28)
       Max divergence:  0.33E+01 at (59,28,1)
       Min divergence: -0.61E+01 at (57,29,1)
       Max VN number :  0.31E+00 at (64,29,1)
       Mesh    5
       Max CFL number:  0.88E+00 at (58,33,28)
       Max divergence:  0.28E+01 at (61,37,1)
       Min divergence: -0.44E+01 at (64,29,1)
       Max VN number :  0.32E+00 at (64,29,1)
       Mesh    6
       Max CFL number:  0.87E+00 at (58,32,24)
       Max divergence:  0.22E+01 at (57,28,1)
       Min divergence: -0.29E+01 at (60,29,1)
       Max VN number :  0.30E+00 at (57,40,28)
       Mesh    7
       Max CFL number:  0.83E+00 at (59,34,6)
       Max divergence:  0.14E+01 at (58,28,1)
       Min divergence: -0.20E+01 at (60,29,1)
       Max VN number :  0.28E+00 at (56,64,20)
 
       Time Step    10100   September  3, 2026  01:10:39
       Step Size:  0.160E-02 s, Total Time:   25.08564 s
       Pressure Iterations: 3
       Maximum Velocity Error:  0.36E-03 on Mesh 7 at (52,0,21)
       Maximum Pressure Error:  0.59E+04 on Mesh 2 at (63,35,5)
       Maximum CFL Number    :  0.88E+00 on Mesh 5 at (58,33,28)
       Maximum VN Number     :  0.41E+00 on Mesh 2 at (61,34,6)
       ---------------------------------------------------------------
       Mesh    1
       Max CFL number:  0.21E+00 at (15,26,31)
       Max divergence:  0.43E+01 at (15,24,2)
       Min divergence: -0.21E+01 at (15,26,7)
       Max VN number :  0.61E-01 at (15,25,38)
       Mesh    2
       Max CFL number:  0.56E+00 at (61,33,24)
       Max divergence:  0.11E+02 at (49,25,5)
       Min divergence: -0.30E+02 at (63,35,5)
       Max VN number :  0.41E+00 at (61,34,6)
       Mesh    3
       Max CFL number:  0.80E+00 at (59,33,24)
       Max divergence:  0.62E+01 at (59,28,1)
       Min divergence: -0.88E+01 at (57,36,1)
       Max VN number :  0.35E+00 at (57,36,1)
       Mesh    4
       Max CFL number:  0.85E+00 at (59,33,28)
       Max divergence:  0.33E+01 at (59,37,1)
       Min divergence: -0.62E+01 at (57,29,1)
       Max VN number :  0.31E+00 at (64,36,1)
       Mesh    5
       Max CFL number:  0.88E+00 at (58,33,28)
       Max divergence:  0.29E+01 at (61,37,1)
       Min divergence: -0.43E+01 at (64,29,1)
       Max VN number :  0.32E+00 at (64,29,1)
       Mesh    6
       Max CFL number:  0.87E+00 at (58,33,24)
       Max divergence:  0.22E+01 at (57,28,1)
       Min divergence: -0.30E+01 at (60,29,1)
       Max VN number :  0.31E+00 at (57,40,28)
       Mesh    7
       Max CFL number:  0.83E+00 at (59,34,6)
       Max divergence:  0.14E+01 at (58,28,1)
       Min divergence: -0.20E+01 at (60,29,1)
       Max VN number :  0.28E+00 at (56,64,20)
 
       Time Step    10200   September  3, 2026  01:14:03
       Step Size:  0.160E-02 s, Total Time:   25.24613 s
       Pressure Iterations: 4
       Maximum Velocity Error:  0.21E-03 on Mesh 2 at (58,30,4)
       Maximum Pressure Error:  0.89E+04 on Mesh 2 at (58,30,4)
       Maximum CFL Number    :  0.88E+00 on Mesh 5 at (58,32,28)
       Maximum VN Number     :  0.41E+00 on Mesh 2 at (61,34,6)
       ---------------------------------------------------------------
       Mesh    1
       Max CFL number:  0.21E+00 at (15,26,31)
       Max divergence:  0.43E+01 at (15,24,2)
       Min divergence: -0.21E+01 at (15,26,7)
       Max VN number :  0.61E-01 at (15,25,38)
       Mesh    2
       Max CFL number:  0.56E+00 at (61,33,24)
       Max divergence:  0.70E+02 at (58,30,5)
       Min divergence: -0.51E+01 at (61,32,8)
       Max VN number :  0.41E+00 at (61,34,6)
       Mesh    3
       Max CFL number:  0.80E+00 at (59,33,24)
       Max divergence:  0.62E+01 at (59,28,1)
       Min divergence: -0.88E+01 at (57,36,1)
       Max VN number :  0.35E+00 at (57,36,1)
       Mesh    4
       Max CFL number:  0.85E+00 at (59,32,28)
       Max divergence:  0.34E+01 at (59,28,1)
       Min divergence: -0.62E+01 at (57,36,1)
       Max VN number :  0.31E+00 at (64,36,1)
       Mesh    5
       Max CFL number:  0.88E+00 at (58,32,28)
       Max divergence:  0.29E+01 at (61,37,1)
       Min divergence: -0.41E+01 at (64,29,1)
       Max VN number :  0.32E+00 at (64,29,1)
       Mesh    6
       Max CFL number:  0.88E+00 at (58,33,26)
       Max divergence:  0.22E+01 at (57,40,28)
       Min divergence: -0.30E+01 at (60,29,1)
       Max VN number :  0.31E+00 at (57,40,28)
       Mesh    7
       Max CFL number:  0.83E+00 at (59,34,6)
       Max divergence:  0.14E+01 at (58,28,1)
       Min divergence: -0.20E+01 at (60,29,1)
       Max VN number :  0.28E+00 at (56,64,20)
 
       Time Step    10300   September  3, 2026  01:17:25
       Step Size:  0.160E-02 s, Total Time:   25.40662 s
       Pressure Iterations: 2
       Maximum Velocity Error:  0.50E-03 on Mesh 2 at (58,35,4)
       Maximum Pressure Error:  0.23E+04 on Mesh 2 at (58,35,5)
       Maximum CFL Number    :  0.88E+00 on Mesh 6 at (58,33,26)
       Maximum VN Number     :  0.41E+00 on Mesh 2 at (61,34,6)
       ---------------------------------------------------------------
       Mesh    1
       Max CFL number:  0.21E+00 at (15,26,31)
       Max divergence:  0.43E+01 at (15,24,2)
       Min divergence: -0.22E+01 at (15,26,7)
       Max VN number :  0.61E-01 at (15,25,38)
       Mesh    2
       Max CFL number:  0.56E+00 at (61,33,24)
       Max divergence:  0.11E+02 at (49,25,5)
       Min divergence: -0.55E+01 at (63,30,5)
       Max VN number :  0.41E+00 at (61,34,6)
       Mesh    3
       Max CFL number:  0.80E+00 at (59,33,24)
       Max divergence:  0.62E+01 at (59,28,1)
       Min divergence: -0.87E+01 at (57,36,1)
       Max VN number :  0.35E+00 at (57,36,1)
       Mesh    4
       Max CFL number:  0.85E+00 at (59,33,28)
       Max divergence:  0.34E+01 at (59,28,1)
       Min divergence: -0.63E+01 at (57,29,1)
       Max VN number :  0.31E+00 at (64,36,1)
       Mesh    5
       Max CFL number:  0.88E+00 at (58,33,28)
       Max divergence:  0.29E+01 at (61,37,1)
       Min divergence: -0.39E+01 at (64,29,1)
       Max VN number :  0.32E+00 at (64,29,1)
       Mesh    6
       Max CFL number:  0.88E+00 at (58,33,26)
       Max divergence:  0.22E+01 at (57,40,28)
       Min divergence: -0.29E+01 at (60,29,1)
       Max VN number :  0.31E+00 at (57,40,28)
       Mesh    7
       Max CFL number:  0.83E+00 at (59,34,6)
       Max divergence:  0.14E+01 at (58,28,1)
       Min divergence: -0.20E+01 at (60,29,1)
       Max VN number :  0.28E+00 at (56,64,20)
 
       Time Step    10400   September  3, 2026  01:20:48
       Step Size:  0.160E-02 s, Total Time:   25.56712 s
       Pressure Iterations: 3
       Maximum Velocity Error:  0.33E-03 on Mesh 2 at (58,30,4)
       Maximum Pressure Error:  0.62E+04 on Mesh 2 at (63,35,5)
       Maximum CFL Number    :  0.89E+00 on Mesh 6 at (58,32,26)
       Maximum VN Number     :  0.41E+00 on Mesh 2 at (61,34,6)
       ---------------------------------------------------------------
       Mesh    1
       Max CFL number:  0.21E+00 at (15,26,31)
       Max divergence:  0.43E+01 at (15,24,2)
       Min divergence: -0.21E+01 at (15,26,7)
       Max VN number :  0.61E-01 at (15,25,38)
       Mesh    2
       Max CFL number:  0.56E+00 at (61,33,24)
       Max divergence:  0.11E+02 at (49,25,5)
       Min divergence: -0.30E+02 at (63,35,5)
       Max VN number :  0.41E+00 at (61,34,6)
       Mesh    3
       Max CFL number:  0.80E+00 at (59,33,24)
       Max divergence:  0.62E+01 at (59,28,1)
       Min divergence: -0.88E+01 at (57,29,1)
       Max VN number :  0.35E+00 at (57,36,1)
       Mesh    4
       Max CFL number:  0.86E+00 at (59,33,28)
       Max divergence:  0.34E+01 at (59,28,1)
       Min divergence: -0.63E+01 at (57,29,1)
       Max VN number :  0.31E+00 at (64,36,1)
       Mesh    5
       Max CFL number:  0.88E+00 at (58,33,28)
       Max divergence:  0.29E+01 at (61,37,1)
       Min divergence: -0.38E+01 at (57,36,1)
       Max VN number :  0.32E+00 at (64,29,1)
       Mesh    6
       Max CFL number:  0.89E+00 at (58,32,26)
       Max divergence:  0.22E+01 at (57,40,28)
       Min divergence: -0.28E+01 at (60,29,1)
       Max VN number :  0.31E+00 at (57,40,28)
       Mesh    7
       Max CFL number:  0.83E+00 at (59,34,6)
       Max divergence:  0.14E+01 at (58,28,1)
       Min divergence: -0.19E+01 at (60,29,1)
       Max VN number :  0.28E+00 at (56,64,20)
 
       Time Step    10500   September  3, 2026  01:24:11
       Step Size:  0.160E-02 s, Total Time:   25.72761 s
       Pressure Iterations: 1
       Maximum Velocity Error:  0.67E-03 on Mesh 7 at (42,0,21)
       Maximum Pressure Error:  0.51E+03 on Mesh 5 at (59,37,21)
       Maximum CFL Number    :  0.89E+00 on Mesh 6 at (58,33,28)
       Maximum VN Number     :  0.41E+00 on Mesh 2 at (61,34,6)
       ---------------------------------------------------------------
       Mesh    1
       Max CFL number:  0.21E+00 at (15,26,31)
       Max divergence:  0.43E+01 at (15,24,2)
       Min divergence: -0.21E+01 at (15,26,7)
       Max VN number :  0.62E-01 at (15,25,38)
       Mesh    2
       Max CFL number:  0.56E+00 at (61,33,24)
       Max divergence:  0.11E+02 at (49,25,5)
       Min divergence: -0.86E+01 at (58,30,5)
       Max VN number :  0.41E+00 at (61,34,6)
       Mesh    3
       Max CFL number:  0.80E+00 at (59,33,24)
       Max divergence:  0.62E+01 at (59,28,1)
       Min divergence: -0.88E+01 at (57,36,1)
       Max VN number :  0.35E+00 at (57,36,1)
       Mesh    4
       Max CFL number:  0.85E+00 at (59,32,28)
       Max divergence:  0.34E+01 at (59,28,1)
       Min divergence: -0.63E+01 at (57,29,1)
       Max VN number :  0.31E+00 at (57,36,1)
       Mesh    5
       Max CFL number:  0.87E+00 at (58,32,28)
       Max divergence:  0.28E+01 at (61,28,1)
       Min divergence: -0.38E+01 at (57,36,1)
       Max VN number :  0.32E+00 at (64,29,1)
       Mesh    6
       Max CFL number:  0.89E+00 at (58,33,28)
       Max divergence:  0.23E+01 at (58,40,28)
       Min divergence: -0.28E+01 at (60,29,1)
       Max VN number :  0.31E+00 at (53,36,28)
       Mesh    7
       Max CFL number:  0.83E+00 at (59,34,5)
       Max divergence:  0.14E+01 at (60,28,1)
       Min divergence: -0.19E+01 at (60,29,1)
       Max VN number :  0.28E+00 at (56,64,20)
 
       Time Step    10600   September  3, 2026  01:27:34
       Step Size:  0.160E-02 s, Total Time:   25.88810 s
       Pressure Iterations: 4
       Maximum Velocity Error:  0.21E-03 on Mesh 2 at (58,30,4)
       Maximum Pressure Error:  0.81E+04 on Mesh 2 at (58,30,4)
       Maximum CFL Number    :  0.89E+00 on Mesh 6 at (58,32,28)
       Maximum VN Number     :  0.41E+00 on Mesh 2 at (61,34,6)
       ---------------------------------------------------------------
       Mesh    1
       Max CFL number:  0.21E+00 at (15,26,34)
       Max divergence:  0.43E+01 at (15,24,2)
       Min divergence: -0.21E+01 at (15,26,7)
       Max VN number :  0.62E-01 at (15,26,38)
       Mesh    2
       Max CFL number:  0.56E+00 at (61,33,24)
       Max divergence:  0.70E+02 at (58,30,5)
       Min divergence: -0.16E+02 at (63,35,5)
       Max VN number :  0.41E+00 at (61,34,6)
       Mesh    3
       Max CFL number:  0.80E+00 at (59,33,24)
       Max divergence:  0.62E+01 at (60,28,1)
       Min divergence: -0.88E+01 at (57,36,1)
       Max VN number :  0.35E+00 at (57,36,1)
       Mesh    4
       Max CFL number:  0.85E+00 at (59,32,28)
       Max divergence:  0.35E+01 at (59,28,1)
       Min divergence: -0.64E+01 at (57,29,1)
       Max VN number :  0.31E+00 at (57,36,1)
       Mesh    5
       Max CFL number:  0.87E+00 at (58,32,28)
       Max divergence:  0.31E+01 at (57,36,28)
       Min divergence: -0.39E+01 at (57,36,1)
       Max VN number :  0.31E+00 at (64,29,1)
       Mesh    6
       Max CFL number:  0.89E+00 at (58,32,28)
       Max divergence:  0.29E+01 at (57,36,28)
       Min divergence: -0.27E+01 at (60,29,1)
       Max VN number :  0.34E+00 at (53,36,28)
       Mesh    7
       Max CFL number:  0.83E+00 at (59,34,5)
       Max divergence:  0.14E+01 at (60,28,1)
       Min divergence: -0.19E+01 at (60,39,21)
       Max VN number :  0.28E+00 at (56,1,18)
 
       Time Step    10700   September  3, 2026  01:30:56
       Step Size:  0.160E-02 s, Total Time:   26.04859 s
       Pressure Iterations: 4
       Maximum Velocity Error:  0.28E-03 on Mesh 2 at (63,30,4)
       Maximum Pressure Error:  0.23E+05 on Mesh 2 at (63,30,5)
       Maximum CFL Number    :  0.89E+00 on Mesh 6 at (58,32,28)
       Maximum VN Number     :  0.41E+00 on Mesh 2 at (60,34,6)
       ---------------------------------------------------------------
       Mesh    1
       Max CFL number:  0.21E+00 at (15,26,34)
       Max divergence:  0.43E+01 at (15,24,2)
       Min divergence: -0.21E+01 at (15,26,7)
       Max VN number :  0.62E-01 at (15,26,38)
       Mesh    2
       Max CFL number:  0.56E+00 at (61,33,24)
       Max divergence:  0.28E+02 at (63,35,5)
       Min divergence: -0.22E+02 at (58,35,5)
       Max VN number :  0.41E+00 at (60,34,6)
       Mesh    3
       Max CFL number:  0.80E+00 at (59,33,24)
       Max divergence:  0.63E+01 at (60,28,1)
       Min divergence: -0.88E+01 at (57,36,1)
       Max VN number :  0.35E+00 at (57,36,1)
       Mesh    4
       Max CFL number:  0.85E+00 at (59,32,28)
       Max divergence:  0.35E+01 at (59,28,1)
       Min divergence: -0.63E+01 at (57,29,1)
       Max VN number :  0.31E+00 at (57,36,1)
       Mesh    5
       Max CFL number:  0.87E+00 at (58,31,28)
       Max divergence:  0.34E+01 at (57,36,28)
       Min divergence: -0.38E+01 at (57,29,1)
       Max VN number :  0.31E+00 at (64,29,1)
       Mesh    6
       Max CFL number:  0.89E+00 at (58,32,28)
       Max divergence:  0.36E+01 at (57,36,28)
       Min divergence: -0.26E+01 at (60,29,1)
       Max VN number :  0.35E+00 at (53,36,28)
       Mesh    7
       Max CFL number:  0.83E+00 at (58,34,5)
       Max divergence:  0.14E+01 at (60,28,1)
       Min divergence: -0.20E+01 at (60,29,1)
       Max VN number :  0.28E+00 at (56,1,18)
 
       Time Step    10800   September  3, 2026  01:34:20
       Step Size:  0.160E-02 s, Total Time:   26.20908 s
       Pressure Iterations: 3
       Maximum Velocity Error:  0.32E-03 on Mesh 2 at (58,35,4)
       Maximum Pressure Error:  0.48E+04 on Mesh 2 at (58,35,5)
       Maximum CFL Number    :  0.88E+00 on Mesh 6 at (59,31,27)
       Maximum VN Number     :  0.41E+00 on Mesh 2 at (61,34,6)
       ---------------------------------------------------------------
       Mesh    1
       Max CFL number:  0.21E+00 at (15,26,34)
       Max divergence:  0.43E+01 at (15,24,2)
       Min divergence: -0.21E+01 at (15,26,7)
       Max VN number :  0.62E-01 at (15,26,38)
       Mesh    2
       Max CFL number:  0.56E+00 at (61,33,24)
       Max divergence:  0.11E+02 at (49,25,5)
       Min divergence: -0.22E+02 at (58,35,5)
       Max VN number :  0.41E+00 at (61,34,6)
       Mesh    3
       Max CFL number:  0.80E+00 at (59,33,24)
       Max divergence:  0.62E+01 at (60,28,1)
       Min divergence: -0.88E+01 at (57,36,1)
       Max VN number :  0.35E+00 at (57,36,1)
       Mesh    4
       Max CFL number:  0.85E+00 at (59,32,28)
       Max divergence:  0.35E+01 at (59,28,1)
       Min divergence: -0.63E+01 at (57,29,1)
       Max VN number :  0.31E+00 at (57,36,1)
       Mesh    5
       Max CFL number:  0.87E+00 at (58,32,26)
       Max divergence:  0.36E+01 at (57,36,28)
       Min divergence: -0.37E+01 at (57,29,1)
       Max VN number :  0.30E+00 at (64,29,1)
       Mesh    6
       Max CFL number:  0.88E+00 at (59,31,27)
       Max divergence:  0.43E+01 at (57,36,28)
       Min divergence: -0.26E+01 at (60,29,1)
       Max VN number :  0.36E+00 at (53,36,28)
       Mesh    7
       Max CFL number:  0.84E+00 at (58,34,5)
       Max divergence:  0.15E+01 at (60,28,1)
       Min divergence: -0.20E+01 at (60,29,1)
       Max VN number :  0.27E+00 at (56,1,18)
 
       Time Step    10900   September  3, 2026  01:37:42
       Step Size:  0.160E-02 s, Total Time:   26.36958 s
       Pressure Iterations: 2
       Maximum Velocity Error:  0.52E-03 on Mesh 2 at (63,35,4)
       Maximum Pressure Error:  0.24E+04 on Mesh 2 at (63,35,5)
       Maximum CFL Number    :  0.88E+00 on Mesh 6 at (59,31,27)
       Maximum VN Number     :  0.41E+00 on Mesh 2 at (61,34,6)
       ---------------------------------------------------------------
       Mesh    1
       Max CFL number:  0.21E+00 at (15,26,34)
       Max divergence:  0.43E+01 at (15,24,2)
       Min divergence: -0.21E+01 at (15,26,7)
       Max VN number :  0.62E-01 at (15,26,38)
       Mesh    2
       Max CFL number:  0.56E+00 at (61,33,24)
       Max divergence:  0.11E+02 at (49,25,5)
       Min divergence: -0.10E+02 at (58,35,5)
       Max VN number :  0.41E+00 at (61,34,6)
       Mesh    3
       Max CFL number:  0.80E+00 at (59,33,24)
       Max divergence:  0.63E+01 at (60,28,1)
       Min divergence: -0.88E+01 at (57,36,1)
       Max VN number :  0.35E+00 at (57,36,1)
       Mesh    4
       Max CFL number:  0.84E+00 at (59,32,28)
       Max divergence:  0.35E+01 at (59,28,1)
       Min divergence: -0.64E+01 at (57,29,1)
       Max VN number :  0.31E+00 at (57,36,1)
       Mesh    5
       Max CFL number:  0.88E+00 at (58,32,24)
       Max divergence:  0.45E+01 at (57,36,28)
       Min divergence: -0.36E+01 at (59,37,28)
       Max VN number :  0.31E+00 at (55,36,28)
       Mesh    6
       Max CFL number:  0.88E+00 at (59,31,27)
       Max divergence:  0.46E+01 at (57,36,28)
       Min divergence: -0.25E+01 at (60,29,1)
       Max VN number :  0.36E+00 at (53,36,28)
       Mesh    7
       Max CFL number:  0.84E+00 at (58,34,5)
       Max divergence:  0.16E+01 at (60,28,1)
       Min divergence: -0.21E+01 at (60,29,1)
       Max VN number :  0.27E+00 at (53,29,1)
 
       Time Step    11000   September  3, 2026  01:41:03
       Step Size:  0.160E-02 s, Total Time:   26.53007 s
       Pressure Iterations: 2
       Maximum Velocity Error:  0.56E-03 on Mesh 7 at (59,0,21)
       Maximum Pressure Error:  0.51E+03 on Mesh 5 at (59,28,25)
       Maximum CFL Number    :  0.88E+00 on Mesh 5 at (58,33,17)
       Maximum VN Number     :  0.41E+00 on Mesh 2 at (61,34,6)
       ---------------------------------------------------------------
       Mesh    1
       Max CFL number:  0.21E+00 at (15,26,34)
       Max divergence:  0.43E+01 at (15,24,2)
       Min divergence: -0.21E+01 at (15,26,7)
       Max VN number :  0.61E-01 at (15,26,38)
       Mesh    2
       Max CFL number:  0.56E+00 at (61,33,24)
       Max divergence:  0.11E+02 at (49,25,5)
       Min divergence: -0.73E+01 at (63,35,5)
       Max VN number :  0.41E+00 at (61,34,6)
       Mesh    3
       Max CFL number:  0.80E+00 at (59,33,24)
       Max divergence:  0.63E+01 at (60,28,1)
       Min divergence: -0.88E+01 at (57,36,1)
       Max VN number :  0.35E+00 at (57,29,1)
       Mesh    4
       Max CFL number:  0.84E+00 at (59,32,28)
       Max divergence:  0.36E+01 at (61,37,1)
       Min divergence: -0.64E+01 at (57,29,1)
       Max VN number :  0.32E+00 at (59,40,28)
       Mesh    5
       Max CFL number:  0.88E+00 at (58,33,17)
       Max divergence:  0.37E+01 at (56,36,28)
       Min divergence: -0.37E+01 at (58,30,28)
       Max VN number :  0.32E+00 at (67,31,28)
       Mesh    6
       Max CFL number:  0.87E+00 at (59,32,28)
       Max divergence:  0.40E+01 at (57,36,28)
       Min divergence: -0.25E+01 at (60,29,1)
       Max VN number :  0.35E+00 at (54,36,28)
       Mesh    7
       Max CFL number:  0.84E+00 at (58,34,5)
       Max divergence:  0.17E+01 at (60,28,1)
       Min divergence: -0.21E+01 at (60,29,1)
       Max VN number :  0.27E+00 at (64,1,18)
 
       Time Step    11100   September  3, 2026  01:44:26
       Step Size:  0.160E-02 s, Total Time:   26.69056 s
       Pressure Iterations: 2
       Maximum Velocity Error:  0.49E-03 on Mesh 2 at (58,35,4)
       Maximum Pressure Error:  0.24E+04 on Mesh 2 at (58,35,5)
       Maximum CFL Number    :  0.89E+00 on Mesh 5 at (58,33,17)
       Maximum VN Number     :  0.41E+00 on Mesh 2 at (61,34,6)
       ---------------------------------------------------------------
       Mesh    1
       Max CFL number:  0.21E+00 at (15,26,34)
       Max divergence:  0.43E+01 at (15,24,2)
       Min divergence: -0.21E+01 at (15,26,7)
       Max VN number :  0.61E-01 at (15,26,38)
       Mesh    2
       Max CFL number:  0.56E+00 at (61,33,24)
       Max divergence:  0.11E+02 at (49,25,5)
       Min divergence: -0.51E+01 at (61,32,8)
       Max VN number :  0.41E+00 at (61,34,6)
       Mesh    3
       Max CFL number:  0.80E+00 at (59,33,24)
       Max divergence:  0.63E+01 at (60,28,1)
       Min divergence: -0.88E+01 at (57,36,1)
       Max VN number :  0.35E+00 at (57,29,1)
       Mesh    4
       Max CFL number:  0.84E+00 at (59,32,28)
       Max divergence:  0.37E+01 at (61,37,1)
       Min divergence: -0.62E+01 at (57,29,1)
       Max VN number :  0.33E+00 at (59,40,28)
       Mesh    5
       Max CFL number:  0.89E+00 at (58,33,17)
       Max divergence:  0.34E+01 at (56,29,28)
       Min divergence: -0.38E+01 at (58,30,28)
       Max VN number :  0.33E+00 at (67,30,28)
       Mesh    6
       Max CFL number:  0.87E+00 at (59,33,28)
       Max divergence:  0.43E+01 at (54,29,28)
       Min divergence: -0.24E+01 at (60,29,1)
       Max VN number :  0.34E+00 at (54,29,28)
       Mesh    7
       Max CFL number:  0.84E+00 at (58,34,6)
       Max divergence:  0.17E+01 at (60,37,1)
       Min divergence: -0.22E+01 at (60,36,1)
       Max VN number :  0.28E+00 at (64,1,18)
 
       Time Step    11200   September  3, 2026  01:47:48
       Step Size:  0.160E-02 s, Total Time:   26.85105 s
       Pressure Iterations: 2
       Maximum Velocity Error:  0.44E-03 on Mesh 7 at (71,0,21)
       Maximum Pressure Error:  0.70E+03 on Mesh 5 at (59,28,28)
       Maximum CFL Number    :  0.90E+00 on Mesh 5 at (58,33,19)
       Maximum VN Number     :  0.41E+00 on Mesh 2 at (61,34,6)
       ---------------------------------------------------------------
       Mesh    1
       Max CFL number:  0.21E+00 at (15,26,34)
       Max divergence:  0.43E+01 at (15,24,2)
       Min divergence: -0.21E+01 at (15,26,7)
       Max VN number :  0.60E-01 at (15,26,38)
       Mesh    2
       Max CFL number:  0.56E+00 at (61,33,24)
       Max divergence:  0.11E+02 at (49,25,5)
       Min divergence: -0.55E+01 at (63,35,5)
       Max VN number :  0.41E+00 at (61,34,6)
       Mesh    3
       Max CFL number:  0.80E+00 at (59,33,24)
       Max divergence:  0.63E+01 at (60,28,1)
       Min divergence: -0.88E+01 at (57,36,1)
       Max VN number :  0.35E+00 at (57,36,1)
       Mesh    4
       Max CFL number:  0.84E+00 at (59,32,28)
       Max divergence:  0.38E+01 at (61,37,1)
       Min divergence: -0.63E+01 at (57,29,1)
       Max VN number :  0.33E+00 at (59,40,28)
       Mesh    5
       Max CFL number:  0.90E+00 at (58,33,19)
       Max divergence:  0.32E+01 at (56,29,28)
       Min divergence: -0.37E+01 at (53,36,1)
       Max VN number :  0.33E+00 at (68,31,28)
       Mesh    6
       Max CFL number:  0.87E+00 at (59,33,28)
       Max divergence:  0.52E+01 at (54,29,28)
       Min divergence: -0.24E+01 at (60,29,1)
       Max VN number :  0.32E+00 at (54,36,28)
       Mesh    7
       Max CFL number:  0.84E+00 at (58,34,6)
       Max divergence:  0.18E+01 at (60,37,1)
       Min divergence: -0.22E+01 at (60,36,1)
       Max VN number :  0.28E+00 at (64,1,18)
 
       Time Step    11300   September  3, 2026  01:51:10
       Step Size:  0.160E-02 s, Total Time:   27.01155 s
       Pressure Iterations: 3
       Maximum Velocity Error:  0.36E-03 on Mesh 7 at (52,0,21)
       Maximum Pressure Error:  0.63E+04 on Mesh 2 at (63,30,5)
       Maximum CFL Number    :  0.90E+00 on Mesh 5 at (58,33,21)
       Maximum VN Number     :  0.41E+00 on Mesh 2 at (61,34,6)
       ---------------------------------------------------------------
       Mesh    1
       Max CFL number:  0.21E+00 at (15,26,34)
       Max divergence:  0.43E+01 at (15,24,2)
       Min divergence: -0.21E+01 at (15,26,7)
       Max VN number :  0.59E-01 at (15,26,38)
       Mesh    2
       Max CFL number:  0.56E+00 at (61,32,24)
       Max divergence:  0.11E+02 at (49,25,5)
       Min divergence: -0.30E+02 at (63,30,5)
       Max VN number :  0.41E+00 at (61,34,6)
       Mesh    3
       Max CFL number:  0.79E+00 at (59,33,24)
       Max divergence:  0.63E+01 at (60,28,1)
       Min divergence: -0.88E+01 at (57,36,1)
       Max VN number :  0.35E+00 at (57,36,1)
       Mesh    4
       Max CFL number:  0.84E+00 at (59,32,28)
       Max divergence:  0.39E+01 at (61,37,1)
       Min divergence: -0.64E+01 at (64,36,1)
       Max VN number :  0.32E+00 at (59,25,28)
       Mesh    5
       Max CFL number:  0.90E+00 at (58,33,21)
       Max divergence:  0.39E+01 at (56,29,28)
       Min divergence: -0.38E+01 at (53,36,1)
       Max VN number :  0.36E+00 at (68,32,28)
       Mesh    6
       Max CFL number:  0.87E+00 at (58,33,28)
       Max divergence:  0.43E+01 at (54,29,28)
       Min divergence: -0.24E+01 at (60,29,1)
       Max VN number :  0.29E+00 at (54,36,28)
       Mesh    7
       Max CFL number:  0.84E+00 at (58,34,6)
       Max divergence:  0.17E+01 at (60,37,1)
       Min divergence: -0.22E+01 at (60,36,1)
       Max VN number :  0.28E+00 at (64,1,18)
 
       Time Step    11400   September  3, 2026  01:54:33
       Step Size:  0.160E-02 s, Total Time:   27.17204 s
       Pressure Iterations: 2
       Maximum Velocity Error:  0.48E-03 on Mesh 7 at (51,0,21)
       Maximum Pressure Error:  0.46E+03 on Mesh 5 at (57,36,15)
       Maximum CFL Number    :  0.91E+00 on Mesh 5 at (58,33,21)
       Maximum VN Number     :  0.41E+00 on Mesh 2 at (61,34,6)
       ---------------------------------------------------------------
       Mesh    1
       Max CFL number:  0.21E+00 at (15,25,34)
       Max divergence:  0.43E+01 at (15,24,2)
       Min divergence: -0.21E+01 at (15,26,7)
       Max VN number :  0.59E-01 at (15,26,38)
       Mesh    2
       Max CFL number:  0.56E+00 at (61,32,24)
       Max divergence:  0.11E+02 at (49,25,5)
       Min divergence: -0.73E+01 at (58,35,5)
       Max VN number :  0.41E+00 at (61,34,6)
       Mesh    3
       Max CFL number:  0.79E+00 at (59,33,24)
       Max divergence:  0.63E+01 at (60,28,1)
       Min divergence: -0.88E+01 at (57,36,1)
       Max VN number :  0.35E+00 at (57,36,1)
       Mesh    4
       Max CFL number:  0.84E+00 at (59,32,28)
       Max divergence:  0.39E+01 at (61,37,1)
       Min divergence: -0.65E+01 at (64,36,1)
       Max VN number :  0.32E+00 at (64,36,1)
       Mesh    5
       Max CFL number:  0.91E+00 at (58,33,21)
       Max divergence:  0.33E+01 at (54,29,28)
       Min divergence: -0.38E+01 at (53,29,1)
       Max VN number :  0.37E+00 at (68,32,28)
       Mesh    6
       Max CFL number:  0.87E+00 at (58,33,28)
       Max divergence:  0.29E+01 at (54,36,28)
       Min divergence: -0.24E+01 at (60,29,1)
       Max VN number :  0.28E+00 at (56,25,28)
       Mesh    7
       Max CFL number:  0.84E+00 at (59,34,6)
       Max divergence:  0.17E+01 at (60,37,1)
       Min divergence: -0.23E+01 at (60,29,1)
       Max VN number :  0.28E+00 at (64,1,18)
 
       Time Step    11500   September  3, 2026  01:57:56
       Step Size:  0.160E-02 s, Total Time:   27.33253 s
       Pressure Iterations: 4
       Maximum Velocity Error:  0.27E-03 on Mesh 2 at (58,35,4)
       Maximum Pressure Error:  0.22E+05 on Mesh 2 at (58,35,5)
       Maximum CFL Number    :  0.91E+00 on Mesh 5 at (58,33,24)
       Maximum VN Number     :  0.41E+00 on Mesh 2 at (61,34,6)
       ---------------------------------------------------------------
       Mesh    1
       Max CFL number:  0.21E+00 at (15,25,34)
       Max divergence:  0.43E+01 at (15,24,2)
       Min divergence: -0.21E+01 at (15,26,7)
       Max VN number :  0.58E-01 at (15,26,38)
       Mesh    2
       Max CFL number:  0.56E+00 at (61,32,24)
       Max divergence:  0.26E+02 at (58,30,5)
       Min divergence: -0.16E+02 at (63,30,5)
       Max VN number :  0.41E+00 at (61,34,6)
       Mesh    3
       Max CFL number:  0.79E+00 at (59,33,24)
       Max divergence:  0.63E+01 at (60,28,1)
       Min divergence: -0.88E+01 at (57,36,1)
       Max VN number :  0.35E+00 at (57,36,1)
       Mesh    4
       Max CFL number:  0.84E+00 at (59,33,28)
       Max divergence:  0.39E+01 at (61,28,1)
       Min divergence: -0.65E+01 at (64,36,1)
       Max VN number :  0.32E+00 at (64,36,1)
       Mesh    5
       Max CFL number:  0.91E+00 at (58,33,24)
       Max divergence:  0.33E+01 at (53,29,28)
       Min divergence: -0.40E+01 at (53,29,1)
       Max VN number :  0.35E+00 at (68,32,28)
       Mesh    6
       Max CFL number:  0.87E+00 at (57,32,24)
       Max divergence:  0.20E+01 at (56,37,1)
       Min divergence: -0.27E+01 at (52,28,28)
       Max VN number :  0.29E+00 at (56,25,28)
       Mesh    7
       Max CFL number:  0.84E+00 at (59,34,6)
       Max divergence:  0.17E+01 at (57,28,1)
       Min divergence: -0.23E+01 at (60,29,1)
       Max VN number :  0.28E+00 at (60,29,1)
 
       Time Step    11600   September  3, 2026  02:01:18
       Step Size:  0.160E-02 s, Total Time:   27.49302 s
       Pressure Iterations: 4
       Maximum Velocity Error:  0.25E-03 on Mesh 7 at (48,64,21)
       Maximum Pressure Error:  0.82E+04 on Mesh 2 at (63,30,4)
       Maximum CFL Number    :  0.92E+00 on Mesh 5 at (58,33,23)
       Maximum VN Number     :  0.41E+00 on Mesh 2 at (61,34,6)
       ---------------------------------------------------------------
       Mesh    1
       Max CFL number:  0.21E+00 at (15,25,31)
       Max divergence:  0.43E+01 at (15,24,2)
       Min divergence: -0.21E+01 at (15,26,7)
       Max VN number :  0.58E-01 at (15,26,38)
       Mesh    2
       Max CFL number:  0.56E+00 at (61,32,24)
       Max divergence:  0.74E+02 at (63,30,5)
       Min divergence: -0.51E+01 at (61,32,8)
       Max VN number :  0.41E+00 at (61,34,6)
       Mesh    3
       Max CFL number:  0.79E+00 at (59,33,24)
       Max divergence:  0.63E+01 at (60,28,1)
       Min divergence: -0.88E+01 at (57,36,1)
       Max VN number :  0.35E+00 at (57,36,1)
       Mesh    4
       Max CFL number:  0.85E+00 at (59,32,28)
       Max divergence:  0.40E+01 at (61,28,1)
       Min divergence: -0.65E+01 at (64,29,1)
       Max VN number :  0.32E+00 at (64,36,1)
       Mesh    5
       Max CFL number:  0.92E+00 at (58,33,23)
       Max divergence:  0.26E+01 at (56,28,1)
       Min divergence: -0.39E+01 at (53,29,1)
       Max VN number :  0.33E+00 at (61,40,28)
       Mesh    6
       Max CFL number:  0.88E+00 at (57,33,28)
       Max divergence:  0.22E+01 at (56,25,28)
       Min divergence: -0.27E+01 at (60,29,1)
       Max VN number :  0.30E+00 at (56,25,28)
       Mesh    7
       Max CFL number:  0.84E+00 at (59,34,6)
       Max divergence:  0.16E+01 at (57,28,1)
       Min divergence: -0.23E+01 at (60,29,1)
       Max VN number :  0.28E+00 at (60,29,1)
 
       Time Step    11700   September  3, 2026  02:04:42
       Step Size:  0.160E-02 s, Total Time:   27.65351 s
       Pressure Iterations: 3
       Maximum Velocity Error:  0.33E-03 on Mesh 2 at (58,35,4)
       Maximum Pressure Error:  0.52E+04 on Mesh 2 at (58,30,5)
       Maximum CFL Number    :  0.92E+00 on Mesh 5 at (58,33,25)
       Maximum VN Number     :  0.41E+00 on Mesh 2 at (61,34,6)
       ---------------------------------------------------------------
       Mesh    1
       Max CFL number:  0.21E+00 at (15,25,31)
       Max divergence:  0.43E+01 at (15,24,2)
       Min divergence: -0.21E+01 at (15,26,7)
       Max VN number :  0.58E-01 at (15,26,38)
       Mesh    2
       Max CFL number:  0.56E+00 at (61,32,24)
       Max divergence:  0.11E+02 at (49,40,5)
       Min divergence: -0.30E+02 at (58,30,5)
       Max VN number :  0.41E+00 at (61,34,6)
       Mesh    3
       Max CFL number:  0.79E+00 at (59,33,24)
       Max divergence:  0.63E+01 at (60,28,1)
       Min divergence: -0.88E+01 at (57,36,1)
       Max VN number :  0.35E+00 at (57,36,1)
       Mesh    4
       Max CFL number:  0.85E+00 at (59,32,28)
       Max divergence:  0.40E+01 at (61,28,1)
       Min divergence: -0.64E+01 at (64,29,1)
       Max VN number :  0.34E+00 at (64,40,28)
       Mesh    5
       Max CFL number:  0.92E+00 at (58,33,25)
       Max divergence:  0.27E+01 at (56,28,1)
       Min divergence: -0.39E+01 at (53,29,1)
       Max VN number :  0.33E+00 at (61,40,28)
       Mesh    6
       Max CFL number:  0.88E+00 at (57,33,28)
       Max divergence:  0.26E+01 at (56,25,28)
       Min divergence: -0.28E+01 at (60,29,1)
       Max VN number :  0.31E+00 at (56,25,28)
       Mesh    7
       Max CFL number:  0.84E+00 at (59,34,5)
       Max divergence:  0.16E+01 at (57,28,1)
       Min divergence: -0.23E+01 at (60,36,1)
       Max VN number :  0.29E+00 at (60,29,1)
 
       Time Step    11800   September  3, 2026  02:08:05
       Step Size:  0.160E-02 s, Total Time:   27.81401 s
       Pressure Iterations: 4
       Maximum Velocity Error:  0.25E-03 on Mesh 7 at (44,64,21)
       Maximum Pressure Error:  0.90E+04 on Mesh 2 at (63,35,4)
       Maximum CFL Number    :  0.92E+00 on Mesh 5 at (58,33,28)
       Maximum VN Number     :  0.41E+00 on Mesh 2 at (61,31,6)
       ---------------------------------------------------------------
       Mesh    1
       Max CFL number:  0.21E+00 at (15,25,31)
       Max divergence:  0.43E+01 at (15,24,2)
       Min divergence: -0.21E+01 at (15,26,7)
       Max VN number :  0.58E-01 at (15,26,38)
       Mesh    2
       Max CFL number:  0.56E+00 at (61,32,24)
       Max divergence:  0.74E+02 at (63,35,5)
       Min divergence: -0.13E+02 at (58,30,5)
       Max VN number :  0.41E+00 at (61,31,6)
       Mesh    3
       Max CFL number:  0.79E+00 at (59,33,24)
       Max divergence:  0.63E+01 at (60,28,1)
       Min divergence: -0.88E+01 at (57,36,1)
       Max VN number :  0.35E+00 at (57,36,1)
       Mesh    4
       Max CFL number:  0.86E+00 at (58,32,28)
       Max divergence:  0.39E+01 at (64,40,28)
       Min divergence: -0.62E+01 at (64,29,1)
       Max VN number :  0.34E+00 at (64,26,28)
       Mesh    5
       Max CFL number:  0.92E+00 at (58,33,28)
       Max divergence:  0.34E+01 at (58,36,28)
       Min divergence: -0.44E+01 at (57,34,28)
       Max VN number :  0.33E+00 at (63,40,28)
       Mesh    6
       Max CFL number:  0.88E+00 at (56,34,27)
       Max divergence:  0.32E+01 at (60,35,28)
       Min divergence: -0.29E+01 at (60,29,1)
       Max VN number :  0.31E+00 at (56,25,28)
       Mesh    7
       Max CFL number:  0.83E+00 at (59,32,6)
       Max divergence:  0.17E+01 at (57,37,1)
       Min divergence: -0.23E+01 at (60,36,1)
       Max VN number :  0.29E+00 at (60,29,1)
 
       Time Step    11900   September  3, 2026  02:11:28
       Step Size:  0.160E-02 s, Total Time:   27.97450 s
       Pressure Iterations: 2
       Maximum Velocity Error:  0.63E-03 on Mesh 7 at (71,0,21)
       Maximum Pressure Error:  0.75E+03 on Mesh 5 at (58,36,23)
       Maximum CFL Number    :  0.91E+00 on Mesh 5 at (58,33,28)
       Maximum VN Number     :  0.41E+00 on Mesh 2 at (61,31,6)
       ---------------------------------------------------------------
       Mesh    1
       Max CFL number:  0.21E+00 at (15,26,31)
       Max divergence:  0.43E+01 at (15,24,2)
       Min divergence: -0.21E+01 at (15,26,7)
       Max VN number :  0.57E-01 at (15,26,38)
       Mesh    2
       Max CFL number:  0.56E+00 at (61,32,24)
       Max divergence:  0.11E+02 at (49,25,5)
       Min divergence: -0.73E+01 at (58,30,5)
       Max VN number :  0.41E+00 at (61,31,6)
       Mesh    3
       Max CFL number:  0.79E+00 at (59,33,24)
       Max divergence:  0.63E+01 at (60,28,1)
       Min divergence: -0.89E+01 at (57,36,1)
       Max VN number :  0.35E+00 at (57,36,1)
       Mesh    4
       Max CFL number:  0.86E+00 at (58,32,28)
       Max divergence:  0.38E+01 at (64,25,28)
       Min divergence: -0.63E+01 at (57,36,1)
       Max VN number :  0.35E+00 at (63,26,28)
       Mesh    5
       Max CFL number:  0.91E+00 at (58,33,28)
       Max divergence:  0.45E+01 at (58,36,28)
       Min divergence: -0.51E+01 at (57,34,28)
       Max VN number :  0.33E+00 at (50,31,28)
       Mesh    6
       Max CFL number:  0.88E+00 at (56,31,28)
       Max divergence:  0.35E+01 at (60,35,28)
       Min divergence: -0.30E+01 at (60,29,1)
       Max VN number :  0.31E+00 at (56,25,28)
       Mesh    7
       Max CFL number:  0.83E+00 at (58,32,5)
       Max divergence:  0.17E+01 at (57,37,1)
       Min divergence: -0.23E+01 at (60,36,1)
       Max VN number :  0.29E+00 at (60,29,1)
 
       Time Step    12000   September  3, 2026  02:14:52
       Step Size:  0.160E-02 s, Total Time:   28.13499 s
       Pressure Iterations: 2
       Maximum Velocity Error:  0.50E-03 on Mesh 2 at (58,35,4)
       Maximum Pressure Error:  0.21E+04 on Mesh 2 at (58,35,5)
       Maximum CFL Number    :  0.91E+00 on Mesh 5 at (58,33,28)
       Maximum VN Number     :  0.41E+00 on Mesh 2 at (61,31,6)
       ---------------------------------------------------------------
       Mesh    1
       Max CFL number:  0.21E+00 at (15,26,31)
       Max divergence:  0.43E+01 at (15,24,2)
       Min divergence: -0.21E+01 at (15,26,7)
       Max VN number :  0.57E-01 at (15,25,38)
       Mesh    2
       Max CFL number:  0.56E+00 at (61,32,24)
       Max divergence:  0.11E+02 at (49,25,5)
       Min divergence: -0.86E+01 at (63,30,5)
       Max VN number :  0.41E+00 at (61,31,6)
       Mesh    3
       Max CFL number:  0.79E+00 at (59,33,24)
       Max divergence:  0.63E+01 at (60,28,1)
       Min divergence: -0.88E+01 at (57,36,1)
       Max VN number :  0.35E+00 at (57,36,1)
       Mesh    4
       Max CFL number:  0.86E+00 at (58,32,28)
       Max divergence:  0.37E+01 at (61,28,1)
       Min divergence: -0.63E+01 at (57,36,1)
       Max VN number :  0.35E+00 at (63,26,28)
       Mesh    5
       Max CFL number:  0.91E+00 at (58,33,28)
       Max divergence:  0.63E+01 at (59,36,28)
       Min divergence: -0.39E+01 at (60,36,1)
       Max VN number :  0.32E+00 at (49,31,28)
       Mesh    6
       Max CFL number:  0.88E+00 at (56,31,28)
       Max divergence:  0.38E+01 at (60,35,28)
       Min divergence: -0.31E+01 at (57,34,28)
       Max VN number :  0.31E+00 at (56,25,28)
       Mesh    7
       Max CFL number:  0.83E+00 at (58,31,5)
       Max divergence:  0.18E+01 at (57,37,1)
       Min divergence: -0.23E+01 at (60,36,1)
       Max VN number :  0.29E+00 at (60,29,1)
 
       Time Step    12100   September  3, 2026  02:18:16
       Step Size:  0.160E-02 s, Total Time:   28.29548 s
       Pressure Iterations: 4
       Maximum Velocity Error:  0.29E-03 on Mesh 2 at (63,35,4)
       Maximum Pressure Error:  0.22E+05 on Mesh 2 at (63,35,5)
       Maximum CFL Number    :  0.90E+00 on Mesh 5 at (58,33,28)
       Maximum VN Number     :  0.41E+00 on Mesh 2 at (61,31,6)
       ---------------------------------------------------------------
       Mesh    1
       Max CFL number:  0.21E+00 at (15,26,32)
       Max divergence:  0.43E+01 at (15,24,2)
       Min divergence: -0.21E+01 at (15,26,7)
       Max VN number :  0.57E-01 at (15,25,38)
       Mesh    2
       Max CFL number:  0.56E+00 at (61,32,24)
       Max divergence:  0.29E+02 at (63,35,5)
       Min divergence: -0.73E+01 at (58,30,5)
       Max VN number :  0.41E+00 at (61,31,6)
       Mesh    3
       Max CFL number:  0.79E+00 at (59,33,24)
       Max divergence:  0.63E+01 at (60,28,1)
       Min divergence: -0.88E+01 at (57,36,1)
       Max VN number :  0.35E+00 at (57,36,1)
       Mesh    4
       Max CFL number:  0.86E+00 at (58,32,28)
       Max divergence:  0.35E+01 at (61,28,1)
       Min divergence: -0.62E+01 at (57,29,1)
       Max VN number :  0.33E+00 at (63,26,28)
       Mesh    5
       Max CFL number:  0.90E+00 at (58,33,28)
       Max divergence:  0.72E+01 at (59,36,28)
       Min divergence: -0.39E+01 at (60,36,1)
       Max VN number :  0.34E+00 at (59,36,28)
       Mesh    6
       Max CFL number:  0.89E+00 at (57,31,28)
       Max divergence:  0.38E+01 at (60,35,28)
       Min divergence: -0.32E+01 at (57,34,28)
       Max VN number :  0.32E+00 at (56,25,28)
       Mesh    7
       Max CFL number:  0.83E+00 at (58,31,5)
       Max divergence:  0.19E+01 at (57,37,1)
       Min divergence: -0.24E+01 at (60,36,1)
       Max VN number :  0.29E+00 at (60,29,1)
 
       Time Step    12200   September  3, 2026  02:21:41
       Step Size:  0.160E-02 s, Total Time:   28.45598 s
       Pressure Iterations: 3
       Maximum Velocity Error:  0.31E-03 on Mesh 2 at (58,35,4)
       Maximum Pressure Error:  0.58E+04 on Mesh 2 at (58,35,5)
       Maximum CFL Number    :  0.89E+00 on Mesh 5 at (58,32,28)
       Maximum VN Number     :  0.41E+00 on Mesh 2 at (61,34,6)
       ---------------------------------------------------------------
       Mesh    1
       Max CFL number:  0.21E+00 at (15,26,32)
       Max divergence:  0.43E+01 at (15,24,2)
       Min divergence: -0.21E+01 at (15,26,7)
       Max VN number :  0.57E-01 at (15,25,38)
       Mesh    2
       Max CFL number:  0.56E+00 at (61,32,24)
       Max divergence:  0.11E+02 at (49,25,5)
       Min divergence: -0.30E+02 at (58,35,5)
       Max VN number :  0.41E+00 at (61,34,6)
       Mesh    3
       Max CFL number:  0.79E+00 at (59,33,24)
       Max divergence:  0.63E+01 at (60,28,1)
       Min divergence: -0.88E+01 at (57,36,1)
       Max VN number :  0.35E+00 at (57,36,1)
       Mesh    4
       Max CFL number:  0.86E+00 at (58,32,28)
       Max divergence:  0.33E+01 at (58,28,1)
       Min divergence: -0.62E+01 at (57,29,1)
       Max VN number :  0.32E+00 at (64,29,1)
       Mesh    5
       Max CFL number:  0.89E+00 at (58,32,28)
       Max divergence:  0.70E+01 at (58,36,28)
       Min divergence: -0.60E+01 at (56,35,28)
       Max VN number :  0.34E+00 at (60,36,28)
       Mesh    6
       Max CFL number:  0.88E+00 at (57,33,27)
       Max divergence:  0.37E+01 at (60,36,28)
       Min divergence: -0.28E+01 at (60,29,1)
       Max VN number :  0.33E+00 at (56,26,28)
       Mesh    7
       Max CFL number:  0.83E+00 at (58,31,6)
       Max divergence:  0.19E+01 at (57,37,1)
       Min divergence: -0.24E+01 at (60,36,1)
       Max VN number :  0.29E+00 at (60,29,1)
 
       Time Step    12300   September  3, 2026  02:25:06
       Step Size:  0.160E-02 s, Total Time:   28.61647 s
       Pressure Iterations: 1
       Maximum Velocity Error:  0.61E-03 on Mesh 2 at (63,30,4)
       Maximum Pressure Error:  0.81E+03 on Mesh 5 at (58,28,21)
       Maximum CFL Number    :  0.89E+00 on Mesh 5 at (58,32,28)
       Maximum VN Number     :  0.41E+00 on Mesh 2 at (61,31,6)
       ---------------------------------------------------------------
       Mesh    1
       Max CFL number:  0.21E+00 at (15,26,32)
       Max divergence:  0.43E+01 at (15,24,2)
       Min divergence: -0.21E+01 at (15,26,7)
       Max VN number :  0.57E-01 at (15,25,38)
       Mesh    2
       Max CFL number:  0.56E+00 at (61,32,24)
       Max divergence:  0.11E+02 at (49,25,5)
       Min divergence: -0.16E+02 at (63,30,5)
       Max VN number :  0.41E+00 at (61,31,6)
       Mesh    3
       Max CFL number:  0.79E+00 at (59,33,24)
       Max divergence:  0.63E+01 at (60,28,1)
       Min divergence: -0.88E+01 at (57,36,1)
       Max VN number :  0.35E+00 at (57,36,1)
       Mesh    4
       Max CFL number:  0.85E+00 at (59,33,28)
       Max divergence:  0.33E+01 at (58,37,1)
       Min divergence: -0.64E+01 at (57,36,1)
       Max VN number :  0.32E+00 at (64,29,1)
       Mesh    5
       Max CFL number:  0.89E+00 at (58,32,28)
       Max divergence:  0.67E+01 at (59,36,28)
       Min divergence: -0.51E+01 at (56,35,28)
       Max VN number :  0.34E+00 at (60,36,28)
       Mesh    6
       Max CFL number:  0.87E+00 at (58,33,28)
       Max divergence:  0.39E+01 at (60,35,28)
       Min divergence: -0.32E+01 at (58,34,28)
       Max VN number :  0.34E+00 at (56,26,28)
       Mesh    7
       Max CFL number:  0.83E+00 at (58,31,6)
       Max divergence:  0.19E+01 at (57,37,1)
       Min divergence: -0.24E+01 at (60,36,1)
       Max VN number :  0.29E+00 at (60,36,1)
 
       Time Step    12400   September  3, 2026  02:28:30
       Step Size:  0.160E-02 s, Total Time:   28.77696 s
       Pressure Iterations: 1
       Maximum Velocity Error:  0.57E-03 on Mesh 7 at (51,55,21)
       Maximum Pressure Error:  0.92E+03 on Mesh 5 at (57,28,24)
       Maximum CFL Number    :  0.88E+00 on Mesh 5 at (58,33,28)
       Maximum VN Number     :  0.41E+00 on Mesh 2 at (61,31,6)
       ---------------------------------------------------------------
       Mesh    1
       Max CFL number:  0.21E+00 at (15,26,30)
       Max divergence:  0.43E+01 at (15,24,2)
       Min divergence: -0.21E+01 at (15,26,7)
       Max VN number :  0.57E-01 at (15,25,38)
       Mesh    2
       Max CFL number:  0.56E+00 at (61,32,24)
       Max divergence:  0.11E+02 at (49,25,5)
       Min divergence: -0.73E+01 at (58,30,5)
       Max VN number :  0.41E+00 at (61,31,6)
       Mesh    3
       Max CFL number:  0.79E+00 at (59,33,24)
       Max divergence:  0.63E+01 at (60,28,1)
       Min divergence: -0.88E+01 at (57,36,1)
       Max VN number :  0.35E+00 at (57,36,1)
       Mesh    4
       Max CFL number:  0.84E+00 at (59,33,28)
       Max divergence:  0.33E+01 at (58,37,1)
       Min divergence: -0.62E+01 at (57,36,1)
       Max VN number :  0.32E+00 at (64,29,1)
       Mesh    5
       Max CFL number:  0.88E+00 at (58,33,28)
       Max divergence:  0.67E+01 at (59,36,28)
       Min divergence: -0.47E+01 at (58,34,28)
       Max VN number :  0.33E+00 at (60,36,28)
       Mesh    6
       Max CFL number:  0.87E+00 at (58,33,27)
       Max divergence:  0.42E+01 at (60,36,28)
       Min divergence: -0.28E+01 at (64,29,1)
       Max VN number :  0.33E+00 at (56,26,28)
       Mesh    7
       Max CFL number:  0.83E+00 at (58,30,7)
       Max divergence:  0.20E+01 at (57,37,1)
       Min divergence: -0.25E+01 at (60,36,1)
       Max VN number :  0.29E+00 at (60,36,1)
 
       Time Step    12500   September  3, 2026  02:31:54
       Step Size:  0.160E-02 s, Total Time:   28.93745 s
       Pressure Iterations: 2
       Maximum Velocity Error:  0.23E-03 on Mesh 2 at (63,31,4)
       Maximum Pressure Error:  0.86E+03 on Mesh 5 at (57,28,26)
       Maximum CFL Number    :  0.88E+00 on Mesh 5 at (58,33,28)
       Maximum VN Number     :  0.41E+00 on Mesh 2 at (61,34,6)
       ---------------------------------------------------------------
       Mesh    1
       Max CFL number:  0.21E+00 at (15,26,30)
       Max divergence:  0.43E+01 at (15,24,2)
       Min divergence: -0.21E+01 at (15,26,7)
       Max VN number :  0.58E-01 at (15,25,38)
       Mesh    2
       Max CFL number:  0.56E+00 at (61,32,24)
       Max divergence:  0.11E+02 at (49,40,5)
       Min divergence: -0.73E+01 at (58,30,5)
       Max VN number :  0.41E+00 at (61,34,6)
       Mesh    3
       Max CFL number:  0.79E+00 at (59,33,24)
       Max divergence:  0.63E+01 at (60,28,1)
       Min divergence: -0.88E+01 at (57,36,1)
       Max VN number :  0.35E+00 at (57,36,1)
       Mesh    4
       Max CFL number:  0.84E+00 at (59,32,28)
       Max divergence:  0.33E+01 at (58,37,1)
       Min divergence: -0.62E+01 at (57,36,1)
       Max VN number :  0.31E+00 at (64,29,1)
       Mesh    5
       Max CFL number:  0.88E+00 at (58,33,28)
       Max divergence:  0.59E+01 at (59,29,28)
       Min divergence: -0.44E+01 at (64,36,1)
       Max VN number :  0.31E+00 at (60,36,28)
       Mesh    6
       Max CFL number:  0.86E+00 at (59,34,17)
       Max divergence:  0.40E+01 at (60,36,28)
       Min divergence: -0.29E+01 at (64,29,1)
       Max VN number :  0.32E+00 at (56,40,28)
       Mesh    7
       Max CFL number:  0.83E+00 at (58,30,8)
       Max divergence:  0.19E+01 at (57,37,1)
       Min divergence: -0.24E+01 at (60,36,1)
       Max VN number :  0.29E+00 at (60,36,1)
 
       Time Step    12600   September  3, 2026  02:35:19
       Step Size:  0.160E-02 s, Total Time:   29.09794 s
       Pressure Iterations: 1
       Maximum Velocity Error:  0.61E-03 on Mesh 7 at (51,57,21)
       Maximum Pressure Error:  0.49E+03 on Mesh 2 at (64,30,5)
       Maximum CFL Number    :  0.88E+00 on Mesh 5 at (58,33,15)
       Maximum VN Number     :  0.41E+00 on Mesh 2 at (61,31,6)
       ---------------------------------------------------------------
       Mesh    1
       Max CFL number:  0.21E+00 at (15,26,30)
       Max divergence:  0.43E+01 at (15,24,2)
       Min divergence: -0.21E+01 at (15,26,7)
       Max VN number :  0.58E-01 at (15,25,38)
       Mesh    2
       Max CFL number:  0.56E+00 at (61,32,24)
       Max divergence:  0.11E+02 at (49,25,5)
       Min divergence: -0.16E+02 at (63,30,5)
       Max VN number :  0.41E+00 at (61,31,6)
       Mesh    3
       Max CFL number:  0.79E+00 at (59,33,24)
       Max divergence:  0.63E+01 at (60,28,1)
       Min divergence: -0.88E+01 at (57,29,1)
       Max VN number :  0.35E+00 at (57,36,1)
       Mesh    4
       Max CFL number:  0.84E+00 at (59,33,28)
       Max divergence:  0.33E+01 at (58,37,1)
       Min divergence: -0.63E+01 at (57,36,1)
       Max VN number :  0.31E+00 at (57,29,1)
       Mesh    5
       Max CFL number:  0.88E+00 at (58,33,15)
       Max divergence:  0.52E+01 at (60,36,28)
       Min divergence: -0.53E+01 at (56,28,28)
       Max VN number :  0.30E+00 at (55,26,28)
       Mesh    6
       Max CFL number:  0.86E+00 at (59,34,17)
       Max divergence:  0.36E+01 at (60,36,28)
       Min divergence: -0.30E+01 at (64,29,1)
       Max VN number :  0.32E+00 at (56,40,28)
       Mesh    7
       Max CFL number:  0.83E+00 at (58,30,8)
       Max divergence:  0.18E+01 at (57,37,1)
       Min divergence: -0.23E+01 at (60,36,1)
       Max VN number :  0.29E+00 at (60,36,1)
 
       Time Step    12700   September  3, 2026  02:38:43
       Step Size:  0.160E-02 s, Total Time:   29.25844 s
       Pressure Iterations: 1
       Maximum Velocity Error:  0.71E-03 on Mesh 7 at (53,64,21)
       Maximum Pressure Error:  0.31E+03 on Mesh 6 at (61,35,27)
       Maximum CFL Number    :  0.89E+00 on Mesh 5 at (58,33,17)
       Maximum VN Number     :  0.41E+00 on Mesh 2 at (61,31,6)
       ---------------------------------------------------------------
       Mesh    1
       Max CFL number:  0.21E+00 at (15,26,30)
       Max divergence:  0.43E+01 at (15,24,2)
       Min divergence: -0.21E+01 at (15,26,7)
       Max VN number :  0.57E-01 at (15,25,38)
       Mesh    2
       Max CFL number:  0.56E+00 at (61,32,24)
       Max divergence:  0.11E+02 at (49,40,5)
       Min divergence: -0.86E+01 at (58,30,5)
       Max VN number :  0.41E+00 at (61,31,6)
       Mesh    3
       Max CFL number:  0.79E+00 at (59,33,24)
       Max divergence:  0.63E+01 at (60,28,1)
       Min divergence: -0.88E+01 at (57,29,1)
       Max VN number :  0.35E+00 at (57,36,1)
       Mesh    4
       Max CFL number:  0.84E+00 at (59,33,28)
       Max divergence:  0.33E+01 at (59,37,1)
       Min divergence: -0.62E+01 at (57,36,1)
       Max VN number :  0.31E+00 at (57,29,1)
       Mesh    5
       Max CFL number:  0.89E+00 at (58,33,17)
       Max divergence:  0.46E+01 at (60,36,28)
       Min divergence: -0.47E+01 at (64,36,1)
       Max VN number :  0.31E+00 at (55,26,28)
       Mesh    6
       Max CFL number:  0.86E+00 at (59,35,17)
       Max divergence:  0.26E+01 at (60,36,28)
       Min divergence: -0.30E+01 at (64,29,1)
       Max VN number :  0.32E+00 at (56,40,28)
       Mesh    7
       Max CFL number:  0.82E+00 at (58,30,8)
       Max divergence:  0.18E+01 at (57,28,1)
       Min divergence: -0.23E+01 at (60,36,1)
       Max VN number :  0.28E+00 at (60,36,1)
 
       Time Step    12800   September  3, 2026  02:42:07
       Step Size:  0.160E-02 s, Total Time:   29.41893 s
       Pressure Iterations: 2
       Maximum Velocity Error:  0.47E-03 on Mesh 7 at (51,64,21)
       Maximum Pressure Error:  0.13E+04 on Mesh 2 at (63,30,5)
       Maximum CFL Number    :  0.89E+00 on Mesh 5 at (58,33,19)
       Maximum VN Number     :  0.41E+00 on Mesh 2 at (61,34,6)
       ---------------------------------------------------------------
       Mesh    1
       Max CFL number:  0.21E+00 at (15,26,29)
       Max divergence:  0.43E+01 at (15,24,2)
       Min divergence: -0.21E+01 at (15,26,7)
       Max VN number :  0.57E-01 at (15,25,38)
       Mesh    2
       Max CFL number:  0.56E+00 at (61,32,24)
       Max divergence:  0.11E+02 at (49,40,5)
       Min divergence: -0.86E+01 at (58,30,5)
       Max VN number :  0.41E+00 at (61,34,6)
       Mesh    3
       Max CFL number:  0.79E+00 at (59,33,24)
       Max divergence:  0.63E+01 at (60,28,1)
       Min divergence: -0.88E+01 at (57,36,1)
       Max VN number :  0.35E+00 at (57,36,1)
       Mesh    4
       Max CFL number:  0.84E+00 at (59,33,28)
       Max divergence:  0.33E+01 at (59,37,1)
       Min divergence: -0.62E+01 at (57,36,1)
       Max VN number :  0.31E+00 at (64,36,1)
       Mesh    5
       Max CFL number:  0.89E+00 at (58,33,19)
       Max divergence:  0.38E+01 at (60,36,28)
       Min divergence: -0.47E+01 at (64,36,1)
       Max VN number :  0.31E+00 at (64,36,1)
       Mesh    6
       Max CFL number:  0.87E+00 at (58,32,20)
       Max divergence:  0.23E+01 at (57,37,1)
       Min divergence: -0.30E+01 at (60,36,1)
       Max VN number :  0.32E+00 at (56,40,28)
       Mesh    7
       Max CFL number:  0.82E+00 at (58,30,8)
       Max divergence:  0.17E+01 at (58,28,1)
       Min divergence: -0.22E+01 at (64,36,1)
       Max VN number :  0.28E+00 at (60,36,1)
 
       Time Step    12900   September  3, 2026  02:45:31
       Step Size:  0.160E-02 s, Total Time:   29.57942 s
       Pressure Iterations: 2
       Maximum Velocity Error:  0.62E-03 on Mesh 7 at (50,64,21)
       Maximum Pressure Error:  0.23E+03 on Mesh 5 at (58,29,13)
       Maximum CFL Number    :  0.89E+00 on Mesh 5 at (58,32,21)
       Maximum VN Number     :  0.41E+00 on Mesh 2 at (61,31,6)
       ---------------------------------------------------------------
       Mesh    1
       Max CFL number:  0.21E+00 at (15,26,29)
       Max divergence:  0.43E+01 at (15,24,2)
       Min divergence: -0.21E+01 at (15,26,7)
       Max VN number :  0.58E-01 at (15,25,38)
       Mesh    2
       Max CFL number:  0.56E+00 at (61,32,24)
       Max divergence:  0.11E+02 at (49,25,5)
       Min divergence: -0.13E+02 at (58,30,5)
       Max VN number :  0.41E+00 at (61,31,6)
       Mesh    3
       Max CFL number:  0.80E+00 at (59,33,24)
       Max divergence:  0.63E+01 at (60,28,1)
       Min divergence: -0.88E+01 at (57,36,1)
       Max VN number :  0.35E+00 at (57,36,1)
       Mesh    4
       Max CFL number:  0.84E+00 at (59,33,28)
       Max divergence:  0.33E+01 at (59,37,1)
       Min divergence: -0.62E+01 at (57,36,1)
       Max VN number :  0.31E+00 at (64,36,1)
       Mesh    5
       Max CFL number:  0.89E+00 at (58,32,21)
       Max divergence:  0.34E+01 at (60,36,28)
       Min divergence: -0.45E+01 at (64,36,1)
       Max VN number :  0.31E+00 at (64,36,1)
       Mesh    6
       Max CFL number:  0.87E+00 at (58,32,20)
       Max divergence:  0.24E+01 at (57,37,1)
       Min divergence: -0.31E+01 at (60,36,1)
       Max VN number :  0.31E+00 at (56,40,28)
       Mesh    7
       Max CFL number:  0.82E+00 at (58,31,6)
       Max divergence:  0.16E+01 at (58,28,1)
       Min divergence: -0.21E+01 at (64,36,1)
       Max VN number :  0.28E+00 at (57,29,1)
 
       Time Step    13000   September  3, 2026  02:48:55
       Step Size:  0.160E-02 s, Total Time:   29.73991 s
       Pressure Iterations: 4
       Maximum Velocity Error:  0.21E-03 on Mesh 2 at (63,30,4)
       Maximum Pressure Error:  0.80E+04 on Mesh 2 at (63,30,4)
       Maximum CFL Number    :  0.90E+00 on Mesh 5 at (58,32,23)
       Maximum VN Number     :  0.41E+00 on Mesh 2 at (61,34,6)
       ---------------------------------------------------------------
       Mesh    1
       Max CFL number:  0.21E+00 at (15,26,29)
       Max divergence:  0.43E+01 at (15,24,2)
       Min divergence: -0.21E+01 at (15,26,7)
       Max VN number :  0.58E-01 at (15,25,38)
       Mesh    2
       Max CFL number:  0.56E+00 at (61,32,24)
       Max divergence:  0.74E+02 at (63,30,5)
       Min divergence: -0.16E+02 at (58,30,5)
       Max VN number :  0.41E+00 at (61,34,6)
       Mesh    3
       Max CFL number:  0.80E+00 at (59,33,24)
       Max divergence:  0.63E+01 at (60,37,1)
       Min divergence: -0.88E+01 at (57,36,1)
       Max VN number :  0.35E+00 at (57,36,1)
       Mesh    4
       Max CFL number:  0.85E+00 at (59,32,28)
       Max divergence:  0.35E+01 at (59,37,1)
       Min divergence: -0.64E+01 at (57,36,1)
       Max VN number :  0.31E+00 at (64,36,1)
       Mesh    5
       Max CFL number:  0.90E+00 at (58,32,23)
       Max divergence:  0.30E+01 at (60,36,28)
       Min divergence: -0.42E+01 at (64,36,1)
       Max VN number :  0.32E+00 at (64,36,1)
       Mesh    6
       Max CFL number:  0.87E+00 at (58,32,22)
       Max divergence:  0.23E+01 at (57,37,1)
       Min divergence: -0.31E+01 at (60,36,1)
       Max VN number :  0.31E+00 at (57,25,28)
       Mesh    7
       Max CFL number:  0.82E+00 at (58,31,6)
       Max divergence:  0.15E+01 at (61,37,1)
       Min divergence: -0.20E+01 at (57,29,1)
       Max VN number :  0.28E+00 at (57,29,1)
 
       Time Step    13100   September  3, 2026  02:52:19
       Step Size:  0.160E-02 s, Total Time:   29.90040 s
       Pressure Iterations: 3
       Maximum Velocity Error:  0.39E-03 on Mesh 7 at (56,64,21)
       Maximum Pressure Error:  0.57E+04 on Mesh 2 at (58,30,5)
       Maximum CFL Number    :  0.89E+00 on Mesh 5 at (58,32,26)
       Maximum VN Number     :  0.41E+00 on Mesh 2 at (61,31,6)
       ---------------------------------------------------------------
       Mesh    1
       Max CFL number:  0.21E+00 at (15,26,32)
       Max divergence:  0.43E+01 at (15,24,2)
       Min divergence: -0.21E+01 at (15,25,7)
       Max VN number :  0.58E-01 at (15,25,38)
       Mesh    2
       Max CFL number:  0.56E+00 at (61,32,24)
       Max divergence:  0.11E+02 at (49,40,5)
       Min divergence: -0.30E+02 at (58,30,5)
       Max VN number :  0.41E+00 at (61,31,6)
       Mesh    3
       Max CFL number:  0.80E+00 at (59,33,24)
       Max divergence:  0.63E+01 at (60,37,1)
       Min divergence: -0.88E+01 at (57,36,1)
       Max VN number :  0.35E+00 at (57,36,1)
       Mesh    4
       Max CFL number:  0.85E+00 at (59,33,28)
       Max divergence:  0.34E+01 at (59,28,1)
       Min divergence: -0.63E+01 at (57,29,1)
       Max VN number :  0.31E+00 at (64,36,1)
       Mesh    5
       Max CFL number:  0.89E+00 at (58,32,26)
       Max divergence:  0.28E+01 at (61,37,1)
       Min divergence: -0.42E+01 at (64,36,1)
       Max VN number :  0.32E+00 at (64,36,1)
       Mesh    6
       Max CFL number:  0.88E+00 at (58,32,24)
       Max divergence:  0.23E+01 at (57,37,1)
       Min divergence: -0.30E+01 at (60,36,1)
       Max VN number :  0.31E+00 at (57,25,28)
       Mesh    7
       Max CFL number:  0.82E+00 at (58,31,6)
       Max divergence:  0.14E+01 at (58,28,1)
       Min divergence: -0.19E+01 at (60,36,1)
       Max VN number :  0.28E+00 at (57,29,1)
 
       Time Step    13200   September  3, 2026  02:55:45
       Step Size:  0.160E-02 s, Total Time:   30.06090 s
       Pressure Iterations: 4
       Maximum Velocity Error:  0.40E-03 on Mesh 7 at (55,64,21)
       Maximum Pressure Error:  0.81E+04 on Mesh 2 at (63,35,4)
       Maximum CFL Number    :  0.89E+00 on Mesh 5 at (58,32,28)
       Maximum VN Number     :  0.41E+00 on Mesh 2 at (60,31,6)
       ---------------------------------------------------------------
       Mesh    1
       Max CFL number:  0.21E+00 at (15,26,32)
       Max divergence:  0.43E+01 at (15,24,2)
       Min divergence: -0.21E+01 at (15,26,7)
       Max VN number :  0.59E-01 at (15,25,38)
       Mesh    2
       Max CFL number:  0.56E+00 at (61,32,24)
       Max divergence:  0.73E+02 at (63,35,5)
       Min divergence: -0.10E+02 at (58,35,5)
       Max VN number :  0.41E+00 at (60,31,6)
       Mesh    3
       Max CFL number:  0.80E+00 at (59,33,24)
       Max divergence:  0.64E+01 at (60,37,1)
       Min divergence: -0.88E+01 at (57,36,1)
       Max VN number :  0.35E+00 at (57,36,1)
       Mesh    4
       Max CFL number:  0.85E+00 at (59,32,28)
       Max divergence:  0.34E+01 at (59,28,1)
       Min divergence: -0.63E+01 at (57,29,1)
       Max VN number :  0.31E+00 at (64,36,1)
       Mesh    5
       Max CFL number:  0.89E+00 at (58,32,28)
       Max divergence:  0.28E+01 at (61,37,1)
       Min divergence: -0.39E+01 at (64,36,1)
       Max VN number :  0.32E+00 at (64,36,1)
       Mesh    6
       Max CFL number:  0.88E+00 at (58,32,26)
       Max divergence:  0.21E+01 at (57,37,1)
       Min divergence: -0.30E+01 at (60,36,1)
       Max VN number :  0.31E+00 at (57,25,28)
       Mesh    7
       Max CFL number:  0.82E+00 at (58,31,3)
       Max divergence:  0.13E+01 at (58,28,1)
       Min divergence: -0.19E+01 at (60,36,1)
       Max VN number :  0.28E+00 at (57,29,1)
 
       Time Step    13300   September  3, 2026  02:59:09
       Step Size:  0.160E-02 s, Total Time:   30.22139 s
       Pressure Iterations: 3
       Maximum Velocity Error:  0.35E-03 on Mesh 7 at (53,64,21)
       Maximum Pressure Error:  0.47E+04 on Mesh 2 at (63,35,5)
       Maximum CFL Number    :  0.89E+00 on Mesh 5 at (58,31,28)
       Maximum VN Number     :  0.41E+00 on Mesh 2 at (61,34,6)
       ---------------------------------------------------------------
       Mesh    1
       Max CFL number:  0.21E+00 at (15,26,32)
       Max divergence:  0.43E+01 at (15,27,2)
       Min divergence: -0.21E+01 at (15,26,7)
       Max VN number :  0.60E-01 at (15,25,38)
       Mesh    2
       Max CFL number:  0.56E+00 at (61,32,24)
       Max divergence:  0.11E+02 at (49,40,5)
       Min divergence: -0.22E+02 at (63,35,5)
       Max VN number :  0.41E+00 at (61,34,6)
       Mesh    3
       Max CFL number:  0.80E+00 at (59,33,24)
       Max divergence:  0.63E+01 at (60,37,1)
       Min divergence: -0.88E+01 at (57,36,1)
       Max VN number :  0.35E+00 at (57,36,1)
       Mesh    4
       Max CFL number:  0.85E+00 at (59,32,28)
       Max divergence:  0.35E+01 at (59,28,1)
       Min divergence: -0.63E+01 at (57,29,1)
       Max VN number :  0.31E+00 at (64,36,1)
       Mesh    5
       Max CFL number:  0.89E+00 at (58,31,28)
       Max divergence:  0.28E+01 at (61,37,1)
       Min divergence: -0.37E+01 at (57,36,1)
       Max VN number :  0.32E+00 at (64,36,1)
       Mesh    6
       Max CFL number:  0.88E+00 at (58,32,25)
       Max divergence:  0.21E+01 at (57,40,28)
       Min divergence: -0.30E+01 at (60,36,1)
       Max VN number :  0.31E+00 at (57,25,28)
       Mesh    7
       Max CFL number:  0.82E+00 at (59,31,4)
       Max divergence:  0.13E+01 at (58,37,1)
       Min divergence: -0.18E+01 at (60,36,1)
       Max VN number :  0.28E+00 at (56,64,18)
 
       Time Step    13400   September  3, 2026  03:02:32
       Step Size:  0.160E-02 s, Total Time:   30.38188 s
       Pressure Iterations: 3
       Maximum Velocity Error:  0.31E-03 on Mesh 2 at (58,35,4)
       Maximum Pressure Error:  0.59E+04 on Mesh 2 at (58,35,5)
       Maximum CFL Number    :  0.88E+00 on Mesh 5 at (58,31,28)
       Maximum VN Number     :  0.41E+00 on Mesh 2 at (60,34,6)
       ---------------------------------------------------------------
       Mesh    1
       Max CFL number:  0.21E+00 at (15,25,31)
       Max divergence:  0.43E+01 at (15,27,2)
       Min divergence: -0.21E+01 at (15,26,7)
       Max VN number :  0.60E-01 at (15,25,38)
       Mesh    2
       Max CFL number:  0.56E+00 at (61,32,24)
       Max divergence:  0.11E+02 at (49,40,5)
       Min divergence: -0.30E+02 at (58,35,5)
       Max VN number :  0.41E+00 at (60,34,6)
       Mesh    3
       Max CFL number:  0.80E+00 at (59,33,24)
       Max divergence:  0.64E+01 at (60,37,1)
       Min divergence: -0.88E+01 at (57,36,1)
       Max VN number :  0.35E+00 at (57,36,1)
       Mesh    4
       Max CFL number:  0.85E+00 at (59,32,28)
       Max divergence:  0.35E+01 at (59,28,1)
       Min divergence: -0.63E+01 at (57,36,1)
       Max VN number :  0.31E+00 at (64,36,1)
       Mesh    5
       Max CFL number:  0.88E+00 at (58,31,28)
       Max divergence:  0.27E+01 at (61,37,1)
       Min divergence: -0.37E+01 at (57,29,1)
       Max VN number :  0.32E+00 at (64,36,1)
       Mesh    6
       Max CFL number:  0.88E+00 at (58,32,28)
       Max divergence:  0.22E+01 at (57,26,28)
       Min divergence: -0.28E+01 at (60,36,1)
       Max VN number :  0.31E+00 at (57,25,28)
       Mesh    7
       Max CFL number:  0.83E+00 at (59,34,4)
       Max divergence:  0.13E+01 at (58,28,1)
       Min divergence: -0.18E+01 at (60,36,1)
       Max VN number :  0.29E+00 at (56,64,18)
 
       Time Step    13500   September  3, 2026  03:05:57
       Step Size:  0.160E-02 s, Total Time:   30.54237 s
       Pressure Iterations: 4
       Maximum Velocity Error:  0.28E-03 on Mesh 2 at (58,30,4)
       Maximum Pressure Error:  0.21E+05 on Mesh 2 at (58,30,5)
       Maximum CFL Number    :  0.88E+00 on Mesh 6 at (58,33,28)
       Maximum VN Number     :  0.41E+00 on Mesh 2 at (61,34,6)
       ---------------------------------------------------------------
       Mesh    1
       Max CFL number:  0.21E+00 at (15,25,31)
       Max divergence:  0.43E+01 at (15,27,2)
       Min divergence: -0.21E+01 at (15,26,7)
       Max VN number :  0.61E-01 at (15,25,38)
       Mesh    2
       Max CFL number:  0.56E+00 at (61,32,24)
       Max divergence:  0.27E+02 at (58,30,5)
       Min divergence: -0.22E+02 at (63,35,5)
       Max VN number :  0.41E+00 at (61,34,6)
       Mesh    3
       Max CFL number:  0.80E+00 at (59,33,24)
       Max divergence:  0.64E+01 at (60,37,1)
       Min divergence: -0.88E+01 at (57,36,1)
       Max VN number :  0.35E+00 at (57,36,1)
       Mesh    4
       Max CFL number:  0.85E+00 at (59,33,28)
       Max divergence:  0.35E+01 at (59,28,1)
       Min divergence: -0.63E+01 at (57,36,1)
       Max VN number :  0.31E+00 at (57,29,1)
       Mesh    5
       Max CFL number:  0.88E+00 at (58,31,28)
       Max divergence:  0.27E+01 at (57,29,28)
       Min divergence: -0.38E+01 at (57,29,1)
       Max VN number :  0.32E+00 at (64,36,1)
       Mesh    6
       Max CFL number:  0.88E+00 at (58,33,28)
       Max divergence:  0.22E+01 at (57,26,28)
       Min divergence: -0.27E+01 at (60,36,1)
       Max VN number :  0.32E+00 at (53,29,28)
       Mesh    7
       Max CFL number:  0.83E+00 at (59,34,4)
       Max divergence:  0.13E+01 at (56,37,1)
       Min divergence: -0.19E+01 at (60,36,1)
       Max VN number :  0.29E+00 at (56,64,18)
 
       Time Step    13600   September  3, 2026  03:09:21
       Step Size:  0.160E-02 s, Total Time:   30.70287 s
       Pressure Iterations: 4
       Maximum Velocity Error:  0.21E-03 on Mesh 2 at (63,35,4)
       Maximum Pressure Error:  0.82E+04 on Mesh 2 at (63,35,4)
       Maximum CFL Number    :  0.88E+00 on Mesh 6 at (58,33,28)
       Maximum VN Number     :  0.41E+00 on Mesh 2 at (60,34,6)
       ---------------------------------------------------------------
       Mesh    1
       Max CFL number:  0.21E+00 at (15,26,34)
       Max divergence:  0.43E+01 at (15,27,2)
       Min divergence: -0.21E+01 at (15,25,7)
       Max VN number :  0.61E-01 at (15,25,38)
       Mesh    2
       Max CFL number:  0.56E+00 at (61,32,24)
       Max divergence:  0.73E+02 at (63,35,5)
       Min divergence: -0.51E+01 at (61,33,8)
       Max VN number :  0.41E+00 at (60,34,6)
       Mesh    3
       Max CFL number:  0.80E+00 at (59,33,24)
       Max divergence:  0.64E+01 at (60,37,1)
       Min divergence: -0.88E+01 at (57,36,1)
       Max VN number :  0.35E+00 at (57,36,1)
       Mesh    4
       Max CFL number:  0.85E+00 at (59,33,28)
       Max divergence:  0.35E+01 at (59,37,1)
       Min divergence: -0.63E+01 at (57,36,1)
       Max VN number :  0.31E+00 at (57,29,1)
       Mesh    5
       Max CFL number:  0.87E+00 at (58,31,28)
       Max divergence:  0.32E+01 at (57,29,28)
       Min divergence: -0.39E+01 at (57,29,1)
       Max VN number :  0.31E+00 at (64,36,1)
       Mesh    6
       Max CFL number:  0.88E+00 at (58,33,28)
       Max divergence:  0.25E+01 at (58,29,28)
       Min divergence: -0.27E+01 at (60,36,1)
       Max VN number :  0.33E+00 at (53,29,28)
       Mesh    7
       Max CFL number:  0.83E+00 at (58,34,4)
       Max divergence:  0.14E+01 at (56,37,1)
       Min divergence: -0.19E+01 at (60,36,1)
       Max VN number :  0.29E+00 at (56,64,18)
 
       Time Step    13700   September  3, 2026  03:12:44
       Step Size:  0.160E-02 s, Total Time:   30.86336 s
       Pressure Iterations: 3
       Maximum Velocity Error:  0.32E-03 on Mesh 2 at (63,35,4)
       Maximum Pressure Error:  0.60E+04 on Mesh 2 at (63,30,5)
       Maximum CFL Number    :  0.88E+00 on Mesh 6 at (59,34,28)
       Maximum VN Number     :  0.41E+00 on Mesh 2 at (61,34,6)
       ---------------------------------------------------------------
       Mesh    1
       Max CFL number:  0.21E+00 at (15,25,34)
       Max divergence:  0.43E+01 at (15,27,2)
       Min divergence: -0.21E+01 at (15,25,7)
       Max VN number :  0.62E-01 at (15,25,38)
       Mesh    2
       Max CFL number:  0.56E+00 at (61,32,24)
       Max divergence:  0.11E+02 at (49,40,5)
       Min divergence: -0.30E+02 at (63,30,5)
       Max VN number :  0.41E+00 at (61,34,6)
       Mesh    3
       Max CFL number:  0.80E+00 at (59,33,24)
       Max divergence:  0.64E+01 at (60,37,1)
       Min divergence: -0.88E+01 at (57,36,1)
       Max VN number :  0.35E+00 at (57,36,1)
       Mesh    4
       Max CFL number:  0.85E+00 at (59,33,28)
       Max divergence:  0.36E+01 at (59,37,1)
       Min divergence: -0.65E+01 at (57,36,1)
       Max VN number :  0.31E+00 at (57,29,1)
       Mesh    5
       Max CFL number:  0.87E+00 at (58,33,26)
       Max divergence:  0.38E+01 at (57,29,28)
       Min divergence: -0.37E+01 at (57,36,1)
       Max VN number :  0.30E+00 at (64,36,1)
       Mesh    6
       Max CFL number:  0.88E+00 at (59,34,28)
       Max divergence:  0.30E+01 at (57,29,28)
       Min divergence: -0.26E+01 at (60,36,1)
       Max VN number :  0.35E+00 at (53,29,28)
       Mesh    7
       Max CFL number:  0.83E+00 at (58,32,5)
       Max divergence:  0.14E+01 at (56,37,1)
       Min divergence: -0.19E+01 at (60,36,1)
       Max VN number :  0.28E+00 at (56,64,18)
 
       Time Step    13800   September  3, 2026  03:16:09
       Step Size:  0.160E-02 s, Total Time:   31.02385 s
       Pressure Iterations: 4
       Maximum Velocity Error:  0.29E-03 on Mesh 7 at (56,0,21)
       Maximum Pressure Error:  0.89E+04 on Mesh 2 at (63,35,4)
       Maximum CFL Number    :  0.87E+00 on Mesh 6 at (59,34,27)
       Maximum VN Number     :  0.41E+00 on Mesh 2 at (61,31,6)
       ---------------------------------------------------------------
       Mesh    1
       Max CFL number:  0.21E+00 at (15,25,34)
       Max divergence:  0.43E+01 at (15,27,2)
       Min divergence: -0.21E+01 at (15,25,7)
       Max VN number :  0.62E-01 at (15,25,38)
       Mesh    2
       Max CFL number:  0.56E+00 at (61,32,24)
       Max divergence:  0.73E+02 at (63,35,5)
       Min divergence: -0.86E+01 at (58,30,5)
       Max VN number :  0.41E+00 at (61,31,6)
       Mesh    3
       Max CFL number:  0.80E+00 at (59,33,24)
       Max divergence:  0.64E+01 at (60,37,1)
       Min divergence: -0.88E+01 at (57,29,1)
       Max VN number :  0.35E+00 at (57,36,1)
       Mesh    4
       Max CFL number:  0.84E+00 at (59,32,28)
       Max divergence:  0.35E+01 at (59,37,1)
       Min divergence: -0.63E+01 at (57,36,1)
       Max VN number :  0.31E+00 at (57,29,1)
       Mesh    5
       Max CFL number:  0.87E+00 at (58,33,24)
       Max divergence:  0.40E+01 at (57,36,28)
       Min divergence: -0.35E+01 at (59,35,28)
       Max VN number :  0.30E+00 at (64,36,1)
       Mesh    6
       Max CFL number:  0.87E+00 at (59,34,27)
       Max divergence:  0.35E+01 at (57,29,28)
       Min divergence: -0.25E+01 at (60,36,1)
       Max VN number :  0.35E+00 at (53,29,28)
       Mesh    7
       Max CFL number:  0.83E+00 at (58,32,5)
       Max divergence:  0.15E+01 at (60,37,1)
       Min divergence: -0.20E+01 at (60,36,1)
       Max VN number :  0.28E+00 at (56,1,18)
 
       Time Step    13900   September  3, 2026  03:19:32
       Step Size:  0.160E-02 s, Total Time:   31.18434 s
       Pressure Iterations: 1
       Maximum Velocity Error:  0.62E-03 on Mesh 2 at (63,30,4)
       Maximum Pressure Error:  0.63E+03 on Mesh 2 at (62,29,5)
       Maximum CFL Number    :  0.88E+00 on Mesh 5 at (58,32,15)
       Maximum VN Number     :  0.41E+00 on Mesh 2 at (61,31,6)
       ---------------------------------------------------------------
       Mesh    1
       Max CFL number:  0.21E+00 at (15,25,34)
       Max divergence:  0.43E+01 at (15,27,2)
       Min divergence: -0.21E+01 at (15,25,7)
       Max VN number :  0.62E-01 at (15,25,38)
       Mesh    2
       Max CFL number:  0.56E+00 at (61,33,24)
       Max divergence:  0.11E+02 at (49,40,5)
       Min divergence: -0.16E+02 at (63,30,5)
       Max VN number :  0.41E+00 at (61,31,6)
       Mesh    3
       Max CFL number:  0.80E+00 at (59,33,24)
       Max divergence:  0.64E+01 at (60,37,1)
       Min divergence: -0.89E+01 at (57,29,1)
       Max VN number :  0.35E+00 at (57,36,1)
       Mesh    4
       Max CFL number:  0.84E+00 at (59,33,28)
       Max divergence:  0.35E+01 at (61,28,1)
       Min divergence: -0.63E+01 at (57,36,1)
       Max VN number :  0.31E+00 at (57,29,1)
       Mesh    5
       Max CFL number:  0.88E+00 at (58,32,15)
       Max divergence:  0.37E+01 at (57,29,28)
       Min divergence: -0.37E+01 at (58,35,28)
       Max VN number :  0.31E+00 at (67,35,28)
       Mesh    6
       Max CFL number:  0.87E+00 at (59,33,28)
       Max divergence:  0.36E+01 at (54,36,28)
       Min divergence: -0.24E+01 at (60,36,1)
       Max VN number :  0.35E+00 at (53,29,28)
       Mesh    7
       Max CFL number:  0.83E+00 at (58,31,6)
       Max divergence:  0.15E+01 at (60,37,1)
       Min divergence: -0.21E+01 at (60,36,1)
       Max VN number :  0.28E+00 at (53,36,1)
 
       Time Step    14000   September  3, 2026  03:22:57
       Step Size:  0.160E-02 s, Total Time:   31.34483 s
       Pressure Iterations: 4
       Maximum Velocity Error:  0.29E-03 on Mesh 2 at (63,30,4)
       Maximum Pressure Error:  0.21E+05 on Mesh 2 at (63,30,5)
       Maximum CFL Number    :  0.89E+00 on Mesh 5 at (58,32,17)
       Maximum VN Number     :  0.41E+00 on Mesh 2 at (61,34,6)
       ---------------------------------------------------------------
       Mesh    1
       Max CFL number:  0.21E+00 at (15,25,34)
       Max divergence:  0.43E+01 at (15,27,2)
       Min divergence: -0.21E+01 at (15,25,7)
       Max VN number :  0.61E-01 at (15,25,38)
       Mesh    2
       Max CFL number:  0.56E+00 at (61,33,24)
       Max divergence:  0.28E+02 at (63,30,5)
       Min divergence: -0.22E+02 at (58,30,5)
       Max VN number :  0.41E+00 at (61,34,6)
       Mesh    3
       Max CFL number:  0.80E+00 at (59,33,24)
       Max divergence:  0.64E+01 at (60,37,1)
       Min divergence: -0.89E+01 at (61,32,24)
       Max VN number :  0.35E+00 at (57,36,1)
       Mesh    4
       Max CFL number:  0.84E+00 at (59,33,28)
       Max divergence:  0.36E+01 at (61,28,1)
       Min divergence: -0.64E+01 at (57,36,1)
       Max VN number :  0.32E+00 at (57,36,1)
       Mesh    5
       Max CFL number:  0.89E+00 at (58,32,17)
       Max divergence:  0.34E+01 at (56,29,28)
       Min divergence: -0.36E+01 at (58,35,28)
       Max VN number :  0.32E+00 at (67,35,28)
       Mesh    6
       Max CFL number:  0.87E+00 at (59,33,28)
       Max divergence:  0.38E+01 at (54,36,28)
       Min divergence: -0.24E+01 at (60,36,1)
       Max VN number :  0.34E+00 at (53,29,28)
       Mesh    7
       Max CFL number:  0.83E+00 at (58,31,6)
       Max divergence:  0.16E+01 at (60,37,1)
       Min divergence: -0.21E+01 at (53,36,1)
       Max VN number :  0.28E+00 at (53,36,1)
 
       Time Step    14100   September  3, 2026  03:26:21
       Step Size:  0.160E-02 s, Total Time:   31.50533 s
       Pressure Iterations: 2
       Maximum Velocity Error:  0.45E-03 on Mesh 7 at (70,64,21)
       Maximum Pressure Error:  0.52E+03 on Mesh 6 at (55,36,26)
       Maximum CFL Number    :  0.89E+00 on Mesh 5 at (58,32,17)
       Maximum VN Number     :  0.41E+00 on Mesh 2 at (61,31,6)
       ---------------------------------------------------------------
       Mesh    1
       Max CFL number:  0.21E+00 at (15,25,34)
       Max divergence:  0.43E+01 at (15,27,2)
       Min divergence: -0.21E+01 at (15,25,7)
       Max VN number :  0.61E-01 at (15,25,38)
       Mesh    2
       Max CFL number:  0.56E+00 at (61,33,24)
       Max divergence:  0.11E+02 at (49,40,5)
       Min divergence: -0.10E+02 at (58,35,5)
       Max VN number :  0.41E+00 at (61,31,6)
       Mesh    3
       Max CFL number:  0.80E+00 at (59,33,24)
       Max divergence:  0.64E+01 at (60,37,1)
       Min divergence: -0.89E+01 at (61,32,24)
       Max VN number :  0.35E+00 at (57,36,1)
       Mesh    4
       Max CFL number:  0.83E+00 at (59,33,28)
       Max divergence:  0.37E+01 at (61,28,1)
       Min divergence: -0.63E+01 at (57,36,1)
       Max VN number :  0.32E+00 at (59,25,28)
       Mesh    5
       Max CFL number:  0.89E+00 at (58,32,17)
       Max divergence:  0.33E+01 at (56,29,28)
       Min divergence: -0.36E+01 at (53,29,1)
       Max VN number :  0.32E+00 at (67,35,28)
       Mesh    6
       Max CFL number:  0.86E+00 at (59,32,28)
       Max divergence:  0.43E+01 at (54,36,28)
       Min divergence: -0.23E+01 at (60,36,1)
       Max VN number :  0.33E+00 at (54,36,28)
       Mesh    7
       Max CFL number:  0.83E+00 at (58,31,6)
       Max divergence:  0.17E+01 at (60,37,1)
       Min divergence: -0.22E+01 at (53,36,1)
       Max VN number :  0.28E+00 at (53,36,1)
 
       Time Step    14200   September  3, 2026  03:29:45
       Step Size:  0.160E-02 s, Total Time:   31.66582 s
       Pressure Iterations: 2
       Maximum Velocity Error:  0.53E-03 on Mesh 2 at (63,30,4)
       Maximum Pressure Error:  0.27E+04 on Mesh 2 at (63,30,5)
       Maximum CFL Number    :  0.90E+00 on Mesh 5 at (58,32,19)
       Maximum VN Number     :  0.41E+00 on Mesh 2 at (61,34,6)
       ---------------------------------------------------------------
       Mesh    1
       Max CFL number:  0.21E+00 at (15,25,34)
       Max divergence:  0.43E+01 at (15,27,2)
       Min divergence: -0.21E+01 at (15,25,7)
       Max VN number :  0.60E-01 at (15,25,38)
       Mesh    2
       Max CFL number:  0.56E+00 at (61,33,24)
       Max divergence:  0.11E+02 at (49,40,5)
       Min divergence: -0.16E+02 at (58,35,5)
       Max VN number :  0.41E+00 at (61,34,6)
       Mesh    3
       Max CFL number:  0.80E+00 at (59,33,24)
       Max divergence:  0.64E+01 at (60,37,1)
       Min divergence: -0.90E+01 at (61,32,24)
       Max VN number :  0.35E+00 at (57,36,1)
       Mesh    4
       Max CFL number:  0.84E+00 at (59,33,28)
       Max divergence:  0.38E+01 at (61,28,1)
       Min divergence: -0.63E+01 at (64,29,1)
       Max VN number :  0.32E+00 at (59,25,28)
       Mesh    5
       Max CFL number:  0.90E+00 at (58,32,19)
       Max divergence:  0.33E+01 at (55,36,28)
       Min divergence: -0.38E+01 at (53,29,1)
       Max VN number :  0.33E+00 at (68,34,28)
       Mesh    6
       Max CFL number:  0.86E+00 at (59,32,28)
       Max divergence:  0.49E+01 at (54,36,28)
       Min divergence: -0.23E+01 at (54,36,25)
       Max VN number :  0.31E+00 at (54,29,28)
       Mesh    7
       Max CFL number:  0.83E+00 at (58,31,6)
       Max divergence:  0.17E+01 at (60,28,1)
       Min divergence: -0.23E+01 at (53,36,1)
       Max VN number :  0.28E+00 at (60,29,1)
 
       Time Step    14300   September  3, 2026  03:33:09
       Step Size:  0.160E-02 s, Total Time:   31.82631 s
       Pressure Iterations: 3
       Maximum Velocity Error:  0.32E-03 on Mesh 2 at (58,35,4)
       Maximum Pressure Error:  0.65E+04 on Mesh 2 at (58,35,5)
       Maximum CFL Number    :  0.90E+00 on Mesh 5 at (58,32,22)
       Maximum VN Number     :  0.41E+00 on Mesh 2 at (60,34,6)
       ---------------------------------------------------------------
       Mesh    1
       Max CFL number:  0.21E+00 at (15,25,34)
       Max divergence:  0.43E+01 at (15,27,2)
       Min divergence: -0.21E+01 at (15,25,7)
       Max VN number :  0.60E-01 at (15,25,38)
       Mesh    2
       Max CFL number:  0.56E+00 at (61,33,24)
       Max divergence:  0.11E+02 at (49,40,5)
       Min divergence: -0.30E+02 at (58,35,5)
       Max VN number :  0.41E+00 at (60,34,6)
       Mesh    3
       Max CFL number:  0.79E+00 at (59,33,24)
       Max divergence:  0.64E+01 at (60,37,1)
       Min divergence: -0.90E+01 at (61,32,24)
       Max VN number :  0.35E+00 at (57,36,1)
       Mesh    4
       Max CFL number:  0.84E+00 at (59,33,28)
       Max divergence:  0.39E+01 at (61,28,1)
       Min divergence: -0.64E+01 at (64,29,1)
       Max VN number :  0.32E+00 at (59,40,28)
       Mesh    5
       Max CFL number:  0.90E+00 at (58,32,22)
       Max divergence:  0.30E+01 at (55,36,28)
       Min divergence: -0.38E+01 at (53,36,1)
       Max VN number :  0.35E+00 at (68,34,28)
       Mesh    6
       Max CFL number:  0.87E+00 at (58,32,28)
       Max divergence:  0.42E+01 at (54,36,28)
       Min divergence: -0.23E+01 at (60,36,1)
       Max VN number :  0.29E+00 at (55,28,28)
       Mesh    7
       Max CFL number:  0.83E+00 at (58,31,6)
       Max divergence:  0.17E+01 at (60,28,1)
       Min divergence: -0.23E+01 at (53,36,1)
       Max VN number :  0.28E+00 at (60,36,1)
 
       Time Step    14400   September  3, 2026  03:36:33
       Step Size:  0.160E-02 s, Total Time:   31.98680 s
       Pressure Iterations: 4
       Maximum Velocity Error:  0.23E-03 on Mesh 7 at (51,64,21)
       Maximum Pressure Error:  0.81E+04 on Mesh 2 at (58,30,4)
       Maximum CFL Number    :  0.91E+00 on Mesh 5 at (58,32,22)
       Maximum VN Number     :  0.41E+00 on Mesh 2 at (61,34,6)
       ---------------------------------------------------------------
       Mesh    1
       Max CFL number:  0.21E+00 at (15,26,34)
       Max divergence:  0.43E+01 at (15,27,2)
       Min divergence: -0.21E+01 at (15,25,7)
       Max VN number :  0.59E-01 at (15,25,38)
       Mesh    2
       Max CFL number:  0.56E+00 at (61,33,24)
       Max divergence:  0.72E+02 at (58,30,5)
       Min divergence: -0.51E+01 at (61,33,8)
       Max VN number :  0.41E+00 at (61,34,6)
       Mesh    3
       Max CFL number:  0.79E+00 at (59,33,24)
       Max divergence:  0.64E+01 at (60,37,1)
       Min divergence: -0.88E+01 at (57,36,1)
       Max VN number :  0.35E+00 at (57,29,1)
       Mesh    4
       Max CFL number:  0.84E+00 at (59,32,28)
       Max divergence:  0.39E+01 at (61,28,1)
       Min divergence: -0.65E+01 at (64,29,1)
       Max VN number :  0.32E+00 at (64,29,1)
       Mesh    5
       Max CFL number:  0.91E+00 at (58,32,22)
       Max divergence:  0.29E+01 at (54,36,28)
       Min divergence: -0.38E+01 at (53,36,1)
       Max VN number :  0.35E+00 at (68,34,28)
       Mesh    6
       Max CFL number:  0.87E+00 at (57,32,23)
       Max divergence:  0.33E+01 at (54,29,28)
       Min divergence: -0.23E+01 at (60,36,1)
       Max VN number :  0.28E+00 at (57,26,28)
       Mesh    7
       Max CFL number:  0.84E+00 at (59,34,6)
       Max divergence:  0.16E+01 at (60,28,1)
       Min divergence: -0.23E+01 at (53,36,1)
       Max VN number :  0.28E+00 at (60,36,1)
 
       Time Step    14500   September  3, 2026  03:39:57
       Step Size:  0.160E-02 s, Total Time:   32.14730 s
       Pressure Iterations: 2
       Maximum Velocity Error:  0.51E-03 on Mesh 2 at (58,35,4)
       Maximum Pressure Error:  0.22E+04 on Mesh 2 at (58,35,5)
       Maximum CFL Number    :  0.91E+00 on Mesh 5 at (58,32,24)
       Maximum VN Number     :  0.41E+00 on Mesh 2 at (60,34,6)
       ---------------------------------------------------------------
       Mesh    1
       Max CFL number:  0.21E+00 at (15,26,34)
       Max divergence:  0.43E+01 at (15,27,2)
       Min divergence: -0.21E+01 at (15,25,7)
       Max VN number :  0.59E-01 at (15,25,38)
       Mesh    2
       Max CFL number:  0.56E+00 at (61,33,24)
       Max divergence:  0.11E+02 at (49,40,5)
       Min divergence: -0.56E+01 at (58,30,5)
       Max VN number :  0.41E+00 at (60,34,6)
       Mesh    3
       Max CFL number:  0.79E+00 at (59,33,24)
       Max divergence:  0.64E+01 at (60,37,1)
       Min divergence: -0.88E+01 at (57,36,1)
       Max VN number :  0.35E+00 at (57,29,1)
       Mesh    4
       Max CFL number:  0.84E+00 at (59,32,28)
       Max divergence:  0.39E+01 at (61,28,1)
       Min divergence: -0.66E+01 at (64,29,1)
       Max VN number :  0.32E+00 at (64,29,1)
       Mesh    5
       Max CFL number:  0.91E+00 at (58,32,24)
       Max divergence:  0.25E+01 at (53,36,28)
       Min divergence: -0.39E+01 at (53,36,1)
       Max VN number :  0.33E+00 at (68,34,28)
       Mesh    6
       Max CFL number:  0.88E+00 at (57,33,24)
       Max divergence:  0.20E+01 at (56,28,1)
       Min divergence: -0.24E+01 at (60,36,1)
       Max VN number :  0.28E+00 at (56,40,28)
       Mesh    7
       Max CFL number:  0.84E+00 at (59,34,6)
       Max divergence:  0.16E+01 at (60,28,1)
       Min divergence: -0.23E+01 at (53,29,1)
       Max VN number :  0.28E+00 at (60,36,1)
 
       Time Step    14600   September  3, 2026  03:43:21
       Step Size:  0.160E-02 s, Total Time:   32.30779 s
       Pressure Iterations: 4
       Maximum Velocity Error:  0.28E-03 on Mesh 2 at (58,35,4)
       Maximum Pressure Error:  0.21E+05 on Mesh 2 at (58,35,5)
       Maximum CFL Number    :  0.91E+00 on Mesh 5 at (58,32,24)
       Maximum VN Number     :  0.41E+00 on Mesh 2 at (61,34,6)
       ---------------------------------------------------------------
       Mesh    1
       Max CFL number:  0.21E+00 at (15,26,34)
       Max divergence:  0.43E+01 at (15,27,2)
       Min divergence: -0.21E+01 at (15,25,7)
       Max VN number :  0.58E-01 at (15,25,38)
       Mesh    2
       Max CFL number:  0.56E+00 at (61,33,24)
       Max divergence:  0.27E+02 at (58,35,5)
       Min divergence: -0.30E+02 at (63,30,5)
       Max VN number :  0.41E+00 at (61,34,6)
       Mesh    3
       Max CFL number:  0.79E+00 at (59,33,24)
       Max divergence:  0.64E+01 at (60,37,1)
       Min divergence: -0.89E+01 at (57,29,1)
       Max VN number :  0.35E+00 at (57,29,1)
       Mesh    4
       Max CFL number:  0.85E+00 at (58,32,28)
       Max divergence:  0.39E+01 at (61,37,1)
       Min divergence: -0.66E+01 at (64,29,1)
       Max VN number :  0.32E+00 at (64,29,1)
       Mesh    5
       Max CFL number:  0.91E+00 at (58,32,24)
       Max divergence:  0.25E+01 at (56,37,1)
       Min divergence: -0.39E+01 at (53,36,1)
       Max VN number :  0.32E+00 at (68,33,28)
       Mesh    6
       Max CFL number:  0.88E+00 at (57,33,24)
       Max divergence:  0.21E+01 at (56,28,1)
       Min divergence: -0.25E+01 at (60,36,1)
       Max VN number :  0.29E+00 at (56,40,28)
       Mesh    7
       Max CFL number:  0.84E+00 at (59,34,6)
       Max divergence:  0.16E+01 at (57,37,1)
       Min divergence: -0.23E+01 at (53,29,1)
       Max VN number :  0.28E+00 at (60,36,1)
 
       Time Step    14700   September  3, 2026  03:46:46
       Step Size:  0.160E-02 s, Total Time:   32.46828 s
       Pressure Iterations: 4
       Maximum Velocity Error:  0.26E-03 on Mesh 7 at (46,0,21)
       Maximum Pressure Error:  0.81E+04 on Mesh 2 at (63,35,4)
       Maximum CFL Number    :  0.91E+00 on Mesh 5 at (58,32,23)
       Maximum VN Number     :  0.41E+00 on Mesh 2 at (61,31,6)
       ---------------------------------------------------------------
       Mesh    1
       Max CFL number:  0.21E+00 at (15,26,31)
       Max divergence:  0.43E+01 at (15,27,2)
       Min divergence: -0.21E+01 at (15,25,7)
       Max VN number :  0.58E-01 at (15,25,38)
       Mesh    2
       Max CFL number:  0.56E+00 at (61,33,24)
       Max divergence:  0.73E+02 at (63,35,5)
       Min divergence: -0.10E+02 at (58,30,5)
       Max VN number :  0.41E+00 at (61,31,6)
       Mesh    3
       Max CFL number:  0.79E+00 at (59,33,24)
       Max divergence:  0.64E+01 at (60,37,1)
       Min divergence: -0.88E+01 at (57,29,1)
       Max VN number :  0.35E+00 at (57,29,1)
       Mesh    4
       Max CFL number:  0.85E+00 at (58,32,28)
       Max divergence:  0.40E+01 at (61,37,1)
       Min divergence: -0.66E+01 at (64,36,1)
       Max VN number :  0.32E+00 at (64,29,1)
       Mesh    5
       Max CFL number:  0.91E+00 at (58,32,23)
       Max divergence:  0.26E+01 at (56,37,1)
       Min divergence: -0.38E+01 at (53,36,1)
       Max VN number :  0.31E+00 at (61,25,28)
       Mesh    6
       Max CFL number:  0.88E+00 at (57,32,28)
       Max divergence:  0.21E+01 at (56,28,1)
       Min divergence: -0.26E+01 at (60,36,1)
       Max VN number :  0.30E+00 at (56,40,28)
       Mesh    7
       Max CFL number:  0.84E+00 at (59,34,6)
       Max divergence:  0.16E+01 at (57,37,1)
       Min divergence: -0.22E+01 at (60,36,1)
       Max VN number :  0.28E+00 at (60,36,1)
 
       Time Step    14800   September  3, 2026  03:50:10
       Step Size:  0.160E-02 s, Total Time:   32.62877 s
       Pressure Iterations: 1
       Maximum Velocity Error:  0.64E-03 on Mesh 2 at (63,30,4)
       Maximum Pressure Error:  0.70E+03 on Mesh 2 at (62,29,5)
       Maximum CFL Number    :  0.92E+00 on Mesh 5 at (58,32,26)
       Maximum VN Number     :  0.41E+00 on Mesh 2 at (61,31,6)
       ---------------------------------------------------------------
       Mesh    1
       Max CFL number:  0.21E+00 at (15,26,31)
       Max divergence:  0.43E+01 at (15,27,2)
       Min divergence: -0.21E+01 at (15,25,7)
       Max VN number :  0.58E-01 at (15,25,38)
       Mesh    2
       Max CFL number:  0.56E+00 at (61,33,24)
       Max divergence:  0.11E+02 at (49,25,5)
       Min divergence: -0.16E+02 at (63,30,5)
       Max VN number :  0.41E+00 at (61,31,6)
       Mesh    3
       Max CFL number:  0.79E+00 at (59,33,24)
       Max divergence:  0.64E+01 at (60,37,1)
       Min divergence: -0.88E+01 at (57,29,1)
       Max VN number :  0.35E+00 at (57,29,1)
       Mesh    4
       Max CFL number:  0.85E+00 at (58,33,28)
       Max divergence:  0.39E+01 at (61,37,1)
       Min divergence: -0.64E+01 at (64,36,1)
       Max VN number :  0.32E+00 at (64,29,1)
       Mesh    5
       Max CFL number:  0.92E+00 at (58,32,26)
       Max divergence:  0.27E+01 at (56,37,1)
       Min divergence: -0.38E+01 at (60,36,1)
       Max VN number :  0.32E+00 at (61,25,28)
       Mesh    6
       Max CFL number:  0.88E+00 at (56,32,28)
       Max divergence:  0.21E+01 at (56,28,1)
       Min divergence: -0.30E+01 at (56,31,28)
       Max VN number :  0.30E+00 at (56,40,28)
       Mesh    7
       Max CFL number:  0.84E+00 at (59,34,5)
       Max divergence:  0.16E+01 at (57,37,1)
       Min divergence: -0.22E+01 at (60,36,1)
       Max VN number :  0.29E+00 at (60,36,1)
 
       Time Step    14900   September  3, 2026  03:53:34
       Step Size:  0.160E-02 s, Total Time:   32.78926 s
       Pressure Iterations: 4
       Maximum Velocity Error:  0.28E-03 on Mesh 2 at (63,30,4)
       Maximum Pressure Error:  0.22E+05 on Mesh 2 at (63,30,5)
       Maximum CFL Number    :  0.91E+00 on Mesh 5 at (58,32,25)
       Maximum VN Number     :  0.41E+00 on Mesh 2 at (61,34,6)
       ---------------------------------------------------------------
       Mesh    1
       Max CFL number:  0.21E+00 at (15,26,31)
       Max divergence:  0.43E+01 at (15,27,2)
       Min divergence: -0.21E+01 at (15,25,7)
       Max VN number :  0.57E-01 at (15,26,38)
       Mesh    2
       Max CFL number:  0.56E+00 at (61,33,24)
       Max divergence:  0.28E+02 at (63,30,5)
       Min divergence: -0.30E+02 at (58,30,5)
       Max VN number :  0.41E+00 at (61,34,6)
       Mesh    3
       Max CFL number:  0.79E+00 at (59,33,24)
       Max divergence:  0.64E+01 at (60,37,1)
       Min divergence: -0.88E+01 at (57,29,1)
       Max VN number :  0.35E+00 at (57,29,1)
       Mesh    4
       Max CFL number:  0.86E+00 at (58,32,28)
       Max divergence:  0.39E+01 at (61,37,1)
       Min divergence: -0.63E+01 at (64,36,1)
       Max VN number :  0.34E+00 at (64,39,28)
       Mesh    5
       Max CFL number:  0.91E+00 at (58,32,25)
       Max divergence:  0.27E+01 at (56,37,1)
       Min divergence: -0.39E+01 at (60,36,1)
       Max VN number :  0.32E+00 at (61,25,28)
       Mesh    6
       Max CFL number:  0.89E+00 at (56,32,28)
       Max divergence:  0.23E+01 at (60,30,28)
       Min divergence: -0.28E+01 at (56,31,28)
       Max VN number :  0.31E+00 at (56,40,28)
       Mesh    7
       Max CFL number:  0.84E+00 at (59,34,8)
       Max divergence:  0.16E+01 at (57,37,1)
       Min divergence: -0.22E+01 at (60,36,1)
       Max VN number :  0.29E+00 at (60,36,1)
 
       Time Step    15000   September  3, 2026  03:56:59
       Step Size:  0.160E-02 s, Total Time:   32.94976 s
       Pressure Iterations: 1
       Maximum Velocity Error:  0.59E-03 on Mesh 2 at (58,35,4)
       Maximum Pressure Error:  0.65E+03 on Mesh 5 at (58,29,18)
       Maximum CFL Number    :  0.91E+00 on Mesh 5 at (58,32,28)
       Maximum VN Number     :  0.41E+00 on Mesh 2 at (61,34,6)
       ---------------------------------------------------------------
       Mesh    1
       Max CFL number:  0.21E+00 at (15,26,31)
       Max divergence:  0.43E+01 at (15,27,2)
       Min divergence: -0.21E+01 at (15,25,7)
       Max VN number :  0.57E-01 at (15,26,38)
       Mesh    2
       Max CFL number:  0.56E+00 at (61,33,24)
       Max divergence:  0.11E+02 at (49,40,5)
       Min divergence: -0.16E+02 at (58,35,5)
       Max VN number :  0.41E+00 at (61,34,6)
       Mesh    3
       Max CFL number:  0.79E+00 at (59,33,24)
       Max divergence:  0.64E+01 at (60,37,1)
       Min divergence: -0.89E+01 at (57,29,1)
       Max VN number :  0.35E+00 at (57,29,1)
       Mesh    4
       Max CFL number:  0.86E+00 at (58,33,28)
       Max divergence:  0.39E+01 at (61,37,1)
       Min divergence: -0.63E+01 at (57,29,1)
       Max VN number :  0.34E+00 at (64,39,28)
       Mesh    5
       Max CFL number:  0.91E+00 at (58,32,28)
       Max divergence:  0.29E+01 at (59,29,28)
       Min divergence: -0.39E+01 at (60,29,1)
       Max VN number :  0.32E+00 at (61,25,28)
       Mesh    6
       Max CFL number:  0.89E+00 at (56,34,28)
       Max divergence:  0.27E+01 at (60,30,28)
       Min divergence: -0.33E+01 at (56,31,28)
       Max VN number :  0.31E+00 at (56,40,28)
       Mesh    7
       Max CFL number:  0.83E+00 at (59,34,7)
       Max divergence:  0.16E+01 at (57,37,1)
       Min divergence: -0.22E+01 at (60,36,1)
       Max VN number :  0.29E+00 at (60,36,1)
 
       Time Step    15100   September  3, 2026  04:00:23
       Step Size:  0.160E-02 s, Total Time:   33.11025 s
       Pressure Iterations: 3
       Maximum Velocity Error:  0.32E-03 on Mesh 2 at (58,35,4)
       Maximum Pressure Error:  0.57E+04 on Mesh 2 at (58,35,5)
       Maximum CFL Number    :  0.91E+00 on Mesh 5 at (58,32,28)
       Maximum VN Number     :  0.41E+00 on Mesh 2 at (61,34,6)
       ---------------------------------------------------------------
       Mesh    1
       Max CFL number:  0.21E+00 at (15,25,31)
       Max divergence:  0.43E+01 at (15,27,2)
       Min divergence: -0.21E+01 at (15,25,7)
       Max VN number :  0.57E-01 at (15,26,38)
       Mesh    2
       Max CFL number:  0.56E+00 at (61,33,24)
       Max divergence:  0.11E+02 at (49,40,5)
       Min divergence: -0.30E+02 at (58,35,5)
       Max VN number :  0.41E+00 at (61,34,6)
       Mesh    3
       Max CFL number:  0.79E+00 at (59,33,24)
       Max divergence:  0.64E+01 at (60,37,1)
       Min divergence: -0.88E+01 at (57,29,1)
       Max VN number :  0.35E+00 at (57,29,1)
       Mesh    4
       Max CFL number:  0.86E+00 at (58,33,28)
       Max divergence:  0.38E+01 at (61,37,1)
       Min divergence: -0.63E+01 at (57,29,1)
       Max VN number :  0.34E+00 at (63,26,28)
       Mesh    5
       Max CFL number:  0.91E+00 at (58,32,28)
       Max divergence:  0.34E+01 at (58,29,28)
       Min divergence: -0.41E+01 at (57,31,28)
       Max VN number :  0.32E+00 at (62,25,28)
       Mesh    6
       Max CFL number:  0.89E+00 at (56,34,28)
       Max divergence:  0.27E+01 at (59,29,28)
       Min divergence: -0.34E+01 at (56,31,28)
       Max VN number :  0.31E+00 at (56,40,28)
       Mesh    7
       Max CFL number:  0.83E+00 at (58,33,6)
       Max divergence:  0.16E+01 at (57,37,1)
       Min divergence: -0.22E+01 at (60,36,1)
       Max VN number :  0.29E+00 at (60,36,1)
 
       Time Step    15200   September  3, 2026  04:03:47
       Step Size:  0.160E-02 s, Total Time:   33.27074 s
       Pressure Iterations: 4
       Maximum Velocity Error:  0.28E-03 on Mesh 2 at (58,30,4)
       Maximum Pressure Error:  0.21E+05 on Mesh 2 at (58,30,5)
       Maximum CFL Number    :  0.91E+00 on Mesh 5 at (58,32,28)
       Maximum VN Number     :  0.41E+00 on Mesh 2 at (60,34,6)
       ---------------------------------------------------------------
       Mesh    1
       Max CFL number:  0.21E+00 at (15,25,32)
       Max divergence:  0.43E+01 at (15,27,2)
       Min divergence: -0.21E+01 at (15,25,7)
       Max VN number :  0.57E-01 at (15,26,38)
       Mesh    2
       Max CFL number:  0.56E+00 at (61,33,24)
       Max divergence:  0.27E+02 at (58,30,5)
       Min divergence: -0.63E+01 at (63,35,5)
       Max VN number :  0.41E+00 at (60,34,6)
       Mesh    3
       Max CFL number:  0.79E+00 at (59,33,24)
       Max divergence:  0.65E+01 at (60,37,1)
       Min divergence: -0.88E+01 at (57,29,1)
       Max VN number :  0.35E+00 at (57,29,1)
       Mesh    4
       Max CFL number:  0.86E+00 at (58,33,28)
       Max divergence:  0.37E+01 at (64,25,28)
       Min divergence: -0.62E+01 at (57,29,1)
       Max VN number :  0.35E+00 at (63,39,28)
       Mesh    5
       Max CFL number:  0.91E+00 at (58,32,28)
       Max divergence:  0.44E+01 at (58,29,28)
       Min divergence: -0.44E+01 at (57,31,28)
       Max VN number :  0.32E+00 at (62,25,28)
       Mesh    6
       Max CFL number:  0.89E+00 at (56,34,28)
       Max divergence:  0.29E+01 at (60,29,28)
       Min divergence: -0.39E+01 at (57,34,28)
       Max VN number :  0.31E+00 at (56,40,28)
       Mesh    7
       Max CFL number:  0.83E+00 at (58,33,6)
       Max divergence:  0.17E+01 at (57,28,1)
       Min divergence: -0.23E+01 at (60,29,1)
       Max VN number :  0.29E+00 at (60,36,1)
 
       Time Step    15300   September  3, 2026  04:07:11
       Step Size:  0.160E-02 s, Total Time:   33.43123 s
       Pressure Iterations: 3
       Maximum Velocity Error:  0.39E-03 on Mesh 7 at (71,64,21)
       Maximum Pressure Error:  0.59E+04 on Mesh 2 at (63,30,5)
       Maximum CFL Number    :  0.90E+00 on Mesh 5 at (58,32,28)
       Maximum VN Number     :  0.41E+00 on Mesh 2 at (61,34,6)
       ---------------------------------------------------------------
       Mesh    1
       Max CFL number:  0.21E+00 at (15,25,32)
       Max divergence:  0.43E+01 at (15,27,2)
       Min divergence: -0.21E+01 at (15,25,7)
       Max VN number :  0.57E-01 at (15,26,38)
       Mesh    2
       Max CFL number:  0.56E+00 at (61,33,24)
       Max divergence:  0.11E+02 at (49,40,5)
       Min divergence: -0.30E+02 at (63,30,5)
       Max VN number :  0.41E+00 at (61,34,6)
       Mesh    3
       Max CFL number:  0.79E+00 at (59,33,24)
       Max divergence:  0.64E+01 at (60,37,1)
       Min divergence: -0.88E+01 at (57,36,1)
       Max VN number :  0.35E+00 at (57,29,1)
       Mesh    4
       Max CFL number:  0.86E+00 at (58,33,28)
       Max divergence:  0.36E+01 at (64,25,28)
       Min divergence: -0.62E+01 at (57,29,1)
       Max VN number :  0.35E+00 at (63,39,28)
       Mesh    5
       Max CFL number:  0.90E+00 at (58,32,28)
       Max divergence:  0.49E+01 at (58,29,28)
       Min divergence: -0.46E+01 at (57,31,28)
       Max VN number :  0.31E+00 at (49,35,28)
       Mesh    6
       Max CFL number:  0.88E+00 at (56,31,28)
       Max divergence:  0.31E+01 at (60,29,28)
       Min divergence: -0.39E+01 at (57,31,28)
       Max VN number :  0.31E+00 at (56,40,28)
       Mesh    7
       Max CFL number:  0.83E+00 at (58,34,6)
       Max divergence:  0.17E+01 at (57,28,1)
       Min divergence: -0.23E+01 at (60,29,1)
       Max VN number :  0.29E+00 at (60,36,1)
 
       Time Step    15400   September  3, 2026  04:10:35
       Step Size:  0.160E-02 s, Total Time:   33.59173 s
       Pressure Iterations: 4
       Maximum Velocity Error:  0.23E-03 on Mesh 7 at (71,64,21)
       Maximum Pressure Error:  0.80E+04 on Mesh 2 at (63,30,4)
       Maximum CFL Number    :  0.90E+00 on Mesh 5 at (58,32,28)
       Maximum VN Number     :  0.41E+00 on Mesh 2 at (60,34,6)
       ---------------------------------------------------------------
       Mesh    1
       Max CFL number:  0.21E+00 at (15,25,32)
       Max divergence:  0.43E+01 at (15,27,2)
       Min divergence: -0.21E+01 at (15,25,7)
       Max VN number :  0.57E-01 at (15,26,38)
       Mesh    2
       Max CFL number:  0.56E+00 at (61,33,24)
       Max divergence:  0.72E+02 at (63,30,5)
       Min divergence: -0.10E+02 at (58,35,5)
       Max VN number :  0.41E+00 at (60,34,6)
       Mesh    3
       Max CFL number:  0.79E+00 at (59,33,24)
       Max divergence:  0.65E+01 at (60,37,1)
       Min divergence: -0.88E+01 at (57,29,1)
       Max VN number :  0.35E+00 at (57,29,1)
       Mesh    4
       Max CFL number:  0.86E+00 at (58,33,28)
       Max divergence:  0.35E+01 at (61,37,1)
       Min divergence: -0.62E+01 at (57,29,1)
       Max VN number :  0.34E+00 at (63,39,28)
       Mesh    5
       Max CFL number:  0.90E+00 at (58,32,28)
       Max divergence:  0.51E+01 at (58,29,28)
       Min divergence: -0.48E+01 at (57,31,28)
       Max VN number :  0.30E+00 at (60,29,28)
       Mesh    6
       Max CFL number:  0.88E+00 at (57,31,27)
       Max divergence:  0.32E+01 at (60,29,28)
       Min divergence: -0.36E+01 at (57,34,28)
       Max VN number :  0.31E+00 at (56,40,28)
       Mesh    7
       Max CFL number:  0.82E+00 at (58,34,5)
       Max divergence:  0.18E+01 at (57,28,1)
       Min divergence: -0.24E+01 at (60,29,1)
       Max VN number :  0.29E+00 at (60,36,1)
 
       Time Step    15500   September  3, 2026  04:13:59
       Step Size:  0.160E-02 s, Total Time:   33.75222 s
       Pressure Iterations: 2
       Maximum Velocity Error:  0.42E-03 on Mesh 7 at (72,64,21)
       Maximum Pressure Error:  0.69E+03 on Mesh 5 at (56,28,23)
       Maximum CFL Number    :  0.89E+00 on Mesh 5 at (58,32,28)
       Maximum VN Number     :  0.41E+00 on Mesh 2 at (61,34,6)
       ---------------------------------------------------------------
       Mesh    1
       Max CFL number:  0.21E+00 at (15,25,32)
       Max divergence:  0.43E+01 at (15,27,2)
       Min divergence: -0.21E+01 at (15,25,7)
       Max VN number :  0.57E-01 at (15,26,38)
       Mesh    2
       Max CFL number:  0.56E+00 at (61,33,24)
       Max divergence:  0.11E+02 at (49,40,5)
       Min divergence: -0.13E+02 at (63,35,5)
       Max VN number :  0.41E+00 at (61,34,6)
       Mesh    3
       Max CFL number:  0.79E+00 at (59,33,24)
       Max divergence:  0.64E+01 at (60,37,1)
       Min divergence: -0.89E+01 at (57,29,1)
       Max VN number :  0.35E+00 at (57,29,1)
       Mesh    4
       Max CFL number:  0.86E+00 at (58,33,28)
       Max divergence:  0.34E+01 at (61,37,1)
       Min divergence: -0.62E+01 at (57,29,1)
       Max VN number :  0.34E+00 at (63,39,28)
       Mesh    5
       Max CFL number:  0.89E+00 at (58,32,28)
       Max divergence:  0.59E+01 at (58,29,28)
       Min divergence: -0.49E+01 at (57,31,28)
       Max VN number :  0.31E+00 at (60,29,28)
       Mesh    6
       Max CFL number:  0.88E+00 at (57,31,27)
       Max divergence:  0.34E+01 at (60,29,28)
       Min divergence: -0.34E+01 at (57,31,28)
       Max VN number :  0.32E+00 at (56,26,28)
       Mesh    7
       Max CFL number:  0.82E+00 at (58,34,5)
       Max divergence:  0.18E+01 at (57,28,1)
       Min divergence: -0.24E+01 at (60,29,1)
       Max VN number :  0.29E+00 at (60,29,1)
 
       Time Step    15600   September  3, 2026  04:17:24
       Step Size:  0.160E-02 s, Total Time:   33.91271 s
       Pressure Iterations: 4
       Maximum Velocity Error:  0.28E-03 on Mesh 2 at (58,35,4)
       Maximum Pressure Error:  0.21E+05 on Mesh 2 at (58,35,5)
       Maximum CFL Number    :  0.89E+00 on Mesh 5 at (58,33,28)
       Maximum VN Number     :  0.41E+00 on Mesh 2 at (61,31,6)
       ---------------------------------------------------------------
       Mesh    1
       Max CFL number:  0.21E+00 at (15,26,27)
       Max divergence:  0.43E+01 at (15,27,2)
       Min divergence: -0.21E+01 at (15,25,7)
       Max VN number :  0.57E-01 at (15,26,38)
       Mesh    2
       Max CFL number:  0.56E+00 at (61,33,24)
       Max divergence:  0.27E+02 at (58,35,5)
       Min divergence: -0.30E+02 at (63,35,5)
       Max VN number :  0.41E+00 at (61,31,6)
       Mesh    3
       Max CFL number:  0.79E+00 at (59,33,24)
       Max divergence:  0.64E+01 at (60,37,1)
       Min divergence: -0.88E+01 at (57,29,1)
       Max VN number :  0.35E+00 at (57,29,1)
       Mesh    4
       Max CFL number:  0.85E+00 at (58,33,28)
       Max divergence:  0.34E+01 at (61,37,1)
       Min divergence: -0.63E+01 at (57,36,1)
       Max VN number :  0.33E+00 at (63,26,28)
       Mesh    5
       Max CFL number:  0.89E+00 at (58,33,28)
       Max divergence:  0.65E+01 at (58,29,28)
       Min divergence: -0.52E+01 at (56,30,28)
       Max VN number :  0.31E+00 at (60,29,28)
       Mesh    6
       Max CFL number:  0.88E+00 at (57,31,27)
       Max divergence:  0.36E+01 at (60,29,28)
       Min divergence: -0.29E+01 at (57,31,28)
       Max VN number :  0.32E+00 at (56,39,28)
       Mesh    7
       Max CFL number:  0.82E+00 at (58,34,6)
       Max divergence:  0.18E+01 at (57,28,1)
       Min divergence: -0.24E+01 at (60,29,1)
       Max VN number :  0.29E+00 at (60,29,1)
 
       Time Step    15700   September  3, 2026  04:20:47
       Step Size:  0.160E-02 s, Total Time:   34.07320 s
       Pressure Iterations: 2
       Maximum Velocity Error:  0.52E-03 on Mesh 2 at (63,35,4)
       Maximum Pressure Error:  0.25E+04 on Mesh 2 at (63,35,5)
       Maximum CFL Number    :  0.89E+00 on Mesh 5 at (58,33,28)
       Maximum VN Number     :  0.41E+00 on Mesh 2 at (61,34,6)
       ---------------------------------------------------------------
       Mesh    1
       Max CFL number:  0.21E+00 at (15,26,27)
       Max divergence:  0.43E+01 at (15,27,2)
       Min divergence: -0.21E+01 at (15,25,7)
       Max VN number :  0.57E-01 at (15,26,38)
       Mesh    2
       Max CFL number:  0.56E+00 at (61,33,24)
       Max divergence:  0.11E+02 at (49,25,5)
       Min divergence: -0.10E+02 at (58,35,5)
       Max VN number :  0.41E+00 at (61,34,6)
       Mesh    3
       Max CFL number:  0.79E+00 at (59,33,24)
       Max divergence:  0.65E+01 at (60,28,1)
       Min divergence: -0.88E+01 at (57,29,1)
       Max VN number :  0.35E+00 at (57,29,1)
       Mesh    4
       Max CFL number:  0.85E+00 at (58,32,28)
       Max divergence:  0.34E+01 at (58,28,1)
       Min divergence: -0.62E+01 at (57,29,1)
       Max VN number :  0.32E+00 at (63,26,28)
       Mesh    5
       Max CFL number:  0.89E+00 at (58,33,28)
       Max divergence:  0.62E+01 at (58,36,28)
       Min divergence: -0.53E+01 at (56,30,28)
       Max VN number :  0.31E+00 at (60,29,28)
       Mesh    6
       Max CFL number:  0.87E+00 at (58,32,28)
       Max divergence:  0.39E+01 at (60,36,28)
       Min divergence: -0.31E+01 at (57,34,28)
       Max VN number :  0.32E+00 at (56,26,28)
       Mesh    7
       Max CFL number:  0.82E+00 at (58,34,6)
       Max divergence:  0.18E+01 at (57,28,1)
       Min divergence: -0.24E+01 at (60,29,1)
       Max VN number :  0.28E+00 at (60,29,1)
 
       Time Step    15800   September  3, 2026  04:24:10
       Step Size:  0.160E-02 s, Total Time:   34.23369 s
       Pressure Iterations: 2
       Maximum Velocity Error:  0.51E-03 on Mesh 2 at (63,30,4)
       Maximum Pressure Error:  0.23E+04 on Mesh 2 at (63,30,5)
       Maximum CFL Number    :  0.88E+00 on Mesh 5 at (58,33,28)
       Maximum VN Number     :  0.41E+00 on Mesh 2 at (60,34,6)
       ---------------------------------------------------------------
       Mesh    1
       Max CFL number:  0.21E+00 at (15,26,27)
       Max divergence:  0.43E+01 at (15,24,2)
       Min divergence: -0.21E+01 at (15,25,7)
       Max VN number :  0.57E-01 at (15,26,38)
       Mesh    2
       Max CFL number:  0.56E+00 at (61,33,24)
       Max divergence:  0.11E+02 at (49,40,5)
       Min divergence: -0.51E+01 at (61,33,8)
       Max VN number :  0.41E+00 at (60,34,6)
       Mesh    3
       Max CFL number:  0.79E+00 at (59,33,24)
       Max divergence:  0.64E+01 at (60,28,1)
       Min divergence: -0.89E+01 at (57,29,1)
       Max VN number :  0.35E+00 at (57,29,1)
       Mesh    4
       Max CFL number:  0.85E+00 at (58,32,28)
       Max divergence:  0.33E+01 at (58,28,1)
       Min divergence: -0.62E+01 at (57,29,1)
       Max VN number :  0.32E+00 at (64,36,1)
       Mesh    5
       Max CFL number:  0.88E+00 at (58,33,28)
       Max divergence:  0.63E+01 at (59,29,28)
       Min divergence: -0.53E+01 at (56,35,28)
       Max VN number :  0.31E+00 at (60,29,28)
       Mesh    6
       Max CFL number:  0.87E+00 at (58,32,28)
       Max divergence:  0.40E+01 at (60,36,28)
       Min divergence: -0.27E+01 at (60,29,1)
       Max VN number :  0.32E+00 at (56,40,28)
       Mesh    7
       Max CFL number:  0.82E+00 at (58,34,6)
       Max divergence:  0.18E+01 at (57,28,1)
       Min divergence: -0.24E+01 at (60,29,1)
       Max VN number :  0.28E+00 at (60,29,1)
 
       Time Step    15900   September  3, 2026  04:27:35
       Step Size:  0.160E-02 s, Total Time:   34.39419 s
       Pressure Iterations: 4
       Maximum Velocity Error:  0.28E-03 on Mesh 2 at (63,30,4)
       Maximum Pressure Error:  0.21E+05 on Mesh 2 at (63,30,5)
       Maximum CFL Number    :  0.88E+00 on Mesh 5 at (58,32,28)
       Maximum VN Number     :  0.41E+00 on Mesh 2 at (61,34,6)
       ---------------------------------------------------------------
       Mesh    1
       Max CFL number:  0.21E+00 at (15,26,27)
       Max divergence:  0.43E+01 at (15,24,2)
       Min divergence: -0.21E+01 at (15,25,7)
       Max VN number :  0.57E-01 at (15,26,38)
       Mesh    2
       Max CFL number:  0.56E+00 at (61,33,24)
       Max divergence:  0.27E+02 at (63,30,5)
       Min divergence: -0.10E+02 at (58,30,5)
       Max VN number :  0.41E+00 at (61,34,6)
       Mesh    3
       Max CFL number:  0.79E+00 at (59,33,24)
       Max divergence:  0.64E+01 at (60,28,1)
       Min divergence: -0.88E+01 at (57,29,1)
       Max VN number :  0.35E+00 at (57,29,1)
       Mesh    4
       Max CFL number:  0.85E+00 at (58,32,28)
       Max divergence:  0.34E+01 at (58,28,1)
       Min divergence: -0.63E+01 at (57,29,1)
       Max VN number :  0.32E+00 at (64,29,1)
       Mesh    5
       Max CFL number:  0.88E+00 at (58,32,28)
       Max divergence:  0.60E+01 at (59,36,28)
       Min divergence: -0.52E+01 at (56,35,28)
       Max VN number :  0.31E+00 at (60,29,28)
       Mesh    6
       Max CFL number:  0.87E+00 at (58,31,27)
       Max divergence:  0.41E+01 at (60,36,28)
       Min divergence: -0.27E+01 at (60,29,1)
       Max VN number :  0.32E+00 at (56,40,28)
       Mesh    7
       Max CFL number:  0.82E+00 at (58,34,6)
       Max divergence:  0.18E+01 at (57,28,1)
       Min divergence: -0.24E+01 at (60,29,1)
       Max VN number :  0.28E+00 at (60,29,1)
 
       Time Step    16000   September  3, 2026  04:30:59
       Step Size:  0.160E-02 s, Total Time:   34.55468 s
       Pressure Iterations: 3
       Maximum Velocity Error:  0.31E-03 on Mesh 2 at (58,35,4)
       Maximum Pressure Error:  0.58E+04 on Mesh 2 at (58,35,5)
       Maximum CFL Number    :  0.88E+00 on Mesh 5 at (58,32,28)
       Maximum VN Number     :  0.41E+00 on Mesh 2 at (61,34,6)
       ---------------------------------------------------------------
       Mesh    1
       Max CFL number:  0.21E+00 at (15,26,27)
       Max divergence:  0.43E+01 at (15,24,2)
       Min divergence: -0.21E+01 at (15,26,7)
       Max VN number :  0.57E-01 at (15,26,38)
       Mesh    2
       Max CFL number:  0.56E+00 at (61,33,24)
       Max divergence:  0.11E+02 at (49,25,5)
       Min divergence: -0.30E+02 at (58,35,5)
       Max VN number :  0.41E+00 at (61,34,6)
       Mesh    3
       Max CFL number:  0.79E+00 at (59,33,24)
       Max divergence:  0.65E+01 at (60,28,1)
       Min divergence: -0.88E+01 at (57,29,1)
       Max VN number :  0.35E+00 at (57,29,1)
       Mesh    4
       Max CFL number:  0.85E+00 at (59,32,28)
       Max divergence:  0.33E+01 at (58,28,1)
       Min divergence: -0.62E+01 at (57,29,1)
       Max VN number :  0.32E+00 at (64,29,1)
       Mesh    5
       Max CFL number:  0.88E+00 at (58,32,28)
       Max divergence:  0.57E+01 at (60,29,28)
       Min divergence: -0.47E+01 at (56,35,28)
       Max VN number :  0.31E+00 at (60,36,28)
       Mesh    6
       Max CFL number:  0.87E+00 at (58,31,28)
       Max divergence:  0.44E+01 at (59,36,28)
       Min divergence: -0.27E+01 at (60,29,1)
       Max VN number :  0.32E+00 at (60,36,28)
       Mesh    7
       Max CFL number:  0.82E+00 at (58,34,6)
       Max divergence:  0.18E+01 at (57,37,1)
       Min divergence: -0.24E+01 at (60,29,1)
       Max VN number :  0.28E+00 at (60,29,1)
 
       Time Step    16100   September  3, 2026  04:34:23
       Step Size:  0.160E-02 s, Total Time:   34.71517 s
       Pressure Iterations: 1
       Maximum Velocity Error:  0.74E-03 on Mesh 7 at (53,64,21)
       Maximum Pressure Error:  0.60E+03 on Mesh 5 at (57,37,26)
       Maximum CFL Number    :  0.88E+00 on Mesh 5 at (58,32,28)
       Maximum VN Number     :  0.41E+00 on Mesh 2 at (61,34,6)
       ---------------------------------------------------------------
       Mesh    1
       Max CFL number:  0.21E+00 at (15,25,27)
       Max divergence:  0.43E+01 at (15,24,2)
       Min divergence: -0.21E+01 at (15,26,7)
       Max VN number :  0.57E-01 at (15,26,38)
       Mesh    2
       Max CFL number:  0.56E+00 at (61,33,24)
       Max divergence:  0.11E+02 at (49,25,5)
       Min divergence: -0.13E+02 at (63,35,5)
       Max VN number :  0.41E+00 at (61,34,6)
       Mesh    3
       Max CFL number:  0.79E+00 at (59,33,24)
       Max divergence:  0.65E+01 at (60,28,1)
       Min divergence: -0.89E+01 at (57,29,1)
       Max VN number :  0.35E+00 at (57,29,1)
       Mesh    4
       Max CFL number:  0.85E+00 at (59,32,28)
       Max divergence:  0.33E+01 at (58,28,1)
       Min divergence: -0.62E+01 at (57,36,1)
       Max VN number :  0.32E+00 at (64,29,1)
       Mesh    5
       Max CFL number:  0.88E+00 at (58,32,28)
       Max divergence:  0.64E+01 at (60,29,28)
       Min divergence: -0.47E+01 at (54,37,28)
       Max VN number :  0.31E+00 at (60,36,28)
       Mesh    6
       Max CFL number:  0.86E+00 at (58,31,28)
       Max divergence:  0.45E+01 at (60,36,28)
       Min divergence: -0.27E+01 at (60,29,1)
       Max VN number :  0.32E+00 at (60,36,28)
       Mesh    7
       Max CFL number:  0.82E+00 at (58,34,6)
       Max divergence:  0.18E+01 at (57,37,1)
       Min divergence: -0.24E+01 at (60,36,1)
       Max VN number :  0.28E+00 at (60,29,1)
 
       Time Step    16200   September  3, 2026  04:37:48
       Step Size:  0.160E-02 s, Total Time:   34.87566 s
       Pressure Iterations: 3
       Maximum Velocity Error:  0.33E-03 on Mesh 2 at (63,35,4)
       Maximum Pressure Error:  0.47E+04 on Mesh 2 at (63,35,5)
       Maximum CFL Number    :  0.88E+00 on Mesh 5 at (58,32,28)
       Maximum VN Number     :  0.41E+00 on Mesh 2 at (61,34,6)
       ---------------------------------------------------------------
       Mesh    1
       Max CFL number:  0.21E+00 at (15,25,27)
       Max divergence:  0.43E+01 at (15,24,2)
       Min divergence: -0.21E+01 at (15,26,7)
       Max VN number :  0.57E-01 at (15,26,38)
       Mesh    2
       Max CFL number:  0.56E+00 at (61,33,24)
       Max divergence:  0.11E+02 at (49,40,5)
       Min divergence: -0.22E+02 at (63,35,5)
       Max VN number :  0.41E+00 at (61,34,6)
       Mesh    3
       Max CFL number:  0.79E+00 at (59,33,24)
       Max divergence:  0.65E+01 at (60,28,1)
       Min divergence: -0.88E+01 at (57,36,1)
       Max VN number :  0.35E+00 at (57,29,1)
       Mesh    4
       Max CFL number:  0.84E+00 at (59,33,28)
       Max divergence:  0.33E+01 at (58,28,1)
       Min divergence: -0.62E+01 at (57,29,1)
       Max VN number :  0.32E+00 at (64,29,1)
       Mesh    5
       Max CFL number:  0.88E+00 at (58,32,28)
       Max divergence:  0.62E+01 at (60,29,28)
       Min divergence: -0.45E+01 at (54,37,28)
       Max VN number :  0.31E+00 at (60,36,28)
       Mesh    6
       Max CFL number:  0.85E+00 at (58,31,28)
       Max divergence:  0.44E+01 at (60,29,28)
       Min divergence: -0.28E+01 at (60,29,1)
       Max VN number :  0.33E+00 at (60,36,28)
       Mesh    7
       Max CFL number:  0.82E+00 at (58,34,6)
       Max divergence:  0.18E+01 at (57,37,1)
       Min divergence: -0.24E+01 at (60,36,1)
       Max VN number :  0.28E+00 at (60,29,1)
 
       Time Step    16300   September  3, 2026  04:41:12
       Step Size:  0.160E-02 s, Total Time:   35.03615 s
       Pressure Iterations: 4
       Maximum Velocity Error:  0.28E-03 on Mesh 2 at (58,35,4)
       Maximum Pressure Error:  0.21E+05 on Mesh 2 at (58,35,5)
       Maximum CFL Number    :  0.88E+00 on Mesh 5 at (58,32,28)
       Maximum VN Number     :  0.41E+00 on Mesh 2 at (61,31,6)
       ---------------------------------------------------------------
       Mesh    1
       Max CFL number:  0.21E+00 at (15,25,27)
       Max divergence:  0.43E+01 at (15,24,2)
       Min divergence: -0.21E+01 at (15,26,7)
       Max VN number :  0.57E-01 at (15,26,38)
       Mesh    2
       Max CFL number:  0.56E+00 at (61,33,24)
       Max divergence:  0.28E+02 at (58,35,5)
       Min divergence: -0.22E+02 at (63,30,5)
       Max VN number :  0.41E+00 at (61,31,6)
       Mesh    3
       Max CFL number:  0.79E+00 at (59,33,24)
       Max divergence:  0.65E+01 at (60,28,1)
       Min divergence: -0.88E+01 at (57,29,1)
       Max VN number :  0.35E+00 at (57,29,1)
       Mesh    4
       Max CFL number:  0.84E+00 at (59,32,28)
       Max divergence:  0.33E+01 at (58,28,1)
       Min divergence: -0.62E+01 at (57,29,1)
       Max VN number :  0.32E+00 at (64,29,1)
       Mesh    5
       Max CFL number:  0.88E+00 at (58,32,28)
       Max divergence:  0.62E+01 at (60,36,28)
       Min divergence: -0.46E+01 at (56,37,28)
       Max VN number :  0.31E+00 at (60,36,28)
       Mesh    6
       Max CFL number:  0.85E+00 at (58,31,28)
       Max divergence:  0.44E+01 at (60,29,28)
       Min divergence: -0.28E+01 at (60,29,1)
       Max VN number :  0.33E+00 at (58,39,28)
       Mesh    7
       Max CFL number:  0.82E+00 at (58,34,6)
       Max divergence:  0.19E+01 at (57,37,1)
       Min divergence: -0.24E+01 at (60,36,1)
       Max VN number :  0.28E+00 at (60,29,1)
 
       Time Step    16400   September  3, 2026  04:44:37
       Step Size:  0.160E-02 s, Total Time:   35.19665 s
       Pressure Iterations: 3
       Maximum Velocity Error:  0.33E-03 on Mesh 2 at (58,30,4)
       Maximum Pressure Error:  0.45E+04 on Mesh 2 at (58,30,5)
       Maximum CFL Number    :  0.88E+00 on Mesh 5 at (58,32,28)
       Maximum VN Number     :  0.41E+00 on Mesh 2 at (61,31,6)
       ---------------------------------------------------------------
       Mesh    1
       Max CFL number:  0.21E+00 at (15,25,27)
       Max divergence:  0.43E+01 at (15,24,2)
       Min divergence: -0.21E+01 at (15,26,7)
       Max VN number :  0.57E-01 at (15,25,38)
       Mesh    2
       Max CFL number:  0.56E+00 at (61,33,24)
       Max divergence:  0.11E+02 at (49,25,5)
       Min divergence: -0.22E+02 at (58,30,5)
       Max VN number :  0.41E+00 at (61,31,6)
       Mesh    3
       Max CFL number:  0.79E+00 at (59,33,24)
       Max divergence:  0.64E+01 at (60,28,1)
       Min divergence: -0.89E+01 at (57,36,1)
       Max VN number :  0.35E+00 at (57,29,1)
       Mesh    4
       Max CFL number:  0.84E+00 at (59,33,28)
       Max divergence:  0.33E+01 at (58,28,1)
       Min divergence: -0.62E+01 at (57,29,1)
       Max VN number :  0.32E+00 at (64,29,1)
       Mesh    5
       Max CFL number:  0.88E+00 at (58,32,28)
       Max divergence:  0.61E+01 at (60,36,28)
       Min divergence: -0.43E+01 at (56,37,28)
       Max VN number :  0.31E+00 at (60,36,28)
       Mesh    6
       Max CFL number:  0.85E+00 at (58,31,28)
       Max divergence:  0.46E+01 at (60,36,28)
       Min divergence: -0.29E+01 at (60,29,1)
       Max VN number :  0.33E+00 at (58,26,28)
       Mesh    7
       Max CFL number:  0.82E+00 at (58,34,6)
       Max divergence:  0.18E+01 at (57,37,1)
       Min divergence: -0.24E+01 at (60,29,1)
       Max VN number :  0.28E+00 at (60,36,1)
 
       Time Step    16500   September  3, 2026  04:48:01
       Step Size:  0.160E-02 s, Total Time:   35.35714 s
       Pressure Iterations: 4
       Maximum Velocity Error:  0.21E-03 on Mesh 2 at (58,30,4)
       Maximum Pressure Error:  0.80E+04 on Mesh 2 at (58,30,4)
       Maximum CFL Number    :  0.89E+00 on Mesh 5 at (58,32,28)
       Maximum VN Number     :  0.41E+00 on Mesh 2 at (60,34,6)
       ---------------------------------------------------------------
       Mesh    1
       Max CFL number:  0.21E+00 at (15,25,27)
       Max divergence:  0.43E+01 at (15,24,2)
       Min divergence: -0.21E+01 at (15,26,7)
       Max VN number :  0.57E-01 at (15,25,38)
       Mesh    2
       Max CFL number:  0.56E+00 at (61,33,24)
       Max divergence:  0.73E+02 at (58,30,5)
       Min divergence: -0.51E+01 at (61,33,8)
       Max VN number :  0.41E+00 at (60,34,6)
       Mesh    3
       Max CFL number:  0.79E+00 at (59,33,24)
       Max divergence:  0.65E+01 at (60,28,1)
       Min divergence: -0.88E+01 at (57,29,1)
       Max VN number :  0.35E+00 at (57,29,1)
       Mesh    4
       Max CFL number:  0.84E+00 at (59,33,28)
       Max divergence:  0.33E+01 at (58,28,1)
       Min divergence: -0.62E+01 at (57,36,1)
       Max VN number :  0.32E+00 at (64,29,1)
       Mesh    5
       Max CFL number:  0.89E+00 at (58,32,28)
       Max divergence:  0.59E+01 at (60,36,28)
       Min divergence: -0.41E+01 at (56,28,28)
       Max VN number :  0.31E+00 at (60,36,28)
       Mesh    6
       Max CFL number:  0.85E+00 at (58,31,28)
       Max divergence:  0.42E+01 at (60,36,28)
       Min divergence: -0.29E+01 at (60,36,1)
       Max VN number :  0.33E+00 at (58,26,28)
       Mesh    7
       Max CFL number:  0.82E+00 at (58,34,6)
       Max divergence:  0.18E+01 at (57,37,1)
       Min divergence: -0.24E+01 at (60,29,1)
       Max VN number :  0.28E+00 at (60,36,1)
 
       Time Step    16600   September  3, 2026  04:51:26
       Step Size:  0.160E-02 s, Total Time:   35.51763 s
       Pressure Iterations: 4
       Maximum Velocity Error:  0.21E-03 on Mesh 2 at (63,35,4)
       Maximum Pressure Error:  0.78E+04 on Mesh 2 at (63,35,4)
       Maximum CFL Number    :  0.89E+00 on Mesh 5 at (58,32,28)
       Maximum VN Number     :  0.41E+00 on Mesh 2 at (60,31,6)
       ---------------------------------------------------------------
       Mesh    1
       Max CFL number:  0.21E+00 at (15,25,27)
       Max divergence:  0.43E+01 at (15,24,2)
       Min divergence: -0.21E+01 at (15,26,7)
       Max VN number :  0.58E-01 at (15,25,38)
       Mesh    2
       Max CFL number:  0.56E+00 at (61,33,24)
       Max divergence:  0.72E+02 at (63,35,5)
       Min divergence: -0.13E+02 at (58,30,5)
       Max VN number :  0.41E+00 at (60,31,6)
       Mesh    3
       Max CFL number:  0.79E+00 at (59,33,24)
       Max divergence:  0.65E+01 at (60,28,1)
       Min divergence: -0.88E+01 at (57,29,1)
       Max VN number :  0.35E+00 at (57,29,1)
       Mesh    4
       Max CFL number:  0.85E+00 at (59,32,28)
       Max divergence:  0.33E+01 at (58,37,1)
       Min divergence: -0.62E+01 at (57,36,1)
       Max VN number :  0.31E+00 at (64,36,1)
       Mesh    5
       Max CFL number:  0.89E+00 at (58,32,28)
       Max divergence:  0.58E+01 at (60,29,28)
       Min divergence: -0.39E+01 at (64,36,1)
       Max VN number :  0.31E+00 at (60,36,28)
       Mesh    6
       Max CFL number:  0.85E+00 at (58,32,28)
       Max divergence:  0.40E+01 at (60,36,28)
       Min divergence: -0.29E+01 at (60,36,1)
       Max VN number :  0.33E+00 at (58,26,28)
       Mesh    7
       Max CFL number:  0.83E+00 at (58,34,6)
       Max divergence:  0.18E+01 at (57,37,1)
       Min divergence: -0.24E+01 at (60,29,1)
       Max VN number :  0.28E+00 at (60,36,1)
 
       Time Step    16700   September  3, 2026  04:54:50
       Step Size:  0.160E-02 s, Total Time:   35.67812 s
       Pressure Iterations: 4
       Maximum Velocity Error:  0.21E-03 on Mesh 2 at (63,30,4)
       Maximum Pressure Error:  0.78E+04 on Mesh 2 at (63,30,4)
       Maximum CFL Number    :  0.89E+00 on Mesh 5 at (58,33,28)
       Maximum VN Number     :  0.41E+00 on Mesh 2 at (60,34,6)
       ---------------------------------------------------------------
       Mesh    1
       Max CFL number:  0.21E+00 at (15,25,27)
       Max divergence:  0.43E+01 at (15,24,2)
       Min divergence: -0.21E+01 at (15,26,7)
       Max VN number :  0.58E-01 at (15,25,38)
       Mesh    2
       Max CFL number:  0.56E+00 at (61,33,24)
       Max divergence:  0.72E+02 at (63,30,5)
       Min divergence: -0.55E+01 at (63,35,5)
       Max VN number :  0.41E+00 at (60,34,6)
       Mesh    3
       Max CFL number:  0.79E+00 at (59,33,24)
       Max divergence:  0.64E+01 at (60,28,1)
       Min divergence: -0.89E+01 at (57,29,1)
       Max VN number :  0.35E+00 at (57,29,1)
       Mesh    4
       Max CFL number:  0.84E+00 at (59,32,28)
       Max divergence:  0.33E+01 at (58,37,1)
       Min divergence: -0.63E+01 at (57,36,1)
       Max VN number :  0.32E+00 at (64,29,1)
       Mesh    5
       Max CFL number:  0.89E+00 at (58,33,28)
       Max divergence:  0.57E+01 at (60,29,28)
       Min divergence: -0.39E+01 at (64,36,1)
       Max VN number :  0.31E+00 at (60,36,28)
       Mesh    6
       Max CFL number:  0.85E+00 at (58,33,28)
       Max divergence:  0.38E+01 at (60,29,28)
       Min divergence: -0.30E+01 at (60,36,1)
       Max VN number :  0.33E+00 at (58,26,28)
       Mesh    7
       Max CFL number:  0.83E+00 at (58,34,6)
       Max divergence:  0.18E+01 at (57,37,1)
       Min divergence: -0.24E+01 at (60,29,1)
       Max VN number :  0.28E+00 at (60,36,1)
 
       Time Step    16800   September  3, 2026  04:58:14
       Step Size:  0.160E-02 s, Total Time:   35.83862 s
       Pressure Iterations: 1
       Maximum Velocity Error:  0.75E-03 on Mesh 7 at (69,64,21)
       Maximum Pressure Error:  0.23E+03 on Mesh 5 at (61,36,22)
       Maximum CFL Number    :  0.89E+00 on Mesh 5 at (58,32,28)
       Maximum VN Number     :  0.41E+00 on Mesh 2 at (60,31,6)
       ---------------------------------------------------------------
       Mesh    1
       Max CFL number:  0.21E+00 at (15,25,27)
       Max divergence:  0.43E+01 at (15,24,2)
       Min divergence: -0.21E+01 at (15,26,7)
       Max VN number :  0.58E-01 at (15,25,38)
       Mesh    2
       Max CFL number:  0.56E+00 at (61,32,24)
       Max divergence:  0.11E+02 at (49,25,5)
       Min divergence: -0.86E+01 at (58,30,5)
       Max VN number :  0.41E+00 at (60,31,6)
       Mesh    3
       Max CFL number:  0.79E+00 at (59,33,24)
       Max divergence:  0.65E+01 at (60,28,1)
       Min divergence: -0.88E+01 at (57,29,1)
       Max VN number :  0.35E+00 at (57,29,1)
       Mesh    4
       Max CFL number:  0.84E+00 at (59,33,28)
       Max divergence:  0.33E+01 at (58,37,1)
       Min divergence: -0.62E+01 at (57,36,1)
       Max VN number :  0.31E+00 at (64,29,1)
       Mesh    5
       Max CFL number:  0.89E+00 at (58,32,28)
       Max divergence:  0.56E+01 at (60,29,28)
       Min divergence: -0.39E+01 at (64,36,1)
       Max VN number :  0.31E+00 at (60,36,28)
       Mesh    6
       Max CFL number:  0.85E+00 at (58,33,28)
       Max divergence:  0.36E+01 at (60,29,28)
       Min divergence: -0.30E+01 at (60,36,1)
       Max VN number :  0.33E+00 at (60,28,28)
       Mesh    7
       Max CFL number:  0.83E+00 at (58,34,6)
       Max divergence:  0.18E+01 at (57,37,1)
       Min divergence: -0.24E+01 at (60,29,1)
       Max VN number :  0.28E+00 at (60,36,1)
 
       Time Step    16900   September  3, 2026  05:01:37
       Step Size:  0.160E-02 s, Total Time:   35.99911 s
       Pressure Iterations: 3
       Maximum Velocity Error:  0.31E-03 on Mesh 2 at (58,35,4)
       Maximum Pressure Error:  0.58E+04 on Mesh 2 at (58,35,5)
       Maximum CFL Number    :  0.89E+00 on Mesh 5 at (58,32,28)
       Maximum VN Number     :  0.41E+00 on Mesh 2 at (61,34,6)
       ---------------------------------------------------------------
       Mesh    1
       Max CFL number:  0.21E+00 at (15,25,27)
       Max divergence:  0.43E+01 at (15,24,2)
       Min divergence: -0.21E+01 at (15,26,7)
       Max VN number :  0.58E-01 at (15,25,38)
       Mesh    2
       Max CFL number:  0.56E+00 at (61,32,24)
       Max divergence:  0.11E+02 at (49,25,5)
       Min divergence: -0.30E+02 at (58,35,5)
       Max VN number :  0.41E+00 at (61,34,6)
       Mesh    3
       Max CFL number:  0.79E+00 at (59,33,24)
       Max divergence:  0.65E+01 at (60,28,1)
       Min divergence: -0.88E+01 at (57,29,1)
       Max VN number :  0.35E+00 at (57,29,1)
       Mesh    4
       Max CFL number:  0.85E+00 at (59,32,28)
       Max divergence:  0.33E+01 at (58,37,1)
       Min divergence: -0.62E+01 at (57,36,1)
       Max VN number :  0.31E+00 at (64,29,1)
       Mesh    5
       Max CFL number:  0.89E+00 at (58,32,28)
       Max divergence:  0.56E+01 at (60,29,28)
       Min divergence: -0.40E+01 at (64,36,1)
       Max VN number :  0.31E+00 at (60,36,28)
       Mesh    6
       Max CFL number:  0.85E+00 at (58,33,28)
       Max divergence:  0.34E+01 at (60,29,28)
       Min divergence: -0.31E+01 at (60,36,1)
       Max VN number :  0.33E+00 at (60,28,28)
       Mesh    7
       Max CFL number:  0.83E+00 at (58,34,6)
       Max divergence:  0.18E+01 at (57,28,1)
       Min divergence: -0.24E+01 at (60,29,1)
       Max VN number :  0.28E+00 at (60,36,1)
 
       Time Step    17000   September  3, 2026  05:05:00
       Step Size:  0.160E-02 s, Total Time:   36.15960 s
       Pressure Iterations: 1
       Maximum Velocity Error:  0.58E-03 on Mesh 2 at (63,30,4)
       Maximum Pressure Error:  0.47E+03 on Mesh 2 at (64,30,5)
       Maximum CFL Number    :  0.89E+00 on Mesh 5 at (58,32,28)
       Maximum VN Number     :  0.41E+00 on Mesh 2 at (61,31,6)
       ---------------------------------------------------------------
       Mesh    1
       Max CFL number:  0.21E+00 at (15,25,27)
       Max divergence:  0.43E+01 at (15,24,2)
       Min divergence: -0.21E+01 at (15,26,7)
       Max VN number :  0.58E-01 at (15,25,38)
       Mesh    2
       Max CFL number:  0.56E+00 at (61,32,24)
       Max divergence:  0.11E+02 at (49,25,5)
       Min divergence: -0.16E+02 at (63,30,5)
       Max VN number :  0.41E+00 at (61,31,6)
       Mesh    3
       Max CFL number:  0.79E+00 at (59,33,24)
       Max divergence:  0.64E+01 at (60,28,1)
       Min divergence: -0.89E+01 at (57,29,1)
       Max VN number :  0.35E+00 at (57,29,1)
       Mesh    4
       Max CFL number:  0.84E+00 at (59,32,28)
       Max divergence:  0.33E+01 at (58,37,1)
       Min divergence: -0.63E+01 at (57,36,1)
       Max VN number :  0.31E+00 at (64,29,1)
       Mesh    5
       Max CFL number:  0.89E+00 at (58,32,28)
       Max divergence:  0.55E+01 at (60,29,28)
       Min divergence: -0.39E+01 at (64,36,1)
       Max VN number :  0.30E+00 at (60,36,28)
       Mesh    6
       Max CFL number:  0.85E+00 at (58,33,28)
       Max divergence:  0.32E+01 at (60,29,28)
       Min divergence: -0.31E+01 at (60,36,1)
       Max VN number :  0.33E+00 at (60,28,28)
       Mesh    7
       Max CFL number:  0.83E+00 at (58,34,6)
       Max divergence:  0.18E+01 at (57,28,1)
       Min divergence: -0.24E+01 at (60,29,1)
       Max VN number :  0.28E+00 at (60,36,1)
 
       Time Step    17100   September  3, 2026  05:08:24
       Step Size:  0.160E-02 s, Total Time:   36.32009 s
       Pressure Iterations: 1
       Maximum Velocity Error:  0.59E-03 on Mesh 2 at (58,35,4)
       Maximum Pressure Error:  0.52E+03 on Mesh 2 at (57,34,5)
       Maximum CFL Number    :  0.89E+00 on Mesh 5 at (58,33,28)
       Maximum VN Number     :  0.41E+00 on Mesh 2 at (61,34,6)
       ---------------------------------------------------------------
       Mesh    1
       Max CFL number:  0.21E+00 at (15,25,27)
       Max divergence:  0.43E+01 at (15,24,2)
       Min divergence: -0.22E+01 at (15,26,7)
       Max VN number :  0.58E-01 at (15,25,38)
       Mesh    2
       Max CFL number:  0.56E+00 at (61,32,24)
       Max divergence:  0.11E+02 at (49,25,5)
       Min divergence: -0.16E+02 at (58,35,5)
       Max VN number :  0.41E+00 at (61,34,6)
       Mesh    3
       Max CFL number:  0.79E+00 at (59,33,24)
       Max divergence:  0.65E+01 at (60,28,1)
       Min divergence: -0.88E+01 at (57,29,1)
       Max VN number :  0.35E+00 at (57,36,1)
       Mesh    4
       Max CFL number:  0.85E+00 at (59,32,28)
       Max divergence:  0.33E+01 at (58,37,1)
       Min divergence: -0.62E+01 at (57,36,1)
       Max VN number :  0.31E+00 at (64,29,1)
       Mesh    5
       Max CFL number:  0.89E+00 at (58,33,28)
       Max divergence:  0.54E+01 at (60,29,28)
       Min divergence: -0.39E+01 at (64,36,1)
       Max VN number :  0.30E+00 at (60,36,28)
       Mesh    6
       Max CFL number:  0.86E+00 at (58,32,28)
       Max divergence:  0.31E+01 at (60,29,28)
       Min divergence: -0.31E+01 at (60,36,1)
       Max VN number :  0.32E+00 at (60,28,28)
       Mesh    7
       Max CFL number:  0.83E+00 at (58,34,6)
       Max divergence:  0.18E+01 at (57,28,1)
       Min divergence: -0.24E+01 at (60,29,1)
       Max VN number :  0.28E+00 at (60,36,1)
 
       Time Step    17200   September  3, 2026  05:11:47
       Step Size:  0.160E-02 s, Total Time:   36.48058 s
       Pressure Iterations: 4
       Maximum Velocity Error:  0.28E-03 on Mesh 2 at (58,35,4)
       Maximum Pressure Error:  0.21E+05 on Mesh 2 at (58,35,5)
       Maximum CFL Number    :  0.90E+00 on Mesh 5 at (58,33,28)
       Maximum VN Number     :  0.41E+00 on Mesh 2 at (61,34,6)
       ---------------------------------------------------------------
       Mesh    1
       Max CFL number:  0.21E+00 at (15,25,27)
       Max divergence:  0.43E+01 at (15,24,2)
       Min divergence: -0.21E+01 at (15,26,7)
       Max VN number :  0.58E-01 at (15,25,38)
       Mesh    2
       Max CFL number:  0.56E+00 at (61,32,24)
       Max divergence:  0.28E+02 at (58,35,5)
       Min divergence: -0.22E+02 at (63,30,5)
       Max VN number :  0.41E+00 at (61,34,6)
       Mesh    3
       Max CFL number:  0.79E+00 at (59,33,24)
       Max divergence:  0.65E+01 at (60,28,1)
       Min divergence: -0.89E+01 at (57,29,1)
       Max VN number :  0.35E+00 at (57,29,1)
       Mesh    4
       Max CFL number:  0.85E+00 at (59,33,28)
       Max divergence:  0.33E+01 at (58,37,1)
       Min divergence: -0.62E+01 at (57,36,1)
       Max VN number :  0.31E+00 at (64,29,1)
       Mesh    5
       Max CFL number:  0.90E+00 at (58,33,28)
       Max divergence:  0.54E+01 at (60,29,28)
       Min divergence: -0.40E+01 at (64,36,1)
       Max VN number :  0.30E+00 at (60,36,28)
       Mesh    6
       Max CFL number:  0.86E+00 at (58,32,28)
       Max divergence:  0.29E+01 at (60,29,28)
       Min divergence: -0.31E+01 at (60,36,1)
       Max VN number :  0.32E+00 at (60,28,28)
       Mesh    7
       Max CFL number:  0.83E+00 at (58,34,6)
       Max divergence:  0.18E+01 at (57,28,1)
       Min divergence: -0.24E+01 at (60,29,1)
       Max VN number :  0.28E+00 at (60,36,1)
 
       Time Step    17300   September  3, 2026  05:15:11
       Step Size:  0.160E-02 s, Total Time:   36.64108 s
       Pressure Iterations: 3
       Maximum Velocity Error:  0.31E-03 on Mesh 2 at (58,30,4)
       Maximum Pressure Error:  0.58E+04 on Mesh 2 at (58,30,5)
       Maximum CFL Number    :  0.90E+00 on Mesh 5 at (58,33,28)
       Maximum VN Number     :  0.41E+00 on Mesh 2 at (61,34,6)
       ---------------------------------------------------------------
       Mesh    1
       Max CFL number:  0.21E+00 at (15,25,27)
       Max divergence:  0.43E+01 at (15,24,2)
       Min divergence: -0.22E+01 at (15,26,7)
       Max VN number :  0.58E-01 at (15,25,38)
       Mesh    2
       Max CFL number:  0.56E+00 at (61,32,24)
       Max divergence:  0.11E+02 at (49,25,5)
       Min divergence: -0.30E+02 at (58,30,5)
       Max VN number :  0.41E+00 at (61,34,6)
       Mesh    3
       Max CFL number:  0.79E+00 at (59,33,24)
       Max divergence:  0.64E+01 at (60,28,1)
       Min divergence: -0.89E+01 at (57,29,1)
       Max VN number :  0.35E+00 at (57,29,1)
       Mesh    4
       Max CFL number:  0.85E+00 at (59,33,28)
       Max divergence:  0.33E+01 at (58,37,1)
       Min divergence: -0.63E+01 at (57,29,1)
       Max VN number :  0.32E+00 at (64,29,1)
       Mesh    5
       Max CFL number:  0.90E+00 at (58,33,28)
       Max divergence:  0.54E+01 at (60,29,28)
       Min divergence: -0.38E+01 at (64,36,1)
       Max VN number :  0.30E+00 at (60,36,28)
       Mesh    6
       Max CFL number:  0.86E+00 at (58,32,28)
       Max divergence:  0.28E+01 at (60,29,28)
       Min divergence: -0.32E+01 at (60,36,1)
       Max VN number :  0.32E+00 at (60,28,28)
       Mesh    7
       Max CFL number:  0.83E+00 at (58,34,6)
       Max divergence:  0.18E+01 at (57,28,1)
       Min divergence: -0.24E+01 at (60,29,1)
       Max VN number :  0.28E+00 at (60,29,1)
 
       Time Step    17400   September  3, 2026  05:18:36
       Step Size:  0.160E-02 s, Total Time:   36.80157 s
       Pressure Iterations: 2
       Maximum Velocity Error:  0.52E-03 on Mesh 2 at (58,35,4)
       Maximum Pressure Error:  0.24E+04 on Mesh 2 at (58,35,5)
       Maximum CFL Number    :  0.90E+00 on Mesh 5 at (58,33,28)
       Maximum VN Number     :  0.41E+00 on Mesh 2 at (60,34,6)
       ---------------------------------------------------------------
       Mesh    1
       Max CFL number:  0.21E+00 at (15,25,27)
       Max divergence:  0.43E+01 at (15,24,2)
       Min divergence: -0.22E+01 at (15,26,7)
       Max VN number :  0.58E-01 at (15,25,38)
       Mesh    2
       Max CFL number:  0.56E+00 at (61,32,24)
       Max divergence:  0.11E+02 at (49,40,5)
       Min divergence: -0.13E+02 at (63,35,5)
       Max VN number :  0.41E+00 at (60,34,6)
       Mesh    3
       Max CFL number:  0.79E+00 at (59,33,24)
       Max divergence:  0.65E+01 at (60,28,1)
       Min divergence: -0.88E+01 at (57,29,1)
       Max VN number :  0.35E+00 at (57,29,1)
       Mesh    4
       Max CFL number:  0.85E+00 at (59,32,28)
       Max divergence:  0.33E+01 at (58,37,1)
       Min divergence: -0.62E+01 at (57,36,1)
       Max VN number :  0.31E+00 at (64,29,1)
       Mesh    5
       Max CFL number:  0.90E+00 at (58,33,28)
       Max divergence:  0.53E+01 at (60,29,28)
       Min divergence: -0.38E+01 at (60,36,1)
       Max VN number :  0.30E+00 at (64,36,1)
       Mesh    6
       Max CFL number:  0.86E+00 at (58,32,28)
       Max divergence:  0.30E+01 at (60,29,28)
       Min divergence: -0.32E+01 at (60,36,1)
       Max VN number :  0.32E+00 at (60,28,28)
       Mesh    7
       Max CFL number:  0.83E+00 at (58,34,6)
       Max divergence:  0.18E+01 at (57,28,1)
       Min divergence: -0.24E+01 at (60,29,1)
       Max VN number :  0.28E+00 at (60,29,1)
 
       Time Step    17500   September  3, 2026  05:22:00
       Step Size:  0.160E-02 s, Total Time:   36.96206 s
       Pressure Iterations: 4
       Maximum Velocity Error:  0.28E-03 on Mesh 2 at (63,30,4)
       Maximum Pressure Error:  0.22E+05 on Mesh 2 at (63,30,5)
       Maximum CFL Number    :  0.90E+00 on Mesh 5 at (58,33,28)
       Maximum VN Number     :  0.41E+00 on Mesh 2 at (61,34,6)
       ---------------------------------------------------------------
       Mesh    1
       Max CFL number:  0.21E+00 at (15,25,27)
       Max divergence:  0.43E+01 at (15,24,2)
       Min divergence: -0.21E+01 at (15,26,7)
       Max VN number :  0.57E-01 at (15,25,38)
       Mesh    2
       Max CFL number:  0.56E+00 at (61,32,24)
       Max divergence:  0.28E+02 at (63,30,5)
       Min divergence: -0.30E+02 at (58,30,5)
       Max VN number :  0.41E+00 at (61,34,6)
       Mesh    3
       Max CFL number:  0.79E+00 at (59,33,24)
       Max divergence:  0.65E+01 at (60,28,1)
       Min divergence: -0.89E+01 at (57,29,1)
       Max VN number :  0.35E+00 at (57,36,1)
       Mesh    4
       Max CFL number:  0.85E+00 at (59,32,28)
       Max divergence:  0.33E+01 at (58,37,1)
       Min divergence: -0.62E+01 at (57,36,1)
       Max VN number :  0.31E+00 at (64,29,1)
       Mesh    5
       Max CFL number:  0.90E+00 at (58,33,28)
       Max divergence:  0.53E+01 at (60,29,28)
       Min divergence: -0.38E+01 at (60,36,1)
       Max VN number :  0.30E+00 at (64,36,1)
       Mesh    6
       Max CFL number:  0.86E+00 at (58,32,28)
       Max divergence:  0.27E+01 at (60,29,28)
       Min divergence: -0.32E+01 at (60,36,1)
       Max VN number :  0.31E+00 at (60,28,28)
       Mesh    7
       Max CFL number:  0.83E+00 at (58,34,6)
       Max divergence:  0.18E+01 at (57,28,1)
       Min divergence: -0.24E+01 at (60,29,1)
       Max VN number :  0.28E+00 at (60,29,1)
 
       Time Step    17600   September  3, 2026  05:25:24
       Step Size:  0.160E-02 s, Total Time:   37.12255 s
       Pressure Iterations: 4
       Maximum Velocity Error:  0.22E-03 on Mesh 7 at (70,64,21)
       Maximum Pressure Error:  0.79E+04 on Mesh 2 at (63,30,4)
       Maximum CFL Number    :  0.90E+00 on Mesh 5 at (58,33,28)
       Maximum VN Number     :  0.41E+00 on Mesh 2 at (60,34,6)
       ---------------------------------------------------------------
       Mesh    1
       Max CFL number:  0.21E+00 at (15,25,27)
       Max divergence:  0.43E+01 at (15,24,2)
       Min divergence: -0.22E+01 at (15,26,7)
       Max VN number :  0.58E-01 at (15,26,38)
       Mesh    2
       Max CFL number:  0.56E+00 at (61,32,24)
       Max divergence:  0.70E+02 at (63,30,5)
       Min divergence: -0.63E+01 at (63,35,5)
       Max VN number :  0.41E+00 at (60,34,6)
       Mesh    3
       Max CFL number:  0.79E+00 at (59,33,24)
       Max divergence:  0.64E+01 at (60,28,1)
       Min divergence: -0.89E+01 at (57,29,1)
       Max VN number :  0.35E+00 at (57,36,1)
       Mesh    4
       Max CFL number:  0.85E+00 at (59,32,28)
       Max divergence:  0.34E+01 at (58,37,1)
       Min divergence: -0.64E+01 at (57,36,1)
       Max VN number :  0.32E+00 at (64,29,1)
       Mesh    5
       Max CFL number:  0.90E+00 at (58,33,28)
       Max divergence:  0.52E+01 at (60,29,28)
       Min divergence: -0.38E+01 at (60,36,1)
       Max VN number :  0.29E+00 at (64,36,1)
       Mesh    6
       Max CFL number:  0.86E+00 at (58,32,28)
       Max divergence:  0.28E+01 at (60,29,28)
       Min divergence: -0.32E+01 at (60,36,1)
       Max VN number :  0.31E+00 at (57,40,28)
       Mesh    7
       Max CFL number:  0.83E+00 at (58,34,6)
       Max divergence:  0.18E+01 at (57,28,1)
       Min divergence: -0.24E+01 at (60,29,1)
       Max VN number :  0.28E+00 at (60,29,1)
 
       Time Step    17700   September  3, 2026  05:28:49
       Step Size:  0.160E-02 s, Total Time:   37.28305 s
       Pressure Iterations: 4
       Maximum Velocity Error:  0.28E-03 on Mesh 2 at (63,30,4)
       Maximum Pressure Error:  0.21E+05 on Mesh 2 at (63,30,5)
       Maximum CFL Number    :  0.90E+00 on Mesh 5 at (58,33,28)
       Maximum VN Number     :  0.41E+00 on Mesh 2 at (59,32,6)
       ---------------------------------------------------------------
       Mesh    1
       Max CFL number:  0.21E+00 at (15,25,27)
       Max divergence:  0.43E+01 at (15,24,2)
       Min divergence: -0.22E+01 at (15,26,7)
       Max VN number :  0.57E-01 at (15,26,38)
       Mesh    2
       Max CFL number:  0.56E+00 at (61,32,24)
       Max divergence:  0.28E+02 at (63,30,5)
       Min divergence: -0.73E+01 at (58,35,5)
       Max VN number :  0.41E+00 at (59,32,6)
       Mesh    3
       Max CFL number:  0.79E+00 at (59,33,24)
       Max divergence:  0.65E+01 at (60,28,1)
       Min divergence: -0.88E+01 at (57,29,1)
       Max VN number :  0.35E+00 at (57,36,1)
       Mesh    4
       Max CFL number:  0.85E+00 at (59,33,28)
       Max divergence:  0.33E+01 at (58,37,1)
       Min divergence: -0.62E+01 at (57,36,1)
       Max VN number :  0.32E+00 at (64,29,1)
       Mesh    5
       Max CFL number:  0.90E+00 at (58,33,28)
       Max divergence:  0.52E+01 at (60,29,28)
       Min divergence: -0.38E+01 at (60,36,1)
       Max VN number :  0.29E+00 at (64,36,1)
       Mesh    6
       Max CFL number:  0.87E+00 at (58,32,28)
       Max divergence:  0.29E+01 at (60,29,28)
       Min divergence: -0.31E+01 at (60,36,1)
       Max VN number :  0.32E+00 at (57,40,28)
       Mesh    7
       Max CFL number:  0.83E+00 at (58,34,6)
       Max divergence:  0.18E+01 at (57,28,1)
       Min divergence: -0.24E+01 at (60,29,1)
       Max VN number :  0.28E+00 at (60,29,1)
 
       Time Step    17800   September  3, 2026  05:32:12
       Step Size:  0.160E-02 s, Total Time:   37.44354 s
       Pressure Iterations: 2
       Maximum Velocity Error:  0.53E-03 on Mesh 2 at (58,35,4)
       Maximum Pressure Error:  0.24E+04 on Mesh 2 at (58,35,5)
       Maximum CFL Number    :  0.90E+00 on Mesh 5 at (58,33,28)
       Maximum VN Number     :  0.41E+00 on Mesh 2 at (61,31,6)
       ---------------------------------------------------------------
       Mesh    1
       Max CFL number:  0.21E+00 at (15,25,27)
       Max divergence:  0.43E+01 at (15,24,2)
       Min divergence: -0.21E+01 at (15,26,7)
       Max VN number :  0.57E-01 at (15,26,38)
       Mesh    2
       Max CFL number:  0.56E+00 at (61,32,24)
       Max divergence:  0.11E+02 at (49,40,5)
       Min divergence: -0.13E+02 at (63,30,5)
       Max VN number :  0.41E+00 at (61,31,6)
       Mesh    3
       Max CFL number:  0.79E+00 at (59,33,24)
       Max divergence:  0.65E+01 at (60,28,1)
       Min divergence: -0.89E+01 at (57,29,1)
       Max VN number :  0.35E+00 at (57,36,1)
       Mesh    4
       Max CFL number:  0.85E+00 at (59,32,28)
       Max divergence:  0.33E+01 at (58,37,1)
       Min divergence: -0.62E+01 at (57,36,1)
       Max VN number :  0.32E+00 at (64,29,1)
       Mesh    5
       Max CFL number:  0.90E+00 at (58,33,28)
       Max divergence:  0.51E+01 at (60,29,28)
       Min divergence: -0.39E+01 at (60,36,1)
       Max VN number :  0.29E+00 at (64,36,1)
       Mesh    6
       Max CFL number:  0.87E+00 at (58,32,28)
       Max divergence:  0.30E+01 at (60,29,28)
       Min divergence: -0.31E+01 at (60,36,1)
       Max VN number :  0.32E+00 at (57,40,28)
       Mesh    7
       Max CFL number:  0.83E+00 at (58,34,6)
       Max divergence:  0.18E+01 at (57,37,1)
       Min divergence: -0.24E+01 at (60,29,1)
       Max VN number :  0.28E+00 at (60,29,1)
 
       Time Step    17900   September  3, 2026  05:35:36
       Step Size:  0.160E-02 s, Total Time:   37.60403 s
       Pressure Iterations: 3
       Maximum Velocity Error:  0.32E-03 on Mesh 2 at (63,30,4)
       Maximum Pressure Error:  0.46E+04 on Mesh 2 at (63,30,5)
       Maximum CFL Number    :  0.90E+00 on Mesh 5 at (58,33,28)
       Maximum VN Number     :  0.41E+00 on Mesh 2 at (61,34,6)
       ---------------------------------------------------------------
       Mesh    1
       Max CFL number:  0.21E+00 at (15,25,27)
       Max divergence:  0.43E+01 at (15,24,2)
       Min divergence: -0.22E+01 at (15,26,7)
       Max VN number :  0.57E-01 at (15,26,38)
       Mesh    2
       Max CFL number:  0.56E+00 at (61,32,24)
       Max divergence:  0.11E+02 at (49,25,5)
       Min divergence: -0.22E+02 at (63,30,5)
       Max VN number :  0.41E+00 at (61,34,6)
       Mesh    3
       Max CFL number:  0.79E+00 at (59,33,24)
       Max divergence:  0.64E+01 at (60,28,1)
       Min divergence: -0.89E+01 at (57,29,1)
       Max VN number :  0.35E+00 at (57,36,1)
       Mesh    4
       Max CFL number:  0.85E+00 at (59,33,28)
       Max divergence:  0.34E+01 at (58,37,1)
       Min divergence: -0.63E+01 at (57,36,1)
       Max VN number :  0.32E+00 at (64,29,1)
       Mesh    5
       Max CFL number:  0.90E+00 at (58,33,28)
       Max divergence:  0.50E+01 at (60,29,28)
       Min divergence: -0.38E+01 at (60,36,1)
       Max VN number :  0.29E+00 at (60,29,1)
       Mesh    6
       Max CFL number:  0.87E+00 at (58,32,28)
       Max divergence:  0.30E+01 at (60,29,28)
       Min divergence: -0.31E+01 at (60,36,1)
       Max VN number :  0.33E+00 at (57,40,28)
       Mesh    7
       Max CFL number:  0.83E+00 at (58,34,6)
       Max divergence:  0.18E+01 at (57,37,1)
       Min divergence: -0.24E+01 at (60,29,1)
       Max VN number :  0.28E+00 at (60,29,1)
 
       Time Step    18000   September  3, 2026  05:39:01
       Step Size:  0.160E-02 s, Total Time:   37.76452 s
       Pressure Iterations: 4
       Maximum Velocity Error:  0.22E-03 on Mesh 7 at (70,0,21)
       Maximum Pressure Error:  0.81E+04 on Mesh 2 at (58,35,4)
       Maximum CFL Number    :  0.90E+00 on Mesh 5 at (58,33,28)
       Maximum VN Number     :  0.41E+00 on Mesh 2 at (61,31,6)
       ---------------------------------------------------------------
       Mesh    1
       Max CFL number:  0.21E+00 at (15,25,27)
       Max divergence:  0.43E+01 at (15,24,2)
       Min divergence: -0.22E+01 at (15,26,7)
       Max VN number :  0.57E-01 at (15,26,38)
       Mesh    2
       Max CFL number:  0.56E+00 at (61,32,24)
       Max divergence:  0.73E+02 at (58,35,5)
       Min divergence: -0.13E+02 at (58,30,5)
       Max VN number :  0.41E+00 at (61,31,6)
       Mesh    3
       Max CFL number:  0.79E+00 at (59,33,24)
       Max divergence:  0.65E+01 at (60,28,1)
       Min divergence: -0.88E+01 at (57,29,1)
       Max VN number :  0.35E+00 at (57,36,1)
       Mesh    4
       Max CFL number:  0.85E+00 at (59,33,28)
       Max divergence:  0.33E+01 at (58,37,1)
       Min divergence: -0.62E+01 at (57,36,1)
       Max VN number :  0.32E+00 at (64,29,1)
       Mesh    5
       Max CFL number:  0.90E+00 at (58,33,28)
       Max divergence:  0.48E+01 at (60,29,28)
       Min divergence: -0.39E+01 at (60,36,1)
       Max VN number :  0.29E+00 at (60,29,1)
       Mesh    6
       Max CFL number:  0.87E+00 at (58,32,28)
       Max divergence:  0.33E+01 at (60,29,28)
       Min divergence: -0.31E+01 at (60,36,1)
       Max VN number :  0.33E+00 at (57,40,28)
       Mesh    7
       Max CFL number:  0.83E+00 at (58,34,6)
       Max divergence:  0.17E+01 at (57,37,1)
       Min divergence: -0.24E+01 at (60,29,1)
       Max VN number :  0.27E+00 at (60,29,1)
 
       Time Step    18100   September  3, 2026  05:42:25
       Step Size:  0.160E-02 s, Total Time:   37.92501 s
       Pressure Iterations: 4
       Maximum Velocity Error:  0.21E-03 on Mesh 2 at (63,30,4)
       Maximum Pressure Error:  0.75E+04 on Mesh 2 at (63,30,4)
       Maximum CFL Number    :  0.90E+00 on Mesh 5 at (58,33,28)
       Maximum VN Number     :  0.41E+00 on Mesh 2 at (60,34,6)
       ---------------------------------------------------------------
       Mesh    1
       Max CFL number:  0.21E+00 at (15,25,27)
       Max divergence:  0.43E+01 at (15,24,2)
       Min divergence: -0.22E+01 at (15,26,7)
       Max VN number :  0.57E-01 at (15,26,38)
       Mesh    2
       Max CFL number:  0.56E+00 at (61,32,24)
       Max divergence:  0.71E+02 at (63,30,5)
       Min divergence: -0.30E+02 at (58,35,5)
       Max VN number :  0.41E+00 at (60,34,6)
       Mesh    3
       Max CFL number:  0.79E+00 at (59,33,24)
       Max divergence:  0.65E+01 at (60,28,1)
       Min divergence: -0.89E+01 at (57,29,1)
       Max VN number :  0.35E+00 at (57,36,1)
       Mesh    4
       Max CFL number:  0.85E+00 at (59,33,28)
       Max divergence:  0.33E+01 at (58,37,1)
       Min divergence: -0.62E+01 at (57,36,1)
       Max VN number :  0.32E+00 at (63,26,28)
       Mesh    5
       Max CFL number:  0.90E+00 at (58,33,28)
       Max divergence:  0.47E+01 at (60,29,28)
       Min divergence: -0.39E+01 at (60,36,1)
       Max VN number :  0.29E+00 at (60,29,1)
       Mesh    6
       Max CFL number:  0.87E+00 at (58,32,28)
       Max divergence:  0.35E+01 at (60,29,28)
       Min divergence: -0.31E+01 at (60,36,1)
       Max VN number :  0.33E+00 at (57,40,28)
       Mesh    7
       Max CFL number:  0.83E+00 at (58,34,6)
       Max divergence:  0.17E+01 at (57,37,1)
       Min divergence: -0.24E+01 at (60,29,1)
       Max VN number :  0.28E+00 at (49,1,18)
 
       Time Step    18200   September  3, 2026  05:45:49
       Step Size:  0.160E-02 s, Total Time:   38.08551 s
       Pressure Iterations: 2
       Maximum Velocity Error:  0.51E-03 on Mesh 2 at (63,30,4)
       Maximum Pressure Error:  0.22E+04 on Mesh 2 at (63,30,5)
       Maximum CFL Number    :  0.90E+00 on Mesh 5 at (58,33,28)
       Maximum VN Number     :  0.41E+00 on Mesh 2 at (61,34,6)
       ---------------------------------------------------------------
       Mesh    1
       Max CFL number:  0.21E+00 at (15,25,27)
       Max divergence:  0.43E+01 at (15,24,2)
       Min divergence: -0.22E+01 at (15,26,7)
       Max VN number :  0.57E-01 at (15,26,38)
       Mesh    2
       Max CFL number:  0.56E+00 at (61,32,24)
       Max divergence:  0.11E+02 at (49,25,5)
       Min divergence: -0.73E+01 at (58,35,5)
       Max VN number :  0.41E+00 at (61,34,6)
       Mesh    3
       Max CFL number:  0.79E+00 at (59,33,24)
       Max divergence:  0.64E+01 at (60,28,1)
       Min divergence: -0.89E+01 at (57,29,1)
       Max VN number :  0.35E+00 at (57,36,1)
       Mesh    4
       Max CFL number:  0.85E+00 at (59,32,28)
       Max divergence:  0.34E+01 at (64,40,28)
       Min divergence: -0.63E+01 at (57,29,1)
       Max VN number :  0.33E+00 at (63,26,28)
       Mesh    5
       Max CFL number:  0.90E+00 at (58,33,28)
       Max divergence:  0.46E+01 at (60,29,28)
       Min divergence: -0.39E+01 at (60,36,1)
       Max VN number :  0.29E+00 at (60,29,1)
       Mesh    6
       Max CFL number:  0.87E+00 at (58,31,28)
       Max divergence:  0.36E+01 at (60,29,28)
       Min divergence: -0.31E+01 at (60,36,1)
       Max VN number :  0.33E+00 at (57,40,28)
       Mesh    7
       Max CFL number:  0.83E+00 at (58,34,6)
       Max divergence:  0.17E+01 at (57,37,1)
       Min divergence: -0.24E+01 at (60,29,1)
       Max VN number :  0.28E+00 at (49,1,18)
 
       Time Step    18300   September  3, 2026  05:49:14
       Step Size:  0.160E-02 s, Total Time:   38.24600 s
       Pressure Iterations: 4
       Maximum Velocity Error:  0.28E-03 on Mesh 2 at (58,35,4)
       Maximum Pressure Error:  0.21E+05 on Mesh 2 at (58,35,5)
       Maximum CFL Number    :  0.90E+00 on Mesh 5 at (58,33,28)
       Maximum VN Number     :  0.41E+00 on Mesh 2 at (61,34,6)
       ---------------------------------------------------------------
       Mesh    1
       Max CFL number:  0.21E+00 at (15,25,27)
       Max divergence:  0.43E+01 at (15,24,2)
       Min divergence: -0.22E+01 at (15,26,7)
       Max VN number :  0.57E-01 at (15,26,38)
       Mesh    2
       Max CFL number:  0.56E+00 at (61,32,24)
       Max divergence:  0.28E+02 at (58,35,5)
       Min divergence: -0.16E+02 at (63,35,5)
       Max VN number :  0.41E+00 at (61,34,6)
       Mesh    3
       Max CFL number:  0.79E+00 at (59,33,24)
       Max divergence:  0.65E+01 at (60,28,1)
       Min divergence: -0.88E+01 at (57,29,1)
       Max VN number :  0.35E+00 at (57,36,1)
       Mesh    4
       Max CFL number:  0.85E+00 at (59,33,28)
       Max divergence:  0.36E+01 at (64,40,28)
       Min divergence: -0.62E+01 at (57,29,1)
       Max VN number :  0.34E+00 at (63,26,28)
       Mesh    5
       Max CFL number:  0.90E+00 at (58,33,28)
       Max divergence:  0.43E+01 at (60,29,28)
       Min divergence: -0.39E+01 at (60,36,1)
       Max VN number :  0.29E+00 at (60,29,1)
       Mesh    6
       Max CFL number:  0.88E+00 at (57,31,28)
       Max divergence:  0.34E+01 at (60,29,28)
       Min divergence: -0.31E+01 at (60,36,1)
       Max VN number :  0.33E+00 at (57,25,28)
       Mesh    7
       Max CFL number:  0.83E+00 at (58,34,5)
       Max divergence:  0.17E+01 at (57,37,1)
       Min divergence: -0.24E+01 at (60,29,1)
       Max VN number :  0.28E+00 at (49,1,18)
 
       Time Step    18400   September  3, 2026  05:52:38
       Step Size:  0.160E-02 s, Total Time:   38.40649 s
       Pressure Iterations: 3
       Maximum Velocity Error:  0.32E-03 on Mesh 7 at (42,0,21)
       Maximum Pressure Error:  0.57E+04 on Mesh 2 at (58,35,5)
       Maximum CFL Number    :  0.90E+00 on Mesh 5 at (58,33,28)
       Maximum VN Number     :  0.41E+00 on Mesh 2 at (61,34,6)
       ---------------------------------------------------------------
       Mesh    1
       Max CFL number:  0.21E+00 at (15,25,25)
       Max divergence:  0.43E+01 at (15,24,2)
       Min divergence: -0.22E+01 at (15,26,7)
       Max VN number :  0.56E-01 at (15,26,38)
       Mesh    2
       Max CFL number:  0.56E+00 at (61,32,24)
       Max divergence:  0.11E+02 at (49,25,5)
       Min divergence: -0.30E+02 at (58,35,5)
       Max VN number :  0.41E+00 at (61,34,6)
       Mesh    3
       Max CFL number:  0.79E+00 at (59,33,24)
       Max divergence:  0.65E+01 at (60,28,1)
       Min divergence: -0.88E+01 at (57,36,1)
       Max VN number :  0.35E+00 at (57,36,1)
       Mesh    4
       Max CFL number:  0.85E+00 at (58,33,28)
       Max divergence:  0.37E+01 at (64,40,28)
       Min divergence: -0.62E+01 at (57,29,1)
       Max VN number :  0.34E+00 at (63,39,28)
       Mesh    5
       Max CFL number:  0.90E+00 at (58,33,28)
       Max divergence:  0.42E+01 at (60,29,28)
       Min divergence: -0.40E+01 at (60,36,1)
       Max VN number :  0.29E+00 at (64,40,28)
       Mesh    6
       Max CFL number:  0.88E+00 at (57,31,28)
       Max divergence:  0.35E+01 at (60,29,28)
       Min divergence: -0.30E+01 at (60,36,1)
       Max VN number :  0.32E+00 at (58,25,28)
       Mesh    7
       Max CFL number:  0.83E+00 at (58,34,5)
       Max divergence:  0.16E+01 at (57,28,1)
       Min divergence: -0.24E+01 at (60,29,1)
       Max VN number :  0.27E+00 at (49,1,18)
 
       Time Step    18500   September  3, 2026  05:56:02
       Step Size:  0.160E-02 s, Total Time:   38.56698 s
       Pressure Iterations: 2
       Maximum Velocity Error:  0.43E-03 on Mesh 7 at (43,0,21)
       Maximum Pressure Error:  0.12E+04 on Mesh 2 at (58,30,5)
       Maximum CFL Number    :  0.90E+00 on Mesh 5 at (58,33,28)
       Maximum VN Number     :  0.41E+00 on Mesh 2 at (61,34,6)
       ---------------------------------------------------------------
       Mesh    1
       Max CFL number:  0.21E+00 at (15,25,25)
       Max divergence:  0.43E+01 at (15,24,2)
       Min divergence: -0.22E+01 at (15,26,7)
       Max VN number :  0.56E-01 at (15,26,38)
       Mesh    2
       Max CFL number:  0.56E+00 at (61,32,24)
       Max divergence:  0.11E+02 at (49,25,5)
       Min divergence: -0.10E+02 at (63,35,5)
       Max VN number :  0.41E+00 at (61,34,6)
       Mesh    3
       Max CFL number:  0.79E+00 at (59,33,24)
       Max divergence:  0.65E+01 at (60,28,1)
       Min divergence: -0.89E+01 at (57,36,1)
       Max VN number :  0.35E+00 at (57,36,1)
       Mesh    4
       Max CFL number:  0.85E+00 at (58,33,28)
       Max divergence:  0.38E+01 at (64,40,28)
       Min divergence: -0.63E+01 at (57,29,1)
       Max VN number :  0.35E+00 at (63,39,28)
       Mesh    5
       Max CFL number:  0.90E+00 at (58,33,28)
       Max divergence:  0.39E+01 at (60,29,28)
       Min divergence: -0.40E+01 at (60,36,1)
       Max VN number :  0.29E+00 at (64,40,28)
       Mesh    6
       Max CFL number:  0.89E+00 at (57,31,28)
       Max divergence:  0.33E+01 at (58,29,28)
       Min divergence: -0.31E+01 at (60,36,1)
       Max VN number :  0.32E+00 at (58,25,28)
       Mesh    7
       Max CFL number:  0.83E+00 at (58,34,5)
       Max divergence:  0.16E+01 at (57,28,1)
       Min divergence: -0.23E+01 at (60,29,1)
       Max VN number :  0.27E+00 at (49,1,18)
 
       Time Step    18600   September  3, 2026  05:59:27
       Step Size:  0.160E-02 s, Total Time:   38.72748 s
       Pressure Iterations: 2
       Maximum Velocity Error:  0.57E-03 on Mesh 7 at (49,64,21)
       Maximum Pressure Error:  0.26E+03 on Mesh 2 at (63,30,5)
       Maximum CFL Number    :  0.90E+00 on Mesh 5 at (58,33,28)
       Maximum VN Number     :  0.41E+00 on Mesh 2 at (61,31,6)
       ---------------------------------------------------------------
       Mesh    1
       Max CFL number:  0.21E+00 at (15,25,25)
       Max divergence:  0.43E+01 at (15,24,2)
       Min divergence: -0.22E+01 at (15,26,7)
       Max VN number :  0.56E-01 at (15,26,38)
       Mesh    2
       Max CFL number:  0.56E+00 at (61,32,24)
       Max divergence:  0.11E+02 at (49,25,5)
       Min divergence: -0.13E+02 at (58,30,5)
       Max VN number :  0.41E+00 at (61,31,6)
       Mesh    3
       Max CFL number:  0.79E+00 at (59,33,24)
       Max divergence:  0.65E+01 at (60,28,1)
       Min divergence: -0.89E+01 at (57,36,1)
       Max VN number :  0.35E+00 at (57,36,1)
       Mesh    4
       Max CFL number:  0.85E+00 at (58,32,28)
       Max divergence:  0.38E+01 at (64,40,28)
       Min divergence: -0.63E+01 at (57,29,1)
       Max VN number :  0.35E+00 at (63,39,28)
       Mesh    5
       Max CFL number:  0.90E+00 at (58,33,28)
       Max divergence:  0.38E+01 at (60,29,28)
       Min divergence: -0.40E+01 at (60,29,1)
       Max VN number :  0.29E+00 at (57,29,1)
       Mesh    6
       Max CFL number:  0.89E+00 at (57,31,28)
       Max divergence:  0.31E+01 at (58,29,28)
       Min divergence: -0.30E+01 at (60,36,1)
       Max VN number :  0.31E+00 at (59,25,28)
       Mesh    7
       Max CFL number:  0.83E+00 at (58,34,5)
       Max divergence:  0.16E+01 at (57,28,1)
       Min divergence: -0.23E+01 at (60,29,1)
       Max VN number :  0.27E+00 at (49,1,18)
 
       Time Step    18700   September  3, 2026  06:02:50
       Step Size:  0.160E-02 s, Total Time:   38.88797 s
       Pressure Iterations: 2
       Maximum Velocity Error:  0.57E-03 on Mesh 7 at (50,64,21)
       Maximum Pressure Error:  0.50E+03 on Mesh 2 at (58,35,5)
       Maximum CFL Number    :  0.90E+00 on Mesh 5 at (58,33,28)
       Maximum VN Number     :  0.41E+00 on Mesh 2 at (61,34,6)
       ---------------------------------------------------------------
       Mesh    1
       Max CFL number:  0.21E+00 at (15,25,25)
       Max divergence:  0.43E+01 at (15,24,2)
       Min divergence: -0.22E+01 at (15,26,7)
       Max VN number :  0.56E-01 at (15,26,38)
       Mesh    2
       Max CFL number:  0.56E+00 at (61,32,24)
       Max divergence:  0.11E+02 at (49,40,5)
       Min divergence: -0.85E+01 at (63,35,5)
       Max VN number :  0.41E+00 at (61,34,6)
       Mesh    3
       Max CFL number:  0.79E+00 at (59,33,24)
       Max divergence:  0.65E+01 at (60,28,1)
       Min divergence: -0.88E+01 at (57,36,1)
       Max VN number :  0.35E+00 at (57,36,1)
       Mesh    4
       Max CFL number:  0.85E+00 at (58,32,28)
       Max divergence:  0.37E+01 at (64,25,28)
       Min divergence: -0.63E+01 at (57,29,1)
       Max VN number :  0.35E+00 at (63,26,28)
       Mesh    5
       Max CFL number:  0.90E+00 at (58,33,28)
       Max divergence:  0.36E+01 at (59,36,28)
       Min divergence: -0.40E+01 at (60,29,1)
       Max VN number :  0.29E+00 at (57,29,1)
       Mesh    6
       Max CFL number:  0.89E+00 at (57,31,28)
       Max divergence:  0.33E+01 at (58,29,28)
       Min divergence: -0.29E+01 at (60,36,1)
       Max VN number :  0.30E+00 at (61,40,28)
       Mesh    7
       Max CFL number:  0.83E+00 at (58,34,4)
       Max divergence:  0.15E+01 at (57,28,1)
       Min divergence: -0.23E+01 at (60,29,1)
       Max VN number :  0.27E+00 at (60,29,1)
 
       Time Step    18800   September  3, 2026  06:06:15
       Step Size:  0.160E-02 s, Total Time:   39.04846 s
       Pressure Iterations: 2
       Maximum Velocity Error:  0.57E-03 on Mesh 7 at (51,64,21)
       Maximum Pressure Error:  0.60E+03 on Mesh 2 at (63,30,5)
       Maximum CFL Number    :  0.89E+00 on Mesh 5 at (58,32,26)
       Maximum VN Number     :  0.41E+00 on Mesh 2 at (61,34,6)
       ---------------------------------------------------------------
       Mesh    1
       Max CFL number:  0.21E+00 at (15,25,25)
       Max divergence:  0.43E+01 at (15,24,2)
       Min divergence: -0.22E+01 at (15,26,7)
       Max VN number :  0.56E-01 at (15,26,38)
       Mesh    2
       Max CFL number:  0.56E+00 at (61,33,24)
       Max divergence:  0.11E+02 at (49,40,5)
       Min divergence: -0.13E+02 at (58,35,5)
       Max VN number :  0.41E+00 at (61,34,6)
       Mesh    3
       Max CFL number:  0.79E+00 at (59,33,24)
       Max divergence:  0.65E+01 at (60,28,1)
       Min divergence: -0.89E+01 at (57,36,1)
       Max VN number :  0.35E+00 at (57,36,1)
       Mesh    4
       Max CFL number:  0.85E+00 at (58,33,28)
       Max divergence:  0.37E+01 at (61,28,1)
       Min divergence: -0.62E+01 at (57,29,1)
       Max VN number :  0.33E+00 at (64,40,28)
       Mesh    5
       Max CFL number:  0.89E+00 at (58,32,26)
       Max divergence:  0.36E+01 at (59,36,28)
       Min divergence: -0.40E+01 at (60,29,1)
       Max VN number :  0.29E+00 at (57,29,1)
       Mesh    6
       Max CFL number:  0.89E+00 at (57,32,28)
       Max divergence:  0.30E+01 at (58,29,28)
       Min divergence: -0.28E+01 at (60,36,1)
       Max VN number :  0.30E+00 at (61,40,28)
       Mesh    7
       Max CFL number:  0.83E+00 at (58,34,4)
       Max divergence:  0.15E+01 at (57,28,1)
       Min divergence: -0.22E+01 at (60,29,1)
       Max VN number :  0.27E+00 at (60,29,1)
 
       Time Step    18900   September  3, 2026  06:09:40
       Step Size:  0.160E-02 s, Total Time:   39.20895 s
       Pressure Iterations: 2
       Maximum Velocity Error:  0.56E-03 on Mesh 7 at (51,64,21)
       Maximum Pressure Error:  0.58E+03 on Mesh 2 at (63,30,5)
       Maximum CFL Number    :  0.89E+00 on Mesh 5 at (58,33,25)
       Maximum VN Number     :  0.41E+00 on Mesh 2 at (61,34,6)
       ---------------------------------------------------------------
       Mesh    1
       Max CFL number:  0.21E+00 at (15,25,25)
       Max divergence:  0.43E+01 at (15,24,2)
       Min divergence: -0.22E+01 at (15,26,7)
       Max VN number :  0.56E-01 at (15,26,38)
       Mesh    2
       Max CFL number:  0.56E+00 at (61,33,24)
       Max divergence:  0.11E+02 at (49,40,5)
       Min divergence: -0.13E+02 at (63,35,5)
       Max VN number :  0.41E+00 at (61,34,6)
       Mesh    3
       Max CFL number:  0.79E+00 at (59,33,24)
       Max divergence:  0.65E+01 at (60,28,1)
       Min divergence: -0.89E+01 at (57,36,1)
       Max VN number :  0.35E+00 at (57,36,1)
       Mesh    4
       Max CFL number:  0.85E+00 at (58,33,28)
       Max divergence:  0.38E+01 at (61,28,1)
       Min divergence: -0.63E+01 at (57,29,1)
       Max VN number :  0.32E+00 at (64,25,28)
       Mesh    5
       Max CFL number:  0.89E+00 at (58,33,25)
       Max divergence:  0.34E+01 at (59,36,28)
       Min divergence: -0.39E+01 at (60,29,1)
       Max VN number :  0.29E+00 at (57,29,1)
       Mesh    6
       Max CFL number:  0.89E+00 at (58,32,28)
       Max divergence:  0.22E+01 at (59,29,28)
       Min divergence: -0.27E+01 at (60,36,1)
       Max VN number :  0.29E+00 at (61,25,28)
       Mesh    7
       Max CFL number:  0.82E+00 at (58,34,5)
       Max divergence:  0.14E+01 at (52,37,1)
       Min divergence: -0.22E+01 at (60,29,1)
       Max VN number :  0.27E+00 at (60,36,1)
 
       Time Step    19000   September  3, 2026  06:13:04
       Step Size:  0.160E-02 s, Total Time:   39.36944 s
       Pressure Iterations: 4
       Maximum Velocity Error:  0.28E-03 on Mesh 2 at (58,35,4)
       Maximum Pressure Error:  0.23E+05 on Mesh 2 at (58,35,5)
       Maximum CFL Number    :  0.89E+00 on Mesh 5 at (58,33,25)
       Maximum VN Number     :  0.41E+00 on Mesh 2 at (61,34,6)
       ---------------------------------------------------------------
       Mesh    1
       Max CFL number:  0.21E+00 at (15,26,31)
       Max divergence:  0.43E+01 at (15,24,2)
       Min divergence: -0.22E+01 at (15,26,7)
       Max VN number :  0.57E-01 at (15,26,38)
       Mesh    2
       Max CFL number:  0.56E+00 at (61,33,24)
       Max divergence:  0.28E+02 at (58,35,5)
       Min divergence: -0.16E+02 at (63,35,5)
       Max VN number :  0.41E+00 at (61,34,6)
       Mesh    3
       Max CFL number:  0.79E+00 at (59,33,24)
       Max divergence:  0.65E+01 at (60,28,1)
       Min divergence: -0.88E+01 at (57,36,1)
       Max VN number :  0.35E+00 at (57,36,1)
       Mesh    4
       Max CFL number:  0.85E+00 at (58,32,28)
       Max divergence:  0.38E+01 at (61,28,1)
       Min divergence: -0.62E+01 at (57,36,1)
       Max VN number :  0.32E+00 at (64,36,1)
       Mesh    5
       Max CFL number:  0.89E+00 at (58,33,25)
       Max divergence:  0.34E+01 at (59,36,28)
       Min divergence: -0.39E+01 at (60,29,1)
       Max VN number :  0.29E+00 at (57,29,1)
       Mesh    6
       Max CFL number:  0.89E+00 at (58,32,28)
       Max divergence:  0.22E+01 at (59,36,28)
       Min divergence: -0.26E+01 at (60,36,1)
       Max VN number :  0.28E+00 at (60,36,1)
       Mesh    7
       Max CFL number:  0.83E+00 at (58,34,5)
       Max divergence:  0.15E+01 at (52,37,1)
       Min divergence: -0.22E+01 at (60,29,1)
       Max VN number :  0.27E+00 at (60,36,1)
 
       Time Step    19100   September  3, 2026  06:16:29
       Step Size:  0.160E-02 s, Total Time:   39.52994 s
       Pressure Iterations: 4
       Maximum Velocity Error:  0.28E-03 on Mesh 2 at (63,30,4)
       Maximum Pressure Error:  0.20E+05 on Mesh 2 at (63,30,5)
       Maximum CFL Number    :  0.89E+00 on Mesh 5 at (58,33,25)
       Maximum VN Number     :  0.41E+00 on Mesh 2 at (61,34,6)
       ---------------------------------------------------------------
       Mesh    1
       Max CFL number:  0.21E+00 at (15,26,31)
       Max divergence:  0.43E+01 at (15,24,2)
       Min divergence: -0.22E+01 at (15,26,7)
       Max VN number :  0.57E-01 at (15,26,38)
       Mesh    2
       Max CFL number:  0.56E+00 at (61,33,24)
       Max divergence:  0.27E+02 at (63,30,5)
       Min divergence: -0.22E+02 at (58,30,5)
       Max VN number :  0.41E+00 at (61,34,6)
       Mesh    3
       Max CFL number:  0.79E+00 at (59,33,24)
       Max divergence:  0.65E+01 at (60,28,1)
       Min divergence: -0.89E+01 at (57,36,1)
       Max VN number :  0.35E+00 at (57,36,1)
       Mesh    4
       Max CFL number:  0.85E+00 at (58,32,28)
       Max divergence:  0.38E+01 at (61,28,1)
       Min divergence: -0.61E+01 at (57,36,1)
       Max VN number :  0.32E+00 at (64,29,1)
       Mesh    5
       Max CFL number:  0.89E+00 at (58,33,25)
       Max divergence:  0.32E+01 at (59,36,28)
       Min divergence: -0.38E+01 at (60,29,1)
       Max VN number :  0.29E+00 at (60,36,1)
       Mesh    6
       Max CFL number:  0.88E+00 at (58,32,25)
       Max divergence:  0.20E+01 at (59,36,28)
       Min divergence: -0.24E+01 at (60,36,1)
       Max VN number :  0.30E+00 at (65,32,28)
       Mesh    7
       Max CFL number:  0.83E+00 at (58,34,7)
       Max divergence:  0.15E+01 at (52,37,1)
       Min divergence: -0.21E+01 at (60,29,1)
       Max VN number :  0.27E+00 at (60,36,1)
 
       Time Step    19200   September  3, 2026  06:19:54
       Step Size:  0.160E-02 s, Total Time:   39.69043 s
       Pressure Iterations: 4
       Maximum Velocity Error:  0.32E-03 on Mesh 7 at (47,64,21)
       Maximum Pressure Error:  0.79E+04 on Mesh 2 at (63,30,4)
       Maximum CFL Number    :  0.89E+00 on Mesh 5 at (58,33,25)
       Maximum VN Number     :  0.41E+00 on Mesh 2 at (61,34,6)
       ---------------------------------------------------------------
       Mesh    1
       Max CFL number:  0.21E+00 at (15,26,31)
       Max divergence:  0.43E+01 at (15,24,2)
       Min divergence: -0.22E+01 at (15,26,7)
       Max VN number :  0.58E-01 at (15,26,38)
       Mesh    2
       Max CFL number:  0.56E+00 at (61,33,24)
       Max divergence:  0.70E+02 at (63,30,5)
       Min divergence: -0.10E+02 at (58,35,5)
       Max VN number :  0.41E+00 at (61,34,6)
       Mesh    3
       Max CFL number:  0.79E+00 at (59,33,24)
       Max divergence:  0.65E+01 at (60,28,1)
       Min divergence: -0.89E+01 at (57,36,1)
       Max VN number :  0.35E+00 at (57,36,1)
       Mesh    4
       Max CFL number:  0.85E+00 at (58,32,28)
       Max divergence:  0.38E+01 at (61,28,1)
       Min divergence: -0.61E+01 at (57,36,1)
       Max VN number :  0.32E+00 at (64,29,1)
       Mesh    5
       Max CFL number:  0.89E+00 at (58,33,25)
       Max divergence:  0.29E+01 at (59,36,28)
       Min divergence: -0.38E+01 at (60,29,1)
       Max VN number :  0.29E+00 at (64,32,28)
       Mesh    6
       Max CFL number:  0.88E+00 at (58,32,25)
       Max divergence:  0.15E+01 at (59,36,28)
       Min divergence: -0.24E+01 at (60,36,1)
       Max VN number :  0.32E+00 at (65,32,28)
       Mesh    7
       Max CFL number:  0.83E+00 at (58,34,6)
       Max divergence:  0.14E+01 at (52,37,1)
       Min divergence: -0.21E+01 at (49,36,1)
       Max VN number :  0.28E+00 at (60,36,1)
 
       Time Step    19300   September  3, 2026  06:23:19
       Step Size:  0.160E-02 s, Total Time:   39.85092 s
       Pressure Iterations: 4
       Maximum Velocity Error:  0.28E-03 on Mesh 2 at (58,30,4)
       Maximum Pressure Error:  0.21E+05 on Mesh 2 at (58,30,5)
       Maximum CFL Number    :  0.89E+00 on Mesh 5 at (58,33,25)
       Maximum VN Number     :  0.41E+00 on Mesh 2 at (60,34,6)
       ---------------------------------------------------------------
       Mesh    1
       Max CFL number:  0.21E+00 at (15,25,31)
       Max divergence:  0.43E+01 at (15,24,2)
       Min divergence: -0.22E+01 at (15,26,7)
       Max VN number :  0.58E-01 at (15,26,38)
       Mesh    2
       Max CFL number:  0.56E+00 at (61,33,24)
       Max divergence:  0.28E+02 at (58,30,5)
       Min divergence: -0.62E+01 at (63,30,5)
       Max VN number :  0.41E+00 at (60,34,6)
       Mesh    3
       Max CFL number:  0.79E+00 at (59,33,24)
       Max divergence:  0.65E+01 at (60,28,1)
       Min divergence: -0.88E+01 at (57,36,1)
       Max VN number :  0.35E+00 at (57,36,1)
       Mesh    4
       Max CFL number:  0.85E+00 at (58,32,28)
       Max divergence:  0.38E+01 at (61,28,1)
       Min divergence: -0.62E+01 at (57,36,1)
       Max VN number :  0.32E+00 at (64,36,1)
       Mesh    5
       Max CFL number:  0.89E+00 at (58,33,25)
       Max divergence:  0.27E+01 at (59,36,28)
       Min divergence: -0.37E+01 at (60,29,1)
       Max VN number :  0.29E+00 at (60,36,1)
       Mesh    6
       Max CFL number:  0.87E+00 at (58,32,26)
       Max divergence:  0.15E+01 at (52,33,1)
       Min divergence: -0.23E+01 at (60,36,1)
       Max VN number :  0.31E+00 at (65,32,28)
       Mesh    7
       Max CFL number:  0.83E+00 at (58,34,6)
       Max divergence:  0.14E+01 at (52,37,1)
       Min divergence: -0.21E+01 at (49,36,1)
       Max VN number :  0.28E+00 at (60,36,1)
 
       Time Step    19400   September  3, 2026  06:26:44
       Step Size:  0.160E-02 s, Total Time:   40.01141 s
       Pressure Iterations: 3
       Maximum Velocity Error:  0.35E-03 on Mesh 7 at (49,64,21)
       Maximum Pressure Error:  0.64E+04 on Mesh 2 at (58,30,5)
       Maximum CFL Number    :  0.89E+00 on Mesh 5 at (58,33,25)
       Maximum VN Number     :  0.41E+00 on Mesh 2 at (60,31,6)
       ---------------------------------------------------------------
       Mesh    1
       Max CFL number:  0.21E+00 at (15,25,31)
       Max divergence:  0.43E+01 at (15,24,2)
       Min divergence: -0.22E+01 at (15,26,7)
       Max VN number :  0.59E-01 at (15,26,38)
       Mesh    2
       Max CFL number:  0.56E+00 at (61,33,24)
       Max divergence:  0.11E+02 at (49,25,5)
       Min divergence: -0.30E+02 at (58,30,5)
       Max VN number :  0.41E+00 at (60,31,6)
       Mesh    3
       Max CFL number:  0.79E+00 at (59,33,24)
       Max divergence:  0.65E+01 at (60,28,1)
       Min divergence: -0.88E+01 at (57,36,1)
       Max VN number :  0.35E+00 at (57,36,1)
       Mesh    4
       Max CFL number:  0.85E+00 at (58,32,28)
       Max divergence:  0.37E+01 at (61,37,1)
       Min divergence: -0.61E+01 at (57,36,1)
       Max VN number :  0.32E+00 at (64,36,1)
       Mesh    5
       Max CFL number:  0.89E+00 at (58,33,25)
       Max divergence:  0.25E+01 at (59,36,28)
       Min divergence: -0.37E+01 at (60,29,1)
       Max VN number :  0.30E+00 at (64,36,28)
       Mesh    6
       Max CFL number:  0.87E+00 at (58,32,22)
       Max divergence:  0.15E+01 at (68,36,28)
       Min divergence: -0.23E+01 at (60,36,1)
       Max VN number :  0.30E+00 at (53,40,28)
       Mesh    7
       Max CFL number:  0.83E+00 at (58,31,6)
       Max divergence:  0.14E+01 at (52,37,1)
       Min divergence: -0.20E+01 at (49,36,1)
       Max VN number :  0.28E+00 at (60,36,1)
 
       Time Step    19500   September  3, 2026  06:30:11
       Step Size:  0.160E-02 s, Total Time:   40.17191 s
       Pressure Iterations: 4
       Maximum Velocity Error:  0.28E-03 on Mesh 7 at (49,64,21)
       Maximum Pressure Error:  0.21E+05 on Mesh 2 at (63,35,5)
       Maximum CFL Number    :  0.89E+00 on Mesh 5 at (58,33,25)
       Maximum VN Number     :  0.41E+00 on Mesh 2 at (61,31,6)
       ---------------------------------------------------------------
       Mesh    1
       Max CFL number:  0.21E+00 at (15,25,31)
       Max divergence:  0.43E+01 at (15,24,2)
       Min divergence: -0.22E+01 at (15,26,7)
       Max VN number :  0.59E-01 at (15,26,38)
       Mesh    2
       Max CFL number:  0.56E+00 at (61,33,24)
       Max divergence:  0.27E+02 at (63,35,5)
       Min divergence: -0.30E+02 at (58,35,5)
       Max VN number :  0.41E+00 at (61,31,6)
       Mesh    3
       Max CFL number:  0.80E+00 at (59,33,24)
       Max divergence:  0.65E+01 at (59,28,1)
       Min divergence: -0.89E+01 at (57,36,1)
       Max VN number :  0.35E+00 at (57,36,1)
       Mesh    4
       Max CFL number:  0.85E+00 at (58,32,28)
       Max divergence:  0.37E+01 at (61,37,1)
       Min divergence: -0.62E+01 at (57,36,1)
       Max VN number :  0.32E+00 at (64,36,1)
       Mesh    5
       Max CFL number:  0.89E+00 at (58,33,25)
       Max divergence:  0.24E+01 at (56,28,1)
       Min divergence: -0.36E+01 at (60,36,1)
       Max VN number :  0.30E+00 at (64,36,28)
       Mesh    6
       Max CFL number:  0.87E+00 at (58,32,22)
       Max divergence:  0.15E+01 at (61,37,1)
       Min divergence: -0.24E+01 at (60,36,1)
       Max VN number :  0.30E+00 at (60,40,28)
       Mesh    7
       Max CFL number:  0.83E+00 at (58,31,6)
       Max divergence:  0.13E+01 at (56,28,1)
       Min divergence: -0.20E+01 at (53,29,1)
       Max VN number :  0.28E+00 at (60,36,1)
 
       Time Step    19600   September  3, 2026  06:33:36
       Step Size:  0.160E-02 s, Total Time:   40.33240 s
       Pressure Iterations: 4
       Maximum Velocity Error:  0.35E-03 on Mesh 7 at (50,64,21)
       Maximum Pressure Error:  0.83E+04 on Mesh 2 at (58,30,4)
       Maximum CFL Number    :  0.89E+00 on Mesh 5 at (58,33,26)
       Maximum VN Number     :  0.41E+00 on Mesh 2 at (61,31,6)
       ---------------------------------------------------------------
       Mesh    1
       Max CFL number:  0.21E+00 at (15,26,31)
       Max divergence:  0.43E+01 at (15,24,2)
       Min divergence: -0.22E+01 at (15,26,7)
       Max VN number :  0.60E-01 at (15,26,38)
       Mesh    2
       Max CFL number:  0.56E+00 at (61,33,24)
       Max divergence:  0.74E+02 at (58,30,5)
       Min divergence: -0.22E+02 at (63,30,5)
       Max VN number :  0.41E+00 at (61,31,6)
       Mesh    3
       Max CFL number:  0.80E+00 at (59,33,24)
       Max divergence:  0.65E+01 at (59,28,1)
       Min divergence: -0.88E+01 at (57,36,1)
       Max VN number :  0.35E+00 at (57,36,1)
       Mesh    4
       Max CFL number:  0.85E+00 at (58,32,28)
       Max divergence:  0.36E+01 at (58,28,1)
       Min divergence: -0.63E+01 at (57,29,1)
       Max VN number :  0.31E+00 at (64,36,1)
       Mesh    5
       Max CFL number:  0.89E+00 at (58,33,26)
       Max divergence:  0.25E+01 at (56,28,1)
       Min divergence: -0.36E+01 at (60,29,1)
       Max VN number :  0.31E+00 at (64,36,28)
       Mesh    6
       Max CFL number:  0.86E+00 at (58,32,23)
       Max divergence:  0.17E+01 at (61,37,1)
       Min divergence: -0.24E+01 at (60,36,1)
       Max VN number :  0.32E+00 at (60,40,28)
       Mesh    7
       Max CFL number:  0.83E+00 at (58,31,6)
       Max divergence:  0.13E+01 at (56,28,1)
       Min divergence: -0.21E+01 at (53,29,1)
       Max VN number :  0.28E+00 at (60,36,1)
 
       Time Step    19700   September  3, 2026  06:37:02
       Step Size:  0.160E-02 s, Total Time:   40.49289 s
       Pressure Iterations: 2
       Maximum Velocity Error:  0.63E-03 on Mesh 7 at (51,64,21)
       Maximum Pressure Error:  0.50E+03 on Mesh 2 at (58,30,5)
       Maximum CFL Number    :  0.89E+00 on Mesh 5 at (58,33,26)
       Maximum VN Number     :  0.41E+00 on Mesh 2 at (60,31,6)
       ---------------------------------------------------------------
       Mesh    1
       Max CFL number:  0.21E+00 at (15,25,34)
       Max divergence:  0.43E+01 at (15,24,2)
       Min divergence: -0.22E+01 at (15,26,7)
       Max VN number :  0.60E-01 at (15,26,38)
       Mesh    2
       Max CFL number:  0.56E+00 at (61,33,24)
       Max divergence:  0.11E+02 at (57,36,24)
       Min divergence: -0.72E+01 at (63,35,5)
       Max VN number :  0.41E+00 at (60,31,6)
       Mesh    3
       Max CFL number:  0.80E+00 at (59,33,24)
       Max divergence:  0.65E+01 at (59,28,1)
       Min divergence: -0.88E+01 at (57,36,1)
       Max VN number :  0.35E+00 at (57,36,1)
       Mesh    4
       Max CFL number:  0.85E+00 at (58,33,28)
       Max divergence:  0.35E+01 at (58,28,1)
       Min divergence: -0.62E+01 at (57,29,1)
       Max VN number :  0.31E+00 at (64,36,1)
       Mesh    5
       Max CFL number:  0.89E+00 at (58,33,26)
       Max divergence:  0.25E+01 at (56,28,1)
       Min divergence: -0.36E+01 at (60,29,1)
       Max VN number :  0.31E+00 at (64,29,28)
       Mesh    6
       Max CFL number:  0.86E+00 at (58,32,23)
       Max divergence:  0.22E+01 at (60,40,28)
       Min divergence: -0.24E+01 at (60,36,1)
       Max VN number :  0.32E+00 at (60,25,28)
       Mesh    7
       Max CFL number:  0.83E+00 at (58,31,6)
       Max divergence:  0.12E+01 at (56,28,1)
       Min divergence: -0.21E+01 at (53,29,1)
       Max VN number :  0.29E+00 at (60,36,1)
 
       Time Step    19800   September  3, 2026  06:40:28
       Step Size:  0.160E-02 s, Total Time:   40.65338 s
       Pressure Iterations: 2
       Maximum Velocity Error:  0.54E-03 on Mesh 2 at (58,35,4)
       Maximum Pressure Error:  0.25E+04 on Mesh 2 at (58,35,5)
       Maximum CFL Number    :  0.89E+00 on Mesh 5 at (58,33,26)
       Maximum VN Number     :  0.41E+00 on Mesh 2 at (61,34,6)
       ---------------------------------------------------------------
       Mesh    1
       Max CFL number:  0.21E+00 at (15,25,34)
       Max divergence:  0.43E+01 at (15,24,2)
       Min divergence: -0.22E+01 at (15,26,7)
       Max VN number :  0.61E-01 at (15,25,38)
       Mesh    2
       Max CFL number:  0.56E+00 at (61,33,24)
       Max divergence:  0.11E+02 at (57,36,24)
       Min divergence: -0.13E+02 at (58,30,5)
       Max VN number :  0.41E+00 at (61,34,6)
       Mesh    3
       Max CFL number:  0.80E+00 at (59,33,24)
       Max divergence:  0.65E+01 at (59,28,1)
       Min divergence: -0.89E+01 at (57,36,1)
       Max VN number :  0.35E+00 at (57,36,1)
       Mesh    4
       Max CFL number:  0.85E+00 at (58,33,28)
       Max divergence:  0.35E+01 at (58,28,1)
       Min divergence: -0.62E+01 at (57,29,1)
       Max VN number :  0.31E+00 at (57,29,1)
       Mesh    5
       Max CFL number:  0.89E+00 at (58,33,26)
       Max divergence:  0.25E+01 at (56,28,1)
       Min divergence: -0.35E+01 at (60,29,1)
       Max VN number :  0.31E+00 at (64,29,28)
       Mesh    6
       Max CFL number:  0.85E+00 at (58,32,23)
       Max divergence:  0.22E+01 at (60,26,28)
       Min divergence: -0.25E+01 at (60,36,1)
       Max VN number :  0.32E+00 at (60,36,28)
       Mesh    7
       Max CFL number:  0.83E+00 at (58,32,5)
       Max divergence:  0.12E+01 at (61,37,1)
       Min divergence: -0.21E+01 at (53,29,1)
       Max VN number :  0.29E+00 at (60,36,1)
 
       Time Step    19900   September  3, 2026  06:43:54
       Step Size:  0.160E-02 s, Total Time:   40.81387 s
       Pressure Iterations: 3
       Maximum Velocity Error:  0.32E-03 on Mesh 2 at (58,35,4)
       Maximum Pressure Error:  0.46E+04 on Mesh 2 at (58,35,5)
       Maximum CFL Number    :  0.90E+00 on Mesh 5 at (58,33,24)
       Maximum VN Number     :  0.41E+00 on Mesh 2 at (61,34,6)
       ---------------------------------------------------------------
       Mesh    1
       Max CFL number:  0.21E+00 at (15,25,34)
       Max divergence:  0.43E+01 at (15,24,2)
       Min divergence: -0.22E+01 at (15,26,7)
       Max VN number :  0.61E-01 at (15,25,38)
       Mesh    2
       Max CFL number:  0.56E+00 at (61,33,24)
       Max divergence:  0.11E+02 at (57,36,24)
       Min divergence: -0.22E+02 at (58,35,5)
       Max VN number :  0.41E+00 at (61,34,6)
       Mesh    3
       Max CFL number:  0.80E+00 at (59,33,24)
       Max divergence:  0.65E+01 at (59,28,1)
       Min divergence: -0.89E+01 at (57,29,1)
       Max VN number :  0.35E+00 at (57,29,1)
       Mesh    4
       Max CFL number:  0.85E+00 at (58,33,28)
       Max divergence:  0.36E+01 at (58,28,1)
       Min divergence: -0.63E+01 at (57,29,1)
       Max VN number :  0.31E+00 at (57,36,1)
       Mesh    5
       Max CFL number:  0.90E+00 at (58,33,24)
       Max divergence:  0.25E+01 at (56,28,1)
       Min divergence: -0.35E+01 at (60,29,1)
       Max VN number :  0.30E+00 at (64,36,1)
       Mesh    6
       Max CFL number:  0.85E+00 at (58,33,20)
       Max divergence:  0.24E+01 at (60,37,28)
       Min divergence: -0.26E+01 at (60,36,1)
       Max VN number :  0.35E+00 at (60,36,28)
       Mesh    7
       Max CFL number:  0.83E+00 at (58,32,5)
       Max divergence:  0.13E+01 at (61,28,1)
       Min divergence: -0.20E+01 at (53,36,1)
       Max VN number :  0.29E+00 at (60,36,1)
 
       Time Step    20000   September  3, 2026  06:47:19
       Step Size:  0.160E-02 s, Total Time:   40.97437 s
       Pressure Iterations: 4
       Maximum Velocity Error:  0.28E-03 on Mesh 2 at (63,30,4)
       Maximum Pressure Error:  0.22E+05 on Mesh 2 at (63,30,5)
       Maximum CFL Number    :  0.90E+00 on Mesh 5 at (58,33,24)
       Maximum VN Number     :  0.41E+00 on Mesh 2 at (60,34,6)
       ---------------------------------------------------------------
       Mesh    1
       Max CFL number:  0.21E+00 at (15,25,34)
       Max divergence:  0.43E+01 at (15,24,2)
       Min divergence: -0.22E+01 at (15,26,7)
       Max VN number :  0.61E-01 at (15,25,38)
       Mesh    2
       Max CFL number:  0.56E+00 at (61,32,24)
       Max divergence:  0.27E+02 at (63,30,5)
       Min divergence: -0.30E+02 at (63,35,5)
       Max VN number :  0.41E+00 at (60,34,6)
       Mesh    3
       Max CFL number:  0.80E+00 at (59,33,24)
       Max divergence:  0.65E+01 at (59,28,1)
       Min divergence: -0.88E+01 at (57,29,1)
       Max VN number :  0.35E+00 at (57,29,1)
       Mesh    4
       Max CFL number:  0.85E+00 at (58,33,28)
       Max divergence:  0.36E+01 at (59,28,1)
       Min divergence: -0.62E+01 at (57,29,1)
       Max VN number :  0.31E+00 at (57,29,1)
       Mesh    5
       Max CFL number:  0.90E+00 at (58,33,24)
       Max divergence:  0.24E+01 at (56,28,1)
       Min divergence: -0.36E+01 at (60,29,1)
       Max VN number :  0.30E+00 at (64,36,1)
       Mesh    6
       Max CFL number:  0.85E+00 at (58,33,28)
       Max divergence:  0.39E+01 at (60,29,28)
       Min divergence: -0.27E+01 at (60,36,1)
       Max VN number :  0.34E+00 at (60,29,28)
       Mesh    7
       Max CFL number:  0.83E+00 at (58,31,6)
       Max divergence:  0.14E+01 at (61,28,1)
       Min divergence: -0.20E+01 at (53,36,1)
       Max VN number :  0.29E+00 at (60,36,1)
 
       Time Step    20100   September  3, 2026  06:50:45
       Step Size:  0.160E-02 s, Total Time:   41.13486 s
       Pressure Iterations: 3
       Maximum Velocity Error:  0.32E-03 on Mesh 7 at (58,64,21)
       Maximum Pressure Error:  0.59E+04 on Mesh 2 at (58,30,5)
       Maximum CFL Number    :  0.90E+00 on Mesh 5 at (58,33,22)
       Maximum VN Number     :  0.41E+00 on Mesh 2 at (60,31,6)
       ---------------------------------------------------------------
       Mesh    1
       Max CFL number:  0.21E+00 at (15,25,34)
       Max divergence:  0.43E+01 at (15,24,2)
       Min divergence: -0.22E+01 at (15,26,7)
       Max VN number :  0.60E-01 at (15,25,38)
       Mesh    2
       Max CFL number:  0.56E+00 at (61,32,24)
       Max divergence:  0.11E+02 at (57,36,24)
       Min divergence: -0.30E+02 at (58,30,5)
       Max VN number :  0.41E+00 at (60,31,6)
       Mesh    3
       Max CFL number:  0.80E+00 at (59,33,24)
       Max divergence:  0.65E+01 at (59,28,1)
       Min divergence: -0.89E+01 at (57,29,1)
       Max VN number :  0.35E+00 at (57,29,1)
       Mesh    4
       Max CFL number:  0.84E+00 at (58,33,28)
       Max divergence:  0.35E+01 at (59,37,1)
       Min divergence: -0.62E+01 at (57,29,1)
       Max VN number :  0.31E+00 at (57,29,1)
       Mesh    5
       Max CFL number:  0.90E+00 at (58,33,22)
       Max divergence:  0.24E+01 at (61,28,1)
       Min divergence: -0.36E+01 at (60,29,1)
       Max VN number :  0.30E+00 at (60,29,1)
       Mesh    6
       Max CFL number:  0.85E+00 at (58,33,28)
       Max divergence:  0.31E+01 at (60,29,28)
       Min divergence: -0.28E+01 at (60,36,1)
       Max VN number :  0.32E+00 at (50,39,28)
       Mesh    7
       Max CFL number:  0.83E+00 at (58,31,5)
       Max divergence:  0.15E+01 at (61,28,1)
       Min divergence: -0.19E+01 at (53,36,1)
       Max VN number :  0.29E+00 at (60,36,1)
 
       Time Step    20200   September  3, 2026  06:54:11
       Step Size:  0.160E-02 s, Total Time:   41.29535 s
       Pressure Iterations: 2
       Maximum Velocity Error:  0.38E-03 on Mesh 7 at (40,64,21)
       Maximum Pressure Error:  0.13E+04 on Mesh 2 at (58,35,5)
       Maximum CFL Number    :  0.89E+00 on Mesh 5 at (58,33,22)
       Maximum VN Number     :  0.41E+00 on Mesh 2 at (61,31,6)
       ---------------------------------------------------------------
       Mesh    1
       Max CFL number:  0.21E+00 at (15,25,34)
       Max divergence:  0.43E+01 at (15,24,2)
       Min divergence: -0.22E+01 at (15,26,7)
       Max VN number :  0.60E-01 at (15,25,38)
       Mesh    2
       Max CFL number:  0.56E+00 at (61,32,24)
       Max divergence:  0.11E+02 at (49,40,5)
       Min divergence: -0.86E+01 at (58,30,5)
       Max VN number :  0.41E+00 at (61,31,6)
       Mesh    3
       Max CFL number:  0.80E+00 at (59,33,24)
       Max divergence:  0.65E+01 at (59,37,1)
       Min divergence: -0.89E+01 at (57,29,1)
       Max VN number :  0.35E+00 at (57,29,1)
       Mesh    4
       Max CFL number:  0.84E+00 at (58,33,28)
       Max divergence:  0.36E+01 at (59,37,1)
       Min divergence: -0.63E+01 at (57,29,1)
       Max VN number :  0.31E+00 at (57,29,1)
       Mesh    5
       Max CFL number:  0.89E+00 at (58,33,22)
       Max divergence:  0.32E+01 at (63,29,28)
       Min divergence: -0.36E+01 at (60,29,1)
       Max VN number :  0.30E+00 at (60,36,1)
       Mesh    6
       Max CFL number:  0.86E+00 at (58,33,28)
       Max divergence:  0.25E+01 at (60,29,28)
       Min divergence: -0.29E+01 at (60,36,1)
       Max VN number :  0.34E+00 at (50,39,28)
       Mesh    7
       Max CFL number:  0.83E+00 at (58,31,5)
       Max divergence:  0.16E+01 at (61,28,1)
       Min divergence: -0.19E+01 at (60,36,1)
       Max VN number :  0.29E+00 at (60,36,1)
 
       Time Step    20300   September  3, 2026  06:57:36
       Step Size:  0.160E-02 s, Total Time:   41.45584 s
       Pressure Iterations: 2
       Maximum Velocity Error:  0.35E-03 on Mesh 7 at (61,64,21)
       Maximum Pressure Error:  0.53E+03 on Mesh 2 at (64,33,5)
       Maximum CFL Number    :  0.89E+00 on Mesh 5 at (58,33,20)
       Maximum VN Number     :  0.41E+00 on Mesh 2 at (61,31,6)
       ---------------------------------------------------------------
       Mesh    1
       Max CFL number:  0.21E+00 at (15,25,34)
       Max divergence:  0.43E+01 at (15,24,2)
       Min divergence: -0.22E+01 at (15,26,7)
       Max VN number :  0.60E-01 at (15,25,38)
       Mesh    2
       Max CFL number:  0.56E+00 at (61,32,24)
       Max divergence:  0.11E+02 at (49,40,5)
       Min divergence: -0.13E+02 at (58,35,5)
       Max VN number :  0.41E+00 at (61,31,6)
       Mesh    3
       Max CFL number:  0.80E+00 at (59,32,24)
       Max divergence:  0.65E+01 at (59,37,1)
       Min divergence: -0.88E+01 at (57,29,1)
       Max VN number :  0.35E+00 at (57,29,1)
       Mesh    4
       Max CFL number:  0.84E+00 at (58,33,28)
       Max divergence:  0.35E+01 at (59,37,1)
       Min divergence: -0.62E+01 at (57,29,1)
       Max VN number :  0.31E+00 at (57,36,1)
       Mesh    5
       Max CFL number:  0.89E+00 at (58,33,20)
       Max divergence:  0.29E+01 at (61,37,1)
       Min divergence: -0.38E+01 at (60,29,1)
       Max VN number :  0.30E+00 at (60,36,1)
       Mesh    6
       Max CFL number:  0.87E+00 at (58,33,28)
       Max divergence:  0.24E+01 at (53,25,28)
       Min divergence: -0.30E+01 at (60,36,1)
       Max VN number :  0.34E+00 at (50,26,28)
       Mesh    7
       Max CFL number:  0.82E+00 at (58,31,6)
       Max divergence:  0.16E+01 at (61,28,1)
       Min divergence: -0.20E+01 at (60,36,1)
       Max VN number :  0.29E+00 at (57,1,18)
 
       Time Step    20400   September  3, 2026  07:01:03
       Step Size:  0.160E-02 s, Total Time:   41.61633 s
       Pressure Iterations: 4
       Maximum Velocity Error:  0.31E-03 on Mesh 7 at (59,64,21)
       Maximum Pressure Error:  0.80E+04 on Mesh 2 at (63,35,4)
       Maximum CFL Number    :  0.88E+00 on Mesh 5 at (58,32,20)
       Maximum VN Number     :  0.41E+00 on Mesh 2 at (61,31,6)
       ---------------------------------------------------------------
       Mesh    1
       Max CFL number:  0.21E+00 at (15,26,27)
       Max divergence:  0.43E+01 at (15,27,2)
       Min divergence: -0.22E+01 at (15,26,7)
       Max VN number :  0.59E-01 at (15,25,38)
       Mesh    2
       Max CFL number:  0.56E+00 at (61,33,24)
       Max divergence:  0.70E+02 at (63,35,5)
       Min divergence: -0.16E+02 at (63,30,5)
       Max VN number :  0.41E+00 at (61,31,6)
       Mesh    3
       Max CFL number:  0.80E+00 at (59,33,24)
       Max divergence:  0.65E+01 at (59,37,1)
       Min divergence: -0.89E+01 at (57,29,1)
       Max VN number :  0.35E+00 at (57,36,1)
       Mesh    4
       Max CFL number:  0.84E+00 at (58,33,28)
       Max divergence:  0.34E+01 at (59,37,1)
       Min divergence: -0.62E+01 at (57,29,1)
       Max VN number :  0.31E+00 at (57,36,1)
       Mesh    5
       Max CFL number:  0.88E+00 at (58,32,20)
       Max divergence:  0.30E+01 at (61,37,1)
       Min divergence: -0.39E+01 at (60,36,1)
       Max VN number :  0.30E+00 at (60,36,1)
       Mesh    6
       Max CFL number:  0.87E+00 at (58,33,28)
       Max divergence:  0.22E+01 at (53,25,28)
       Min divergence: -0.30E+01 at (60,29,1)
       Max VN number :  0.35E+00 at (50,40,28)
       Mesh    7
       Max CFL number:  0.82E+00 at (58,31,6)
       Max divergence:  0.16E+01 at (61,28,1)
       Min divergence: -0.21E+01 at (60,36,1)
       Max VN number :  0.29E+00 at (60,36,1)
 
       Time Step    20500   September  3, 2026  07:04:28
       Step Size:  0.160E-02 s, Total Time:   41.77683 s
       Pressure Iterations: 3
       Maximum Velocity Error:  0.50E-03 on Mesh 7 at (59,0,21)
       Maximum Pressure Error:  0.58E+04 on Mesh 2 at (63,30,5)
       Maximum CFL Number    :  0.88E+00 on Mesh 5 at (58,32,18)
       Maximum VN Number     :  0.41E+00 on Mesh 2 at (61,31,6)
       ---------------------------------------------------------------
       Mesh    1
       Max CFL number:  0.21E+00 at (15,26,27)
       Max divergence:  0.43E+01 at (15,27,2)
       Min divergence: -0.22E+01 at (15,26,7)
       Max VN number :  0.62E-01 at (13,37,38)
       Mesh    2
       Max CFL number:  0.56E+00 at (61,32,24)
       Max divergence:  0.11E+02 at (49,40,5)
       Min divergence: -0.30E+02 at (63,30,5)
       Max VN number :  0.41E+00 at (61,31,6)
       Mesh    3
       Max CFL number:  0.80E+00 at (59,32,24)
       Max divergence:  0.65E+01 at (59,37,1)
       Min divergence: -0.89E+01 at (57,36,1)
       Max VN number :  0.35E+00 at (57,29,1)
       Mesh    4
       Max CFL number:  0.84E+00 at (58,33,28)
       Max divergence:  0.35E+01 at (59,37,1)
       Min divergence: -0.63E+01 at (57,36,1)
       Max VN number :  0.31E+00 at (57,36,1)
       Mesh    5
       Max CFL number:  0.88E+00 at (58,32,18)
       Max divergence:  0.31E+01 at (61,28,1)
       Min divergence: -0.40E+01 at (60,36,1)
       Max VN number :  0.30E+00 at (60,36,1)
       Mesh    6
       Max CFL number:  0.86E+00 at (58,33,28)
       Max divergence:  0.24E+01 at (54,25,28)
       Min divergence: -0.31E+01 at (60,29,1)
       Max VN number :  0.36E+00 at (51,25,28)
       Mesh    7
       Max CFL number:  0.82E+00 at (58,31,7)
       Max divergence:  0.15E+01 at (61,28,1)
       Min divergence: -0.22E+01 at (60,36,1)
       Max VN number :  0.30E+00 at (57,64,17)
 
       Time Step    20600   September  3, 2026  07:07:53
       Step Size:  0.160E-02 s, Total Time:   41.93732 s
       Pressure Iterations: 4
       Maximum Velocity Error:  0.28E-03 on Mesh 2 at (58,30,4)
       Maximum Pressure Error:  0.21E+05 on Mesh 2 at (58,30,5)
       Maximum CFL Number    :  0.88E+00 on Mesh 5 at (58,33,28)
       Maximum VN Number     :  0.41E+00 on Mesh 2 at (61,34,6)
       ---------------------------------------------------------------
       Mesh    1
       Max CFL number:  0.21E+00 at (15,25,27)
       Max divergence:  0.43E+01 at (15,24,2)
       Min divergence: -0.22E+01 at (15,26,7)
       Max VN number :  0.64E-01 at (13,37,38)
       Mesh    2
       Max CFL number:  0.56E+00 at (61,33,24)
       Max divergence:  0.28E+02 at (58,30,5)
       Min divergence: -0.86E+01 at (58,35,5)
       Max VN number :  0.41E+00 at (61,34,6)
       Mesh    3
       Max CFL number:  0.80E+00 at (59,33,24)
       Max divergence:  0.65E+01 at (59,28,1)
       Min divergence: -0.88E+01 at (57,29,1)
       Max VN number :  0.35E+00 at (57,29,1)
       Mesh    4
       Max CFL number:  0.84E+00 at (58,32,28)
       Max divergence:  0.34E+01 at (59,28,1)
       Min divergence: -0.62E+01 at (57,29,1)
       Max VN number :  0.31E+00 at (57,36,1)
       Mesh    5
       Max CFL number:  0.88E+00 at (58,33,28)
       Max divergence:  0.30E+01 at (61,28,1)
       Min divergence: -0.41E+01 at (60,36,1)
       Max VN number :  0.32E+00 at (61,36,28)
       Mesh    6
       Max CFL number:  0.86E+00 at (58,33,28)
       Max divergence:  0.27E+01 at (60,36,28)
       Min divergence: -0.32E+01 at (60,29,1)
       Max VN number :  0.35E+00 at (51,25,28)
       Mesh    7
       Max CFL number:  0.82E+00 at (58,31,7)
       Max divergence:  0.15E+01 at (57,37,1)
       Min divergence: -0.23E+01 at (60,36,1)
       Max VN number :  0.29E+00 at (57,1,17)
 
       Time Step    20700   September  3, 2026  07:11:20
       Step Size:  0.160E-02 s, Total Time:   42.09781 s
       Pressure Iterations: 4
       Maximum Velocity Error:  0.28E-03 on Mesh 2 at (58,35,4)
       Maximum Pressure Error:  0.21E+05 on Mesh 2 at (58,35,5)
       Maximum CFL Number    :  0.88E+00 on Mesh 5 at (58,32,25)
       Maximum VN Number     :  0.41E+00 on Mesh 2 at (61,34,6)
       ---------------------------------------------------------------
       Mesh    1
       Max CFL number:  0.21E+00 at (15,25,27)
       Max divergence:  0.43E+01 at (15,24,2)
       Min divergence: -0.22E+01 at (15,25,7)
       Max VN number :  0.61E-01 at (13,37,38)
       Mesh    2
       Max CFL number:  0.56E+00 at (61,33,24)
       Max divergence:  0.28E+02 at (58,35,5)
       Min divergence: -0.16E+02 at (58,30,5)
       Max VN number :  0.41E+00 at (61,34,6)
       Mesh    3
       Max CFL number:  0.80E+00 at (59,33,24)
       Max divergence:  0.65E+01 at (59,37,1)
       Min divergence: -0.89E+01 at (57,36,1)
       Max VN number :  0.35E+00 at (57,29,1)
       Mesh    4
       Max CFL number:  0.85E+00 at (58,33,28)
       Max divergence:  0.34E+01 at (59,28,1)
       Min divergence: -0.62E+01 at (57,29,1)
       Max VN number :  0.31E+00 at (57,36,1)
       Mesh    5
       Max CFL number:  0.88E+00 at (58,32,25)
       Max divergence:  0.30E+01 at (61,28,1)
       Min divergence: -0.41E+01 at (64,29,1)
       Max VN number :  0.33E+00 at (61,36,28)
       Mesh    6
       Max CFL number:  0.85E+00 at (58,33,28)
       Max divergence:  0.28E+01 at (60,36,28)
       Min divergence: -0.32E+01 at (60,36,1)
       Max VN number :  0.35E+00 at (54,25,28)
       Mesh    7
       Max CFL number:  0.82E+00 at (58,31,7)
       Max divergence:  0.16E+01 at (57,37,1)
       Min divergence: -0.24E+01 at (60,36,1)
       Max VN number :  0.28E+00 at (60,36,1)
 
       Time Step    20800   September  3, 2026  07:14:45
       Step Size:  0.160E-02 s, Total Time:   42.25830 s
       Pressure Iterations: 4
       Maximum Velocity Error:  0.22E-03 on Mesh 7 at (58,64,21)
       Maximum Pressure Error:  0.81E+04 on Mesh 2 at (58,30,4)
       Maximum CFL Number    :  0.89E+00 on Mesh 5 at (58,33,28)
       Maximum VN Number     :  0.41E+00 on Mesh 2 at (61,34,6)
       ---------------------------------------------------------------
       Mesh    1
       Max CFL number:  0.21E+00 at (15,25,27)
       Max divergence:  0.43E+01 at (15,27,2)
       Min divergence: -0.22E+01 at (15,25,7)
       Max VN number :  0.58E-01 at (15,26,38)
       Mesh    2
       Max CFL number:  0.56E+00 at (61,32,24)
       Max divergence:  0.73E+02 at (58,30,5)
       Min divergence: -0.22E+02 at (63,35,5)
       Max VN number :  0.41E+00 at (61,34,6)
       Mesh    3
       Max CFL number:  0.80E+00 at (59,33,24)
       Max divergence:  0.65E+01 at (59,37,1)
       Min divergence: -0.88E+01 at (57,36,1)
       Max VN number :  0.35E+00 at (57,29,1)
       Mesh    4
       Max CFL number:  0.85E+00 at (58,33,28)
       Max divergence:  0.34E+01 at (59,28,1)
       Min divergence: -0.62E+01 at (57,36,1)
       Max VN number :  0.31E+00 at (64,36,1)
       Mesh    5
       Max CFL number:  0.89E+00 at (58,33,28)
       Max divergence:  0.29E+01 at (61,28,1)
       Min divergence: -0.41E+01 at (60,36,1)
       Max VN number :  0.32E+00 at (66,36,28)
       Mesh    6
       Max CFL number:  0.84E+00 at (58,34,28)
       Max divergence:  0.26E+01 at (60,29,28)
       Min divergence: -0.33E+01 at (60,36,1)
       Max VN number :  0.34E+00 at (54,25,28)
       Mesh    7
       Max CFL number:  0.83E+00 at (58,31,6)
       Max divergence:  0.16E+01 at (57,28,1)
       Min divergence: -0.23E+01 at (60,29,1)
       Max VN number :  0.28E+00 at (57,64,18)
 
       Time Step    20900   September  3, 2026  07:18:11
       Step Size:  0.160E-02 s, Total Time:   42.41880 s
       Pressure Iterations: 4
       Maximum Velocity Error:  0.29E-03 on Mesh 2 at (58,35,4)
       Maximum Pressure Error:  0.19E+05 on Mesh 2 at (58,35,5)
       Maximum CFL Number    :  0.89E+00 on Mesh 5 at (58,34,28)
       Maximum VN Number     :  0.41E+00 on Mesh 2 at (60,31,6)
       ---------------------------------------------------------------
       Mesh    1
       Max CFL number:  0.21E+00 at (15,25,27)
       Max divergence:  0.43E+01 at (15,27,2)
       Min divergence: -0.22E+01 at (15,26,7)
       Max VN number :  0.60E-01 at (13,36,38)
       Mesh    2
       Max CFL number:  0.56E+00 at (61,33,24)
       Max divergence:  0.71E+02 at (63,30,5)
       Min divergence: -0.22E+02 at (58,30,5)
       Max VN number :  0.41E+00 at (60,31,6)
       Mesh    3
       Max CFL number:  0.80E+00 at (59,33,24)
       Max divergence:  0.65E+01 at (59,37,1)
       Min divergence: -0.88E+01 at (57,36,1)
       Max VN number :  0.35E+00 at (57,29,1)
       Mesh    4
       Max CFL number:  0.85E+00 at (58,33,28)
       Max divergence:  0.34E+01 at (59,37,1)
       Min divergence: -0.62E+01 at (57,36,1)
       Max VN number :  0.31E+00 at (63,36,28)
       Mesh    5
       Max CFL number:  0.89E+00 at (58,34,28)
       Max divergence:  0.28E+01 at (61,28,1)
       Min divergence: -0.41E+01 at (60,29,1)
       Max VN number :  0.35E+00 at (64,38,28)
       Mesh    6
       Max CFL number:  0.85E+00 at (58,33,28)
       Max divergence:  0.30E+01 at (60,29,28)
       Min divergence: -0.33E+01 at (60,36,1)
       Max VN number :  0.33E+00 at (55,25,28)
       Mesh    7
       Max CFL number:  0.82E+00 at (58,32,5)
       Max divergence:  0.17E+01 at (57,28,1)
       Min divergence: -0.24E+01 at (60,29,1)
       Max VN number :  0.28E+00 at (60,36,1)
 
       Time Step    21000   September  3, 2026  07:21:38
       Step Size:  0.160E-02 s, Total Time:   42.57929 s
       Pressure Iterations: 4
       Maximum Velocity Error:  0.29E-03 on Mesh 7 at (58,0,21)
       Maximum Pressure Error:  0.81E+04 on Mesh 2 at (58,30,4)
       Maximum CFL Number    :  0.89E+00 on Mesh 5 at (58,34,28)
       Maximum VN Number     :  0.41E+00 on Mesh 2 at (60,34,6)
       ---------------------------------------------------------------
       Mesh    1
       Max CFL number:  0.21E+00 at (15,25,27)
       Max divergence:  0.43E+01 at (15,27,2)
       Min divergence: -0.22E+01 at (15,26,7)
       Max VN number :  0.59E-01 at (13,36,38)
       Mesh    2
       Max CFL number:  0.56E+00 at (61,32,24)
       Max divergence:  0.73E+02 at (58,30,5)
       Min divergence: -0.13E+02 at (58,35,5)
       Max VN number :  0.41E+00 at (60,34,6)
       Mesh    3
       Max CFL number:  0.79E+00 at (59,32,24)
       Max divergence:  0.65E+01 at (59,37,1)
       Min divergence: -0.88E+01 at (57,36,1)
       Max VN number :  0.35E+00 at (57,29,1)
       Mesh    4
       Max CFL number:  0.86E+00 at (58,32,28)
       Max divergence:  0.34E+01 at (58,37,1)
       Min divergence: -0.62E+01 at (57,36,1)
       Max VN number :  0.31E+00 at (64,36,1)
       Mesh    5
       Max CFL number:  0.89E+00 at (58,34,28)
       Max divergence:  0.31E+01 at (60,36,28)
       Min divergence: -0.41E+01 at (60,29,1)
       Max VN number :  0.36E+00 at (64,37,28)
       Mesh    6
       Max CFL number:  0.85E+00 at (58,33,28)
       Max divergence:  0.34E+01 at (58,36,28)
       Min divergence: -0.33E+01 at (60,36,1)
       Max VN number :  0.32E+00 at (54,25,28)
       Mesh    7
       Max CFL number:  0.82E+00 at (58,32,5)
       Max divergence:  0.17E+01 at (57,28,1)
       Min divergence: -0.24E+01 at (60,29,1)
       Max VN number :  0.28E+00 at (60,36,1)
 
       Time Step    21100   September  3, 2026  07:25:04
       Step Size:  0.160E-02 s, Total Time:   42.73978 s
       Pressure Iterations: 2
       Maximum Velocity Error:  0.28E-03 on Mesh 7 at (84,39,21)
       Maximum Pressure Error:  0.55E+03 on Mesh 2 at (57,33,5)
       Maximum CFL Number    :  0.89E+00 on Mesh 5 at (58,34,28)
       Maximum VN Number     :  0.41E+00 on Mesh 2 at (60,31,6)
       ---------------------------------------------------------------
       Mesh    1
       Max CFL number:  0.21E+00 at (15,25,30)
       Max divergence:  0.43E+01 at (15,27,2)
       Min divergence: -0.22E+01 at (15,26,7)
       Max VN number :  0.57E-01 at (15,26,38)
       Mesh    2
       Max CFL number:  0.56E+00 at (61,32,24)
       Max divergence:  0.11E+02 at (57,36,24)
       Min divergence: -0.13E+02 at (58,30,5)
       Max VN number :  0.41E+00 at (60,31,6)
       Mesh    3
       Max CFL number:  0.79E+00 at (59,32,24)
       Max divergence:  0.65E+01 at (59,37,1)
       Min divergence: -0.88E+01 at (57,36,1)
       Max VN number :  0.35E+00 at (57,36,1)
       Mesh    4
       Max CFL number:  0.86E+00 at (58,32,28)
       Max divergence:  0.34E+01 at (58,37,1)
       Min divergence: -0.62E+01 at (57,36,1)
       Max VN number :  0.32E+00 at (64,36,1)
       Mesh    5
       Max CFL number:  0.89E+00 at (58,34,28)
       Max divergence:  0.32E+01 at (59,29,28)
       Min divergence: -0.41E+01 at (60,29,1)
       Max VN number :  0.37E+00 at (64,37,28)
       Mesh    6
       Max CFL number:  0.86E+00 at (58,33,28)
       Max divergence:  0.32E+01 at (60,29,28)
       Min divergence: -0.34E+01 at (60,29,1)
       Max VN number :  0.32E+00 at (60,29,28)
       Mesh    7
       Max CFL number:  0.82E+00 at (58,33,5)
       Max divergence:  0.16E+01 at (57,28,1)
       Min divergence: -0.24E+01 at (60,29,1)
       Max VN number :  0.28E+00 at (60,29,1)
 
       Time Step    21200   September  3, 2026  07:28:30
       Step Size:  0.160E-02 s, Total Time:   42.90027 s
       Pressure Iterations: 2
       Maximum Velocity Error:  0.47E-03 on Mesh 2 at (63,35,4)
       Maximum Pressure Error:  0.17E+04 on Mesh 2 at (63,35,5)
       Maximum CFL Number    :  0.89E+00 on Mesh 5 at (58,34,28)
       Maximum VN Number     :  0.41E+00 on Mesh 2 at (60,31,6)
       ---------------------------------------------------------------
       Mesh    1
       Max CFL number:  0.21E+00 at (15,25,30)
       Max divergence:  0.43E+01 at (15,27,2)
       Min divergence: -0.22E+01 at (15,26,7)
       Max VN number :  0.57E-01 at (15,26,38)
       Mesh    2
       Max CFL number:  0.56E+00 at (61,33,24)
       Max divergence:  0.11E+02 at (57,36,24)
       Min divergence: -0.86E+01 at (58,35,5)
       Max VN number :  0.41E+00 at (60,31,6)
       Mesh    3
       Max CFL number:  0.79E+00 at (59,32,24)
       Max divergence:  0.65E+01 at (59,37,1)
       Min divergence: -0.88E+01 at (57,36,1)
       Max VN number :  0.35E+00 at (57,36,1)
       Mesh    4
       Max CFL number:  0.86E+00 at (58,32,28)
       Max divergence:  0.34E+01 at (58,37,1)
       Min divergence: -0.62E+01 at (57,36,1)
       Max VN number :  0.32E+00 at (64,36,1)
       Mesh    5
       Max CFL number:  0.89E+00 at (58,34,28)
       Max divergence:  0.30E+01 at (57,37,1)
       Min divergence: -0.42E+01 at (60,36,1)
       Max VN number :  0.36E+00 at (64,37,28)
       Mesh    6
       Max CFL number:  0.86E+00 at (58,33,28)
       Max divergence:  0.38E+01 at (59,36,28)
       Min divergence: -0.34E+01 at (60,29,1)
       Max VN number :  0.33E+00 at (60,29,28)
       Mesh    7
       Max CFL number:  0.82E+00 at (58,34,7)
       Max divergence:  0.16E+01 at (57,28,1)
       Min divergence: -0.24E+01 at (60,29,1)
       Max VN number :  0.28E+00 at (60,29,1)
 
       Time Step    21300   September  3, 2026  07:31:57
       Step Size:  0.160E-02 s, Total Time:   43.06076 s
       Pressure Iterations: 4
       Maximum Velocity Error:  0.28E-03 on Mesh 2 at (63,30,4)
       Maximum Pressure Error:  0.20E+05 on Mesh 2 at (63,30,5)
       Maximum CFL Number    :  0.89E+00 on Mesh 5 at (58,31,28)
       Maximum VN Number     :  0.41E+00 on Mesh 2 at (60,34,6)
       ---------------------------------------------------------------
       Mesh    1
       Max CFL number:  0.21E+00 at (15,25,32)
       Max divergence:  0.43E+01 at (15,27,2)
       Min divergence: -0.22E+01 at (15,26,7)
       Max VN number :  0.57E-01 at (15,26,38)
       Mesh    2
       Max CFL number:  0.56E+00 at (61,33,24)
       Max divergence:  0.27E+02 at (63,30,5)
       Min divergence: -0.86E+01 at (58,30,5)
       Max VN number :  0.41E+00 at (60,34,6)
       Mesh    3
       Max CFL number:  0.79E+00 at (59,32,24)
       Max divergence:  0.65E+01 at (59,37,1)
       Min divergence: -0.89E+01 at (57,36,1)
       Max VN number :  0.35E+00 at (57,36,1)
       Mesh    4
       Max CFL number:  0.86E+00 at (58,32,28)
       Max divergence:  0.34E+01 at (64,39,28)
       Min divergence: -0.62E+01 at (57,36,1)
       Max VN number :  0.33E+00 at (63,39,28)
       Mesh    5
       Max CFL number:  0.89E+00 at (58,31,28)
       Max divergence:  0.31E+01 at (57,37,1)
       Min divergence: -0.43E+01 at (60,36,1)
       Max VN number :  0.33E+00 at (64,28,28)
       Mesh    6
       Max CFL number:  0.87E+00 at (58,33,28)
       Max divergence:  0.33E+01 at (60,29,28)
       Min divergence: -0.34E+01 at (60,29,1)
       Max VN number :  0.33E+00 at (60,29,28)
       Mesh    7
       Max CFL number:  0.82E+00 at (58,34,6)
       Max divergence:  0.15E+01 at (57,28,1)
       Min divergence: -0.24E+01 at (60,29,1)
       Max VN number :  0.28E+00 at (60,36,1)
 
       Time Step    21400   September  3, 2026  07:35:23
       Step Size:  0.160E-02 s, Total Time:   43.22126 s
       Pressure Iterations: 2
       Maximum Velocity Error:  0.39E-03 on Mesh 7 at (43,48,21)
       Maximum Pressure Error:  0.12E+04 on Mesh 2 at (58,30,5)
       Maximum CFL Number    :  0.89E+00 on Mesh 5 at (58,31,28)
       Maximum VN Number     :  0.41E+00 on Mesh 2 at (60,31,6)
       ---------------------------------------------------------------
       Mesh    1
       Max CFL number:  0.21E+00 at (15,25,32)
       Max divergence:  0.43E+01 at (15,27,2)
       Min divergence: -0.22E+01 at (15,26,7)
       Max VN number :  0.57E-01 at (15,26,38)
       Mesh    2
       Max CFL number:  0.56E+00 at (61,33,24)
       Max divergence:  0.11E+02 at (57,36,24)
       Min divergence: -0.63E+01 at (58,35,5)
       Max VN number :  0.41E+00 at (60,31,6)
       Mesh    3
       Max CFL number:  0.79E+00 at (59,32,24)
       Max divergence:  0.65E+01 at (59,37,1)
       Min divergence: -0.89E+01 at (57,36,1)
       Max VN number :  0.35E+00 at (57,36,1)
       Mesh    4
       Max CFL number:  0.85E+00 at (58,33,28)
       Max divergence:  0.36E+01 at (64,39,28)
       Min divergence: -0.62E+01 at (57,36,1)
       Max VN number :  0.35E+00 at (63,39,28)
       Mesh    5
       Max CFL number:  0.89E+00 at (58,31,28)
       Max divergence:  0.30E+01 at (57,37,1)
       Min divergence: -0.42E+01 at (60,36,1)
       Max VN number :  0.29E+00 at (60,30,28)
       Mesh    6
       Max CFL number:  0.87E+00 at (58,32,28)
       Max divergence:  0.36E+01 at (59,29,28)
       Min divergence: -0.32E+01 at (60,29,1)
       Max VN number :  0.33E+00 at (60,29,28)
       Mesh    7
       Max CFL number:  0.82E+00 at (58,34,5)
       Max divergence:  0.14E+01 at (57,28,1)
       Min divergence: -0.23E+01 at (60,29,1)
       Max VN number :  0.28E+00 at (60,36,1)
 
       Time Step    21500   September  3, 2026  07:38:48
       Step Size:  0.160E-02 s, Total Time:   43.38175 s
       Pressure Iterations: 4
       Maximum Velocity Error:  0.28E-03 on Mesh 2 at (63,30,4)
       Maximum Pressure Error:  0.21E+05 on Mesh 2 at (63,30,5)
       Maximum CFL Number    :  0.89E+00 on Mesh 5 at (58,33,28)
       Maximum VN Number     :  0.41E+00 on Mesh 2 at (60,34,6)
       ---------------------------------------------------------------
       Mesh    1
       Max CFL number:  0.21E+00 at (15,25,31)
       Max divergence:  0.43E+01 at (15,27,2)
       Min divergence: -0.22E+01 at (15,25,7)
       Max VN number :  0.57E-01 at (15,26,38)
       Mesh    2
       Max CFL number:  0.56E+00 at (61,33,24)
       Max divergence:  0.27E+02 at (63,30,5)
       Min divergence: -0.63E+01 at (58,30,5)
       Max VN number :  0.41E+00 at (60,34,6)
       Mesh    3
       Max CFL number:  0.79E+00 at (59,32,24)
       Max divergence:  0.65E+01 at (59,37,1)
       Min divergence: -0.88E+01 at (57,36,1)
       Max VN number :  0.35E+00 at (57,36,1)
       Mesh    4
       Max CFL number:  0.85E+00 at (59,32,28)
       Max divergence:  0.37E+01 at (64,39,28)
       Min divergence: -0.62E+01 at (57,36,1)
       Max VN number :  0.36E+00 at (63,39,28)
       Mesh    5
       Max CFL number:  0.89E+00 at (58,33,28)
       Max divergence:  0.32E+01 at (59,36,28)
       Min divergence: -0.43E+01 at (60,29,1)
       Max VN number :  0.29E+00 at (60,36,1)
       Mesh    6
       Max CFL number:  0.88E+00 at (57,32,28)
       Max divergence:  0.29E+01 at (60,29,28)
       Min divergence: -0.31E+01 at (60,29,1)
       Max VN number :  0.31E+00 at (60,36,28)
       Mesh    7
       Max CFL number:  0.82E+00 at (58,31,6)
       Max divergence:  0.14E+01 at (52,28,1)
       Min divergence: -0.22E+01 at (60,29,1)
       Max VN number :  0.28E+00 at (60,36,1)
 
       Time Step    21600   September  3, 2026  07:42:15
       Step Size:  0.160E-02 s, Total Time:   43.54224 s
       Pressure Iterations: 2
       Maximum Velocity Error:  0.38E-03 on Mesh 7 at (45,49,21)
       Maximum Pressure Error:  0.23E+03 on Mesh 2 at (58,30,5)
       Maximum CFL Number    :  0.89E+00 on Mesh 5 at (58,33,28)
       Maximum VN Number     :  0.41E+00 on Mesh 2 at (61,31,6)
       ---------------------------------------------------------------
       Mesh    1
       Max CFL number:  0.21E+00 at (15,25,31)
       Max divergence:  0.43E+01 at (15,27,2)
       Min divergence: -0.22E+01 at (15,25,7)
       Max VN number :  0.58E-01 at (15,26,38)
       Mesh    2
       Max CFL number:  0.56E+00 at (61,33,24)
       Max divergence:  0.11E+02 at (57,36,24)
       Min divergence: -0.72E+01 at (63,30,5)
       Max VN number :  0.41E+00 at (61,31,6)
       Mesh    3
       Max CFL number:  0.79E+00 at (59,33,24)
       Max divergence:  0.65E+01 at (59,37,1)
       Min divergence: -0.89E+01 at (57,36,1)
       Max VN number :  0.35E+00 at (57,36,1)
       Mesh    4
       Max CFL number:  0.85E+00 at (59,33,28)
       Max divergence:  0.37E+01 at (64,39,28)
       Min divergence: -0.62E+01 at (57,36,1)
       Max VN number :  0.35E+00 at (63,39,28)
       Mesh    5
       Max CFL number:  0.89E+00 at (58,33,28)
       Max divergence:  0.39E+01 at (59,36,28)
       Min divergence: -0.41E+01 at (60,29,1)
       Max VN number :  0.29E+00 at (60,36,1)
       Mesh    6
       Max CFL number:  0.88E+00 at (57,33,28)
       Max divergence:  0.28E+01 at (60,29,28)
       Min divergence: -0.30E+01 at (60,29,1)
       Max VN number :  0.31E+00 at (66,33,28)
       Mesh    7
       Max CFL number:  0.82E+00 at (58,31,5)
       Max divergence:  0.15E+01 at (52,28,1)
       Min divergence: -0.21E+01 at (60,29,1)
       Max VN number :  0.28E+00 at (60,36,1)
 
       Time Step    21700   September  3, 2026  07:45:41
       Step Size:  0.160E-02 s, Total Time:   43.70273 s
       Pressure Iterations: 3
       Maximum Velocity Error:  0.33E-03 on Mesh 2 at (58,35,4)
       Maximum Pressure Error:  0.45E+04 on Mesh 2 at (58,35,5)
       Maximum CFL Number    :  0.89E+00 on Mesh 5 at (58,33,28)
       Maximum VN Number     :  0.41E+00 on Mesh 2 at (61,34,6)
       ---------------------------------------------------------------
       Mesh    1
       Max CFL number:  0.21E+00 at (15,26,31)
       Max divergence:  0.43E+01 at (15,27,2)
       Min divergence: -0.22E+01 at (15,25,7)
       Max VN number :  0.58E-01 at (15,26,38)
       Mesh    2
       Max CFL number:  0.56E+00 at (61,33,24)
       Max divergence:  0.11E+02 at (57,36,24)
       Min divergence: -0.22E+02 at (58,35,5)
       Max VN number :  0.41E+00 at (61,34,6)
       Mesh    3
       Max CFL number:  0.79E+00 at (59,33,24)
       Max divergence:  0.65E+01 at (59,37,1)
       Min divergence: -0.89E+01 at (57,36,1)
       Max VN number :  0.35E+00 at (57,36,1)
       Mesh    4
       Max CFL number:  0.85E+00 at (58,32,28)
       Max divergence:  0.37E+01 at (61,37,1)
       Min divergence: -0.62E+01 at (57,36,1)
       Max VN number :  0.34E+00 at (64,25,28)
       Mesh    5
       Max CFL number:  0.89E+00 at (58,33,28)
       Max divergence:  0.41E+01 at (59,36,28)
       Min divergence: -0.39E+01 at (60,29,1)
       Max VN number :  0.29E+00 at (60,36,28)
       Mesh    6
       Max CFL number:  0.88E+00 at (57,33,28)
       Max divergence:  0.27E+01 at (60,36,28)
       Min divergence: -0.29E+01 at (60,29,1)
       Max VN number :  0.32E+00 at (67,35,28)
       Mesh    7
       Max CFL number:  0.82E+00 at (58,31,6)
       Max divergence:  0.16E+01 at (52,28,1)
       Min divergence: -0.19E+01 at (49,29,1)
       Max VN number :  0.28E+00 at (60,36,1)
 
       Time Step    21800   September  3, 2026  07:49:07
       Step Size:  0.160E-02 s, Total Time:   43.86323 s
       Pressure Iterations: 4
       Maximum Velocity Error:  0.21E-03 on Mesh 2 at (58,35,4)
       Maximum Pressure Error:  0.83E+04 on Mesh 2 at (58,35,4)
       Maximum CFL Number    :  0.89E+00 on Mesh 5 at (58,32,28)
       Maximum VN Number     :  0.41E+00 on Mesh 2 at (60,31,6)
       ---------------------------------------------------------------
       Mesh    1
       Max CFL number:  0.21E+00 at (15,26,31)
       Max divergence:  0.43E+01 at (15,27,2)
       Min divergence: -0.22E+01 at (15,25,7)
       Max VN number :  0.59E-01 at (15,26,38)
       Mesh    2
       Max CFL number:  0.56E+00 at (61,33,24)
       Max divergence:  0.73E+02 at (58,35,5)
       Min divergence: -0.22E+02 at (58,30,5)
       Max VN number :  0.41E+00 at (60,31,6)
       Mesh    3
       Max CFL number:  0.79E+00 at (59,33,24)
       Max divergence:  0.65E+01 at (59,37,1)
       Min divergence: -0.88E+01 at (57,36,1)
       Max VN number :  0.35E+00 at (57,29,1)
       Mesh    4
       Max CFL number:  0.85E+00 at (58,32,28)
       Max divergence:  0.37E+01 at (61,37,1)
       Min divergence: -0.62E+01 at (57,36,1)
       Max VN number :  0.32E+00 at (64,29,1)
       Mesh    5
       Max CFL number:  0.89E+00 at (58,32,28)
       Max divergence:  0.40E+01 at (59,36,28)
       Min divergence: -0.39E+01 at (60,29,1)
       Max VN number :  0.29E+00 at (60,36,1)
       Mesh    6
       Max CFL number:  0.88E+00 at (57,33,28)
       Max divergence:  0.27E+01 at (60,36,28)
       Min divergence: -0.27E+01 at (60,29,1)
       Max VN number :  0.32E+00 at (67,35,28)
       Mesh    7
       Max CFL number:  0.82E+00 at (58,31,6)
       Max divergence:  0.16E+01 at (52,28,1)
       Min divergence: -0.20E+01 at (49,29,1)
       Max VN number :  0.29E+00 at (60,36,1)
 
       Time Step    21900   September  3, 2026  07:52:34
       Step Size:  0.160E-02 s, Total Time:   44.02372 s
       Pressure Iterations: 4
       Maximum Velocity Error:  0.21E-03 on Mesh 2 at (58,30,4)
       Maximum Pressure Error:  0.76E+04 on Mesh 2 at (58,30,4)
       Maximum CFL Number    :  0.89E+00 on Mesh 5 at (58,33,25)
       Maximum VN Number     :  0.41E+00 on Mesh 2 at (61,31,6)
       ---------------------------------------------------------------
       Mesh    1
       Max CFL number:  0.21E+00 at (15,26,31)
       Max divergence:  0.43E+01 at (15,27,2)
       Min divergence: -0.22E+01 at (15,25,7)
       Max VN number :  0.59E-01 at (15,26,38)
       Mesh    2
       Max CFL number:  0.56E+00 at (61,33,24)
       Max divergence:  0.73E+02 at (58,30,5)
       Min divergence: -0.30E+02 at (63,30,5)
       Max VN number :  0.41E+00 at (61,31,6)
       Mesh    3
       Max CFL number:  0.79E+00 at (59,33,24)
       Max divergence:  0.65E+01 at (60,37,1)
       Min divergence: -0.89E+01 at (57,36,1)
       Max VN number :  0.35E+00 at (57,29,1)
       Mesh    4
       Max CFL number:  0.85E+00 at (58,33,28)
       Max divergence:  0.38E+01 at (61,37,1)
       Min divergence: -0.62E+01 at (57,29,1)
       Max VN number :  0.32E+00 at (64,36,1)
       Mesh    5
       Max CFL number:  0.89E+00 at (58,33,25)
       Max divergence:  0.40E+01 at (60,29,28)
       Min divergence: -0.37E+01 at (60,36,1)
       Max VN number :  0.29E+00 at (67,30,28)
       Mesh    6
       Max CFL number:  0.88E+00 at (57,33,25)
       Max divergence:  0.23E+01 at (60,36,28)
       Min divergence: -0.26E+01 at (53,29,1)
       Max VN number :  0.32E+00 at (66,34,28)
       Mesh    7
       Max CFL number:  0.82E+00 at (58,31,6)
       Max divergence:  0.15E+01 at (52,37,1)
       Min divergence: -0.21E+01 at (49,29,1)
       Max VN number :  0.29E+00 at (60,36,1)
 
       Time Step    22000   September  3, 2026  07:56:00
       Step Size:  0.160E-02 s, Total Time:   44.18421 s
       Pressure Iterations: 3
       Maximum Velocity Error:  0.33E-03 on Mesh 2 at (63,30,4)
       Maximum Pressure Error:  0.43E+04 on Mesh 2 at (63,30,5)
       Maximum CFL Number    :  0.89E+00 on Mesh 5 at (58,33,25)
       Maximum VN Number     :  0.41E+00 on Mesh 2 at (61,31,6)
       ---------------------------------------------------------------
       Mesh    1
       Max CFL number:  0.21E+00 at (15,26,31)
       Max divergence:  0.43E+01 at (15,27,2)
       Min divergence: -0.22E+01 at (15,25,7)
       Max VN number :  0.60E-01 at (15,25,38)
       Mesh    2
       Max CFL number:  0.56E+00 at (61,33,24)
       Max divergence:  0.11E+02 at (57,36,24)
       Min divergence: -0.22E+02 at (63,30,5)
       Max VN number :  0.41E+00 at (61,31,6)
       Mesh    3
       Max CFL number:  0.79E+00 at (59,33,24)
       Max divergence:  0.65E+01 at (60,37,1)
       Min divergence: -0.88E+01 at (57,29,1)
       Max VN number :  0.35E+00 at (57,29,1)
       Mesh    4
       Max CFL number:  0.85E+00 at (58,32,28)
       Max divergence:  0.38E+01 at (61,37,1)
       Min divergence: -0.62E+01 at (57,29,1)
       Max VN number :  0.32E+00 at (64,36,1)
       Mesh    5
       Max CFL number:  0.89E+00 at (58,33,25)
       Max divergence:  0.39E+01 at (60,29,28)
       Min divergence: -0.37E+01 at (60,36,1)
       Max VN number :  0.29E+00 at (67,30,28)
       Mesh    6
       Max CFL number:  0.87E+00 at (58,33,25)
       Max divergence:  0.19E+01 at (67,36,28)
       Min divergence: -0.25E+01 at (60,29,1)
       Max VN number :  0.32E+00 at (53,25,28)
       Mesh    7
       Max CFL number:  0.82E+00 at (58,32,6)
       Max divergence:  0.14E+01 at (52,37,1)
       Min divergence: -0.21E+01 at (49,29,1)
       Max VN number :  0.29E+00 at (60,36,1)
 
       Time Step    22100   September  3, 2026  07:59:26
       Step Size:  0.160E-02 s, Total Time:   44.34470 s
       Pressure Iterations: 4
       Maximum Velocity Error:  0.38E-03 on Mesh 7 at (46,64,21)
       Maximum Pressure Error:  0.80E+04 on Mesh 2 at (63,35,4)
       Maximum CFL Number    :  0.88E+00 on Mesh 5 at (58,33,25)
       Maximum VN Number     :  0.41E+00 on Mesh 2 at (61,31,6)
       ---------------------------------------------------------------
       Mesh    1
       Max CFL number:  0.21E+00 at (15,26,31)
       Max divergence:  0.43E+01 at (15,27,2)
       Min divergence: -0.22E+01 at (15,25,7)
       Max VN number :  0.60E-01 at (15,25,38)
       Mesh    2
       Max CFL number:  0.56E+00 at (61,33,24)
       Max divergence:  0.71E+02 at (63,35,5)
       Min divergence: -0.10E+02 at (63,30,5)
       Max VN number :  0.41E+00 at (61,31,6)
       Mesh    3
       Max CFL number:  0.79E+00 at (59,33,24)
       Max divergence:  0.65E+01 at (60,37,1)
       Min divergence: -0.88E+01 at (57,29,1)
       Max VN number :  0.35E+00 at (57,29,1)
       Mesh    4
       Max CFL number:  0.85E+00 at (58,33,28)
       Max divergence:  0.37E+01 at (61,37,1)
       Min divergence: -0.61E+01 at (57,29,1)
       Max VN number :  0.32E+00 at (64,36,1)
       Mesh    5
       Max CFL number:  0.88E+00 at (58,33,25)
       Max divergence:  0.36E+01 at (60,29,28)
       Min divergence: -0.37E+01 at (60,36,1)
       Max VN number :  0.29E+00 at (64,29,28)
       Mesh    6
       Max CFL number:  0.87E+00 at (58,33,26)
       Max divergence:  0.18E+01 at (67,36,28)
       Min divergence: -0.24E+01 at (60,29,1)
       Max VN number :  0.33E+00 at (53,25,28)
       Mesh    7
       Max CFL number:  0.82E+00 at (58,32,5)
       Max divergence:  0.15E+01 at (52,37,1)
       Min divergence: -0.21E+01 at (49,36,1)
       Max VN number :  0.29E+00 at (60,36,1)
 
       Time Step    22200   September  3, 2026  08:02:53
       Step Size:  0.160E-02 s, Total Time:   44.50519 s
       Pressure Iterations: 4
       Maximum Velocity Error:  0.39E-03 on Mesh 7 at (47,0,21)
       Maximum Pressure Error:  0.81E+04 on Mesh 2 at (58,30,4)
       Maximum CFL Number    :  0.88E+00 on Mesh 5 at (58,33,25)
       Maximum VN Number     :  0.41E+00 on Mesh 2 at (61,31,6)
       ---------------------------------------------------------------
       Mesh    1
       Max CFL number:  0.21E+00 at (15,26,31)
       Max divergence:  0.43E+01 at (15,27,2)
       Min divergence: -0.22E+01 at (15,26,7)
       Max VN number :  0.60E-01 at (15,25,38)
       Mesh    2
       Max CFL number:  0.56E+00 at (61,33,24)
       Max divergence:  0.72E+02 at (58,30,5)
       Min divergence: -0.13E+02 at (63,30,5)
       Max VN number :  0.41E+00 at (61,31,6)
       Mesh    3
       Max CFL number:  0.79E+00 at (59,33,24)
       Max divergence:  0.65E+01 at (60,37,1)
       Min divergence: -0.89E+01 at (57,29,1)
       Max VN number :  0.35E+00 at (57,29,1)
       Mesh    4
       Max CFL number:  0.85E+00 at (58,33,28)
       Max divergence:  0.37E+01 at (61,28,1)
       Min divergence: -0.61E+01 at (57,29,1)
       Max VN number :  0.32E+00 at (64,29,1)
       Mesh    5
       Max CFL number:  0.88E+00 at (58,33,25)
       Max divergence:  0.32E+01 at (60,29,28)
       Min divergence: -0.37E+01 at (60,36,1)
       Max VN number :  0.31E+00 at (64,29,28)
       Mesh    6
       Max CFL number:  0.87E+00 at (58,33,22)
       Max divergence:  0.18E+01 at (53,27,28)
       Min divergence: -0.24E+01 at (60,29,1)
       Max VN number :  0.32E+00 at (53,25,28)
       Mesh    7
       Max CFL number:  0.83E+00 at (58,33,6)
       Max divergence:  0.15E+01 at (52,37,1)
       Min divergence: -0.21E+01 at (49,29,1)
       Max VN number :  0.29E+00 at (60,36,1)
 
       Time Step    22300   September  3, 2026  08:06:19
       Step Size:  0.160E-02 s, Total Time:   44.66569 s
       Pressure Iterations: 3
       Maximum Velocity Error:  0.54E-03 on Mesh 7 at (49,0,21)
       Maximum Pressure Error:  0.59E+04 on Mesh 2 at (63,30,5)
       Maximum CFL Number    :  0.88E+00 on Mesh 5 at (58,32,25)
       Maximum VN Number     :  0.41E+00 on Mesh 2 at (61,31,6)
       ---------------------------------------------------------------
       Mesh    1
       Max CFL number:  0.21E+00 at (15,26,31)
       Max divergence:  0.43E+01 at (15,27,2)
       Min divergence: -0.22E+01 at (15,26,7)
       Max VN number :  0.60E-01 at (15,26,38)
       Mesh    2
       Max CFL number:  0.56E+00 at (61,33,24)
       Max divergence:  0.11E+02 at (57,36,24)
       Min divergence: -0.30E+02 at (63,30,5)
       Max VN number :  0.41E+00 at (61,31,6)
       Mesh    3
       Max CFL number:  0.79E+00 at (59,33,24)
       Max divergence:  0.65E+01 at (60,37,1)
       Min divergence: -0.88E+01 at (57,29,1)
       Max VN number :  0.35E+00 at (57,36,1)
       Mesh    4
       Max CFL number:  0.85E+00 at (58,33,28)
       Max divergence:  0.37E+01 at (61,28,1)
       Min divergence: -0.62E+01 at (57,29,1)
       Max VN number :  0.32E+00 at (64,29,1)
       Mesh    5
       Max CFL number:  0.88E+00 at (58,32,25)
       Max divergence:  0.27E+01 at (60,29,28)
       Min divergence: -0.36E+01 at (60,36,1)
       Max VN number :  0.31E+00 at (64,29,28)
       Mesh    6
       Max CFL number:  0.87E+00 at (58,33,22)
       Max divergence:  0.20E+01 at (60,25,28)
       Min divergence: -0.25E+01 at (60,29,1)
       Max VN number :  0.31E+00 at (53,40,28)
       Mesh    7
       Max CFL number:  0.83E+00 at (58,34,6)
       Max divergence:  0.14E+01 at (52,28,1)
       Min divergence: -0.19E+01 at (53,36,1)
       Max VN number :  0.29E+00 at (60,29,1)
 
       Time Step    22400   September  3, 2026  08:09:45
       Step Size:  0.160E-02 s, Total Time:   44.82618 s
       Pressure Iterations: 2
       Maximum Velocity Error:  0.62E-03 on Mesh 7 at (50,0,21)
       Maximum Pressure Error:  0.64E+03 on Mesh 2 at (63,30,5)
       Maximum CFL Number    :  0.89E+00 on Mesh 5 at (58,32,25)
       Maximum VN Number     :  0.41E+00 on Mesh 2 at (61,34,6)
       ---------------------------------------------------------------
       Mesh    1
       Max CFL number:  0.21E+00 at (15,25,31)
       Max divergence:  0.43E+01 at (15,27,2)
       Min divergence: -0.22E+01 at (15,26,7)
       Max VN number :  0.60E-01 at (15,26,38)
       Mesh    2
       Max CFL number:  0.56E+00 at (61,33,24)
       Max divergence:  0.11E+02 at (57,36,24)
       Min divergence: -0.16E+02 at (63,35,5)
       Max VN number :  0.41E+00 at (61,34,6)
       Mesh    3
       Max CFL number:  0.79E+00 at (59,32,24)
       Max divergence:  0.65E+01 at (60,37,1)
       Min divergence: -0.88E+01 at (57,36,1)
       Max VN number :  0.35E+00 at (57,36,1)
       Mesh    4
       Max CFL number:  0.85E+00 at (58,33,28)
       Max divergence:  0.36E+01 at (58,37,1)
       Min divergence: -0.61E+01 at (57,36,1)
       Max VN number :  0.31E+00 at (64,29,1)
       Mesh    5
       Max CFL number:  0.89E+00 at (58,32,25)
       Max divergence:  0.25E+01 at (56,37,1)
       Min divergence: -0.36E+01 at (60,36,1)
       Max VN number :  0.31E+00 at (64,29,28)
       Mesh    6
       Max CFL number:  0.86E+00 at (58,33,23)
       Max divergence:  0.21E+01 at (60,25,28)
       Min divergence: -0.25E+01 at (60,29,1)
       Max VN number :  0.30E+00 at (60,29,28)
       Mesh    7
       Max CFL number:  0.83E+00 at (58,34,6)
       Max divergence:  0.14E+01 at (52,28,1)
       Min divergence: -0.19E+01 at (53,36,1)
       Max VN number :  0.30E+00 at (60,29,1)
 
       Time Step    22500   September  3, 2026  08:13:13
       Step Size:  0.160E-02 s, Total Time:   44.98667 s
       Pressure Iterations: 3
       Maximum Velocity Error:  0.36E-03 on Mesh 7 at (51,0,21)
       Maximum Pressure Error:  0.56E+04 on Mesh 2 at (63,35,5)
       Maximum CFL Number    :  0.89E+00 on Mesh 5 at (58,32,26)
       Maximum VN Number     :  0.41E+00 on Mesh 2 at (61,34,6)
       ---------------------------------------------------------------
       Mesh    1
       Max CFL number:  0.21E+00 at (15,26,23)
       Max divergence:  0.43E+01 at (15,27,2)
       Min divergence: -0.22E+01 at (15,26,7)
       Max VN number :  0.60E-01 at (15,26,38)
       Mesh    2
       Max CFL number:  0.56E+00 at (61,33,24)
       Max divergence:  0.11E+02 at (57,36,24)
       Min divergence: -0.30E+02 at (63,35,5)
       Max VN number :  0.41E+00 at (61,34,6)
       Mesh    3
       Max CFL number:  0.80E+00 at (59,32,24)
       Max divergence:  0.65E+01 at (60,37,1)
       Min divergence: -0.88E+01 at (57,36,1)
       Max VN number :  0.35E+00 at (57,36,1)
       Mesh    4
       Max CFL number:  0.85E+00 at (58,33,28)
       Max divergence:  0.37E+01 at (58,37,1)
       Min divergence: -0.63E+01 at (57,36,1)
       Max VN number :  0.32E+00 at (64,29,1)
       Mesh    5
       Max CFL number:  0.89E+00 at (58,32,26)
       Max divergence:  0.25E+01 at (56,37,1)
       Min divergence: -0.36E+01 at (60,36,1)
       Max VN number :  0.31E+00 at (64,29,28)
       Mesh    6
       Max CFL number:  0.86E+00 at (58,33,23)
       Max divergence:  0.20E+01 at (60,26,28)
       Min divergence: -0.25E+01 at (60,29,1)
       Max VN number :  0.32E+00 at (60,29,28)
       Mesh    7
       Max CFL number:  0.84E+00 at (58,34,6)
       Max divergence:  0.13E+01 at (61,28,1)
       Min divergence: -0.20E+01 at (53,36,1)
       Max VN number :  0.30E+00 at (60,29,1)
 
       Time Step    22600   September  3, 2026  08:16:41
       Step Size:  0.160E-02 s, Total Time:   45.14716 s
       Pressure Iterations: 4
       Maximum Velocity Error:  0.28E-03 on Mesh 2 at (63,30,4)
       Maximum Pressure Error:  0.21E+05 on Mesh 2 at (63,30,5)
       Maximum CFL Number    :  0.90E+00 on Mesh 5 at (58,32,26)
       Maximum VN Number     :  0.41E+00 on Mesh 2 at (61,34,6)
       ---------------------------------------------------------------
       Mesh    1
       Max CFL number:  0.21E+00 at (15,25,23)
       Max divergence:  0.43E+01 at (15,27,2)
       Min divergence: -0.22E+01 at (15,26,7)
       Max VN number :  0.61E-01 at (15,26,38)
       Mesh    2
       Max CFL number:  0.56E+00 at (61,33,24)
       Max divergence:  0.28E+02 at (63,30,5)
       Min divergence: -0.30E+02 at (58,35,5)
       Max VN number :  0.41E+00 at (61,34,6)
       Mesh    3
       Max CFL number:  0.80E+00 at (59,32,24)
       Max divergence:  0.66E+01 at (60,37,1)
       Min divergence: -0.88E+01 at (57,36,1)
       Max VN number :  0.35E+00 at (57,36,1)
       Mesh    4
       Max CFL number:  0.85E+00 at (58,32,28)
       Max divergence:  0.36E+01 at (58,37,1)
       Min divergence: -0.63E+01 at (57,36,1)
       Max VN number :  0.31E+00 at (57,36,1)
       Mesh    5
       Max CFL number:  0.90E+00 at (58,32,26)
       Max divergence:  0.25E+01 at (56,37,1)
       Min divergence: -0.36E+01 at (60,36,1)
       Max VN number :  0.31E+00 at (64,29,28)
       Mesh    6
       Max CFL number:  0.86E+00 at (58,33,23)
       Max divergence:  0.21E+01 at (60,27,28)
       Min divergence: -0.25E+01 at (60,29,1)
       Max VN number :  0.34E+00 at (60,29,28)
       Mesh    7
       Max CFL number:  0.84E+00 at (58,34,5)
       Max divergence:  0.13E+01 at (61,28,1)
       Min divergence: -0.20E+01 at (53,36,1)
       Max VN number :  0.30E+00 at (60,29,1)
 
       Time Step    22700   September  3, 2026  08:20:08
       Step Size:  0.160E-02 s, Total Time:   45.30766 s
       Pressure Iterations: 3
       Maximum Velocity Error:  0.31E-03 on Mesh 2 at (58,30,4)
       Maximum Pressure Error:  0.58E+04 on Mesh 2 at (58,30,5)
       Maximum CFL Number    :  0.90E+00 on Mesh 5 at (58,32,24)
       Maximum VN Number     :  0.41E+00 on Mesh 2 at (61,34,6)
       ---------------------------------------------------------------
       Mesh    1
       Max CFL number:  0.21E+00 at (15,26,34)
       Max divergence:  0.43E+01 at (15,27,2)
       Min divergence: -0.22E+01 at (15,26,7)
       Max VN number :  0.61E-01 at (15,26,38)
       Mesh    2
       Max CFL number:  0.56E+00 at (61,33,24)
       Max divergence:  0.11E+02 at (57,36,24)
       Min divergence: -0.30E+02 at (58,30,5)
       Max VN number :  0.41E+00 at (61,34,6)
       Mesh    3
       Max CFL number:  0.80E+00 at (59,32,24)
       Max divergence:  0.65E+01 at (60,37,1)
       Min divergence: -0.89E+01 at (57,36,1)
       Max VN number :  0.35E+00 at (57,36,1)
       Mesh    4
       Max CFL number:  0.85E+00 at (58,32,28)
       Max divergence:  0.36E+01 at (59,37,1)
       Min divergence: -0.62E+01 at (57,36,1)
       Max VN number :  0.31E+00 at (57,36,1)
       Mesh    5
       Max CFL number:  0.90E+00 at (58,32,24)
       Max divergence:  0.26E+01 at (56,37,1)
       Min divergence: -0.36E+01 at (60,36,1)
       Max VN number :  0.31E+00 at (64,29,1)
       Mesh    6
       Max CFL number:  0.85E+00 at (58,33,23)
       Max divergence:  0.29E+01 at (60,30,28)
       Min divergence: -0.25E+01 at (60,29,1)
       Max VN number :  0.34E+00 at (60,29,28)
       Mesh    7
       Max CFL number:  0.84E+00 at (58,34,5)
       Max divergence:  0.13E+01 at (61,28,1)
       Min divergence: -0.19E+01 at (53,36,1)
       Max VN number :  0.29E+00 at (60,29,1)
 
       Time Step    22800   September  3, 2026  08:23:36
       Step Size:  0.160E-02 s, Total Time:   45.46815 s
       Pressure Iterations: 4
       Maximum Velocity Error:  0.28E-03 on Mesh 2 at (63,35,4)
       Maximum Pressure Error:  0.21E+05 on Mesh 2 at (63,35,5)
       Maximum CFL Number    :  0.90E+00 on Mesh 5 at (58,32,24)
       Maximum VN Number     :  0.41E+00 on Mesh 2 at (60,31,6)
       ---------------------------------------------------------------
       Mesh    1
       Max CFL number:  0.21E+00 at (15,26,33)
       Max divergence:  0.43E+01 at (15,27,2)
       Min divergence: -0.22E+01 at (15,26,7)
       Max VN number :  0.61E-01 at (15,26,38)
       Mesh    2
       Max CFL number:  0.56E+00 at (61,33,24)
       Max divergence:  0.28E+02 at (63,35,5)
       Min divergence: -0.62E+01 at (63,30,5)
       Max VN number :  0.41E+00 at (60,31,6)
       Mesh    3
       Max CFL number:  0.80E+00 at (59,32,24)
       Max divergence:  0.66E+01 at (60,37,1)
       Min divergence: -0.89E+01 at (57,36,1)
       Max VN number :  0.35E+00 at (57,36,1)
       Mesh    4
       Max CFL number:  0.84E+00 at (58,33,28)
       Max divergence:  0.37E+01 at (59,37,1)
       Min divergence: -0.64E+01 at (57,36,1)
       Max VN number :  0.32E+00 at (57,36,1)
       Mesh    5
       Max CFL number:  0.90E+00 at (58,32,24)
       Max divergence:  0.25E+01 at (56,37,1)
       Min divergence: -0.36E+01 at (60,36,1)
       Max VN number :  0.31E+00 at (64,29,1)
       Mesh    6
       Max CFL number:  0.85E+00 at (58,33,22)
       Max divergence:  0.26E+01 at (60,30,28)
       Min divergence: -0.25E+01 at (60,29,1)
       Max VN number :  0.32E+00 at (60,29,28)
       Mesh    7
       Max CFL number:  0.84E+00 at (58,34,6)
       Max divergence:  0.14E+01 at (61,28,1)
       Min divergence: -0.18E+01 at (53,29,1)
       Max VN number :  0.29E+00 at (60,29,1)
 
       Time Step    22900   September  3, 2026  08:27:04
       Step Size:  0.160E-02 s, Total Time:   45.62864 s
       Pressure Iterations: 4
       Maximum Velocity Error:  0.28E-03 on Mesh 2 at (58,35,4)
       Maximum Pressure Error:  0.21E+05 on Mesh 2 at (58,35,5)
       Maximum CFL Number    :  0.90E+00 on Mesh 5 at (58,32,24)
       Maximum VN Number     :  0.41E+00 on Mesh 2 at (61,31,6)
       ---------------------------------------------------------------
       Mesh    1
       Max CFL number:  0.21E+00 at (15,26,33)
       Max divergence:  0.43E+01 at (15,27,2)
       Min divergence: -0.22E+01 at (15,26,7)
       Max VN number :  0.61E-01 at (15,26,38)
       Mesh    2
       Max CFL number:  0.56E+00 at (61,33,24)
       Max divergence:  0.27E+02 at (58,35,5)
       Min divergence: -0.16E+02 at (63,30,5)
       Max VN number :  0.41E+00 at (61,31,6)
       Mesh    3
       Max CFL number:  0.80E+00 at (59,32,24)
       Max divergence:  0.66E+01 at (60,37,1)
       Min divergence: -0.88E+01 at (57,36,1)
       Max VN number :  0.35E+00 at (57,36,1)
       Mesh    4
       Max CFL number:  0.84E+00 at (58,33,28)
       Max divergence:  0.36E+01 at (59,37,1)
       Min divergence: -0.63E+01 at (57,36,1)
       Max VN number :  0.31E+00 at (57,36,1)
       Mesh    5
       Max CFL number:  0.90E+00 at (58,32,24)
       Max divergence:  0.24E+01 at (56,37,1)
       Min divergence: -0.36E+01 at (60,36,1)
       Max VN number :  0.30E+00 at (64,29,1)
       Mesh    6
       Max CFL number:  0.86E+00 at (58,33,22)
       Max divergence:  0.24E+01 at (53,40,28)
       Min divergence: -0.25E+01 at (60,29,1)
       Max VN number :  0.31E+00 at (53,40,28)
       Mesh    7
       Max CFL number:  0.84E+00 at (58,34,5)
       Max divergence:  0.14E+01 at (61,28,1)
       Min divergence: -0.19E+01 at (53,29,1)
       Max VN number :  0.29E+00 at (60,29,1)
 
       Time Step    23000   September  3, 2026  08:30:31
       Step Size:  0.160E-02 s, Total Time:   45.78913 s
       Pressure Iterations: 4
       Maximum Velocity Error:  0.28E-03 on Mesh 2 at (58,30,4)
       Maximum Pressure Error:  0.21E+05 on Mesh 2 at (58,30,5)
       Maximum CFL Number    :  0.90E+00 on Mesh 5 at (58,32,22)
       Maximum VN Number     :  0.41E+00 on Mesh 2 at (61,34,6)
       ---------------------------------------------------------------
       Mesh    1
       Max CFL number:  0.21E+00 at (15,26,33)
       Max divergence:  0.43E+01 at (15,27,2)
       Min divergence: -0.21E+01 at (15,26,7)
       Max VN number :  0.61E-01 at (15,26,38)
       Mesh    2
       Max CFL number:  0.56E+00 at (61,33,24)
       Max divergence:  0.27E+02 at (58,30,5)
       Min divergence: -0.30E+02 at (63,35,5)
       Max VN number :  0.41E+00 at (61,34,6)
       Mesh    3
       Max CFL number:  0.80E+00 at (59,33,24)
       Max divergence:  0.66E+01 at (60,28,1)
       Min divergence: -0.89E+01 at (57,36,1)
       Max VN number :  0.35E+00 at (57,36,1)
       Mesh    4
       Max CFL number:  0.84E+00 at (58,33,28)
       Max divergence:  0.36E+01 at (59,37,1)
       Min divergence: -0.63E+01 at (57,36,1)
       Max VN number :  0.31E+00 at (57,29,1)
       Mesh    5
       Max CFL number:  0.90E+00 at (58,32,22)
       Max divergence:  0.23E+01 at (56,37,1)
       Min divergence: -0.36E+01 at (60,36,1)
       Max VN number :  0.31E+00 at (64,29,1)
       Mesh    6
       Max CFL number:  0.86E+00 at (58,33,21)
       Max divergence:  0.25E+01 at (53,25,28)
       Min divergence: -0.25E+01 at (60,29,1)
       Max VN number :  0.31E+00 at (53,40,28)
       Mesh    7
       Max CFL number:  0.83E+00 at (58,34,5)
       Max divergence:  0.15E+01 at (61,28,1)
       Min divergence: -0.20E+01 at (60,25,1)
       Max VN number :  0.28E+00 at (60,29,1)
 
       Time Step    23100   September  3, 2026  08:33:59
       Step Size:  0.160E-02 s, Total Time:   45.94962 s
       Pressure Iterations: 2
       Maximum Velocity Error:  0.50E-03 on Mesh 7 at (52,15,21)
       Maximum Pressure Error:  0.62E+03 on Mesh 2 at (57,32,5)
       Maximum CFL Number    :  0.90E+00 on Mesh 5 at (58,32,22)
       Maximum VN Number     :  0.41E+00 on Mesh 2 at (61,31,6)
       ---------------------------------------------------------------
       Mesh    1
       Max CFL number:  0.21E+00 at (15,26,33)
       Max divergence:  0.43E+01 at (15,27,2)
       Min divergence: -0.21E+01 at (15,25,7)
       Max VN number :  0.60E-01 at (15,26,38)
       Mesh    2
       Max CFL number:  0.56E+00 at (61,33,24)
       Max divergence:  0.11E+02 at (49,40,5)
       Min divergence: -0.56E+01 at (58,35,5)
       Max VN number :  0.41E+00 at (61,31,6)
       Mesh    3
       Max CFL number:  0.80E+00 at (59,33,24)
       Max divergence:  0.66E+01 at (60,28,1)
       Min divergence: -0.89E+01 at (57,36,1)
       Max VN number :  0.35E+00 at (57,36,1)
       Mesh    4
       Max CFL number:  0.84E+00 at (58,33,28)
       Max divergence:  0.36E+01 at (59,37,1)
       Min divergence: -0.64E+01 at (57,36,1)
       Max VN number :  0.31E+00 at (57,29,1)
       Mesh    5
       Max CFL number:  0.90E+00 at (58,32,22)
       Max divergence:  0.24E+01 at (61,37,1)
       Min divergence: -0.36E+01 at (60,36,1)
       Max VN number :  0.30E+00 at (64,29,1)
       Mesh    6
       Max CFL number:  0.86E+00 at (58,33,21)
       Max divergence:  0.24E+01 at (53,40,28)
       Min divergence: -0.25E+01 at (60,29,1)
       Max VN number :  0.32E+00 at (54,40,28)
       Mesh    7
       Max CFL number:  0.83E+00 at (58,34,5)
       Max divergence:  0.14E+01 at (61,28,1)
       Min divergence: -0.21E+01 at (60,25,1)
       Max VN number :  0.28E+00 at (60,40,1)
 
       Time Step    23200   September  3, 2026  08:37:27
       Step Size:  0.160E-02 s, Total Time:   46.11012 s
       Pressure Iterations: 4
       Maximum Velocity Error:  0.21E-03 on Mesh 2 at (58,35,4)
       Maximum Pressure Error:  0.78E+04 on Mesh 2 at (58,35,4)
       Maximum CFL Number    :  0.89E+00 on Mesh 5 at (58,32,20)
       Maximum VN Number     :  0.41E+00 on Mesh 2 at (61,34,6)
       ---------------------------------------------------------------
       Mesh    1
       Max CFL number:  0.21E+00 at (15,26,34)
       Max divergence:  0.43E+01 at (15,27,2)
       Min divergence: -0.22E+01 at (15,25,7)
       Max VN number :  0.60E-01 at (15,26,38)
       Mesh    2
       Max CFL number:  0.56E+00 at (61,32,24)
       Max divergence:  0.70E+02 at (58,35,5)
       Min divergence: -0.30E+02 at (63,30,5)
       Max VN number :  0.41E+00 at (61,34,6)
       Mesh    3
       Max CFL number:  0.80E+00 at (59,33,24)
       Max divergence:  0.66E+01 at (60,37,1)
       Min divergence: -0.88E+01 at (57,36,1)
       Max VN number :  0.35E+00 at (57,36,1)
       Mesh    4
       Max CFL number:  0.84E+00 at (58,33,28)
       Max divergence:  0.36E+01 at (59,37,1)
       Min divergence: -0.63E+01 at (57,36,1)
       Max VN number :  0.31E+00 at (57,29,1)
       Mesh    5
       Max CFL number:  0.89E+00 at (58,32,20)
       Max divergence:  0.25E+01 at (61,37,1)
       Min divergence: -0.37E+01 at (60,36,1)
       Max VN number :  0.30E+00 at (64,29,1)
       Mesh    6
       Max CFL number:  0.86E+00 at (58,33,21)
       Max divergence:  0.24E+01 at (53,40,28)
       Min divergence: -0.26E+01 at (60,36,1)
       Max VN number :  0.32E+00 at (53,38,28)
       Mesh    7
       Max CFL number:  0.83E+00 at (58,34,6)
       Max divergence:  0.14E+01 at (61,28,1)
       Min divergence: -0.21E+01 at (60,25,1)
       Max VN number :  0.28E+00 at (60,40,1)
 
       Time Step    23300   September  3, 2026  08:40:53
       Step Size:  0.160E-02 s, Total Time:   46.27061 s
       Pressure Iterations: 4
       Maximum Velocity Error:  0.28E-03 on Mesh 2 at (63,35,4)
       Maximum Pressure Error:  0.21E+05 on Mesh 2 at (63,35,5)
       Maximum CFL Number    :  0.88E+00 on Mesh 5 at (58,32,19)
       Maximum VN Number     :  0.41E+00 on Mesh 2 at (61,31,6)
       ---------------------------------------------------------------
       Mesh    1
       Max CFL number:  0.21E+00 at (15,26,32)
       Max divergence:  0.43E+01 at (15,27,2)
       Min divergence: -0.21E+01 at (15,25,7)
       Max VN number :  0.60E-01 at (15,26,38)
       Mesh    2
       Max CFL number:  0.56E+00 at (61,32,24)
       Max divergence:  0.28E+02 at (63,35,5)
       Min divergence: -0.51E+01 at (61,33,8)
       Max VN number :  0.41E+00 at (61,31,6)
       Mesh    3
       Max CFL number:  0.80E+00 at (59,33,24)
       Max divergence:  0.66E+01 at (60,37,1)
       Min divergence: -0.89E+01 at (57,36,1)
       Max VN number :  0.35E+00 at (57,29,1)
       Mesh    4
       Max CFL number:  0.84E+00 at (59,32,28)
       Max divergence:  0.36E+01 at (59,37,1)
       Min divergence: -0.63E+01 at (57,36,1)
       Max VN number :  0.31E+00 at (57,29,1)
       Mesh    5
       Max CFL number:  0.88E+00 at (58,32,19)
       Max divergence:  0.27E+01 at (61,37,1)
       Min divergence: -0.37E+01 at (60,36,1)
       Max VN number :  0.31E+00 at (64,29,1)
       Mesh    6
       Max CFL number:  0.86E+00 at (58,33,22)
       Max divergence:  0.23E+01 at (53,40,28)
       Min divergence: -0.26E+01 at (60,36,1)
       Max VN number :  0.33E+00 at (53,39,28)
       Mesh    7
       Max CFL number:  0.83E+00 at (58,34,6)
       Max divergence:  0.14E+01 at (61,28,1)
       Min divergence: -0.20E+01 at (60,25,1)
       Max VN number :  0.27E+00 at (60,36,1)
 
       Time Step    23400   September  3, 2026  08:44:20
       Step Size:  0.160E-02 s, Total Time:   46.43110 s
       Pressure Iterations: 3
       Maximum Velocity Error:  0.30E-03 on Mesh 2 at (58,35,4)
       Maximum Pressure Error:  0.56E+04 on Mesh 2 at (58,35,5)
       Maximum CFL Number    :  0.88E+00 on Mesh 5 at (58,32,19)
       Maximum VN Number     :  0.41E+00 on Mesh 2 at (61,31,6)
       ---------------------------------------------------------------
       Mesh    1
       Max CFL number:  0.21E+00 at (15,26,29)
       Max divergence:  0.43E+01 at (15,27,2)
       Min divergence: -0.21E+01 at (15,26,7)
       Max VN number :  0.59E-01 at (15,26,38)
       Mesh    2
       Max CFL number:  0.56E+00 at (61,32,24)
       Max divergence:  0.11E+02 at (49,40,5)
       Min divergence: -0.30E+02 at (58,35,5)
       Max VN number :  0.41E+00 at (61,31,6)
       Mesh    3
       Max CFL number:  0.80E+00 at (59,33,24)
       Max divergence:  0.66E+01 at (60,28,1)
       Min divergence: -0.89E+01 at (57,29,1)
       Max VN number :  0.35E+00 at (57,29,1)
       Mesh    4
       Max CFL number:  0.84E+00 at (58,33,28)
       Max divergence:  0.36E+01 at (59,37,1)
       Min divergence: -0.64E+01 at (57,36,1)
       Max VN number :  0.31E+00 at (57,29,1)
       Mesh    5
       Max CFL number:  0.88E+00 at (58,32,19)
       Max divergence:  0.28E+01 at (61,37,1)
       Min divergence: -0.37E+01 at (60,36,1)
       Max VN number :  0.31E+00 at (64,36,1)
       Mesh    6
       Max CFL number:  0.86E+00 at (58,32,22)
       Max divergence:  0.23E+01 at (61,28,1)
       Min divergence: -0.27E+01 at (60,36,1)
       Max VN number :  0.33E+00 at (53,39,28)
       Mesh    7
       Max CFL number:  0.83E+00 at (58,34,6)
       Max divergence:  0.13E+01 at (61,28,1)
       Min divergence: -0.18E+01 at (53,29,1)
       Max VN number :  0.28E+00 at (60,36,1)
 
       Time Step    23500   September  3, 2026  08:47:45
       Step Size:  0.160E-02 s, Total Time:   46.59159 s
       Pressure Iterations: 4
       Maximum Velocity Error:  0.28E-03 on Mesh 2 at (63,35,4)
       Maximum Pressure Error:  0.21E+05 on Mesh 2 at (63,35,5)
       Maximum CFL Number    :  0.87E+00 on Mesh 5 at (58,32,22)
       Maximum VN Number     :  0.41E+00 on Mesh 2 at (61,31,6)
       ---------------------------------------------------------------
       Mesh    1
       Max CFL number:  0.21E+00 at (15,26,29)
       Max divergence:  0.43E+01 at (15,27,2)
       Min divergence: -0.21E+01 at (15,25,7)
       Max VN number :  0.59E-01 at (15,26,38)
       Mesh    2
       Max CFL number:  0.56E+00 at (61,32,24)
       Max divergence:  0.28E+02 at (63,35,5)
       Min divergence: -0.10E+02 at (58,35,5)
       Max VN number :  0.41E+00 at (61,31,6)
       Mesh    3
       Max CFL number:  0.80E+00 at (59,33,24)
       Max divergence:  0.66E+01 at (60,28,1)
       Min divergence: -0.88E+01 at (57,29,1)
       Max VN number :  0.35E+00 at (57,29,1)
       Mesh    4
       Max CFL number:  0.84E+00 at (59,33,28)
       Max divergence:  0.36E+01 at (59,37,1)
       Min divergence: -0.64E+01 at (57,36,1)
       Max VN number :  0.31E+00 at (57,29,1)
       Mesh    5
       Max CFL number:  0.87E+00 at (58,32,22)
       Max divergence:  0.29E+01 at (61,37,1)
       Min divergence: -0.37E+01 at (60,36,1)
       Max VN number :  0.31E+00 at (64,36,1)
       Mesh    6
       Max CFL number:  0.86E+00 at (58,32,20)
       Max divergence:  0.23E+01 at (61,28,1)
       Min divergence: -0.28E+01 at (60,36,1)
       Max VN number :  0.34E+00 at (53,39,28)
       Mesh    7
       Max CFL number:  0.83E+00 at (58,34,6)
       Max divergence:  0.13E+01 at (61,37,1)
       Min divergence: -0.18E+01 at (53,36,1)
       Max VN number :  0.28E+00 at (60,36,1)
 
       Time Step    23600   September  3, 2026  08:51:09
       Step Size:  0.160E-02 s, Total Time:   46.75208 s
       Pressure Iterations: 3
       Maximum Velocity Error:  0.32E-03 on Mesh 2 at (63,35,4)
       Maximum Pressure Error:  0.63E+04 on Mesh 2 at (63,35,5)
       Maximum CFL Number    :  0.87E+00 on Mesh 5 at (58,33,23)
       Maximum VN Number     :  0.41E+00 on Mesh 2 at (61,34,6)
       ---------------------------------------------------------------
       Mesh    1
       Max CFL number:  0.21E+00 at (15,26,29)
       Max divergence:  0.43E+01 at (15,27,2)
       Min divergence: -0.21E+01 at (15,26,7)
       Max VN number :  0.59E-01 at (15,25,38)
       Mesh    2
       Max CFL number:  0.56E+00 at (61,32,24)
       Max divergence:  0.11E+02 at (49,40,5)
       Min divergence: -0.30E+02 at (63,35,5)
       Max VN number :  0.41E+00 at (61,34,6)
       Mesh    3
       Max CFL number:  0.80E+00 at (59,33,24)
       Max divergence:  0.66E+01 at (60,37,1)
       Min divergence: -0.89E+01 at (57,29,1)
       Max VN number :  0.35E+00 at (57,29,1)
       Mesh    4
       Max CFL number:  0.84E+00 at (59,32,28)
       Max divergence:  0.36E+01 at (59,37,1)
       Min divergence: -0.64E+01 at (57,36,1)
       Max VN number :  0.31E+00 at (64,29,1)
       Mesh    5
       Max CFL number:  0.87E+00 at (58,33,23)
       Max divergence:  0.29E+01 at (61,28,1)
       Min divergence: -0.38E+01 at (60,36,1)
       Max VN number :  0.31E+00 at (64,36,1)
       Mesh    6
       Max CFL number:  0.86E+00 at (58,32,22)
       Max divergence:  0.23E+01 at (61,28,1)
       Min divergence: -0.29E+01 at (60,36,1)
       Max VN number :  0.34E+00 at (53,26,28)
       Mesh    7
       Max CFL number:  0.83E+00 at (58,33,6)
       Max divergence:  0.13E+01 at (61,37,1)
       Min divergence: -0.18E+01 at (53,36,1)
       Max VN number :  0.28E+00 at (60,36,1)
 
       Time Step    23700   September  3, 2026  08:54:35
       Step Size:  0.160E-02 s, Total Time:   46.91258 s
       Pressure Iterations: 3
       Maximum Velocity Error:  0.32E-03 on Mesh 2 at (63,30,4)
       Maximum Pressure Error:  0.45E+04 on Mesh 2 at (63,30,5)
       Maximum CFL Number    :  0.87E+00 on Mesh 5 at (58,33,24)
       Maximum VN Number     :  0.41E+00 on Mesh 2 at (61,31,6)
       ---------------------------------------------------------------
       Mesh    1
       Max CFL number:  0.21E+00 at (15,26,29)
       Max divergence:  0.43E+01 at (15,27,2)
       Min divergence: -0.21E+01 at (15,25,7)
       Max VN number :  0.59E-01 at (15,25,38)
       Mesh    2
       Max CFL number:  0.56E+00 at (61,33,24)
       Max divergence:  0.11E+02 at (49,40,5)
       Min divergence: -0.22E+02 at (63,30,5)
       Max VN number :  0.41E+00 at (61,31,6)
       Mesh    3
       Max CFL number:  0.80E+00 at (59,33,24)
       Max divergence:  0.66E+01 at (60,37,1)
       Min divergence: -0.88E+01 at (57,29,1)
       Max VN number :  0.35E+00 at (57,29,1)
       Mesh    4
       Max CFL number:  0.85E+00 at (59,33,28)
       Max divergence:  0.36E+01 at (59,37,1)
       Min divergence: -0.64E+01 at (57,36,1)
       Max VN number :  0.31E+00 at (64,29,1)
       Mesh    5
       Max CFL number:  0.87E+00 at (58,33,24)
       Max divergence:  0.29E+01 at (61,28,1)
       Min divergence: -0.38E+01 at (60,36,1)
       Max VN number :  0.31E+00 at (64,36,1)
       Mesh    6
       Max CFL number:  0.85E+00 at (58,32,22)
       Max divergence:  0.23E+01 at (61,28,1)
       Min divergence: -0.29E+01 at (60,36,1)
       Max VN number :  0.34E+00 at (53,26,28)
       Mesh    7
       Max CFL number:  0.83E+00 at (58,32,6)
       Max divergence:  0.13E+01 at (61,37,1)
       Min divergence: -0.18E+01 at (60,36,1)
       Max VN number :  0.28E+00 at (60,36,1)
 
       Time Step    23800   September  3, 2026  08:57:59
       Step Size:  0.160E-02 s, Total Time:   47.07307 s
       Pressure Iterations: 3
       Maximum Velocity Error:  0.36E-03 on Mesh 7 at (58,64,21)
       Maximum Pressure Error:  0.57E+04 on Mesh 2 at (58,35,5)
       Maximum CFL Number    :  0.87E+00 on Mesh 5 at (58,33,24)
       Maximum VN Number     :  0.41E+00 on Mesh 2 at (61,31,6)
       ---------------------------------------------------------------
       Mesh    1
       Max CFL number:  0.21E+00 at (15,26,29)
       Max divergence:  0.43E+01 at (15,27,2)
       Min divergence: -0.21E+01 at (15,25,7)
       Max VN number :  0.60E-01 at (15,25,38)
       Mesh    2
       Max CFL number:  0.56E+00 at (61,33,24)
       Max divergence:  0.11E+02 at (49,40,5)
       Min divergence: -0.30E+02 at (58,35,5)
       Max VN number :  0.41E+00 at (61,31,6)
       Mesh    3
       Max CFL number:  0.80E+00 at (59,33,24)
       Max divergence:  0.66E+01 at (60,37,1)
       Min divergence: -0.89E+01 at (57,36,1)
       Max VN number :  0.35E+00 at (57,29,1)
       Mesh    4
       Max CFL number:  0.85E+00 at (59,33,28)
       Max divergence:  0.37E+01 at (59,37,1)
       Min divergence: -0.64E+01 at (57,29,1)
       Max VN number :  0.31E+00 at (64,29,1)
       Mesh    5
       Max CFL number:  0.87E+00 at (58,33,24)
       Max divergence:  0.29E+01 at (61,28,1)
       Min divergence: -0.39E+01 at (57,36,1)
       Max VN number :  0.32E+00 at (64,36,1)
       Mesh    6
       Max CFL number:  0.85E+00 at (58,33,26)
       Max divergence:  0.22E+01 at (61,28,1)
       Min divergence: -0.30E+01 at (60,36,1)
       Max VN number :  0.33E+00 at (52,26,28)
       Mesh    7
       Max CFL number:  0.83E+00 at (58,31,6)
       Max divergence:  0.13E+01 at (58,37,1)
       Min divergence: -0.19E+01 at (60,36,1)
       Max VN number :  0.28E+00 at (60,36,1)
 
       Time Step    23900   September  3, 2026  09:01:24
       Step Size:  0.160E-02 s, Total Time:   47.23356 s
       Pressure Iterations: 2
       Maximum Velocity Error:  0.51E-03 on Mesh 2 at (63,35,4)
       Maximum Pressure Error:  0.19E+04 on Mesh 2 at (63,35,5)
       Maximum CFL Number    :  0.87E+00 on Mesh 5 at (58,33,24)
       Maximum VN Number     :  0.41E+00 on Mesh 2 at (61,34,6)
       ---------------------------------------------------------------
       Mesh    1
       Max CFL number:  0.21E+00 at (15,26,32)
       Max divergence:  0.43E+01 at (15,27,2)
       Min divergence: -0.21E+01 at (15,25,7)
       Max VN number :  0.60E-01 at (15,25,38)
       Mesh    2
       Max CFL number:  0.56E+00 at (61,32,24)
       Max divergence:  0.11E+02 at (49,40,5)
       Min divergence: -0.10E+02 at (58,35,5)
       Max VN number :  0.41E+00 at (61,34,6)
       Mesh    3
       Max CFL number:  0.80E+00 at (59,33,24)
       Max divergence:  0.66E+01 at (60,37,1)
       Min divergence: -0.89E+01 at (57,29,1)
       Max VN number :  0.35E+00 at (57,29,1)
       Mesh    4
       Max CFL number:  0.85E+00 at (59,33,28)
       Max divergence:  0.36E+01 at (59,28,1)
       Min divergence: -0.64E+01 at (57,36,1)
       Max VN number :  0.31E+00 at (64,29,1)
       Mesh    5
       Max CFL number:  0.87E+00 at (58,33,24)
       Max divergence:  0.29E+01 at (61,28,1)
       Min divergence: -0.39E+01 at (57,29,1)
       Max VN number :  0.32E+00 at (64,36,1)
       Mesh    6
       Max CFL number:  0.85E+00 at (58,33,26)
       Max divergence:  0.23E+01 at (57,29,28)
       Min divergence: -0.30E+01 at (60,36,1)
       Max VN number :  0.30E+00 at (53,30,28)
       Mesh    7
       Max CFL number:  0.83E+00 at (58,31,6)
       Max divergence:  0.13E+01 at (58,37,1)
       Min divergence: -0.20E+01 at (60,36,1)
       Max VN number :  0.28E+00 at (60,36,1)
 
       Time Step    24000   September  3, 2026  09:04:49
       Step Size:  0.160E-02 s, Total Time:   47.39405 s
       Pressure Iterations: 3
       Maximum Velocity Error:  0.33E-03 on Mesh 2 at (63,35,4)
       Maximum Pressure Error:  0.46E+04 on Mesh 2 at (63,35,5)
       Maximum CFL Number    :  0.87E+00 on Mesh 5 at (58,33,24)
       Maximum VN Number     :  0.41E+00 on Mesh 2 at (61,34,6)
       ---------------------------------------------------------------
       Mesh    1
       Max CFL number:  0.21E+00 at (15,26,32)
       Max divergence:  0.43E+01 at (15,27,2)
       Min divergence: -0.21E+01 at (15,25,7)
       Max VN number :  0.61E-01 at (15,25,38)
       Mesh    2
       Max CFL number:  0.56E+00 at (61,32,24)
       Max divergence:  0.11E+02 at (49,40,5)
       Min divergence: -0.22E+02 at (63,35,5)
       Max VN number :  0.41E+00 at (61,34,6)
       Mesh    3
       Max CFL number:  0.80E+00 at (59,33,24)
       Max divergence:  0.66E+01 at (60,37,1)
       Min divergence: -0.88E+01 at (57,36,1)
       Max VN number :  0.35E+00 at (57,29,1)
       Mesh    4
       Max CFL number:  0.85E+00 at (59,33,28)
       Max divergence:  0.36E+01 at (59,28,1)
       Min divergence: -0.64E+01 at (57,29,1)
       Max VN number :  0.31E+00 at (64,29,1)
       Mesh    5
       Max CFL number:  0.87E+00 at (58,33,24)
       Max divergence:  0.29E+01 at (61,28,1)
       Min divergence: -0.40E+01 at (57,29,1)
       Max VN number :  0.32E+00 at (64,36,1)
       Mesh    6
       Max CFL number:  0.86E+00 at (59,33,25)
       Max divergence:  0.22E+01 at (60,25,28)
       Min divergence: -0.30E+01 at (60,36,1)
       Max VN number :  0.31E+00 at (57,25,28)
       Mesh    7
       Max CFL number:  0.83E+00 at (58,31,7)
       Max divergence:  0.14E+01 at (58,37,1)
       Min divergence: -0.20E+01 at (60,36,1)
       Max VN number :  0.28E+00 at (60,36,1)
 
       Time Step    24100   September  3, 2026  09:08:13
       Step Size:  0.160E-02 s, Total Time:   47.55455 s
       Pressure Iterations: 3
       Maximum Velocity Error:  0.33E-03 on Mesh 7 at (40,0,21)
       Maximum Pressure Error:  0.59E+04 on Mesh 2 at (63,30,5)
       Maximum CFL Number    :  0.87E+00 on Mesh 5 at (58,33,28)
       Maximum VN Number     :  0.41E+00 on Mesh 2 at (61,34,6)
       ---------------------------------------------------------------
       Mesh    1
       Max CFL number:  0.21E+00 at (15,26,31)
       Max divergence:  0.43E+01 at (15,27,2)
       Min divergence: -0.21E+01 at (15,25,7)
       Max VN number :  0.61E-01 at (15,25,38)
       Mesh    2
       Max CFL number:  0.56E+00 at (61,33,24)
       Max divergence:  0.11E+02 at (49,40,5)
       Min divergence: -0.30E+02 at (63,30,5)
       Max VN number :  0.41E+00 at (61,34,6)
       Mesh    3
       Max CFL number:  0.80E+00 at (59,33,24)
       Max divergence:  0.66E+01 at (60,37,1)
       Min divergence: -0.89E+01 at (57,29,1)
       Max VN number :  0.35E+00 at (57,29,1)
       Mesh    4
       Max CFL number:  0.85E+00 at (59,32,28)
       Max divergence:  0.36E+01 at (59,28,1)
       Min divergence: -0.64E+01 at (57,29,1)
       Max VN number :  0.31E+00 at (64,29,1)
       Mesh    5
       Max CFL number:  0.87E+00 at (58,33,28)
       Max divergence:  0.28E+01 at (61,28,1)
       Min divergence: -0.40E+01 at (57,29,1)
       Max VN number :  0.32E+00 at (64,36,1)
       Mesh    6
       Max CFL number:  0.87E+00 at (59,33,25)
       Max divergence:  0.23E+01 at (60,25,28)
       Min divergence: -0.30E+01 at (60,36,1)
       Max VN number :  0.32E+00 at (57,25,28)
       Mesh    7
       Max CFL number:  0.83E+00 at (58,31,7)
       Max divergence:  0.14E+01 at (58,37,1)
       Min divergence: -0.20E+01 at (60,36,1)
       Max VN number :  0.28E+00 at (60,36,1)
 
       Time Step    24200   September  3, 2026  09:11:37
       Step Size:  0.160E-02 s, Total Time:   47.71504 s
       Pressure Iterations: 1
       Maximum Velocity Error:  0.59E-03 on Mesh 2 at (63,30,4)
       Maximum Pressure Error:  0.62E+03 on Mesh 2 at (58,30,5)
       Maximum CFL Number    :  0.88E+00 on Mesh 5 at (58,32,28)
       Maximum VN Number     :  0.41E+00 on Mesh 2 at (61,31,6)
       ---------------------------------------------------------------
       Mesh    1
       Max CFL number:  0.21E+00 at (15,26,31)
       Max divergence:  0.43E+01 at (15,24,2)
       Min divergence: -0.21E+01 at (15,25,7)
       Max VN number :  0.61E-01 at (15,25,38)
       Mesh    2
       Max CFL number:  0.56E+00 at (61,33,24)
       Max divergence:  0.11E+02 at (49,40,5)
       Min divergence: -0.17E+02 at (63,30,5)
       Max VN number :  0.41E+00 at (61,31,6)
       Mesh    3
       Max CFL number:  0.80E+00 at (59,32,24)
       Max divergence:  0.66E+01 at (60,37,1)
       Min divergence: -0.88E+01 at (57,36,1)
       Max VN number :  0.35E+00 at (57,29,1)
       Mesh    4
       Max CFL number:  0.85E+00 at (59,33,28)
       Max divergence:  0.36E+01 at (59,28,1)
       Min divergence: -0.64E+01 at (57,29,1)
       Max VN number :  0.31E+00 at (64,29,1)
       Mesh    5
       Max CFL number:  0.88E+00 at (58,32,28)
       Max divergence:  0.28E+01 at (61,28,1)
       Min divergence: -0.39E+01 at (57,29,1)
       Max VN number :  0.32E+00 at (64,36,1)
       Mesh    6
       Max CFL number:  0.87E+00 at (59,33,25)
       Max divergence:  0.24E+01 at (60,25,28)
       Min divergence: -0.30E+01 at (60,36,1)
       Max VN number :  0.33E+00 at (57,25,28)
       Mesh    7
       Max CFL number:  0.83E+00 at (58,31,6)
       Max divergence:  0.14E+01 at (58,37,1)
       Min divergence: -0.20E+01 at (60,36,1)
       Max VN number :  0.27E+00 at (60,36,1)
 
       Time Step    24300   September  3, 2026  09:15:02
       Step Size:  0.160E-02 s, Total Time:   47.87553 s
       Pressure Iterations: 1
       Maximum Velocity Error:  0.57E-03 on Mesh 2 at (63,30,4)
       Maximum Pressure Error:  0.45E+03 on Mesh 2 at (64,30,5)
       Maximum CFL Number    :  0.88E+00 on Mesh 6 at (59,33,25)
       Maximum VN Number     :  0.41E+00 on Mesh 2 at (61,31,6)
       ---------------------------------------------------------------
       Mesh    1
       Max CFL number:  0.21E+00 at (15,25,34)
       Max divergence:  0.43E+01 at (15,24,2)
       Min divergence: -0.21E+01 at (15,25,7)
       Max VN number :  0.61E-01 at (15,25,38)
       Mesh    2
       Max CFL number:  0.56E+00 at (61,33,24)
       Max divergence:  0.11E+02 at (49,40,5)
       Min divergence: -0.17E+02 at (63,30,5)
       Max VN number :  0.41E+00 at (61,31,6)
       Mesh    3
       Max CFL number:  0.80E+00 at (59,32,24)
       Max divergence:  0.67E+01 at (60,28,1)
       Min divergence: -0.88E+01 at (57,36,1)
       Max VN number :  0.35E+00 at (57,29,1)
       Mesh    4
       Max CFL number:  0.85E+00 at (59,32,28)
       Max divergence:  0.36E+01 at (59,28,1)
       Min divergence: -0.64E+01 at (57,29,1)
       Max VN number :  0.32E+00 at (64,29,1)
       Mesh    5
       Max CFL number:  0.87E+00 at (58,33,28)
       Max divergence:  0.27E+01 at (61,28,1)
       Min divergence: -0.38E+01 at (57,29,1)
       Max VN number :  0.32E+00 at (64,36,1)
       Mesh    6
       Max CFL number:  0.88E+00 at (59,33,25)
       Max divergence:  0.23E+01 at (60,25,28)
       Min divergence: -0.30E+01 at (60,36,1)
       Max VN number :  0.33E+00 at (57,25,28)
       Mesh    7
       Max CFL number:  0.83E+00 at (58,31,6)
       Max divergence:  0.14E+01 at (60,37,1)
       Min divergence: -0.20E+01 at (60,36,1)
       Max VN number :  0.27E+00 at (57,36,1)
 
       Time Step    24400   September  3, 2026  09:18:26
       Step Size:  0.160E-02 s, Total Time:   48.03602 s
       Pressure Iterations: 3
       Maximum Velocity Error:  0.30E-03 on Mesh 2 at (58,30,4)
       Maximum Pressure Error:  0.55E+04 on Mesh 2 at (58,30,5)
       Maximum CFL Number    :  0.88E+00 on Mesh 6 at (59,33,25)
       Maximum VN Number     :  0.41E+00 on Mesh 2 at (61,31,6)
       ---------------------------------------------------------------
       Mesh    1
       Max CFL number:  0.21E+00 at (15,25,34)
       Max divergence:  0.43E+01 at (15,24,2)
       Min divergence: -0.20E+01 at (15,25,7)
       Max VN number :  0.62E-01 at (15,26,38)
       Mesh    2
       Max CFL number:  0.56E+00 at (61,33,24)
       Max divergence:  0.11E+02 at (49,40,5)
       Min divergence: -0.30E+02 at (58,30,5)
       Max VN number :  0.41E+00 at (61,31,6)
       Mesh    3
       Max CFL number:  0.80E+00 at (59,32,24)
       Max divergence:  0.67E+01 at (60,37,1)
       Min divergence: -0.89E+01 at (57,36,1)
       Max VN number :  0.35E+00 at (57,29,1)
       Mesh    4
       Max CFL number:  0.86E+00 at (59,32,28)
       Max divergence:  0.36E+01 at (59,28,1)
       Min divergence: -0.64E+01 at (57,29,1)
       Max VN number :  0.32E+00 at (64,29,1)
       Mesh    5
       Max CFL number:  0.88E+00 at (58,32,28)
       Max divergence:  0.26E+01 at (61,28,1)
       Min divergence: -0.38E+01 at (57,29,1)
       Max VN number :  0.32E+00 at (64,36,1)
       Mesh    6
       Max CFL number:  0.88E+00 at (59,33,25)
       Max divergence:  0.24E+01 at (60,25,28)
       Min divergence: -0.30E+01 at (60,36,1)
       Max VN number :  0.33E+00 at (57,25,28)
       Mesh    7
       Max CFL number:  0.82E+00 at (58,31,5)
       Max divergence:  0.14E+01 at (60,37,1)
       Min divergence: -0.19E+01 at (60,36,1)
       Max VN number :  0.27E+00 at (56,1,18)
 
       Time Step    24500   September  3, 2026  09:21:51
       Step Size:  0.160E-02 s, Total Time:   48.19651 s
       Pressure Iterations: 1
       Maximum Velocity Error:  0.57E-03 on Mesh 2 at (63,30,4)
       Maximum Pressure Error:  0.50E+03 on Mesh 5 at (59,28,19)
       Maximum CFL Number    :  0.88E+00 on Mesh 6 at (59,33,25)
       Maximum VN Number     :  0.41E+00 on Mesh 2 at (61,31,6)
       ---------------------------------------------------------------
       Mesh    1
       Max CFL number:  0.21E+00 at (15,25,23)
       Max divergence:  0.43E+01 at (15,24,2)
       Min divergence: -0.21E+01 at (15,25,7)
       Max VN number :  0.62E-01 at (15,26,38)
       Mesh    2
       Max CFL number:  0.56E+00 at (61,33,24)
       Max divergence:  0.11E+02 at (49,40,5)
       Min divergence: -0.17E+02 at (63,30,5)
       Max VN number :  0.41E+00 at (61,31,6)
       Mesh    3
       Max CFL number:  0.80E+00 at (59,32,24)
       Max divergence:  0.67E+01 at (60,37,1)
       Min divergence: -0.88E+01 at (57,36,1)
       Max VN number :  0.35E+00 at (57,29,1)
       Mesh    4
       Max CFL number:  0.86E+00 at (59,32,28)
       Max divergence:  0.36E+01 at (59,28,1)
       Min divergence: -0.65E+01 at (57,29,1)
       Max VN number :  0.32E+00 at (64,29,1)
       Mesh    5
       Max CFL number:  0.88E+00 at (58,32,28)
       Max divergence:  0.26E+01 at (61,37,1)
       Min divergence: -0.37E+01 at (57,29,1)
       Max VN number :  0.32E+00 at (64,36,1)
       Mesh    6
       Max CFL number:  0.88E+00 at (59,33,25)
       Max divergence:  0.24E+01 at (57,25,28)
       Min divergence: -0.29E+01 at (60,36,1)
       Max VN number :  0.33E+00 at (57,25,28)
       Mesh    7
       Max CFL number:  0.82E+00 at (59,31,4)
       Max divergence:  0.14E+01 at (60,37,1)
       Min divergence: -0.19E+01 at (60,36,1)
       Max VN number :  0.28E+00 at (56,1,18)
 
       Time Step    24600   September  3, 2026  09:25:16
       Step Size:  0.160E-02 s, Total Time:   48.35701 s
       Pressure Iterations: 2
       Maximum Velocity Error:  0.23E-03 on Mesh 7 at (43,64,21)
       Maximum Pressure Error:  0.53E+03 on Mesh 2 at (58,30,5)
       Maximum CFL Number    :  0.88E+00 on Mesh 6 at (59,33,28)
       Maximum VN Number     :  0.41E+00 on Mesh 2 at (61,31,6)
       ---------------------------------------------------------------
       Mesh    1
       Max CFL number:  0.21E+00 at (15,25,23)
       Max divergence:  0.43E+01 at (15,27,2)
       Min divergence: -0.20E+01 at (15,25,7)
       Max VN number :  0.62E-01 at (15,26,38)
       Mesh    2
       Max CFL number:  0.56E+00 at (61,33,24)
       Max divergence:  0.11E+02 at (49,40,5)
       Min divergence: -0.17E+02 at (63,30,5)
       Max VN number :  0.41E+00 at (61,31,6)
       Mesh    3
       Max CFL number:  0.80E+00 at (59,32,24)
       Max divergence:  0.67E+01 at (60,37,1)
       Min divergence: -0.88E+01 at (57,29,1)
       Max VN number :  0.35E+00 at (57,29,1)
       Mesh    4
       Max CFL number:  0.85E+00 at (59,32,28)
       Max divergence:  0.36E+01 at (59,28,1)
       Min divergence: -0.65E+01 at (57,29,1)
       Max VN number :  0.32E+00 at (64,29,1)
       Mesh    5
       Max CFL number:  0.88E+00 at (58,32,28)
       Max divergence:  0.25E+01 at (61,37,1)
       Min divergence: -0.37E+01 at (57,29,1)
       Max VN number :  0.32E+00 at (64,36,1)
       Mesh    6
       Max CFL number:  0.88E+00 at (59,33,28)
       Max divergence:  0.25E+01 at (59,25,28)
       Min divergence: -0.28E+01 at (60,36,1)
       Max VN number :  0.31E+00 at (57,25,28)
       Mesh    7
       Max CFL number:  0.82E+00 at (59,31,4)
       Max divergence:  0.13E+01 at (60,37,1)
       Min divergence: -0.18E+01 at (60,36,1)
       Max VN number :  0.28E+00 at (56,64,18)
 
       Time Step    24700   September  3, 2026  09:28:41
       Step Size:  0.160E-02 s, Total Time:   48.51750 s
       Pressure Iterations: 2
       Maximum Velocity Error:  0.50E-03 on Mesh 7 at (43,64,21)
       Maximum Pressure Error:  0.48E+03 on Mesh 5 at (59,28,19)
       Maximum CFL Number    :  0.89E+00 on Mesh 6 at (58,33,28)
       Maximum VN Number     :  0.41E+00 on Mesh 2 at (61,31,6)
       ---------------------------------------------------------------
       Mesh    1
       Max CFL number:  0.21E+00 at (15,25,23)
       Max divergence:  0.43E+01 at (15,27,2)
       Min divergence: -0.20E+01 at (15,25,7)
       Max VN number :  0.61E-01 at (15,26,38)
       Mesh    2
       Max CFL number:  0.56E+00 at (61,33,24)
       Max divergence:  0.11E+02 at (49,40,5)
       Min divergence: -0.13E+02 at (63,30,5)
       Max VN number :  0.41E+00 at (61,31,6)
       Mesh    3
       Max CFL number:  0.80E+00 at (59,32,24)
       Max divergence:  0.67E+01 at (60,28,1)
       Min divergence: -0.88E+01 at (57,29,1)
       Max VN number :  0.35E+00 at (57,29,1)
       Mesh    4
       Max CFL number:  0.85E+00 at (59,32,28)
       Max divergence:  0.37E+01 at (59,28,1)
       Min divergence: -0.65E+01 at (57,29,1)
       Max VN number :  0.32E+00 at (64,29,1)
       Mesh    5
       Max CFL number:  0.88E+00 at (58,32,28)
       Max divergence:  0.25E+01 at (61,37,1)
       Min divergence: -0.36E+01 at (57,29,1)
       Max VN number :  0.31E+00 at (64,36,1)
       Mesh    6
       Max CFL number:  0.89E+00 at (58,33,28)
       Max divergence:  0.24E+01 at (58,29,28)
       Min divergence: -0.28E+01 at (60,36,1)
       Max VN number :  0.29E+00 at (57,25,28)
       Mesh    7
       Max CFL number:  0.82E+00 at (59,31,2)
       Max divergence:  0.13E+01 at (58,37,1)
       Min divergence: -0.18E+01 at (60,36,1)
       Max VN number :  0.28E+00 at (56,64,18)
 
       Time Step    24800   September  3, 2026  09:32:05
       Step Size:  0.160E-02 s, Total Time:   48.67799 s
       Pressure Iterations: 2
       Maximum Velocity Error:  0.29E-03 on Mesh 7 at (27,24,21)
       Maximum Pressure Error:  0.54E+03 on Mesh 2 at (58,35,5)
       Maximum CFL Number    :  0.88E+00 on Mesh 6 at (58,33,28)
       Maximum VN Number     :  0.41E+00 on Mesh 2 at (61,31,6)
       ---------------------------------------------------------------
       Mesh    1
       Max CFL number:  0.21E+00 at (15,25,23)
       Max divergence:  0.43E+01 at (15,27,2)
       Min divergence: -0.20E+01 at (15,25,7)
       Max VN number :  0.61E-01 at (15,26,38)
       Mesh    2
       Max CFL number:  0.56E+00 at (61,33,24)
       Max divergence:  0.11E+02 at (49,25,5)
       Min divergence: -0.16E+02 at (58,30,5)
       Max VN number :  0.41E+00 at (61,31,6)
       Mesh    3
       Max CFL number:  0.80E+00 at (59,32,24)
       Max divergence:  0.67E+01 at (60,37,1)
       Min divergence: -0.88E+01 at (57,29,1)
       Max VN number :  0.35E+00 at (57,29,1)
       Mesh    4
       Max CFL number:  0.86E+00 at (59,33,28)
       Max divergence:  0.37E+01 at (59,28,1)
       Min divergence: -0.65E+01 at (57,29,1)
       Max VN number :  0.31E+00 at (64,29,1)
       Mesh    5
       Max CFL number:  0.88E+00 at (58,32,28)
       Max divergence:  0.24E+01 at (61,37,1)
       Min divergence: -0.36E+01 at (57,29,1)
       Max VN number :  0.31E+00 at (64,36,1)
       Mesh    6
       Max CFL number:  0.88E+00 at (58,33,28)
       Max divergence:  0.24E+01 at (57,29,28)
       Min divergence: -0.27E+01 at (60,36,1)
       Max VN number :  0.29E+00 at (60,36,1)
       Mesh    7
       Max CFL number:  0.81E+00 at (58,30,2)
       Max divergence:  0.13E+01 at (58,37,1)
       Min divergence: -0.18E+01 at (60,36,1)
       Max VN number :  0.27E+00 at (56,64,18)
 
       Time Step    24900   September  3, 2026  09:35:31
       Step Size:  0.160E-02 s, Total Time:   48.83848 s
       Pressure Iterations: 2
       Maximum Velocity Error:  0.44E-03 on Mesh 7 at (45,64,21)
       Maximum Pressure Error:  0.11E+04 on Mesh 2 at (58,35,5)
       Maximum CFL Number    :  0.88E+00 on Mesh 6 at (58,33,28)
       Maximum VN Number     :  0.41E+00 on Mesh 2 at (61,31,6)
       ---------------------------------------------------------------
       Mesh    1
       Max CFL number:  0.21E+00 at (15,25,23)
       Max divergence:  0.43E+01 at (15,27,2)
       Min divergence: -0.20E+01 at (15,25,7)
       Max VN number :  0.60E-01 at (15,26,38)
       Mesh    2
       Max CFL number:  0.56E+00 at (61,33,24)
       Max divergence:  0.11E+02 at (49,40,5)
       Min divergence: -0.10E+02 at (63,30,5)
       Max VN number :  0.41E+00 at (61,31,6)
       Mesh    3
       Max CFL number:  0.80E+00 at (59,32,24)
       Max divergence:  0.67E+01 at (60,37,1)
       Min divergence: -0.89E+01 at (57,29,1)
       Max VN number :  0.35E+00 at (57,29,1)
       Mesh    4
       Max CFL number:  0.85E+00 at (59,33,28)
       Max divergence:  0.37E+01 at (59,28,1)
       Min divergence: -0.65E+01 at (57,29,1)
       Max VN number :  0.31E+00 at (64,29,1)
       Mesh    5
       Max CFL number:  0.88E+00 at (58,33,28)
       Max divergence:  0.24E+01 at (53,30,28)
       Min divergence: -0.36E+01 at (57,29,1)
       Max VN number :  0.31E+00 at (64,36,1)
       Mesh    6
       Max CFL number:  0.88E+00 at (58,33,28)
       Max divergence:  0.25E+01 at (57,29,28)
       Min divergence: -0.26E+01 at (60,36,1)
       Max VN number :  0.29E+00 at (60,36,1)
       Mesh    7
       Max CFL number:  0.81E+00 at (58,30,2)
       Max divergence:  0.13E+01 at (57,28,1)
       Min divergence: -0.19E+01 at (60,36,1)
       Max VN number :  0.27E+00 at (56,64,18)
 
       Time Step    25000   September  3, 2026  09:38:57
       Step Size:  0.160E-02 s, Total Time:   48.99898 s
       Pressure Iterations: 4
       Maximum Velocity Error:  0.29E-03 on Mesh 2 at (63,35,4)
       Maximum Pressure Error:  0.22E+05 on Mesh 2 at (63,35,5)
       Maximum CFL Number    :  0.88E+00 on Mesh 6 at (58,33,28)
       Maximum VN Number     :  0.41E+00 on Mesh 2 at (61,31,6)
       ---------------------------------------------------------------
       Mesh    1
       Max CFL number:  0.21E+00 at (15,26,31)
       Max divergence:  0.43E+01 at (15,27,2)
       Min divergence: -0.20E+01 at (15,25,7)
       Max VN number :  0.60E-01 at (15,26,38)
       Mesh    2
       Max CFL number:  0.56E+00 at (61,33,24)
       Max divergence:  0.29E+02 at (63,35,5)
       Min divergence: -0.16E+02 at (58,35,5)
       Max VN number :  0.41E+00 at (61,31,6)
       Mesh    3
       Max CFL number:  0.80E+00 at (59,32,24)
       Max divergence:  0.67E+01 at (60,28,1)
       Min divergence: -0.88E+01 at (57,29,1)
       Max VN number :  0.35E+00 at (57,29,1)
       Mesh    4
       Max CFL number:  0.86E+00 at (59,33,28)
       Max divergence:  0.36E+01 at (59,28,1)
       Min divergence: -0.65E+01 at (57,29,1)
       Max VN number :  0.31E+00 at (64,29,1)
       Mesh    5
       Max CFL number:  0.88E+00 at (59,32,28)
       Max divergence:  0.27E+01 at (58,29,28)
       Min divergence: -0.36E+01 at (57,29,1)
       Max VN number :  0.33E+00 at (66,35,28)
       Mesh    6
       Max CFL number:  0.88E+00 at (58,33,28)
       Max divergence:  0.23E+01 at (58,36,28)
       Min divergence: -0.25E+01 at (60,36,1)
       Max VN number :  0.29E+00 at (60,36,1)
       Mesh    7
       Max CFL number:  0.81E+00 at (59,31,1)
       Max divergence:  0.14E+01 at (57,28,1)
       Min divergence: -0.19E+01 at (60,36,1)
       Max VN number :  0.27E+00 at (57,36,1)
 
       Time Step    25100   September  3, 2026  09:42:23
       Step Size:  0.160E-02 s, Total Time:   49.15947 s
       Pressure Iterations: 2
       Maximum Velocity Error:  0.55E-03 on Mesh 2 at (63,35,4)
       Maximum Pressure Error:  0.24E+04 on Mesh 2 at (63,35,5)
       Maximum CFL Number    :  0.87E+00 on Mesh 5 at (59,33,28)
       Maximum VN Number     :  0.41E+00 on Mesh 2 at (61,34,6)
       ---------------------------------------------------------------
       Mesh    1
       Max CFL number:  0.21E+00 at (15,25,33)
       Max divergence:  0.43E+01 at (15,27,2)
       Min divergence: -0.20E+01 at (15,25,7)
       Max VN number :  0.58E-01 at (15,26,38)
       Mesh    2
       Max CFL number:  0.56E+00 at (61,33,24)
       Max divergence:  0.11E+02 at (49,40,5)
       Min divergence: -0.10E+02 at (63,30,5)
       Max VN number :  0.41E+00 at (61,34,6)
       Mesh    3
       Max CFL number:  0.80E+00 at (59,32,24)
       Max divergence:  0.67E+01 at (60,37,1)
       Min divergence: -0.88E+01 at (57,29,1)
       Max VN number :  0.35E+00 at (57,29,1)
       Mesh    4
       Max CFL number:  0.86E+00 at (59,32,28)
       Max divergence:  0.36E+01 at (59,28,1)
       Min divergence: -0.65E+01 at (57,29,1)
       Max VN number :  0.31E+00 at (57,29,1)
       Mesh    5
       Max CFL number:  0.87E+00 at (59,33,28)
       Max divergence:  0.30E+01 at (58,29,28)
       Min divergence: -0.39E+01 at (60,33,28)
       Max VN number :  0.35E+00 at (66,35,28)
       Mesh    6
       Max CFL number:  0.87E+00 at (58,33,28)
       Max divergence:  0.27E+01 at (57,36,28)
       Min divergence: -0.24E+01 at (60,36,1)
       Max VN number :  0.29E+00 at (55,29,28)
       Mesh    7
       Max CFL number:  0.82E+00 at (59,34,3)
       Max divergence:  0.15E+01 at (57,28,1)
       Min divergence: -0.20E+01 at (60,36,1)
       Max VN number :  0.27E+00 at (37,64,17)
 
       Time Step    25200   September  3, 2026  09:45:50
       Step Size:  0.160E-02 s, Total Time:   49.31996 s
       Pressure Iterations: 2
       Maximum Velocity Error:  0.61E-03 on Mesh 7 at (73,0,21)
       Maximum Pressure Error:  0.13E+04 on Mesh 2 at (63,35,5)
       Maximum CFL Number    :  0.88E+00 on Mesh 5 at (59,32,28)
       Maximum VN Number     :  0.41E+00 on Mesh 2 at (61,34,6)
       ---------------------------------------------------------------
       Mesh    1
       Max CFL number:  0.21E+00 at (15,26,34)
       Max divergence:  0.43E+01 at (15,27,2)
       Min divergence: -0.20E+01 at (15,25,7)
       Max VN number :  0.57E-01 at (15,26,38)
       Mesh    2
       Max CFL number:  0.56E+00 at (61,33,24)
       Max divergence:  0.11E+02 at (49,40,5)
       Min divergence: -0.10E+02 at (63,30,5)
       Max VN number :  0.41E+00 at (61,34,6)
       Mesh    3
       Max CFL number:  0.80E+00 at (59,32,24)
       Max divergence:  0.67E+01 at (60,28,1)
       Min divergence: -0.89E+01 at (57,29,1)
       Max VN number :  0.35E+00 at (57,29,1)
       Mesh    4
       Max CFL number:  0.85E+00 at (59,33,28)
       Max divergence:  0.36E+01 at (59,28,1)
       Min divergence: -0.65E+01 at (57,29,1)
       Max VN number :  0.31E+00 at (57,29,1)
       Mesh    5
       Max CFL number:  0.88E+00 at (59,32,28)
       Max divergence:  0.35E+01 at (58,29,28)
       Min divergence: -0.36E+01 at (57,29,1)
       Max VN number :  0.35E+00 at (67,34,28)
       Mesh    6
       Max CFL number:  0.87E+00 at (58,34,28)
       Max divergence:  0.30E+01 at (57,36,28)
       Min divergence: -0.23E+01 at (60,36,1)
       Max VN number :  0.30E+00 at (55,29,28)
       Mesh    7
       Max CFL number:  0.82E+00 at (59,34,3)
       Max divergence:  0.15E+01 at (57,28,1)
       Min divergence: -0.20E+01 at (60,36,1)
       Max VN number :  0.27E+00 at (57,29,1)
 
       Time Step    25300   September  3, 2026  09:49:18
       Step Size:  0.160E-02 s, Total Time:   49.48045 s
       Pressure Iterations: 3
       Maximum Velocity Error:  0.48E-03 on Mesh 7 at (74,0,21)
       Maximum Pressure Error:  0.57E+04 on Mesh 2 at (58,35,5)
       Maximum CFL Number    :  0.88E+00 on Mesh 5 at (59,33,26)
       Maximum VN Number     :  0.41E+00 on Mesh 2 at (61,34,6)
       ---------------------------------------------------------------
       Mesh    1
       Max CFL number:  0.21E+00 at (15,25,27)
       Max divergence:  0.43E+01 at (15,27,2)
       Min divergence: -0.20E+01 at (15,25,7)
       Max VN number :  0.69E-01 at (15,32,38)
       Mesh    2
       Max CFL number:  0.56E+00 at (61,33,24)
       Max divergence:  0.11E+02 at (49,40,5)
       Min divergence: -0.30E+02 at (58,35,5)
       Max VN number :  0.41E+00 at (61,34,6)
       Mesh    3
       Max CFL number:  0.79E+00 at (59,32,24)
       Max divergence:  0.67E+01 at (60,37,1)
       Min divergence: -0.88E+01 at (57,29,1)
       Max VN number :  0.35E+00 at (57,29,1)
       Mesh    4
       Max CFL number:  0.85E+00 at (59,32,28)
       Max divergence:  0.36E+01 at (59,28,1)
       Min divergence: -0.66E+01 at (57,29,1)
       Max VN number :  0.31E+00 at (57,29,1)
       Mesh    5
       Max CFL number:  0.88E+00 at (59,33,26)
       Max divergence:  0.33E+01 at (58,36,28)
       Min divergence: -0.37E+01 at (57,29,1)
       Max VN number :  0.34E+00 at (67,34,28)
       Mesh    6
       Max CFL number:  0.87E+00 at (58,34,27)
       Max divergence:  0.30E+01 at (55,29,28)
       Min divergence: -0.23E+01 at (60,36,1)
       Max VN number :  0.31E+00 at (54,29,28)
       Mesh    7
       Max CFL number:  0.82E+00 at (59,34,3)
       Max divergence:  0.15E+01 at (57,28,1)
       Min divergence: -0.20E+01 at (60,36,1)
       Max VN number :  0.27E+00 at (57,29,1)
 
       Time Step    25400   September  3, 2026  09:52:46
       Step Size:  0.160E-02 s, Total Time:   49.64094 s
       Pressure Iterations: 3
       Maximum Velocity Error:  0.40E-03 on Mesh 7 at (75,0,21)
       Maximum Pressure Error:  0.46E+04 on Mesh 2 at (58,35,5)
       Maximum CFL Number    :  0.88E+00 on Mesh 5 at (59,33,26)
       Maximum VN Number     :  0.41E+00 on Mesh 2 at (61,34,6)
       ---------------------------------------------------------------
       Mesh    1
       Max CFL number:  0.21E+00 at (15,25,30)
       Max divergence:  0.43E+01 at (15,27,2)
       Min divergence: -0.20E+01 at (15,25,7)
       Max VN number :  0.81E-01 at (15,32,38)
       Mesh    2
       Max CFL number:  0.56E+00 at (61,33,24)
       Max divergence:  0.11E+02 at (49,40,5)
       Min divergence: -0.22E+02 at (58,35,5)
       Max VN number :  0.41E+00 at (61,34,6)
       Mesh    3
       Max CFL number:  0.79E+00 at (59,32,24)
       Max divergence:  0.67E+01 at (60,37,1)
       Min divergence: -0.88E+01 at (57,29,1)
       Max VN number :  0.35E+00 at (57,29,1)
       Mesh    4
       Max CFL number:  0.85E+00 at (58,33,28)
       Max divergence:  0.36E+01 at (59,28,1)
       Min divergence: -0.66E+01 at (57,29,1)
       Max VN number :  0.31E+00 at (57,29,1)
       Mesh    5
       Max CFL number:  0.88E+00 at (59,33,26)
       Max divergence:  0.35E+01 at (57,29,28)
       Min divergence: -0.35E+01 at (57,29,1)
       Max VN number :  0.33E+00 at (55,39,28)
       Mesh    6
       Max CFL number:  0.86E+00 at (58,33,27)
       Max divergence:  0.32E+01 at (55,36,28)
       Min divergence: -0.24E+01 at (57,35,28)
       Max VN number :  0.31E+00 at (54,29,28)
       Mesh    7
       Max CFL number:  0.82E+00 at (57,31,4)
       Max divergence:  0.15E+01 at (57,28,1)
       Min divergence: -0.19E+01 at (60,36,1)
       Max VN number :  0.28E+00 at (57,29,1)
 
       Time Step    25500   September  3, 2026  09:56:15
       Step Size:  0.160E-02 s, Total Time:   49.80144 s
       Pressure Iterations: 3
       Maximum Velocity Error:  0.39E-03 on Mesh 7 at (77,64,21)
       Maximum Pressure Error:  0.10E+04 on Mesh 2 at (63,35,5)
       Maximum CFL Number    :  0.89E+00 on Mesh 5 at (59,34,28)
       Maximum VN Number     :  0.41E+00 on Mesh 2 at (61,34,6)
       ---------------------------------------------------------------
       Mesh    1
       Max CFL number:  0.21E+00 at (15,25,30)
       Max divergence:  0.43E+01 at (15,27,2)
       Min divergence: -0.20E+01 at (15,26,7)
       Max VN number :  0.85E-01 at (15,32,38)
       Mesh    2
       Max CFL number:  0.56E+00 at (61,33,24)
       Max divergence:  0.11E+02 at (49,40,5)
       Min divergence: -0.63E+01 at (58,30,5)
       Max VN number :  0.41E+00 at (61,34,6)
       Mesh    3
       Max CFL number:  0.79E+00 at (59,32,24)
       Max divergence:  0.66E+01 at (60,28,1)
       Min divergence: -0.89E+01 at (57,29,1)
       Max VN number :  0.35E+00 at (57,29,1)
       Mesh    4
       Max CFL number:  0.84E+00 at (58,33,28)
       Max divergence:  0.37E+01 at (59,28,1)
       Min divergence: -0.67E+01 at (57,29,1)
       Max VN number :  0.32E+00 at (57,36,1)
       Mesh    5
       Max CFL number:  0.89E+00 at (59,34,28)
       Max divergence:  0.36E+01 at (57,29,28)
       Min divergence: -0.34E+01 at (57,29,1)
       Max VN number :  0.34E+00 at (56,39,28)
       Mesh    6
       Max CFL number:  0.86E+00 at (58,33,27)
       Max divergence:  0.28E+01 at (54,29,28)
       Min divergence: -0.25E+01 at (60,29,1)
       Max VN number :  0.30E+00 at (64,40,1)
       Mesh    7
       Max CFL number:  0.82E+00 at (57,31,5)
       Max divergence:  0.16E+01 at (60,28,1)
       Min divergence: -0.20E+01 at (64,29,1)
       Max VN number :  0.28E+00 at (57,29,1)
 
       Time Step    25600   September  3, 2026  09:59:52
       Step Size:  0.160E-02 s, Total Time:   49.96193 s
       Pressure Iterations: 4
       Maximum Velocity Error:  0.25E-03 on Mesh 7 at (78,64,21)
       Maximum Pressure Error:  0.73E+04 on Mesh 2 at (63,30,4)
       Maximum CFL Number    :  0.89E+00 on Mesh 5 at (59,33,28)
       Maximum VN Number     :  0.41E+00 on Mesh 2 at (61,34,6)
       ---------------------------------------------------------------
       Mesh    1
       Max CFL number:  0.21E+00 at (15,25,30)
       Max divergence:  0.43E+01 at (15,27,2)
       Min divergence: -0.20E+01 at (15,26,7)
       Max VN number :  0.80E-01 at (15,32,38)
       Mesh    2
       Max CFL number:  0.56E+00 at (61,33,24)
       Max divergence:  0.74E+02 at (63,30,5)
       Min divergence: -0.30E+02 at (63,35,5)
       Max VN number :  0.41E+00 at (61,34,6)
       Mesh    3
       Max CFL number:  0.79E+00 at (59,32,24)
       Max divergence:  0.67E+01 at (60,28,1)
       Min divergence: -0.88E+01 at (57,29,1)
       Max VN number :  0.35E+00 at (57,29,1)
       Mesh    4
       Max CFL number:  0.84E+00 at (59,33,28)
       Max divergence:  0.37E+01 at (59,28,1)
       Min divergence: -0.65E+01 at (57,29,1)
       Max VN number :  0.32E+00 at (64,29,1)
       Mesh    5
       Max CFL number:  0.89E+00 at (59,33,28)
       Max divergence:  0.35E+01 at (57,29,28)
       Min divergence: -0.33E+01 at (57,29,1)
       Max VN number :  0.31E+00 at (56,39,28)
       Mesh    6
       Max CFL number:  0.85E+00 at (58,33,27)
       Max divergence:  0.27E+01 at (53,29,28)
       Min divergence: -0.26E+01 at (60,29,1)
       Max VN number :  0.31E+00 at (52,29,28)
       Mesh    7
       Max CFL number:  0.82E+00 at (57,31,6)
       Max divergence:  0.15E+01 at (60,28,1)
       Min divergence: -0.22E+01 at (64,29,1)
       Max VN number :  0.28E+00 at (57,29,1)
 
       Time Step    25700   September  3, 2026  10:03:30
       Step Size:  0.160E-02 s, Total Time:   50.12242 s
       Pressure Iterations: 3
       Maximum Velocity Error:  0.38E-03 on Mesh 7 at (80,64,21)
       Maximum Pressure Error:  0.68E+03 on Mesh 2 at (63,30,5)
       Maximum CFL Number    :  0.88E+00 on Mesh 5 at (58,33,28)
       Maximum VN Number     :  0.41E+00 on Mesh 2 at (59,33,6)
       ---------------------------------------------------------------
       Mesh    1
       Max CFL number:  0.21E+00 at (15,25,29)
       Max divergence:  0.43E+01 at (15,27,2)
       Min divergence: -0.20E+01 at (15,26,7)
       Max VN number :  0.66E-01 at (15,32,38)
       Mesh    2
       Max CFL number:  0.56E+00 at (61,33,24)
       Max divergence:  0.11E+02 at (49,25,5)
       Min divergence: -0.16E+02 at (58,30,5)
       Max VN number :  0.41E+00 at (59,33,6)
       Mesh    3
       Max CFL number:  0.79E+00 at (59,32,24)
       Max divergence:  0.67E+01 at (60,28,1)
       Min divergence: -0.88E+01 at (57,36,1)
       Max VN number :  0.35E+00 at (57,29,1)
       Mesh    4
       Max CFL number:  0.85E+00 at (59,32,28)
       Max divergence:  0.39E+01 at (61,28,1)
       Min divergence: -0.69E+01 at (64,36,1)
       Max VN number :  0.32E+00 at (64,37,28)
       Mesh    5
       Max CFL number:  0.88E+00 at (58,33,28)
       Max divergence:  0.27E+01 at (57,29,28)
       Min divergence: -0.34E+01 at (57,29,1)
       Max VN number :  0.29E+00 at (64,40,1)
       Mesh    6
       Max CFL number:  0.84E+00 at (59,30,20)
       Max divergence:  0.27E+01 at (52,29,28)
       Min divergence: -0.26E+01 at (60,29,1)
       Max VN number :  0.32E+00 at (52,29,28)
       Mesh    7
       Max CFL number:  0.81E+00 at (57,31,6)
       Max divergence:  0.14E+01 at (65,33,1)
       Min divergence: -0.21E+01 at (64,36,1)
       Max VN number :  0.28E+00 at (57,29,1)
 
       Time Step    25800   September  3, 2026  10:07:04
       Step Size:  0.160E-02 s, Total Time:   50.28291 s
       Pressure Iterations: 3
       Maximum Velocity Error:  0.32E-03 on Mesh 7 at (48,64,21)
       Maximum Pressure Error:  0.32E+03 on Mesh 6 at (64,40,11)
       Maximum CFL Number    :  0.89E+00 on Mesh 5 at (58,33,28)
       Maximum VN Number     :  0.41E+00 on Mesh 2 at (59,33,6)
       ---------------------------------------------------------------
       Mesh    1
       Max CFL number:  0.21E+00 at (15,25,29)
       Max divergence:  0.43E+01 at (15,27,2)
       Min divergence: -0.20E+01 at (15,26,7)
       Max VN number :  0.66E-01 at (14,20,38)
       Mesh    2
       Max CFL number:  0.56E+00 at (61,33,24)
       Max divergence:  0.11E+02 at (49,25,5)
       Min divergence: -0.13E+02 at (58,35,5)
       Max VN number :  0.41E+00 at (59,33,6)
       Mesh    3
       Max CFL number:  0.79E+00 at (59,33,24)
       Max divergence:  0.66E+01 at (60,28,1)
       Min divergence: -0.89E+01 at (57,29,1)
       Max VN number :  0.35E+00 at (57,29,1)
       Mesh    4
       Max CFL number:  0.85E+00 at (59,32,28)
       Max divergence:  0.40E+01 at (61,37,1)
       Min divergence: -0.71E+01 at (64,36,1)
       Max VN number :  0.33E+00 at (64,37,28)
       Mesh    5
       Max CFL number:  0.89E+00 at (58,33,28)
       Max divergence:  0.27E+01 at (56,29,28)
       Min divergence: -0.35E+01 at (57,36,1)
       Max VN number :  0.30E+00 at (64,40,1)
       Mesh    6
       Max CFL number:  0.85E+00 at (59,30,22)
       Max divergence:  0.28E+01 at (52,29,28)
       Min divergence: -0.27E+01 at (53,36,1)
       Max VN number :  0.33E+00 at (52,29,28)
       Mesh    7
       Max CFL number:  0.81E+00 at (58,32,3)
       Max divergence:  0.14E+01 at (56,37,1)
       Min divergence: -0.18E+01 at (64,36,1)
       Max VN number :  0.28E+00 at (57,29,1)
 
       Time Step    25900   September  3, 2026  10:10:39
       Step Size:  0.160E-02 s, Total Time:   50.44341 s
       Pressure Iterations: 4
       Maximum Velocity Error:  0.28E-03 on Mesh 2 at (63,30,4)
       Maximum Pressure Error:  0.23E+05 on Mesh 2 at (63,30,5)
       Maximum CFL Number    :  0.88E+00 on Mesh 5 at (58,33,28)
       Maximum VN Number     :  0.41E+00 on Mesh 2 at (61,34,6)
       ---------------------------------------------------------------
       Mesh    1
       Max CFL number:  0.21E+00 at (15,25,31)
       Max divergence:  0.43E+01 at (15,27,2)
       Min divergence: -0.20E+01 at (15,26,7)
       Max VN number :  0.62E-01 at (14,19,38)
       Mesh    2
       Max CFL number:  0.56E+00 at (61,33,24)
       Max divergence:  0.28E+02 at (63,30,5)
       Min divergence: -0.63E+01 at (58,35,5)
       Max VN number :  0.41E+00 at (61,34,6)
       Mesh    3
       Max CFL number:  0.79E+00 at (59,33,24)
       Max divergence:  0.67E+01 at (60,37,1)
       Min divergence: -0.88E+01 at (57,29,1)
       Max VN number :  0.35E+00 at (57,36,1)
       Mesh    4
       Max CFL number:  0.86E+00 at (59,33,28)
       Max divergence:  0.41E+01 at (61,37,1)
       Min divergence: -0.70E+01 at (64,36,1)
       Max VN number :  0.33E+00 at (64,39,28)
       Mesh    5
       Max CFL number:  0.88E+00 at (58,33,28)
       Max divergence:  0.28E+01 at (64,29,28)
       Min divergence: -0.37E+01 at (57,36,1)
       Max VN number :  0.30E+00 at (64,25,1)
       Mesh    6
       Max CFL number:  0.86E+00 at (59,30,23)
       Max divergence:  0.25E+01 at (52,29,28)
       Min divergence: -0.28E+01 at (53,36,1)
       Max VN number :  0.33E+00 at (52,29,28)
       Mesh    7
       Max CFL number:  0.82E+00 at (58,34,4)
       Max divergence:  0.14E+01 at (56,37,1)
       Min divergence: -0.20E+01 at (57,40,1)
       Max VN number :  0.28E+00 at (57,36,1)
 
       Time Step    26000   September  3, 2026  10:14:08
       Step Size:  0.160E-02 s, Total Time:   50.60390 s
       Pressure Iterations: 2
       Maximum Velocity Error:  0.68E-03 on Mesh 7 at (74,50,21)
       Maximum Pressure Error:  0.53E+03 on Mesh 2 at (60,36,5)
       Maximum CFL Number    :  0.88E+00 on Mesh 5 at (58,32,28)
       Maximum VN Number     :  0.41E+00 on Mesh 2 at (61,31,6)
       ---------------------------------------------------------------
       Mesh    1
       Max CFL number:  0.21E+00 at (15,25,32)
       Max divergence:  0.43E+01 at (15,27,2)
       Min divergence: -0.20E+01 at (15,26,7)
       Max VN number :  0.64E-01 at (14,32,38)
       Mesh    2
       Max CFL number:  0.56E+00 at (61,33,24)
       Max divergence:  0.11E+02 at (49,25,5)
       Min divergence: -0.10E+02 at (63,30,5)
       Max VN number :  0.41E+00 at (61,31,6)
       Mesh    3
       Max CFL number:  0.79E+00 at (59,33,24)
       Max divergence:  0.67E+01 at (60,37,1)
       Min divergence: -0.88E+01 at (57,29,1)
       Max VN number :  0.35E+00 at (57,36,1)
       Mesh    4
       Max CFL number:  0.86E+00 at (59,33,28)
       Max divergence:  0.42E+01 at (61,37,1)
       Min divergence: -0.67E+01 at (64,29,1)
       Max VN number :  0.33E+00 at (64,36,1)
       Mesh    5
       Max CFL number:  0.88E+00 at (58,32,28)
       Max divergence:  0.27E+01 at (59,37,1)
       Min divergence: -0.40E+01 at (57,36,1)
       Max VN number :  0.29E+00 at (57,36,1)
       Mesh    6
       Max CFL number:  0.86E+00 at (59,31,25)
       Max divergence:  0.23E+01 at (68,36,28)
       Min divergence: -0.30E+01 at (64,36,1)
       Max VN number :  0.33E+00 at (52,29,28)
       Mesh    7
       Max CFL number:  0.82E+00 at (58,33,4)
       Max divergence:  0.14E+01 at (56,37,1)
       Min divergence: -0.20E+01 at (57,40,1)
       Max VN number :  0.27E+00 at (57,40,1)
 
       Time Step    26100   September  3, 2026  10:17:38
       Step Size:  0.160E-02 s, Total Time:   50.76439 s
       Pressure Iterations: 4
       Maximum Velocity Error:  0.28E-03 on Mesh 2 at (58,35,4)
       Maximum Pressure Error:  0.20E+05 on Mesh 2 at (58,35,5)
       Maximum CFL Number    :  0.87E+00 on Mesh 5 at (58,32,25)
       Maximum VN Number     :  0.41E+00 on Mesh 2 at (59,32,6)
       ---------------------------------------------------------------
       Mesh    1
       Max CFL number:  0.21E+00 at (15,25,29)
       Max divergence:  0.43E+01 at (15,27,2)
       Min divergence: -0.20E+01 at (15,26,7)
       Max VN number :  0.63E-01 at (14,33,38)
       Mesh    2
       Max CFL number:  0.56E+00 at (61,33,24)
       Max divergence:  0.27E+02 at (58,35,5)
       Min divergence: -0.22E+02 at (63,35,5)
       Max VN number :  0.41E+00 at (59,32,6)
       Mesh    3
       Max CFL number:  0.79E+00 at (59,33,24)
       Max divergence:  0.66E+01 at (60,37,1)
       Min divergence: -0.89E+01 at (57,29,1)
       Max VN number :  0.35E+00 at (57,36,1)
       Mesh    4
       Max CFL number:  0.85E+00 at (59,33,28)
       Max divergence:  0.42E+01 at (61,37,1)
       Min divergence: -0.64E+01 at (64,36,1)
       Max VN number :  0.33E+00 at (64,29,1)
       Mesh    5
       Max CFL number:  0.87E+00 at (58,32,25)
       Max divergence:  0.27E+01 at (59,28,1)
       Min divergence: -0.41E+01 at (64,36,1)
       Max VN number :  0.30E+00 at (64,36,1)
       Mesh    6
       Max CFL number:  0.86E+00 at (58,33,14)
       Max divergence:  0.20E+01 at (51,29,28)
       Min divergence: -0.28E+01 at (64,36,1)
       Max VN number :  0.31E+00 at (60,25,28)
       Mesh    7
       Max CFL number:  0.83E+00 at (58,34,4)
       Max divergence:  0.15E+01 at (56,37,1)
       Min divergence: -0.19E+01 at (57,40,1)
       Max VN number :  0.29E+00 at (57,40,1)
 
       Time Step    26200   September  3, 2026  10:21:08
       Step Size:  0.160E-02 s, Total Time:   50.92488 s
       Pressure Iterations: 3
       Maximum Velocity Error:  0.49E-03 on Mesh 7 at (52,64,21)
       Maximum Pressure Error:  0.59E+04 on Mesh 2 at (58,30,5)
       Maximum CFL Number    :  0.87E+00 on Mesh 5 at (58,32,21)
       Maximum VN Number     :  0.41E+00 on Mesh 2 at (59,32,6)
       ---------------------------------------------------------------
       Mesh    1
       Max CFL number:  0.21E+00 at (15,25,29)
       Max divergence:  0.43E+01 at (15,27,2)
       Min divergence: -0.20E+01 at (15,26,7)
       Max VN number :  0.65E-01 at (14,33,38)
       Mesh    2
       Max CFL number:  0.56E+00 at (61,32,24)
       Max divergence:  0.11E+02 at (49,25,5)
       Min divergence: -0.30E+02 at (58,30,5)
       Max VN number :  0.41E+00 at (59,32,6)
       Mesh    3
       Max CFL number:  0.79E+00 at (59,32,24)
       Max divergence:  0.67E+01 at (60,37,1)
       Min divergence: -0.88E+01 at (57,29,1)
       Max VN number :  0.35E+00 at (57,36,1)
       Mesh    4
       Max CFL number:  0.84E+00 at (59,33,28)
       Max divergence:  0.41E+01 at (61,28,1)
       Min divergence: -0.64E+01 at (57,29,1)
       Max VN number :  0.33E+00 at (64,29,1)
       Mesh    5
       Max CFL number:  0.87E+00 at (58,32,21)
       Max divergence:  0.27E+01 at (59,37,1)
       Min divergence: -0.43E+01 at (64,36,1)
       Max VN number :  0.31E+00 at (64,36,1)
       Mesh    6
       Max CFL number:  0.86E+00 at (58,33,16)
       Max divergence:  0.23E+01 at (53,36,28)
       Min divergence: -0.25E+01 at (64,29,1)
       Max VN number :  0.31E+00 at (60,25,28)
       Mesh    7
       Max CFL number:  0.84E+00 at (58,35,3)
       Max divergence:  0.15E+01 at (56,37,1)
       Min divergence: -0.18E+01 at (57,25,1)
       Max VN number :  0.29E+00 at (57,40,1)
 
       Time Step    26300   September  3, 2026  10:24:41
       Step Size:  0.160E-02 s, Total Time:   51.08537 s
       Pressure Iterations: 2
       Maximum Velocity Error:  0.55E-03 on Mesh 7 at (75,41,21)
       Maximum Pressure Error:  0.59E+03 on Mesh 5 at (59,28,18)
       Maximum CFL Number    :  0.87E+00 on Mesh 6 at (58,33,18)
       Maximum VN Number     :  0.41E+00 on Mesh 2 at (59,32,6)
       ---------------------------------------------------------------
       Mesh    1
       Max CFL number:  0.21E+00 at (15,25,30)
       Max divergence:  0.43E+01 at (15,27,2)
       Min divergence: -0.20E+01 at (15,26,7)
       Max VN number :  0.66E-01 at (14,33,38)
       Mesh    2
       Max CFL number:  0.56E+00 at (61,33,24)
       Max divergence:  0.11E+02 at (49,25,5)
       Min divergence: -0.63E+01 at (58,35,5)
       Max VN number :  0.41E+00 at (59,32,6)
       Mesh    3
       Max CFL number:  0.78E+00 at (59,32,24)
       Max divergence:  0.67E+01 at (60,37,1)
       Min divergence: -0.88E+01 at (57,36,1)
       Max VN number :  0.35E+00 at (57,36,1)
       Mesh    4
       Max CFL number:  0.83E+00 at (58,32,28)
       Max divergence:  0.41E+01 at (61,28,1)
       Min divergence: -0.64E+01 at (57,36,1)
       Max VN number :  0.32E+00 at (64,29,1)
       Mesh    5
       Max CFL number:  0.87E+00 at (58,31,23)
       Max divergence:  0.27E+01 at (59,28,1)
       Min divergence: -0.43E+01 at (64,36,1)
       Max VN number :  0.31E+00 at (64,29,1)
       Mesh    6
       Max CFL number:  0.87E+00 at (58,33,18)
       Max divergence:  0.27E+01 at (53,29,28)
       Min divergence: -0.27E+01 at (56,28,28)
       Max VN number :  0.33E+00 at (53,36,28)
       Mesh    7
       Max CFL number:  0.85E+00 at (58,35,4)
       Max divergence:  0.14E+01 at (61,28,1)
       Min divergence: -0.17E+01 at (60,37,21)
       Max VN number :  0.29E+00 at (56,28,1)
 
       Time Step    26400   September  3, 2026  10:28:13
       Step Size:  0.160E-02 s, Total Time:   51.24587 s
       Pressure Iterations: 4
       Maximum Velocity Error:  0.29E-03 on Mesh 7 at (47,0,21)
       Maximum Pressure Error:  0.22E+05 on Mesh 2 at (58,30,5)
       Maximum CFL Number    :  0.89E+00 on Mesh 6 at (57,33,23)
       Maximum VN Number     :  0.41E+00 on Mesh 2 at (59,33,6)
       ---------------------------------------------------------------
       Mesh    1
       Max CFL number:  0.21E+00 at (15,25,34)
       Max divergence:  0.43E+01 at (15,27,2)
       Min divergence: -0.20E+01 at (15,26,7)
       Max VN number :  0.66E-01 at (14,34,38)
       Mesh    2
       Max CFL number:  0.56E+00 at (61,33,24)
       Max divergence:  0.28E+02 at (58,30,5)
       Min divergence: -0.13E+02 at (58,35,5)
       Max VN number :  0.41E+00 at (59,33,6)
       Mesh    3
       Max CFL number:  0.78E+00 at (59,32,24)
       Max divergence:  0.67E+01 at (60,37,1)
       Min divergence: -0.88E+01 at (57,36,1)
       Max VN number :  0.35E+00 at (57,36,1)
       Mesh    4
       Max CFL number:  0.83E+00 at (58,32,28)
       Max divergence:  0.39E+01 at (61,28,1)
       Min divergence: -0.63E+01 at (57,36,1)
       Max VN number :  0.32E+00 at (64,36,1)
       Mesh    5
       Max CFL number:  0.87E+00 at (58,31,26)
       Max divergence:  0.26E+01 at (58,28,1)
       Min divergence: -0.39E+01 at (57,36,1)
       Max VN number :  0.32E+00 at (54,29,28)
       Mesh    6
       Max CFL number:  0.89E+00 at (57,33,23)
       Max divergence:  0.28E+01 at (60,29,28)
       Min divergence: -0.36E+01 at (58,28,28)
       Max VN number :  0.33E+00 at (60,25,28)
       Mesh    7
       Max CFL number:  0.86E+00 at (58,30,5)
       Max divergence:  0.14E+01 at (61,28,1)
       Min divergence: -0.18E+01 at (56,37,21)
       Max VN number :  0.28E+00 at (61,28,1)
 
       Time Step    26500   September  3, 2026  10:31:46
       Step Size:  0.160E-02 s, Total Time:   51.40636 s
       Pressure Iterations: 2
       Maximum Velocity Error:  0.57E-03 on Mesh 7 at (37,32,21)
       Maximum Pressure Error:  0.68E+03 on Mesh 5 at (59,37,24)
       Maximum CFL Number    :  0.89E+00 on Mesh 6 at (59,33,23)
       Maximum VN Number     :  0.41E+00 on Mesh 2 at (59,33,6)
       ---------------------------------------------------------------
       Mesh    1
       Max CFL number:  0.22E+00 at (15,25,31)
       Max divergence:  0.43E+01 at (15,27,2)
       Min divergence: -0.20E+01 at (15,26,7)
       Max VN number :  0.69E-01 at (13,33,38)
       Mesh    2
       Max CFL number:  0.56E+00 at (61,33,24)
       Max divergence:  0.11E+02 at (49,25,5)
       Min divergence: -0.86E+01 at (58,30,5)
       Max VN number :  0.41E+00 at (59,33,6)
       Mesh    3
       Max CFL number:  0.78E+00 at (59,32,24)
       Max divergence:  0.67E+01 at (60,37,1)
       Min divergence: -0.88E+01 at (57,36,1)
       Max VN number :  0.35E+00 at (57,36,1)
       Mesh    4
       Max CFL number:  0.82E+00 at (59,33,28)
       Max divergence:  0.37E+01 at (61,28,1)
       Min divergence: -0.63E+01 at (57,29,1)
       Max VN number :  0.32E+00 at (64,36,1)
       Mesh    5
       Max CFL number:  0.87E+00 at (58,32,26)
       Max divergence:  0.32E+01 at (60,29,28)
       Min divergence: -0.42E+01 at (56,28,28)
       Max VN number :  0.32E+00 at (52,29,28)
       Mesh    6
       Max CFL number:  0.89E+00 at (59,33,23)
       Max divergence:  0.30E+01 at (60,25,28)
       Min divergence: -0.22E+01 at (57,30,28)
       Max VN number :  0.31E+00 at (60,25,28)
       Mesh    7
       Max CFL number:  0.86E+00 at (58,30,5)
       Max divergence:  0.12E+01 at (61,28,1)
       Min divergence: -0.19E+01 at (57,38,21)
       Max VN number :  0.28E+00 at (61,28,1)
 
       Time Step    26600   September  3, 2026  10:35:17
       Step Size:  0.160E-02 s, Total Time:   51.56685 s
       Pressure Iterations: 3
       Maximum Velocity Error:  0.34E-03 on Mesh 7 at (80,64,21)
       Maximum Pressure Error:  0.46E+04 on Mesh 2 at (63,35,5)
       Maximum CFL Number    :  0.89E+00 on Mesh 6 at (59,33,26)
       Maximum VN Number     :  0.41E+00 on Mesh 2 at (59,33,6)
       ---------------------------------------------------------------
       Mesh    1
       Max CFL number:  0.22E+00 at (15,25,31)
       Max divergence:  0.43E+01 at (15,27,2)
       Min divergence: -0.20E+01 at (15,26,7)
       Max VN number :  0.65E-01 at (13,34,38)
       Mesh    2
       Max CFL number:  0.56E+00 at (61,32,24)
       Max divergence:  0.11E+02 at (49,25,5)
       Min divergence: -0.22E+02 at (63,35,5)
       Max VN number :  0.41E+00 at (59,33,6)
       Mesh    3
       Max CFL number:  0.78E+00 at (59,33,24)
       Max divergence:  0.67E+01 at (60,37,1)
       Min divergence: -0.88E+01 at (57,36,1)
       Max VN number :  0.35E+00 at (57,36,1)
       Mesh    4
       Max CFL number:  0.83E+00 at (59,33,23)
       Max divergence:  0.36E+01 at (61,28,1)
       Min divergence: -0.65E+01 at (64,36,1)
       Max VN number :  0.32E+00 at (64,36,1)
       Mesh    5
       Max CFL number:  0.88E+00 at (58,33,22)
       Max divergence:  0.37E+01 at (60,29,28)
       Min divergence: -0.41E+01 at (57,29,1)
       Max VN number :  0.32E+00 at (51,29,28)
       Mesh    6
       Max CFL number:  0.89E+00 at (59,33,26)
       Max divergence:  0.17E+01 at (56,28,1)
       Min divergence: -0.22E+01 at (60,25,1)
       Max VN number :  0.32E+00 at (64,32,28)
       Mesh    7
       Max CFL number:  0.85E+00 at (58,31,7)
       Max divergence:  0.12E+01 at (52,64,17)
       Min divergence: -0.19E+01 at (56,28,21)
       Max VN number :  0.29E+00 at (47,64,18)
 
       Time Step    26700   September  3, 2026  10:38:48
       Step Size:  0.160E-02 s, Total Time:   51.72734 s
       Pressure Iterations: 4
       Maximum Velocity Error:  0.38E-03 on Mesh 7 at (58,64,21)
       Maximum Pressure Error:  0.21E+05 on Mesh 2 at (58,35,5)
       Maximum CFL Number    :  0.89E+00 on Mesh 5 at (58,33,22)
       Maximum VN Number     :  0.41E+00 on Mesh 2 at (59,32,6)
       ---------------------------------------------------------------
       Mesh    1
       Max CFL number:  0.21E+00 at (15,25,32)
       Max divergence:  0.43E+01 at (15,27,2)
       Min divergence: -0.20E+01 at (15,26,7)
       Max VN number :  0.67E-01 at (13,34,38)
       Mesh    2
       Max CFL number:  0.56E+00 at (61,33,24)
       Max divergence:  0.28E+02 at (58,35,5)
       Min divergence: -0.85E+01 at (63,35,5)
       Max VN number :  0.41E+00 at (59,32,6)
       Mesh    3
       Max CFL number:  0.78E+00 at (59,33,24)
       Max divergence:  0.67E+01 at (60,37,1)
       Min divergence: -0.88E+01 at (57,29,1)
       Max VN number :  0.35E+00 at (57,36,1)
       Mesh    4
       Max CFL number:  0.83E+00 at (59,32,28)
       Max divergence:  0.34E+01 at (65,33,1)
       Min divergence: -0.65E+01 at (64,29,1)
       Max VN number :  0.32E+00 at (64,36,1)
       Mesh    5
       Max CFL number:  0.89E+00 at (58,33,22)
       Max divergence:  0.37E+01 at (60,28,28)
       Min divergence: -0.39E+01 at (57,29,1)
       Max VN number :  0.32E+00 at (68,29,28)
       Mesh    6
       Max CFL number:  0.89E+00 at (59,33,26)
       Max divergence:  0.14E+01 at (61,28,1)
       Min divergence: -0.22E+01 at (60,25,1)
       Max VN number :  0.33E+00 at (66,34,28)
       Mesh    7
       Max CFL number:  0.84E+00 at (58,31,8)
       Max divergence:  0.11E+01 at (70,64,17)
       Min divergence: -0.19E+01 at (55,27,21)
       Max VN number :  0.30E+00 at (53,25,1)
 
       Time Step    26800   September  3, 2026  10:42:18
       Step Size:  0.160E-02 s, Total Time:   51.88784 s
       Pressure Iterations: 4
       Maximum Velocity Error:  0.36E-03 on Mesh 7 at (59,64,21)
       Maximum Pressure Error:  0.19E+05 on Mesh 2 at (63,35,5)
       Maximum CFL Number    :  0.90E+00 on Mesh 5 at (58,33,23)
       Maximum VN Number     :  0.41E+00 on Mesh 2 at (59,33,6)
       ---------------------------------------------------------------
       Mesh    1
       Max CFL number:  0.21E+00 at (15,25,32)
       Max divergence:  0.43E+01 at (15,27,2)
       Min divergence: -0.20E+01 at (15,26,7)
       Max VN number :  0.61E-01 at (15,25,38)
       Mesh    2
       Max CFL number:  0.56E+00 at (61,33,24)
       Max divergence:  0.74E+02 at (58,30,5)
       Min divergence: -0.10E+02 at (63,30,5)
       Max VN number :  0.41E+00 at (59,33,6)
       Mesh    3
       Max CFL number:  0.79E+00 at (59,33,24)
       Max divergence:  0.67E+01 at (60,37,1)
       Min divergence: -0.89E+01 at (57,36,1)
       Max VN number :  0.35E+00 at (57,36,1)
       Mesh    4
       Max CFL number:  0.84E+00 at (59,33,28)
       Max divergence:  0.35E+01 at (59,37,1)
       Min divergence: -0.64E+01 at (57,29,1)
       Max VN number :  0.32E+00 at (64,36,1)
       Mesh    5
       Max CFL number:  0.90E+00 at (58,33,23)
       Max divergence:  0.39E+01 at (60,26,28)
       Min divergence: -0.37E+01 at (60,29,1)
       Max VN number :  0.30E+00 at (68,29,28)
       Mesh    6
       Max CFL number:  0.87E+00 at (59,33,28)
       Max divergence:  0.20E+01 at (58,36,28)
       Min divergence: -0.25E+01 at (60,34,28)
       Max VN number :  0.35E+00 at (68,31,28)
       Mesh    7
       Max CFL number:  0.84E+00 at (59,31,7)
       Max divergence:  0.98E+00 at (59,37,1)
       Min divergence: -0.17E+01 at (54,26,21)
       Max VN number :  0.31E+00 at (64,40,1)
 
       Time Step    26900   September  3, 2026  10:45:48
       Step Size:  0.160E-02 s, Total Time:   52.04833 s
       Pressure Iterations: 2
       Maximum Velocity Error:  0.68E-03 on Mesh 7 at (61,0,21)
       Maximum Pressure Error:  0.43E+03 on Mesh 2 at (58,30,5)
       Maximum CFL Number    :  0.90E+00 on Mesh 5 at (58,33,25)
       Maximum VN Number     :  0.41E+00 on Mesh 2 at (59,32,6)
       ---------------------------------------------------------------
       Mesh    1
       Max CFL number:  0.21E+00 at (15,25,27)
       Max divergence:  0.43E+01 at (15,27,2)
       Min divergence: -0.20E+01 at (15,26,7)
       Max VN number :  0.62E-01 at (15,25,38)
       Mesh    2
       Max CFL number:  0.56E+00 at (61,33,24)
       Max divergence:  0.11E+02 at (49,25,5)
       Min divergence: -0.10E+02 at (58,35,5)
       Max VN number :  0.41E+00 at (59,32,6)
       Mesh    3
       Max CFL number:  0.79E+00 at (59,33,24)
       Max divergence:  0.67E+01 at (60,37,1)
       Min divergence: -0.88E+01 at (57,29,1)
       Max VN number :  0.35E+00 at (57,36,1)
       Mesh    4
       Max CFL number:  0.84E+00 at (59,33,28)
       Max divergence:  0.36E+01 at (59,37,1)
       Min divergence: -0.64E+01 at (57,36,1)
       Max VN number :  0.32E+00 at (64,29,1)
       Mesh    5
       Max CFL number:  0.90E+00 at (58,33,25)
       Max divergence:  0.42E+01 at (60,25,28)
       Min divergence: -0.35E+01 at (60,29,1)
       Max VN number :  0.32E+00 at (66,31,28)
       Mesh    6
       Max CFL number:  0.86E+00 at (59,33,28)
       Max divergence:  0.25E+01 at (57,36,28)
       Min divergence: -0.27E+01 at (60,34,28)
       Max VN number :  0.33E+00 at (68,33,28)
       Mesh    7
       Max CFL number:  0.84E+00 at (59,30,7)
       Max divergence:  0.13E+01 at (60,37,1)
       Min divergence: -0.20E+01 at (60,36,1)
       Max VN number :  0.31E+00 at (64,25,1)
 
       Time Step    27000   September  3, 2026  10:49:18
       Step Size:  0.160E-02 s, Total Time:   52.20882 s
       Pressure Iterations: 3
       Maximum Velocity Error:  0.39E-03 on Mesh 7 at (37,0,21)
       Maximum Pressure Error:  0.46E+04 on Mesh 2 at (58,30,5)
       Maximum CFL Number    :  0.90E+00 on Mesh 5 at (58,33,25)
       Maximum VN Number     :  0.41E+00 on Mesh 2 at (59,32,6)
       ---------------------------------------------------------------
       Mesh    1
       Max CFL number:  0.21E+00 at (15,25,27)
       Max divergence:  0.43E+01 at (15,27,2)
       Min divergence: -0.20E+01 at (15,26,7)
       Max VN number :  0.62E-01 at (15,25,38)
       Mesh    2
       Max CFL number:  0.56E+00 at (61,33,24)
       Max divergence:  0.11E+02 at (49,25,5)
       Min divergence: -0.22E+02 at (58,30,5)
       Max VN number :  0.41E+00 at (59,32,6)
       Mesh    3
       Max CFL number:  0.79E+00 at (59,33,24)
       Max divergence:  0.67E+01 at (60,28,1)
       Min divergence: -0.88E+01 at (57,29,1)
       Max VN number :  0.35E+00 at (57,36,1)
       Mesh    4
       Max CFL number:  0.85E+00 at (59,33,28)
       Max divergence:  0.36E+01 at (59,37,1)
       Min divergence: -0.65E+01 at (57,36,1)
       Max VN number :  0.32E+00 at (64,29,1)
       Mesh    5
       Max CFL number:  0.90E+00 at (58,33,25)
       Max divergence:  0.26E+01 at (60,25,28)
       Min divergence: -0.34E+01 at (60,29,1)
       Max VN number :  0.32E+00 at (66,31,28)
       Mesh    6
       Max CFL number:  0.86E+00 at (58,33,28)
       Max divergence:  0.30E+01 at (57,36,28)
       Min divergence: -0.22E+01 at (60,36,1)
       Max VN number :  0.39E+00 at (64,28,28)
       Mesh    7
       Max CFL number:  0.84E+00 at (58,29,3)
       Max divergence:  0.14E+01 at (60,37,1)
       Min divergence: -0.18E+01 at (60,36,1)
       Max VN number :  0.33E+00 at (64,25,1)
 
       Time Step    27100   September  3, 2026  10:52:48
       Step Size:  0.160E-02 s, Total Time:   52.36931 s
       Pressure Iterations: 4
       Maximum Velocity Error:  0.40E-03 on Mesh 7 at (75,64,21)
       Maximum Pressure Error:  0.75E+04 on Mesh 2 at (63,35,4)
       Maximum CFL Number    :  0.89E+00 on Mesh 5 at (59,33,26)
       Maximum VN Number     :  0.41E+00 on Mesh 2 at (59,32,6)
       ---------------------------------------------------------------
       Mesh    1
       Max CFL number:  0.21E+00 at (15,25,27)
       Max divergence:  0.43E+01 at (15,27,2)
       Min divergence: -0.20E+01 at (15,26,7)
       Max VN number :  0.62E-01 at (15,25,38)
       Mesh    2
       Max CFL number:  0.56E+00 at (61,33,24)
       Max divergence:  0.66E+02 at (63,35,5)
       Min divergence: -0.29E+02 at (63,30,5)
       Max VN number :  0.41E+00 at (59,32,6)
       Mesh    3
       Max CFL number:  0.79E+00 at (59,32,24)
       Max divergence:  0.66E+01 at (60,28,1)
       Min divergence: -0.89E+01 at (57,29,1)
       Max VN number :  0.35E+00 at (57,36,1)
       Mesh    4
       Max CFL number:  0.84E+00 at (59,33,28)
       Max divergence:  0.37E+01 at (59,37,1)
       Min divergence: -0.66E+01 at (57,36,1)
       Max VN number :  0.32E+00 at (57,29,1)
       Mesh    5
       Max CFL number:  0.89E+00 at (59,33,26)
       Max divergence:  0.21E+01 at (53,31,28)
       Min divergence: -0.33E+01 at (60,29,1)
       Max VN number :  0.34E+00 at (67,31,28)
       Mesh    6
       Max CFL number:  0.86E+00 at (58,33,28)
       Max divergence:  0.31E+01 at (57,36,28)
       Min divergence: -0.22E+01 at (57,36,1)
       Max VN number :  0.39E+00 at (64,28,28)
       Mesh    7
       Max CFL number:  0.84E+00 at (58,29,4)
       Max divergence:  0.14E+01 at (59,37,1)
       Min divergence: -0.19E+01 at (53,36,1)
       Max VN number :  0.32E+00 at (64,25,1)
 
       Time Step    27200   September  3, 2026  10:56:18
       Step Size:  0.160E-02 s, Total Time:   52.52980 s
       Pressure Iterations: 4
       Maximum Velocity Error:  0.34E-03 on Mesh 7 at (58,0,21)
       Maximum Pressure Error:  0.19E+05 on Mesh 2 at (63,30,5)
       Maximum CFL Number    :  0.89E+00 on Mesh 5 at (59,33,25)
       Maximum VN Number     :  0.41E+00 on Mesh 2 at (59,32,6)
       ---------------------------------------------------------------
       Mesh    1
       Max CFL number:  0.21E+00 at (15,25,34)
       Max divergence:  0.43E+01 at (15,27,2)
       Min divergence: -0.20E+01 at (15,25,7)
       Max VN number :  0.79E-01 at (20,25,38)
       Mesh    2
       Max CFL number:  0.56E+00 at (61,32,24)
       Max divergence:  0.24E+02 at (63,30,5)
       Min divergence: -0.22E+02 at (58,30,5)
       Max VN number :  0.41E+00 at (59,32,6)
       Mesh    3
       Max CFL number:  0.79E+00 at (59,32,24)
       Max divergence:  0.66E+01 at (60,37,1)
       Min divergence: -0.88E+01 at (57,36,1)
       Max VN number :  0.35E+00 at (57,36,1)
       Mesh    4
       Max CFL number:  0.84E+00 at (59,33,28)
       Max divergence:  0.37E+01 at (59,37,1)
       Min divergence: -0.66E+01 at (57,36,1)
       Max VN number :  0.32E+00 at (57,36,1)
       Mesh    5
       Max CFL number:  0.89E+00 at (59,33,25)
       Max divergence:  0.22E+01 at (53,30,28)
       Min divergence: -0.33E+01 at (57,36,1)
       Max VN number :  0.34E+00 at (67,30,28)
       Mesh    6
       Max CFL number:  0.86E+00 at (58,33,28)
       Max divergence:  0.34E+01 at (63,26,28)
       Min divergence: -0.24E+01 at (52,34,28)
       Max VN number :  0.37E+00 at (64,28,28)
       Mesh    7
       Max CFL number:  0.86E+00 at (58,29,6)
       Max divergence:  0.14E+01 at (59,37,1)
       Min divergence: -0.24E+01 at (64,25,9)
       Max VN number :  0.32E+00 at (64,25,8)
 
       Time Step    27300   September  3, 2026  10:59:48
       Step Size:  0.160E-02 s, Total Time:   52.69030 s
       Pressure Iterations: 3
       Maximum Velocity Error:  0.64E-03 on Mesh 7 at (60,0,21)
       Maximum Pressure Error:  0.12E+04 on Mesh 7 at (64,25,12)
       Maximum CFL Number    :  0.89E+00 on Mesh 5 at (59,33,25)
       Maximum VN Number     :  0.41E+00 on Mesh 2 at (59,32,6)
       ---------------------------------------------------------------
       Mesh    1
       Max CFL number:  0.21E+00 at (15,25,34)
       Max divergence:  0.43E+01 at (15,27,2)
       Min divergence: -0.20E+01 at (15,25,7)
       Max VN number :  0.85E-01 at (20,25,38)
       Mesh    2
       Max CFL number:  0.56E+00 at (61,32,24)
       Max divergence:  0.11E+02 at (49,25,5)
       Min divergence: -0.13E+02 at (63,30,5)
       Max VN number :  0.41E+00 at (59,32,6)
       Mesh    3
       Max CFL number:  0.79E+00 at (59,32,24)
       Max divergence:  0.67E+01 at (60,37,1)
       Min divergence: -0.88E+01 at (57,29,1)
       Max VN number :  0.35E+00 at (57,36,1)
       Mesh    4
       Max CFL number:  0.84E+00 at (58,33,28)
       Max divergence:  0.36E+01 at (59,37,1)
       Min divergence: -0.66E+01 at (57,36,1)
       Max VN number :  0.32E+00 at (57,36,1)
       Mesh    5
       Max CFL number:  0.89E+00 at (59,33,25)
       Max divergence:  0.29E+01 at (54,27,28)
       Min divergence: -0.35E+01 at (57,36,1)
       Max VN number :  0.33E+00 at (67,30,28)
       Mesh    6
       Max CFL number:  0.87E+00 at (57,32,27)
       Max divergence:  0.31E+01 at (63,26,28)
       Min divergence: -0.28E+01 at (57,31,28)
       Max VN number :  0.34E+00 at (64,28,28)
       Mesh    7
       Max CFL number:  0.87E+00 at (58,29,7)
       Max divergence:  0.15E+01 at (59,37,1)
       Min divergence: -0.27E+01 at (64,25,11)
       Max VN number :  0.32E+00 at (60,1,18)
 
       Time Step    27400   September  3, 2026  11:03:18
       Step Size:  0.160E-02 s, Total Time:   52.85079 s
       Pressure Iterations: 4
       Maximum Velocity Error:  0.32E-03 on Mesh 7 at (67,0,21)
       Maximum Pressure Error:  0.22E+05 on Mesh 2 at (58,35,5)
       Maximum CFL Number    :  0.88E+00 on Mesh 5 at (59,33,28)
       Maximum VN Number     :  0.41E+00 on Mesh 2 at (59,32,6)
       ---------------------------------------------------------------
       Mesh    1
       Max CFL number:  0.21E+00 at (15,26,32)
       Max divergence:  0.43E+01 at (15,27,2)
       Min divergence: -0.20E+01 at (15,25,7)
       Max VN number :  0.87E-01 at (20,25,38)
       Mesh    2
       Max CFL number:  0.56E+00 at (61,32,24)
       Max divergence:  0.29E+02 at (58,35,5)
       Min divergence: -0.72E+01 at (63,35,5)
       Max VN number :  0.41E+00 at (59,32,6)
       Mesh    3
       Max CFL number:  0.79E+00 at (59,32,24)
       Max divergence:  0.67E+01 at (60,37,1)
       Min divergence: -0.89E+01 at (57,36,1)
       Max VN number :  0.35E+00 at (57,29,1)
       Mesh    4
       Max CFL number:  0.84E+00 at (58,32,28)
       Max divergence:  0.37E+01 at (59,37,1)
       Min divergence: -0.66E+01 at (57,36,1)
       Max VN number :  0.32E+00 at (57,36,1)
       Mesh    5
       Max CFL number:  0.88E+00 at (59,33,28)
       Max divergence:  0.31E+01 at (54,27,28)
       Min divergence: -0.35E+01 at (57,36,1)
       Max VN number :  0.32E+00 at (53,26,28)
       Mesh    6
       Max CFL number:  0.88E+00 at (56,31,28)
       Max divergence:  0.25E+01 at (63,26,28)
       Min divergence: -0.33E+01 at (57,31,28)
       Max VN number :  0.33E+00 at (62,26,28)
       Mesh    7
       Max CFL number:  0.87E+00 at (58,29,8)
       Max divergence:  0.15E+01 at (56,37,1)
       Min divergence: -0.21E+01 at (65,25,12)
       Max VN number :  0.33E+00 at (60,1,18)
 
       Time Step    27500   September  3, 2026  11:06:47
       Step Size:  0.160E-02 s, Total Time:   53.01128 s
       Pressure Iterations: 4
       Maximum Velocity Error:  0.28E-03 on Mesh 7 at (70,0,21)
       Maximum Pressure Error:  0.19E+05 on Mesh 2 at (63,30,5)
       Maximum CFL Number    :  0.88E+00 on Mesh 5 at (59,32,28)
       Maximum VN Number     :  0.41E+00 on Mesh 2 at (59,33,6)
       ---------------------------------------------------------------
       Mesh    1
       Max CFL number:  0.21E+00 at (15,26,32)
       Max divergence:  0.43E+01 at (15,27,2)
       Min divergence: -0.20E+01 at (15,25,7)
       Max VN number :  0.82E-01 at (20,25,38)
       Mesh    2
       Max CFL number:  0.56E+00 at (61,32,24)
       Max divergence:  0.24E+02 at (63,30,5)
       Min divergence: -0.30E+02 at (58,35,5)
       Max VN number :  0.41E+00 at (59,33,6)
       Mesh    3
       Max CFL number:  0.79E+00 at (59,33,24)
       Max divergence:  0.66E+01 at (60,37,1)
       Min divergence: -0.89E+01 at (57,36,1)
       Max VN number :  0.35E+00 at (57,36,1)
       Mesh    4
       Max CFL number:  0.84E+00 at (58,32,28)
       Max divergence:  0.37E+01 at (59,37,1)
       Min divergence: -0.66E+01 at (57,29,1)
       Max VN number :  0.32E+00 at (57,36,1)
       Mesh    5
       Max CFL number:  0.88E+00 at (59,32,28)
       Max divergence:  0.26E+01 at (54,27,28)
       Min divergence: -0.35E+01 at (57,36,1)
       Max VN number :  0.34E+00 at (64,28,28)
       Mesh    6
       Max CFL number:  0.87E+00 at (56,31,28)
       Max divergence:  0.22E+01 at (58,29,28)
       Min divergence: -0.33E+01 at (57,31,28)
       Max VN number :  0.32E+00 at (64,25,1)
       Mesh    7
       Max CFL number:  0.86E+00 at (58,29,10)
       Max divergence:  0.16E+01 at (56,37,1)
       Min divergence: -0.18E+01 at (61,27,21)
       Max VN number :  0.32E+00 at (60,1,18)
 
       Time Step    27600   September  3, 2026  11:10:17
       Step Size:  0.160E-02 s, Total Time:   53.17177 s
       Pressure Iterations: 4
       Maximum Velocity Error:  0.28E-03 on Mesh 7 at (73,0,21)
       Maximum Pressure Error:  0.73E+04 on Mesh 2 at (63,35,4)
       Maximum CFL Number    :  0.88E+00 on Mesh 5 at (58,32,28)
       Maximum VN Number     :  0.41E+00 on Mesh 2 at (59,33,6)
       ---------------------------------------------------------------
       Mesh    1
       Max CFL number:  0.21E+00 at (15,25,32)
       Max divergence:  0.43E+01 at (15,27,2)
       Min divergence: -0.20E+01 at (15,25,7)
       Max VN number :  0.76E-01 at (21,25,38)
       Mesh    2
       Max CFL number:  0.56E+00 at (61,32,24)
       Max divergence:  0.66E+02 at (63,35,5)
       Min divergence: -0.30E+02 at (58,35,5)
       Max VN number :  0.41E+00 at (59,33,6)
       Mesh    3
       Max CFL number:  0.79E+00 at (59,33,24)
       Max divergence:  0.67E+01 at (60,37,1)
       Min divergence: -0.88E+01 at (57,36,1)
       Max VN number :  0.35E+00 at (57,36,1)
       Mesh    4
       Max CFL number:  0.84E+00 at (59,32,28)
       Max divergence:  0.38E+01 at (61,37,1)
       Min divergence: -0.66E+01 at (64,36,1)
       Max VN number :  0.32E+00 at (64,36,1)
       Mesh    5
       Max CFL number:  0.88E+00 at (58,32,28)
       Max divergence:  0.26E+01 at (64,26,28)
       Min divergence: -0.35E+01 at (57,36,1)
       Max VN number :  0.34E+00 at (64,27,28)
       Mesh    6
       Max CFL number:  0.86E+00 at (57,33,27)
       Max divergence:  0.19E+01 at (60,37,1)
       Min divergence: -0.29E+01 at (53,36,1)
       Max VN number :  0.32E+00 at (64,25,1)
       Mesh    7
       Max CFL number:  0.84E+00 at (58,30,9)
       Max divergence:  0.17E+01 at (56,37,1)
       Min divergence: -0.20E+01 at (57,40,1)
       Max VN number :  0.31E+00 at (60,1,18)
 
       Time Step    27700   September  3, 2026  11:13:47
       Step Size:  0.160E-02 s, Total Time:   53.33226 s
       Pressure Iterations: 3
       Maximum Velocity Error:  0.39E-03 on Mesh 7 at (75,0,21)
       Maximum Pressure Error:  0.69E+03 on Mesh 6 at (64,25,8)
       Maximum CFL Number    :  0.89E+00 on Mesh 5 at (58,32,28)
       Maximum VN Number     :  0.41E+00 on Mesh 2 at (59,32,6)
       ---------------------------------------------------------------
       Mesh    1
       Max CFL number:  0.21E+00 at (15,25,32)
       Max divergence:  0.43E+01 at (15,27,2)
       Min divergence: -0.20E+01 at (15,25,7)
       Max VN number :  0.78E-01 at (21,25,38)
       Mesh    2
       Max CFL number:  0.56E+00 at (61,32,24)
       Max divergence:  0.11E+02 at (49,25,5)
       Min divergence: -0.10E+02 at (63,35,5)
       Max VN number :  0.41E+00 at (59,32,6)
       Mesh    3
       Max CFL number:  0.79E+00 at (59,33,24)
       Max divergence:  0.67E+01 at (60,37,1)
       Min divergence: -0.88E+01 at (57,29,1)
       Max VN number :  0.35E+00 at (57,36,1)
       Mesh    4
       Max CFL number:  0.85E+00 at (59,33,28)
       Max divergence:  0.39E+01 at (61,37,1)
       Min divergence: -0.68E+01 at (64,36,1)
       Max VN number :  0.32E+00 at (64,36,1)
       Mesh    5
       Max CFL number:  0.89E+00 at (58,32,28)
       Max divergence:  0.28E+01 at (64,26,28)
       Min divergence: -0.36E+01 at (57,36,1)
       Max VN number :  0.32E+00 at (64,27,28)
       Mesh    6
       Max CFL number:  0.85E+00 at (58,30,15)
       Max divergence:  0.20E+01 at (55,29,28)
       Min divergence: -0.30E+01 at (53,36,1)
       Max VN number :  0.31E+00 at (64,25,1)
       Mesh    7
       Max CFL number:  0.83E+00 at (59,33,8)
       Max divergence:  0.16E+01 at (56,37,1)
       Min divergence: -0.22E+01 at (57,40,1)
       Max VN number :  0.30E+00 at (68,1,18)
 
       Time Step    27800   September  3, 2026  11:17:16
       Step Size:  0.160E-02 s, Total Time:   53.49276 s
       Pressure Iterations: 3
       Maximum Velocity Error:  0.36E-03 on Mesh 7 at (76,0,21)
       Maximum Pressure Error:  0.76E+03 on Mesh 6 at (64,25,10)
       Maximum CFL Number    :  0.89E+00 on Mesh 5 at (58,31,28)
       Maximum VN Number     :  0.41E+00 on Mesh 2 at (59,33,6)
       ---------------------------------------------------------------
       Mesh    1
       Max CFL number:  0.21E+00 at (15,25,29)
       Max divergence:  0.43E+01 at (15,27,2)
       Min divergence: -0.20E+01 at (15,25,7)
       Max VN number :  0.76E-01 at (21,25,38)
       Mesh    2
       Max CFL number:  0.56E+00 at (61,32,24)
       Max divergence:  0.11E+02 at (49,25,5)
       Min divergence: -0.16E+02 at (63,30,5)
       Max VN number :  0.41E+00 at (59,33,6)
       Mesh    3
       Max CFL number:  0.79E+00 at (59,33,24)
       Max divergence:  0.66E+01 at (60,37,1)
       Min divergence: -0.89E+01 at (57,29,1)
       Max VN number :  0.35E+00 at (57,36,1)
       Mesh    4
       Max CFL number:  0.85E+00 at (59,32,28)
       Max divergence:  0.40E+01 at (61,37,1)
       Min divergence: -0.69E+01 at (64,36,1)
       Max VN number :  0.33E+00 at (64,28,28)
       Mesh    5
       Max CFL number:  0.89E+00 at (58,31,28)
       Max divergence:  0.31E+01 at (56,36,28)
       Min divergence: -0.40E+01 at (57,31,28)
       Max VN number :  0.30E+00 at (64,25,28)
       Mesh    6
       Max CFL number:  0.86E+00 at (58,30,17)
       Max divergence:  0.20E+01 at (59,37,1)
       Min divergence: -0.30E+01 at (53,36,1)
       Max VN number :  0.32E+00 at (54,29,28)
       Mesh    7
       Max CFL number:  0.83E+00 at (58,34,6)
       Max divergence:  0.16E+01 at (56,37,1)
       Min divergence: -0.22E+01 at (57,40,1)
       Max VN number :  0.29E+00 at (70,1,18)
 
       Time Step    27900   September  3, 2026  11:20:46
       Step Size:  0.160E-02 s, Total Time:   53.65325 s
       Pressure Iterations: 3
       Maximum Velocity Error:  0.32E-03 on Mesh 2 at (63,30,4)
       Maximum Pressure Error:  0.70E+04 on Mesh 2 at (58,30,5)
       Maximum CFL Number    :  0.88E+00 on Mesh 5 at (58,32,28)
       Maximum VN Number     :  0.41E+00 on Mesh 2 at (59,32,6)
       ---------------------------------------------------------------
       Mesh    1
       Max CFL number:  0.21E+00 at (15,25,29)
       Max divergence:  0.43E+01 at (15,24,2)
       Min divergence: -0.20E+01 at (15,25,7)
       Max VN number :  0.68E-01 at (21,25,38)
       Mesh    2
       Max CFL number:  0.56E+00 at (61,32,24)
       Max divergence:  0.11E+02 at (49,25,5)
       Min divergence: -0.31E+02 at (58,30,5)
       Max VN number :  0.41E+00 at (59,32,6)
       Mesh    3
       Max CFL number:  0.79E+00 at (59,33,24)
       Max divergence:  0.66E+01 at (60,37,1)
       Min divergence: -0.89E+01 at (57,29,1)
       Max VN number :  0.35E+00 at (57,29,1)
       Mesh    4
       Max CFL number:  0.85E+00 at (59,33,28)
       Max divergence:  0.41E+01 at (61,37,1)
       Min divergence: -0.69E+01 at (64,29,1)
       Max VN number :  0.33E+00 at (64,28,28)
       Mesh    5
       Max CFL number:  0.88E+00 at (58,32,28)
       Max divergence:  0.29E+01 at (55,36,28)
       Min divergence: -0.39E+01 at (57,31,28)
       Max VN number :  0.30E+00 at (64,25,1)
       Mesh    6
       Max CFL number:  0.86E+00 at (58,30,17)
       Max divergence:  0.20E+01 at (59,37,1)
       Min divergence: -0.30E+01 at (53,29,1)
       Max VN number :  0.33E+00 at (54,29,28)
       Mesh    7
       Max CFL number:  0.83E+00 at (58,34,4)
       Max divergence:  0.15E+01 at (56,37,1)
       Min divergence: -0.22E+01 at (57,40,1)
       Max VN number :  0.29E+00 at (72,1,18)
 
       Time Step    28000   September  3, 2026  11:24:15
       Step Size:  0.160E-02 s, Total Time:   53.81374 s
       Pressure Iterations: 4
       Maximum Velocity Error:  0.29E-03 on Mesh 2 at (58,30,4)
       Maximum Pressure Error:  0.22E+05 on Mesh 2 at (58,30,5)
       Maximum CFL Number    :  0.88E+00 on Mesh 5 at (58,33,28)
       Maximum VN Number     :  0.41E+00 on Mesh 2 at (59,33,6)
       ---------------------------------------------------------------
       Mesh    1
       Max CFL number:  0.21E+00 at (15,25,30)
       Max divergence:  0.43E+01 at (15,24,2)
       Min divergence: -0.20E+01 at (15,25,7)
       Max VN number :  0.63E-01 at (14,33,38)
       Mesh    2
       Max CFL number:  0.56E+00 at (61,32,24)
       Max divergence:  0.29E+02 at (58,30,5)
       Min divergence: -0.13E+02 at (63,35,5)
       Max VN number :  0.41E+00 at (59,33,6)
       Mesh    3
       Max CFL number:  0.79E+00 at (59,33,24)
       Max divergence:  0.67E+01 at (60,37,1)
       Min divergence: -0.88E+01 at (57,29,1)
       Max VN number :  0.35E+00 at (57,29,1)
       Mesh    4
       Max CFL number:  0.85E+00 at (59,33,28)
       Max divergence:  0.41E+01 at (61,37,1)
       Min divergence: -0.69E+01 at (64,29,1)
       Max VN number :  0.33E+00 at (64,39,28)
       Mesh    5
       Max CFL number:  0.88E+00 at (58,33,28)
       Max divergence:  0.26E+01 at (59,37,1)
       Min divergence: -0.39E+01 at (57,36,1)
       Max VN number :  0.30E+00 at (64,25,1)
       Mesh    6
       Max CFL number:  0.86E+00 at (58,30,19)
       Max divergence:  0.20E+01 at (52,30,28)
       Min divergence: -0.29E+01 at (53,29,1)
       Max VN number :  0.31E+00 at (52,29,28)
       Mesh    7
       Max CFL number:  0.83E+00 at (58,34,3)
       Max divergence:  0.15E+01 at (56,37,1)
       Min divergence: -0.22E+01 at (57,40,1)
       Max VN number :  0.28E+00 at (57,40,1)
 
       Time Step    28100   September  3, 2026  11:27:44
       Step Size:  0.160E-02 s, Total Time:   53.97423 s
       Pressure Iterations: 4
       Maximum Velocity Error:  0.31E-03 on Mesh 7 at (54,64,21)
       Maximum Pressure Error:  0.22E+05 on Mesh 2 at (58,35,5)
       Maximum CFL Number    :  0.88E+00 on Mesh 5 at (58,33,28)
       Maximum VN Number     :  0.41E+00 on Mesh 2 at (59,32,6)
       ---------------------------------------------------------------
       Mesh    1
       Max CFL number:  0.21E+00 at (15,25,30)
       Max divergence:  0.43E+01 at (15,24,2)
       Min divergence: -0.20E+01 at (15,25,7)
       Max VN number :  0.62E-01 at (14,33,38)
       Mesh    2
       Max CFL number:  0.56E+00 at (60,32,23)
       Max divergence:  0.29E+02 at (58,35,5)
       Min divergence: -0.84E+01 at (63,30,5)
       Max VN number :  0.41E+00 at (59,32,6)
       Mesh    3
       Max CFL number:  0.79E+00 at (59,32,24)
       Max divergence:  0.67E+01 at (60,28,1)
       Min divergence: -0.88E+01 at (57,29,1)
       Max VN number :  0.35E+00 at (57,29,1)
       Mesh    4
       Max CFL number:  0.85E+00 at (59,33,28)
       Max divergence:  0.41E+01 at (61,37,1)
       Min divergence: -0.68E+01 at (64,29,1)
       Max VN number :  0.33E+00 at (64,26,28)
       Mesh    5
       Max CFL number:  0.88E+00 at (58,33,28)
       Max divergence:  0.27E+01 at (59,37,1)
       Min divergence: -0.40E+01 at (53,36,1)
       Max VN number :  0.29E+00 at (57,29,1)
       Mesh    6
       Max CFL number:  0.86E+00 at (58,30,19)
       Max divergence:  0.22E+01 at (51,29,28)
       Min divergence: -0.28E+01 at (60,29,1)
       Max VN number :  0.32E+00 at (60,40,28)
       Mesh    7
       Max CFL number:  0.83E+00 at (58,34,3)
       Max divergence:  0.16E+01 at (56,37,1)
       Min divergence: -0.21E+01 at (57,40,1)
       Max VN number :  0.28E+00 at (57,40,1)
 
       Time Step    28200   September  3, 2026  11:31:14
       Step Size:  0.160E-02 s, Total Time:   54.13473 s
       Pressure Iterations: 3
       Maximum Velocity Error:  0.51E-03 on Mesh 7 at (69,22,21)
       Maximum Pressure Error:  0.56E+04 on Mesh 2 at (63,30,5)
       Maximum CFL Number    :  0.88E+00 on Mesh 5 at (58,33,28)
       Maximum VN Number     :  0.41E+00 on Mesh 2 at (59,32,6)
       ---------------------------------------------------------------
       Mesh    1
       Max CFL number:  0.21E+00 at (15,25,29)
       Max divergence:  0.43E+01 at (15,24,2)
       Min divergence: -0.20E+01 at (15,25,7)
       Max VN number :  0.61E-01 at (14,33,38)
       Mesh    2
       Max CFL number:  0.56E+00 at (61,32,24)
       Max divergence:  0.11E+02 at (49,40,5)
       Min divergence: -0.29E+02 at (63,30,5)
       Max VN number :  0.41E+00 at (59,32,6)
       Mesh    3
       Max CFL number:  0.79E+00 at (59,32,24)
       Max divergence:  0.66E+01 at (60,28,1)
       Min divergence: -0.89E+01 at (57,29,1)
       Max VN number :  0.35E+00 at (57,29,1)
       Mesh    4
       Max CFL number:  0.85E+00 at (59,32,28)
       Max divergence:  0.41E+01 at (61,37,1)
       Min divergence: -0.68E+01 at (64,29,1)
       Max VN number :  0.33E+00 at (64,29,1)
       Mesh    5
       Max CFL number:  0.88E+00 at (58,33,28)
       Max divergence:  0.27E+01 at (59,28,1)
       Min divergence: -0.41E+01 at (53,36,1)
       Max VN number :  0.29E+00 at (57,29,1)
       Mesh    6
       Max CFL number:  0.86E+00 at (58,30,21)
       Max divergence:  0.23E+01 at (64,29,28)
       Min divergence: -0.28E+01 at (60,29,1)
       Max VN number :  0.32E+00 at (60,40,28)
       Mesh    7
       Max CFL number:  0.83E+00 at (58,33,3)
       Max divergence:  0.17E+01 at (56,37,1)
       Min divergence: -0.21E+01 at (57,40,1)
       Max VN number :  0.28E+00 at (57,40,1)
 
       Time Step    28300   September  3, 2026  11:34:43
       Step Size:  0.160E-02 s, Total Time:   54.29522 s
       Pressure Iterations: 3
       Maximum Velocity Error:  0.50E-03 on Mesh 7 at (69,21,21)
       Maximum Pressure Error:  0.75E+03 on Mesh 2 at (63,30,5)
       Maximum CFL Number    :  0.88E+00 on Mesh 5 at (58,32,25)
       Maximum VN Number     :  0.41E+00 on Mesh 2 at (59,33,6)
       ---------------------------------------------------------------
       Mesh    1
       Max CFL number:  0.21E+00 at (15,26,31)
       Max divergence:  0.43E+01 at (15,24,2)
       Min divergence: -0.20E+01 at (15,25,7)
       Max VN number :  0.60E-01 at (15,17,38)
       Mesh    2
       Max CFL number:  0.56E+00 at (61,32,24)
       Max divergence:  0.11E+02 at (49,25,5)
       Min divergence: -0.87E+01 at (58,35,5)
       Max VN number :  0.41E+00 at (59,33,6)
       Mesh    3
       Max CFL number:  0.79E+00 at (59,32,24)
       Max divergence:  0.67E+01 at (60,28,1)
       Min divergence: -0.88E+01 at (57,29,1)
       Max VN number :  0.35E+00 at (57,29,1)
       Mesh    4
       Max CFL number:  0.85E+00 at (59,33,28)
       Max divergence:  0.42E+01 at (61,28,1)
       Min divergence: -0.66E+01 at (64,29,1)
       Max VN number :  0.33E+00 at (64,29,1)
       Mesh    5
       Max CFL number:  0.88E+00 at (58,32,25)
       Max divergence:  0.27E+01 at (59,28,1)
       Min divergence: -0.41E+01 at (53,36,1)
       Max VN number :  0.29E+00 at (57,36,1)
       Mesh    6
       Max CFL number:  0.86E+00 at (58,30,21)
       Max divergence:  0.26E+01 at (64,29,28)
       Min divergence: -0.28E+01 at (60,29,1)
       Max VN number :  0.32E+00 at (60,40,28)
       Mesh    7
       Max CFL number:  0.83E+00 at (59,31,4)
       Max divergence:  0.16E+01 at (56,37,1)
       Min divergence: -0.20E+01 at (57,40,1)
       Max VN number :  0.28E+00 at (57,40,1)
 
       Time Step    28400   September  3, 2026  11:38:12
       Step Size:  0.160E-02 s, Total Time:   54.45571 s
       Pressure Iterations: 4
       Maximum Velocity Error:  0.29E-03 on Mesh 2 at (58,35,4)
       Maximum Pressure Error:  0.23E+05 on Mesh 2 at (58,35,5)
       Maximum CFL Number    :  0.87E+00 on Mesh 5 at (58,32,28)
       Maximum VN Number     :  0.41E+00 on Mesh 2 at (59,32,6)
       ---------------------------------------------------------------
       Mesh    1
       Max CFL number:  0.21E+00 at (15,26,34)
       Max divergence:  0.43E+01 at (15,24,2)
       Min divergence: -0.20E+01 at (15,25,7)
       Max VN number :  0.61E-01 at (14,17,38)
       Mesh    2
       Max CFL number:  0.56E+00 at (61,32,24)
       Max divergence:  0.30E+02 at (58,35,5)
       Min divergence: -0.31E+02 at (58,30,5)
       Max VN number :  0.41E+00 at (59,32,6)
       Mesh    3
       Max CFL number:  0.79E+00 at (59,32,24)
       Max divergence:  0.67E+01 at (60,28,1)
       Min divergence: -0.88E+01 at (57,29,1)
       Max VN number :  0.35E+00 at (57,29,1)
       Mesh    4
       Max CFL number:  0.85E+00 at (59,33,28)
       Max divergence:  0.41E+01 at (61,28,1)
       Min divergence: -0.65E+01 at (64,29,1)
       Max VN number :  0.33E+00 at (64,29,1)
       Mesh    5
       Max CFL number:  0.87E+00 at (58,32,28)
       Max divergence:  0.27E+01 at (59,37,1)
       Min divergence: -0.41E+01 at (53,29,1)
       Max VN number :  0.29E+00 at (57,36,1)
       Mesh    6
       Max CFL number:  0.86E+00 at (58,31,22)
       Max divergence:  0.26E+01 at (64,29,28)
       Min divergence: -0.28E+01 at (60,29,1)
       Max VN number :  0.31E+00 at (60,40,28)
       Mesh    7
       Max CFL number:  0.84E+00 at (59,31,4)
       Max divergence:  0.14E+01 at (56,37,1)
       Min divergence: -0.17E+01 at (57,40,1)
       Max VN number :  0.27E+00 at (57,40,1)
 
       Time Step    28500   September  3, 2026  11:41:42
       Step Size:  0.160E-02 s, Total Time:   54.61620 s
       Pressure Iterations: 3
       Maximum Velocity Error:  0.34E-03 on Mesh 7 at (43,64,21)
       Maximum Pressure Error:  0.49E+03 on Mesh 2 at (61,36,5)
       Maximum CFL Number    :  0.87E+00 on Mesh 5 at (58,32,28)
       Maximum VN Number     :  0.41E+00 on Mesh 2 at (59,33,6)
       ---------------------------------------------------------------
       Mesh    1
       Max CFL number:  0.21E+00 at (15,26,34)
       Max divergence:  0.43E+01 at (15,24,2)
       Min divergence: -0.20E+01 at (15,25,7)
       Max VN number :  0.62E-01 at (14,17,38)
       Mesh    2
       Max CFL number:  0.56E+00 at (61,32,24)
       Max divergence:  0.11E+02 at (49,25,5)
       Min divergence: -0.64E+01 at (58,35,5)
       Max VN number :  0.41E+00 at (59,33,6)
       Mesh    3
       Max CFL number:  0.79E+00 at (59,32,24)
       Max divergence:  0.67E+01 at (60,37,1)
       Min divergence: -0.88E+01 at (57,29,1)
       Max VN number :  0.35E+00 at (57,29,1)
       Mesh    4
       Max CFL number:  0.85E+00 at (59,33,28)
       Max divergence:  0.41E+01 at (61,28,1)
       Min divergence: -0.64E+01 at (64,29,1)
       Max VN number :  0.33E+00 at (64,29,1)
       Mesh    5
       Max CFL number:  0.87E+00 at (58,32,28)
       Max divergence:  0.27E+01 at (59,28,1)
       Min divergence: -0.41E+01 at (53,29,1)
       Max VN number :  0.30E+00 at (57,29,1)
       Mesh    6
       Max CFL number:  0.86E+00 at (58,31,22)
       Max divergence:  0.26E+01 at (64,29,28)
       Min divergence: -0.27E+01 at (60,29,1)
       Max VN number :  0.30E+00 at (60,40,28)
       Mesh    7
       Max CFL number:  0.84E+00 at (59,31,4)
       Max divergence:  0.12E+01 at (56,37,1)
       Min divergence: -0.17E+01 at (60,40,1)
       Max VN number :  0.27E+00 at (57,40,1)
 
       Time Step    28600   September  3, 2026  11:45:11
       Step Size:  0.160E-02 s, Total Time:   54.77669 s
       Pressure Iterations: 4
       Maximum Velocity Error:  0.28E-03 on Mesh 7 at (42,64,21)
       Maximum Pressure Error:  0.18E+05 on Mesh 2 at (63,30,5)
       Maximum CFL Number    :  0.87E+00 on Mesh 5 at (58,32,28)
       Maximum VN Number     :  0.41E+00 on Mesh 2 at (59,32,6)
       ---------------------------------------------------------------
       Mesh    1
       Max CFL number:  0.21E+00 at (15,25,32)
       Max divergence:  0.43E+01 at (15,24,2)
       Min divergence: -0.20E+01 at (15,25,7)
       Max VN number :  0.67E-01 at (15,35,38)
       Mesh    2
       Max CFL number:  0.56E+00 at (61,32,24)
       Max divergence:  0.21E+02 at (63,30,5)
       Min divergence: -0.17E+02 at (58,30,5)
       Max VN number :  0.41E+00 at (59,32,6)
       Mesh    3
       Max CFL number:  0.79E+00 at (59,32,24)
       Max divergence:  0.67E+01 at (60,28,1)
       Min divergence: -0.88E+01 at (57,29,1)
       Max VN number :  0.35E+00 at (57,29,1)
       Mesh    4
       Max CFL number:  0.85E+00 at (59,32,28)
       Max divergence:  0.41E+01 at (61,28,1)
       Min divergence: -0.63E+01 at (64,29,1)
       Max VN number :  0.32E+00 at (64,29,1)
       Mesh    5
       Max CFL number:  0.87E+00 at (58,32,28)
       Max divergence:  0.28E+01 at (59,28,1)
       Min divergence: -0.39E+01 at (53,36,1)
       Max VN number :  0.30E+00 at (57,29,1)
       Mesh    6
       Max CFL number:  0.86E+00 at (58,31,24)
       Max divergence:  0.25E+01 at (64,29,28)
       Min divergence: -0.27E+01 at (60,36,1)
       Max VN number :  0.30E+00 at (60,40,28)
       Mesh    7
       Max CFL number:  0.85E+00 at (59,30,5)
       Max divergence:  0.11E+01 at (59,41,1)
       Min divergence: -0.17E+01 at (60,40,1)
       Max VN number :  0.27E+00 at (52,64,20)
 
       Time Step    28700   September  3, 2026  11:48:40
       Step Size:  0.160E-02 s, Total Time:   54.93719 s
       Pressure Iterations: 3
       Maximum Velocity Error:  0.71E-03 on Mesh 2 at (63,30,4)
       Maximum Pressure Error:  0.73E+04 on Mesh 2 at (63,30,4)
       Maximum CFL Number    :  0.87E+00 on Mesh 5 at (58,31,28)
       Maximum VN Number     :  0.41E+00 on Mesh 2 at (59,33,6)
       ---------------------------------------------------------------
       Mesh    1
       Max CFL number:  0.21E+00 at (15,25,31)
       Max divergence:  0.43E+01 at (15,24,2)
       Min divergence: -0.21E+01 at (15,25,7)
       Max VN number :  0.72E-01 at (15,35,38)
       Mesh    2
       Max CFL number:  0.56E+00 at (61,32,24)
       Max divergence:  0.58E+02 at (63,30,5)
       Min divergence: -0.10E+02 at (63,35,5)
       Max VN number :  0.41E+00 at (59,33,6)
       Mesh    3
       Max CFL number:  0.79E+00 at (59,32,24)
       Max divergence:  0.67E+01 at (60,28,1)
       Min divergence: -0.88E+01 at (57,29,1)
       Max VN number :  0.35E+00 at (57,29,1)
       Mesh    4
       Max CFL number:  0.85E+00 at (59,32,28)
       Max divergence:  0.41E+01 at (61,28,1)
       Min divergence: -0.63E+01 at (57,36,1)
       Max VN number :  0.32E+00 at (64,29,1)
       Mesh    5
       Max CFL number:  0.87E+00 at (58,31,28)
       Max divergence:  0.28E+01 at (59,28,1)
       Min divergence: -0.39E+01 at (64,29,1)
       Max VN number :  0.30E+00 at (57,29,1)
       Mesh    6
       Max CFL number:  0.87E+00 at (58,34,24)
       Max divergence:  0.23E+01 at (64,29,28)
       Min divergence: -0.27E+01 at (64,29,1)
       Max VN number :  0.29E+00 at (60,25,28)
       Mesh    7
       Max CFL number:  0.85E+00 at (59,30,5)
       Max divergence:  0.11E+01 at (59,41,1)
       Min divergence: -0.17E+01 at (60,40,1)
       Max VN number :  0.27E+00 at (60,36,1)
 
       Time Step    28800   September  3, 2026  11:52:11
       Step Size:  0.160E-02 s, Total Time:   55.09768 s
       Pressure Iterations: 3
       Maximum Velocity Error:  0.47E-03 on Mesh 7 at (41,64,21)
       Maximum Pressure Error:  0.53E+04 on Mesh 2 at (63,35,5)
       Maximum CFL Number    :  0.87E+00 on Mesh 5 at (58,31,28)
       Maximum VN Number     :  0.41E+00 on Mesh 2 at (59,32,6)
       ---------------------------------------------------------------
       Mesh    1
       Max CFL number:  0.21E+00 at (15,25,31)
       Max divergence:  0.43E+01 at (15,24,2)
       Min divergence: -0.21E+01 at (15,25,7)
       Max VN number :  0.72E-01 at (15,35,38)
       Mesh    2
       Max CFL number:  0.56E+00 at (61,33,24)
       Max divergence:  0.11E+02 at (49,25,5)
       Min divergence: -0.29E+02 at (63,35,5)
       Max VN number :  0.41E+00 at (59,32,6)
       Mesh    3
       Max CFL number:  0.79E+00 at (59,32,24)
       Max divergence:  0.67E+01 at (60,28,1)
       Min divergence: -0.88E+01 at (57,29,1)
       Max VN number :  0.35E+00 at (57,29,1)
       Mesh    4
       Max CFL number:  0.85E+00 at (59,32,28)
       Max divergence:  0.40E+01 at (61,28,1)
       Min divergence: -0.62E+01 at (57,29,1)
       Max VN number :  0.32E+00 at (64,36,1)
       Mesh    5
       Max CFL number:  0.87E+00 at (58,31,28)
       Max divergence:  0.28E+01 at (59,37,1)
       Min divergence: -0.39E+01 at (64,29,1)
       Max VN number :  0.30E+00 at (57,29,1)
       Mesh    6
       Max CFL number:  0.87E+00 at (58,34,24)
       Max divergence:  0.24E+01 at (57,40,28)
       Min divergence: -0.27E+01 at (64,29,1)
       Max VN number :  0.30E+00 at (60,25,28)
       Mesh    7
       Max CFL number:  0.85E+00 at (59,30,5)
       Max divergence:  0.11E+01 at (51,1,17)
       Min divergence: -0.17E+01 at (53,40,1)
       Max VN number :  0.27E+00 at (60,36,1)
 
       Time Step    28900   September  3, 2026  11:55:40
       Step Size:  0.160E-02 s, Total Time:   55.25817 s
       Pressure Iterations: 3
       Maximum Velocity Error:  0.40E-03 on Mesh 7 at (41,64,21)
       Maximum Pressure Error:  0.12E+04 on Mesh 2 at (58,35,5)
       Maximum CFL Number    :  0.87E+00 on Mesh 5 at (58,31,28)
       Maximum VN Number     :  0.41E+00 on Mesh 2 at (59,33,6)
       ---------------------------------------------------------------
       Mesh    1
       Max CFL number:  0.21E+00 at (15,25,31)
       Max divergence:  0.43E+01 at (15,24,2)
       Min divergence: -0.20E+01 at (15,25,7)
       Max VN number :  0.68E-01 at (15,35,38)
       Mesh    2
       Max CFL number:  0.56E+00 at (61,33,24)
       Max divergence:  0.11E+02 at (49,40,5)
       Min divergence: -0.51E+01 at (60,32,8)
       Max VN number :  0.41E+00 at (59,33,6)
       Mesh    3
       Max CFL number:  0.79E+00 at (59,32,24)
       Max divergence:  0.67E+01 at (60,28,1)
       Min divergence: -0.88E+01 at (57,29,1)
       Max VN number :  0.35E+00 at (57,29,1)
       Mesh    4
       Max CFL number:  0.85E+00 at (59,33,28)
       Max divergence:  0.40E+01 at (61,37,1)
       Min divergence: -0.62E+01 at (57,29,1)
       Max VN number :  0.32E+00 at (64,36,1)
       Mesh    5
       Max CFL number:  0.87E+00 at (58,31,28)
       Max divergence:  0.28E+01 at (59,28,1)
       Min divergence: -0.40E+01 at (64,36,1)
       Max VN number :  0.30E+00 at (57,29,1)
       Mesh    6
       Max CFL number:  0.86E+00 at (58,34,24)
       Max divergence:  0.24E+01 at (64,36,28)
       Min divergence: -0.27E+01 at (64,29,1)
       Max VN number :  0.30E+00 at (61,36,28)
       Mesh    7
       Max CFL number:  0.84E+00 at (59,31,6)
       Max divergence:  0.11E+01 at (50,1,17)
       Min divergence: -0.17E+01 at (53,40,1)
       Max VN number :  0.28E+00 at (49,64,18)
 
       Time Step    29000   September  3, 2026  11:59:09
       Step Size:  0.160E-02 s, Total Time:   55.41866 s
       Pressure Iterations: 4
       Maximum Velocity Error:  0.31E-03 on Mesh 7 at (47,0,21)
       Maximum Pressure Error:  0.18E+05 on Mesh 2 at (63,30,5)
       Maximum CFL Number    :  0.87E+00 on Mesh 5 at (58,31,28)
       Maximum VN Number     :  0.41E+00 on Mesh 2 at (59,32,6)
       ---------------------------------------------------------------
       Mesh    1
       Max CFL number:  0.21E+00 at (15,25,31)
       Max divergence:  0.43E+01 at (15,24,2)
       Min divergence: -0.21E+01 at (15,25,7)
       Max VN number :  0.64E-01 at (15,36,38)
       Mesh    2
       Max CFL number:  0.56E+00 at (61,33,24)
       Max divergence:  0.21E+02 at (63,30,5)
       Min divergence: -0.17E+02 at (58,30,5)
       Max VN number :  0.41E+00 at (59,32,6)
       Mesh    3
       Max CFL number:  0.79E+00 at (59,33,24)
       Max divergence:  0.66E+01 at (60,28,1)
       Min divergence: -0.88E+01 at (57,29,1)
       Max VN number :  0.35E+00 at (57,36,1)
       Mesh    4
       Max CFL number:  0.85E+00 at (58,33,28)
       Max divergence:  0.40E+01 at (61,37,1)
       Min divergence: -0.62E+01 at (57,29,1)
       Max VN number :  0.32E+00 at (64,36,1)
       Mesh    5
       Max CFL number:  0.87E+00 at (58,31,28)
       Max divergence:  0.28E+01 at (59,28,1)
       Min divergence: -0.40E+01 at (64,36,1)
       Max VN number :  0.30E+00 at (57,29,1)
       Mesh    6
       Max CFL number:  0.86E+00 at (58,33,26)
       Max divergence:  0.27E+01 at (64,36,28)
       Min divergence: -0.27E+01 at (64,36,1)
       Max VN number :  0.31E+00 at (61,36,28)
       Mesh    7
       Max CFL number:  0.84E+00 at (59,31,5)
       Max divergence:  0.11E+01 at (61,37,1)
       Min divergence: -0.16E+01 at (53,40,1)
       Max VN number :  0.29E+00 at (49,64,18)
 
       Time Step    29100   September  3, 2026  12:02:39
       Step Size:  0.160E-02 s, Total Time:   55.57916 s
       Pressure Iterations: 3
       Maximum Velocity Error:  0.62E-03 on Mesh 7 at (47,0,21)
       Maximum Pressure Error:  0.44E+04 on Mesh 2 at (63,30,5)
       Maximum CFL Number    :  0.87E+00 on Mesh 5 at (58,31,28)
       Maximum VN Number     :  0.41E+00 on Mesh 2 at (59,33,6)
       ---------------------------------------------------------------
       Mesh    1
       Max CFL number:  0.21E+00 at (15,25,31)
       Max divergence:  0.43E+01 at (15,24,2)
       Min divergence: -0.21E+01 at (15,26,7)
       Max VN number :  0.67E-01 at (15,15,38)
       Mesh    2
       Max CFL number:  0.56E+00 at (61,33,24)
       Max divergence:  0.11E+02 at (49,25,5)
       Min divergence: -0.21E+02 at (63,30,5)
       Max VN number :  0.41E+00 at (59,33,6)
       Mesh    3
       Max CFL number:  0.79E+00 at (59,32,24)
       Max divergence:  0.67E+01 at (60,37,1)
       Min divergence: -0.88E+01 at (57,29,1)
       Max VN number :  0.35E+00 at (57,36,1)
       Mesh    4
       Max CFL number:  0.85E+00 at (58,32,28)
       Max divergence:  0.40E+01 at (61,37,1)
       Min divergence: -0.62E+01 at (57,29,1)
       Max VN number :  0.32E+00 at (64,36,1)
       Mesh    5
       Max CFL number:  0.87E+00 at (58,31,28)
       Max divergence:  0.28E+01 at (59,37,1)
       Min divergence: -0.40E+01 at (57,29,1)
       Max VN number :  0.30E+00 at (57,29,1)
       Mesh    6
       Max CFL number:  0.86E+00 at (58,33,26)
       Max divergence:  0.28E+01 at (64,36,28)
       Min divergence: -0.27E+01 at (64,36,1)
       Max VN number :  0.31E+00 at (61,36,28)
       Mesh    7
       Max CFL number:  0.84E+00 at (59,31,5)
       Max divergence:  0.11E+01 at (61,37,1)
       Min divergence: -0.16E+01 at (61,28,21)
       Max VN number :  0.29E+00 at (49,1,18)
 
       Time Step    29200   September  3, 2026  12:06:08
       Step Size:  0.160E-02 s, Total Time:   55.73965 s
       Pressure Iterations: 4
       Maximum Velocity Error:  0.47E-03 on Mesh 7 at (47,0,21)
       Maximum Pressure Error:  0.83E+04 on Mesh 2 at (58,35,4)
       Maximum CFL Number    :  0.87E+00 on Mesh 5 at (58,31,28)
       Maximum VN Number     :  0.41E+00 on Mesh 2 at (59,32,6)
       ---------------------------------------------------------------
       Mesh    1
       Max CFL number:  0.21E+00 at (15,25,32)
       Max divergence:  0.43E+01 at (15,24,2)
       Min divergence: -0.21E+01 at (15,26,7)
       Max VN number :  0.67E-01 at (15,15,38)
       Mesh    2
       Max CFL number:  0.56E+00 at (61,33,24)
       Max divergence:  0.77E+02 at (58,35,5)
       Min divergence: -0.10E+02 at (58,30,5)
       Max VN number :  0.41E+00 at (59,32,6)
       Mesh    3
       Max CFL number:  0.79E+00 at (59,32,24)
       Max divergence:  0.67E+01 at (60,37,1)
       Min divergence: -0.88E+01 at (57,29,1)
       Max VN number :  0.35E+00 at (57,36,1)
       Mesh    4
       Max CFL number:  0.85E+00 at (58,32,28)
       Max divergence:  0.39E+01 at (61,37,1)
       Min divergence: -0.62E+01 at (57,29,1)
       Max VN number :  0.32E+00 at (64,36,1)
       Mesh    5
       Max CFL number:  0.87E+00 at (58,31,28)
       Max divergence:  0.28E+01 at (59,37,1)
       Min divergence: -0.41E+01 at (57,29,1)
       Max VN number :  0.30E+00 at (57,29,1)
       Mesh    6
       Max CFL number:  0.86E+00 at (58,34,28)
       Max divergence:  0.30E+01 at (64,36,28)
       Min divergence: -0.27E+01 at (64,36,1)
       Max VN number :  0.31E+00 at (61,36,28)
       Mesh    7
       Max CFL number:  0.84E+00 at (59,31,5)
       Max divergence:  0.11E+01 at (61,37,1)
       Min divergence: -0.17E+01 at (61,28,21)
       Max VN number :  0.29E+00 at (49,1,18)
 
       Time Step    29300   September  3, 2026  12:09:37
       Step Size:  0.160E-02 s, Total Time:   55.90014 s
       Pressure Iterations: 4
       Maximum Velocity Error:  0.42E-03 on Mesh 7 at (46,0,21)
       Maximum Pressure Error:  0.18E+05 on Mesh 2 at (63,30,5)
       Maximum CFL Number    :  0.87E+00 on Mesh 5 at (58,31,28)
       Maximum VN Number     :  0.41E+00 on Mesh 2 at (59,33,6)
       ---------------------------------------------------------------
       Mesh    1
       Max CFL number:  0.21E+00 at (15,25,32)
       Max divergence:  0.43E+01 at (15,24,2)
       Min divergence: -0.21E+01 at (15,26,7)
       Max VN number :  0.69E-01 at (15,15,38)
       Mesh    2
       Max CFL number:  0.56E+00 at (61,33,24)
       Max divergence:  0.21E+02 at (63,30,5)
       Min divergence: -0.51E+01 at (60,32,8)
       Max VN number :  0.41E+00 at (59,33,6)
       Mesh    3
       Max CFL number:  0.79E+00 at (59,32,24)
       Max divergence:  0.67E+01 at (60,37,1)
       Min divergence: -0.88E+01 at (57,29,1)
       Max VN number :  0.35E+00 at (57,36,1)
       Mesh    4
       Max CFL number:  0.85E+00 at (58,32,28)
       Max divergence:  0.39E+01 at (61,28,1)
       Min divergence: -0.62E+01 at (57,29,1)
       Max VN number :  0.32E+00 at (64,29,1)
       Mesh    5
       Max CFL number:  0.87E+00 at (58,31,28)
       Max divergence:  0.28E+01 at (59,28,1)
       Min divergence: -0.41E+01 at (57,29,1)
       Max VN number :  0.30E+00 at (57,29,1)
       Mesh    6
       Max CFL number:  0.86E+00 at (58,34,28)
       Max divergence:  0.31E+01 at (64,36,28)
       Min divergence: -0.27E+01 at (64,36,1)
       Max VN number :  0.31E+00 at (60,38,28)
       Mesh    7
       Max CFL number:  0.83E+00 at (59,31,5)
       Max divergence:  0.11E+01 at (61,37,1)
       Min divergence: -0.17E+01 at (61,28,21)
       Max VN number :  0.29E+00 at (49,1,18)
 
       Time Step    29400   September  3, 2026  12:13:07
       Step Size:  0.160E-02 s, Total Time:   56.06063 s
       Pressure Iterations: 3
       Maximum Velocity Error:  0.69E-03 on Mesh 7 at (46,0,21)
       Maximum Pressure Error:  0.46E+04 on Mesh 2 at (63,30,5)
       Maximum CFL Number    :  0.87E+00 on Mesh 5 at (58,34,28)
       Maximum VN Number     :  0.41E+00 on Mesh 2 at (59,33,6)
       ---------------------------------------------------------------
       Mesh    1
       Max CFL number:  0.21E+00 at (15,25,32)
       Max divergence:  0.43E+01 at (15,24,2)
       Min divergence: -0.21E+01 at (15,26,7)
       Max VN number :  0.65E-01 at (15,15,38)
       Mesh    2
       Max CFL number:  0.56E+00 at (61,33,24)
       Max divergence:  0.11E+02 at (49,25,5)
       Min divergence: -0.21E+02 at (63,30,5)
       Max VN number :  0.41E+00 at (59,33,6)
       Mesh    3
       Max CFL number:  0.79E+00 at (59,32,24)
       Max divergence:  0.66E+01 at (60,37,1)
       Min divergence: -0.88E+01 at (57,29,1)
       Max VN number :  0.35E+00 at (57,36,1)
       Mesh    4
       Max CFL number:  0.85E+00 at (58,33,28)
       Max divergence:  0.40E+01 at (61,28,1)
       Min divergence: -0.62E+01 at (57,36,1)
       Max VN number :  0.32E+00 at (64,29,1)
       Mesh    5
       Max CFL number:  0.87E+00 at (58,34,28)
       Max divergence:  0.28E+01 at (59,28,1)
       Min divergence: -0.41E+01 at (57,29,1)
       Max VN number :  0.30E+00 at (57,29,1)
       Mesh    6
       Max CFL number:  0.85E+00 at (58,34,28)
       Max divergence:  0.33E+01 at (64,36,28)
       Min divergence: -0.27E+01 at (64,36,1)
       Max VN number :  0.32E+00 at (59,38,28)
       Mesh    7
       Max CFL number:  0.83E+00 at (59,31,5)
       Max divergence:  0.11E+01 at (61,28,1)
       Min divergence: -0.16E+01 at (61,28,21)
       Max VN number :  0.29E+00 at (49,1,18)
 
       Time Step    29500   September  3, 2026  12:16:36
       Step Size:  0.160E-02 s, Total Time:   56.22112 s
       Pressure Iterations: 3
       Maximum Velocity Error:  0.59E-03 on Mesh 7 at (45,0,21)
       Maximum Pressure Error:  0.16E+04 on Mesh 2 at (63,30,5)
       Maximum CFL Number    :  0.87E+00 on Mesh 5 at (58,34,28)
       Maximum VN Number     :  0.41E+00 on Mesh 2 at (59,33,6)
       ---------------------------------------------------------------
       Mesh    1
       Max CFL number:  0.21E+00 at (15,25,32)
       Max divergence:  0.43E+01 at (15,24,2)
       Min divergence: -0.21E+01 at (15,26,7)
       Max VN number :  0.62E-01 at (15,15,38)
       Mesh    2
       Max CFL number:  0.56E+00 at (61,33,24)
       Max divergence:  0.11E+02 at (49,25,5)
       Min divergence: -0.74E+01 at (58,35,5)
       Max VN number :  0.41E+00 at (59,33,6)
       Mesh    3
       Max CFL number:  0.79E+00 at (59,32,24)
       Max divergence:  0.67E+01 at (60,37,1)
       Min divergence: -0.88E+01 at (57,36,1)
       Max VN number :  0.35E+00 at (57,36,1)
       Mesh    4
       Max CFL number:  0.85E+00 at (58,33,28)
       Max divergence:  0.39E+01 at (61,28,1)
       Min divergence: -0.62E+01 at (57,36,1)
       Max VN number :  0.32E+00 at (64,29,1)
       Mesh    5
       Max CFL number:  0.87E+00 at (58,34,28)
       Max divergence:  0.28E+01 at (59,28,1)
       Min divergence: -0.41E+01 at (57,36,1)
       Max VN number :  0.30E+00 at (57,29,1)
       Mesh    6
       Max CFL number:  0.85E+00 at (58,31,28)
       Max divergence:  0.32E+01 at (64,36,28)
       Min divergence: -0.27E+01 at (64,36,1)
       Max VN number :  0.34E+00 at (59,38,28)
       Mesh    7
       Max CFL number:  0.83E+00 at (59,33,4)
       Max divergence:  0.11E+01 at (61,28,1)
       Min divergence: -0.16E+01 at (61,37,21)
       Max VN number :  0.27E+00 at (49,1,18)
 
       Time Step    29600   September  3, 2026  12:20:05
       Step Size:  0.160E-02 s, Total Time:   56.38162 s
       Pressure Iterations: 3
       Maximum Velocity Error:  0.59E-03 on Mesh 7 at (45,64,21)
       Maximum Pressure Error:  0.50E+03 on Mesh 5 at (57,37,22)
       Maximum CFL Number    :  0.87E+00 on Mesh 5 at (58,34,28)
       Maximum VN Number     :  0.41E+00 on Mesh 2 at (59,33,6)
       ---------------------------------------------------------------
       Mesh    1
       Max CFL number:  0.21E+00 at (15,25,32)
       Max divergence:  0.43E+01 at (15,24,2)
       Min divergence: -0.21E+01 at (15,26,7)
       Max VN number :  0.60E-01 at (15,25,38)
       Mesh    2
       Max CFL number:  0.56E+00 at (61,33,24)
       Max divergence:  0.11E+02 at (49,25,5)
       Min divergence: -0.10E+02 at (63,35,5)
       Max VN number :  0.41E+00 at (59,33,6)
       Mesh    3
       Max CFL number:  0.79E+00 at (59,32,24)
       Max divergence:  0.67E+01 at (60,37,1)
       Min divergence: -0.88E+01 at (57,36,1)
       Max VN number :  0.35E+00 at (57,36,1)
       Mesh    4
       Max CFL number:  0.85E+00 at (58,32,28)
       Max divergence:  0.39E+01 at (61,28,1)
       Min divergence: -0.62E+01 at (57,36,1)
       Max VN number :  0.32E+00 at (64,29,1)
       Mesh    5
       Max CFL number:  0.87E+00 at (58,34,28)
       Max divergence:  0.28E+01 at (59,28,1)
       Min divergence: -0.41E+01 at (57,36,1)
       Max VN number :  0.30E+00 at (57,29,1)
       Mesh    6
       Max CFL number:  0.86E+00 at (58,31,28)
       Max divergence:  0.31E+01 at (64,36,28)
       Min divergence: -0.27E+01 at (64,29,1)
       Max VN number :  0.34E+00 at (59,38,28)
       Mesh    7
       Max CFL number:  0.83E+00 at (59,34,3)
       Max divergence:  0.11E+01 at (57,37,1)
       Min divergence: -0.16E+01 at (60,36,21)
       Max VN number :  0.27E+00 at (60,29,1)
 
       Time Step    29700   September  3, 2026  12:23:35
       Step Size:  0.160E-02 s, Total Time:   56.54211 s
       Pressure Iterations: 3
       Maximum Velocity Error:  0.57E-03 on Mesh 7 at (45,64,21)
       Maximum Pressure Error:  0.51E+03 on Mesh 2 at (58,30,5)
       Maximum CFL Number    :  0.87E+00 on Mesh 5 at (58,34,27)
       Maximum VN Number     :  0.41E+00 on Mesh 2 at (59,32,6)
       ---------------------------------------------------------------
       Mesh    1
       Max CFL number:  0.21E+00 at (15,25,32)
       Max divergence:  0.43E+01 at (15,24,2)
       Min divergence: -0.21E+01 at (15,26,7)
       Max VN number :  0.60E-01 at (15,25,38)
       Mesh    2
       Max CFL number:  0.56E+00 at (61,33,24)
       Max divergence:  0.11E+02 at (49,25,5)
       Min divergence: -0.10E+02 at (63,30,5)
       Max VN number :  0.41E+00 at (59,32,6)
       Mesh    3
       Max CFL number:  0.79E+00 at (59,32,24)
       Max divergence:  0.66E+01 at (60,37,1)
       Min divergence: -0.88E+01 at (57,36,1)
       Max VN number :  0.35E+00 at (57,36,1)
       Mesh    4
       Max CFL number:  0.85E+00 at (58,32,28)
       Max divergence:  0.39E+01 at (61,28,1)
       Min divergence: -0.62E+01 at (57,36,1)
       Max VN number :  0.32E+00 at (64,29,1)
       Mesh    5
       Max CFL number:  0.87E+00 at (58,34,27)
       Max divergence:  0.29E+01 at (59,36,28)
       Min divergence: -0.42E+01 at (57,36,1)
       Max VN number :  0.30E+00 at (57,29,1)
       Mesh    6
       Max CFL number:  0.86E+00 at (58,31,28)
       Max divergence:  0.28E+01 at (64,30,28)
       Min divergence: -0.27E+01 at (64,29,1)
       Max VN number :  0.35E+00 at (59,38,28)
       Mesh    7
       Max CFL number:  0.83E+00 at (59,34,3)
       Max divergence:  0.11E+01 at (57,37,1)
       Min divergence: -0.16E+01 at (60,29,1)
       Max VN number :  0.27E+00 at (60,1,18)
 
       Time Step    29800   September  3, 2026  12:27:03
       Step Size:  0.160E-02 s, Total Time:   56.70260 s
       Pressure Iterations: 4
       Maximum Velocity Error:  0.32E-03 on Mesh 7 at (44,64,21)
       Maximum Pressure Error:  0.22E+05 on Mesh 2 at (58,35,5)
       Maximum CFL Number    :  0.88E+00 on Mesh 5 at (58,34,27)
       Maximum VN Number     :  0.41E+00 on Mesh 2 at (59,32,6)
       ---------------------------------------------------------------
       Mesh    1
       Max CFL number:  0.21E+00 at (15,26,34)
       Max divergence:  0.43E+01 at (15,24,2)
       Min divergence: -0.21E+01 at (15,26,7)
       Max VN number :  0.60E-01 at (15,25,38)
       Mesh    2
       Max CFL number:  0.56E+00 at (61,33,24)
       Max divergence:  0.30E+02 at (58,35,5)
       Min divergence: -0.64E+01 at (58,30,5)
       Max VN number :  0.41E+00 at (59,32,6)
       Mesh    3
       Max CFL number:  0.79E+00 at (59,32,24)
       Max divergence:  0.66E+01 at (60,37,1)
       Min divergence: -0.88E+01 at (57,36,1)
       Max VN number :  0.35E+00 at (57,36,1)
       Mesh    4
       Max CFL number:  0.85E+00 at (58,32,28)
       Max divergence:  0.40E+01 at (61,28,1)
       Min divergence: -0.63E+01 at (57,36,1)
       Max VN number :  0.32E+00 at (64,29,1)
       Mesh    5
       Max CFL number:  0.88E+00 at (58,34,27)
       Max divergence:  0.33E+01 at (59,36,28)
       Min divergence: -0.41E+01 at (57,36,1)
       Max VN number :  0.30E+00 at (57,36,1)
       Mesh    6
       Max CFL number:  0.86E+00 at (58,31,28)
       Max divergence:  0.27E+01 at (64,31,28)
       Min divergence: -0.28E+01 at (57,29,1)
       Max VN number :  0.34E+00 at (59,38,28)
       Mesh    7
       Max CFL number:  0.83E+00 at (59,34,3)
       Max divergence:  0.12E+01 at (57,37,1)
       Min divergence: -0.17E+01 at (60,36,1)
       Max VN number :  0.28E+00 at (60,1,18)
 
       Time Step    29900   September  3, 2026  12:30:32
       Step Size:  0.160E-02 s, Total Time:   56.86309 s
       Pressure Iterations: 3
       Maximum Velocity Error:  0.55E-03 on Mesh 7 at (44,64,21)
       Maximum Pressure Error:  0.61E+03 on Mesh 5 at (57,37,23)
       Maximum CFL Number    :  0.88E+00 on Mesh 5 at (58,34,27)
       Maximum VN Number     :  0.41E+00 on Mesh 2 at (59,33,6)
       ---------------------------------------------------------------
       Mesh    1
       Max CFL number:  0.21E+00 at (15,26,34)
       Max divergence:  0.43E+01 at (15,24,2)
       Min divergence: -0.21E+01 at (15,26,7)
       Max VN number :  0.60E-01 at (15,25,38)
       Mesh    2
       Max CFL number:  0.56E+00 at (61,33,24)
       Max divergence:  0.11E+02 at (49,25,5)
       Min divergence: -0.13E+02 at (63,35,5)
       Max VN number :  0.41E+00 at (59,33,6)
       Mesh    3
       Max CFL number:  0.79E+00 at (59,32,24)
       Max divergence:  0.66E+01 at (60,37,1)
       Min divergence: -0.88E+01 at (57,36,1)
       Max VN number :  0.35E+00 at (57,36,1)
       Mesh    4
       Max CFL number:  0.85E+00 at (58,32,28)
       Max divergence:  0.40E+01 at (61,28,1)
       Min divergence: -0.62E+01 at (57,36,1)
       Max VN number :  0.32E+00 at (64,29,1)
       Mesh    5
       Max CFL number:  0.88E+00 at (58,34,27)
       Max divergence:  0.35E+01 at (59,36,28)
       Min divergence: -0.42E+01 at (57,36,1)
       Max VN number :  0.30E+00 at (57,36,1)
       Mesh    6
       Max CFL number:  0.87E+00 at (58,31,28)
       Max divergence:  0.25E+01 at (64,31,28)
       Min divergence: -0.28E+01 at (57,29,1)
       Max VN number :  0.33E+00 at (59,38,28)
       Mesh    7
       Max CFL number:  0.82E+00 at (59,34,3)
       Max divergence:  0.12E+01 at (57,37,1)
       Min divergence: -0.17E+01 at (60,36,1)
       Max VN number :  0.28E+00 at (60,1,18)
 
       Time Step    30000   September  3, 2026  12:34:01
       Step Size:  0.160E-02 s, Total Time:   57.02359 s
       Pressure Iterations: 3
       Maximum Velocity Error:  0.44E-03 on Mesh 7 at (44,64,21)
       Maximum Pressure Error:  0.62E+04 on Mesh 2 at (63,30,5)
       Maximum CFL Number    :  0.88E+00 on Mesh 5 at (58,34,27)
       Maximum VN Number     :  0.41E+00 on Mesh 2 at (59,33,6)
       ---------------------------------------------------------------
       Mesh    1
       Max CFL number:  0.21E+00 at (15,26,34)
       Max divergence:  0.43E+01 at (15,24,2)
       Min divergence: -0.21E+01 at (15,26,7)
       Max VN number :  0.60E-01 at (15,25,38)
       Mesh    2
       Max CFL number:  0.56E+00 at (61,32,24)
       Max divergence:  0.11E+02 at (49,25,5)
       Min divergence: -0.29E+02 at (63,30,5)
       Max VN number :  0.41E+00 at (59,33,6)
       Mesh    3
       Max CFL number:  0.79E+00 at (59,32,24)
       Max divergence:  0.66E+01 at (60,37,1)
       Min divergence: -0.88E+01 at (57,36,1)
       Max VN number :  0.35E+00 at (57,36,1)
       Mesh    4
       Max CFL number:  0.85E+00 at (58,32,28)
       Max divergence:  0.39E+01 at (61,28,1)
       Min divergence: -0.63E+01 at (57,36,1)
       Max VN number :  0.33E+00 at (62,27,28)
       Mesh    5
       Max CFL number:  0.88E+00 at (58,34,27)
       Max divergence:  0.37E+01 at (59,36,28)
       Min divergence: -0.42E+01 at (57,36,1)
       Max VN number :  0.31E+00 at (50,31,28)
       Mesh    6
       Max CFL number:  0.87E+00 at (58,31,28)
       Max divergence:  0.24E+01 at (64,31,28)
       Min divergence: -0.28E+01 at (57,29,1)
       Max VN number :  0.33E+00 at (59,38,28)
       Mesh    7
       Max CFL number:  0.82E+00 at (59,34,3)
       Max divergence:  0.12E+01 at (57,37,1)
       Min divergence: -0.17E+01 at (60,36,1)
       Max VN number :  0.28E+00 at (60,1,18)
 
       Time Step    30100   September  3, 2026  12:37:29
       Step Size:  0.160E-02 s, Total Time:   57.18408 s
       Pressure Iterations: 2
       Maximum Velocity Error:  0.64E-03 on Mesh 7 at (66,21,21)
       Maximum Pressure Error:  0.80E+03 on Mesh 5 at (57,37,22)
       Maximum CFL Number    :  0.88E+00 on Mesh 5 at (58,34,27)
       Maximum VN Number     :  0.41E+00 on Mesh 2 at (59,32,6)
       ---------------------------------------------------------------
       Mesh    1
       Max CFL number:  0.21E+00 at (15,26,34)
       Max divergence:  0.43E+01 at (15,24,2)
       Min divergence: -0.21E+01 at (15,26,7)
       Max VN number :  0.60E-01 at (15,25,38)
       Mesh    2
       Max CFL number:  0.56E+00 at (61,32,24)
       Max divergence:  0.11E+02 at (49,25,5)
       Min divergence: -0.10E+02 at (63,30,5)
       Max VN number :  0.41E+00 at (59,32,6)
       Mesh    3
       Max CFL number:  0.79E+00 at (59,32,24)
       Max divergence:  0.66E+01 at (60,37,1)
       Min divergence: -0.89E+01 at (57,36,1)
       Max VN number :  0.35E+00 at (57,36,1)
       Mesh    4
       Max CFL number:  0.85E+00 at (58,32,28)
       Max divergence:  0.40E+01 at (61,28,1)
       Min divergence: -0.63E+01 at (57,36,1)
       Max VN number :  0.33E+00 at (62,27,28)
       Mesh    5
       Max CFL number:  0.88E+00 at (58,34,27)
       Max divergence:  0.38E+01 at (59,36,28)
       Min divergence: -0.42E+01 at (57,36,1)
       Max VN number :  0.31E+00 at (50,31,28)
       Mesh    6
       Max CFL number:  0.87E+00 at (58,31,28)
       Max divergence:  0.23E+01 at (63,30,28)
       Min divergence: -0.28E+01 at (57,29,1)
       Max VN number :  0.33E+00 at (57,27,28)
       Mesh    7
       Max CFL number:  0.82E+00 at (59,34,3)
       Max divergence:  0.13E+01 at (57,37,1)
       Min divergence: -0.18E+01 at (60,36,1)
       Max VN number :  0.29E+00 at (60,1,18)
 
       Time Step    30200   September  3, 2026  12:40:57
       Step Size:  0.160E-02 s, Total Time:   57.34457 s
       Pressure Iterations: 3
       Maximum Velocity Error:  0.42E-03 on Mesh 7 at (43,64,21)
       Maximum Pressure Error:  0.64E+04 on Mesh 2 at (58,30,5)
       Maximum CFL Number    :  0.88E+00 on Mesh 5 at (58,34,27)
       Maximum VN Number     :  0.41E+00 on Mesh 2 at (59,32,6)
       ---------------------------------------------------------------
       Mesh    1
       Max CFL number:  0.21E+00 at (15,25,34)
       Max divergence:  0.43E+01 at (15,24,2)
       Min divergence: -0.21E+01 at (15,26,7)
       Max VN number :  0.59E-01 at (15,25,38)
       Mesh    2
       Max CFL number:  0.56E+00 at (61,32,24)
       Max divergence:  0.11E+02 at (49,25,5)
       Min divergence: -0.31E+02 at (58,30,5)
       Max VN number :  0.41E+00 at (59,32,6)
       Mesh    3
       Max CFL number:  0.79E+00 at (59,32,24)
       Max divergence:  0.66E+01 at (60,37,1)
       Min divergence: -0.88E+01 at (57,36,1)
       Max VN number :  0.35E+00 at (57,36,1)
       Mesh    4
       Max CFL number:  0.86E+00 at (58,32,28)
       Max divergence:  0.40E+01 at (61,28,1)
       Min divergence: -0.63E+01 at (57,36,1)
       Max VN number :  0.33E+00 at (62,27,28)
       Mesh    5
       Max CFL number:  0.88E+00 at (58,34,27)
       Max divergence:  0.40E+01 at (59,36,28)
       Min divergence: -0.41E+01 at (57,36,1)
       Max VN number :  0.31E+00 at (50,31,28)
       Mesh    6
       Max CFL number:  0.87E+00 at (58,31,27)
       Max divergence:  0.20E+01 at (64,30,28)
       Min divergence: -0.28E+01 at (57,29,1)
       Max VN number :  0.32E+00 at (57,27,28)
       Mesh    7
       Max CFL number:  0.82E+00 at (59,31,3)
       Max divergence:  0.14E+01 at (57,37,1)
       Min divergence: -0.18E+01 at (60,36,1)
       Max VN number :  0.29E+00 at (60,1,18)
 
       Time Step    30300   September  3, 2026  12:44:26
       Step Size:  0.160E-02 s, Total Time:   57.50506 s
       Pressure Iterations: 3
       Maximum Velocity Error:  0.60E-03 on Mesh 7 at (43,64,21)
       Maximum Pressure Error:  0.91E+03 on Mesh 2 at (63,30,5)
       Maximum CFL Number    :  0.89E+00 on Mesh 5 at (58,34,27)
       Maximum VN Number     :  0.41E+00 on Mesh 2 at (59,32,6)
       ---------------------------------------------------------------
       Mesh    1
       Max CFL number:  0.21E+00 at (15,25,34)
       Max divergence:  0.43E+01 at (15,24,2)
       Min divergence: -0.21E+01 at (15,26,7)
       Max VN number :  0.60E-01 at (14,36,38)
       Mesh    2
       Max CFL number:  0.56E+00 at (61,32,24)
       Max divergence:  0.11E+02 at (49,25,5)
       Min divergence: -0.13E+02 at (58,30,5)
       Max VN number :  0.41E+00 at (59,32,6)
       Mesh    3
       Max CFL number:  0.79E+00 at (59,32,24)
       Max divergence:  0.66E+01 at (60,37,1)
       Min divergence: -0.88E+01 at (57,36,1)
       Max VN number :  0.35E+00 at (57,36,1)
       Mesh    4
       Max CFL number:  0.85E+00 at (58,32,28)
       Max divergence:  0.40E+01 at (61,28,1)
       Min divergence: -0.62E+01 at (57,36,1)
       Max VN number :  0.33E+00 at (62,27,28)
       Mesh    5
       Max CFL number:  0.89E+00 at (58,34,27)
       Max divergence:  0.42E+01 at (59,36,28)
       Min divergence: -0.42E+01 at (57,36,1)
       Max VN number :  0.31E+00 at (50,31,28)
       Mesh    6
       Max CFL number:  0.87E+00 at (58,31,28)
       Max divergence:  0.21E+01 at (64,30,28)
       Min divergence: -0.28E+01 at (57,29,1)
       Max VN number :  0.31E+00 at (57,27,28)
       Mesh    7
       Max CFL number:  0.82E+00 at (59,31,3)
       Max divergence:  0.14E+01 at (57,37,1)
       Min divergence: -0.18E+01 at (60,36,1)
       Max VN number :  0.29E+00 at (60,1,18)
 
       Time Step    30400   September  3, 2026  12:47:54
       Step Size:  0.160E-02 s, Total Time:   57.66555 s
       Pressure Iterations: 2
       Maximum Velocity Error:  0.55E-03 on Mesh 7 at (43,64,21)
       Maximum Pressure Error:  0.83E+03 on Mesh 5 at (57,37,22)
       Maximum CFL Number    :  0.88E+00 on Mesh 5 at (58,34,27)
       Maximum VN Number     :  0.41E+00 on Mesh 2 at (59,33,6)
       ---------------------------------------------------------------
       Mesh    1
       Max CFL number:  0.21E+00 at (15,25,34)
       Max divergence:  0.43E+01 at (15,24,2)
       Min divergence: -0.21E+01 at (15,26,7)
       Max VN number :  0.60E-01 at (14,36,38)
       Mesh    2
       Max CFL number:  0.56E+00 at (61,32,24)
       Max divergence:  0.11E+02 at (49,25,5)
       Min divergence: -0.73E+01 at (58,30,5)
       Max VN number :  0.41E+00 at (59,33,6)
       Mesh    3
       Max CFL number:  0.79E+00 at (59,32,24)
       Max divergence:  0.66E+01 at (60,37,1)
       Min divergence: -0.89E+01 at (57,36,1)
       Max VN number :  0.35E+00 at (57,36,1)
       Mesh    4
       Max CFL number:  0.86E+00 at (58,32,28)
       Max divergence:  0.39E+01 at (61,28,1)
       Min divergence: -0.63E+01 at (57,36,1)
       Max VN number :  0.34E+00 at (62,27,28)
       Mesh    5
       Max CFL number:  0.88E+00 at (58,34,27)
       Max divergence:  0.42E+01 at (58,36,28)
       Min divergence: -0.42E+01 at (57,36,1)
       Max VN number :  0.32E+00 at (50,31,28)
       Mesh    6
       Max CFL number:  0.87E+00 at (58,31,28)
       Max divergence:  0.22E+01 at (64,36,28)
       Min divergence: -0.28E+01 at (57,29,1)
       Max VN number :  0.31E+00 at (57,27,28)
       Mesh    7
       Max CFL number:  0.83E+00 at (59,31,3)
       Max divergence:  0.14E+01 at (57,37,1)
       Min divergence: -0.19E+01 at (60,36,1)
       Max VN number :  0.30E+00 at (60,1,18)
 
       Time Step    30500   September  3, 2026  12:51:21
       Step Size:  0.160E-02 s, Total Time:   57.82605 s
       Pressure Iterations: 3
       Maximum Velocity Error:  0.57E-03 on Mesh 7 at (43,64,21)
       Maximum Pressure Error:  0.93E+03 on Mesh 5 at (57,37,21)
       Maximum CFL Number    :  0.89E+00 on Mesh 5 at (58,34,27)
       Maximum VN Number     :  0.41E+00 on Mesh 2 at (59,33,6)
       ---------------------------------------------------------------
       Mesh    1
       Max CFL number:  0.21E+00 at (15,25,34)
       Max divergence:  0.43E+01 at (15,24,2)
       Min divergence: -0.21E+01 at (15,26,7)
       Max VN number :  0.59E-01 at (15,25,38)
       Mesh    2
       Max CFL number:  0.56E+00 at (61,32,24)
       Max divergence:  0.11E+02 at (49,25,5)
       Min divergence: -0.56E+01 at (58,30,5)
       Max VN number :  0.41E+00 at (59,33,6)
       Mesh    3
       Max CFL number:  0.79E+00 at (59,32,24)
       Max divergence:  0.66E+01 at (60,37,1)
       Min divergence: -0.89E+01 at (57,36,1)
       Max VN number :  0.35E+00 at (57,36,1)
       Mesh    4
       Max CFL number:  0.86E+00 at (58,32,28)
       Max divergence:  0.40E+01 at (61,28,1)
       Min divergence: -0.63E+01 at (57,36,1)
       Max VN number :  0.34E+00 at (62,27,28)
       Mesh    5
       Max CFL number:  0.89E+00 at (58,34,27)
       Max divergence:  0.43E+01 at (58,36,28)
       Min divergence: -0.41E+01 at (57,36,1)
       Max VN number :  0.31E+00 at (50,31,28)
       Mesh    6
       Max CFL number:  0.87E+00 at (58,31,28)
       Max divergence:  0.26E+01 at (64,36,28)
       Min divergence: -0.28E+01 at (60,29,1)
       Max VN number :  0.31E+00 at (57,26,28)
       Mesh    7
       Max CFL number:  0.83E+00 at (59,31,3)
       Max divergence:  0.15E+01 at (57,37,1)
       Min divergence: -0.20E+01 at (60,36,1)
       Max VN number :  0.30E+00 at (60,1,18)
 
       Time Step    30600   September  3, 2026  12:54:50
       Step Size:  0.160E-02 s, Total Time:   57.98654 s
       Pressure Iterations: 2
       Maximum Velocity Error:  0.64E-03 on Mesh 7 at (43,64,21)
       Maximum Pressure Error:  0.71E+03 on Mesh 5 at (58,37,22)
       Maximum CFL Number    :  0.89E+00 on Mesh 5 at (58,33,28)
       Maximum VN Number     :  0.41E+00 on Mesh 2 at (59,33,6)
       ---------------------------------------------------------------
       Mesh    1
       Max CFL number:  0.21E+00 at (15,25,34)
       Max divergence:  0.43E+01 at (15,24,2)
       Min divergence: -0.21E+01 at (15,26,7)
       Max VN number :  0.59E-01 at (15,25,38)
       Mesh    2
       Max CFL number:  0.56E+00 at (61,32,24)
       Max divergence:  0.11E+02 at (49,25,5)
       Min divergence: -0.56E+01 at (58,30,5)
       Max VN number :  0.41E+00 at (59,33,6)
       Mesh    3
       Max CFL number:  0.79E+00 at (59,32,24)
       Max divergence:  0.66E+01 at (59,37,1)
       Min divergence: -0.88E+01 at (57,36,1)
       Max VN number :  0.35E+00 at (57,36,1)
       Mesh    4
       Max CFL number:  0.86E+00 at (58,32,28)
       Max divergence:  0.40E+01 at (61,28,1)
       Min divergence: -0.62E+01 at (57,36,1)
       Max VN number :  0.34E+00 at (62,27,28)
       Mesh    5
       Max CFL number:  0.89E+00 at (58,33,28)
       Max divergence:  0.41E+01 at (58,36,28)
       Min divergence: -0.41E+01 at (57,36,1)
       Max VN number :  0.31E+00 at (50,31,28)
       Mesh    6
       Max CFL number:  0.87E+00 at (58,31,28)
       Max divergence:  0.24E+01 at (64,36,28)
       Min divergence: -0.28E+01 at (60,29,1)
       Max VN number :  0.31E+00 at (57,26,28)
       Mesh    7
       Max CFL number:  0.83E+00 at (59,31,3)
       Max divergence:  0.15E+01 at (57,37,1)
       Min divergence: -0.20E+01 at (60,36,1)
       Max VN number :  0.29E+00 at (60,1,18)
 
       Time Step    30700   September  3, 2026  12:58:18
       Step Size:  0.160E-02 s, Total Time:   58.14703 s
       Pressure Iterations: 2
       Maximum Velocity Error:  0.74E-03 on Mesh 7 at (43,64,21)
       Maximum Pressure Error:  0.57E+03 on Mesh 5 at (58,37,22)
       Maximum CFL Number    :  0.89E+00 on Mesh 5 at (58,33,28)
       Maximum VN Number     :  0.41E+00 on Mesh 2 at (59,33,6)
       ---------------------------------------------------------------
       Mesh    1
       Max CFL number:  0.21E+00 at (15,25,33)
       Max divergence:  0.43E+01 at (15,24,2)
       Min divergence: -0.21E+01 at (15,26,7)
       Max VN number :  0.60E-01 at (15,25,38)
       Mesh    2
       Max CFL number:  0.56E+00 at (61,32,24)
       Max divergence:  0.11E+02 at (49,25,5)
       Min divergence: -0.56E+01 at (58,30,5)
       Max VN number :  0.41E+00 at (59,33,6)
       Mesh    3
       Max CFL number:  0.79E+00 at (59,32,24)
       Max divergence:  0.66E+01 at (59,37,1)
       Min divergence: -0.88E+01 at (57,36,1)
       Max VN number :  0.35E+00 at (57,36,1)
       Mesh    4
       Max CFL number:  0.86E+00 at (58,32,28)
       Max divergence:  0.40E+01 at (61,28,1)
       Min divergence: -0.62E+01 at (57,36,1)
       Max VN number :  0.34E+00 at (62,27,28)
       Mesh    5
       Max CFL number:  0.89E+00 at (58,33,28)
       Max divergence:  0.38E+01 at (58,36,28)
       Min divergence: -0.41E+01 at (57,36,1)
       Max VN number :  0.31E+00 at (51,31,28)
       Mesh    6
       Max CFL number:  0.87E+00 at (58,31,28)
       Max divergence:  0.25E+01 at (64,36,28)
       Min divergence: -0.28E+01 at (60,29,1)
       Max VN number :  0.32E+00 at (57,26,28)
       Mesh    7
       Max CFL number:  0.83E+00 at (59,31,3)
       Max divergence:  0.16E+01 at (57,37,1)
       Min divergence: -0.20E+01 at (60,36,1)
       Max VN number :  0.30E+00 at (60,1,18)
 
       Time Step    30800   September  3, 2026  13:01:45
       Step Size:  0.160E-02 s, Total Time:   58.30752 s
       Pressure Iterations: 2
       Maximum Velocity Error:  0.71E-03 on Mesh 7 at (44,64,21)
       Maximum Pressure Error:  0.86E+03 on Mesh 5 at (57,37,20)
       Maximum CFL Number    :  0.89E+00 on Mesh 5 at (58,33,28)
       Maximum VN Number     :  0.41E+00 on Mesh 2 at (59,33,6)
       ---------------------------------------------------------------
       Mesh    1
       Max CFL number:  0.21E+00 at (15,25,33)
       Max divergence:  0.43E+01 at (15,24,2)
       Min divergence: -0.21E+01 at (15,26,7)
       Max VN number :  0.59E-01 at (15,25,38)
       Mesh    2
       Max CFL number:  0.56E+00 at (61,32,24)
       Max divergence:  0.11E+02 at (49,25,5)
       Min divergence: -0.64E+01 at (58,30,5)
       Max VN number :  0.41E+00 at (59,33,6)
       Mesh    3
       Max CFL number:  0.79E+00 at (59,32,24)
       Max divergence:  0.66E+01 at (59,37,1)
       Min divergence: -0.89E+01 at (57,36,1)
       Max VN number :  0.35E+00 at (57,36,1)
       Mesh    4
       Max CFL number:  0.86E+00 at (58,32,28)
       Max divergence:  0.40E+01 at (61,28,1)
       Min divergence: -0.62E+01 at (57,36,1)
       Max VN number :  0.33E+00 at (62,27,28)
       Mesh    5
       Max CFL number:  0.89E+00 at (58,33,28)
       Max divergence:  0.40E+01 at (58,36,28)
       Min divergence: -0.41E+01 at (57,36,1)
       Max VN number :  0.31E+00 at (51,31,28)
       Mesh    6
       Max CFL number:  0.87E+00 at (58,31,28)
       Max divergence:  0.28E+01 at (59,36,28)
       Min divergence: -0.28E+01 at (60,29,1)
       Max VN number :  0.32E+00 at (57,26,28)
       Mesh    7
       Max CFL number:  0.83E+00 at (59,31,3)
       Max divergence:  0.16E+01 at (57,37,1)
       Min divergence: -0.20E+01 at (60,36,1)
       Max VN number :  0.29E+00 at (60,1,18)
 
       Time Step    30900   September  3, 2026  13:05:13
       Step Size:  0.160E-02 s, Total Time:   58.46801 s
       Pressure Iterations: 2
       Maximum Velocity Error:  0.57E-03 on Mesh 2 at (58,35,4)
       Maximum Pressure Error:  0.26E+04 on Mesh 2 at (58,35,5)
       Maximum CFL Number    :  0.90E+00 on Mesh 5 at (58,33,28)
       Maximum VN Number     :  0.41E+00 on Mesh 2 at (59,33,6)
       ---------------------------------------------------------------
       Mesh    1
       Max CFL number:  0.21E+00 at (15,25,33)
       Max divergence:  0.43E+01 at (15,24,2)
       Min divergence: -0.21E+01 at (15,26,7)
       Max VN number :  0.59E-01 at (15,25,38)
       Mesh    2
       Max CFL number:  0.56E+00 at (61,32,24)
       Max divergence:  0.11E+02 at (49,25,5)
       Min divergence: -0.10E+02 at (58,30,5)
       Max VN number :  0.41E+00 at (59,33,6)
       Mesh    3
       Max CFL number:  0.79E+00 at (59,32,24)
       Max divergence:  0.66E+01 at (59,37,1)
       Min divergence: -0.89E+01 at (57,36,1)
       Max VN number :  0.35E+00 at (57,36,1)
       Mesh    4
       Max CFL number:  0.86E+00 at (58,32,28)
       Max divergence:  0.41E+01 at (61,28,1)
       Min divergence: -0.62E+01 at (57,36,1)
       Max VN number :  0.33E+00 at (62,27,28)
       Mesh    5
       Max CFL number:  0.90E+00 at (58,33,28)
       Max divergence:  0.36E+01 at (59,36,28)
       Min divergence: -0.40E+01 at (57,36,1)
       Max VN number :  0.32E+00 at (51,31,28)
       Mesh    6
       Max CFL number:  0.87E+00 at (58,31,28)
       Max divergence:  0.28E+01 at (59,36,28)
       Min divergence: -0.28E+01 at (60,29,1)
       Max VN number :  0.32E+00 at (57,26,28)
       Mesh    7
       Max CFL number:  0.83E+00 at (59,31,3)
       Max divergence:  0.16E+01 at (57,37,1)
       Min divergence: -0.20E+01 at (60,36,1)
       Max VN number :  0.29E+00 at (60,1,18)
 
       Time Step    31000   September  3, 2026  13:08:40
       Step Size:  0.160E-02 s, Total Time:   58.62851 s
       Pressure Iterations: 3
       Maximum Velocity Error:  0.35E-03 on Mesh 7 at (44,64,21)
       Maximum Pressure Error:  0.59E+04 on Mesh 2 at (58,30,5)
       Maximum CFL Number    :  0.90E+00 on Mesh 5 at (58,33,28)
       Maximum VN Number     :  0.41E+00 on Mesh 2 at (59,32,6)
       ---------------------------------------------------------------
       Mesh    1
       Max CFL number:  0.21E+00 at (15,26,27)
       Max divergence:  0.43E+01 at (15,24,2)
       Min divergence: -0.21E+01 at (15,26,7)
       Max VN number :  0.59E-01 at (15,25,38)
       Mesh    2
       Max CFL number:  0.56E+00 at (61,32,24)
       Max divergence:  0.11E+02 at (49,25,5)
       Min divergence: -0.31E+02 at (58,30,5)
       Max VN number :  0.41E+00 at (59,32,6)
       Mesh    3
       Max CFL number:  0.79E+00 at (59,32,24)
       Max divergence:  0.66E+01 at (59,37,1)
       Min divergence: -0.88E+01 at (57,36,1)
       Max VN number :  0.35E+00 at (57,36,1)
       Mesh    4
       Max CFL number:  0.86E+00 at (58,32,28)
       Max divergence:  0.40E+01 at (61,28,1)
       Min divergence: -0.62E+01 at (57,36,1)
       Max VN number :  0.33E+00 at (63,27,28)
       Mesh    5
       Max CFL number:  0.90E+00 at (58,33,28)
       Max divergence:  0.30E+01 at (59,36,28)
       Min divergence: -0.40E+01 at (57,36,1)
       Max VN number :  0.31E+00 at (51,31,28)
       Mesh    6
       Max CFL number:  0.87E+00 at (58,31,28)
       Max divergence:  0.29E+01 at (59,36,28)
       Min divergence: -0.28E+01 at (60,29,1)
       Max VN number :  0.32E+00 at (57,26,28)
       Mesh    7
       Max CFL number:  0.83E+00 at (59,31,3)
       Max divergence:  0.17E+01 at (57,37,1)
       Min divergence: -0.20E+01 at (60,36,1)
       Max VN number :  0.29E+00 at (60,1,18)
 
       Time Step    31100   September  3, 2026  13:12:07
       Step Size:  0.160E-02 s, Total Time:   58.78900 s
       Pressure Iterations: 4
       Maximum Velocity Error:  0.30E-03 on Mesh 2 at (58,30,4)
       Maximum Pressure Error:  0.23E+05 on Mesh 2 at (58,30,5)
       Maximum CFL Number    :  0.90E+00 on Mesh 5 at (58,33,28)
       Maximum VN Number     :  0.41E+00 on Mesh 2 at (59,33,6)
       ---------------------------------------------------------------
       Mesh    1
       Max CFL number:  0.21E+00 at (15,26,27)
       Max divergence:  0.43E+01 at (15,24,2)
       Min divergence: -0.21E+01 at (15,25,7)
       Max VN number :  0.59E-01 at (15,25,38)
       Mesh    2
       Max CFL number:  0.56E+00 at (61,32,24)
       Max divergence:  0.53E+02 at (63,35,5)
       Min divergence: -0.51E+01 at (60,32,8)
       Max VN number :  0.41E+00 at (59,33,6)
       Mesh    3
       Max CFL number:  0.79E+00 at (59,32,24)
       Max divergence:  0.66E+01 at (59,37,1)
       Min divergence: -0.89E+01 at (57,36,1)
       Max VN number :  0.35E+00 at (57,36,1)
       Mesh    4
       Max CFL number:  0.86E+00 at (58,32,28)
       Max divergence:  0.39E+01 at (61,28,1)
       Min divergence: -0.62E+01 at (57,36,1)
       Max VN number :  0.33E+00 at (63,27,28)
       Mesh    5
       Max CFL number:  0.90E+00 at (58,33,28)
       Max divergence:  0.31E+01 at (58,36,28)
       Min divergence: -0.40E+01 at (60,29,1)
       Max VN number :  0.31E+00 at (51,31,28)
       Mesh    6
       Max CFL number:  0.87E+00 at (58,31,28)
       Max divergence:  0.29E+01 at (59,36,28)
       Min divergence: -0.29E+01 at (60,29,1)
       Max VN number :  0.31E+00 at (57,26,28)
       Mesh    7
       Max CFL number:  0.83E+00 at (59,30,2)
       Max divergence:  0.16E+01 at (57,37,1)
       Min divergence: -0.20E+01 at (60,36,1)
       Max VN number :  0.30E+00 at (60,1,18)
 
       Time Step    31200   September  3, 2026  13:15:35
       Step Size:  0.160E-02 s, Total Time:   58.94949 s
       Pressure Iterations: 2
       Maximum Velocity Error:  0.45E-03 on Mesh 7 at (45,64,21)
       Maximum Pressure Error:  0.71E+03 on Mesh 5 at (58,37,17)
       Maximum CFL Number    :  0.90E+00 on Mesh 5 at (58,33,28)
       Maximum VN Number     :  0.41E+00 on Mesh 2 at (59,32,6)
       ---------------------------------------------------------------
       Mesh    1
       Max CFL number:  0.21E+00 at (15,26,27)
       Max divergence:  0.43E+01 at (15,24,2)
       Min divergence: -0.21E+01 at (15,25,7)
       Max VN number :  0.59E-01 at (15,25,38)
       Mesh    2
       Max CFL number:  0.56E+00 at (61,32,24)
       Max divergence:  0.11E+02 at (49,25,5)
       Min divergence: -0.51E+01 at (60,33,8)
       Max VN number :  0.41E+00 at (59,32,6)
       Mesh    3
       Max CFL number:  0.79E+00 at (59,32,24)
       Max divergence:  0.66E+01 at (59,37,1)
       Min divergence: -0.89E+01 at (57,36,1)
       Max VN number :  0.35E+00 at (57,36,1)
       Mesh    4
       Max CFL number:  0.86E+00 at (58,32,28)
       Max divergence:  0.40E+01 at (61,28,1)
       Min divergence: -0.62E+01 at (64,36,1)
       Max VN number :  0.33E+00 at (63,27,28)
       Mesh    5
       Max CFL number:  0.90E+00 at (58,33,28)
       Max divergence:  0.28E+01 at (58,36,28)
       Min divergence: -0.40E+01 at (60,29,1)
       Max VN number :  0.31E+00 at (51,31,28)
       Mesh    6
       Max CFL number:  0.87E+00 at (58,31,28)
       Max divergence:  0.30E+01 at (59,36,28)
       Min divergence: -0.29E+01 at (60,29,1)
       Max VN number :  0.31E+00 at (64,31,28)
       Mesh    7
       Max CFL number:  0.83E+00 at (59,30,2)
       Max divergence:  0.16E+01 at (57,37,1)
       Min divergence: -0.21E+01 at (60,36,1)
       Max VN number :  0.29E+00 at (60,1,18)
 
       Time Step    31300   September  3, 2026  13:19:02
       Step Size:  0.160E-02 s, Total Time:   59.10998 s
       Pressure Iterations: 3
       Maximum Velocity Error:  0.67E-03 on Mesh 2 at (63,30,4)
       Maximum Pressure Error:  0.69E+04 on Mesh 2 at (63,30,4)
       Maximum CFL Number    :  0.90E+00 on Mesh 5 at (58,33,28)
       Maximum VN Number     :  0.41E+00 on Mesh 2 at (59,32,6)
       ---------------------------------------------------------------
       Mesh    1
       Max CFL number:  0.21E+00 at (15,26,27)
       Max divergence:  0.43E+01 at (15,24,2)
       Min divergence: -0.22E+01 at (15,25,7)
       Max VN number :  0.59E-01 at (15,25,38)
       Mesh    2
       Max CFL number:  0.56E+00 at (61,32,24)
       Max divergence:  0.53E+02 at (63,30,5)
       Min divergence: -0.64E+01 at (58,30,5)
       Max VN number :  0.41E+00 at (59,32,6)
       Mesh    3
       Max CFL number:  0.79E+00 at (59,33,24)
       Max divergence:  0.66E+01 at (59,37,1)
       Min divergence: -0.89E+01 at (57,36,1)
       Max VN number :  0.35E+00 at (57,36,1)
       Mesh    4
       Max CFL number:  0.86E+00 at (58,32,28)
       Max divergence:  0.40E+01 at (61,37,1)
       Min divergence: -0.63E+01 at (64,36,1)
       Max VN number :  0.32E+00 at (64,28,28)
       Mesh    5
       Max CFL number:  0.90E+00 at (58,33,28)
       Max divergence:  0.29E+01 at (58,37,19)
       Min divergence: -0.40E+01 at (60,29,1)
       Max VN number :  0.30E+00 at (51,31,28)
       Mesh    6
       Max CFL number:  0.87E+00 at (57,34,28)
       Max divergence:  0.31E+01 at (59,36,28)
       Min divergence: -0.29E+01 at (60,29,1)
       Max VN number :  0.31E+00 at (64,31,28)
       Mesh    7
       Max CFL number:  0.83E+00 at (59,30,2)
       Max divergence:  0.15E+01 at (57,37,1)
       Min divergence: -0.20E+01 at (60,36,1)
       Max VN number :  0.29E+00 at (60,1,18)
 
       Time Step    31400   September  3, 2026  13:22:28
       Step Size:  0.160E-02 s, Total Time:   59.27048 s
       Pressure Iterations: 4
       Maximum Velocity Error:  0.29E-03 on Mesh 2 at (58,30,4)
       Maximum Pressure Error:  0.24E+05 on Mesh 2 at (58,30,5)
       Maximum CFL Number    :  0.90E+00 on Mesh 5 at (58,33,28)
       Maximum VN Number     :  0.41E+00 on Mesh 2 at (59,33,6)
       ---------------------------------------------------------------
       Mesh    1
       Max CFL number:  0.21E+00 at (15,26,27)
       Max divergence:  0.43E+01 at (15,24,2)
       Min divergence: -0.22E+01 at (15,25,7)
       Max VN number :  0.59E-01 at (15,25,38)
       Mesh    2
       Max CFL number:  0.56E+00 at (61,32,24)
       Max divergence:  0.30E+02 at (58,30,5)
       Min divergence: -0.13E+02 at (58,35,5)
       Max VN number :  0.41E+00 at (59,33,6)
       Mesh    3
       Max CFL number:  0.79E+00 at (59,33,24)
       Max divergence:  0.66E+01 at (59,37,1)
       Min divergence: -0.89E+01 at (57,36,1)
       Max VN number :  0.35E+00 at (57,36,1)
       Mesh    4
       Max CFL number:  0.86E+00 at (58,33,28)
       Max divergence:  0.39E+01 at (61,37,1)
       Min divergence: -0.63E+01 at (64,36,1)
       Max VN number :  0.32E+00 at (64,28,28)
       Mesh    5
       Max CFL number:  0.90E+00 at (58,33,28)
       Max divergence:  0.28E+01 at (51,29,28)
       Min divergence: -0.41E+01 at (60,29,1)
       Max VN number :  0.30E+00 at (57,36,1)
       Mesh    6
       Max CFL number:  0.87E+00 at (57,34,28)
       Max divergence:  0.30E+01 at (59,36,28)
       Min divergence: -0.29E+01 at (60,29,1)
       Max VN number :  0.31E+00 at (64,32,28)
       Mesh    7
       Max CFL number:  0.83E+00 at (59,29,1)
       Max divergence:  0.15E+01 at (57,37,1)
       Min divergence: -0.20E+01 at (60,36,1)
       Max VN number :  0.30E+00 at (60,1,18)
 
       Time Step    31500   September  3, 2026  13:25:56
       Step Size:  0.160E-02 s, Total Time:   59.43097 s
       Pressure Iterations: 3
       Maximum Velocity Error:  0.31E-03 on Mesh 2 at (63,30,4)
       Maximum Pressure Error:  0.40E+04 on Mesh 2 at (63,30,5)
       Maximum CFL Number    :  0.90E+00 on Mesh 5 at (58,33,28)
       Maximum VN Number     :  0.41E+00 on Mesh 2 at (59,33,6)
       ---------------------------------------------------------------
       Mesh    1
       Max CFL number:  0.21E+00 at (15,26,27)
       Max divergence:  0.43E+01 at (15,24,2)
       Min divergence: -0.22E+01 at (15,25,7)
       Max VN number :  0.59E-01 at (15,25,38)
       Mesh    2
       Max CFL number:  0.56E+00 at (61,32,24)
       Max divergence:  0.11E+02 at (49,25,5)
       Min divergence: -0.21E+02 at (63,30,5)
       Max VN number :  0.41E+00 at (59,33,6)
       Mesh    3
       Max CFL number:  0.79E+00 at (59,33,24)
       Max divergence:  0.66E+01 at (59,37,1)
       Min divergence: -0.89E+01 at (57,36,1)
       Max VN number :  0.35E+00 at (57,29,1)
       Mesh    4
       Max CFL number:  0.86E+00 at (58,33,28)
       Max divergence:  0.40E+01 at (61,37,1)
       Min divergence: -0.64E+01 at (64,36,1)
       Max VN number :  0.32E+00 at (64,36,1)
       Mesh    5
       Max CFL number:  0.90E+00 at (58,33,28)
       Max divergence:  0.27E+01 at (59,28,1)
       Min divergence: -0.41E+01 at (60,29,1)
       Max VN number :  0.30E+00 at (63,40,28)
       Mesh    6
       Max CFL number:  0.88E+00 at (57,34,28)
       Max divergence:  0.30E+01 at (59,36,28)
       Min divergence: -0.30E+01 at (60,29,1)
       Max VN number :  0.30E+00 at (64,32,28)
       Mesh    7
       Max CFL number:  0.82E+00 at (59,29,1)
       Max divergence:  0.14E+01 at (57,37,1)
       Min divergence: -0.20E+01 at (60,36,1)
       Max VN number :  0.30E+00 at (60,1,18)
 
       Time Step    31600   September  3, 2026  13:29:23
       Step Size:  0.160E-02 s, Total Time:   59.59146 s
       Pressure Iterations: 2
       Maximum Velocity Error:  0.36E-03 on Mesh 7 at (65,0,21)
       Maximum Pressure Error:  0.67E+03 on Mesh 2 at (57,31,5)
       Maximum CFL Number    :  0.91E+00 on Mesh 5 at (58,33,28)
       Maximum VN Number     :  0.41E+00 on Mesh 2 at (59,32,6)
       ---------------------------------------------------------------
       Mesh    1
       Max CFL number:  0.21E+00 at (15,26,28)
       Max divergence:  0.43E+01 at (15,24,2)
       Min divergence: -0.22E+01 at (15,25,7)
       Max VN number :  0.59E-01 at (15,25,38)
       Mesh    2
       Max CFL number:  0.56E+00 at (61,32,24)
       Max divergence:  0.11E+02 at (49,40,5)
       Min divergence: -0.51E+01 at (60,33,8)
       Max VN number :  0.41E+00 at (59,32,6)
       Mesh    3
       Max CFL number:  0.79E+00 at (59,33,24)
       Max divergence:  0.66E+01 at (59,37,1)
       Min divergence: -0.89E+01 at (57,36,1)
       Max VN number :  0.35E+00 at (57,36,1)
       Mesh    4
       Max CFL number:  0.86E+00 at (58,33,28)
       Max divergence:  0.40E+01 at (61,37,1)
       Min divergence: -0.65E+01 at (64,36,1)
       Max VN number :  0.32E+00 at (64,36,1)
       Mesh    5
       Max CFL number:  0.91E+00 at (58,33,28)
       Max divergence:  0.35E+01 at (53,29,28)
       Min divergence: -0.41E+01 at (60,29,1)
       Max VN number :  0.31E+00 at (63,40,28)
       Mesh    6
       Max CFL number:  0.88E+00 at (57,34,27)
       Max divergence:  0.26E+01 at (59,36,28)
       Min divergence: -0.30E+01 at (60,29,1)
       Max VN number :  0.29E+00 at (57,27,28)
       Mesh    7
       Max CFL number:  0.82E+00 at (59,29,1)
       Max divergence:  0.14E+01 at (57,37,1)
       Min divergence: -0.20E+01 at (60,36,1)
       Max VN number :  0.30E+00 at (60,1,18)
 
       Time Step    31700   September  3, 2026  13:32:51
       Step Size:  0.160E-02 s, Total Time:   59.75195 s
       Pressure Iterations: 4
       Maximum Velocity Error:  0.22E-03 on Mesh 2 at (63,35,4)
       Maximum Pressure Error:  0.16E+05 on Mesh 2 at (63,35,5)
       Maximum CFL Number    :  0.90E+00 on Mesh 5 at (58,33,28)
       Maximum VN Number     :  0.41E+00 on Mesh 2 at (59,33,6)
       ---------------------------------------------------------------
       Mesh    1
       Max CFL number:  0.21E+00 at (15,26,28)
       Max divergence:  0.43E+01 at (15,24,2)
       Min divergence: -0.22E+01 at (15,25,7)
       Max VN number :  0.58E-01 at (15,25,38)
       Mesh    2
       Max CFL number:  0.56E+00 at (61,32,24)
       Max divergence:  0.19E+02 at (63,35,5)
       Min divergence: -0.21E+02 at (63,30,5)
       Max VN number :  0.41E+00 at (59,33,6)
       Mesh    3
       Max CFL number:  0.79E+00 at (59,33,24)
       Max divergence:  0.66E+01 at (59,37,1)
       Min divergence: -0.89E+01 at (57,36,1)
       Max VN number :  0.35E+00 at (57,36,1)
       Mesh    4
       Max CFL number:  0.85E+00 at (58,33,28)
       Max divergence:  0.38E+01 at (61,37,1)
       Min divergence: -0.64E+01 at (64,36,1)
       Max VN number :  0.32E+00 at (64,36,1)
       Mesh    5
       Max CFL number:  0.90E+00 at (58,33,28)
       Max divergence:  0.40E+01 at (53,29,28)
       Min divergence: -0.40E+01 at (60,29,1)
       Max VN number :  0.30E+00 at (61,40,28)
       Mesh    6
       Max CFL number:  0.88E+00 at (57,33,28)
       Max divergence:  0.24E+01 at (60,36,28)
       Min divergence: -0.29E+01 at (60,29,1)
       Max VN number :  0.28E+00 at (57,27,28)
       Mesh    7
       Max CFL number:  0.82E+00 at (59,29,1)
       Max divergence:  0.14E+01 at (57,37,1)
       Min divergence: -0.21E+01 at (60,36,1)
       Max VN number :  0.30E+00 at (60,1,18)
 
       Time Step    31800   September  3, 2026  13:36:19
       Step Size:  0.160E-02 s, Total Time:   59.91244 s
       Pressure Iterations: 2
       Maximum Velocity Error:  0.52E-03 on Mesh 7 at (73,0,21)
       Maximum Pressure Error:  0.14E+04 on Mesh 2 at (63,35,5)
       Maximum CFL Number    :  0.90E+00 on Mesh 5 at (59,33,26)
       Maximum VN Number     :  0.41E+00 on Mesh 2 at (59,32,6)
       ---------------------------------------------------------------
       Mesh    1
       Max CFL number:  0.21E+00 at (15,26,31)
       Max divergence:  0.43E+01 at (15,27,2)
       Min divergence: -0.22E+01 at (15,25,7)
       Max VN number :  0.58E-01 at (15,25,38)
       Mesh    2
       Max CFL number:  0.56E+00 at (61,32,24)
       Max divergence:  0.11E+02 at (49,40,5)
       Min divergence: -0.51E+01 at (60,33,8)
       Max VN number :  0.41E+00 at (59,32,6)
       Mesh    3
       Max CFL number:  0.79E+00 at (59,33,24)
       Max divergence:  0.66E+01 at (59,37,1)
       Min divergence: -0.89E+01 at (57,36,1)
       Max VN number :  0.35E+00 at (57,29,1)
       Mesh    4
       Max CFL number:  0.85E+00 at (58,33,28)
       Max divergence:  0.37E+01 at (61,37,1)
       Min divergence: -0.63E+01 at (64,36,1)
       Max VN number :  0.31E+00 at (57,29,1)
       Mesh    5
       Max CFL number:  0.90E+00 at (59,33,26)
       Max divergence:  0.41E+01 at (53,29,28)
       Min divergence: -0.38E+01 at (60,29,1)
       Max VN number :  0.30E+00 at (61,40,28)
       Mesh    6
       Max CFL number:  0.88E+00 at (57,33,27)
       Max divergence:  0.20E+01 at (56,37,1)
       Min divergence: -0.29E+01 at (60,29,1)
       Max VN number :  0.28E+00 at (64,40,1)
       Mesh    7
       Max CFL number:  0.81E+00 at (59,29,1)
       Max divergence:  0.13E+01 at (57,37,1)
       Min divergence: -0.21E+01 at (53,36,1)
       Max VN number :  0.31E+00 at (60,1,18)
 
       Time Step    31900   September  3, 2026  13:39:47
       Step Size:  0.160E-02 s, Total Time:   60.07294 s
       Pressure Iterations: 4
       Maximum Velocity Error:  0.30E-03 on Mesh 2 at (58,30,4)
       Maximum Pressure Error:  0.23E+05 on Mesh 2 at (58,30,5)
       Maximum CFL Number    :  0.90E+00 on Mesh 5 at (59,33,24)
       Maximum VN Number     :  0.41E+00 on Mesh 2 at (59,33,6)
       ---------------------------------------------------------------
       Mesh    1
       Max CFL number:  0.21E+00 at (15,26,25)
       Max divergence:  0.43E+01 at (15,27,2)
       Min divergence: -0.22E+01 at (15,25,7)
       Max VN number :  0.58E-01 at (15,25,38)
       Mesh    2
       Max CFL number:  0.56E+00 at (61,32,24)
       Max divergence:  0.30E+02 at (58,30,5)
       Min divergence: -0.51E+01 at (58,35,5)
       Max VN number :  0.41E+00 at (59,33,6)
       Mesh    3
       Max CFL number:  0.80E+00 at (59,33,24)
       Max divergence:  0.66E+01 at (59,37,1)
       Min divergence: -0.89E+01 at (57,36,1)
       Max VN number :  0.35E+00 at (57,29,1)
       Mesh    4
       Max CFL number:  0.85E+00 at (58,33,28)
       Max divergence:  0.38E+01 at (59,28,1)
       Min divergence: -0.65E+01 at (57,29,1)
       Max VN number :  0.32E+00 at (57,29,1)
       Mesh    5
       Max CFL number:  0.90E+00 at (59,33,24)
       Max divergence:  0.39E+01 at (54,29,28)
       Min divergence: -0.37E+01 at (60,36,1)
       Max VN number :  0.29E+00 at (68,34,28)
       Mesh    6
       Max CFL number:  0.87E+00 at (57,33,28)
       Max divergence:  0.20E+01 at (56,37,1)
       Min divergence: -0.28E+01 at (60,29,1)
       Max VN number :  0.29E+00 at (64,25,28)
       Mesh    7
       Max CFL number:  0.82E+00 at (59,31,8)
       Max divergence:  0.13E+01 at (57,37,1)
       Min divergence: -0.22E+01 at (53,36,1)
       Max VN number :  0.30E+00 at (57,1,20)
 
       Time Step    32000   September  3, 2026  13:43:14
       Step Size:  0.160E-02 s, Total Time:   60.23343 s
       Pressure Iterations: 2
       Maximum Velocity Error:  0.65E-03 on Mesh 7 at (61,0,21)
       Maximum Pressure Error:  0.18E+04 on Mesh 2 at (63,35,5)
       Maximum CFL Number    :  0.90E+00 on Mesh 5 at (59,33,24)
       Maximum VN Number     :  0.41E+00 on Mesh 2 at (59,32,6)
       ---------------------------------------------------------------
       Mesh    1
       Max CFL number:  0.21E+00 at (15,26,25)
       Max divergence:  0.43E+01 at (15,27,2)
       Min divergence: -0.22E+01 at (15,25,7)
       Max VN number :  0.59E-01 at (15,25,38)
       Mesh    2
       Max CFL number:  0.56E+00 at (61,32,24)
       Max divergence:  0.11E+02 at (49,25,5)
       Min divergence: -0.11E+02 at (63,33,5)
       Max VN number :  0.41E+00 at (59,32,6)
       Mesh    3
       Max CFL number:  0.80E+00 at (59,33,24)
       Max divergence:  0.66E+01 at (59,37,1)
       Min divergence: -0.89E+01 at (57,36,1)
       Max VN number :  0.35E+00 at (57,29,1)
       Mesh    4
       Max CFL number:  0.84E+00 at (58,32,28)
       Max divergence:  0.38E+01 at (60,29,28)
       Min divergence: -0.64E+01 at (57,29,1)
       Max VN number :  0.32E+00 at (57,36,1)
       Mesh    5
       Max CFL number:  0.90E+00 at (59,33,24)
       Max divergence:  0.35E+01 at (54,29,28)
       Min divergence: -0.37E+01 at (53,29,1)
       Max VN number :  0.32E+00 at (68,34,28)
       Mesh    6
       Max CFL number:  0.87E+00 at (57,33,25)
       Max divergence:  0.20E+01 at (56,37,1)
       Min divergence: -0.26E+01 at (60,29,1)
       Max VN number :  0.29E+00 at (64,25,28)
       Mesh    7
       Max CFL number:  0.83E+00 at (59,31,8)
       Max divergence:  0.13E+01 at (56,37,1)
       Min divergence: -0.22E+01 at (53,36,1)
       Max VN number :  0.31E+00 at (57,1,20)
 
       Time Step    32100   September  3, 2026  13:46:42
       Step Size:  0.160E-02 s, Total Time:   60.39392 s
       Pressure Iterations: 2
       Maximum Velocity Error:  0.45E-03 on Mesh 7 at (61,0,21)
       Maximum Pressure Error:  0.45E+03 on Mesh 2 at (58,29,5)
       Maximum CFL Number    :  0.90E+00 on Mesh 5 at (59,33,24)
       Maximum VN Number     :  0.42E+00 on Mesh 2 at (59,32,6)
       ---------------------------------------------------------------
       Mesh    1
       Max CFL number:  0.21E+00 at (15,25,32)
       Max divergence:  0.43E+01 at (15,27,2)
       Min divergence: -0.22E+01 at (15,25,7)
       Max VN number :  0.59E-01 at (15,25,38)
       Mesh    2
       Max CFL number:  0.56E+00 at (61,32,24)
       Max divergence:  0.11E+02 at (57,36,24)
       Min divergence: -0.17E+02 at (58,30,5)
       Max VN number :  0.42E+00 at (59,32,6)
       Mesh    3
       Max CFL number:  0.80E+00 at (59,32,24)
       Max divergence:  0.66E+01 at (59,37,1)
       Min divergence: -0.89E+01 at (57,36,1)
       Max VN number :  0.35E+00 at (57,29,1)
       Mesh    4
       Max CFL number:  0.84E+00 at (58,32,28)
       Max divergence:  0.39E+01 at (60,29,28)
       Min divergence: -0.64E+01 at (57,29,1)
       Max VN number :  0.32E+00 at (57,36,1)
       Mesh    5
       Max CFL number:  0.90E+00 at (59,33,24)
       Max divergence:  0.34E+01 at (55,29,28)
       Min divergence: -0.37E+01 at (53,29,1)
       Max VN number :  0.33E+00 at (68,31,28)
       Mesh    6
       Max CFL number:  0.87E+00 at (57,33,25)
       Max divergence:  0.18E+01 at (56,37,1)
       Min divergence: -0.25E+01 at (60,29,1)
       Max VN number :  0.30E+00 at (64,25,28)
       Mesh    7
       Max CFL number:  0.83E+00 at (59,31,8)
       Max divergence:  0.14E+01 at (56,37,1)
       Min divergence: -0.23E+01 at (53,36,1)
       Max VN number :  0.30E+00 at (57,1,20)
 
       Time Step    32200   September  3, 2026  13:50:09
       Step Size:  0.160E-02 s, Total Time:   60.55441 s
       Pressure Iterations: 2
       Maximum Velocity Error:  0.42E-03 on Mesh 7 at (45,64,21)
       Maximum Pressure Error:  0.49E+03 on Mesh 2 at (58,29,5)
       Maximum CFL Number    :  0.89E+00 on Mesh 5 at (59,32,22)
       Maximum VN Number     :  0.41E+00 on Mesh 2 at (59,32,6)
       ---------------------------------------------------------------
       Mesh    1
       Max CFL number:  0.21E+00 at (15,25,31)
       Max divergence:  0.43E+01 at (15,27,2)
       Min divergence: -0.22E+01 at (15,25,7)
       Max VN number :  0.59E-01 at (15,25,38)
       Mesh    2
       Max CFL number:  0.56E+00 at (61,32,24)
       Max divergence:  0.11E+02 at (57,36,24)
       Min divergence: -0.17E+02 at (58,30,5)
       Max VN number :  0.41E+00 at (59,32,6)
       Mesh    3
       Max CFL number:  0.80E+00 at (59,32,24)
       Max divergence:  0.66E+01 at (59,37,1)
       Min divergence: -0.89E+01 at (57,36,1)
       Max VN number :  0.35E+00 at (57,29,1)
       Mesh    4
       Max CFL number:  0.84E+00 at (58,32,28)
       Max divergence:  0.37E+01 at (60,29,28)
       Min divergence: -0.66E+01 at (57,29,1)
       Max VN number :  0.32E+00 at (57,36,1)
       Mesh    5
       Max CFL number:  0.89E+00 at (59,32,22)
       Max divergence:  0.31E+01 at (56,29,28)
       Min divergence: -0.37E+01 at (53,29,1)
       Max VN number :  0.33E+00 at (68,31,28)
       Mesh    6
       Max CFL number:  0.87E+00 at (58,32,28)
       Max divergence:  0.23E+01 at (54,25,28)
       Min divergence: -0.24E+01 at (60,29,1)
       Max VN number :  0.29E+00 at (64,25,28)
       Mesh    7
       Max CFL number:  0.84E+00 at (59,31,8)
       Max divergence:  0.15E+01 at (56,37,1)
       Min divergence: -0.23E+01 at (53,36,1)
       Max VN number :  0.29E+00 at (57,1,20)
 
       Time Step    32300   September  3, 2026  13:53:35
       Step Size:  0.160E-02 s, Total Time:   60.71491 s
       Pressure Iterations: 2
       Maximum Velocity Error:  0.50E-03 on Mesh 7 at (45,0,21)
       Maximum Pressure Error:  0.61E+03 on Mesh 2 at (58,35,5)
       Maximum CFL Number    :  0.89E+00 on Mesh 5 at (59,32,20)
       Maximum VN Number     :  0.41E+00 on Mesh 2 at (59,32,6)
       ---------------------------------------------------------------
       Mesh    1
       Max CFL number:  0.21E+00 at (15,25,34)
       Max divergence:  0.43E+01 at (15,27,2)
       Min divergence: -0.22E+01 at (15,25,7)
       Max VN number :  0.60E-01 at (15,25,38)
       Mesh    2
       Max CFL number:  0.56E+00 at (61,32,24)
       Max divergence:  0.11E+02 at (57,36,24)
       Min divergence: -0.50E+01 at (60,32,8)
       Max VN number :  0.41E+00 at (59,32,6)
       Mesh    3
       Max CFL number:  0.80E+00 at (59,33,24)
       Max divergence:  0.66E+01 at (59,37,1)
       Min divergence: -0.89E+01 at (57,36,1)
       Max VN number :  0.35E+00 at (57,29,1)
       Mesh    4
       Max CFL number:  0.84E+00 at (58,32,28)
       Max divergence:  0.36E+01 at (59,28,1)
       Min divergence: -0.64E+01 at (57,29,1)
       Max VN number :  0.31E+00 at (57,36,1)
       Mesh    5
       Max CFL number:  0.89E+00 at (59,32,20)
       Max divergence:  0.29E+01 at (55,29,28)
       Min divergence: -0.36E+01 at (53,29,1)
       Max VN number :  0.33E+00 at (67,34,28)
       Mesh    6
       Max CFL number:  0.87E+00 at (58,32,28)
       Max divergence:  0.17E+01 at (53,25,28)
       Min divergence: -0.23E+01 at (60,29,1)
       Max VN number :  0.29E+00 at (61,26,28)
       Mesh    7
       Max CFL number:  0.84E+00 at (59,31,6)
       Max divergence:  0.16E+01 at (56,37,1)
       Min divergence: -0.23E+01 at (53,36,1)
       Max VN number :  0.29E+00 at (57,1,18)
 
       Time Step    32400   September  3, 2026  13:57:02
       Step Size:  0.160E-02 s, Total Time:   60.87540 s
       Pressure Iterations: 3
       Maximum Velocity Error:  0.41E-03 on Mesh 7 at (47,0,21)
       Maximum Pressure Error:  0.49E+04 on Mesh 2 at (63,30,5)
       Maximum CFL Number    :  0.88E+00 on Mesh 5 at (58,32,24)
       Maximum VN Number     :  0.41E+00 on Mesh 2 at (59,32,6)
       ---------------------------------------------------------------
       Mesh    1
       Max CFL number:  0.21E+00 at (15,26,34)
       Max divergence:  0.43E+01 at (15,27,2)
       Min divergence: -0.22E+01 at (15,25,7)
       Max VN number :  0.60E-01 at (15,25,38)
       Mesh    2
       Max CFL number:  0.56E+00 at (61,32,24)
       Max divergence:  0.11E+02 at (57,36,24)
       Min divergence: -0.28E+02 at (63,30,5)
       Max VN number :  0.41E+00 at (59,32,6)
       Mesh    3
       Max CFL number:  0.80E+00 at (59,32,24)
       Max divergence:  0.66E+01 at (59,37,1)
       Min divergence: -0.89E+01 at (57,36,1)
       Max VN number :  0.35E+00 at (57,29,1)
       Mesh    4
       Max CFL number:  0.84E+00 at (58,32,28)
       Max divergence:  0.36E+01 at (59,28,1)
       Min divergence: -0.64E+01 at (57,36,1)
       Max VN number :  0.31E+00 at (57,29,1)
       Mesh    5
       Max CFL number:  0.88E+00 at (58,32,24)
       Max divergence:  0.32E+01 at (57,29,28)
       Min divergence: -0.37E+01 at (60,36,1)
       Max VN number :  0.32E+00 at (67,29,28)
       Mesh    6
       Max CFL number:  0.87E+00 at (58,32,28)
       Max divergence:  0.18E+01 at (53,37,28)
       Min divergence: -0.23E+01 at (60,36,1)
       Max VN number :  0.29E+00 at (53,38,28)
       Mesh    7
       Max CFL number:  0.84E+00 at (59,31,6)
       Max divergence:  0.16E+01 at (56,37,1)
       Min divergence: -0.23E+01 at (53,36,1)
       Max VN number :  0.29E+00 at (57,1,18)
 
       Time Step    32500   September  3, 2026  14:00:28
       Step Size:  0.160E-02 s, Total Time:   61.03589 s
       Pressure Iterations: 3
       Maximum Velocity Error:  0.57E-03 on Mesh 7 at (49,0,21)
       Maximum Pressure Error:  0.39E+03 on Mesh 5 at (56,29,26)
       Maximum CFL Number    :  0.88E+00 on Mesh 5 at (58,33,26)
       Maximum VN Number     :  0.41E+00 on Mesh 2 at (59,32,6)
       ---------------------------------------------------------------
       Mesh    1
       Max CFL number:  0.21E+00 at (15,26,34)
       Max divergence:  0.43E+01 at (15,27,2)
       Min divergence: -0.23E+01 at (15,25,7)
       Max VN number :  0.60E-01 at (15,25,38)
       Mesh    2
       Max CFL number:  0.55E+00 at (61,32,24)
       Max divergence:  0.11E+02 at (57,36,24)
       Min divergence: -0.51E+01 at (60,32,8)
       Max VN number :  0.41E+00 at (59,32,6)
       Mesh    3
       Max CFL number:  0.80E+00 at (59,32,24)
       Max divergence:  0.66E+01 at (59,37,1)
       Min divergence: -0.88E+01 at (57,29,1)
       Max VN number :  0.35E+00 at (57,29,1)
       Mesh    4
       Max CFL number:  0.85E+00 at (58,33,28)
       Max divergence:  0.37E+01 at (59,37,1)
       Min divergence: -0.64E+01 at (57,36,1)
       Max VN number :  0.31E+00 at (57,29,1)
       Mesh    5
       Max CFL number:  0.88E+00 at (58,33,26)
       Max divergence:  0.38E+01 at (57,29,28)
       Min divergence: -0.39E+01 at (60,36,1)
       Max VN number :  0.30E+00 at (60,26,28)
       Mesh    6
       Max CFL number:  0.87E+00 at (58,32,25)
       Max divergence:  0.25E+01 at (53,37,28)
       Min divergence: -0.26E+01 at (60,36,1)
       Max VN number :  0.31E+00 at (68,34,28)
       Mesh    7
       Max CFL number:  0.83E+00 at (58,33,5)
       Max divergence:  0.14E+01 at (56,37,1)
       Min divergence: -0.22E+01 at (53,29,1)
       Max VN number :  0.28E+00 at (64,1,18)
 
       Time Step    32600   September  3, 2026  14:03:53
       Step Size:  0.160E-02 s, Total Time:   61.19638 s
       Pressure Iterations: 4
       Maximum Velocity Error:  0.30E-03 on Mesh 2 at (58,30,4)
       Maximum Pressure Error:  0.22E+05 on Mesh 2 at (58,30,5)
       Maximum CFL Number    :  0.88E+00 on Mesh 5 at (58,33,24)
       Maximum VN Number     :  0.41E+00 on Mesh 2 at (59,32,6)
       ---------------------------------------------------------------
       Mesh    1
       Max CFL number:  0.21E+00 at (15,26,34)
       Max divergence:  0.43E+01 at (15,27,2)
       Min divergence: -0.22E+01 at (15,25,7)
       Max VN number :  0.60E-01 at (15,25,38)
       Mesh    2
       Max CFL number:  0.55E+00 at (61,32,24)
       Max divergence:  0.31E+02 at (58,30,5)
       Min divergence: -0.20E+02 at (63,35,5)
       Max VN number :  0.41E+00 at (59,32,6)
       Mesh    3
       Max CFL number:  0.80E+00 at (59,32,24)
       Max divergence:  0.66E+01 at (59,37,1)
       Min divergence: -0.89E+01 at (57,29,1)
       Max VN number :  0.35E+00 at (57,29,1)
       Mesh    4
       Max CFL number:  0.85E+00 at (58,33,28)
       Max divergence:  0.37E+01 at (59,37,1)
       Min divergence: -0.64E+01 at (57,29,1)
       Max VN number :  0.31E+00 at (57,29,1)
       Mesh    5
       Max CFL number:  0.88E+00 at (58,33,24)
       Max divergence:  0.40E+01 at (57,29,28)
       Min divergence: -0.40E+01 at (60,36,1)
       Max VN number :  0.31E+00 at (60,26,28)
       Mesh    6
       Max CFL number:  0.86E+00 at (58,33,24)
       Max divergence:  0.20E+01 at (54,36,28)
       Min divergence: -0.29E+01 at (60,36,1)
       Max VN number :  0.35E+00 at (64,31,28)
       Mesh    7
       Max CFL number:  0.84E+00 at (58,34,5)
       Max divergence:  0.14E+01 at (56,37,1)
       Min divergence: -0.20E+01 at (53,36,1)
       Max VN number :  0.28E+00 at (64,1,18)
 
       Time Step    32700   September  3, 2026  14:07:20
       Step Size:  0.160E-02 s, Total Time:   61.35687 s
       Pressure Iterations: 4
       Maximum Velocity Error:  0.20E-03 on Mesh 7 at (58,64,21)
       Maximum Pressure Error:  0.20E+05 on Mesh 2 at (63,32,5)
       Maximum CFL Number    :  0.88E+00 on Mesh 5 at (58,33,23)
       Maximum VN Number     :  0.41E+00 on Mesh 2 at (59,33,6)
       ---------------------------------------------------------------
       Mesh    1
       Max CFL number:  0.21E+00 at (15,26,32)
       Max divergence:  0.43E+01 at (15,27,2)
       Min divergence: -0.23E+01 at (15,25,7)
       Max VN number :  0.59E-01 at (15,25,38)
       Mesh    2
       Max CFL number:  0.55E+00 at (61,32,24)
       Max divergence:  0.10E+03 at (63,33,5)
       Min divergence: -0.51E+01 at (60,32,8)
       Max VN number :  0.41E+00 at (59,33,6)
       Mesh    3
       Max CFL number:  0.80E+00 at (59,32,24)
       Max divergence:  0.66E+01 at (59,37,1)
       Min divergence: -0.89E+01 at (57,29,1)
       Max VN number :  0.35E+00 at (57,29,1)
       Mesh    4
       Max CFL number:  0.86E+00 at (58,33,28)
       Max divergence:  0.36E+01 at (59,28,1)
       Min divergence: -0.64E+01 at (57,29,1)
       Max VN number :  0.31E+00 at (57,29,1)
       Mesh    5
       Max CFL number:  0.88E+00 at (58,33,23)
       Max divergence:  0.39E+01 at (57,29,28)
       Min divergence: -0.40E+01 at (60,36,1)
       Max VN number :  0.31E+00 at (64,36,1)
       Mesh    6
       Max CFL number:  0.86E+00 at (58,33,24)
       Max divergence:  0.22E+01 at (53,36,28)
       Min divergence: -0.31E+01 at (60,36,1)
       Max VN number :  0.33E+00 at (57,25,28)
       Mesh    7
       Max CFL number:  0.84E+00 at (58,34,5)
       Max divergence:  0.14E+01 at (56,37,1)
       Min divergence: -0.20E+01 at (53,36,1)
       Max VN number :  0.28E+00 at (53,36,1)
 
       Time Step    32800   September  3, 2026  14:10:46
       Step Size:  0.160E-02 s, Total Time:   61.51737 s
       Pressure Iterations: 3
       Maximum Velocity Error:  0.38E-03 on Mesh 7 at (56,64,21)
       Maximum Pressure Error:  0.60E+04 on Mesh 2 at (58,35,5)
       Maximum CFL Number    :  0.88E+00 on Mesh 5 at (58,33,23)
       Maximum VN Number     :  0.41E+00 on Mesh 2 at (59,33,6)
       ---------------------------------------------------------------
       Mesh    1
       Max CFL number:  0.21E+00 at (15,26,32)
       Max divergence:  0.43E+01 at (15,27,2)
       Min divergence: -0.23E+01 at (15,25,7)
       Max VN number :  0.59E-01 at (15,25,38)
       Mesh    2
       Max CFL number:  0.55E+00 at (61,32,24)
       Max divergence:  0.12E+02 at (57,36,24)
       Min divergence: -0.31E+02 at (58,35,5)
       Max VN number :  0.41E+00 at (59,33,6)
       Mesh    3
       Max CFL number:  0.80E+00 at (59,32,24)
       Max divergence:  0.66E+01 at (59,37,1)
       Min divergence: -0.88E+01 at (57,36,1)
       Max VN number :  0.35E+00 at (57,29,1)
       Mesh    4
       Max CFL number:  0.86E+00 at (58,32,28)
       Max divergence:  0.36E+01 at (59,28,1)
       Min divergence: -0.63E+01 at (57,29,1)
       Max VN number :  0.31E+00 at (57,29,1)
       Mesh    5
       Max CFL number:  0.88E+00 at (58,33,23)
       Max divergence:  0.31E+01 at (57,37,1)
       Min divergence: -0.40E+01 at (60,36,1)
       Max VN number :  0.31E+00 at (64,36,1)
       Mesh    6
       Max CFL number:  0.86E+00 at (58,36,25)
       Max divergence:  0.22E+01 at (57,37,1)
       Min divergence: -0.31E+01 at (60,36,1)
       Max VN number :  0.34E+00 at (57,25,28)
       Mesh    7
       Max CFL number:  0.84E+00 at (58,34,5)
       Max divergence:  0.12E+01 at (56,37,1)
       Min divergence: -0.19E+01 at (53,36,1)
       Max VN number :  0.27E+00 at (64,1,18)
 
       Time Step    32900   September  3, 2026  14:14:14
       Step Size:  0.160E-02 s, Total Time:   61.67786 s
       Pressure Iterations: 4
       Maximum Velocity Error:  0.47E-03 on Mesh 2 at (63,33,4)
       Maximum Pressure Error:  0.16E+05 on Mesh 2 at (64,33,5)
       Maximum CFL Number    :  0.87E+00 on Mesh 5 at (58,33,28)
       Maximum VN Number     :  0.41E+00 on Mesh 2 at (59,33,6)
       ---------------------------------------------------------------
       Mesh    1
       Max CFL number:  0.21E+00 at (15,26,34)
       Max divergence:  0.43E+01 at (15,27,2)
       Min divergence: -0.23E+01 at (15,25,7)
       Max VN number :  0.59E-01 at (15,25,38)
       Mesh    2
       Max CFL number:  0.55E+00 at (61,32,24)
       Max divergence:  0.99E+02 at (63,33,5)
       Min divergence: -0.22E+02 at (58,35,5)
       Max VN number :  0.41E+00 at (59,33,6)
       Mesh    3
       Max CFL number:  0.80E+00 at (59,33,24)
       Max divergence:  0.66E+01 at (59,37,1)
       Min divergence: -0.89E+01 at (57,36,1)
       Max VN number :  0.35E+00 at (57,29,1)
       Mesh    4
       Max CFL number:  0.86E+00 at (58,33,28)
       Max divergence:  0.35E+01 at (59,28,1)
       Min divergence: -0.62E+01 at (57,36,1)
       Max VN number :  0.31E+00 at (57,36,1)
       Mesh    5
       Max CFL number:  0.87E+00 at (58,33,28)
       Max divergence:  0.33E+01 at (57,37,1)
       Min divergence: -0.42E+01 at (60,36,1)
       Max VN number :  0.30E+00 at (60,36,1)
       Mesh    6
       Max CFL number:  0.85E+00 at (58,36,23)
       Max divergence:  0.38E+01 at (64,36,28)
       Min divergence: -0.31E+01 at (60,36,1)
       Max VN number :  0.33E+00 at (58,25,28)
       Mesh    7
       Max CFL number:  0.83E+00 at (58,29,7)
       Max divergence:  0.13E+01 at (61,37,1)
       Min divergence: -0.18E+01 at (60,36,1)
       Max VN number :  0.28E+00 at (60,36,1)
 
       Time Step    33000   September  3, 2026  14:17:42
       Step Size:  0.160E-02 s, Total Time:   61.83835 s
       Pressure Iterations: 3
       Maximum Velocity Error:  0.40E-03 on Mesh 7 at (63,64,21)
       Maximum Pressure Error:  0.73E+04 on Mesh 2 at (63,32,5)
       Maximum CFL Number    :  0.88E+00 on Mesh 5 at (58,33,28)
       Maximum VN Number     :  0.41E+00 on Mesh 2 at (59,33,6)
       ---------------------------------------------------------------
       Mesh    1
       Max CFL number:  0.21E+00 at (15,26,29)
       Max divergence:  0.43E+01 at (15,27,2)
       Min divergence: -0.23E+01 at (15,25,7)
       Max VN number :  0.61E-01 at (3,25,38)
       Mesh    2
       Max CFL number:  0.55E+00 at (61,32,24)
       Max divergence:  0.12E+02 at (57,36,24)
       Min divergence: -0.34E+02 at (63,32,5)
       Max VN number :  0.41E+00 at (59,33,6)
       Mesh    3
       Max CFL number:  0.80E+00 at (59,33,24)
       Max divergence:  0.66E+01 at (59,37,1)
       Min divergence: -0.89E+01 at (57,36,1)
       Max VN number :  0.35E+00 at (57,29,1)
       Mesh    4
       Max CFL number:  0.85E+00 at (58,32,28)
       Max divergence:  0.35E+01 at (58,28,1)
       Min divergence: -0.62E+01 at (57,36,1)
       Max VN number :  0.31E+00 at (60,36,1)
       Mesh    5
       Max CFL number:  0.88E+00 at (58,33,28)
       Max divergence:  0.39E+01 at (60,36,28)
       Min divergence: -0.42E+01 at (64,29,1)
       Max VN number :  0.31E+00 at (60,36,28)
       Mesh    6
       Max CFL number:  0.86E+00 at (58,36,19)
       Max divergence:  0.28E+01 at (64,36,28)
       Min divergence: -0.30E+01 at (60,36,1)
       Max VN number :  0.34E+00 at (63,36,28)
       Mesh    7
       Max CFL number:  0.84E+00 at (58,29,7)
       Max divergence:  0.14E+01 at (61,37,1)
       Min divergence: -0.21E+01 at (60,36,1)
       Max VN number :  0.28E+00 at (60,36,1)
 
       Time Step    33100   September  3, 2026  14:21:10
       Step Size:  0.160E-02 s, Total Time:   61.99884 s
       Pressure Iterations: 4
       Maximum Velocity Error:  0.30E-03 on Mesh 2 at (58,35,4)
       Maximum Pressure Error:  0.23E+05 on Mesh 2 at (58,35,5)
       Maximum CFL Number    :  0.88E+00 on Mesh 5 at (58,33,28)
       Maximum VN Number     :  0.41E+00 on Mesh 2 at (59,32,6)
       ---------------------------------------------------------------
       Mesh    1
       Max CFL number:  0.21E+00 at (15,26,30)
       Max divergence:  0.43E+01 at (15,27,2)
       Min divergence: -0.23E+01 at (15,25,7)
       Max VN number :  0.64E-01 at (3,25,38)
       Mesh    2
       Max CFL number:  0.55E+00 at (61,32,24)
       Max divergence:  0.30E+02 at (58,35,5)
       Min divergence: -0.31E+02 at (58,30,5)
       Max VN number :  0.41E+00 at (59,32,6)
       Mesh    3
       Max CFL number:  0.79E+00 at (59,33,24)
       Max divergence:  0.66E+01 at (59,37,1)
       Min divergence: -0.89E+01 at (57,36,1)
       Max VN number :  0.35E+00 at (57,29,1)
       Mesh    4
       Max CFL number:  0.85E+00 at (58,33,28)
       Max divergence:  0.35E+01 at (58,28,1)
       Min divergence: -0.62E+01 at (57,36,1)
       Max VN number :  0.31E+00 at (60,36,1)
       Mesh    5
       Max CFL number:  0.88E+00 at (58,33,28)
       Max divergence:  0.48E+01 at (60,36,28)
       Min divergence: -0.44E+01 at (64,29,1)
       Max VN number :  0.31E+00 at (64,29,1)
       Mesh    6
       Max CFL number:  0.86E+00 at (59,33,28)
       Max divergence:  0.25E+01 at (62,36,28)
       Min divergence: -0.31E+01 at (59,34,28)
       Max VN number :  0.33E+00 at (62,36,28)
       Mesh    7
       Max CFL number:  0.84E+00 at (58,29,7)
       Max divergence:  0.15E+01 at (58,37,1)
       Min divergence: -0.22E+01 at (60,36,1)
       Max VN number :  0.28E+00 at (57,25,1)
 
       Time Step    33200   September  3, 2026  14:24:38
       Step Size:  0.160E-02 s, Total Time:   62.15934 s
       Pressure Iterations: 3
       Maximum Velocity Error:  0.32E-03 on Mesh 7 at (35,0,21)
       Maximum Pressure Error:  0.45E+04 on Mesh 2 at (63,32,5)
       Maximum CFL Number    :  0.88E+00 on Mesh 5 at (58,33,28)
       Maximum VN Number     :  0.41E+00 on Mesh 2 at (59,32,6)
       ---------------------------------------------------------------
       Mesh    1
       Max CFL number:  0.21E+00 at (15,26,30)
       Max divergence:  0.43E+01 at (15,27,2)
       Min divergence: -0.23E+01 at (15,25,7)
       Max VN number :  0.60E-01 at (3,25,38)
       Mesh    2
       Max CFL number:  0.55E+00 at (61,32,24)
       Max divergence:  0.12E+02 at (57,36,24)
       Min divergence: -0.51E+01 at (58,30,5)
       Max VN number :  0.41E+00 at (59,32,6)
       Mesh    3
       Max CFL number:  0.79E+00 at (59,33,24)
       Max divergence:  0.66E+01 at (59,37,1)
       Min divergence: -0.89E+01 at (57,36,1)
       Max VN number :  0.35E+00 at (57,29,1)
       Mesh    4
       Max CFL number:  0.85E+00 at (58,32,28)
       Max divergence:  0.36E+01 at (61,37,1)
       Min divergence: -0.62E+01 at (57,36,1)
       Max VN number :  0.31E+00 at (60,36,1)
       Mesh    5
       Max CFL number:  0.88E+00 at (58,33,28)
       Max divergence:  0.56E+01 at (59,36,28)
       Min divergence: -0.44E+01 at (64,29,1)
       Max VN number :  0.31E+00 at (64,36,28)
       Mesh    6
       Max CFL number:  0.88E+00 at (59,33,28)
       Max divergence:  0.46E+01 at (60,36,28)
       Min divergence: -0.44E+01 at (59,34,28)
       Max VN number :  0.32E+00 at (64,35,28)
       Mesh    7
       Max CFL number:  0.84E+00 at (58,29,5)
       Max divergence:  0.15E+01 at (58,37,1)
       Min divergence: -0.21E+01 at (60,36,1)
       Max VN number :  0.28E+00 at (60,25,1)
 
       Time Step    33300   September  3, 2026  14:28:08
       Step Size:  0.160E-02 s, Total Time:   62.31983 s
       Pressure Iterations: 3
       Maximum Velocity Error:  0.27E-03 on Mesh 7 at (35,0,21)
       Maximum Pressure Error:  0.70E+03 on Mesh 6 at (58,35,27)
       Maximum CFL Number    :  0.89E+00 on Mesh 5 at (58,33,28)
       Maximum VN Number     :  0.41E+00 on Mesh 2 at (59,32,6)
       ---------------------------------------------------------------
       Mesh    1
       Max CFL number:  0.21E+00 at (15,25,33)
       Max divergence:  0.43E+01 at (15,27,2)
       Min divergence: -0.23E+01 at (15,25,7)
       Max VN number :  0.57E-01 at (15,25,38)
       Mesh    2
       Max CFL number:  0.55E+00 at (61,32,24)
       Max divergence:  0.12E+02 at (57,36,24)
       Min divergence: -0.55E+01 at (63,32,5)
       Max VN number :  0.41E+00 at (59,32,6)
       Mesh    3
       Max CFL number:  0.80E+00 at (59,33,24)
       Max divergence:  0.66E+01 at (59,37,1)
       Min divergence: -0.89E+01 at (57,36,1)
       Max VN number :  0.35E+00 at (57,29,1)
       Mesh    4
       Max CFL number:  0.86E+00 at (58,33,28)
       Max divergence:  0.38E+01 at (61,37,1)
       Min divergence: -0.63E+01 at (57,36,1)
       Max VN number :  0.34E+00 at (62,38,28)
       Mesh    5
       Max CFL number:  0.89E+00 at (58,33,28)
       Max divergence:  0.54E+01 at (58,36,28)
       Min divergence: -0.40E+01 at (60,29,1)
       Max VN number :  0.32E+00 at (59,36,28)
       Mesh    6
       Max CFL number:  0.88E+00 at (59,33,28)
       Max divergence:  0.54E+01 at (57,35,28)
       Min divergence: -0.43E+01 at (58,33,28)
       Max VN number :  0.34E+00 at (58,36,28)
       Mesh    7
       Max CFL number:  0.84E+00 at (58,31,5)
       Max divergence:  0.14E+01 at (60,37,1)
       Min divergence: -0.21E+01 at (60,36,1)
       Max VN number :  0.29E+00 at (60,25,1)
 
       Time Step    33400   September  3, 2026  14:31:37
       Step Size:  0.160E-02 s, Total Time:   62.48032 s
       Pressure Iterations: 2
       Maximum Velocity Error:  0.60E-03 on Mesh 7 at (42,50,21)
       Maximum Pressure Error:  0.78E+03 on Mesh 6 at (58,36,22)
       Maximum CFL Number    :  0.90E+00 on Mesh 5 at (58,33,28)
       Maximum VN Number     :  0.41E+00 on Mesh 2 at (59,32,6)
       ---------------------------------------------------------------
       Mesh    1
       Max CFL number:  0.21E+00 at (15,26,28)
       Max divergence:  0.43E+01 at (15,27,2)
       Min divergence: -0.23E+01 at (15,25,7)
       Max VN number :  0.57E-01 at (15,25,38)
       Mesh    2
       Max CFL number:  0.55E+00 at (61,32,24)
       Max divergence:  0.12E+02 at (57,36,24)
       Min divergence: -0.13E+02 at (63,33,5)
       Max VN number :  0.41E+00 at (59,32,6)
       Mesh    3
       Max CFL number:  0.80E+00 at (59,33,24)
       Max divergence:  0.66E+01 at (59,37,1)
       Min divergence: -0.88E+01 at (57,29,1)
       Max VN number :  0.35E+00 at (57,29,1)
       Mesh    4
       Max CFL number:  0.87E+00 at (58,32,28)
       Max divergence:  0.42E+01 at (60,36,28)
       Min divergence: -0.62E+01 at (57,36,1)
       Max VN number :  0.32E+00 at (64,39,28)
       Mesh    5
       Max CFL number:  0.90E+00 at (58,33,28)
       Max divergence:  0.43E+01 at (58,36,28)
       Min divergence: -0.41E+01 at (60,36,1)
       Max VN number :  0.29E+00 at (53,26,28)
       Mesh    6
       Max CFL number:  0.88E+00 at (58,33,27)
       Max divergence:  0.38E+01 at (57,36,28)
       Min divergence: -0.39E+01 at (58,33,28)
       Max VN number :  0.41E+00 at (57,36,28)
       Mesh    7
       Max CFL number:  0.84E+00 at (58,31,6)
       Max divergence:  0.17E+01 at (61,28,1)
       Min divergence: -0.23E+01 at (60,25,1)
       Max VN number :  0.28E+00 at (64,1,18)
 
       Time Step    33500   September  3, 2026  14:35:06
       Step Size:  0.160E-02 s, Total Time:   62.64081 s
       Pressure Iterations: 3
       Maximum Velocity Error:  0.34E-03 on Mesh 7 at (42,0,21)
       Maximum Pressure Error:  0.12E+04 on Mesh 2 at (63,33,5)
       Maximum CFL Number    :  0.90E+00 on Mesh 5 at (58,32,28)
       Maximum VN Number     :  0.41E+00 on Mesh 2 at (59,33,6)
       ---------------------------------------------------------------
       Mesh    1
       Max CFL number:  0.21E+00 at (15,26,30)
       Max divergence:  0.43E+01 at (15,27,2)
       Min divergence: -0.23E+01 at (15,25,7)
       Max VN number :  0.63E-01 at (14,32,38)
       Mesh    2
       Max CFL number:  0.55E+00 at (61,32,24)
       Max divergence:  0.12E+02 at (57,29,24)
       Min divergence: -0.50E+01 at (60,32,8)
       Max VN number :  0.41E+00 at (59,33,6)
       Mesh    3
       Max CFL number:  0.80E+00 at (59,33,24)
       Max divergence:  0.66E+01 at (59,37,1)
       Min divergence: -0.89E+01 at (57,36,1)
       Max VN number :  0.35E+00 at (57,29,1)
       Mesh    4
       Max CFL number:  0.87E+00 at (58,33,28)
       Max divergence:  0.39E+01 at (60,36,28)
       Min divergence: -0.61E+01 at (57,29,1)
       Max VN number :  0.31E+00 at (64,36,28)
       Mesh    5
       Max CFL number:  0.90E+00 at (58,32,28)
       Max divergence:  0.30E+01 at (57,28,1)
       Min divergence: -0.41E+01 at (60,29,1)
       Max VN number :  0.30E+00 at (64,40,28)
       Mesh    6
       Max CFL number:  0.88E+00 at (58,33,25)
       Max divergence:  0.31E+01 at (57,35,28)
       Min divergence: -0.50E+01 at (58,33,28)
       Max VN number :  0.37E+00 at (57,36,28)
       Mesh    7
       Max CFL number:  0.83E+00 at (58,31,6)
       Max divergence:  0.17E+01 at (61,28,1)
       Min divergence: -0.23E+01 at (60,25,1)
       Max VN number :  0.29E+00 at (56,1,20)
 
       Time Step    33600   September  3, 2026  14:38:36
       Step Size:  0.160E-02 s, Total Time:   62.80130 s
       Pressure Iterations: 3
       Maximum Velocity Error:  0.35E-03 on Mesh 7 at (34,64,21)
       Maximum Pressure Error:  0.14E+04 on Mesh 2 at (63,32,5)
       Maximum CFL Number    :  0.90E+00 on Mesh 5 at (58,32,28)
       Maximum VN Number     :  0.42E+00 on Mesh 2 at (59,32,6)
       ---------------------------------------------------------------
       Mesh    1
       Max CFL number:  0.21E+00 at (15,26,28)
       Max divergence:  0.43E+01 at (15,27,2)
       Min divergence: -0.23E+01 at (15,25,7)
       Max VN number :  0.68E-01 at (14,32,38)
       Mesh    2
       Max CFL number:  0.55E+00 at (61,33,24)
       Max divergence:  0.12E+02 at (57,29,24)
       Min divergence: -0.17E+02 at (58,30,5)
       Max VN number :  0.42E+00 at (59,32,6)
       Mesh    3
       Max CFL number:  0.80E+00 at (59,32,24)
       Max divergence:  0.66E+01 at (59,37,1)
       Min divergence: -0.89E+01 at (57,29,1)
       Max VN number :  0.35E+00 at (57,29,1)
       Mesh    4
       Max CFL number:  0.87E+00 at (58,33,28)
       Max divergence:  0.45E+01 at (60,36,28)
       Min divergence: -0.61E+01 at (57,29,1)
       Max VN number :  0.32E+00 at (64,36,28)
       Mesh    5
       Max CFL number:  0.90E+00 at (58,32,28)
       Max divergence:  0.39E+01 at (60,29,28)
       Min divergence: -0.43E+01 at (60,29,1)
       Max VN number :  0.29E+00 at (60,29,1)
       Mesh    6
       Max CFL number:  0.88E+00 at (58,33,27)
       Max divergence:  0.22E+01 at (57,28,1)
       Min divergence: -0.38E+01 at (58,33,28)
       Max VN number :  0.31E+00 at (57,37,28)
       Mesh    7
       Max CFL number:  0.84E+00 at (58,31,7)
       Max divergence:  0.16E+01 at (61,28,1)
       Min divergence: -0.19E+01 at (60,36,1)
       Max VN number :  0.28E+00 at (60,1,18)
 
       Time Step    33700   September  3, 2026  14:42:05
       Step Size:  0.160E-02 s, Total Time:   62.96180 s
       Pressure Iterations: 3
       Maximum Velocity Error:  0.40E-03 on Mesh 7 at (36,64,21)
       Maximum Pressure Error:  0.12E+04 on Mesh 2 at (63,33,5)
       Maximum CFL Number    :  0.90E+00 on Mesh 5 at (58,32,28)
       Maximum VN Number     :  0.41E+00 on Mesh 2 at (59,33,6)
       ---------------------------------------------------------------
       Mesh    1
       Max CFL number:  0.21E+00 at (15,25,34)
       Max divergence:  0.43E+01 at (15,27,2)
       Min divergence: -0.23E+01 at (15,25,7)
       Max VN number :  0.73E-01 at (14,31,38)
       Mesh    2
       Max CFL number:  0.55E+00 at (61,33,24)
       Max divergence:  0.12E+02 at (57,29,24)
       Min divergence: -0.50E+01 at (60,33,8)
       Max VN number :  0.41E+00 at (59,33,6)
       Mesh    3
       Max CFL number:  0.80E+00 at (59,32,24)
       Max divergence:  0.66E+01 at (59,37,1)
       Min divergence: -0.89E+01 at (57,29,1)
       Max VN number :  0.35E+00 at (57,29,1)
       Mesh    4
       Max CFL number:  0.86E+00 at (58,32,28)
       Max divergence:  0.49E+01 at (60,36,28)
       Min divergence: -0.61E+01 at (57,36,1)
       Max VN number :  0.31E+00 at (57,36,1)
       Mesh    5
       Max CFL number:  0.90E+00 at (58,32,28)
       Max divergence:  0.43E+01 at (60,29,28)
       Min divergence: -0.42E+01 at (60,29,1)
       Max VN number :  0.33E+00 at (64,36,28)
       Mesh    6
       Max CFL number:  0.89E+00 at (58,33,28)
       Max divergence:  0.20E+01 at (57,28,1)
       Min divergence: -0.33E+01 at (53,29,1)
       Max VN number :  0.33E+00 at (50,36,28)
       Mesh    7
       Max CFL number:  0.84E+00 at (58,31,6)
       Max divergence:  0.14E+01 at (61,28,1)
       Min divergence: -0.21E+01 at (60,29,1)
       Max VN number :  0.29E+00 at (60,1,18)
 
       Time Step    33800   September  3, 2026  14:45:34
       Step Size:  0.160E-02 s, Total Time:   63.12229 s
       Pressure Iterations: 3
       Maximum Velocity Error:  0.54E-03 on Mesh 7 at (40,0,21)
       Maximum Pressure Error:  0.62E+03 on Mesh 2 at (64,32,5)
       Maximum CFL Number    :  0.90E+00 on Mesh 5 at (58,32,26)
       Maximum VN Number     :  0.41E+00 on Mesh 2 at (59,33,6)
       ---------------------------------------------------------------
       Mesh    1
       Max CFL number:  0.21E+00 at (15,25,33)
       Max divergence:  0.43E+01 at (15,27,2)
       Min divergence: -0.23E+01 at (15,25,7)
       Max VN number :  0.69E-01 at (14,31,38)
       Mesh    2
       Max CFL number:  0.55E+00 at (61,33,24)
       Max divergence:  0.12E+02 at (57,29,24)
       Min divergence: -0.19E+02 at (63,32,5)
       Max VN number :  0.41E+00 at (59,33,6)
       Mesh    3
       Max CFL number:  0.80E+00 at (59,32,24)
       Max divergence:  0.66E+01 at (59,37,1)
       Min divergence: -0.89E+01 at (57,29,1)
       Max VN number :  0.35E+00 at (57,36,1)
       Mesh    4
       Max CFL number:  0.86E+00 at (58,32,28)
       Max divergence:  0.42E+01 at (60,36,28)
       Min divergence: -0.65E+01 at (57,36,1)
       Max VN number :  0.32E+00 at (57,36,1)
       Mesh    5
       Max CFL number:  0.90E+00 at (58,32,26)
       Max divergence:  0.42E+01 at (60,29,28)
       Min divergence: -0.40E+01 at (60,29,1)
       Max VN number :  0.30E+00 at (64,35,28)
       Mesh    6
       Max CFL number:  0.87E+00 at (57,32,26)
       Max divergence:  0.27E+01 at (49,29,28)
       Min divergence: -0.30E+01 at (60,29,1)
       Max VN number :  0.33E+00 at (49,29,28)
       Mesh    7
       Max CFL number:  0.83E+00 at (59,32,3)
       Max divergence:  0.15E+01 at (52,28,1)
       Min divergence: -0.23E+01 at (53,25,1)
       Max VN number :  0.30E+00 at (60,1,18)
 
       Time Step    33900   September  3, 2026  14:49:05
       Step Size:  0.160E-02 s, Total Time:   63.28278 s
       Pressure Iterations: 3
       Maximum Velocity Error:  0.66E-03 on Mesh 7 at (43,0,21)
       Maximum Pressure Error:  0.29E+03 on Mesh 7 at (51,38,22)
       Maximum CFL Number    :  0.91E+00 on Mesh 5 at (58,32,26)
       Maximum VN Number     :  0.41E+00 on Mesh 2 at (59,33,6)
       ---------------------------------------------------------------
       Mesh    1
       Max CFL number:  0.21E+00 at (15,25,32)
       Max divergence:  0.43E+01 at (15,27,2)
       Min divergence: -0.23E+01 at (15,26,7)
       Max VN number :  0.58E-01 at (14,31,38)
       Mesh    2
       Max CFL number:  0.55E+00 at (61,33,24)
       Max divergence:  0.12E+02 at (57,29,24)
       Min divergence: -0.15E+02 at (63,33,5)
       Max VN number :  0.41E+00 at (59,33,6)
       Mesh    3
       Max CFL number:  0.80E+00 at (59,32,24)
       Max divergence:  0.65E+01 at (59,37,1)
       Min divergence: -0.89E+01 at (57,36,1)
       Max VN number :  0.35E+00 at (57,36,1)
       Mesh    4
       Max CFL number:  0.85E+00 at (58,32,28)
       Max divergence:  0.40E+01 at (53,36,28)
       Min divergence: -0.63E+01 at (57,36,1)
       Max VN number :  0.31E+00 at (57,36,1)
       Mesh    5
       Max CFL number:  0.91E+00 at (58,32,26)
       Max divergence:  0.39E+01 at (60,29,28)
       Min divergence: -0.41E+01 at (60,36,1)
       Max VN number :  0.32E+00 at (57,39,28)
       Mesh    6
       Max CFL number:  0.87E+00 at (58,31,28)
       Max divergence:  0.28E+01 at (49,29,28)
       Min divergence: -0.28E+01 at (60,29,1)
       Max VN number :  0.33E+00 at (51,29,28)
       Mesh    7
       Max CFL number:  0.82E+00 at (59,31,5)
       Max divergence:  0.18E+01 at (52,28,1)
       Min divergence: -0.23E+01 at (53,25,1)
       Max VN number :  0.30E+00 at (60,1,18)
 
       Time Step    34000   September  3, 2026  14:52:35
       Step Size:  0.160E-02 s, Total Time:   63.44327 s
       Pressure Iterations: 4
       Maximum Velocity Error:  0.55E-03 on Mesh 7 at (46,0,21)
       Maximum Pressure Error:  0.46E+03 on Mesh 6 at (53,28,27)
       Maximum CFL Number    :  0.91E+00 on Mesh 5 at (58,32,28)
       Maximum VN Number     :  0.41E+00 on Mesh 2 at (59,33,6)
       ---------------------------------------------------------------
       Mesh    1
       Max CFL number:  0.21E+00 at (15,25,31)
       Max divergence:  0.43E+01 at (15,27,2)
       Min divergence: -0.23E+01 at (15,26,7)
       Max VN number :  0.57E-01 at (15,25,38)
       Mesh    2
       Max CFL number:  0.55E+00 at (61,33,24)
       Max divergence:  0.12E+02 at (57,29,24)
       Min divergence: -0.13E+02 at (63,33,5)
       Max VN number :  0.41E+00 at (59,33,6)
       Mesh    3
       Max CFL number:  0.80E+00 at (59,32,24)
       Max divergence:  0.65E+01 at (59,37,1)
       Min divergence: -0.89E+01 at (57,36,1)
       Max VN number :  0.35E+00 at (57,36,1)
       Mesh    4
       Max CFL number:  0.85E+00 at (58,33,28)
       Max divergence:  0.38E+01 at (54,36,28)
       Min divergence: -0.63E+01 at (57,36,1)
       Max VN number :  0.31E+00 at (57,36,1)
       Mesh    5
       Max CFL number:  0.91E+00 at (58,32,28)
       Max divergence:  0.37E+01 at (60,29,28)
       Min divergence: -0.43E+01 at (60,36,1)
       Max VN number :  0.32E+00 at (57,39,28)
       Mesh    6
       Max CFL number:  0.87E+00 at (58,31,28)
       Max divergence:  0.25E+01 at (51,29,28)
       Min divergence: -0.30E+01 at (60,40,1)
       Max VN number :  0.34E+00 at (64,36,28)
       Mesh    7
       Max CFL number:  0.82E+00 at (59,32,5)
       Max divergence:  0.17E+01 at (52,28,1)
       Min divergence: -0.23E+01 at (60,29,1)
       Max VN number :  0.29E+00 at (57,1,18)
 
       Time Step    34100   September  3, 2026  14:56:05
       Step Size:  0.160E-02 s, Total Time:   63.60377 s
       Pressure Iterations: 4
       Maximum Velocity Error:  0.54E-03 on Mesh 7 at (50,0,21)
       Maximum Pressure Error:  0.71E+03 on Mesh 6 at (53,28,25)
       Maximum CFL Number    :  0.90E+00 on Mesh 5 at (58,32,28)
       Maximum VN Number     :  0.41E+00 on Mesh 2 at (59,33,6)
       ---------------------------------------------------------------
       Mesh    1
       Max CFL number:  0.21E+00 at (15,25,31)
       Max divergence:  0.43E+01 at (15,27,2)
       Min divergence: -0.23E+01 at (15,26,7)
       Max VN number :  0.58E-01 at (14,38,38)
       Mesh    2
       Max CFL number:  0.55E+00 at (60,33,23)
       Max divergence:  0.12E+02 at (57,29,24)
       Min divergence: -0.61E+01 at (63,33,5)
       Max VN number :  0.41E+00 at (59,33,6)
       Mesh    3
       Max CFL number:  0.80E+00 at (59,32,24)
       Max divergence:  0.65E+01 at (59,37,1)
       Min divergence: -0.89E+01 at (57,36,1)
       Max VN number :  0.35E+00 at (57,36,1)
       Mesh    4
       Max CFL number:  0.85E+00 at (58,33,28)
       Max divergence:  0.36E+01 at (61,28,1)
       Min divergence: -0.63E+01 at (57,36,1)
       Max VN number :  0.31E+00 at (57,29,1)
       Mesh    5
       Max CFL number:  0.90E+00 at (58,32,28)
       Max divergence:  0.36E+01 at (63,36,28)
       Min divergence: -0.44E+01 at (60,36,1)
       Max VN number :  0.31E+00 at (60,36,1)
       Mesh    6
       Max CFL number:  0.88E+00 at (58,31,28)
       Max divergence:  0.45E+01 at (64,36,28)
       Min divergence: -0.29E+01 at (60,40,1)
       Max VN number :  0.36E+00 at (64,36,28)
       Mesh    7
       Max CFL number:  0.82E+00 at (59,32,4)
       Max divergence:  0.15E+01 at (56,37,1)
       Min divergence: -0.22E+01 at (60,29,1)
       Max VN number :  0.30E+00 at (64,36,1)
 
       Time Step    34200   September  3, 2026  14:59:36
       Step Size:  0.160E-02 s, Total Time:   63.76426 s
       Pressure Iterations: 3
       Maximum Velocity Error:  0.53E-03 on Mesh 7 at (51,0,21)
       Maximum Pressure Error:  0.10E+05 on Mesh 2 at (63,33,5)
       Maximum CFL Number    :  0.89E+00 on Mesh 5 at (58,32,28)
       Maximum VN Number     :  0.41E+00 on Mesh 2 at (59,33,6)
       ---------------------------------------------------------------
       Mesh    1
       Max CFL number:  0.21E+00 at (15,25,29)
       Max divergence:  0.43E+01 at (15,27,2)
       Min divergence: -0.23E+01 at (15,26,7)
       Max VN number :  0.60E-01 at (14,37,38)
       Mesh    2
       Max CFL number:  0.55E+00 at (60,33,23)
       Max divergence:  0.12E+02 at (57,29,24)
       Min divergence: -0.33E+02 at (63,33,5)
       Max VN number :  0.41E+00 at (59,33,6)
       Mesh    3
       Max CFL number:  0.80E+00 at (59,32,24)
       Max divergence:  0.65E+01 at (59,37,1)
       Min divergence: -0.89E+01 at (57,36,1)
       Max VN number :  0.35E+00 at (57,36,1)
       Mesh    4
       Max CFL number:  0.86E+00 at (58,33,28)
       Max divergence:  0.36E+01 at (61,28,1)
       Min divergence: -0.61E+01 at (57,36,1)
       Max VN number :  0.31E+00 at (57,29,1)
       Mesh    5
       Max CFL number:  0.89E+00 at (58,32,28)
       Max divergence:  0.29E+01 at (58,37,1)
       Min divergence: -0.43E+01 at (60,36,1)
       Max VN number :  0.31E+00 at (64,36,28)
       Mesh    6
       Max CFL number:  0.88E+00 at (58,31,28)
       Max divergence:  0.43E+01 at (62,36,28)
       Min divergence: -0.29E+01 at (60,36,1)
       Max VN number :  0.37E+00 at (62,36,28)
       Mesh    7
       Max CFL number:  0.83E+00 at (59,31,8)
       Max divergence:  0.17E+01 at (61,37,1)
       Min divergence: -0.24E+01 at (53,29,1)
       Max VN number :  0.30E+00 at (64,36,1)
 
       Time Step    34300   September  3, 2026  15:03:07
       Step Size:  0.160E-02 s, Total Time:   63.92475 s
       Pressure Iterations: 2
       Maximum Velocity Error:  0.51E-03 on Mesh 7 at (36,22,21)
       Maximum Pressure Error:  0.31E+04 on Mesh 2 at (63,32,5)
       Maximum CFL Number    :  0.89E+00 on Mesh 5 at (58,32,26)
       Maximum VN Number     :  0.41E+00 on Mesh 2 at (59,33,6)
       ---------------------------------------------------------------
       Mesh    1
       Max CFL number:  0.21E+00 at (15,25,31)
       Max divergence:  0.43E+01 at (15,27,2)
       Min divergence: -0.24E+01 at (15,26,7)
       Max VN number :  0.66E-01 at (14,37,38)
       Mesh    2
       Max CFL number:  0.55E+00 at (60,33,23)
       Max divergence:  0.12E+02 at (57,29,24)
       Min divergence: -0.50E+01 at (60,32,8)
       Max VN number :  0.41E+00 at (59,33,6)
       Mesh    3
       Max CFL number:  0.80E+00 at (59,32,24)
       Max divergence:  0.65E+01 at (59,28,1)
       Min divergence: -0.89E+01 at (57,36,1)
       Max VN number :  0.35E+00 at (57,36,1)
       Mesh    4
       Max CFL number:  0.86E+00 at (58,33,28)
       Max divergence:  0.36E+01 at (58,28,1)
       Min divergence: -0.60E+01 at (57,29,1)
       Max VN number :  0.31E+00 at (60,36,1)
       Mesh    5
       Max CFL number:  0.89E+00 at (58,32,26)
       Max divergence:  0.30E+01 at (57,37,1)
       Min divergence: -0.41E+01 at (60,36,1)
       Max VN number :  0.32E+00 at (64,36,28)
       Mesh    6
       Max CFL number:  0.88E+00 at (58,31,28)
       Max divergence:  0.29E+01 at (53,29,28)
       Min divergence: -0.33E+01 at (60,36,1)
       Max VN number :  0.34E+00 at (53,40,28)
       Mesh    7
       Max CFL number:  0.84E+00 at (59,31,6)
       Max divergence:  0.15E+01 at (56,28,1)
       Min divergence: -0.24E+01 at (53,29,1)
       Max VN number :  0.28E+00 at (60,36,1)
 
       Time Step    34400   September  3, 2026  15:06:36
       Step Size:  0.160E-02 s, Total Time:   64.08524 s
       Pressure Iterations: 3
       Maximum Velocity Error:  0.69E-03 on Mesh 2 at (63,32,4)
       Maximum Pressure Error:  0.17E+05 on Mesh 2 at (63,32,5)
       Maximum CFL Number    :  0.88E+00 on Mesh 5 at (58,32,26)
       Maximum VN Number     :  0.41E+00 on Mesh 2 at (59,33,6)
       ---------------------------------------------------------------
       Mesh    1
       Max CFL number:  0.21E+00 at (15,25,31)
       Max divergence:  0.43E+01 at (15,24,2)
       Min divergence: -0.24E+01 at (15,26,7)
       Max VN number :  0.68E-01 at (14,37,38)
       Mesh    2
       Max CFL number:  0.55E+00 at (60,33,23)
       Max divergence:  0.90E+02 at (63,33,5)
       Min divergence: -0.50E+01 at (60,32,8)
       Max VN number :  0.41E+00 at (59,33,6)
       Mesh    3
       Max CFL number:  0.80E+00 at (59,32,24)
       Max divergence:  0.65E+01 at (59,28,1)
       Min divergence: -0.89E+01 at (57,36,1)
       Max VN number :  0.35E+00 at (57,36,1)
       Mesh    4
       Max CFL number:  0.86E+00 at (58,33,28)
       Max divergence:  0.36E+01 at (58,28,1)
       Min divergence: -0.60E+01 at (57,29,1)
       Max VN number :  0.31E+00 at (60,36,1)
       Mesh    5
       Max CFL number:  0.88E+00 at (58,32,26)
       Max divergence:  0.30E+01 at (57,37,1)
       Min divergence: -0.40E+01 at (60,36,1)
       Max VN number :  0.31E+00 at (64,36,28)
       Mesh    6
       Max CFL number:  0.86E+00 at (58,30,16)
       Max divergence:  0.25E+01 at (60,36,28)
       Min divergence: -0.33E+01 at (60,36,1)
       Max VN number :  0.36E+00 at (53,40,28)
       Mesh    7
       Max CFL number:  0.83E+00 at (58,31,6)
       Max divergence:  0.14E+01 at (61,37,1)
       Min divergence: -0.21E+01 at (53,29,1)
       Max VN number :  0.29E+00 at (53,40,1)
 
       Time Step    34500   September  3, 2026  15:10:07
       Step Size:  0.160E-02 s, Total Time:   64.24573 s
       Pressure Iterations: 4
       Maximum Velocity Error:  0.31E-03 on Mesh 7 at (55,64,21)
       Maximum Pressure Error:  0.15E+05 on Mesh 2 at (63,35,5)
       Maximum CFL Number    :  0.89E+00 on Mesh 5 at (58,33,25)
       Maximum VN Number     :  0.41E+00 on Mesh 2 at (59,33,6)
       ---------------------------------------------------------------
       Mesh    1
       Max CFL number:  0.21E+00 at (15,25,28)
       Max divergence:  0.43E+01 at (15,24,2)
       Min divergence: -0.23E+01 at (15,26,7)
       Max VN number :  0.64E-01 at (14,36,38)
       Mesh    2
       Max CFL number:  0.55E+00 at (61,33,24)
       Max divergence:  0.18E+02 at (63,35,5)
       Min divergence: -0.10E+02 at (63,32,5)
       Max VN number :  0.41E+00 at (59,33,6)
       Mesh    3
       Max CFL number:  0.80E+00 at (59,32,24)
       Max divergence:  0.65E+01 at (59,37,1)
       Min divergence: -0.89E+01 at (57,36,1)
       Max VN number :  0.35E+00 at (57,36,1)
       Mesh    4
       Max CFL number:  0.86E+00 at (58,33,28)
       Max divergence:  0.36E+01 at (59,28,1)
       Min divergence: -0.61E+01 at (60,36,1)
       Max VN number :  0.31E+00 at (64,30,28)
       Mesh    5
       Max CFL number:  0.89E+00 at (58,33,25)
       Max divergence:  0.44E+01 at (60,36,28)
       Min divergence: -0.43E+01 at (60,36,1)
       Max VN number :  0.31E+00 at (60,26,28)
       Mesh    6
       Max CFL number:  0.86E+00 at (57,32,27)
       Max divergence:  0.25E+01 at (60,39,28)
       Min divergence: -0.32E+01 at (60,36,1)
       Max VN number :  0.32E+00 at (53,40,28)
       Mesh    7
       Max CFL number:  0.82E+00 at (58,31,5)
       Max divergence:  0.18E+01 at (61,33,1)
       Min divergence: -0.21E+01 at (60,36,1)
       Max VN number :  0.30E+00 at (53,40,1)
 
       Time Step    34600   September  3, 2026  15:13:37
       Step Size:  0.160E-02 s, Total Time:   64.40623 s
       Pressure Iterations: 2
       Maximum Velocity Error:  0.62E-03 on Mesh 7 at (38,64,21)
       Maximum Pressure Error:  0.43E+03 on Mesh 2 at (57,31,5)
       Maximum CFL Number    :  0.89E+00 on Mesh 5 at (58,33,28)
       Maximum VN Number     :  0.41E+00 on Mesh 2 at (59,32,6)
       ---------------------------------------------------------------
       Mesh    1
       Max CFL number:  0.21E+00 at (15,25,29)
       Max divergence:  0.42E+01 at (15,24,2)
       Min divergence: -0.24E+01 at (15,25,7)
       Max VN number :  0.65E-01 at (14,36,38)
       Mesh    2
       Max CFL number:  0.55E+00 at (60,32,23)
       Max divergence:  0.12E+02 at (57,29,24)
       Min divergence: -0.19E+02 at (63,32,5)
       Max VN number :  0.41E+00 at (59,32,6)
       Mesh    3
       Max CFL number:  0.80E+00 at (59,32,24)
       Max divergence:  0.65E+01 at (59,37,1)
       Min divergence: -0.89E+01 at (57,36,1)
       Max VN number :  0.35E+00 at (57,29,1)
       Mesh    4
       Max CFL number:  0.86E+00 at (58,33,28)
       Max divergence:  0.37E+01 at (61,37,1)
       Min divergence: -0.61E+01 at (60,36,1)
       Max VN number :  0.31E+00 at (63,39,28)
       Mesh    5
       Max CFL number:  0.89E+00 at (58,33,28)
       Max divergence:  0.47E+01 at (60,36,28)
       Min divergence: -0.42E+01 at (57,35,28)
       Max VN number :  0.31E+00 at (60,29,1)
       Mesh    6
       Max CFL number:  0.86E+00 at (58,32,25)
       Max divergence:  0.25E+01 at (60,39,28)
       Min divergence: -0.32E+01 at (60,36,1)
       Max VN number :  0.31E+00 at (49,31,28)
       Mesh    7
       Max CFL number:  0.81E+00 at (58,31,5)
       Max divergence:  0.19E+01 at (61,33,1)
       Min divergence: -0.20E+01 at (60,29,1)
       Max VN number :  0.31E+00 at (60,64,18)
 
       Time Step    34700   September  3, 2026  15:17:07
       Step Size:  0.160E-02 s, Total Time:   64.56672 s
       Pressure Iterations: 3
       Maximum Velocity Error:  0.62E-03 on Mesh 7 at (41,64,21)
       Maximum Pressure Error:  0.30E+04 on Mesh 2 at (63,33,5)
       Maximum CFL Number    :  0.90E+00 on Mesh 5 at (58,33,28)
       Maximum VN Number     :  0.41E+00 on Mesh 2 at (59,33,6)
       ---------------------------------------------------------------
       Mesh    1
       Max CFL number:  0.21E+00 at (15,25,29)
       Max divergence:  0.42E+01 at (15,24,2)
       Min divergence: -0.24E+01 at (15,25,7)
       Max VN number :  0.66E-01 at (13,35,38)
       Mesh    2
       Max CFL number:  0.55E+00 at (60,32,23)
       Max divergence:  0.12E+02 at (57,29,24)
       Min divergence: -0.51E+01 at (54,27,8)
       Max VN number :  0.41E+00 at (59,33,6)
       Mesh    3
       Max CFL number:  0.80E+00 at (59,32,24)
       Max divergence:  0.65E+01 at (59,37,1)
       Min divergence: -0.89E+01 at (57,36,1)
       Max VN number :  0.35E+00 at (57,29,1)
       Mesh    4
       Max CFL number:  0.86E+00 at (58,33,28)
       Max divergence:  0.40E+01 at (60,36,28)
       Min divergence: -0.62E+01 at (60,36,1)
       Max VN number :  0.31E+00 at (57,29,1)
       Mesh    5
       Max CFL number:  0.90E+00 at (58,33,28)
       Max divergence:  0.47E+01 at (59,36,28)
       Min divergence: -0.41E+01 at (60,29,1)
       Max VN number :  0.33E+00 at (64,37,28)
       Mesh    6
       Max CFL number:  0.85E+00 at (58,32,28)
       Max divergence:  0.22E+01 at (61,28,1)
       Min divergence: -0.31E+01 at (60,36,1)
       Max VN number :  0.33E+00 at (49,32,28)
       Mesh    7
       Max CFL number:  0.81E+00 at (58,34,5)
       Max divergence:  0.16E+01 at (61,33,1)
       Min divergence: -0.21E+01 at (60,29,1)
       Max VN number :  0.31E+00 at (52,64,18)
 
       Time Step    34800   September  3, 2026  15:20:38
       Step Size:  0.160E-02 s, Total Time:   64.72721 s
       Pressure Iterations: 4
       Maximum Velocity Error:  0.67E-03 on Mesh 7 at (44,64,21)
       Maximum Pressure Error:  0.43E+04 on Mesh 2 at (58,35,5)
       Maximum CFL Number    :  0.90E+00 on Mesh 5 at (58,33,28)
       Maximum VN Number     :  0.41E+00 on Mesh 2 at (59,33,6)
       ---------------------------------------------------------------
       Mesh    1
       Max CFL number:  0.21E+00 at (15,25,25)
       Max divergence:  0.42E+01 at (15,24,2)
       Min divergence: -0.24E+01 at (15,25,7)
       Max VN number :  0.68E-01 at (13,35,38)
       Mesh    2
       Max CFL number:  0.55E+00 at (60,33,23)
       Max divergence:  0.12E+02 at (57,36,24)
       Min divergence: -0.22E+02 at (58,35,5)
       Max VN number :  0.41E+00 at (59,33,6)
       Mesh    3
       Max CFL number:  0.80E+00 at (59,32,24)
       Max divergence:  0.65E+01 at (59,37,1)
       Min divergence: -0.88E+01 at (57,29,1)
       Max VN number :  0.35E+00 at (57,29,1)
       Mesh    4
       Max CFL number:  0.86E+00 at (58,33,28)
       Max divergence:  0.48E+01 at (60,36,28)
       Min divergence: -0.61E+01 at (60,36,1)
       Max VN number :  0.31E+00 at (57,29,1)
       Mesh    5
       Max CFL number:  0.90E+00 at (58,33,28)
       Max divergence:  0.45E+01 at (59,36,28)
       Min divergence: -0.44E+01 at (60,29,1)
       Max VN number :  0.36E+00 at (64,37,28)
       Mesh    6
       Max CFL number:  0.85E+00 at (58,34,28)
       Max divergence:  0.25E+01 at (49,36,28)
       Min divergence: -0.28E+01 at (60,36,1)
       Max VN number :  0.35E+00 at (64,34,28)
       Mesh    7
       Max CFL number:  0.81E+00 at (59,34,5)
       Max divergence:  0.44E+01 at (70,14,20)
       Min divergence: -0.53E+01 at (71,14,20)
       Max VN number :  0.29E+00 at (60,29,1)
 
       Time Step    34900   September  3, 2026  15:24:07
       Step Size:  0.160E-02 s, Total Time:   64.88770 s
       Pressure Iterations: 3
       Maximum Velocity Error:  0.75E-03 on Mesh 7 at (48,64,21)
       Maximum Pressure Error:  0.55E+03 on Mesh 2 at (62,29,5)
       Maximum CFL Number    :  0.90E+00 on Mesh 5 at (58,33,28)
       Maximum VN Number     :  0.41E+00 on Mesh 2 at (59,33,6)
       ---------------------------------------------------------------
       Mesh    1
       Max CFL number:  0.21E+00 at (15,25,27)
       Max divergence:  0.42E+01 at (15,24,2)
       Min divergence: -0.24E+01 at (15,25,7)
       Max VN number :  0.77E-01 at (14,35,38)
       Mesh    2
       Max CFL number:  0.55E+00 at (60,32,23)
       Max divergence:  0.12E+02 at (57,36,24)
       Min divergence: -0.16E+02 at (63,32,5)
       Max VN number :  0.41E+00 at (59,33,6)
       Mesh    3
       Max CFL number:  0.80E+00 at (59,33,24)
       Max divergence:  0.65E+01 at (59,37,1)
       Min divergence: -0.89E+01 at (57,29,1)
       Max VN number :  0.35E+00 at (57,29,1)
       Mesh    4
       Max CFL number:  0.86E+00 at (58,33,28)
       Max divergence:  0.49E+01 at (60,36,28)
       Min divergence: -0.61E+01 at (57,29,1)
       Max VN number :  0.32E+00 at (58,40,28)
       Mesh    5
       Max CFL number:  0.90E+00 at (58,33,28)
       Max divergence:  0.39E+01 at (59,36,28)
       Min divergence: -0.44E+01 at (60,29,1)
       Max VN number :  0.31E+00 at (54,25,28)
       Mesh    6
       Max CFL number:  0.86E+00 at (57,34,28)
       Max divergence:  0.29E+01 at (60,36,28)
       Min divergence: -0.29E+01 at (60,29,1)
       Max VN number :  0.32E+00 at (64,34,28)
       Mesh    7
       Max CFL number:  0.80E+00 at (59,33,4)
       Max divergence:  0.32E+01 at (70,18,20)
       Min divergence: -0.44E+01 at (68,20,21)
       Max VN number :  0.28E+00 at (60,29,1)
 
       Time Step    35000   September  3, 2026  15:27:37
       Step Size:  0.160E-02 s, Total Time:   65.04819 s
       Pressure Iterations: 3
       Maximum Velocity Error:  0.53E-03 on Mesh 7 at (52,0,21)
       Maximum Pressure Error:  0.45E+04 on Mesh 2 at (63,32,5)
       Maximum CFL Number    :  0.89E+00 on Mesh 5 at (58,33,25)
       Maximum VN Number     :  0.41E+00 on Mesh 2 at (59,33,6)
       ---------------------------------------------------------------
       Mesh    1
       Max CFL number:  0.21E+00 at (15,26,30)
       Max divergence:  0.42E+01 at (15,24,2)
       Min divergence: -0.24E+01 at (15,25,7)
       Max VN number :  0.71E-01 at (14,34,38)
       Mesh    2
       Max CFL number:  0.55E+00 at (60,32,23)
       Max divergence:  0.12E+02 at (57,29,24)
       Min divergence: -0.29E+02 at (63,32,5)
       Max VN number :  0.41E+00 at (59,33,6)
       Mesh    3
       Max CFL number:  0.80E+00 at (59,33,24)
       Max divergence:  0.65E+01 at (59,37,1)
       Min divergence: -0.89E+01 at (57,29,1)
       Max VN number :  0.35E+00 at (57,29,1)
       Mesh    4
       Max CFL number:  0.86E+00 at (58,33,28)
       Max divergence:  0.44E+01 at (60,36,28)
       Min divergence: -0.60E+01 at (60,36,1)
       Max VN number :  0.34E+00 at (64,35,28)
       Mesh    5
       Max CFL number:  0.89E+00 at (58,33,25)
       Max divergence:  0.29E+01 at (57,28,1)
       Min divergence: -0.43E+01 at (60,29,1)
       Max VN number :  0.30E+00 at (60,29,1)
       Mesh    6
       Max CFL number:  0.87E+00 at (57,34,25)
       Max divergence:  0.34E+01 at (55,36,28)
       Min divergence: -0.31E+01 at (60,29,1)
       Max VN number :  0.29E+00 at (60,36,1)
       Mesh    7
       Max CFL number:  0.81E+00 at (58,31,8)
       Max divergence:  0.16E+01 at (56,37,1)
       Min divergence: -0.27E+01 at (66,22,21)
       Max VN number :  0.28E+00 at (60,29,1)
 
       Time Step    35100   September  3, 2026  15:31:07
       Step Size:  0.160E-02 s, Total Time:   65.20869 s
       Pressure Iterations: 2
       Maximum Velocity Error:  0.49E-03 on Mesh 7 at (44,64,21)
       Maximum Pressure Error:  0.20E+04 on Mesh 2 at (63,31,5)
       Maximum CFL Number    :  0.88E+00 on Mesh 5 at (58,33,26)
       Maximum VN Number     :  0.41E+00 on Mesh 2 at (59,32,6)
       ---------------------------------------------------------------
       Mesh    1
       Max CFL number:  0.21E+00 at (15,26,29)
       Max divergence:  0.42E+01 at (15,24,2)
       Min divergence: -0.24E+01 at (15,26,7)
       Max VN number :  0.85E-01 at (14,34,38)
       Mesh    2
       Max CFL number:  0.55E+00 at (60,33,23)
       Max divergence:  0.12E+02 at (57,29,24)
       Min divergence: -0.51E+01 at (54,38,8)
       Max VN number :  0.41E+00 at (59,32,6)
       Mesh    3
       Max CFL number:  0.80E+00 at (59,33,24)
       Max divergence:  0.65E+01 at (59,37,1)
       Min divergence: -0.88E+01 at (57,29,1)
       Max VN number :  0.35E+00 at (57,36,1)
       Mesh    4
       Max CFL number:  0.86E+00 at (58,32,28)
       Max divergence:  0.35E+01 at (59,37,1)
       Min divergence: -0.61E+01 at (60,36,1)
       Max VN number :  0.32E+00 at (64,35,28)
       Mesh    5
       Max CFL number:  0.88E+00 at (58,33,26)
       Max divergence:  0.30E+01 at (60,29,28)
       Min divergence: -0.41E+01 at (60,29,1)
       Max VN number :  0.30E+00 at (50,29,28)
       Mesh    6
       Max CFL number:  0.87E+00 at (57,34,25)
       Max divergence:  0.19E+01 at (64,36,28)
       Min divergence: -0.32E+01 at (60,29,1)
       Max VN number :  0.31E+00 at (53,25,28)
       Mesh    7
       Max CFL number:  0.83E+00 at (58,29,9)
       Max divergence:  0.14E+01 at (57,28,1)
       Min divergence: -0.22E+01 at (60,29,1)
       Max VN number :  0.28E+00 at (60,36,1)
 
