s,C,C,C,C,C,C,C,kW,mol/mol,Pa,m,C,C,m,C,C,m,C,C,kg/kg,kg/kg,kg/kg,kg/kg,kg/kg,kg/kg,kg/kg,kg/kg,kg/kg,kg/kg,kg/kg,kg/kg,kg/kg,kg/kg,kg/kg,kg/kg,kg/kg,kg/kg,kg/kg
Time,T1,T2,T3,T5,T9,T10,T11,HRR,O2_room,p_box,zint_fire,Tupp_fire,Tlow_fire,zint_mid,Tupp_mid,Tlow_mid,zint_door,Tupp_door,Tlow_door,tr_fire_z03,tr_fire_z08,tr_fire_z13,tr_fire_z18,tr_fire_z22,tr_mid_z03,tr_mid_z08,tr_mid_z13,tr_mid_z18,tr_mid_z22,tr_door_z03,tr_door_z08,tr_door_z13,tr_door_z18,tr_door_z22,tr_roommean,tr_uppermean,tr_lowermean,tr_plenummean
 0.00000E+000, 2.50000E+001, 2.50000E+001, 2.50000E+001, 2.50000E+001, 2.50000E+001, 2.50000E+001, 2.50000E+001, 0.00000E+000, 2.06860E-001,-2.50161E-005, 2.30000E-001, 2.50000E+001, 2.50000E+001, 2.30000E-001, 2.50000E+001, 2.50000E+001, 2.30000E-001, 2.50000E+001, 2.50000E+001, 0.00000E+000, 0.00000E+000, 0.00000E+000, 0.00000E+000, 0.00000E+000, 0.00000E+000, 0.00000E+000, 0.00000E+000, 0.00000E+000, 0.00000E+000, 0.00000E+000, 0.00000E+000, 0.00000E+000, 0.00000E+000, 0.00000E+000, 0.00000E+000, 0.00000E+000, 0.00000E+000, 0.00000E+000
 1.00481E+000, 2.50000E+001, 2.50000E+001, 2.50000E+001, 2.50000E+001, 2.50000E+001, 2.50000E+001, 2.50000E+001, 8.96841E-006, 2.06860E-001,-9.74748E-003, 2.30000E-001, 1.49310E+001, 2.50001E+001, 2.30000E-001, 8.96754E+000, 2.50000E+001, 2.30000E-001, 2.25785E+001, 2.50000E+001, 3.56908E-014, 6.43239E-025, 1.06560E-037, 4.72637E-052, 2.05064E-064, 2.83548E-072, 3.14513E-082, 3.96942E-095, 6.08218E-110, 9.51518E-123, 9.78233E-193, 3.62261E-204, 5.69413E-220, 2.38774E-238, 6.18094E-255, 1.70842E-011, 2.33259E-045, 3.93002E-011, 0.00000E+000
 2.00962E+000, 2.50000E+001, 2.50000E+001, 2.50000E+001, 2.50000E+001, 2.50000E+001, 2.50000E+001, 2.50000E+001, 6.55739E-005, 2.06860E-001, 3.75252E-002, 2.30000E-001, 2.50000E+001, 2.50063E+001, 2.30000E-001, 1.84777E+001, 2.50000E+001, 2.30000E-001, 2.41171E+001, 2.50000E+001, 2.32842E-011, 1.42432E-019, 1.17844E-029, 3.75620E-041, 4.21588E-051, 3.43079E-057, 4.27707E-064, 1.14712E-073, 6.86122E-085, 1.01405E-094, 3.10651E-153, 4.52966E-160, 4.65301E-170, 9.59257E-182, 3.72060E-192, 2.53327E-010, 1.72456E-036, 5.82749E-010, 1.37630E-237
 3.00315E+000, 2.50002E+001, 2.50002E+001, 2.50001E+001, 2.50001E+001, 2.50001E+001, 2.50001E+001, 2.50001E+001, 1.79462E-004, 2.06860E-001, 1.94128E-001, 2.30000E-001, 2.50002E+001, 2.50225E+001, 2.30000E-001, 2.50002E+001, 2.50001E+001, 2.30000E-001, 2.50002E+001, 2.50001E+001, 6.09512E-010, 1.05935E-016, 2.94615E-025, 3.89238E-035, 9.19712E-044, 6.12139E-049, 2.27045E-054, 2.68896E-062, 8.81653E-072, 3.42768E-080, 1.54275E-133, 1.02286E-138, 1.06121E-146, 2.89170E-156, 6.49466E-165, 1.08749E-009, 1.59639E-031, 2.50164E-009, 3.24791E-206
 4.00796E+000, 2.50012E+001, 2.50005E+001, 2.50003E+001, 2.50002E+001, 2.50004E+001, 2.50005E+001, 2.50004E+001, 3.50923E-004, 2.06860E-001, 5.57825E-001, 2.30000E-001, 2.50005E+001, 2.50242E+001, 2.30000E-001, 2.50005E+001, 2.50002E+001, 2.30000E-001, 2.50005E+001, 2.50002E+001, 3.16030E-009, 1.11175E-014, 3.62100E-022, 5.77464E-031, 1.08463E-038, 2.79362E-043, 9.34668E-048, 1.46431E-054, 7.37341E-063, 2.64869E-070, 5.11891E-120, 3.32619E-124, 5.98797E-131, 3.43962E-139, 9.67841E-147, 2.92979E-009, 5.13311E-028, 6.73963E-009, 1.93789E-185
 5.00148E+000, 2.50173E+001, 2.50011E+001, 2.50007E+001, 2.50005E+001, 2.50010E+001, 2.50010E+001, 2.50009E+001, 5.79796E-004, 2.06860E-001, 1.22559E+000, 2.30000E-001, 2.50010E+001, 2.50250E+001, 2.30000E-001, 2.50010E+001, 2.50005E+001, 2.30000E-001, 2.50010E+001, 2.50005E+001, 5.33544E-009, 1.62143E-009, 4.29032E-011, 2.91506E-021, 2.18223E-033, 3.84830E-039, 6.05660E-043, 6.57163E-049, 2.62686E-056, 5.02535E-063, 6.35456E-110, 1.88577E-113, 2.54219E-119, 1.27723E-126, 2.21282E-133, 6.18105E-009, 3.79422E-011, 1.33358E-008, 3.51138E-170
 6.00629E+000, 2.50244E+001, 2.50130E+001, 2.51647E+001, 2.50008E+001, 2.50018E+001, 2.50019E+001, 2.50016E+001, 8.66270E-004, 2.06860E-001, 2.28034E+000, 2.30000E-001, 2.51170E+001, 2.50314E+001, 2.30000E-001, 2.50019E+001, 2.50008E+001, 2.30000E-001, 2.50018E+001, 2.50008E+001, 7.64718E-009, 7.16902E-009, 6.56022E-009, 2.85587E-009, 6.34359E-008, 6.96069E-036, 3.41178E-039, 1.76211E-044, 4.03833E-051, 3.13918E-057, 8.83098E-102, 8.04144E-105, 5.12318E-110, 1.42063E-116, 1.03746E-122, 1.12556E-008, 3.62114E-009, 2.02987E-008, 5.83927E-158
 7.01110E+000, 2.50245E+001, 2.50443E+001, 2.64613E+001, 2.50012E+001, 2.50027E+001, 2.50029E+001, 2.50025E+001, 1.21224E-003, 2.06860E-001, 3.59840E+000, 2.30000E-001, 2.54765E+001, 2.50317E+001, 2.30000E-001, 2.50029E+001, 2.50012E+001, 2.30000E-001, 2.50029E+001, 2.50011E+001, 9.88768E-009, 9.99034E-009, 1.47670E-008, 1.54026E-008, 3.44564E-007, 2.95765E-033, 3.49795E-036, 6.17392E-041, 6.14893E-047, 1.65234E-052, 4.57981E-095, 9.62080E-098, 2.22381E-102, 2.43173E-108, 5.83583E-114, 1.85968E-008, 1.31122E-008, 2.80770E-008, 6.58591E-148
 8.00462E+000, 2.50246E+001, 2.50553E+001, 2.72127E+001, 2.50015E+001, 2.50037E+001, 2.50040E+001, 2.50033E+001, 1.61392E-003, 2.06860E-001, 5.02491E+000, 2.30000E-001, 2.57932E+001, 2.50325E+001, 2.30000E-001, 2.50041E+001, 2.50015E+001, 2.30000E-001, 2.50040E+001, 2.50015E+001, 1.08529E-008, 1.19774E-008, 1.82157E-008, 2.17925E-008, 4.92957E-007, 4.09486E-031, 9.69568E-034, 4.66320E-038, 1.64746E-043, 6.26058E-043, 2.05438E-089, 8.43557E-092, 5.18369E-096, 1.80814E-101, 1.15556E-106, 2.85212E-008, 2.97444E-008, 3.60723E-008, 1.60984E-139
 9.00944E+000, 2.50253E+001, 2.50578E+001, 2.79019E+001, 2.50019E+001, 2.50046E+001, 2.50053E+001, 2.50042E+001, 2.07321E-003, 2.06860E-001, 6.62105E+000, 2.10755E-001, 2.62052E+001, 2.50404E+001, 2.30000E-001, 2.50054E+001, 2.50019E+001, 2.30000E-001, 2.50053E+001, 2.50018E+001, 1.08858E-008, 1.32066E-008, 2.00932E-008, 2.55466E-008, 6.42376E-007, 2.53391E-029, 1.06100E-031, 1.19634E-035, 5.16241E-037, 6.34231E-035, 1.70076E-084, 1.20551E-086, 1.75875E-090, 1.64890E-095, 2.49389E-100, 4.14882E-008, 5.43725E-008, 4.46734E-008, 3.90252E-132
 1.00030E+001, 2.50265E+001, 2.50587E+001, 2.85943E+001, 2.50023E+001, 2.50057E+001, 2.50067E+001, 2.50053E+001, 2.58985E-003, 2.06860E-001, 8.46337E+000, 2.11840E-001, 2.67165E+001, 2.50503E+001, 2.30000E-001, 2.50068E+001, 2.50023E+001, 2.30000E-001, 2.50067E+001, 2.50022E+001, 1.06842E-008, 1.37182E-008, 2.10712E-008, 2.81015E-008, 7.96915E-007, 7.84859E-028, 5.20917E-030, 1.21472E-033, 4.88332E-031, 1.80793E-029, 3.12650E-080, 3.38014E-082, 1.03599E-085, 2.26893E-090, 7.29347E-095, 5.78768E-008, 8.88921E-008, 5.30232E-008, 8.80085E-126
 1.10088E+001, 2.50282E+001, 2.50589E+001, 2.93309E+001, 2.50028E+001, 2.50070E+001, 2.50082E+001, 2.50064E+001, 3.16640E-003, 2.06860E-001, 1.05688E+001, 2.14799E-001, 2.73484E+001, 2.50608E+001, 2.30000E-001, 2.50085E+001, 2.50028E+001, 2.30000E-001, 2.50083E+001, 2.50026E+001, 1.01198E-008, 1.37767E-008, 2.14125E-008, 2.95709E-008, 9.61450E-007, 1.43396E-026, 1.38815E-028, 1.75294E-031, 1.62883E-026, 2.40877E-025, 2.07047E-076, 3.25752E-078, 1.86070E-081, 8.62823E-086, 5.43203E-090, 7.80957E-008, 1.34930E-007, 6.10595E-008, 4.12932E-120
 1.20044E+001, 2.50302E+001, 2.50587E+001, 3.01037E+001, 2.50033E+001, 2.50083E+001, 2.50100E+001, 2.50077E+001, 3.79689E-003, 2.06860E-001, 1.29721E+001, 2.17051E-001, 2.80725E+001, 2.50722E+001, 2.30000E-001, 2.50104E+001, 2.50033E+001, 2.30000E-001, 2.50102E+001, 2.50031E+001, 9.25939E-009, 1.33319E-008, 2.11149E-008, 2.98976E-008, 1.09366E-006, 1.65100E-025, 2.15915E-027, 1.32524E-027, 5.67820E-023, 4.19043E-022, 5.01144E-073, 1.08595E-074, 1.06838E-077, 9.60358E-082, 1.10715E-085, 1.02570E-007, 1.93044E-007, 6.92556E-008, 4.98750E-115
 1.30049E+001, 2.50326E+001, 2.50581E+001, 3.09194E+001, 2.50039E+001, 2.50098E+001, 2.50120E+001, 2.50091E+001, 4.48757E-003, 2.06860E-001, 1.56906E+001, 2.18846E-001, 2.89424E+001, 2.50847E+001, 2.30000E-001, 2.50126E+001, 2.50039E+001, 2.30000E-001, 2.50122E+001, 2.50036E+001, 8.27640E-009, 1.24292E-008, 2.00699E-008, 2.88942E-008, 1.23215E-006, 1.29848E-024, 2.15561E-026, 2.94810E-024, 4.55705E-020, 1.90763E-019, 5.80439E-070, 1.65088E-071, 2.63483E-074, 4.25973E-078, 3.74024E-081, 1.31619E-007, 2.63568E-007, 7.74692E-008, 1.90043E-110
 1.40076E+001, 2.50354E+001, 2.50569E+001, 3.17939E+001, 2.50045E+001, 2.50115E+001, 2.50141E+001, 2.50107E+001, 5.23636E-003, 2.06860E-001, 1.87381E+001, 2.20307E-001, 2.99750E+001, 2.50977E+001, 2.30000E-001, 2.50150E+001, 2.50046E+001, 2.30000E-001, 2.50145E+001, 2.50042E+001, 7.24368E-009, 1.11777E-008, 1.83075E-008, 2.66008E-008, 1.37770E-006, 7.39496E-024, 1.52746E-025, 1.98375E-021, 1.24704E-017, 3.22398E-017, 3.49506E-067, 1.26475E-068, 3.10653E-071, 9.09952E-075, 1.90077E-075, 1.65824E-007, 3.45890E-007, 8.58360E-008, 2.76556E-106
 1.50028E+001, 2.50385E+001, 2.50553E+001, 3.26138E+001, 2.50051E+001, 2.50131E+001, 2.50164E+001, 2.50123E+001, 6.03793E-003, 2.06860E-001, 2.20109E+001, 2.21504E-001, 3.09652E+001, 2.51118E+001, 2.30000E-001, 2.50176E+001, 2.50052E+001, 2.30000E-001, 2.50170E+001, 2.50047E+001, 6.23324E-009, 9.68136E-009, 1.60202E-008, 2.34976E-008, 1.51330E-006, 3.13251E-023, 3.13407E-024, 5.05718E-019, 2.17615E-015, 4.02204E-015, 1.15452E-064, 5.13658E-066, 1.85804E-068, 7.32475E-071, 2.06563E-070, 2.05370E-007, 4.38052E-007, 9.46661E-008, 1.73592E-102
 1.60028E+001, 2.50420E+001, 2.50538E+001, 3.35532E+001, 2.50057E+001, 2.50148E+001, 2.50189E+001, 2.50139E+001, 6.90285E-003, 2.06860E-001, 2.55041E+001, 2.22517E-001, 3.22485E+001, 2.51268E+001, 2.30000E-001, 2.50203E+001, 2.50059E+001, 2.30000E-001, 2.50196E+001, 2.50053E+001, 5.24660E-009, 8.08766E-009, 1.34856E-008, 2.02970E-008, 1.67516E-006, 1.02065E-022, 4.37994E-022, 5.38820E-017, 3.85041E-013, 4.93146E-013, 2.33877E-062, 1.23743E-063, 6.40085E-066, 2.40782E-066, 6.20204E-066, 2.50697E-007, 5.40469E-007, 1.04435E-007, 5.29640E-099
 1.70018E+001, 2.50458E+001, 2.50523E+001, 3.43005E+001, 2.50062E+001, 2.50166E+001, 2.50214E+001, 2.50156E+001, 7.82003E-003, 2.06860E-001, 2.92768E+001, 2.23332E-001, 3.34159E+001, 2.51429E+001, 2.30000E-001, 2.50232E+001, 2.50067E+001, 2.30000E-001, 2.50224E+001, 2.50059E+001, 4.28028E-009, 6.51006E-009, 1.08601E-008, 1.74131E-008, 1.85217E-006, 2.61277E-022, 3.31006E-020, 2.85954E-015, 5.57194E-011, 5.17151E-011, 3.05063E-060, 1.90129E-061, 1.47264E-063, 3.11296E-062, 6.66380E-062, 3.02382E-007, 6.56675E-007, 1.14688E-007, 8.70034E-096
 1.80008E+001, 2.50501E+001, 2.50515E+001, 3.54843E+001, 2.50070E+001, 2.50185E+001, 2.50241E+001, 2.50174E+001, 8.79755E-003, 2.06860E-001, 3.33417E+001, 2.23920E-001, 3.50905E+001, 2.51623E+001, 2.30000E-001, 2.50267E+001, 2.50075E+001, 2.30000E-001, 2.50253E+001, 2.50065E+001, 3.47222E-009, 5.07774E-009, 8.39088E-009, 1.58127E-008, 2.09734E-006, 5.33940E-022, 1.13524E-018, 1.34432E-013, 6.36455E-009, 4.62913E-009, 2.66934E-058, 1.92060E-059, 1.02711E-060, 1.74374E-058, 3.16250E-058, 3.60728E-007, 7.90091E-007, 1.25432E-007, 8.06632E-093
 1.90021E+001, 2.50548E+001, 2.50514E+001, 3.62644E+001, 2.50162E+001, 2.50205E+001, 2.50271E+001, 2.50193E+001, 9.83702E-003, 2.06860E-001, 3.77410E+001, 2.24162E-001, 3.61046E+001, 2.51822E+001, 2.30000E-001, 2.50722E+001, 2.50085E+001, 2.30000E-001, 2.50285E+001, 2.50072E+001, 2.75797E-009, 3.78622E-009, 6.19235E-009, 1.82183E-008, 2.39788E-006, 9.66630E-022, 1.92855E-017, 4.17729E-012, 2.44372E-007, 1.57562E-007, 1.64218E-056, 1.35417E-057, 3.01714E-057, 5.18148E-055, 8.06313E-055, 4.26218E-007, 9.44760E-007, 1.36142E-007, 4.74580E-090
 2.00003E+001, 2.50601E+001, 2.50534E+001, 3.76266E+001, 2.50516E+001, 2.50226E+001, 2.50301E+001, 2.50213E+001, 1.09263E-002, 2.06860E-001, 4.24304E+001, 2.23523E-001, 3.70075E+001, 2.52030E+001, 2.30000E-001, 2.52730E+001, 2.50094E+001, 2.30000E-001, 2.50319E+001, 2.50079E+001, 2.20756E-009, 2.80216E-009, 4.57496E-009, 3.72350E-008, 2.88860E-006, 3.08645E-021, 1.89648E-016, 9.07662E-011, 1.12617E-006, 7.80336E-007, 7.23989E-055, 6.89531E-056, 5.89050E-054, 9.28697E-052, 1.25071E-051, 4.99159E-007, 1.12313E-006, 1.46773E-007, 2.78190E-087
 2.10032E+001, 2.50659E+001, 2.50625E+001, 3.95445E+001, 2.51025E+001, 2.50249E+001, 2.50335E+001, 2.50235E+001, 1.20824E-002, 2.06860E-001, 4.75250E+001, 2.22014E-001, 3.81420E+001, 2.52249E+001, 2.30000E-001, 2.54189E+001, 2.50105E+001, 2.30000E-001, 2.50356E+001, 2.50087E+001, 1.83487E-009, 2.14239E-009, 3.80531E-009, 1.39209E-007, 3.57210E-006, 2.41658E-020, 1.54910E-015, 1.55317E-009, 1.38444E-006, 1.68555E-006, 2.37926E-053, 4.17743E-054, 7.63351E-051, 1.21662E-048, 1.42346E-048, 5.80092E-007, 1.32635E-006, 1.57760E-007, 7.49672E-084
 2.20038E+001, 2.50723E+001, 2.51184E+001, 4.21044E+001, 2.51859E+001, 2.50273E+001, 2.50370E+001, 2.50257E+001, 1.32891E-002, 2.06860E-001, 5.30175E+001, 2.19952E-001, 3.87137E+001, 2.52479E+001, 2.30000E-001, 2.55557E+001, 2.50117E+001, 2.30000E-001, 2.50395E+001, 2.50096E+001, 1.58001E-009, 1.72921E-009, 4.39725E-009, 4.56359E-007, 4.49373E-006, 1.76112E-019, 1.56453E-014, 1.63721E-008, 1.22305E-006, 2.69396E-006, 5.86963E-052, 1.56528E-051, 7.34192E-048, 1.32990E-045, 1.35286E-045, 6.69429E-007, 1.55487E-006, 1.68941E-007, 2.63722E-080
 2.30044E+001, 2.50792E+001, 2.52946E+001, 4.40816E+001, 2.54443E+001, 2.50298E+001, 2.50408E+001, 2.50280E+001, 1.45571E-002, 2.06860E-001, 5.89257E+001, 2.18721E-001, 3.86482E+001, 2.52725E+001, 2.30000E-001, 2.58912E+001, 2.50129E+001, 2.30000E-001, 2.50437E+001, 2.50105E+001, 1.40300E-009, 1.45323E-009, 8.52409E-009, 9.15412E-007, 5.15553E-006, 9.27245E-019, 1.62521E-013, 7.52059E-008, 1.16376E-006, 4.07589E-006, 1.10418E-050, 1.01493E-048, 6.28082E-045, 1.48585E-042, 1.30846E-042, 7.67394E-007, 1.80738E-006, 1.80602E-007, 6.08931E-077
 2.40042E+001, 2.50866E+001, 2.54876E+001, 4.83013E+001, 2.57993E+001, 2.50326E+001, 2.50449E+001, 2.50305E+001, 1.58872E-002, 2.06858E-001, 6.53220E+001, 2.17049E-001, 3.99464E+001, 2.52980E+001, 1.80311E-001, 2.60314E+001, 2.50142E+001, 2.30000E-001, 2.50483E+001, 2.50114E+001, 1.29007E-009, 1.28316E-009, 2.85885E-008, 1.30567E-006, 6.95196E-006, 3.75824E-018, 1.41209E-012, 1.44423E-007, 1.07171E-006, 4.95110E-006, 1.81494E-049, 6.12275E-046, 5.96264E-042, 2.15368E-039, 1.62198E-039, 8.74460E-007, 2.08453E-006, 1.92609E-007, 9.76215E-074
 2.50006E+001, 2.50944E+001, 2.55991E+001, 4.89984E+001, 2.58660E+001, 2.50355E+001, 2.50492E+001, 2.50330E+001, 1.72612E-002, 2.06856E-001, 7.21017E+001, 2.15622E-001, 4.11632E+001, 2.53247E+001, 1.64620E-001, 2.61367E+001, 2.50155E+001, 2.30000E-001, 2.50531E+001, 2.50124E+001, 1.22306E-009, 1.18386E-009, 8.18581E-008, 1.53874E-006, 7.46731E-006, 1.40210E-017, 8.70580E-012, 1.78470E-007, 1.05744E-006, 5.51464E-006, 1.24585E-047, 4.12852E-043, 8.21049E-039, 5.16951E-036, 3.26255E-036, 9.90888E-007, 2.38696E-006, 2.04917E-007, 1.22337E-070
 2.60024E+001, 2.51020E+001, 2.56382E+001, 5.04106E+001, 2.61177E+001, 2.50381E+001, 2.50533E+001, 2.50351E+001, 1.79951E-002, 2.06853E-001, 7.88040E+001, 2.15114E-001, 4.20009E+001, 2.53510E+001, 1.67853E-001, 2.64261E+001, 2.50166E+001, 2.30000E-001, 2.50577E+001, 2.50132E+001, 1.18796E-009, 1.21051E-009, 1.40517E-007, 1.72968E-006, 8.05662E-006, 6.28687E-017, 3.31553E-011, 1.85058E-007, 1.15997E-006, 6.67148E-006, 5.45115E-045, 4.60119E-040, 2.28327E-035, 2.55237E-032, 1.31091E-032, 1.11515E-006, 2.71351E-006, 2.13910E-007, 1.49296E-067
 2.70043E+001, 2.51079E+001, 2.56340E+001, 5.07232E+001, 2.62739E+001, 2.50394E+001, 2.50562E+001, 2.50357E+001, 1.79952E-002, 2.06852E-001, 8.42469E+001, 2.14382E-001, 4.18743E+001, 2.53717E+001, 1.68420E-001, 2.65230E+001, 2.50170E+001, 2.30000E-001, 2.50612E+001, 2.50133E+001, 1.14701E-009, 1.34416E-009, 1.69069E-007, 2.01000E-006, 8.64946E-006, 3.11280E-016, 8.35795E-011, 1.77018E-007, 1.20075E-006, 7.38907E-006, 4.48134E-042, 1.22705E-036, 1.42056E-031, 2.34999E-028, 9.51056E-029, 1.24009E-006, 3.05447E-006, 2.14768E-007, 2.23365E-064
 2.80007E+001, 2.51126E+001, 2.55913E+001, 5.09537E+001, 2.64407E+001, 2.50400E+001, 2.50582E+001, 2.50356E+001, 1.79952E-002, 2.06852E-001, 8.88120E+001, 2.13548E-001, 4.16806E+001, 2.53897E+001, 1.69786E-001, 2.66616E+001, 2.50172E+001, 2.30000E-001, 2.50639E+001, 2.50132E+001, 1.10625E-009, 1.56542E-009, 1.62292E-007, 2.35417E-006, 9.19570E-006, 1.33007E-015, 1.58460E-010, 1.65477E-007, 1.22789E-006, 7.94515E-006, 9.38769E-039, 9.02701E-033, 1.69752E-027, 2.97756E-024, 9.03357E-025, 1.36437E-006, 3.39648E-006, 2.14838E-007, 5.73763E-061
 2.90025E+001, 2.51165E+001, 2.55074E+001, 5.10754E+001, 2.65112E+001, 2.50402E+001, 2.50596E+001, 2.50348E+001, 1.79952E-002, 2.06851E-001, 9.28464E+001, 2.13474E-001, 4.19439E+001, 2.54068E+001, 1.70713E-001, 2.67781E+001, 2.50175E+001, 2.30000E-001, 2.50659E+001, 2.50132E+001, 1.11296E-009, 1.83646E-009, 1.35112E-007, 2.48709E-006, 9.41713E-006, 4.60400E-015, 2.51678E-010, 1.55550E-007, 1.25857E-006, 8.50310E-006, 6.52979E-035, 2.05116E-028, 5.20432E-023, 1.03915E-019, 2.54445E-020, 1.48851E-006, 3.73339E-006, 2.15128E-007, 4.66873E-057
 3.00043E+001, 2.51199E+001, 2.54128E+001, 5.11340E+001, 2.65925E+001, 2.50403E+001, 2.50606E+001, 2.50336E+001, 1.79952E-002, 2.06851E-001, 9.64813E+001, 2.13974E-001, 4.24140E+001, 2.54233E+001, 1.71587E-001, 2.68993E+001, 2.50177E+001, 2.30000E-001, 2.50668E+001, 2.50131E+001, 1.15158E-009, 2.07153E-009, 1.05807E-007, 2.23683E-006, 9.55328E-006, 1.30224E-014, 3.56426E-010, 1.48114E-007, 1.29791E-006, 8.98823E-006, 1.22538E-030, 1.30445E-023, 3.55998E-018, 1.04061E-013, 9.54698E-015, 1.61286E-006, 4.06160E-006, 2.15762E-007, 1.19193E-052
 3.10008E+001, 2.51229E+001, 2.53377E+001, 5.11438E+001, 2.66537E+001, 2.50404E+001, 2.50613E+001, 2.50314E+001, 1.79952E-002, 2.06851E-001, 9.97919E+001, 2.14630E-001, 4.28956E+001, 2.54387E+001, 1.72110E-001, 2.69968E+001, 2.50179E+001, 2.30000E-001, 2.51106E+001, 2.50131E+001, 1.19380E-009, 2.22541E-009, 8.30512E-008, 1.82214E-006, 9.59376E-006, 3.06760E-014, 4.64056E-010, 1.42611E-007, 1.34756E-006, 9.31729E-006, 2.81114E-026, 1.91691E-019, 1.07118E-013, 9.42556E-008, 8.42787E-009, 1.73678E-006, 4.37961E-006, 2.16651E-007, 5.79093E-048
 3.20026E+001, 2.51254E+001, 2.52871E+001, 5.11604E+001, 2.67202E+001, 2.50407E+001, 2.50617E+001, 2.50265E+001, 1.79953E-002, 2.06851E-001, 1.02869E+002, 2.15436E-001, 4.33043E+001, 2.54530E+001, 1.72272E-001, 2.70755E+001, 2.50181E+001, 2.30000E-001, 2.56684E+001, 2.50131E+001, 1.22529E-009, 2.31039E-009, 6.77022E-008, 1.46982E-006, 9.59244E-006, 6.20859E-014, 5.68463E-010, 1.38309E-007, 1.42211E-006, 9.48713E-006, 1.85175E-022, 5.65829E-017, 5.21200E-009, 2.62232E-006, 8.70891E-007, 1.86062E-006, 4.68536E-006, 2.17797E-007, 5.44966E-043
 3.30044E+001, 2.51276E+001, 2.52577E+001, 5.11242E+001, 2.67779E+001, 2.50411E+001, 2.50611E+001, 2.50450E+001, 1.79952E-002, 2.06851E-001, 1.05773E+002, 2.16220E-001, 4.34962E+001, 2.54663E+001, 1.72070E-001, 2.71256E+001, 2.50184E+001, 2.30000E-001, 2.57626E+001, 2.50131E+001, 1.24367E-009, 2.36324E-009, 5.85332E-008, 1.25933E-006, 9.49458E-006, 1.11424E-013, 6.69803E-010, 1.34745E-007, 1.51818E-006, 9.59000E-006, 1.43123E-019, 2.46407E-013, 1.08128E-006, 3.33564E-006, 1.95419E-006, 1.98472E-006, 4.96085E-006, 2.19428E-007, 4.45230E-038
 3.40009E+001, 2.51294E+001, 2.52455E+001, 5.10510E+001, 2.68055E+001, 2.50417E+001, 2.50548E+001, 2.53323E+001, 1.79952E-002, 2.06851E-001, 1.08459E+002, 2.16700E-001, 4.34926E+001, 2.54786E+001, 1.71621E-001, 2.71473E+001, 2.50186E+001, 2.30000E-001, 2.57290E+001, 2.50132E+001, 1.24845E-009, 2.41910E-009, 5.42684E-008, 1.22374E-006, 9.41639E-006, 1.83686E-013, 7.73529E-010, 1.32135E-007, 1.61846E-006, 9.63853E-006, 2.88691E-017, 1.26846E-007, 2.17232E-006, 3.91848E-006, 2.48764E-006, 2.10835E-006, 5.18060E-006, 2.28240E-007, 4.37499E-033
 3.50027E+001, 2.51309E+001, 2.52466E+001, 5.09960E+001, 2.67952E+001, 2.50425E+001, 2.50942E+001, 2.54477E+001, 1.79952E-002, 2.06851E-001, 1.10944E+002, 2.17016E-001, 4.33603E+001, 2.54901E+001, 1.70971E-001, 2.71504E+001, 2.50188E+001, 2.30000E-001, 2.57060E+001, 2.50135E+001, 1.24130E-009, 2.50616E-009, 5.37358E-008, 1.36466E-006, 9.42564E-006, 2.87644E-013, 8.90109E-010, 1.31051E-007, 1.71649E-006, 9.64918E-006, 4.23422E-011, 1.53632E-006, 2.42503E-006, 4.08878E-006, 3.00752E-006, 2.23149E-006, 5.36356E-006, 2.74723E-007, 1.87343E-029
 3.60045E+001, 2.51322E+001, 2.52576E+001, 5.08573E+001, 2.67734E+001, 2.50435E+001, 2.53269E+001, 2.54152E+001, 1.79952E-002, 2.06851E-001, 1.13322E+002, 2.17356E-001, 4.32219E+001, 2.55011E+001, 1.70111E-001, 2.71418E+001, 2.50191E+001, 2.30000E-001, 2.57007E+001, 2.50138E+001, 1.22775E-009, 2.64623E-009, 5.61145E-008, 1.62229E-006, 9.41818E-006, 4.37571E-013, 1.03348E-009, 1.32205E-007, 1.81610E-006, 9.65312E-006, 5.38809E-008, 2.10901E-006, 3.26966E-006, 4.44799E-006, 3.57162E-006, 2.35413E-006, 5.53565E-006, 3.52911E-007, 6.81598E-027
 3.70010E+001, 2.51333E+001, 2.52755E+001, 5.07524E+001, 2.67624E+001, 2.50438E+001, 2.55975E+001, 2.54068E+001, 1.79952E-002, 2.06850E-001, 1.15632E+002, 2.17694E-001, 4.31649E+001, 2.55117E+001, 1.69220E-001, 2.71374E+001, 2.50193E+001, 2.30000E-001, 2.57173E+001, 2.50140E+001, 1.21334E-009, 2.85469E-009, 6.08013E-008, 1.87029E-006, 9.38065E-006, 6.52954E-013, 1.21877E-009, 1.36270E-007, 1.92437E-006, 9.70664E-006, 2.89143E-007, 2.01627E-006, 4.11988E-006, 4.95697E-006, 4.19584E-006, 2.47546E-006, 5.70287E-006, 4.37242E-007, 5.09967E-025
 3.80028E+001, 2.51343E+001, 2.52978E+001, 5.06647E+001, 2.67793E+001, 2.50427E+001, 2.56954E+001, 2.54444E+001, 1.79952E-002, 2.06849E-001, 1.17901E+002, 2.17972E-001, 4.31252E+001, 2.55219E+001, 1.68414E-001, 2.71513E+001, 2.50196E+001, 2.30000E-001, 2.57743E+001, 2.50145E+001, 1.20071E-009, 3.13992E-009, 6.74787E-008, 2.06790E-006, 9.37518E-006, 9.63739E-013, 1.46728E-009, 1.43941E-007, 2.04597E-006, 9.79312E-006, 2.89486E-007, 2.05483E-006, 4.79026E-006, 5.37550E-006, 4.85546E-006, 2.59584E-006, 5.86502E-006, 5.17641E-007, 1.37237E-023
 3.90046E+001, 2.51353E+001, 2.53226E+001, 5.05357E+001, 2.68157E+001, 2.50415E+001, 2.56931E+001, 2.54728E+001, 1.79952E-002, 2.06848E-001, 1.20138E+002, 2.18137E-001, 4.30048E+001, 2.55318E+001, 1.67550E-001, 2.71726E+001, 2.50200E+001, 2.30000E-001, 2.58629E+001, 2.50145E+001, 1.18991E-009, 3.50528E-009, 7.59993E-008, 2.24152E-006, 9.39185E-006, 1.41931E-012, 1.81795E-009, 1.56329E-007, 2.17559E-006, 9.84165E-006, 2.03288E-007, 2.19228E-006, 5.30281E-006, 5.69384E-006, 5.41195E-006, 2.71577E-006, 6.02010E-006, 5.95670E-007, 1.78857E-022
 4.00011E+001, 2.51361E+001, 2.53478E+001, 5.02875E+001, 2.68307E+001, 2.50405E+001, 2.56636E+001, 2.54833E+001, 1.79953E-002, 2.06846E-001, 1.22331E+002, 2.18260E-001, 4.28422E+001, 2.55414E+001, 1.66297E-001, 2.71743E+001, 2.50203E+001, 2.30000E-001, 2.59418E+001, 2.50133E+001, 1.18118E-009, 3.95517E-009, 8.61539E-008, 2.37783E-006, 9.37336E-006, 2.11314E-012, 2.35721E-009, 1.75973E-007, 2.30928E-006, 9.84962E-006, 1.36653E-007, 2.27946E-006, 5.56236E-006, 5.88022E-006, 5.77296E-006, 2.83484E-006, 6.16390E-006, 6.73957E-007, 1.34303E-021
 4.10029E+001, 2.51368E+001, 2.53722E+001, 5.00011E+001, 2.68157E+001, 2.50390E+001, 2.55848E+001, 2.55093E+001, 1.79953E-002, 2.06842E-001, 1.24475E+002, 2.18321E-001, 4.26823E+001, 2.55507E+001, 1.64462E-001, 2.71535E+001, 2.50206E+001, 2.30000E-001, 2.59742E+001, 2.50118E+001, 1.17631E-009, 4.49639E-009, 9.79344E-008, 2.45422E-006, 9.33400E-006, 3.27547E-012, 3.30823E-009, 2.08972E-007, 2.45533E-006, 9.85219E-006, 1.07484E-007, 2.01353E-006, 5.61437E-006, 5.97301E-006, 5.98633E-006, 2.95355E-006, 6.29487E-006, 7.55741E-007, 6.64298E-021
 4.20047E+001, 2.51375E+001, 2.53970E+001, 4.96867E+001, 2.67690E+001, 2.50369E+001, 2.54046E+001, 2.55719E+001, 1.79953E-002, 2.06836E-001, 1.26566E+002, 2.18290E-001, 4.25948E+001, 2.55598E+001, 1.61819E-001, 2.71195E+001, 2.50210E+001, 2.30000E-001, 2.59611E+001, 2.50110E+001, 1.17744E-009, 5.13813E-009, 1.11608E-007, 2.49419E-006, 9.30846E-006, 5.52870E-012, 5.23840E-009, 2.69599E-007, 2.63554E-006, 9.87743E-006, 9.91649E-008, 1.61512E-006, 5.42052E-006, 6.04669E-006, 6.10949E-006, 3.07230E-006, 6.41511E-006, 8.44120E-007, 2.37227E-020
 4.30011E+001, 2.51381E+001, 2.54233E+001, 4.94452E+001, 2.66962E+001, 2.50347E+001, 2.52288E+001, 2.56498E+001, 1.79952E-002, 2.06822E-001, 1.28602E+002, 2.18167E-001, 4.25498E+001, 2.55688E+001, 1.57894E-001, 2.70815E+001, 2.50214E+001, 2.30000E-001, 2.59209E+001, 2.50107E+001, 1.18719E-009, 5.88676E-009, 1.27379E-007, 2.53533E-006, 9.34547E-006, 1.06686E-011, 9.85928E-009, 3.88317E-007, 2.87075E-006, 9.91518E-006, 1.25846E-007, 1.32674E-006, 4.99773E-006, 6.10887E-006, 6.17734E-006, 3.19058E-006, 6.52944E-006, 9.37805E-007, 6.54350E-020
 4.40029E+001, 2.51386E+001, 2.54504E+001, 4.93515E+001, 2.66073E+001, 2.50327E+001, 2.51479E+001, 2.57017E+001, 1.79953E-002, 2.06792E-001, 1.30606E+002, 2.18096E-001, 4.25521E+001, 2.55778E+001, 1.52036E-001, 2.70327E+001, 2.50218E+001, 2.30000E-001, 2.58694E+001, 2.50109E+001, 1.20870E-009, 6.76603E-009, 1.45465E-007, 2.58098E-006, 9.42618E-006, 2.37475E-011, 2.22191E-008, 6.17868E-007, 3.14613E-006, 9.96533E-006, 2.10175E-007, 1.13797E-006, 4.11551E-006, 6.15581E-006, 6.21536E-006, 3.30894E-006, 6.64409E-006, 1.03317E-006, 1.49334E-019
 4.50048E+001, 2.51393E+001, 2.54790E+001, 4.92876E+001, 2.65155E+001, 2.50313E+001, 2.51168E+001, 2.57030E+001, 1.79953E-002, 2.06740E-001, 1.32582E+002, 2.18095E-001, 4.25212E+001, 2.55869E+001, 1.44653E-001, 2.69703E+001, 2.50223E+001, 2.30000E-001, 2.58207E+001, 2.50116E+001, 1.24506E-009, 7.83869E-009, 1.66907E-007, 2.63533E-006, 9.51663E-006, 5.80948E-011, 5.24062E-008, 9.81257E-007, 3.37412E-006, 1.00326E-005, 3.33886E-007, 1.08763E-006, 3.15446E-006, 6.20142E-006, 6.24146E-006, 3.42782E-006, 6.76183E-006, 1.12566E-006, 3.07649E-019
 4.60012E+001, 2.51400E+001, 2.55132E+001, 4.92631E+001, 2.64528E+001, 2.50301E+001, 2.51059E+001, 2.56550E+001, 1.79953E-002, 2.06679E-001, 1.34497E+002, 2.17973E-001, 4.24662E+001, 2.55961E+001, 1.38672E-001, 2.69033E+001, 2.50227E+001, 2.30000E-001, 2.57844E+001, 2.50124E+001, 1.30216E-009, 9.24699E-009, 1.94363E-007, 2.72953E-006, 9.59674E-006, 1.44144E-010, 1.03220E-007, 1.34335E-006, 3.46555E-006, 1.01193E-005, 4.34764E-007, 1.15652E-006, 2.86808E-006, 6.25354E-006, 6.27316E-006, 3.54654E-006, 6.88164E-006, 1.21164E-006, 7.57918E-019
 4.70030E+001, 2.51411E+001, 2.55610E+001, 4.92893E+001, 2.64372E+001, 2.50292E+001, 2.51074E+001, 2.55784E+001, 1.79953E-002, 2.06646E-001, 1.36327E+002, 2.17667E-001, 4.23401E+001, 2.56059E+001, 1.37009E-001, 2.68483E+001, 2.50231E+001, 2.30000E-001, 2.57619E+001, 2.50128E+001, 1.39615E-009, 1.13243E-008, 2.33267E-007, 2.90098E-006, 9.64013E-006, 3.21584E-010, 1.52584E-007, 1.49723E-006, 3.47966E-006, 1.01980E-005, 4.61025E-007, 1.32638E-006, 3.04270E-006, 6.32218E-006, 6.32918E-006, 3.66516E-006, 7.00278E-006, 1.29142E-006, 4.47590E-018
 4.80048E+001, 2.51427E+001, 2.56322E+001, 4.95250E+001, 2.64531E+001, 2.50286E+001, 2.51203E+001, 2.54922E+001, 1.79954E-002, 2.06650E-001, 1.38042E+002, 2.17260E-001, 4.21222E+001, 2.56165E+001, 1.39181E-001, 2.68350E+001, 2.50234E+001, 2.30000E-001, 2.57500E+001, 2.50127E+001, 1.55615E-009, 1.47272E-008, 2.95046E-007, 3.14188E-006, 9.68618E-006, 6.00873E-010, 1.78362E-007, 1.41728E-006, 3.53680E-006, 1.03004E-005, 4.35382E-007, 1.57064E-006, 3.51269E-006, 6.43497E-006, 6.42825E-006, 3.78374E-006, 7.12477E-006, 1.36753E-006, 3.61330E-017
 4.90013E+001, 2.51450E+001, 2.57360E+001, 5.00233E+001, 2.64953E+001, 2.50280E+001, 2.51472E+001, 2.54189E+001, 1.79955E-002, 2.06665E-001, 1.39609E+002, 2.16742E-001, 4.17446E+001, 2.56282E+001, 1.41745E-001, 2.68757E+001, 2.50237E+001, 2.30000E-001, 2.57566E+001, 2.50120E+001, 1.82695E-009, 2.07074E-008, 3.95831E-007, 3.32024E-006, 9.85042E-006, 9.62784E-010, 1.86605E-007, 1.29742E-006, 3.72229E-006, 1.04249E-005, 3.87506E-007, 1.88058E-006, 4.29927E-006, 6.63817E-006, 6.58271E-006, 3.90150E-006, 7.24635E-006, 1.44256E-006, 2.00557E-016
 5.00031E+001, 2.51483E+001, 2.58609E+001, 5.07457E+001, 2.65748E+001, 2.50275E+001, 2.51997E+001, 2.53779E+001, 1.79956E-002, 2.06672E-001, 1.41035E+002, 2.16008E-001, 4.14480E+001, 2.56412E+001, 1.42187E-001, 2.69460E+001, 2.50239E+001, 2.30000E-001, 2.57964E+001, 2.50113E+001, 2.27095E-009, 3.14335E-008, 5.50212E-007, 3.31750E-006, 1.01504E-005, 1.40569E-009, 1.92572E-007, 1.30377E-006, 4.02857E-006, 1.05529E-005, 3.32102E-007, 2.22020E-006, 5.28695E-006, 6.90767E-006, 6.78597E-006, 4.01871E-006, 7.36738E-006, 1.51951E-006, 8.54723E-016
 5.10049E+001, 2.51528E+001, 2.59523E+001, 5.12150E+001, 2.67076E+001, 2.50270E+001, 2.52790E+001, 2.53388E+001, 1.79955E-002, 2.06659E-001, 1.42361E+002, 2.15655E-001, 4.17132E+001, 2.56550E+001, 1.40740E-001, 2.69962E+001, 2.50241E+001, 2.30000E-001, 2.58580E+001, 2.50107E+001, 2.96512E-009, 4.98393E-008, 7.56905E-007, 3.33213E-006, 1.02775E-005, 1.95116E-009, 2.02664E-007, 1.54674E-006, 4.31636E-006, 1.06449E-005, 2.87513E-007, 2.57552E-006, 6.03454E-006, 7.13278E-006, 7.00961E-006, 4.13565E-006, 7.48779E-006, 1.60068E-006, 3.37459E-015
 5.20014E+001, 2.51580E+001, 2.59720E+001, 5.08556E+001, 2.67765E+001, 2.50266E+001, 2.53771E+001, 2.53015E+001, 1.79955E-002, 2.06620E-001, 1.43599E+002, 2.15875E-001, 4.20868E+001, 2.56686E+001, 1.39227E-001, 2.69990E+001, 2.50244E+001, 2.30000E-001, 2.58987E+001, 2.50101E+001, 3.92252E-009, 7.79452E-008, 9.73265E-007, 3.16448E-006, 1.01536E-005, 2.61950E-009, 2.15400E-007, 1.93916E-006, 4.51655E-006, 1.07180E-005, 2.53256E-007, 2.96807E-006, 6.30741E-006, 7.30955E-006, 7.21939E-006, 4.25174E-006, 7.60726E-006, 1.68706E-006, 1.27637E-014
 5.30032E+001, 2.51638E+001, 2.59309E+001, 5.07057E+001, 2.67132E+001, 2.50261E+001, 2.55460E+001, 2.53021E+001, 1.79953E-002, 2.06554E-001, 1.44774E+002, 2.16188E-001, 4.23394E+001, 2.56806E+001, 1.38490E-001, 2.69668E+001, 2.50246E+001, 2.30000E-001, 2.59084E+001, 2.50097E+001, 5.07297E-009, 1.13803E-007, 1.11165E-006, 3.01926E-006, 1.01354E-005, 3.42964E-009, 2.28768E-007, 2.35487E-006, 4.68240E-006, 1.07573E-005, 2.36980E-007, 3.43695E-006, 6.24337E-006, 7.46866E-006, 7.40682E-006, 4.36733E-006, 7.72399E-006, 1.77929E-006, 4.43453E-014
 5.40050E+001, 2.51694E+001, 2.58911E+001, 5.07701E+001, 2.66303E+001, 2.50258E+001, 2.57163E+001, 2.53443E+001, 1.79953E-002, 2.06464E-001, 1.45868E+002, 2.16180E-001, 4.24522E+001, 2.56907E+001, 1.39530E-001, 2.69758E+001, 2.50248E+001, 2.30000E-001, 2.58982E+001, 2.50094E+001, 6.33120E-009, 1.50966E-007, 1.14229E-006, 3.15331E-006, 1.02336E-005, 4.40677E-009, 2.47349E-007, 2.83964E-006, 4.87072E-006, 1.10754E-005, 2.27055E-007, 3.94604E-006, 5.99958E-006, 7.60814E-006, 7.58191E-006, 4.48295E-006, 7.83688E-006, 1.87689E-006, 1.36281E-013
 5.50015E+001, 2.51745E+001, 2.58997E+001, 5.08061E+001, 2.66960E+001, 2.50254E+001, 2.57597E+001, 2.53889E+001, 1.79953E-002, 2.06363E-001, 1.46847E+002, 2.15918E-001, 4.22225E+001, 2.56985E+001, 1.41635E-001, 2.70394E+001, 2.50250E+001, 2.30000E-001, 2.58648E+001, 2.50092E+001, 7.67732E-009, 1.82726E-007, 1.13649E-006, 3.38945E-006, 1.04111E-005, 5.59351E-009, 2.83050E-007, 3.33408E-006, 5.06521E-006, 1.12018E-005, 2.15666E-007, 4.35004E-006, 5.66056E-006, 7.75150E-006, 7.72864E-006, 4.59831E-006, 7.94581E-006, 1.97871E-006, 3.65345E-013
 5.60033E+001, 2.51788E+001, 2.59327E+001, 5.07795E+001, 2.67569E+001, 2.50248E+001, 2.56793E+001, 2.54311E+001, 1.79952E-002, 2.06270E-001, 1.47718E+002, 2.15543E-001, 4.20003E+001, 2.57043E+001, 1.42512E-001, 2.70439E+001, 2.50252E+001, 2.30000E-001, 2.58187E+001, 2.50089E+001, 9.16906E-009, 2.07971E-007, 1.15154E-006, 3.58653E-006, 1.05657E-005, 7.08150E-009, 3.48679E-007, 3.71777E-006, 5.25097E-006, 1.13328E-005, 2.30324E-007, 4.62626E-006, 5.33920E-006, 7.88143E-006, 7.82384E-006, 4.71409E-006, 8.05262E-006, 2.08459E-006, 8.66503E-013
 5.70051E+001, 2.51823E+001, 2.59494E+001, 5.06294E+001, 2.67927E+001, 2.50240E+001, 2.55266E+001, 2.54706E+001, 1.79951E-002, 2.06191E-001, 1.48495E+002, 2.15299E-001, 4.17774E+001, 2.57084E+001, 1.43455E-001, 2.70726E+001, 2.50254E+001, 2.30000E-001, 2.57947E+001, 2.50087E+001, 1.09349E-008, 2.28850E-007, 1.20163E-006, 3.73649E-006, 1.06838E-005, 9.01602E-009, 4.52418E-007, 3.99554E-006, 5.44752E-006, 1.14471E-005, 2.94858E-007, 4.75782E-006, 5.16044E-006, 7.99213E-006, 7.90150E-006, 4.83064E-006, 8.15816E-006, 2.19343E-006, 1.84657E-012
 5.80016E+001, 2.51854E+001, 2.59400E+001, 5.09588E+001, 2.67952E+001, 2.50230E+001, 2.53683E+001, 2.54996E+001, 1.79951E-002, 2.06122E-001, 1.49204E+002, 2.15221E-001, 4.15667E+001, 2.57109E+001, 1.43646E-001, 2.70884E+001, 2.50257E+001, 2.30000E-001, 2.58159E+001, 2.50086E+001, 1.31299E-008, 2.48138E-007, 1.27200E-006, 3.88904E-006, 1.08704E-005, 1.16056E-008, 6.03951E-007, 4.20134E-006, 5.64808E-006, 1.15164E-005, 4.04484E-007, 4.61318E-006, 5.20572E-006, 8.09972E-006, 7.99627E-006, 4.94703E-006, 8.26269E-006, 2.30261E-006, 3.56749E-012
 5.90034E+001, 2.51882E+001, 2.59159E+001, 5.16845E+001, 2.67492E+001, 2.50219E+001, 2.52513E+001, 2.55171E+001, 1.79949E-002, 2.06066E-001, 1.49849E+002, 2.15289E-001, 4.13704E+001, 2.57118E+001, 1.42852E-001, 2.70761E+001, 2.50259E+001, 2.30000E-001, 2.58716E+001, 2.50086E+001, 1.58604E-008, 2.68000E-007, 1.34010E-006, 4.04477E-006, 1.11840E-005, 1.52262E-008, 8.19314E-007, 4.36885E-006, 5.85270E-006, 1.15667E-005, 5.31227E-007, 4.10033E-006, 5.43977E-006, 8.21835E-006, 8.11633E-006, 5.06319E-006, 8.36659E-006, 2.41126E-006, 6.39142E-012
 6.00052E+001, 2.51910E+001, 2.58906E+001, 5.23486E+001, 2.67352E+001, 2.50209E+001, 2.51940E+001, 2.55415E+001, 1.79950E-002, 2.06022E-001, 1.50498E+002, 2.15727E-001, 4.12624E+001, 2.57118E+001, 1.41857E-001, 2.70684E+001, 2.50263E+001, 2.30000E-001, 2.59367E+001, 2.50087E+001, 1.92507E-008, 2.90070E-007, 1.40042E-006, 4.19190E-006, 1.14013E-005, 2.05714E-008, 1.09347E-006, 4.52377E-006, 6.06140E-006, 1.16708E-005, 6.25605E-007, 3.53895E-006, 5.83948E-006, 8.36810E-006, 8.26170E-006, 5.17927E-006, 8.46883E-006, 2.52003E-006, 1.16189E-011
 6.10016E+001, 2.51943E+001, 2.58741E+001, 5.21852E+001, 2.68900E+001, 2.50202E+001, 2.52148E+001, 2.55633E+001, 1.79951E-002, 2.05987E-001, 1.51146E+002, 2.16236E-001, 4.11188E+001, 2.57110E+001, 1.41305E-001, 2.70909E+001, 2.50266E+001, 1.67569E-001, 2.60095E+001, 2.50087E+001, 2.34466E-008, 3.15378E-007, 1.48232E-006, 4.36297E-006, 1.11887E-005, 2.87520E-008, 1.37916E-006, 4.67441E-006, 6.24851E-006, 1.16664E-005, 6.50445E-007, 3.26105E-006, 6.41059E-006, 8.54295E-006, 8.43330E-006, 5.29472E-006, 8.56777E-006, 2.62948E-006, 3.31437E-011
 6.20035E+001, 2.51982E+001, 2.58679E+001, 5.08599E+001, 2.71393E+001, 2.50199E+001, 2.53210E+001, 2.55417E+001, 1.79953E-002, 2.05959E-001, 1.51807E+002, 2.16477E-001, 4.04995E+001, 2.57102E+001, 1.41558E-001, 2.71468E+001, 2.50270E+001, 1.08818E-001, 2.60886E+001, 2.50088E+001, 2.87338E-008, 3.44786E-007, 1.64588E-006, 4.58836E-006, 1.07026E-005, 4.10777E-008, 1.62211E-006, 4.81620E-006, 6.40233E-006, 1.15958E-005, 6.12445E-007, 3.39619E-006, 7.07168E-006, 8.73549E-006, 8.62484E-006, 5.40996E-006, 8.66333E-006, 2.74078E-006, 1.28185E-010
 6.30053E+001, 2.52030E+001, 2.58700E+001, 4.92190E+001, 2.71170E+001, 2.50198E+001, 2.53887E+001, 2.55420E+001, 1.79953E-002, 2.05937E-001, 1.52470E+002, 2.16535E-001, 3.99533E+001, 2.57098E+001, 1.40883E-001, 2.71256E+001, 2.50274E+001, 1.07413E-001, 2.61523E+001, 2.50087E+001, 3.53649E-008, 3.79529E-007, 1.89706E-006, 4.85224E-006, 1.04161E-005, 5.81693E-008, 1.79363E-006, 4.94502E-006, 6.52803E-006, 1.13197E-005, 5.66177E-007, 3.94920E-006, 7.49141E-006, 8.92294E-006, 8.83587E-006, 5.52532E-006, 8.75662E-006, 2.85396E-006, 3.62606E-010
 6.40017E+001, 2.52086E+001, 2.58799E+001, 4.76564E+001, 2.68465E+001, 2.50197E+001, 2.53402E+001, 2.55757E+001, 1.79954E-002, 2.05922E-001, 1.53209E+002, 2.16458E-001, 3.94164E+001, 2.57100E+001, 1.39111E-001, 2.70314E+001, 2.50278E+001, 1.00492E-001, 2.61370E+001, 2.50088E+001, 4.35590E-008, 4.22185E-007, 2.18851E-006, 5.11963E-006, 1.02457E-005, 7.93875E-008, 1.89484E-006, 5.06697E-006, 6.65895E-006, 1.11639E-005, 6.57448E-007, 4.61399E-006, 7.48190E-006, 9.06652E-006, 9.04414E-006, 5.64015E-006, 8.84900E-006, 2.96820E-006, 7.30992E-010
 6.50035E+001, 2.52150E+001, 2.58957E+001, 4.66040E+001, 2.66218E+001, 2.50198E+001, 2.52950E+001, 2.56321E+001, 1.79954E-002, 2.05912E-001, 1.53990E+002, 2.16286E-001, 3.88227E+001, 2.57104E+001, 1.38319E-001, 2.69788E+001, 2.50282E+001, 9.26204E-002, 2.60876E+001, 2.50088E+001, 5.36877E-008, 4.78082E-007, 2.47918E-006, 5.36165E-006, 1.01539E-005, 1.03792E-007, 1.94588E-006, 5.19700E-006, 6.82119E-006, 1.12126E-005, 8.63990E-007, 5.20737E-006, 7.27857E-006, 9.16913E-006, 9.16926E-006, 5.75464E-006, 8.94269E-006, 3.08334E-006, 1.19500E-009
 6.60053E+001, 2.52218E+001, 2.59166E+001, 4.58920E+001, 2.64726E+001, 2.50198E+001, 2.53382E+001, 2.57344E+001, 1.79954E-002, 2.05906E-001, 1.54717E+002, 2.16282E-001, 3.84807E+001, 2.57111E+001, 1.37324E-001, 2.69258E+001, 2.50285E+001, 8.96416E-002, 2.60723E+001, 2.50089E+001, 6.62003E-008, 5.53454E-007, 2.76116E-006, 5.58071E-006, 1.01319E-005, 1.30956E-007, 1.96974E-006, 5.34249E-006, 6.99653E-006, 1.11084E-005, 7.77877E-007, 5.61078E-006, 7.17105E-006, 9.21912E-006, 9.20865E-006, 5.86900E-006, 9.03623E-006, 3.19899E-006, 1.73834E-009
 6.70018E+001, 2.52287E+001, 2.59399E+001, 4.53850E+001, 2.63781E+001, 2.50197E+001, 2.53800E+001, 2.57715E+001, 1.79953E-002, 2.05898E-001, 1.55386E+002, 2.16155E-001, 3.83847E+001, 2.57129E+001, 1.35977E-001, 2.68589E+001, 2.50289E+001, 8.94557E-002, 2.60816E+001, 2.50089E+001, 8.15188E-008, 6.51597E-007, 3.03396E-006, 5.78509E-006, 1.02250E-005, 1.61147E-007, 1.98624E-006, 5.50281E-006, 7.17574E-006, 1.09846E-005, 5.35901E-007, 5.69951E-006, 7.20060E-006, 9.24830E-006, 9.23389E-006, 5.98267E-006, 9.13015E-006, 3.31434E-006, 2.35867E-009
 6.80036E+001, 2.52355E+001, 2.59653E+001, 4.49628E+001, 2.63508E+001, 2.50196E+001, 2.54742E+001, 2.57375E+001, 1.79953E-002, 2.05886E-001, 1.56055E+002, 2.16009E-001, 3.80488E+001, 2.57160E+001, 1.35187E-001, 2.68426E+001, 2.50292E+001, 8.97039E-002, 2.60780E+001, 2.50088E+001, 1.00399E-007, 7.73202E-007, 3.30506E-006, 5.98024E-006, 1.02626E-005, 1.95437E-007, 2.00853E-006, 5.68611E-006, 7.37981E-006, 1.10114E-005, 4.03619E-007, 5.77250E-006, 7.25964E-006, 9.27980E-006, 9.28792E-006, 6.09610E-006, 9.22720E-006, 3.43034E-006, 3.05991E-009
 6.90001E+001, 2.52421E+001, 2.59973E+001, 4.44757E+001, 2.65201E+001, 2.50194E+001, 2.55198E+001, 2.57072E+001, 1.79953E-002, 2.05866E-001, 1.56733E+002, 2.15737E-001, 3.76245E+001, 2.57201E+001, 1.37132E-001, 2.69783E+001, 2.50295E+001, 9.31256E-002, 2.60550E+001, 2.50087E+001, 1.23866E-007, 9.17076E-007, 3.58199E-006, 6.18333E-006, 1.03763E-005, 2.34340E-007, 2.03733E-006, 5.89570E-006, 7.61460E-006, 1.11001E-005, 3.57947E-007, 5.82290E-006, 7.30450E-006, 9.30143E-006, 9.37230E-006, 6.20952E-006, 9.32700E-006, 3.54763E-006, 3.83808E-009
 7.00019E+001, 2.52482E+001, 2.60343E+001, 4.41904E+001, 2.66914E+001, 2.50191E+001, 2.54556E+001, 2.56848E+001, 1.79953E-002, 2.05842E-001, 1.57406E+002, 2.15123E-001, 3.72715E+001, 2.57244E+001, 1.37956E-001, 2.70488E+001, 2.50298E+001, 1.54398E-001, 2.60124E+001, 2.50087E+001, 1.53003E-007, 1.07959E-006, 3.85644E-006, 6.39797E-006, 1.05898E-005, 2.77370E-007, 2.06471E-006, 6.11600E-006, 7.79047E-006, 1.08768E-005, 3.69436E-007, 5.67382E-006, 7.34289E-006, 9.38706E-006, 9.49155E-006, 6.32311E-006, 9.42854E-006, 3.66605E-006, 4.68584E-009
 7.10037E+001, 2.52535E+001, 2.60656E+001, 4.40827E+001, 2.64542E+001, 2.50188E+001, 2.53145E+001, 2.57275E+001, 1.79953E-002, 2.05817E-001, 1.58086E+002, 2.14357E-001, 3.69296E+001, 2.57288E+001, 1.36228E-001, 2.69072E+001, 2.50301E+001, 2.30000E-001, 2.59665E+001, 2.50088E+001, 1.88649E-007, 1.25417E-006, 4.10685E-006, 6.60146E-006, 1.08260E-005, 3.23499E-007, 2.08341E-006, 6.32242E-006, 7.89604E-006, 1.10610E-005, 4.39006E-007, 6.17637E-006, 7.39953E-006, 9.55629E-006, 9.62721E-006, 6.43698E-006, 9.53142E-006, 3.78499E-006, 5.60519E-009
 7.20002E+001, 2.52578E+001, 2.60737E+001, 4.42548E+001, 2.64477E+001, 2.50186E+001, 2.52071E+001, 2.57431E+001, 1.79953E-002, 2.05797E-001, 1.58775E+002, 2.14557E-001, 3.69827E+001, 2.57334E+001, 1.36863E-001, 2.69074E+001, 2.50304E+001, 2.30000E-001, 2.59039E+001, 2.50090E+001, 2.30797E-007, 1.43089E-006, 4.31268E-006, 6.74295E-006, 1.08751E-005, 3.71456E-007, 2.09506E-006, 6.49581E-006, 8.03993E-006, 1.11971E-005, 4.99623E-007, 6.67975E-006, 7.56142E-006, 9.67009E-006, 9.74043E-006, 6.55022E-006, 9.63335E-006, 3.90267E-006, 6.61560E-009
 7.30020E+001, 2.52611E+001, 2.60639E+001, 4.40026E+001, 2.65013E+001, 2.50184E+001, 2.51744E+001, 2.55056E+001, 1.79953E-002, 2.05778E-001, 1.59456E+002, 2.15221E-001, 3.70766E+001, 2.57379E+001, 1.38536E-001, 2.69763E+001, 2.50307E+001, 2.30000E-001, 2.58265E+001, 2.50091E+001, 2.79096E-007, 1.60498E-006, 4.48623E-006, 6.84320E-006, 1.08390E-005, 4.21344E-007, 2.11650E-006, 6.63684E-006, 8.20869E-006, 1.12148E-005, 5.03803E-007, 6.28822E-006, 7.94642E-006, 9.83282E-006, 9.83181E-006, 6.66291E-006, 9.73283E-006, 4.01822E-006, 8.17558E-009
 7.40038E+001, 2.52634E+001, 2.60539E+001, 4.36417E+001, 2.64995E+001, 2.50182E+001, 2.51932E+001, 2.55398E+001, 1.79951E-002, 2.05753E-001, 1.60114E+002, 2.15572E-001, 3.69844E+001, 2.57423E+001, 1.38413E-001, 2.69583E+001, 2.50310E+001, 2.30000E-001, 2.58188E+001, 2.50092E+001, 3.33250E-007, 1.77741E-006, 4.65584E-006, 6.96405E-006, 1.08775E-005, 4.74734E-007, 2.17356E-006, 6.77194E-006, 8.34767E-006, 1.13229E-005, 4.50387E-007, 5.85851E-006, 8.53189E-006, 9.87245E-006, 9.89552E-006, 6.77532E-006, 9.83117E-006, 4.13184E-006, 1.12223E-008
 7.50002E+001, 2.52649E+001, 2.60513E+001, 4.42039E+001, 2.64681E+001, 2.50182E+001, 2.52845E+001, 2.53787E+001, 1.79954E-002, 2.05714E-001, 1.60759E+002, 2.15705E-001, 3.71781E+001, 2.57464E+001, 1.37662E-001, 2.69168E+001, 2.50313E+001, 2.30000E-001, 2.58640E+001, 2.50092E+001, 3.92864E-007, 1.95079E-006, 4.83554E-006, 7.11847E-006, 1.10552E-005, 5.33748E-007, 2.28531E-006, 6.93470E-006, 8.48581E-006, 1.14808E-005, 3.74399E-007, 6.15724E-006, 9.27963E-006, 9.89616E-006, 9.92477E-006, 6.88679E-006, 9.92942E-006, 4.24399E-006, 1.50402E-008
 7.60021E+001, 2.52659E+001, 2.60541E+001, 4.44705E+001, 2.64102E+001, 2.50183E+001, 2.55164E+001, 2.53997E+001, 1.79953E-002, 2.05663E-001, 1.61412E+002, 2.15531E-001, 3.73233E+001, 2.57504E+001, 1.36740E-001, 2.68790E+001, 2.50316E+001, 2.30000E-001, 2.59460E+001, 2.50091E+001, 4.58100E-007, 2.12915E-006, 5.02584E-006, 7.28998E-006, 1.12532E-005, 6.00810E-007, 2.45248E-006, 7.12777E-006, 8.64508E-006, 1.16173E-005, 2.95347E-007, 6.75295E-006, 9.66511E-006, 9.94594E-006, 9.95347E-006, 6.99768E-006, 1.00292E-005, 4.35520E-006, 1.86826E-008
 7.70039E+001, 2.52666E+001, 2.60594E+001, 4.43451E+001, 2.63335E+001, 2.50185E+001, 2.55986E+001, 2.54104E+001, 1.79950E-002, 2.05607E-001, 1.62086E+002, 2.15269E-001, 3.72973E+001, 2.57543E+001, 1.36157E-001, 2.68667E+001, 2.50320E+001, 2.30000E-001, 2.59893E+001, 2.50091E+001, 5.29632E-007, 2.31438E-006, 5.22048E-006, 7.46538E-006, 1.14696E-005, 6.77107E-007, 2.65880E-006, 7.32430E-006, 8.80916E-006, 1.17633E-005, 2.32056E-007, 7.40674E-006, 9.93506E-006, 1.00181E-005, 1.00015E-005, 7.10864E-006, 1.01314E-005, 4.46630E-006, 2.19131E-008
 7.80003E+001, 2.52674E+001, 2.60663E+001, 4.46965E+001, 2.62561E+001, 2.50186E+001, 2.57642E+001, 2.55009E+001, 1.79953E-002, 2.05556E-001, 1.62787E+002, 2.14861E-001, 3.71085E+001, 2.57580E+001, 1.36803E-001, 2.69098E+001, 2.50323E+001, 1.28041E-001, 2.60317E+001, 2.50091E+001, 6.08186E-007, 2.50357E-006, 5.41076E-006, 7.64094E-006, 1.17258E-005, 7.61748E-007, 2.88076E-006, 7.50137E-006, 8.95278E-006, 1.19408E-005, 2.67304E-007, 8.56366E-006, 1.00095E-005, 1.00765E-005, 1.00600E-005, 7.21953E-006, 1.02359E-005, 4.57765E-006, 2.47726E-008
 7.90021E+001, 2.52686E+001, 2.60750E+001, 4.54132E+001, 2.62100E+001, 2.50184E+001, 2.58784E+001, 2.56165E+001, 1.79954E-002, 2.05517E-001, 1.63494E+002, 2.14681E-001, 3.72004E+001, 2.57618E+001, 1.38473E-001, 2.70128E+001, 2.50327E+001, 6.66748E-002, 2.62106E+001, 2.50091E+001, 6.95249E-007, 2.69304E-006, 5.59560E-006, 7.81243E-006, 1.20269E-005, 8.53858E-007, 3.09858E-006, 7.65787E-006, 9.05570E-006, 1.21557E-005, 3.55994E-007, 9.09222E-006, 1.00684E-005, 1.00790E-005, 1.01286E-005, 7.33061E-006, 1.03426E-005, 4.68952E-006, 2.73674E-008
 8.00040E+001, 2.52702E+001, 2.60832E+001, 4.51696E+001, 2.62921E+001, 2.50180E+001, 2.59759E+001, 2.56079E+001, 1.79951E-002, 2.05487E-001, 1.64221E+002, 2.14850E-001, 3.72230E+001, 2.57658E+001, 1.38864E-001, 2.70730E+001, 2.50330E+001, 6.78430E-002, 2.62927E+001, 2.50092E+001, 7.91949E-007, 2.88006E-006, 5.77699E-006, 7.96634E-006, 1.22247E-005, 9.52670E-007, 3.29584E-006, 7.80728E-006, 9.13434E-006, 1.22654E-005, 3.64887E-007, 8.99662E-006, 1.00763E-005, 1.00990E-005, 1.01397E-005, 7.44166E-006, 1.04505E-005, 4.80122E-006, 2.97735E-008
 8.10004E+001, 2.52723E+001, 2.60878E+001, 4.45375E+001, 2.62637E+001, 2.50175E+001, 2.59284E+001, 2.55423E+001, 1.79951E-002, 2.05465E-001, 1.64949E+002, 2.14815E-001, 3.70228E+001, 2.57696E+001, 1.38322E-001, 2.70510E+001, 2.50334E+001, 7.41097E-002, 2.62245E+001, 2.50092E+001, 8.98220E-007, 3.06125E-006, 5.94931E-006, 8.10624E-006, 1.22505E-005, 1.05658E-006, 3.46015E-006, 7.96654E-006, 9.23527E-006, 1.24331E-005, 3.52431E-007, 7.55877E-006, 1.00274E-005, 1.02023E-005, 1.01549E-005, 7.55186E-006, 1.05578E-005, 4.91243E-006, 3.20307E-008
 8.20022E+001, 2.52748E+001, 2.60870E+001, 4.53261E+001, 2.62539E+001, 2.50170E+001, 2.56671E+001, 2.56173E+001, 1.79955E-002, 2.05443E-001, 1.65643E+002, 2.15039E-001, 3.74592E+001, 2.57732E+001, 1.38163E-001, 2.70386E+001, 2.50337E+001, 8.21348E-002, 2.60662E+001, 2.50092E+001, 1.01368E-006, 3.23454E-006, 6.10639E-006, 8.23626E-006, 1.24429E-005, 1.16494E-006, 3.59152E-006, 8.13703E-006, 9.36828E-006, 1.27309E-005, 4.03634E-007, 5.80330E-006, 9.93323E-006, 1.03430E-005, 1.02294E-005, 7.66183E-006, 1.06637E-005, 5.02579E-006, 3.42009E-008
 8.30040E+001, 2.52774E+001, 2.60795E+001, 4.36805E+001, 2.65954E+001, 2.50165E+001, 2.53522E+001, 2.57609E+001, 1.79952E-002, 2.05417E-001, 1.66311E+002, 2.15040E-001, 3.68122E+001, 2.57771E+001, 1.38095E-001, 2.71041E+001, 2.50340E+001, 9.43252E-002, 2.60795E+001, 2.50092E+001, 1.13688E-006, 3.40039E-006, 6.24653E-006, 8.35406E-006, 1.22831E-005, 1.27763E-006, 3.70114E-006, 8.30131E-006, 9.49312E-006, 1.25186E-005, 4.94254E-007, 4.73530E-006, 9.80243E-006, 1.04249E-005, 1.03126E-005, 7.77225E-006, 1.07697E-005, 5.14198E-006, 3.63470E-008
 8.40005E+001, 2.52802E+001, 2.60690E+001, 4.43330E+001, 2.64472E+001, 2.50161E+001, 2.51596E+001, 2.58571E+001, 1.79951E-002, 2.05385E-001, 1.66967E+002, 2.15118E-001, 3.71281E+001, 2.57806E+001, 1.38026E-001, 2.71200E+001, 2.50343E+001, 1.01045E-001, 2.62458E+001, 2.50093E+001, 1.26565E-006, 3.56096E-006, 6.38105E-006, 8.45855E-006, 1.25690E-005, 1.39383E-006, 3.80509E-006, 8.44807E-006, 9.60117E-006, 1.29449E-005, 5.64604E-007, 3.68627E-006, 1.00729E-005, 1.05010E-005, 1.05391E-005, 7.88280E-006, 1.08762E-005, 5.25787E-006, 3.85525E-008
 8.50023E+001, 2.52828E+001, 2.60638E+001, 4.46094E+001, 2.67282E+001, 2.50158E+001, 2.50931E+001, 2.58323E+001, 1.79954E-002, 2.05344E-001, 1.67576E+002, 2.15066E-001, 3.76536E+001, 2.57840E+001, 1.36689E-001, 2.71449E+001, 2.50347E+001, 9.97441E-002, 2.63165E+001, 2.50094E+001, 1.39848E-006, 3.71756E-006, 6.52328E-006, 8.56933E-006, 1.26839E-005, 1.51341E-006, 3.91856E-006, 8.58196E-006, 9.69496E-006, 1.24693E-005, 5.80157E-007, 3.14435E-006, 1.04564E-005, 1.05916E-005, 1.07010E-005, 7.99374E-006, 1.09838E-005, 5.37157E-006, 4.10012E-008
 8.60041E+001, 2.52851E+001, 2.60598E+001, 4.44605E+001, 2.63266E+001, 2.50156E+001, 2.50811E+001, 2.56910E+001, 1.79953E-002, 2.05298E-001, 1.68172E+002, 2.15314E-001, 3.71690E+001, 2.57877E+001, 1.34556E-001, 2.70673E+001, 2.50350E+001, 9.54257E-002, 2.63164E+001, 2.50095E+001, 1.53289E-006, 3.87367E-006, 6.67280E-006, 8.68250E-006, 1.27458E-005, 1.63528E-006, 4.04780E-006, 8.71491E-006, 9.79286E-006, 1.30165E-005, 5.48868E-007, 3.23188E-006, 1.05791E-005, 1.07063E-005, 1.07692E-005, 8.10495E-006, 1.10929E-005, 5.48271E-006, 4.38263E-008
 8.70006E+001, 2.52871E+001, 2.60543E+001, 4.37655E+001, 2.64214E+001, 2.50156E+001, 2.51237E+001, 2.56619E+001, 1.79950E-002, 2.05252E-001, 1.68787E+002, 2.15374E-001, 3.68814E+001, 2.57912E+001, 1.35863E-001, 2.72066E+001, 2.50354E+001, 8.94177E-002, 2.61867E+001, 2.50097E+001, 1.66859E-006, 4.03261E-006, 6.82093E-006, 8.80574E-006, 1.27562E-005, 1.75547E-006, 4.19147E-006, 8.84398E-006, 9.89834E-006, 1.31610E-005, 4.87044E-007, 3.79286E-006, 1.06860E-005, 1.08335E-005, 1.08137E-005, 8.21555E-006, 1.12021E-005, 5.59296E-006, 4.69054E-008
 8.80024E+001, 2.52887E+001, 2.60523E+001, 4.46227E+001, 2.64977E+001, 2.50155E+001, 2.52496E+001, 2.57818E+001, 1.79955E-002, 2.05214E-001, 1.69371E+002, 2.15587E-001, 3.76642E+001, 2.57946E+001, 1.32567E-001, 2.71001E+001, 2.50358E+001, 9.34933E-002, 2.60401E+001, 2.50097E+001, 1.80850E-006, 4.19703E-006, 6.97686E-006, 8.94736E-006, 1.28775E-005, 1.86980E-006, 4.34561E-006, 8.96205E-006, 9.94270E-006, 1.30363E-005, 3.97778E-007, 4.28154E-006, 1.07349E-005, 1.08994E-005, 1.08337E-005, 8.32578E-006, 1.13116E-005, 5.70356E-006, 5.00349E-008
 8.90042E+001, 2.52900E+001, 2.60507E+001, 4.47955E+001, 2.63382E+001, 2.50155E+001, 2.52525E+001, 2.58906E+001, 1.79952E-002, 2.05183E-001, 1.69969E+002, 2.15537E-001, 3.73649E+001, 2.57984E+001, 1.33982E-001, 2.71384E+001, 2.50362E+001, 2.30000E-001, 2.59926E+001, 2.50098E+001, 1.95572E-006, 4.37374E-006, 7.14104E-006, 9.09408E-006, 1.30397E-005, 1.97670E-006, 4.49982E-006, 9.07584E-006, 1.00036E-005, 1.33814E-005, 3.02959E-007, 4.44169E-006, 1.05188E-005, 1.09178E-005, 1.08617E-005, 8.43612E-006, 1.14215E-005, 5.81422E-006, 5.31291E-008
 9.00007E+001, 2.52916E+001, 2.60546E+001, 4.43949E+001, 2.64391E+001, 2.50154E+001, 2.51747E+001, 2.58269E+001, 1.79950E-002, 2.05156E-001, 1.70645E+002, 2.15148E-001, 3.73079E+001, 2.58020E+001, 1.33621E-001, 2.71420E+001, 2.50366E+001, 1.18713E-001, 2.60506E+001, 2.50098E+001, 2.11448E-006, 4.56444E-006, 7.30800E-006, 9.24350E-006, 1.33339E-005, 2.07700E-006, 4.63815E-006, 9.19716E-006, 1.00802E-005, 1.33353E-005, 2.40280E-007, 4.53314E-006, 1.03284E-005, 1.09566E-005, 1.09051E-005, 8.54627E-006, 1.15324E-005, 5.92467E-006, 5.61461E-008
 9.10025E+001, 2.52935E+001, 2.60680E+001, 4.39665E+001, 2.64196E+001, 2.50154E+001, 2.51247E+001, 2.56849E+001, 1.79955E-002, 2.05130E-001, 1.71367E+002, 2.14574E-001, 3.71849E+001, 2.58051E+001, 1.34626E-001, 2.71825E+001, 2.50370E+001, 8.90141E-002, 2.61596E+001, 2.50098E+001, 2.28767E-006, 4.76250E-006, 7.47979E-006, 9.39498E-006, 1.32892E-005, 2.17260E-006, 4.74997E-006, 9.32068E-006, 1.01620E-005, 1.36276E-005, 2.27970E-007, 4.65322E-006, 1.01995E-005, 1.10317E-005, 1.10106E-005, 8.65653E-006, 1.16449E-005, 6.03551E-006, 5.91203E-008
 9.20043E+001, 2.52955E+001, 2.60775E+001, 4.34957E+001, 2.65427E+001, 2.50153E+001, 2.51119E+001, 2.56522E+001, 1.79955E-002, 2.05109E-001, 1.72068E+002, 2.14293E-001, 3.68840E+001, 2.58087E+001, 1.32702E-001, 2.70952E+001, 2.50374E+001, 1.40786E-001, 2.60386E+001, 2.50097E+001, 2.47116E-006, 4.95888E-006, 7.62901E-006, 9.51868E-006, 1.34234E-005, 2.26315E-006, 4.83553E-006, 9.42033E-006, 1.02171E-005, 1.35215E-005, 2.54304E-007, 4.82993E-006, 1.00834E-005, 1.13204E-005, 1.12083E-005, 8.76664E-006, 1.17581E-005, 6.14590E-006, 6.21501E-008
 9.30007E+001, 2.52978E+001, 2.60772E+001, 4.36136E+001, 2.64433E+001, 2.50154E+001, 2.51514E+001, 2.55194E+001, 1.79946E-002, 2.05094E-001, 1.72813E+002, 2.14360E-001, 3.75232E+001, 2.58123E+001, 1.33869E-001, 2.71385E+001, 2.50377E+001, 1.77738E-001, 2.60055E+001, 2.50098E+001, 2.65854E-006, 5.14072E-006, 7.73239E-006, 9.59739E-006, 1.36634E-005, 2.34626E-006, 4.91186E-006, 9.49047E-006, 1.02832E-005, 1.36605E-005, 2.77934E-007, 5.04992E-006, 1.01913E-005, 1.15028E-005, 1.12830E-005, 8.87543E-006, 1.18702E-005, 6.25357E-006, 6.53187E-008
 9.40026E+001, 2.53002E+001, 2.60807E+001, 4.41864E+001, 2.64255E+001, 2.50155E+001, 2.52768E+001, 2.54616E+001, 1.79952E-002, 2.05078E-001, 1.73639E+002, 2.13933E-001, 3.83391E+001, 2.58155E+001, 1.32871E-001, 2.70924E+001, 2.50381E+001, 8.98966E-002, 2.61565E+001, 2.50099E+001, 2.84423E-006, 5.30006E-006, 7.81296E-006, 9.67622E-006, 1.41052E-005, 2.42282E-006, 5.01445E-006, 9.55806E-006, 1.03713E-005, 1.37638E-005, 2.50459E-007, 5.26149E-006, 1.08599E-005, 1.15739E-005, 1.14411E-005, 8.98325E-006, 1.19813E-005, 6.35870E-006, 6.86251E-008
 9.50044E+001, 2.53024E+001, 2.60959E+001, 4.43305E+001, 2.64769E+001, 2.50157E+001, 2.53180E+001, 2.54126E+001, 1.79970E-002, 2.05059E-001, 1.74471E+002, 2.13590E-001, 3.81711E+001, 2.58188E+001, 1.34024E-001, 2.71585E+001, 2.50384E+001, 9.12081E-002, 2.62657E+001, 2.50100E+001, 3.02160E-006, 5.44243E-006, 7.89494E-006, 9.77815E-006, 1.42881E-005, 2.50146E-006, 5.16749E-006, 9.64861E-006, 1.04766E-005, 1.39529E-005, 1.94525E-007, 5.42831E-006, 1.12622E-005, 1.16511E-005, 1.15869E-005, 9.09133E-006, 1.20922E-005, 6.46375E-006, 7.21408E-008
 9.60010E+001, 2.53046E+001, 2.61152E+001, 4.35353E+001, 2.65191E+001, 2.50159E+001, 2.53765E+001, 2.54745E+001, 1.79989E-002, 2.05037E-001, 1.75263E+002, 2.13452E-001, 3.76340E+001, 2.58221E+001, 1.32756E-001, 2.71064E+001, 2.50388E+001, 8.96894E-002, 2.62024E+001, 2.50100E+001, 3.18835E-006, 5.57477E-006, 7.98847E-006, 9.88971E-006, 1.40747E-005, 2.59633E-006, 5.35418E-006, 9.76840E-006, 1.05448E-005, 1.39169E-005, 1.77897E-007, 5.51340E-006, 1.08057E-005, 1.17759E-005, 1.17137E-005, 9.19949E-006, 1.22034E-005, 6.56964E-006, 7.61341E-008
 9.70033E+001, 2.53069E+001, 2.61358E+001, 4.33806E+001, 2.64352E+001, 2.50160E+001, 2.55425E+001, 2.55756E+001, 1.79917E-002, 2.05012E-001, 1.76024E+002, 2.12955E-001, 3.69325E+001, 2.58254E+001, 1.32034E-001, 2.70623E+001, 2.50391E+001, 1.00973E-001, 2.60515E+001, 2.50101E+001, 3.34745E-006, 5.70004E-006, 8.10245E-006, 1.00092E-005, 1.40189E-005, 2.71474E-006, 5.53575E-006, 9.91037E-006, 1.06173E-005, 1.42536E-005, 2.05493E-007, 5.44076E-006, 1.03449E-005, 1.18310E-005, 1.17806E-005, 9.30720E-006, 1.23139E-005, 6.67502E-006, 8.06542E-008
 9.80009E+001, 2.53095E+001, 2.61650E+001, 4.26801E+001, 2.66444E+001, 2.50161E+001, 2.54904E+001, 2.58265E+001, 1.79957E-002, 2.04986E-001, 1.76810E+002, 2.11707E-001, 3.62822E+001, 2.58286E+001, 1.34729E-001, 2.72346E+001, 2.50395E+001, 1.13535E-001, 2.60356E+001, 2.50101E+001, 3.49992E-006, 5.82399E-006, 8.22516E-006, 1.01449E-005, 1.39159E-005, 2.85122E-006, 5.68184E-006, 1.00525E-005, 1.07146E-005, 1.42953E-005, 2.14412E-007, 5.33916E-006, 1.02199E-005, 1.18667E-005, 1.18392E-005, 9.41487E-006, 1.24223E-005, 6.77959E-006, 8.55601E-008
 9.90038E+001, 2.53121E+001, 2.61828E+001, 4.21321E+001, 2.67371E+001, 2.50160E+001, 2.53189E+001, 2.57519E+001, 1.79954E-002, 2.04961E-001, 1.77635E+002, 2.11342E-001, 3.58143E+001, 2.58321E+001, 1.33275E-001, 2.71791E+001, 2.50399E+001, 9.29304E-002, 2.61301E+001, 2.50102E+001, 3.64851E-006, 5.95354E-006, 8.34971E-006, 1.02634E-005, 1.39001E-005, 2.99559E-006, 5.78840E-006, 1.01632E-005, 1.07873E-005, 1.41600E-005, 2.15230E-007, 5.26467E-006, 1.13551E-005, 1.19436E-005, 1.19233E-005, 9.52341E-006, 1.25311E-005, 6.88547E-006, 9.07448E-008
 1.00001E+002, 2.53150E+001, 2.61963E+001, 4.06634E+001, 2.67912E+001, 2.50158E+001, 2.51881E+001, 2.58325E+001, 1.79979E-002, 2.04938E-001, 1.78456E+002, 2.11144E-001, 3.49236E+001, 2.58356E+001, 1.32744E-001, 2.71707E+001, 2.50402E+001, 8.98050E-002, 2.62633E+001, 2.50103E+001, 3.79791E-006, 6.09047E-006, 8.46755E-006, 1.03710E-005, 1.39140E-005, 3.14059E-006, 5.87609E-006, 1.02346E-005, 1.08798E-005, 1.38456E-005, 2.72039E-007, 5.10907E-006, 1.20405E-005, 1.20404E-005, 1.20628E-005, 9.63268E-006, 1.26410E-005, 6.99378E-006, 9.60197E-008
 1.01003E+002, 2.53182E+001, 2.62037E+001, 4.21567E+001, 2.63633E+001, 2.50158E+001, 2.51369E+001, 2.59019E+001, 1.79910E-002, 2.04918E-001, 1.79321E+002, 2.10855E-001, 3.61779E+001, 2.58389E+001, 1.31536E-001, 2.70983E+001, 2.50406E+001, 8.81215E-002, 2.63107E+001, 2.50104E+001, 3.95180E-006, 6.23164E-006, 8.58174E-006, 1.04573E-005, 1.46177E-005, 3.28457E-006, 5.97490E-006, 1.02794E-005, 1.10055E-005, 1.40301E-005, 3.70005E-007, 4.79831E-006, 1.21151E-005, 1.22322E-005, 1.21624E-005, 9.74215E-006, 1.27506E-005, 7.10484E-006, 1.01176E-007
 1.02005E+002, 2.53215E+001, 2.62101E+001, 4.16671E+001, 2.63056E+001, 2.50159E+001, 2.51162E+001, 2.56953E+001, 1.79964E-002, 2.04897E-001, 1.80224E+002, 2.10339E-001, 3.61444E+001, 2.58422E+001, 1.32351E-001, 2.71566E+001, 2.50411E+001, 8.92479E-002, 2.62411E+001, 2.50106E+001, 4.10964E-006, 6.37640E-006, 8.69030E-006, 1.05482E-005, 1.48410E-005, 3.42947E-006, 6.10476E-006, 1.03090E-005, 1.11589E-005, 1.41316E-005, 4.68532E-007, 4.62539E-006, 1.22628E-005, 1.24837E-005, 1.23134E-005, 9.85175E-006, 1.28600E-005, 7.21911E-006, 1.06066E-007
 1.03005E+002, 2.53250E+001, 2.62162E+001, 4.17195E+001, 2.65428E+001, 2.50160E+001, 2.51076E+001, 2.57695E+001, 1.79987E-002, 2.04878E-001, 1.81127E+002, 2.10332E-001, 3.60075E+001, 2.58452E+001, 1.33374E-001, 2.72419E+001, 2.50415E+001, 9.17570E-002, 2.61766E+001, 2.50108E+001, 4.26865E-006, 6.52167E-006, 8.79222E-006, 1.06568E-005, 1.49402E-005, 3.57515E-006, 6.25729E-006, 1.03328E-005, 1.12646E-005, 1.42145E-005, 5.09717E-007, 4.81056E-006, 1.24236E-005, 1.25539E-005, 1.23813E-005, 9.96116E-006, 1.29678E-005, 7.33507E-006, 1.10551E-007
 1.04002E+002, 2.53285E+001, 2.62207E+001, 4.09927E+001, 2.63979E+001, 2.50162E+001, 2.51069E+001, 2.60077E+001, 1.79950E-002, 2.04866E-001, 1.82023E+002, 2.10326E-001, 3.54950E+001, 2.58480E+001, 1.31660E-001, 2.71372E+001, 2.50419E+001, 9.14570E-002, 2.61756E+001, 2.50110E+001, 4.42553E-006, 6.66066E-006, 8.88575E-006, 1.07724E-005, 1.48615E-005, 3.71864E-006, 6.40510E-006, 1.03724E-005, 1.12846E-005, 1.43274E-005, 4.86740E-007, 5.20725E-006, 1.25465E-005, 1.25803E-005, 1.24386E-005, 1.00698E-005, 1.30719E-005, 7.44996E-006, 1.14598E-007
 1.05001E+002, 2.53316E+001, 2.62201E+001, 4.11981E+001, 2.62228E+001, 2.50163E+001, 2.51026E+001, 2.58132E+001, 1.79950E-002, 2.04858E-001, 1.82881E+002, 2.09816E-001, 3.59021E+001, 2.58508E+001, 1.31881E-001, 2.70927E+001, 2.50423E+001, 9.06773E-002, 2.61378E+001, 2.50111E+001, 4.57694E-006, 6.78782E-006, 8.97602E-006, 1.08729E-005, 1.49814E-005, 3.85616E-006, 6.52902E-006, 1.04481E-005, 1.13298E-005, 1.45620E-005, 4.22460E-007, 5.59058E-006, 1.26565E-005, 1.26511E-005, 1.24991E-005, 1.01775E-005, 1.31750E-005, 7.56343E-006, 1.18282E-007
 1.06004E+002, 2.53342E+001, 2.62232E+001, 4.05688E+001, 2.62572E+001, 2.50164E+001, 2.51006E+001, 2.56206E+001, 1.79937E-002, 2.04850E-001, 1.83691E+002, 2.09366E-001, 3.53539E+001, 2.58535E+001, 1.33048E-001, 2.71366E+001, 2.50427E+001, 8.99924E-002, 2.61753E+001, 2.50112E+001, 4.72044E-006, 6.90702E-006, 9.06801E-006, 1.09746E-005, 1.49354E-005, 3.98467E-006, 6.62433E-006, 1.05545E-005, 1.14081E-005, 1.47197E-005, 3.32807E-007, 5.87371E-006, 1.25805E-005, 1.27635E-005, 1.26122E-005, 1.02851E-005, 1.32788E-005, 7.67715E-006, 1.21792E-007
 1.07005E+002, 2.53361E+001, 2.62250E+001, 4.02359E+001, 2.63308E+001, 2.50165E+001, 2.51201E+001, 2.56812E+001, 1.79946E-002, 2.04842E-001, 1.84447E+002, 2.09321E-001, 3.49070E+001, 2.58564E+001, 1.33859E-001, 2.71797E+001, 2.50430E+001, 8.51274E-002, 2.62573E+001, 2.50112E+001, 4.85655E-006, 7.02627E-006, 9.16871E-006, 1.10545E-005, 1.49215E-005, 4.09732E-006, 6.68919E-006, 1.06686E-005, 1.14829E-005, 1.48051E-005, 2.74884E-007, 6.15917E-006, 1.22790E-005, 1.28220E-005, 1.27433E-005, 1.03924E-005, 1.33819E-005, 7.78992E-006, 1.25341E-007
 1.08004E+002, 2.53379E+001, 2.62238E+001, 3.96334E+001, 2.64060E+001, 2.50166E+001, 2.52464E+001, 2.55721E+001, 1.79977E-002, 2.04836E-001, 1.85167E+002, 2.09433E-001, 3.49694E+001, 2.58593E+001, 1.34432E-001, 2.72182E+001, 2.50434E+001, 8.81807E-002, 2.62524E+001, 2.50111E+001, 4.98973E-006, 7.15487E-006, 9.27642E-006, 1.11038E-005, 1.49123E-005, 4.18507E-006, 6.72377E-006, 1.07653E-005, 1.15574E-005, 1.48522E-005, 2.59331E-007, 6.42339E-006, 1.21619E-005, 1.26791E-005, 1.28113E-005, 1.04983E-005, 1.34819E-005, 7.89913E-006, 1.28980E-007
 1.09003E+002, 2.53398E+001, 2.62271E+001, 3.89638E+001, 2.67394E+001, 2.50166E+001, 2.55207E+001, 2.57567E+001, 1.79950E-002, 2.04829E-001, 1.85803E+002, 2.09122E-001, 3.46281E+001, 2.58622E+001, 1.35068E-001, 2.72822E+001, 2.50438E+001, 9.13695E-002, 2.61251E+001, 2.50111E+001, 5.12674E-006, 7.29862E-006, 9.39531E-006, 1.11443E-005, 1.48619E-005, 4.24423E-006, 6.73812E-006, 1.08380E-005, 1.16437E-005, 1.46991E-005, 2.26455E-007, 6.52624E-006, 1.18582E-005, 1.28172E-005, 1.28744E-005, 1.06034E-005, 1.35801E-005, 8.00717E-006, 1.32601E-007
 1.10004E+002, 2.53422E+001, 2.62376E+001, 3.97020E+001, 2.67330E+001, 2.50166E+001, 2.55774E+001, 2.60430E+001, 1.79972E-002, 2.04811E-001, 1.86398E+002, 2.08723E-001, 3.51566E+001, 2.58652E+001, 1.34578E-001, 2.72839E+001, 2.50442E+001, 9.26626E-002, 2.60977E+001, 2.50111E+001, 5.27302E-006, 7.45697E-006, 9.52139E-006, 1.12096E-005, 1.50503E-005, 4.27455E-006, 6.75361E-006, 1.09027E-005, 1.17543E-005, 1.46956E-005, 2.02503E-007, 6.41872E-006, 1.11910E-005, 1.30866E-005, 1.29583E-005, 1.07092E-005, 1.36811E-005, 8.11788E-006, 1.36157E-007
 1.11001E+002, 2.53450E+001, 2.62620E+001, 3.96721E+001, 2.68632E+001, 2.50166E+001, 2.55077E+001, 2.60379E+001, 1.79907E-002, 2.04780E-001, 1.87016E+002, 2.07880E-001, 3.51492E+001, 2.58686E+001, 1.34171E-001, 2.73366E+001, 2.50446E+001, 9.65853E-002, 2.61849E+001, 2.50111E+001, 5.42822E-006, 7.62227E-006, 9.64418E-006, 1.13129E-005, 1.51344E-005, 4.27925E-006, 6.79441E-006, 1.09736E-005, 1.18876E-005, 1.46554E-005, 2.34672E-007, 6.11437E-006, 1.10173E-005, 1.31551E-005, 1.30989E-005, 1.08152E-005, 1.37862E-005, 8.22900E-006, 1.39657E-007
 1.12004E+002, 2.53476E+001, 2.62996E+001, 3.93229E+001, 2.67266E+001, 2.50166E+001, 2.54309E+001, 2.57995E+001, 1.79949E-002, 2.04743E-001, 1.87664E+002, 2.07052E-001, 3.49164E+001, 2.58724E+001, 1.32946E-001, 2.73392E+001, 2.50450E+001, 9.38359E-002, 2.62944E+001, 2.50111E+001, 5.58617E-006, 7.78131E-006, 9.76157E-006, 1.14363E-005, 1.52684E-005, 4.26362E-006, 6.86122E-006, 1.10470E-005, 1.19862E-005, 1.48463E-005, 2.65399E-007, 5.88968E-006, 1.14075E-005, 1.31371E-005, 1.31697E-005, 1.09218E-005, 1.38923E-005, 8.33826E-006, 1.43080E-007
 1.13001E+002, 2.53494E+001, 2.63265E+001, 3.95823E+001, 2.70026E+001, 2.50166E+001, 2.52438E+001, 2.57581E+001, 1.79975E-002, 2.04715E-001, 1.88297E+002, 2.06372E-001, 3.47603E+001, 2.58764E+001, 1.32122E-001, 2.73575E+001, 2.50454E+001, 8.77157E-002, 2.62983E+001, 2.50112E+001, 5.73935E-006, 7.92311E-006, 9.86771E-006, 1.15778E-005, 1.54693E-005, 4.23244E-006, 6.91811E-006, 1.11320E-005, 1.20481E-005, 1.48673E-005, 2.88169E-007, 6.33483E-006, 1.17063E-005, 1.30636E-005, 1.31628E-005, 1.10287E-005, 1.39975E-005, 8.44672E-006, 1.46410E-007
 1.14001E+002, 2.53502E+001, 2.63247E+001, 3.96144E+001, 2.69609E+001, 2.50166E+001, 2.51676E+001, 2.56293E+001, 1.79968E-002, 2.04704E-001, 1.88932E+002, 2.06577E-001, 3.48637E+001, 2.58806E+001, 1.31850E-001, 2.73355E+001, 2.50458E+001, 8.23662E-002, 2.62186E+001, 2.50113E+001, 5.88401E-006, 8.04476E-006, 9.94676E-006, 1.17128E-005, 1.56631E-005, 4.19088E-006, 6.92420E-006, 1.12310E-005, 1.21118E-005, 1.49342E-005, 3.76203E-007, 7.00173E-006, 1.24633E-005, 1.30964E-005, 1.31493E-005, 1.11355E-005, 1.41024E-005, 8.55660E-006, 1.49881E-007
 1.15003E+002, 2.53504E+001, 2.62947E+001, 3.92312E+001, 2.67705E+001, 2.50166E+001, 2.51467E+001, 2.57658E+001, 1.79958E-002, 2.04704E-001, 1.89596E+002, 2.07059E-001, 3.44317E+001, 2.58847E+001, 1.32320E-001, 2.73190E+001, 2.50462E+001, 8.12069E-002, 2.60964E+001, 2.50114E+001, 6.02404E-006, 8.15449E-006, 1.00075E-005, 1.18126E-005, 1.56439E-005, 4.14863E-006, 6.88979E-006, 1.13248E-005, 1.21982E-005, 1.51060E-005, 4.34039E-007, 7.28868E-006, 1.30339E-005, 1.32850E-005, 1.31641E-005, 1.12424E-005, 1.42067E-005, 8.66735E-006, 1.53984E-007
 1.16000E+002, 2.53506E+001, 2.62617E+001, 4.01251E+001, 2.66325E+001, 2.50167E+001, 2.51379E+001, 2.60296E+001, 1.79921E-002, 2.04700E-001, 1.90314E+002, 2.07742E-001, 3.54290E+001, 2.58884E+001, 1.32298E-001, 2.72913E+001, 2.50466E+001, 8.91599E-002, 2.60584E+001, 2.50117E+001, 6.16562E-006, 8.26408E-006, 1.00764E-005, 1.18736E-005, 1.60483E-005, 4.12032E-006, 6.86196E-006, 1.14218E-005, 1.22898E-005, 1.52687E-005, 4.06497E-007, 7.16859E-006, 1.31226E-005, 1.34183E-005, 1.32103E-005, 1.13492E-005, 1.43093E-005, 8.77690E-006, 1.58713E-007
 1.17005E+002, 2.53515E+001, 2.62569E+001, 3.99047E+001, 2.67428E+001, 2.50168E+001, 2.51327E+001, 2.59322E+001, 1.79906E-002, 2.04683E-001, 1.91058E+002, 2.07510E-001, 3.56598E+001, 2.58921E+001, 1.32416E-001, 2.73131E+001, 2.50470E+001, 8.67302E-002, 2.61305E+001, 2.50119E+001, 6.31201E-006, 8.38331E-006, 1.01753E-005, 1.19610E-005, 1.61630E-005, 4.11800E-006, 6.86930E-006, 1.15391E-005, 1.23787E-005, 1.53757E-005, 4.02475E-007, 7.19476E-006, 1.30352E-005, 1.34889E-005, 1.33149E-005, 1.14554E-005, 1.44111E-005, 8.88449E-006, 1.64001E-007
 1.18002E+002, 2.53530E+001, 2.62784E+001, 3.93950E+001, 2.68536E+001, 2.50170E+001, 2.51829E+001, 2.58371E+001, 1.79979E-002, 2.04655E-001, 1.91815E+002, 2.06813E-001, 3.52817E+001, 2.58958E+001, 1.32084E-001, 2.73255E+001, 2.50474E+001, 8.24608E-002, 2.61687E+001, 2.50120E+001, 6.45760E-006, 8.51044E-006, 1.02952E-005, 1.20889E-005, 1.62530E-005, 4.14397E-006, 6.91391E-006, 1.16742E-005, 1.24711E-005, 1.54147E-005, 3.87161E-007, 7.59619E-006, 1.27033E-005, 1.35236E-005, 1.34396E-005, 1.15611E-005, 1.45144E-005, 8.99158E-006, 1.69934E-007
 1.19004E+002, 2.53547E+001, 2.62987E+001, 3.98297E+001, 2.67929E+001, 2.50172E+001, 2.54096E+001, 2.57810E+001, 1.79959E-002, 2.04623E-001, 1.92508E+002, 2.06298E-001, 3.53306E+001, 2.58997E+001, 1.32422E-001, 2.73448E+001, 2.50477E+001, 8.44482E-002, 2.61768E+001, 2.50120E+001, 6.59194E-006, 8.63416E-006, 1.04022E-005, 1.22204E-005, 1.64035E-005, 4.19247E-006, 6.99164E-006, 1.17973E-005, 1.25661E-005, 1.56016E-005, 3.07062E-007, 7.96799E-006, 1.21178E-005, 1.35690E-005, 1.34567E-005, 1.16671E-005, 1.46194E-005, 9.10043E-006, 1.76351E-007
 1.20001E+002, 2.53559E+001, 2.63091E+001, 3.97724E+001, 2.67164E+001, 2.50175E+001, 2.55475E+001, 2.56449E+001, 1.79984E-002, 2.04595E-001, 1.93152E+002, 2.06677E-001, 3.55114E+001, 2.59040E+001, 1.31949E-001, 2.73175E+001, 2.50480E+001, 7.99077E-002, 2.62184E+001, 2.50120E+001, 6.70670E-006, 8.74255E-006, 1.04716E-005, 1.23080E-005, 1.64590E-005, 4.25531E-006, 7.09961E-006, 1.19021E-005, 1.26409E-005, 1.57667E-005, 1.07773E-006, 8.70307E-006, 1.18372E-005, 1.36857E-005, 1.35273E-005, 1.17730E-005, 1.47259E-005, 9.20821E-006, 1.82701E-007
 1.21003E+002, 2.53564E+001, 2.63189E+001, 3.94595E+001, 2.66546E+001, 2.50175E+001, 2.56561E+001, 2.56102E+001, 1.79925E-002, 2.04578E-001, 1.93792E+002, 2.07112E-001, 3.51198E+001, 2.59084E+001, 1.31707E-001, 2.73011E+001, 2.50483E+001, 7.16663E-002, 2.62347E+001, 2.50121E+001, 6.79970E-006, 8.83139E-006, 1.05225E-005, 1.23706E-005, 1.63185E-005, 4.32494E-006, 7.21583E-006, 1.20171E-005, 1.27187E-005, 1.58740E-005, 1.35187E-006, 9.80667E-006, 1.23466E-005, 1.37709E-005, 1.36623E-005, 1.18782E-005, 1.48347E-005, 9.31216E-006, 1.88793E-007
 1.22002E+002, 2.53569E+001, 2.63302E+001, 4.01105E+001, 2.65985E+001, 2.50174E+001, 2.56129E+001, 2.59712E+001, 1.79942E-002, 2.04572E-001, 1.94467E+002, 2.07337E-001, 3.55796E+001, 2.59125E+001, 1.32193E-001, 2.73095E+001, 2.50486E+001, 7.31718E-002, 2.62525E+001, 2.50121E+001, 6.87492E-006, 8.90467E-006, 1.05854E-005, 1.24521E-005, 1.66872E-005, 4.39481E-006, 7.32552E-006, 1.21178E-005, 1.28227E-005, 1.59857E-005, 5.94348E-007, 1.04668E-005, 1.28707E-005, 1.36865E-005, 1.37184E-005, 1.19833E-005, 1.49464E-005, 9.41342E-006, 1.94912E-007
 1.23003E+002, 2.53579E+001, 2.63371E+001, 4.00328E+001, 2.66079E+001, 2.50172E+001, 2.54829E+001, 2.61777E+001, 1.79957E-002, 2.04569E-001, 1.95163E+002, 2.07147E-001, 3.56693E+001, 2.59163E+001, 1.33141E-001, 2.73448E+001, 2.50490E+001, 7.49773E-002, 2.62347E+001, 2.50121E+001, 6.93815E-006, 8.97175E-006, 1.06664E-005, 1.25652E-005, 1.67217E-005, 4.45944E-006, 7.42413E-006, 1.21879E-005, 1.29506E-005, 1.61396E-005, 5.53817E-007, 1.05767E-005, 1.28095E-005, 1.36288E-005, 1.36919E-005, 1.20875E-005, 1.50597E-005, 9.51177E-006, 2.02223E-007
 1.24000E+002, 2.53597E+001, 2.63406E+001, 3.95580E+001, 2.66682E+001, 2.50171E+001, 2.56559E+001, 2.61248E+001, 1.79949E-002, 2.04563E-001, 1.95860E+002, 2.06972E-001, 3.54267E+001, 2.59199E+001, 1.33905E-001, 2.73795E+001, 2.50493E+001, 8.06424E-002, 2.62379E+001, 2.50121E+001, 6.99386E-006, 9.03844E-006, 1.07566E-005, 1.26779E-005, 1.67446E-005, 4.51639E-006, 7.51588E-006, 1.22514E-005, 1.30751E-005, 1.62901E-005, 4.61181E-007, 1.02915E-005, 1.28037E-005, 1.37413E-005, 1.36764E-005, 1.21906E-005, 1.51725E-005, 9.60819E-006, 2.10096E-007
 1.25002E+002, 2.53624E+001, 2.63380E+001, 3.99599E+001, 2.67269E+001, 2.50169E+001, 2.56852E+001, 2.60339E+001, 1.79955E-002, 2.04550E-001, 1.96531E+002, 2.07299E-001, 3.54472E+001, 2.59234E+001, 1.34173E-001, 2.73985E+001, 2.50497E+001, 8.71113E-002, 2.62496E+001, 2.50122E+001, 7.04464E-006, 9.10642E-006, 1.08521E-005, 1.27728E-005, 1.69061E-005, 4.56639E-006, 7.60808E-006, 1.23244E-005, 1.31786E-005, 1.64106E-005, 4.25866E-007, 9.50903E-006, 1.29652E-005, 1.38898E-005, 1.37509E-005, 1.22942E-005, 1.52835E-005, 9.70748E-006, 2.17396E-007
 1.26004E+002, 2.53655E+001, 2.63364E+001, 4.02322E+001, 2.67570E+001, 2.50167E+001, 2.54351E+001, 2.59080E+001, 1.79955E-002, 2.04530E-001, 1.97171E+002, 2.08045E-001, 3.57541E+001, 2.59271E+001, 1.34058E-001, 2.74048E+001, 2.50501E+001, 9.10059E-002, 2.62349E+001, 2.50122E+001, 7.09208E-006, 9.17536E-006, 1.09510E-005, 1.28660E-005, 1.70018E-005, 4.61232E-006, 7.70363E-006, 1.23857E-005, 1.32729E-005, 1.65191E-005, 5.69220E-007, 9.24758E-006, 1.34072E-005, 1.40109E-005, 1.39386E-005, 1.23990E-005, 1.53932E-005, 9.81139E-006, 2.24112E-007
 1.27005E+002, 2.53685E+001, 2.63377E+001, 3.99242E+001, 2.67508E+001, 2.50164E+001, 2.52058E+001, 2.58255E+001, 1.79953E-002, 2.04509E-001, 1.97777E+002, 2.08572E-001, 3.55225E+001, 2.59307E+001, 1.33817E-001, 2.74099E+001, 2.50505E+001, 8.89133E-002, 2.63497E+001, 2.50123E+001, 7.13769E-006, 9.24538E-006, 1.10464E-005, 1.29717E-005, 1.69347E-005, 4.65630E-006, 7.79529E-006, 1.23978E-005, 1.33711E-005, 1.66457E-005, 6.69394E-007, 9.54905E-006, 1.37291E-005, 1.42580E-005, 1.42195E-005, 1.25034E-005, 1.55008E-005, 9.91544E-006, 2.30325E-007
 1.28003E+002, 2.53712E+001, 2.63407E+001, 4.02791E+001, 2.67681E+001, 2.50164E+001, 2.51726E+001, 2.58338E+001, 1.79986E-002, 2.04496E-001, 1.98334E+002, 2.08672E-001, 3.56323E+001, 2.59342E+001, 1.33710E-001, 2.74236E+001, 2.50509E+001, 8.62584E-002, 2.63529E+001, 2.50123E+001, 7.18594E-006, 9.31733E-006, 1.11289E-005, 1.30924E-005, 1.72217E-005, 4.69851E-006, 7.87437E-006, 1.23608E-005, 1.34691E-005, 1.67795E-005, 4.73204E-007, 9.40418E-006, 1.39597E-005, 1.43800E-005, 1.44258E-005, 1.26070E-005, 1.56059E-005, 1.00189E-005, 2.36049E-007
 1.29002E+002, 2.53738E+001, 2.63467E+001, 4.06377E+001, 2.67852E+001, 2.50165E+001, 2.52497E+001, 2.58799E+001, 1.79919E-002, 2.04493E-001, 1.98854E+002, 2.08501E-001, 3.59403E+001, 2.59374E+001, 1.34269E-001, 2.74370E+001, 2.50513E+001, 8.12186E-002, 2.62095E+001, 2.50124E+001, 7.24355E-006, 9.39422E-006, 1.12169E-005, 1.32307E-005, 1.73678E-005, 4.73886E-006, 7.94129E-006, 1.23182E-005, 1.35679E-005, 1.69469E-005, 3.34194E-007, 9.23508E-006, 1.40738E-005, 1.47764E-005, 1.44870E-005, 1.27104E-005, 1.57094E-005, 1.01234E-005, 2.41653E-007
 1.30001E+002, 2.53765E+001, 2.63537E+001, 4.02860E+001, 2.68040E+001, 2.50165E+001, 2.55874E+001, 2.62311E+001, 1.79935E-002, 2.04490E-001, 1.99346E+002, 2.08233E-001, 3.56551E+001, 2.59404E+001, 1.35101E-001, 2.74522E+001, 2.50518E+001, 8.10895E-002, 2.61658E+001, 2.50124E+001, 7.31529E-006, 9.47946E-006, 1.13240E-005, 1.33625E-005, 1.73976E-005, 4.78014E-006, 8.02309E-006, 1.23011E-005, 1.36799E-005, 1.71256E-005, 3.31895E-007, 9.76402E-006, 1.40530E-005, 1.48035E-005, 1.47158E-005, 1.28137E-005, 1.58123E-005, 1.02290E-005, 2.47750E-007
 1.31003E+002, 2.53793E+001, 2.63533E+001, 4.02121E+001, 2.68274E+001, 2.50165E+001, 2.59655E+001, 2.57819E+001, 1.79930E-002, 2.04479E-001, 1.99827E+002, 2.08032E-001, 3.54500E+001, 2.59433E+001, 1.35306E-001, 2.74648E+001, 2.50522E+001, 8.19291E-002, 2.62406E+001, 2.50124E+001, 7.40215E-006, 9.57495E-006, 1.14393E-005, 1.34703E-005, 1.74974E-005, 4.82749E-006, 8.15101E-006, 1.23393E-005, 1.38024E-005, 1.72652E-005, 3.96042E-007, 1.03451E-005, 1.42656E-005, 1.50331E-005, 1.48617E-005, 1.29158E-005, 1.59156E-005, 1.03317E-005, 2.54203E-007
 1.32003E+002, 2.53822E+001, 2.63497E+001, 4.04850E+001, 2.68578E+001, 2.50163E+001, 2.57686E+001, 2.56899E+001, 1.79977E-002, 2.04465E-001, 2.00295E+002, 2.08199E-001, 3.55821E+001, 2.59466E+001, 1.34860E-001, 2.74716E+001, 2.50525E+001, 8.44106E-002, 2.63239E+001, 2.50124E+001, 7.50094E-006, 9.67994E-006, 1.15520E-005, 1.35545E-005, 1.75512E-005, 4.88162E-006, 8.31703E-006, 1.24470E-005, 1.39194E-005, 1.73555E-005, 3.60033E-007, 1.03844E-005, 1.41816E-005, 1.50965E-005, 1.50553E-005, 1.30176E-005, 1.60191E-005, 1.04322E-005, 2.60558E-007
 1.33004E+002, 2.53848E+001, 2.63497E+001, 4.00164E+001, 2.68817E+001, 2.50161E+001, 2.55316E+001, 2.55859E+001, 1.79976E-002, 2.04452E-001, 2.00772E+002, 2.08122E-001, 3.52570E+001, 2.59502E+001, 1.33889E-001, 2.74601E+001, 2.50529E+001, 8.01960E-002, 2.62225E+001, 2.50125E+001, 7.60558E-006, 9.79164E-006, 1.16614E-005, 1.36304E-005, 1.74774E-005, 4.93231E-006, 8.46520E-006, 1.25813E-005, 1.40235E-005, 1.74160E-005, 5.12390E-007, 1.04819E-005, 1.38223E-005, 1.49826E-005, 1.52096E-005, 1.31204E-005, 1.61232E-005, 1.05332E-005, 2.66556E-007
 1.34004E+002, 2.53869E+001, 2.63508E+001, 3.98507E+001, 2.69541E+001, 2.50158E+001, 2.55606E+001, 2.57782E+001, 1.79936E-002, 2.04439E-001, 2.01254E+002, 2.08043E-001, 3.51164E+001, 2.59540E+001, 1.33064E-001, 2.74625E+001, 2.50533E+001, 7.93604E-002, 2.61828E+001, 2.50125E+001, 7.71020E-006, 9.90507E-006, 1.17589E-005, 1.37069E-005, 1.75992E-005, 4.94878E-006, 8.53310E-006, 1.26994E-005, 1.41164E-005, 1.74917E-005, 9.82449E-007, 1.09797E-005, 1.33094E-005, 1.50567E-005, 1.52368E-005, 1.32233E-005, 1.62291E-005, 1.06335E-005, 2.72128E-007
 1.35000E+002, 2.53884E+001, 2.63480E+001, 4.02887E+001, 2.70850E+001, 2.50155E+001, 2.55052E+001, 2.56153E+001, 1.79973E-002, 2.04421E-001, 2.01760E+002, 2.08046E-001, 3.55959E+001, 2.59580E+001, 1.32094E-001, 2.74692E+001, 2.50537E+001, 7.94468E-002, 2.61897E+001, 2.50126E+001, 7.81220E-006, 1.00176E-005, 1.18335E-005, 1.37823E-005, 1.77969E-005, 4.88838E-006, 8.51577E-006, 1.28158E-005, 1.41964E-005, 1.75495E-005, 1.54747E-006, 1.15485E-005, 1.32815E-005, 1.51399E-005, 1.52459E-005, 1.33257E-005, 1.63360E-005, 1.07310E-005, 2.77320E-007
 1.36001E+002, 2.53896E+001, 2.63553E+001, 3.98383E+001, 2.72068E+001, 2.50153E+001, 2.52748E+001, 2.55849E+001, 1.79881E-002, 2.04397E-001, 2.02258E+002, 2.07940E-001, 3.53625E+001, 2.59619E+001, 1.31054E-001, 2.74684E+001, 2.50541E+001, 8.10615E-002, 2.62777E+001, 2.50127E+001, 7.91326E-006, 1.01322E-005, 1.19104E-005, 1.38556E-005, 1.78142E-005, 4.76131E-006, 8.47958E-006, 1.29423E-005, 1.42702E-005, 1.76005E-005, 1.47722E-006, 1.20208E-005, 1.39661E-005, 1.54270E-005, 1.53068E-005, 1.34279E-005, 1.64430E-005, 1.08264E-005, 2.82281E-007
 1.37003E+002, 2.53908E+001, 2.63640E+001, 3.96835E+001, 2.71822E+001, 2.50151E+001, 2.51509E+001, 2.55954E+001, 1.79949E-002, 2.04370E-001, 2.02739E+002, 2.07776E-001, 3.52011E+001, 2.59658E+001, 1.30343E-001, 2.74491E+001, 2.50544E+001, 8.38337E-002, 2.64012E+001, 2.50127E+001, 8.01520E-006, 1.02513E-005, 1.20136E-005, 1.39347E-005, 1.79388E-005, 4.64543E-006, 8.48820E-006, 1.30959E-005, 1.43452E-005, 1.76681E-005, 9.99722E-007, 1.23912E-005, 1.46150E-005, 1.55605E-005, 1.54580E-005, 1.35299E-005, 1.65510E-005, 1.09206E-005, 2.87012E-007
 1.38004E+002, 2.53924E+001, 2.63659E+001, 4.00893E+001, 2.71192E+001, 2.50150E+001, 2.51381E+001, 2.55858E+001, 1.79975E-002, 2.04346E-001, 2.03225E+002, 2.07931E-001, 3.53461E+001, 2.59697E+001, 1.30287E-001, 2.74339E+001, 2.50546E+001, 8.75792E-002, 2.64678E+001, 2.50128E+001, 8.11614E-006, 1.03725E-005, 1.21351E-005, 1.40424E-005, 1.80517E-005, 4.61896E-006, 8.53804E-006, 1.32867E-005, 1.44262E-005, 1.77540E-005, 5.99844E-007, 1.14990E-005, 1.45564E-005, 1.56803E-005, 1.55653E-005, 1.36310E-005, 1.66587E-005, 1.10135E-005, 2.91406E-007
 1.39000E+002, 2.53943E+001, 2.63687E+001, 3.97993E+001, 2.70521E+001, 2.50150E+001, 2.51811E+001, 2.56657E+001, 1.79985E-002, 2.04324E-001, 2.03712E+002, 2.08082E-001, 3.51240E+001, 2.59738E+001, 1.30596E-001, 2.74264E+001, 2.50548E+001, 9.11744E-002, 2.64525E+001, 2.50129E+001, 8.20946E-006, 1.04904E-005, 1.22601E-005, 1.41767E-005, 1.80550E-005, 4.68859E-006, 8.60113E-006, 1.34871E-005, 1.45170E-005, 1.78301E-005, 4.48456E-007, 9.10683E-006, 1.44450E-005, 1.57121E-005, 1.56396E-005, 1.37316E-005, 1.67650E-005, 1.11074E-005, 2.95606E-007
 1.40002E+002, 2.53960E+001, 2.63792E+001, 3.92169E+001, 2.70142E+001, 2.50150E+001, 2.53136E+001, 2.58635E+001, 1.79935E-002, 2.04297E-001, 2.04188E+002, 2.08008E-001, 3.45774E+001, 2.59780E+001, 1.30984E-001, 2.74320E+001, 2.50550E+001, 9.37508E-002, 2.64022E+001, 2.50129E+001, 8.28686E-006, 1.05996E-005, 1.23815E-005, 1.43250E-005, 1.80114E-005, 4.80869E-006, 8.68770E-006, 1.36721E-005, 1.46191E-005, 1.78907E-005, 4.16016E-007, 7.99001E-006, 1.46165E-005, 1.58099E-005, 1.57031E-005, 1.38328E-005, 1.68704E-005, 1.12051E-005, 3.00218E-007
 1.41004E+002, 2.53971E+001, 2.63930E+001, 3.99657E+001, 2.69817E+001, 2.50149E+001, 2.56614E+001, 2.60526E+001, 1.79945E-002, 2.04262E-001, 2.04622E+002, 2.08123E-001, 3.50514E+001, 2.59819E+001, 1.31196E-001, 2.74401E+001, 2.50552E+001, 9.52085E-002, 2.63527E+001, 2.50128E+001, 8.34125E-006, 1.06974E-005, 1.24822E-005, 1.44679E-005, 1.82230E-005, 4.94480E-006, 8.81389E-006, 1.38175E-005, 1.47282E-005, 1.79650E-005, 4.69846E-007, 8.48873E-006, 1.46572E-005, 1.58652E-005, 1.57443E-005, 1.39350E-005, 1.69756E-005, 1.13066E-005, 3.05778E-007
 1.42002E+002, 2.53976E+001, 2.64075E+001, 3.98027E+001, 2.69866E+001, 2.50148E+001, 2.57670E+001, 2.62344E+001, 1.79958E-002, 2.04232E-001, 2.04984E+002, 2.07991E-001, 3.50851E+001, 2.59855E+001, 1.31364E-001, 2.74451E+001, 2.50553E+001, 9.00744E-002, 2.62522E+001, 2.50128E+001, 8.36980E-006, 1.07844E-005, 1.25500E-005, 1.45894E-005, 1.82401E-005, 5.09472E-006, 8.96928E-006, 1.39015E-005, 1.48329E-005, 1.80386E-005, 1.56972E-006, 9.53401E-006, 1.45355E-005, 1.58296E-005, 1.57835E-005, 1.40377E-005, 1.70801E-005, 1.14097E-005, 3.12925E-007
 1.43004E+002, 2.53975E+001, 2.64188E+001, 3.92564E+001, 2.70354E+001, 2.50147E+001, 2.56409E+001, 2.61885E+001, 1.79948E-002, 2.04213E-001, 2.05287E+002, 2.07398E-001, 3.48974E+001, 2.59887E+001, 1.31885E-001, 2.74474E+001, 2.50555E+001, 8.00449E-002, 2.61818E+001, 2.50128E+001, 8.37486E-006, 1.08619E-005, 1.25978E-005, 1.46860E-005, 1.84008E-005, 5.26766E-006, 9.13463E-006, 1.39441E-005, 1.49276E-005, 1.81126E-005, 4.62346E-006, 1.07453E-005, 1.47322E-005, 1.59422E-005, 1.58689E-005, 1.41407E-005, 1.71848E-005, 1.15114E-005, 3.22769E-007
 1.44001E+002, 2.53976E+001, 2.64180E+001, 3.97421E+001, 2.70696E+001, 2.50145E+001, 2.53668E+001, 2.61537E+001, 1.79968E-002, 2.04200E-001, 2.05632E+002, 2.08272E-001, 3.52028E+001, 2.59915E+001, 1.32462E-001, 2.74387E+001, 2.50557E+001, 7.03839E-002, 2.62345E+001, 2.50129E+001, 8.36238E-006, 1.09310E-005, 1.26353E-005, 1.47625E-005, 1.86423E-005, 5.46073E-006, 9.29498E-006, 1.39883E-005, 1.50216E-005, 1.81419E-005, 6.57387E-006, 1.23674E-005, 1.50414E-005, 1.60537E-005, 1.60270E-005, 1.42418E-005, 1.72899E-005, 1.16060E-005, 3.31853E-007
 1.45003E+002, 2.53984E+001, 2.64090E+001, 4.06844E+001, 2.69418E+001, 2.50143E+001, 2.53246E+001, 2.62139E+001, 1.79961E-002, 2.04183E-001, 2.06056E+002, 2.09597E-001, 3.55496E+001, 2.59939E+001, 1.32329E-001, 2.74084E+001, 2.50560E+001, 7.28583E-002, 2.62935E+001, 2.50130E+001, 8.33912E-006, 1.09915E-005, 1.26687E-005, 1.48213E-005, 1.88072E-005, 5.64634E-006, 9.44214E-006, 1.40641E-005, 1.51416E-005, 1.81600E-005, 3.12194E-006, 1.38334E-005, 1.50940E-005, 1.61504E-005, 1.61352E-005, 1.43417E-005, 1.73962E-005, 1.16966E-005, 3.39409E-007
 1.46000E+002, 2.54003E+001, 2.63995E+001, 4.04674E+001, 2.67382E+001, 2.50143E+001, 2.55156E+001, 2.60399E+001, 1.79931E-002, 2.04157E-001, 2.06539E+002, 2.10215E-001, 3.54419E+001, 2.59957E+001, 1.33266E-001, 2.74622E+001, 2.50565E+001, 8.41630E-002, 2.63167E+001, 2.50131E+001, 8.31273E-006, 1.10413E-005, 1.27217E-005, 1.48870E-005, 1.87101E-005, 5.77984E-006, 9.55802E-006, 1.41843E-005, 1.52973E-005, 1.85571E-005, 1.00775E-006, 1.19509E-005, 1.48851E-005, 1.61876E-005, 1.61806E-005, 1.44421E-005, 1.75042E-005, 1.17898E-005, 3.45729E-007
 1.47002E+002, 2.54030E+001, 2.63991E+001, 4.19440E+001, 2.71343E+001, 2.50144E+001, 2.56353E+001, 2.57917E+001, 1.79946E-002, 2.04132E-001, 2.07017E+002, 2.10905E-001, 3.67060E+001, 2.59972E+001, 1.33901E-001, 2.75385E+001, 2.50569E+001, 8.39086E-002, 2.62366E+001, 2.50132E+001, 8.28655E-006, 1.10805E-005, 1.28131E-005, 1.49906E-005, 1.91551E-005, 5.81713E-006, 9.61312E-006, 1.43389E-005, 1.54108E-005, 1.88122E-005, 1.03423E-006, 1.12095E-005, 1.48242E-005, 1.61820E-005, 1.61875E-005, 1.45437E-005, 1.76114E-005, 1.18876E-005, 3.52034E-007
 1.48002E+002, 2.54057E+001, 2.64022E+001, 4.21189E+001, 2.73994E+001, 2.50144E+001, 2.55359E+001, 2.55767E+001, 1.79948E-002, 2.04117E-001, 2.07427E+002, 2.10916E-001, 3.67795E+001, 2.59986E+001, 1.34687E-001, 2.75742E+001, 2.50573E+001, 7.92789E-002, 2.61492E+001, 2.50134E+001, 8.26812E-006, 1.11159E-005, 1.29325E-005, 1.51318E-005, 1.92849E-005, 5.75186E-006, 9.60946E-006, 1.44738E-005, 1.55018E-005, 1.89831E-005, 1.66215E-006, 1.23254E-005, 1.50787E-005, 1.61863E-005, 1.62019E-005, 1.46455E-005, 1.77159E-005, 1.19878E-005, 3.58978E-007
 1.49001E+002, 2.54079E+001, 2.64005E+001, 4.20730E+001, 2.73834E+001, 2.50144E+001, 2.53768E+001, 2.55219E+001, 1.79952E-002, 2.04115E-001, 2.07827E+002, 2.10714E-001, 3.64552E+001, 2.60000E+001, 1.35181E-001, 2.75520E+001, 2.50577E+001, 7.53156E-002, 2.61487E+001, 2.50136E+001, 8.27469E-006, 1.11595E-005, 1.30597E-005, 1.52606E-005, 1.94059E-005, 5.64172E-006, 9.62029E-006, 1.45425E-005, 1.56136E-005, 1.91451E-005, 1.61162E-006, 1.29528E-005, 1.55606E-005, 1.62118E-005, 1.62898E-005, 1.47460E-005, 1.78186E-005, 1.20875E-005, 3.65886E-007
 1.50005E+002, 2.54096E+001, 2.63970E+001, 4.10437E+001, 2.73151E+001, 2.50145E+001, 2.53220E+001, 2.54997E+001, 1.79953E-002, 2.04109E-001, 2.08304E+002, 2.10351E-001, 3.60224E+001, 2.60013E+001, 1.35611E-001, 2.75558E+001, 2.50580E+001, 7.52295E-002, 2.61944E+001, 2.50135E+001, 8.32969E-006, 1.12284E-005, 1.31933E-005, 1.53600E-005, 1.92392E-005, 5.55550E-006, 9.71399E-006, 1.45852E-005, 1.57566E-005, 1.93000E-005, 1.35340E-006, 1.27987E-005, 1.58727E-005, 1.62890E-005, 1.63983E-005, 1.48455E-005, 1.79196E-005, 1.21864E-005, 3.72965E-007
 1.51004E+002, 2.54111E+001, 2.64032E+001, 4.01321E+001, 2.71251E+001, 2.50146E+001, 2.53684E+001, 2.54226E+001, 1.79963E-002, 2.04093E-001, 2.08886E+002, 2.09722E-001, 3.50835E+001, 2.60027E+001, 1.35079E-001, 2.75370E+001, 2.50583E+001, 7.69745E-002, 2.62519E+001, 2.50134E+001, 8.44518E-006, 1.13365E-005, 1.33386E-005, 1.54523E-005, 1.89184E-005, 5.54311E-006, 9.90018E-006, 1.46593E-005, 1.59152E-005, 1.94686E-005, 1.02675E-006, 1.23915E-005, 1.60252E-005, 1.64337E-005, 1.65365E-005, 1.49441E-005, 1.80190E-005, 1.22843E-005, 3.80560E-007
 1.52003E+002, 2.54125E+001, 2.64117E+001, 3.98133E+001, 2.72616E+001, 2.50147E+001, 2.56117E+001, 2.54223E+001, 1.79983E-002, 2.04071E-001, 2.09505E+002, 2.08911E-001, 3.40806E+001, 2.60043E+001, 1.34639E-001, 2.75527E+001, 2.50585E+001, 7.93606E-002, 2.63286E+001, 2.50135E+001, 8.61214E-006, 1.14832E-005, 1.34925E-005, 1.55511E-005, 1.87210E-005, 5.62437E-006, 1.00781E-005, 1.47909E-005, 1.60651E-005, 1.93997E-005, 7.24179E-007, 1.21975E-005, 1.61378E-005, 1.66917E-005, 1.66997E-005, 1.50422E-005, 1.81177E-005, 1.23817E-005, 3.88315E-007
 1.53002E+002, 2.54133E+001, 2.64084E+001, 3.97001E+001, 2.71800E+001, 2.50149E+001, 2.59120E+001, 2.54748E+001, 1.79927E-002, 2.04039E-001, 2.10154E+002, 2.07922E-001, 3.44961E+001, 2.60065E+001, 1.32402E-001, 2.74619E+001, 2.50588E+001, 7.97971E-002, 2.63640E+001, 2.50136E+001, 8.81015E-006, 1.16519E-005, 1.36466E-005, 1.56367E-005, 1.89090E-005, 5.78688E-006, 1.01952E-005, 1.50008E-005, 1.61940E-005, 1.91341E-005, 6.06261E-007, 1.23176E-005, 1.60623E-005, 1.67924E-005, 1.69368E-005, 1.51407E-005, 1.82143E-005, 1.24787E-005, 3.96025E-007
 1.54001E+002, 2.54134E+001, 2.64005E+001, 3.93797E+001, 2.68716E+001, 2.50150E+001, 2.58601E+001, 2.55148E+001, 1.79890E-002, 2.03989E-001, 2.10755E+002, 2.07848E-001, 3.44941E+001, 2.60096E+001, 1.30083E-001, 2.73783E+001, 2.50592E+001, 7.89758E-002, 2.63069E+001, 2.50136E+001, 9.02078E-006, 1.18254E-005, 1.38037E-005, 1.56977E-005, 1.89590E-005, 6.01122E-006, 1.02787E-005, 1.52584E-005, 1.63245E-005, 1.90189E-005, 5.96920E-007, 1.25688E-005, 1.59362E-005, 1.68334E-005, 1.73082E-005, 1.52398E-005, 1.83087E-005, 1.25758E-005, 4.03712E-007
 1.55001E+002, 2.54132E+001, 2.64032E+001, 3.98569E+001, 2.65258E+001, 2.50150E+001, 2.56006E+001, 2.55986E+001, 1.79951E-002, 2.03929E-001, 2.11329E+002, 2.08817E-001, 3.47997E+001, 2.60134E+001, 1.27193E-001, 2.72592E+001, 2.50597E+001, 7.89454E-002, 2.61820E+001, 2.50137E+001, 9.23545E-006, 1.19967E-005, 1.39789E-005, 1.57582E-005, 1.89829E-005, 6.27540E-006, 1.03806E-005, 1.54702E-005, 1.64772E-005, 1.90679E-005, 6.74934E-007, 1.27668E-005, 1.61342E-005, 1.74136E-005, 1.74307E-005, 1.53393E-005, 1.84043E-005, 1.26726E-005, 4.11609E-007
 1.56000E+002, 2.54134E+001, 2.64172E+001, 3.97696E+001, 2.63604E+001, 2.50150E+001, 2.54195E+001, 2.58074E+001, 1.79953E-002, 2.03882E-001, 2.11917E+002, 2.09245E-001, 3.48041E+001, 2.60172E+001, 1.27921E-001, 2.73174E+001, 2.50602E+001, 8.48827E-002, 2.62503E+001, 2.50137E+001, 9.44899E-006, 1.21664E-005, 1.41668E-005, 1.58548E-005, 1.90727E-005, 6.53887E-006, 1.05112E-005, 1.55758E-005, 1.66680E-005, 1.91670E-005, 8.02561E-007, 1.26684E-005, 1.65606E-005, 1.76545E-005, 1.75364E-005, 1.54381E-005, 1.85022E-005, 1.27674E-005, 4.19677E-007
 1.57005E+002, 2.54144E+001, 2.64381E+001, 3.98755E+001, 2.65582E+001, 2.50150E+001, 2.53156E+001, 2.59933E+001, 1.79974E-002, 2.03862E-001, 2.12428E+002, 2.08887E-001, 3.48176E+001, 2.60209E+001, 1.27642E-001, 2.73448E+001, 2.50607E+001, 8.92439E-002, 2.65119E+001, 2.50137E+001, 9.64893E-006, 1.23348E-005, 1.43334E-005, 1.59939E-005, 1.93102E-005, 6.73273E-006, 1.06433E-005, 1.55830E-005, 1.67988E-005, 1.91569E-005, 8.08791E-007, 1.18511E-005, 1.69874E-005, 1.76504E-005, 1.76219E-005, 1.55365E-005, 1.86003E-005, 1.28618E-005, 4.27598E-007
 1.58001E+002, 2.54164E+001, 2.64671E+001, 3.97752E+001, 2.65857E+001, 2.50149E+001, 2.52328E+001, 2.58630E+001, 1.79958E-002, 2.03871E-001, 2.12796E+002, 2.07792E-001, 3.45088E+001, 2.60243E+001, 1.27904E-001, 2.73203E+001, 2.50611E+001, 8.97524E-002, 2.65692E+001, 2.50138E+001, 9.81566E-006, 1.24917E-005, 1.44595E-005, 1.61473E-005, 1.94333E-005, 6.79208E-006, 1.07639E-005, 1.55331E-005, 1.68943E-005, 1.91699E-005, 7.79660E-007, 1.06767E-005, 1.71465E-005, 1.75916E-005, 1.76606E-005, 1.56351E-005, 1.86978E-005, 1.29589E-005, 4.35044E-007
 1.59004E+002, 2.54194E+001, 2.64907E+001, 3.99336E+001, 2.65012E+001, 2.50148E+001, 2.52035E+001, 2.57999E+001, 1.79958E-002, 2.03896E-001, 2.13111E+002, 2.06915E-001, 3.42806E+001, 2.60279E+001, 1.28371E-001, 2.72989E+001, 2.50614E+001, 8.79114E-002, 2.65455E+001, 2.50139E+001, 9.93943E-006, 1.26272E-005, 1.45587E-005, 1.62677E-005, 1.93824E-005, 6.73387E-006, 1.08198E-005, 1.54780E-005, 1.69975E-005, 1.92326E-005, 8.21988E-007, 1.04078E-005, 1.72296E-005, 1.75625E-005, 1.76646E-005, 1.57335E-005, 1.87956E-005, 1.30587E-005, 4.42114E-007
 1.60000E+002, 2.54228E+001, 2.64951E+001, 3.99851E+001, 2.63119E+001, 2.50148E+001, 2.52206E+001, 2.61426E+001, 1.79959E-002, 2.03920E-001, 2.13579E+002, 2.07614E-001, 3.43847E+001, 2.60320E+001, 1.28155E-001, 2.72363E+001, 2.50618E+001, 8.34318E-002, 2.64355E+001, 2.50141E+001, 1.00252E-005, 1.27331E-005, 1.46436E-005, 1.63576E-005, 1.93902E-005, 6.56652E-006, 1.07022E-005, 1.54795E-005, 1.71159E-005, 1.93825E-005, 8.83308E-007, 1.08407E-005, 1.74220E-005, 1.75743E-005, 1.77464E-005, 1.58318E-005, 1.88948E-005, 1.31598E-005, 4.48920E-007
 1.61001E+002, 2.54260E+001, 2.64878E+001, 3.99350E+001, 2.64900E+001, 2.50150E+001, 2.52721E+001, 2.62551E+001, 1.79972E-002, 2.03918E-001, 2.14183E+002, 2.09461E-001, 3.48050E+001, 2.60367E+001, 1.29941E-001, 2.73596E+001, 2.50622E+001, 8.10223E-002, 2.62788E+001, 2.50142E+001, 1.00788E-005, 1.28072E-005, 1.47156E-005, 1.64477E-005, 1.96442E-005, 6.29058E-006, 1.04618E-005, 1.55695E-005, 1.72473E-005, 1.95448E-005, 8.87365E-007, 1.10978E-005, 1.74882E-005, 1.76557E-005, 1.78266E-005, 1.59301E-005, 1.89943E-005, 1.32614E-005, 4.55601E-007
 1.62002E+002, 2.54282E+001, 2.64797E+001, 4.06100E+001, 2.67922E+001, 2.50151E+001, 2.53072E+001, 2.62222E+001, 1.79957E-002, 2.03883E-001, 2.14770E+002, 2.11004E-001, 3.52258E+001, 2.60409E+001, 1.29647E-001, 2.73935E+001, 2.50626E+001, 8.10212E-002, 2.61694E+001, 2.50143E+001, 1.01064E-005, 1.28544E-005, 1.47867E-005, 1.65577E-005, 1.99325E-005, 6.04233E-006, 1.04544E-005, 1.57240E-005, 1.73391E-005, 1.95209E-005, 8.59549E-007, 1.11540E-005, 1.71837E-005, 1.80672E-005, 1.79231E-005, 1.60281E-005, 1.90918E-005, 1.33608E-005, 4.62139E-007
 1.63003E+002, 2.54297E+001, 2.64824E+001, 4.10969E+001, 2.65972E+001, 2.50151E+001, 2.53102E+001, 2.62452E+001, 1.79928E-002, 2.03833E-001, 2.15298E+002, 2.10718E-001, 3.55501E+001, 2.60440E+001, 1.29817E-001, 2.73897E+001, 2.50627E+001, 8.34605E-002, 2.61159E+001, 2.50143E+001, 1.01233E-005, 1.28899E-005, 1.48714E-005, 1.67154E-005, 2.03966E-005, 6.02263E-006, 1.08774E-005, 1.58892E-005, 1.74463E-005, 1.97540E-005, 7.90171E-007, 1.12176E-005, 1.68059E-005, 1.81930E-005, 1.79875E-005, 1.61250E-005, 1.91891E-005, 1.34548E-005, 4.68354E-007
 1.64004E+002, 2.54309E+001, 2.64799E+001, 4.15785E+001, 2.65162E+001, 2.50149E+001, 2.53058E+001, 2.59928E+001, 1.79946E-002, 2.03791E-001, 2.15638E+002, 2.11130E-001, 3.61183E+001, 2.60462E+001, 1.29879E-001, 2.73847E+001, 2.50627E+001, 1.37864E-001, 2.60464E+001, 2.50142E+001, 1.01496E-005, 1.29291E-005, 1.49713E-005, 1.68651E-005, 2.05478E-005, 6.20910E-006, 1.14050E-005, 1.60399E-005, 1.75467E-005, 1.99937E-005, 7.12568E-007, 1.13655E-005, 1.69509E-005, 1.83522E-005, 1.81183E-005, 1.62212E-005, 1.92885E-005, 1.35443E-005, 4.74125E-007
 1.65005E+002, 2.54326E+001, 2.64645E+001, 4.11969E+001, 2.64994E+001, 2.50147E+001, 2.53901E+001, 2.56942E+001, 1.79952E-002, 2.03758E-001, 2.15891E+002, 2.12123E-001, 3.61588E+001, 2.60485E+001, 1.29425E-001, 2.73397E+001, 2.50627E+001, 9.28366E-002, 2.64758E+001, 2.50141E+001, 1.02033E-005, 1.29854E-005, 1.50748E-005, 1.69456E-005, 2.04662E-005, 6.43544E-006, 1.17430E-005, 1.61771E-005, 1.75965E-005, 2.01673E-005, 6.88927E-007, 1.17139E-005, 1.77600E-005, 1.85358E-005, 1.83644E-005, 1.63170E-005, 1.93878E-005, 1.36310E-005, 4.79403E-007
 1.66001E+002, 2.54352E+001, 2.64629E+001, 4.11045E+001, 2.63784E+001, 2.50146E+001, 2.54364E+001, 2.55977E+001, 1.79957E-002, 2.03724E-001, 2.16182E+002, 2.12426E-001, 3.62154E+001, 2.60507E+001, 1.29670E-001, 2.73251E+001, 2.50628E+001, 9.06518E-002, 2.66012E+001, 2.50141E+001, 1.02994E-005, 1.30700E-005, 1.51739E-005, 1.70254E-005, 2.04494E-005, 6.58338E-006, 1.18430E-005, 1.63082E-005, 1.76413E-005, 2.05369E-005, 7.30849E-007, 1.23169E-005, 1.82788E-005, 1.85212E-005, 1.85044E-005, 1.64133E-005, 1.94865E-005, 1.37176E-005, 4.84214E-007
 1.67002E+002, 2.54387E+001, 2.64737E+001, 4.10836E+001, 2.66639E+001, 2.50146E+001, 2.53855E+001, 2.58343E+001, 1.79950E-002, 2.03687E-001, 2.16530E+002, 2.12202E-001, 3.59887E+001, 2.60529E+001, 1.30328E-001, 2.73867E+001, 2.50631E+001, 8.44795E-002, 2.66082E+001, 2.50142E+001, 1.04428E-005, 1.31789E-005, 1.52595E-005, 1.71301E-005, 2.04805E-005, 6.66596E-006, 1.18353E-005, 1.64368E-005, 1.76810E-005, 2.05677E-005, 8.54512E-007, 1.28671E-005, 1.80169E-005, 1.84778E-005, 1.84694E-005, 1.65097E-005, 1.95856E-005, 1.38065E-005, 4.88756E-007
 1.68003E+002, 2.54420E+001, 2.64783E+001, 4.10643E+001, 2.66435E+001, 2.50146E+001, 2.53086E+001, 2.59244E+001, 1.79948E-002, 2.03644E-001, 2.16902E+002, 2.12019E-001, 3.57627E+001, 2.60555E+001, 1.30392E-001, 2.74015E+001, 2.50635E+001, 8.38129E-002, 2.64917E+001, 2.50143E+001, 1.06298E-005, 1.32974E-005, 1.53290E-005, 1.72185E-005, 2.05954E-005, 6.75528E-006, 1.18694E-005, 1.65605E-005, 1.77405E-005, 2.06905E-005, 8.98592E-007, 1.29553E-005, 1.77587E-005, 1.85147E-005, 1.85825E-005, 1.66064E-005, 1.96841E-005, 1.38987E-005, 4.94342E-007
 1.69004E+002, 2.54437E+001, 2.64777E+001, 4.11223E+001, 2.67566E+001, 2.50145E+001, 2.51767E+001, 2.58944E+001, 1.79955E-002, 2.03604E-001, 2.17311E+002, 2.11707E-001, 3.58688E+001, 2.60584E+001, 1.29521E-001, 2.74166E+001, 2.50639E+001, 8.60011E-002, 2.62743E+001, 2.50145E+001, 1.08392E-005, 1.34085E-005, 1.53936E-005, 1.73086E-005, 2.09073E-005, 6.89117E-006, 1.20361E-005, 1.66442E-005, 1.78256E-005, 2.06704E-005, 8.88602E-007, 1.22886E-005, 1.76753E-005, 1.87943E-005, 1.87157E-005, 1.67048E-005, 1.97816E-005, 1.39950E-005, 5.01533E-007
 1.70005E+002, 2.54431E+001, 2.64778E+001, 4.09669E+001, 2.66866E+001, 2.50143E+001, 2.51193E+001, 2.60100E+001, 1.79961E-002, 2.03581E-001, 2.17785E+002, 2.10836E-001, 3.56863E+001, 2.60607E+001, 1.28077E-001, 2.73882E+001, 2.50644E+001, 9.02664E-002, 2.62746E+001, 2.50147E+001, 1.10106E-005, 1.35032E-005, 1.54685E-005, 1.74373E-005, 2.10523E-005, 7.06119E-006, 1.22895E-005, 1.66749E-005, 1.79162E-005, 2.07596E-005, 1.06585E-006, 1.15532E-005, 1.78584E-005, 1.89724E-005, 1.87708E-005, 1.68030E-005, 1.98808E-005, 1.40894E-005, 5.09193E-007
 1.71000E+002, 2.54410E+001, 2.64721E+001, 4.01883E+001, 2.66626E+001, 2.50143E+001, 2.51391E+001, 2.58240E+001, 1.79979E-002, 2.03575E-001, 2.18292E+002, 2.09846E-001, 3.50111E+001, 2.60618E+001, 1.27958E-001, 2.74092E+001, 2.50648E+001, 8.78960E-002, 2.62474E+001, 2.50152E+001, 1.10704E-005, 1.35808E-005, 1.55627E-005, 1.75695E-005, 2.10092E-005, 7.24959E-006, 1.25397E-005, 1.67247E-005, 1.80219E-005, 2.09238E-005, 1.06674E-006, 1.18201E-005, 1.81221E-005, 1.91463E-005, 1.89814E-005, 1.68995E-005, 1.99811E-005, 1.41781E-005, 5.16699E-007
 1.72001E+002, 2.54390E+001, 2.64581E+001, 3.93087E+001, 2.67382E+001, 2.50144E+001, 2.52481E+001, 2.60939E+001, 1.79948E-002, 2.03571E-001, 2.18804E+002, 2.08782E-001, 3.42018E+001, 2.60623E+001, 1.27808E-001, 2.74218E+001, 2.50652E+001, 8.48908E-002, 2.62630E+001, 2.50154E+001, 1.10129E-005, 1.36454E-005, 1.56730E-005, 1.76402E-005, 2.11457E-005, 7.41946E-006, 1.27356E-005, 1.68607E-005, 1.81165E-005, 2.09817E-005, 8.39497E-007, 1.26074E-005, 1.81033E-005, 1.91905E-005, 1.91839E-005, 1.69956E-005, 2.00809E-005, 1.42660E-005, 5.23910E-007
 1.73002E+002, 2.54381E+001, 2.64485E+001, 3.97200E+001, 2.66702E+001, 2.50147E+001, 2.53367E+001, 2.59015E+001, 1.79927E-002, 2.03559E-001, 2.19328E+002, 2.08890E-001, 3.43230E+001, 2.60636E+001, 1.27050E-001, 2.73902E+001, 2.50655E+001, 8.28616E-002, 2.62562E+001, 2.50151E+001, 1.08898E-005, 1.37041E-005, 1.58050E-005, 1.76853E-005, 2.09295E-005, 7.49402E-006, 1.28282E-005, 1.70346E-005, 1.81965E-005, 2.10521E-005, 7.60777E-007, 1.32385E-005, 1.81537E-005, 1.91259E-005, 1.92863E-005, 1.70916E-005, 2.01796E-005, 1.43544E-005, 5.31754E-007
 1.74003E+002, 2.54384E+001, 2.64538E+001, 3.98451E+001, 2.65636E+001, 2.50148E+001, 2.53538E+001, 2.58786E+001, 1.79947E-002, 2.03535E-001, 2.19871E+002, 2.09500E-001, 3.43638E+001, 2.60656E+001, 1.25772E-001, 2.73578E+001, 2.50659E+001, 8.23687E-002, 2.62746E+001, 2.50150E+001, 1.07658E-005, 1.37696E-005, 1.59559E-005, 1.77746E-005, 2.08690E-005, 7.40933E-006, 1.27983E-005, 1.71957E-005, 1.82815E-005, 2.10822E-005, 8.00218E-007, 1.35539E-005, 1.83024E-005, 1.92851E-005, 1.92926E-005, 1.71875E-005, 2.02777E-005, 1.44427E-005, 5.41714E-007
 1.75000E+002, 2.54388E+001, 2.64606E+001, 4.02599E+001, 2.65699E+001, 2.50148E+001, 2.54155E+001, 2.58024E+001, 1.79971E-002, 2.03502E-001, 2.20305E+002, 2.10408E-001, 3.50322E+001, 2.60674E+001, 1.24328E-001, 2.73422E+001, 2.50662E+001, 8.05024E-002, 2.63720E+001, 2.50149E+001, 1.07046E-005, 1.38626E-005, 1.61062E-005, 1.79066E-005, 2.11899E-005, 7.19981E-006, 1.26964E-005, 1.73993E-005, 1.83866E-005, 2.10286E-005, 9.10068E-007, 1.36444E-005, 1.83102E-005, 1.94205E-005, 1.93373E-005, 1.72831E-005, 2.03757E-005, 1.45313E-005, 5.52746E-007
 1.76002E+002, 2.54382E+001, 2.64631E+001, 4.00851E+001, 2.66378E+001, 2.50148E+001, 2.54483E+001, 2.57356E+001, 1.79926E-002, 2.03465E-001, 2.20683E+002, 2.10755E-001, 3.50710E+001, 2.60691E+001, 1.23774E-001, 2.73485E+001, 2.50664E+001, 8.09473E-002, 2.63536E+001, 2.50149E+001, 1.07339E-005, 1.39836E-005, 1.62259E-005, 1.80203E-005, 2.11693E-005, 6.97680E-006, 1.26056E-005, 1.76297E-005, 1.85170E-005, 2.10611E-005, 8.96468E-007, 1.34767E-005, 1.82443E-005, 1.96350E-005, 1.95312E-005, 1.73783E-005, 2.04732E-005, 1.46219E-005, 5.63603E-007
 1.77004E+002, 2.54361E+001, 2.64620E+001, 4.01276E+001, 2.65431E+001, 2.50147E+001, 2.54561E+001, 2.60291E+001, 1.79954E-002, 2.03430E-001, 2.21087E+002, 2.10786E-001, 3.50618E+001, 2.60707E+001, 1.23697E-001, 2.73581E+001, 2.50665E+001, 8.46609E-002, 2.64473E+001, 2.50150E+001, 1.08341E-005, 1.41195E-005, 1.63155E-005, 1.80909E-005, 2.13111E-005, 6.84610E-006, 1.25688E-005, 1.78540E-005, 1.86560E-005, 2.11657E-005, 9.40952E-007, 1.30579E-005, 1.80781E-005, 1.95912E-005, 1.96337E-005, 1.74744E-005, 2.05687E-005, 1.47166E-005, 5.73718E-007
 1.78001E+002, 2.54333E+001, 2.64626E+001, 3.99857E+001, 2.65919E+001, 2.50147E+001, 2.54226E+001, 2.61044E+001, 1.79960E-002, 2.03406E-001, 2.21486E+002, 2.10306E-001, 3.52672E+001, 2.60720E+001, 1.24562E-001, 2.73670E+001, 2.50668E+001, 8.33280E-002, 2.63945E+001, 2.50150E+001, 1.09758E-005, 1.42661E-005, 1.64010E-005, 1.81792E-005, 2.15774E-005, 6.83954E-006, 1.25559E-005, 1.80549E-005, 1.87597E-005, 2.12624E-005, 1.09472E-006, 1.27653E-005, 1.78399E-005, 1.98361E-005, 1.96631E-005, 1.75708E-005, 2.06618E-005, 1.48140E-005, 5.83100E-007
 1.79002E+002, 2.54311E+001, 2.64617E+001, 4.02644E+001, 2.65026E+001, 2.50146E+001, 2.53717E+001, 2.61088E+001, 1.79951E-002, 2.03395E-001, 2.21878E+002, 2.10472E-001, 3.53130E+001, 2.60732E+001, 1.24008E-001, 2.72440E+001, 2.50671E+001, 8.33022E-002, 2.63089E+001, 2.50151E+001, 1.11398E-005, 1.44217E-005, 1.65106E-005, 1.82793E-005, 2.16577E-005, 6.92717E-006, 1.25399E-005, 1.82066E-005, 1.88340E-005, 2.14046E-005, 1.19421E-006, 1.30125E-005, 1.77434E-005, 1.98984E-005, 1.96960E-005, 1.76674E-005, 2.07529E-005, 1.49128E-005, 5.92187E-007
 1.80004E+002, 2.54300E+001, 2.64613E+001, 4.01335E+001, 2.64182E+001, 2.50146E+001, 2.53621E+001, 2.61258E+001, 1.79949E-002, 2.03384E-001, 2.22314E+002, 2.11207E-001, 3.57759E+001, 2.60745E+001, 1.25034E-001, 2.72255E+001, 2.50675E+001, 8.34920E-002, 2.63022E+001, 2.50152E+001, 1.13135E-005, 1.45795E-005, 1.66403E-005, 1.83814E-005, 2.17655E-005, 7.06906E-006, 1.25358E-005, 1.83280E-005, 1.89362E-005, 2.15067E-005, 1.22391E-006, 1.35505E-005, 1.79720E-005, 1.98397E-005, 1.98125E-005, 1.77646E-005, 2.08432E-005, 1.50134E-005, 6.01351E-007
 1.81000E+002, 2.54295E+001, 2.64614E+001, 3.98374E+001, 2.64616E+001, 2.50146E+001, 2.52982E+001, 2.60698E+001, 1.79949E-002, 2.03350E-001, 2.22796E+002, 2.11718E-001, 3.58938E+001, 2.60758E+001, 1.26284E-001, 2.72827E+001, 2.50681E+001, 8.39084E-002, 2.63605E+001, 2.50154E+001, 1.14809E-005, 1.47302E-005, 1.67516E-005, 1.85013E-005, 2.19111E-005, 7.23987E-006, 1.25644E-005, 1.84611E-005, 1.90643E-005, 2.16295E-005, 1.35122E-006, 1.38697E-005, 1.81885E-005, 1.98412E-005, 1.99535E-005, 1.78617E-005, 2.09338E-005, 1.51133E-005, 6.10188E-007
 1.82002E+002, 2.54293E+001, 2.64651E+001, 4.00356E+001, 2.66583E+001, 2.50147E+001, 2.52215E+001, 2.58626E+001, 1.79951E-002, 2.03309E-001, 2.23327E+002, 2.11824E-001, 3.59625E+001, 2.60771E+001, 1.27838E-001, 2.73973E+001, 2.50687E+001, 8.45839E-002, 2.64080E+001, 2.50156E+001, 1.16299E-005, 1.48693E-005, 1.68241E-005, 1.86155E-005, 2.20265E-005, 7.42450E-006, 1.26090E-005, 1.85454E-005, 1.91950E-005, 2.17857E-005, 1.39634E-006, 1.38359E-005, 1.85938E-005, 1.99786E-005, 2.00237E-005, 1.79582E-005, 2.10246E-005, 1.52117E-005, 6.18624E-007
 1.83003E+002, 2.54296E+001, 2.64692E+001, 3.99559E+001, 2.69357E+001, 2.50147E+001, 2.52002E+001, 2.56002E+001, 1.79952E-002, 2.03286E-001, 2.23847E+002, 2.11901E-001, 3.60997E+001, 2.60785E+001, 1.27092E-001, 2.74033E+001, 2.50692E+001, 8.83359E-002, 2.63707E+001, 2.50157E+001, 1.17627E-005, 1.49973E-005, 1.68865E-005, 1.86982E-005, 2.21927E-005, 7.60102E-006, 1.26410E-005, 1.86011E-005, 1.92936E-005, 2.17509E-005, 1.24144E-006, 1.37272E-005, 1.94393E-005, 2.02830E-005, 2.01359E-005, 1.80540E-005, 2.11159E-005, 1.53077E-005, 6.27569E-007
 1.84005E+002, 2.54313E+001, 2.64698E+001, 3.97163E+001, 2.67669E+001, 2.50148E+001, 2.52299E+001, 2.57271E+001, 1.79953E-002, 2.03271E-001, 2.24313E+002, 2.11993E-001, 3.62672E+001, 2.60804E+001, 1.27169E-001, 2.74035E+001, 2.50696E+001, 8.89880E-002, 2.63527E+001, 2.50157E+001, 1.18886E-005, 1.51161E-005, 1.69633E-005, 1.87757E-005, 2.23804E-005, 7.74077E-006, 1.26631E-005, 1.86963E-005, 1.94058E-005, 2.18797E-005, 1.03594E-006, 1.38456E-005, 1.98887E-005, 2.04967E-005, 2.02699E-005, 1.81487E-005, 2.12069E-005, 1.54023E-005, 6.37280E-007
 1.85001E+002, 2.54351E+001, 2.64752E+001, 4.01825E+001, 2.66531E+001, 2.50149E+001, 2.52561E+001, 2.60303E+001, 1.79955E-002, 2.03250E-001, 2.24764E+002, 2.12090E-001, 3.62981E+001, 2.60829E+001, 1.27152E-001, 2.74200E+001, 2.50699E+001, 8.83161E-002, 2.65018E+001, 2.50157E+001, 1.20100E-005, 1.52271E-005, 1.70666E-005, 1.88853E-005, 2.24973E-005, 7.82287E-006, 1.27128E-005, 1.88080E-005, 1.95273E-005, 2.20112E-005, 9.38952E-007, 1.40617E-005, 2.03307E-005, 2.06450E-005, 2.05143E-005, 1.82423E-005, 2.12967E-005, 1.54969E-005, 6.47227E-007
 1.86003E+002, 2.54403E+001, 2.64851E+001, 4.09809E+001, 2.65537E+001, 2.50148E+001, 2.52295E+001, 2.60317E+001, 1.79956E-002, 2.03223E-001, 2.25178E+002, 2.12049E-001, 3.62325E+001, 2.60864E+001, 1.26704E-001, 2.73988E+001, 2.50701E+001, 8.99444E-002, 2.64489E+001, 2.50157E+001, 1.21209E-005, 1.53306E-005, 1.72089E-005, 1.90374E-005, 2.25247E-005, 7.86577E-006, 1.28099E-005, 1.89036E-005, 1.96179E-005, 2.21830E-005, 9.38755E-007, 1.42526E-005, 2.04961E-005, 2.06033E-005, 2.06456E-005, 1.83364E-005, 2.13867E-005, 1.55921E-005, 6.56805E-007
 1.87004E+002, 2.54457E+001, 2.64868E+001, 4.11278E+001, 2.65484E+001, 2.50146E+001, 2.51778E+001, 2.63286E+001, 1.79960E-002, 2.03193E-001, 2.25531E+002, 2.12145E-001, 3.62201E+001, 2.60910E+001, 1.26492E-001, 2.73854E+001, 2.50703E+001, 9.28314E-002, 2.64204E+001, 2.50157E+001, 1.22143E-005, 1.54271E-005, 1.73807E-005, 1.91977E-005, 2.26650E-005, 7.89535E-006, 1.29309E-005, 1.90140E-005, 1.96850E-005, 2.23043E-005, 1.11876E-006, 1.42231E-005, 2.02612E-005, 2.05284E-005, 2.06720E-005, 1.84325E-005, 2.14788E-005, 1.56898E-005, 6.66576E-007
 1.88001E+002, 2.54502E+001, 2.64754E+001, 4.08960E+001, 2.66140E+001, 2.50143E+001, 2.51318E+001, 2.62340E+001, 1.79971E-002, 2.03157E-001, 2.25814E+002, 2.11905E-001, 3.62864E+001, 2.60962E+001, 1.26596E-001, 2.74111E+001, 2.50706E+001, 9.16189E-002, 2.62958E+001, 2.50157E+001, 1.22869E-005, 1.55167E-005, 1.75493E-005, 1.93185E-005, 2.29674E-005, 7.90668E-006, 1.30299E-005, 1.91569E-005, 1.97602E-005, 2.24508E-005, 2.10212E-006, 1.39271E-005, 1.96885E-005, 2.03942E-005, 2.06865E-005, 1.85290E-005, 2.15753E-005, 1.57876E-005, 6.77126E-007
 1.89002E+002, 2.54533E+001, 2.64644E+001, 4.08295E+001, 2.66071E+001, 2.50141E+001, 2.51105E+001, 2.61957E+001, 1.79966E-002, 2.03112E-001, 2.26076E+002, 2.11746E-001, 3.65596E+001, 2.61014E+001, 1.25142E-001, 2.73815E+001, 2.50710E+001, 9.17125E-002, 2.62219E+001, 2.50164E+001, 1.23420E-005, 1.55986E-005, 1.76873E-005, 1.94100E-005, 2.33037E-005, 7.88172E-006, 1.30784E-005, 1.93322E-005, 1.98468E-005, 2.25466E-005, 2.58663E-006, 1.32628E-005, 1.88396E-005, 2.08201E-005, 2.07638E-005, 1.86253E-005, 2.16774E-005, 1.58818E-005, 6.89769E-007
 1.90004E+002, 2.54549E+001, 2.64648E+001, 4.07489E+001, 2.64056E+001, 2.50140E+001, 2.51108E+001, 2.60176E+001, 1.79935E-002, 2.03070E-001, 2.26365E+002, 2.11716E-001, 3.65844E+001, 2.61059E+001, 1.23830E-001, 2.72906E+001, 2.50714E+001, 9.28442E-002, 2.62680E+001, 2.50172E+001, 1.23889E-005, 1.56729E-005, 1.77847E-005, 1.95053E-005, 2.33535E-005, 7.82006E-006, 1.30726E-005, 1.95068E-005, 1.99321E-005, 2.27521E-005, 1.53248E-006, 1.28351E-005, 1.87467E-005, 2.12471E-005, 2.09706E-005, 1.87209E-005, 2.17828E-005, 1.59708E-005, 7.02852E-007
 1.91000E+002, 2.54559E+001, 2.64705E+001, 4.08316E+001, 2.64930E+001, 2.50139E+001, 2.51409E+001, 2.58094E+001, 1.79931E-002, 2.03047E-001, 2.26682E+002, 2.11575E-001, 3.64025E+001, 2.61097E+001, 1.24027E-001, 2.72734E+001, 2.50719E+001, 9.24770E-002, 2.63347E+001, 2.50164E+001, 1.24428E-005, 1.57436E-005, 1.78562E-005, 1.96025E-005, 2.33704E-005, 7.74678E-006, 1.30379E-005, 1.96272E-005, 2.00133E-005, 2.28716E-005, 1.40414E-006, 1.33641E-005, 1.92861E-005, 2.12115E-005, 2.11556E-005, 1.88151E-005, 2.18869E-005, 1.60552E-005, 7.15821E-007
 1.92002E+002, 2.54572E+001, 2.64712E+001, 4.06897E+001, 2.66358E+001, 2.50140E+001, 2.52322E+001, 2.60502E+001, 1.79948E-002, 2.03040E-001, 2.27057E+002, 2.11578E-001, 3.62411E+001, 2.61129E+001, 1.25716E-001, 2.73256E+001, 2.50722E+001, 8.99112E-002, 2.63550E+001, 2.50160E+001, 1.25195E-005, 1.58185E-005, 1.79298E-005, 1.96813E-005, 2.33671E-005, 7.70777E-006, 1.30392E-005, 1.96932E-005, 2.00940E-005, 2.29558E-005, 1.13820E-006, 1.39078E-005, 1.95877E-005, 2.11533E-005, 2.12306E-005, 1.89081E-005, 2.19892E-005, 1.61402E-005, 7.28317E-007
 1.93003E+002, 2.54595E+001, 2.64710E+001, 4.06619E+001, 2.68349E+001, 2.50141E+001, 2.53022E+001, 2.58076E+001, 1.79949E-002, 2.03038E-001, 2.27535E+002, 2.11551E-001, 3.61176E+001, 2.61159E+001, 1.26940E-001, 2.73616E+001, 2.50725E+001, 9.18061E-002, 2.63877E+001, 2.50160E+001, 1.26258E-005, 1.59048E-005, 1.80236E-005, 1.97538E-005, 2.33993E-005, 7.76398E-006, 1.31530E-005, 1.97278E-005, 2.01757E-005, 2.29457E-005, 1.00428E-006, 1.41594E-005, 1.95003E-005, 2.11087E-005, 2.12306E-005, 1.90003E-005, 2.20907E-005, 1.62257E-005, 7.39697E-007
 1.94005E+002, 2.54625E+001, 2.64781E+001, 4.06106E+001, 2.69216E+001, 2.50142E+001, 2.52856E+001, 2.61929E+001, 1.79950E-002, 2.03029E-001, 2.28101E+002, 2.11335E-001, 3.60148E+001, 2.61190E+001, 1.27700E-001, 2.73874E+001, 2.50728E+001, 9.08492E-002, 2.65097E+001, 2.50161E+001, 1.27526E-005, 1.60027E-005, 1.81406E-005, 1.98395E-005, 2.34587E-005, 7.93738E-006, 1.34308E-005, 1.97523E-005, 2.02852E-005, 2.29611E-005, 9.93978E-007, 1.45484E-005, 1.95273E-005, 2.11148E-005, 2.10834E-005, 1.90934E-005, 2.21913E-005, 1.63128E-005, 7.49982E-007
 1.95001E+002, 2.54652E+001, 2.64907E+001, 4.04845E+001, 2.69025E+001, 2.50144E+001, 2.52593E+001, 2.59298E+001, 1.79954E-002, 2.03008E-001, 2.28722E+002, 2.11033E-001, 3.59390E+001, 2.61224E+001, 1.28348E-001, 2.74328E+001, 2.50730E+001, 8.75857E-002, 2.64571E+001, 2.50162E+001, 1.28782E-005, 1.61038E-005, 1.82618E-005, 1.99446E-005, 2.35581E-005, 8.18024E-006, 1.38239E-005, 1.97835E-005, 2.04254E-005, 2.30634E-005, 1.04735E-006, 1.49767E-005, 2.01433E-005, 2.11780E-005, 2.10796E-005, 1.91870E-005, 2.22913E-005, 1.63997E-005, 7.59384E-007
 1.96003E+002, 2.54662E+001, 2.64978E+001, 4.03412E+001, 2.69094E+001, 2.50146E+001, 2.52425E+001, 2.60448E+001, 1.79955E-002, 2.02981E-001, 2.29356E+002, 2.10983E-001, 3.59182E+001, 2.61258E+001, 1.28507E-001, 2.74732E+001, 2.50731E+001, 8.25931E-002, 2.63976E+001, 2.50163E+001, 1.29844E-005, 1.61986E-005, 1.83544E-005, 2.00624E-005, 2.36478E-005, 8.42370E-006, 1.42571E-005, 1.98218E-005, 2.05520E-005, 2.31392E-005, 1.11203E-006, 1.53202E-005, 2.08379E-005, 2.12346E-005, 2.11104E-005, 1.92805E-005, 2.23901E-005, 1.64855E-005, 7.67710E-007
 1.97004E+002, 2.54654E+001, 2.64934E+001, 4.03001E+001, 2.69275E+001, 2.50147E+001, 2.52242E+001, 2.60935E+001, 1.79952E-002, 2.02956E-001, 2.29981E+002, 2.11211E-001, 3.59791E+001, 2.61287E+001, 1.28056E-001, 2.74743E+001, 2.50734E+001, 7.83889E-002, 2.63783E+001, 2.50164E+001, 1.30670E-005, 1.62856E-005, 1.84149E-005, 2.01761E-005, 2.37171E-005, 8.63214E-006, 1.46498E-005, 1.98646E-005, 2.06394E-005, 2.31925E-005, 1.16612E-006, 1.56334E-005, 2.13208E-005, 2.13059E-005, 2.12002E-005, 1.93742E-005, 2.24882E-005, 1.65711E-005, 7.74513E-007
 1.98001E+002, 2.54640E+001, 2.64800E+001, 4.03550E+001, 2.69155E+001, 2.50148E+001, 2.52194E+001, 2.59155E+001, 1.79949E-002, 2.02940E-001, 2.30577E+002, 2.11641E-001, 3.61405E+001, 2.61307E+001, 1.27767E-001, 2.74636E+001, 2.50736E+001, 7.80976E-002, 2.63019E+001, 2.50165E+001, 1.31365E-005, 1.63746E-005, 1.84724E-005, 2.02736E-005, 2.37968E-005, 8.80337E-006, 1.49366E-005, 1.99307E-005, 2.07143E-005, 2.32856E-005, 1.17119E-006, 1.60156E-005, 2.13827E-005, 2.17313E-005, 2.14557E-005, 1.94664E-005, 2.25873E-005, 1.66547E-005, 7.80117E-007
 1.99002E+002, 2.54637E+001, 2.64648E+001, 4.06404E+001, 2.68776E+001, 2.50149E+001, 2.52716E+001, 2.59013E+001, 1.79950E-002, 2.02932E-001, 2.31123E+002, 2.12232E-001, 3.63900E+001, 2.61321E+001, 1.27935E-001, 2.74648E+001, 2.50740E+001, 8.02967E-002, 2.64908E+001, 2.50166E+001, 1.32086E-005, 1.64782E-005, 1.85502E-005, 2.03636E-005, 2.39233E-005, 8.95374E-006, 1.50930E-005, 2.00584E-005, 2.08021E-005, 2.34287E-005, 1.13703E-006, 1.64811E-005, 2.13765E-005, 2.19766E-005, 2.16875E-005, 1.95576E-005, 2.26870E-005, 1.67385E-005, 7.85691E-007
 2.00004E+002, 2.54655E+001, 2.64565E+001, 4.11895E+001, 2.68619E+001, 2.50150E+001, 2.54004E+001, 2.58956E+001, 1.79951E-002, 2.02924E-001, 2.31592E+002, 2.12708E-001, 3.67512E+001, 2.61332E+001, 1.28270E-001, 2.74830E+001, 2.50744E+001, 8.04437E-002, 2.64104E+001, 2.50166E+001, 1.32901E-005, 1.65996E-005, 1.86537E-005, 2.04579E-005, 2.41629E-005, 9.10237E-006, 1.51356E-005, 2.02488E-005, 2.09043E-005, 2.35820E-005, 1.13271E-006, 1.65882E-005, 2.15494E-005, 2.19960E-005, 2.18679E-005, 1.96480E-005, 2.27866E-005, 1.68230E-005, 7.93018E-007
 2.01000E+002, 2.54691E+001, 2.64578E+001, 4.15945E+001, 2.69242E+001, 2.50150E+001, 2.55390E+001, 2.64275E+001, 1.79953E-002, 2.02909E-001, 2.31960E+002, 2.12804E-001, 3.70605E+001, 2.61347E+001, 1.28487E-001, 2.75072E+001, 2.50749E+001, 8.10331E-002, 2.64071E+001, 2.50166E+001, 1.33717E-005, 1.67295E-005, 1.87779E-005, 2.05566E-005, 2.44569E-005, 9.25660E-006, 1.51101E-005, 2.04284E-005, 2.10063E-005, 2.37212E-005, 1.09794E-006, 1.61018E-005, 2.14202E-005, 2.19714E-005, 2.19480E-005, 1.97378E-005, 2.28852E-005, 1.69076E-005, 8.02547E-007
 2.02002E+002, 2.54735E+001, 2.64659E+001, 4.17256E+001, 2.69918E+001, 2.50149E+001, 2.56504E+001, 2.64560E+001, 1.79955E-002, 2.02888E-001, 2.32270E+002, 2.12855E-001, 3.70103E+001, 2.61374E+001, 1.28375E-001, 2.75068E+001, 2.50754E+001, 8.55982E-002, 2.64904E+001, 2.50166E+001, 1.34377E-005, 1.68543E-005, 1.89111E-005, 2.06615E-005, 2.45684E-005, 9.39959E-006, 1.50700E-005, 2.05170E-005, 2.10981E-005, 2.38305E-005, 1.09268E-006, 1.53856E-005, 2.08476E-005, 2.19985E-005, 2.19171E-005, 1.98274E-005, 2.29836E-005, 1.69915E-005, 8.13246E-007
 2.03003E+002, 2.54770E+001, 2.64732E+001, 4.14017E+001, 2.68162E+001, 2.50147E+001, 2.56204E+001, 2.57939E+001, 1.79958E-002, 2.02864E-001, 2.32575E+002, 2.12853E-001, 3.66032E+001, 2.61409E+001, 1.27576E-001, 2.74416E+001, 2.50759E+001, 8.80317E-002, 2.64521E+001, 2.50166E+001, 1.34796E-005, 1.69652E-005, 1.90378E-005, 2.07705E-005, 2.44742E-005, 9.46251E-006, 1.50647E-005, 2.05206E-005, 2.11851E-005, 2.39733E-005, 1.13179E-006, 1.46652E-005, 2.02613E-005, 2.18736E-005, 2.18865E-005, 1.99175E-005, 2.30831E-005, 1.70763E-005, 8.24802E-007
 2.04005E+002, 2.54789E+001, 2.64777E+001, 4.07712E+001, 2.66273E+001, 2.50146E+001, 2.53447E+001, 2.57544E+001, 1.79965E-002, 2.02844E-001, 2.32878E+002, 2.12488E-001, 3.61148E+001, 2.61447E+001, 1.26687E-001, 2.73758E+001, 2.50762E+001, 8.66425E-002, 2.63611E+001, 2.50166E+001, 1.35088E-005, 1.70609E-005, 1.91495E-005, 2.08769E-005, 2.44183E-005, 9.35963E-006, 1.51342E-005, 2.04678E-005, 2.12818E-005, 2.42254E-005, 1.34731E-006, 1.44117E-005, 2.02400E-005, 2.18315E-005, 2.19246E-005, 2.00095E-005, 2.31829E-005, 1.71633E-005, 8.36534E-007
 2.05001E+002, 2.54791E+001, 2.64846E+001, 4.03147E+001, 2.66463E+001, 2.50145E+001, 2.51520E+001, 2.59083E+001, 1.79976E-002, 2.02839E-001, 2.33178E+002, 2.12122E-001, 3.58307E+001, 2.61482E+001, 1.26299E-001, 2.74000E+001, 2.50765E+001, 8.04466E-002, 2.62974E+001, 2.50167E+001, 1.35530E-005, 1.71479E-005, 1.92531E-005, 2.09760E-005, 2.44803E-005, 9.12052E-006, 1.52628E-005, 2.04122E-005, 2.13709E-005, 2.43312E-005, 2.46151E-006, 1.50307E-005, 2.03632E-005, 2.19348E-005, 2.20170E-005, 2.01014E-005, 2.32816E-005, 1.72478E-005, 8.48108E-007
 2.06003E+002, 2.54782E+001, 2.64902E+001, 4.00956E+001, 2.66631E+001, 2.50144E+001, 2.51211E+001, 2.58977E+001, 1.79936E-002, 2.02848E-001, 2.33486E+002, 2.12367E-001, 3.56409E+001, 2.61509E+001, 1.25455E-001, 2.73899E+001, 2.50766E+001, 7.66167E-002, 2.63005E+001, 2.50169E+001, 1.36384E-005, 1.72360E-005, 1.93589E-005, 2.10594E-005, 2.44160E-005, 8.87938E-006, 1.53823E-005, 2.04065E-005, 2.14547E-005, 2.43300E-005, 2.73672E-006, 1.58020E-005, 2.05525E-005, 2.19370E-005, 2.21184E-005, 2.01919E-005, 2.33790E-005, 1.73276E-005, 8.59260E-007
 2.07004E+002, 2.54767E+001, 2.64866E+001, 3.98868E+001, 2.65746E+001, 2.50144E+001, 2.51492E+001, 2.59036E+001, 1.79933E-002, 2.02863E-001, 2.33818E+002, 2.12699E-001, 3.56525E+001, 2.61529E+001, 1.24732E-001, 2.73525E+001, 2.50768E+001, 7.89404E-002, 2.63472E+001, 2.50170E+001, 1.37781E-005, 1.73379E-005, 1.94765E-005, 2.11381E-005, 2.43697E-005, 8.75364E-006, 1.54886E-005, 2.04150E-005, 2.15545E-005, 2.43744E-005, 1.70301E-006, 1.63238E-005, 2.07800E-005, 2.20411E-005, 2.21662E-005, 2.02826E-005, 2.34761E-005, 1.74076E-005, 8.69604E-007
 2.08001E+002, 2.54755E+001, 2.64800E+001, 3.99748E+001, 2.65856E+001, 2.50145E+001, 2.52114E+001, 2.59179E+001, 1.79946E-002, 2.02873E-001, 2.34190E+002, 2.13003E-001, 3.57986E+001, 2.61542E+001, 1.24890E-001, 2.73549E+001, 2.50770E+001, 8.14176E-002, 2.63867E+001, 2.50170E+001, 1.39704E-005, 1.74682E-005, 1.96175E-005, 2.12380E-005, 2.44160E-005, 8.74521E-006, 1.56309E-005, 2.04571E-005, 2.16593E-005, 2.44159E-005, 1.28716E-006, 1.62800E-005, 2.10267E-005, 2.21900E-005, 2.22383E-005, 2.03738E-005, 2.35737E-005, 1.74912E-005, 8.78827E-007
 2.09002E+002, 2.54751E+001, 2.64821E+001, 3.99920E+001, 2.66617E+001, 2.50146E+001, 2.52528E+001, 2.58575E+001, 1.79950E-002, 2.02859E-001, 2.34623E+002, 2.13122E-001, 3.58740E+001, 2.61553E+001, 1.24744E-001, 2.73659E+001, 2.50772E+001, 8.11323E-002, 2.63911E+001, 2.50171E+001, 1.41985E-005, 1.76352E-005, 1.97848E-005, 2.13658E-005, 2.45105E-005, 8.81087E-006, 1.58146E-005, 2.05695E-005, 2.17471E-005, 2.44032E-005, 1.27011E-006, 1.60610E-005, 2.12828E-005, 2.22931E-005, 2.24149E-005, 2.04652E-005, 2.36724E-005, 1.75765E-005, 8.87661E-007
 2.10004E+002, 2.54757E+001, 2.64877E+001, 4.00440E+001, 2.66533E+001, 2.50148E+001, 2.52598E+001, 2.57997E+001, 1.79950E-002, 2.02815E-001, 2.35102E+002, 2.13201E-001, 3.59784E+001, 2.61566E+001, 1.23996E-001, 2.73649E+001, 2.50776E+001, 8.21294E-002, 2.64493E+001, 2.50172E+001, 1.44341E-005, 1.78274E-005, 1.99526E-005, 2.15035E-005, 2.46129E-005, 8.88939E-006, 1.59758E-005, 2.07020E-005, 2.18326E-005, 2.44293E-005, 1.35918E-006, 1.62112E-005, 2.14416E-005, 2.24904E-005, 2.26286E-005, 2.05565E-005, 2.37720E-005, 1.76613E-005, 8.97188E-007
 2.11000E+002, 2.54768E+001, 2.64903E+001, 4.00503E+001, 2.66560E+001, 2.50149E+001, 2.52551E+001, 2.59196E+001, 1.79951E-002, 2.02763E-001, 2.35598E+002, 2.13306E-001, 3.60767E+001, 2.61583E+001, 1.23386E-001, 2.73811E+001, 2.50779E+001, 8.36269E-002, 2.64856E+001, 2.50173E+001, 1.46498E-005, 1.80178E-005, 2.00874E-005, 2.16330E-005, 2.47043E-005, 8.93884E-006, 1.60612E-005, 2.07851E-005, 2.19175E-005, 2.45041E-005, 1.43176E-006, 1.62487E-005, 2.15660E-005, 2.27444E-005, 2.28067E-005, 2.06476E-005, 2.38715E-005, 1.77451E-005, 9.07467E-007
 2.12002E+002, 2.54781E+001, 2.64896E+001, 4.01187E+001, 2.66904E+001, 2.50150E+001, 2.52576E+001, 2.61310E+001, 1.79954E-002, 2.02729E-001, 2.36079E+002, 2.13474E-001, 3.62015E+001, 2.61601E+001, 1.23182E-001, 2.73995E+001, 2.50782E+001, 8.23428E-002, 2.62491E+001, 2.50174E+001, 1.48349E-005, 1.81848E-005, 2.01725E-005, 2.17418E-005, 2.48019E-005, 8.95439E-006, 1.60576E-005, 2.08729E-005, 2.19879E-005, 2.46091E-005, 1.42124E-006, 1.60528E-005, 2.17936E-005, 2.29718E-005, 2.29171E-005, 2.07387E-005, 2.39708E-005, 1.78283E-005, 9.18241E-007
 2.13003E+002, 2.54796E+001, 2.64899E+001, 4.02957E+001, 2.66714E+001, 2.50150E+001, 2.52643E+001, 2.64476E+001, 1.79955E-002, 2.02710E-001, 2.36514E+002, 2.13668E-001, 3.63239E+001, 2.61621E+001, 1.23188E-001, 2.73891E+001, 2.50785E+001, 8.62612E-002, 2.62088E+001, 2.50175E+001, 1.49917E-005, 1.83207E-005, 2.02090E-005, 2.18230E-005, 2.49185E-005, 8.94240E-006, 1.59726E-005, 2.10244E-005, 2.20493E-005, 2.47166E-005, 1.41742E-006, 1.58697E-005, 2.20840E-005, 2.31116E-005, 2.29747E-005, 2.08303E-005, 2.40702E-005, 1.79124E-005, 9.30624E-007
 2.14005E+002, 2.54816E+001, 2.64960E+001, 4.04360E+001, 2.64796E+001, 2.50149E+001, 2.52505E+001, 2.59974E+001, 1.79954E-002, 2.02696E-001, 2.36908E+002, 2.13704E-001, 3.63723E+001, 2.61645E+001, 1.22680E-001, 2.73118E+001, 2.50789E+001, 9.03655E-002, 2.63853E+001, 2.50176E+001, 1.51189E-005, 1.84269E-005, 2.02156E-005, 2.18858E-005, 2.50296E-005, 8.91247E-006, 1.58388E-005, 2.12391E-005, 2.21183E-005, 2.48311E-005, 1.44343E-006, 1.57108E-005, 2.26681E-005, 2.30796E-005, 2.31067E-005, 2.09212E-005, 2.41697E-005, 1.79955E-005, 9.47627E-007
 2.15001E+002, 2.54844E+001, 2.65053E+001, 4.05389E+001, 2.62480E+001, 2.50148E+001, 2.52555E+001, 2.57021E+001, 1.79951E-002, 2.02678E-001, 2.37296E+002, 2.13659E-001, 3.63641E+001, 2.61674E+001, 1.22317E-001, 2.72221E+001, 2.50792E+001, 8.78161E-002, 2.64402E+001, 2.50177E+001, 1.52002E-005, 1.85063E-005, 2.02109E-005, 2.19374E-005, 2.51017E-005, 8.88934E-006, 1.57256E-005, 2.14446E-005, 2.22264E-005, 2.50108E-005, 1.46480E-006, 1.58050E-005, 2.28080E-005, 2.30286E-005, 2.32548E-005, 2.10110E-005, 2.42697E-005, 1.80758E-005, 9.65870E-007
 2.16003E+002, 2.54876E+001, 2.65095E+001, 4.06026E+001, 2.63078E+001, 2.50148E+001, 2.53365E+001, 2.57663E+001, 1.79949E-002, 2.02659E-001, 2.37673E+002, 2.13548E-001, 3.64161E+001, 2.61707E+001, 1.23580E-001, 2.72580E+001, 2.50796E+001, 8.47951E-002, 2.64639E+001, 2.50177E+001, 1.52126E-005, 1.85624E-005, 2.02053E-005, 2.19670E-005, 2.52456E-005, 8.90848E-006, 1.56922E-005, 2.15821E-005, 2.23550E-005, 2.51928E-005, 1.49211E-006, 1.62315E-005, 2.28277E-005, 2.30462E-005, 2.33415E-005, 2.11002E-005, 2.43705E-005, 1.81543E-005, 9.81927E-007
 2.17004E+002, 2.54904E+001, 2.65111E+001, 4.08286E+001, 2.64894E+001, 2.50148E+001, 2.54945E+001, 2.60211E+001, 1.79949E-002, 2.02644E-001, 2.38000E+002, 2.13209E-001, 3.67361E+001, 2.61740E+001, 1.24575E-001, 2.73371E+001, 2.50800E+001, 8.11855E-002, 2.64582E+001, 2.50177E+001, 1.51489E-005, 1.85916E-005, 2.02091E-005, 2.19878E-005, 2.55464E-005, 8.97272E-006, 1.57311E-005, 2.16710E-005, 2.24481E-005, 2.53374E-005, 1.48913E-006, 1.68158E-005, 2.29834E-005, 2.30329E-005, 2.33784E-005, 2.11881E-005, 2.44713E-005, 1.82301E-005, 9.98203E-007
 2.18001E+002, 2.54919E+001, 2.65156E+001, 4.03496E+001, 2.66764E+001, 2.50148E+001, 2.57735E+001, 2.62024E+001, 1.79951E-002, 2.02637E-001, 2.38337E+002, 2.13356E-001, 3.64883E+001, 2.61770E+001, 1.25544E-001, 2.73949E+001, 2.50804E+001, 7.78307E-002, 2.63875E+001, 2.50177E+001, 1.50282E-005, 1.85942E-005, 2.02271E-005, 2.20163E-005, 2.55218E-005, 9.01595E-006, 1.57809E-005, 2.17503E-005, 2.25299E-005, 2.53953E-005, 1.46552E-006, 1.73418E-005, 2.28628E-005, 2.34890E-005, 2.34628E-005, 2.12748E-005, 2.45710E-005, 1.83050E-005, 1.01607E-006
 2.19002E+002, 2.54920E+001, 2.65202E+001, 3.93456E+001, 2.66706E+001, 2.50149E+001, 2.60006E+001, 2.63253E+001, 1.79954E-002, 2.02636E-001, 2.38745E+002, 2.13238E-001, 3.59234E+001, 2.61796E+001, 1.26211E-001, 2.73816E+001, 2.50807E+001, 7.84997E-002, 2.63596E+001, 2.50176E+001, 1.48877E-005, 1.85741E-005, 2.02585E-005, 2.20549E-005, 2.54870E-005, 8.92429E-006, 1.58039E-005, 2.18327E-005, 2.26569E-005, 2.55101E-005, 1.50560E-006, 1.74426E-005, 2.27108E-005, 2.38002E-005, 2.35848E-005, 2.13613E-005, 2.46698E-005, 1.83816E-005, 1.03305E-006
 2.20004E+002, 2.54910E+001, 2.65241E+001, 3.91019E+001, 2.67668E+001, 2.50151E+001, 2.59660E+001, 2.61061E+001, 1.79956E-002, 2.02632E-001, 2.39183E+002, 2.13509E-001, 3.58103E+001, 2.61815E+001, 1.27863E-001, 2.73960E+001, 2.50808E+001, 7.72761E-002, 2.63880E+001, 2.50176E+001, 1.47686E-005, 1.85430E-005, 2.03094E-005, 2.21158E-005, 2.54219E-005, 8.70987E-006, 1.58489E-005, 2.19156E-005, 2.28430E-005, 2.55938E-005, 2.29811E-006, 1.74137E-005, 2.34694E-005, 2.38442E-005, 2.38169E-005, 2.14498E-005, 2.47672E-005, 1.84638E-005, 1.04746E-006
 2.21005E+002, 2.54900E+001, 2.65300E+001, 3.91305E+001, 2.67863E+001, 2.50150E+001, 2.56173E+001, 2.60705E+001, 1.79958E-002, 2.02609E-001, 2.39645E+002, 2.13698E-001, 3.57811E+001, 2.61829E+001, 1.27331E-001, 2.73539E+001, 2.50808E+001, 6.91339E-002, 2.63975E+001, 2.50177E+001, 1.47029E-005, 1.85169E-005, 2.03923E-005, 2.22146E-005, 2.53748E-005, 8.55769E-006, 1.59768E-005, 2.20256E-005, 2.30319E-005, 2.55167E-005, 4.91054E-006, 1.77485E-005, 2.37538E-005, 2.37924E-005, 2.41141E-005, 2.15389E-005, 2.48623E-005, 1.85477E-005, 1.05964E-006
 2.22001E+002, 2.54894E+001, 2.65339E+001, 3.93292E+001, 2.65524E+001, 2.50149E+001, 2.53539E+001, 2.61103E+001, 1.79965E-002, 2.02567E-001, 2.40147E+002, 2.13876E-001, 3.59385E+001, 2.61841E+001, 1.26833E-001, 2.73402E+001, 2.50810E+001, 7.09811E-002, 2.63978E+001, 2.50178E+001, 1.46915E-005, 1.85079E-005, 2.05042E-005, 2.23420E-005, 2.54424E-005, 8.61225E-006, 1.61448E-005, 2.21399E-005, 2.32216E-005, 2.55927E-005, 2.73495E-006, 1.87369E-005, 2.35428E-005, 2.37971E-005, 2.41988E-005, 2.16269E-005, 2.49545E-005, 1.86305E-005, 1.07013E-006
 2.23003E+002, 2.54894E+001, 2.65285E+001, 4.01944E+001, 2.66366E+001, 2.50149E+001, 2.52235E+001, 2.63018E+001, 1.79969E-002, 2.02531E-001, 2.40657E+002, 2.13946E-001, 3.65938E+001, 2.61849E+001, 1.26613E-001, 2.74181E+001, 2.50813E+001, 7.80409E-002, 2.63302E+001, 2.50181E+001, 1.47161E-005, 1.85202E-005, 2.06239E-005, 2.24765E-005, 2.57299E-005, 8.80450E-006, 1.62590E-005, 2.22156E-005, 2.33819E-005, 2.55976E-005, 1.93040E-006, 1.99478E-005, 2.29585E-005, 2.38733E-005, 2.41354E-005, 2.17146E-005, 2.50437E-005, 1.87151E-005, 1.08081E-006
 2.24005E+002, 2.54895E+001, 2.65184E+001, 4.08467E+001, 2.67012E+001, 2.50150E+001, 2.51516E+001, 2.64978E+001, 1.79962E-002, 2.02509E-001, 2.41131E+002, 2.13914E-001, 3.74210E+001, 2.61854E+001, 1.26091E-001, 2.74302E+001, 2.50817E+001, 8.62894E-002, 2.62960E+001, 2.50184E+001, 1.47506E-005, 1.85525E-005, 2.07367E-005, 2.26117E-005, 2.60532E-005, 9.00901E-006, 1.62914E-005, 2.22803E-005, 2.34708E-005, 2.56771E-005, 1.79379E-006, 1.91209E-005, 2.25630E-005, 2.39653E-005, 2.40396E-005, 2.18033E-005, 2.51308E-005, 1.88035E-005, 1.09222E-006
 2.25001E+002, 2.54899E+001, 2.65136E+001, 4.10429E+001, 2.67919E+001, 2.50151E+001, 2.51261E+001, 2.64477E+001, 1.79945E-002, 2.02492E-001, 2.41564E+002, 2.14522E-001, 3.72530E+001, 2.61861E+001, 1.26300E-001, 2.74649E+001, 2.50822E+001, 8.66615E-002, 2.63315E+001, 2.50185E+001, 1.47794E-005, 1.86046E-005, 2.08455E-005, 2.27418E-005, 2.59847E-005, 9.17545E-006, 1.62898E-005, 2.23354E-005, 2.35277E-005, 2.58371E-005, 1.80350E-006, 1.73971E-005, 2.27055E-005, 2.41270E-005, 2.41667E-005, 2.18921E-005, 2.52184E-005, 1.88926E-005, 1.10402E-006
 2.26002E+002, 2.54910E+001, 2.65173E+001, 4.10023E+001, 2.70516E+001, 2.50153E+001, 2.51508E+001, 2.63061E+001, 1.79939E-002, 2.02480E-001, 2.42035E+002, 2.14443E-001, 3.66527E+001, 2.61870E+001, 1.26032E-001, 2.74813E+001, 2.50826E+001, 8.68543E-002, 2.62758E+001, 2.50185E+001, 1.48077E-005, 1.86803E-005, 2.09624E-005, 2.28803E-005, 2.60272E-005, 9.30034E-006, 1.63169E-005, 2.23274E-005, 2.35653E-005, 2.59356E-005, 1.83086E-006, 1.56711E-005, 2.30687E-005, 2.44941E-005, 2.44468E-005, 2.19800E-005, 2.53070E-005, 1.89775E-005, 1.11666E-006
 2.27004E+002, 2.54932E+001, 2.65229E+001, 4.08232E+001, 2.67126E+001, 2.50155E+001, 2.53619E+001, 2.61873E+001, 1.79940E-002, 2.02479E-001, 2.42569E+002, 2.14022E-001, 3.64603E+001, 2.61883E+001, 1.23994E-001, 2.73502E+001, 2.50830E+001, 9.10467E-002, 2.63534E+001, 2.50185E+001, 1.48507E-005, 1.87813E-005, 2.10919E-005, 2.30313E-005, 2.60965E-005, 9.38659E-006, 1.64086E-005, 2.22733E-005, 2.35984E-005, 2.61344E-005, 1.66641E-006, 1.53233E-005, 2.33072E-005, 2.46508E-005, 2.45363E-005, 2.20672E-005, 2.53943E-005, 1.90599E-005, 1.12913E-006
 2.28000E+002, 2.54959E+001, 2.65113E+001, 4.08071E+001, 2.65006E+001, 2.50158E+001, 2.57821E+001, 2.59304E+001, 1.79941E-002, 2.02485E-001, 2.43009E+002, 2.13681E-001, 3.66054E+001, 2.61902E+001, 1.24845E-001, 2.73950E+001, 2.50833E+001, 8.97167E-002, 2.63833E+001, 2.50185E+001, 1.49125E-005, 1.88988E-005, 2.12230E-005, 2.31490E-005, 2.62197E-005, 9.43576E-006, 1.65770E-005, 2.22080E-005, 2.36595E-005, 2.63555E-005, 1.58526E-006, 1.63481E-005, 2.34354E-005, 2.47095E-005, 2.46170E-005, 2.21551E-005, 2.54795E-005, 1.91462E-005, 1.14099E-006
 2.29002E+002, 2.54978E+001, 2.64792E+001, 4.09738E+001, 2.64653E+001, 2.50159E+001, 2.59177E+001, 2.61905E+001, 1.79950E-002, 2.02490E-001, 2.43328E+002, 2.14225E-001, 3.69618E+001, 2.61929E+001, 1.24481E-001, 2.73735E+001, 2.50834E+001, 8.58606E-002, 2.63760E+001, 2.50185E+001, 1.49773E-005, 1.90183E-005, 2.13387E-005, 2.32200E-005, 2.63882E-005, 9.44902E-006, 1.68325E-005, 2.21478E-005, 2.37191E-005, 2.64204E-005, 4.54551E-006, 1.74664E-005, 2.33409E-005, 2.46213E-005, 2.47022E-005, 2.22448E-005, 2.55628E-005, 1.92384E-005, 1.15506E-006
 2.30003E+002, 2.54977E+001, 2.64468E+001, 4.14612E+001, 2.64223E+001, 2.50158E+001, 2.58930E+001, 2.63485E+001, 1.79951E-002, 2.02495E-001, 2.43557E+002, 2.15113E-001, 3.75367E+001, 2.61965E+001, 1.24495E-001, 2.73661E+001, 2.50836E+001, 7.38950E-002, 2.63861E+001, 2.50186E+001, 1.50173E-005, 1.91289E-005, 2.14417E-005, 2.32918E-005, 2.65954E-005, 9.43937E-006, 1.71569E-005, 2.21180E-005, 2.37876E-005, 2.65215E-005, 1.01258E-005, 1.84336E-005, 2.32603E-005, 2.46253E-005, 2.47609E-005, 2.23348E-005, 2.56453E-005, 1.93306E-005, 1.16990E-006
 2.31005E+002, 2.54957E+001, 2.64312E+001, 4.15286E+001, 2.63754E+001, 2.50156E+001, 2.56583E+001, 2.60449E+001, 1.79951E-002, 2.02498E-001, 2.43749E+002, 2.15842E-001, 3.80386E+001, 2.62002E+001, 1.23189E-001, 2.73101E+001, 2.50838E+001, 6.85798E-002, 2.62256E+001, 2.50187E+001, 1.50235E-005, 1.92275E-005, 2.15518E-005, 2.33835E-005, 2.66179E-005, 9.44563E-006, 1.74668E-005, 2.21940E-005, 2.38545E-005, 2.65829E-005, 4.66131E-006, 1.92069E-005, 2.32914E-005, 2.49290E-005, 2.48974E-005, 2.24244E-005, 2.57291E-005, 1.94220E-005, 1.18549E-006
 2.32001E+002, 2.54931E+001, 2.64363E+001, 4.15774E+001, 2.62681E+001, 2.50153E+001, 2.53932E+001, 2.58916E+001, 1.79951E-002, 2.02486E-001, 2.43943E+002, 2.15908E-001, 3.83485E+001, 2.62029E+001, 1.22499E-001, 2.72778E+001, 2.50842E+001, 7.47775E-002, 2.61625E+001, 2.50187E+001, 1.50228E-005, 1.93160E-005, 2.16747E-005, 2.34915E-005, 2.67174E-005, 9.47998E-006, 1.76499E-005, 2.24501E-005, 2.39450E-005, 2.67150E-005, 2.53557E-006, 1.98918E-005, 2.30370E-005, 2.52186E-005, 2.50148E-005, 2.25146E-005, 2.58138E-005, 1.95162E-005, 1.20136E-006
 2.33003E+002, 2.54912E+001, 2.64603E+001, 4.18430E+001, 2.63778E+001, 2.50152E+001, 2.52053E+001, 2.58851E+001, 1.79952E-002, 2.02451E-001, 2.44190E+002, 2.15542E-001, 3.84397E+001, 2.62044E+001, 1.22636E-001, 2.73302E+001, 2.50849E+001, 7.99740E-002, 2.63120E+001, 2.50188E+001, 1.50506E-005, 1.94011E-005, 2.17877E-005, 2.36159E-005, 2.68669E-005, 9.42838E-006, 1.76244E-005, 2.28324E-005, 2.40145E-005, 2.68079E-005, 2.72628E-006, 2.12811E-005, 2.29344E-005, 2.53517E-005, 2.51959E-005, 2.26054E-005, 2.58984E-005, 1.96126E-005, 1.21868E-006
 2.34004E+002, 2.54907E+001, 2.64945E+001, 4.19881E+001, 2.64959E+001, 2.50151E+001, 2.51284E+001, 2.57574E+001, 1.79953E-002, 2.02396E-001, 2.44504E+002, 2.15034E-001, 3.82875E+001, 2.62052E+001, 1.23387E-001, 2.73743E+001, 2.50856E+001, 8.08506E-002, 2.64137E+001, 2.50191E+001, 1.51233E-005, 1.94849E-005, 2.18689E-005, 2.37484E-005, 2.69438E-005, 9.13192E-006, 1.74003E-005, 2.32413E-005, 2.40977E-005, 2.69562E-005, 3.14706E-006, 2.22835E-005, 2.43619E-005, 2.53067E-005, 2.54040E-005, 2.26954E-005, 2.59828E-005, 1.97060E-005, 1.23598E-006
 2.35001E+002, 2.54917E+001, 2.65235E+001, 4.20041E+001, 2.66271E+001, 2.50150E+001, 2.51440E+001, 2.60802E+001, 1.79954E-002, 2.02330E-001, 2.44865E+002, 2.14834E-001, 3.81586E+001, 2.62058E+001, 1.24343E-001, 2.74144E+001, 2.50861E+001, 7.98284E-002, 2.63818E+001, 2.50193E+001, 1.52368E-005, 1.95702E-005, 2.19248E-005, 2.38539E-005, 2.70277E-005, 8.74565E-006, 1.70865E-005, 2.36019E-005, 2.42018E-005, 2.70737E-005, 2.73153E-006, 2.20263E-005, 2.48599E-005, 2.53639E-005, 2.54165E-005, 2.27830E-005, 2.60657E-005, 1.97952E-005, 1.25153E-006
 2.36002E+002, 2.54935E+001, 2.65363E+001, 4.18917E+001, 2.67529E+001, 2.50151E+001, 2.52753E+001, 2.63483E+001, 1.79954E-002, 2.02268E-001, 2.45282E+002, 2.14966E-001, 3.81419E+001, 2.62068E+001, 1.24756E-001, 2.74274E+001, 2.50863E+001, 7.93121E-002, 2.62482E+001, 2.50192E+001, 1.53749E-005, 1.96627E-005, 2.19594E-005, 2.39100E-005, 2.71247E-005, 8.66599E-006, 1.68349E-005, 2.38270E-005, 2.43107E-005, 2.71055E-005, 2.05169E-006, 2.05323E-005, 2.46373E-005, 2.54079E-005, 2.54154E-005, 2.28681E-005, 2.61468E-005, 1.98801E-005, 1.26488E-006
 2.37004E+002, 2.54953E+001, 2.65355E+001, 4.18810E+001, 2.65524E+001, 2.50152E+001, 2.54994E+001, 2.62437E+001, 1.79954E-002, 2.02218E-001, 2.45740E+002, 2.15040E-001, 3.81151E+001, 2.62084E+001, 1.23443E-001, 2.73386E+001, 2.50863E+001, 8.35401E-002, 2.62163E+001, 2.50191E+001, 1.55161E-005, 1.97643E-005, 2.19756E-005, 2.39382E-005, 2.71904E-005, 8.91167E-006, 1.67224E-005, 2.39052E-005, 2.44198E-005, 2.71912E-005, 1.79106E-006, 1.87693E-005, 2.52978E-005, 2.55127E-005, 2.54099E-005, 2.29506E-005, 2.62289E-005, 1.99583E-005, 1.27625E-006
 2.38000E+002, 2.54961E+001, 2.65296E+001, 4.19082E+001, 2.64139E+001, 2.50153E+001, 2.55130E+001, 2.61437E+001, 1.79954E-002, 2.02184E-001, 2.46207E+002, 2.14845E-001, 3.81291E+001, 2.62105E+001, 1.22606E-001, 2.72727E+001, 2.50864E+001, 8.69101E-002, 2.62302E+001, 2.50191E+001, 1.56375E-005, 1.98682E-005, 2.19826E-005, 2.39665E-005, 2.72905E-005, 9.21655E-006, 1.67274E-005, 2.39189E-005, 2.45348E-005, 2.73507E-005, 1.69293E-006, 1.78129E-005, 2.53616E-005, 2.56082E-005, 2.54339E-005, 2.30335E-005, 2.63120E-005, 2.00348E-005, 1.28605E-006
 2.39002E+002, 2.54954E+001, 2.65222E+001, 4.18543E+001, 2.65004E+001, 2.50153E+001, 2.54221E+001, 2.60938E+001, 1.79953E-002, 2.02169E-001, 2.46642E+002, 2.15019E-001, 3.82772E+001, 2.62131E+001, 1.23908E-001, 2.73427E+001, 2.50866E+001, 8.30520E-002, 2.62579E+001, 2.50191E+001, 1.57267E-005, 1.99657E-005, 2.19995E-005, 2.40091E-005, 2.74073E-005, 9.51055E-006, 1.67974E-005, 2.39441E-005, 2.46425E-005, 2.74269E-005, 1.66511E-006, 1.83502E-005, 2.49234E-005, 2.57068E-005, 2.55056E-005, 2.31176E-005, 2.63962E-005, 2.01124E-005, 1.29468E-006
 2.40003E+002, 2.54934E+001, 2.65186E+001, 4.18755E+001, 2.65617E+001, 2.50153E+001, 2.54009E+001, 2.59920E+001, 1.79953E-002, 2.02159E-001, 2.47022E+002, 2.15464E-001, 3.83774E+001, 2.62158E+001, 1.24330E-001, 2.73681E+001, 2.50870E+001, 7.92912E-002, 2.63245E+001, 2.50191E+001, 1.57832E-005, 2.00549E-005, 2.20542E-005, 2.40802E-005, 2.74837E-005, 9.84264E-006, 1.68694E-005, 2.40267E-005, 2.47418E-005, 2.75283E-005, 1.71327E-006, 1.89011E-005, 2.41815E-005, 2.58194E-005, 2.56697E-005, 2.32034E-005, 2.64813E-005, 2.01943E-005, 1.30244E-006
 2.41005E+002, 2.54914E+001, 2.65210E+001, 4.20641E+001, 2.66339E+001, 2.50153E+001, 2.54125E+001, 2.61243E+001, 1.79952E-002, 2.02139E-001, 2.47392E+002, 2.15642E-001, 3.84376E+001, 2.62183E+001, 1.24784E-001, 2.74221E+001, 2.50875E+001, 7.57978E-002, 2.62352E+001, 2.50192E+001, 1.58057E-005, 2.01410E-005, 2.21667E-005, 2.41863E-005, 2.76006E-005, 1.02006E-005, 1.69659E-005, 2.41789E-005, 2.48532E-005, 2.76407E-005, 1.98668E-006, 1.87987E-005, 2.40978E-005, 2.59182E-005, 2.58070E-005, 2.32914E-005, 2.65665E-005, 2.02844E-005, 1.30960E-006
 2.42001E+002, 2.54908E+001, 2.65222E+001, 4.21838E+001, 2.66977E+001, 2.50153E+001, 2.52596E+001, 2.63627E+001, 1.79951E-002, 2.02108E-001, 2.47777E+002, 2.15674E-001, 3.84341E+001, 2.62202E+001, 1.24810E-001, 2.74521E+001, 2.50881E+001, 7.67937E-002, 2.61609E+001, 2.50193E+001, 1.57844E-005, 2.02288E-005, 2.23244E-005, 2.43196E-005, 2.76813E-005, 1.03970E-005, 1.72117E-005, 2.43176E-005, 2.49567E-005, 2.77250E-005, 2.90842E-006, 1.94198E-005, 2.36876E-005, 2.59240E-005, 2.58819E-005, 2.33813E-005, 2.66516E-005, 2.03813E-005, 1.31630E-006
 2.43003E+002, 2.54924E+001, 2.65167E+001, 4.22380E+001, 2.67595E+001, 2.50153E+001, 2.51582E+001, 2.63522E+001, 1.79951E-002, 2.02084E-001, 2.48167E+002, 2.15673E-001, 3.84615E+001, 2.62211E+001, 1.25235E-001, 2.74735E+001, 2.50888E+001, 7.61240E-002, 2.61415E+001, 2.50195E+001, 1.57287E-005, 2.03183E-005, 2.25122E-005, 2.44669E-005, 2.78338E-005, 1.03504E-005, 1.75964E-005, 2.43580E-005, 2.50369E-005, 2.78122E-005, 4.65093E-006, 2.06427E-005, 2.34322E-005, 2.58547E-005, 2.59505E-005, 2.34701E-005, 2.67348E-005, 2.04770E-005, 1.32261E-006
 2.44004E+002, 2.54960E+001, 2.65038E+001, 4.24200E+001, 2.68780E+001, 2.50152E+001, 2.51734E+001, 2.62568E+001, 1.79951E-002, 2.02080E-001, 2.48563E+002, 2.15620E-001, 3.85314E+001, 2.62216E+001, 1.25500E-001, 2.74837E+001, 2.50891E+001, 7.98024E-002, 2.61247E+001, 2.50199E+001, 1.56839E-005, 2.04025E-005, 2.26967E-005, 2.46110E-005, 2.81366E-005, 1.02717E-005, 1.79286E-005, 2.43005E-005, 2.50958E-005, 2.78603E-005, 3.39761E-006, 2.12533E-005, 2.37449E-005, 2.60132E-005, 2.60486E-005, 2.35579E-005, 2.68150E-005, 2.05697E-005, 1.32880E-006
 2.45001E+002, 2.55003E+001, 2.64888E+001, 4.26161E+001, 2.69102E+001, 2.50152E+001, 2.51192E+001, 2.60559E+001, 1.79951E-002, 2.02092E-001, 2.48954E+002, 2.15687E-001, 3.85981E+001, 2.62225E+001, 1.25255E-001, 2.74775E+001, 2.50893E+001, 8.55339E-002, 2.62082E+001, 2.50200E+001, 1.56710E-005, 2.04732E-005, 2.28430E-005, 2.47301E-005, 2.84050E-005, 1.03586E-005, 1.80765E-005, 2.42455E-005, 2.51592E-005, 2.79140E-005, 2.19080E-006, 1.95167E-005, 2.42182E-005, 2.62277E-005, 2.62170E-005, 2.36445E-005, 2.68941E-005, 2.06605E-005, 1.33603E-006
 2.46002E+002, 2.55041E+001, 2.64815E+001, 4.27220E+001, 2.69037E+001, 2.50153E+001, 2.51495E+001, 2.59296E+001, 1.79953E-002, 2.02098E-001, 2.49335E+002, 2.15948E-001, 3.86956E+001, 2.62242E+001, 1.24713E-001, 2.74815E+001, 2.50893E+001, 8.47694E-002, 2.63730E+001, 2.50199E+001, 1.56787E-005, 2.05282E-005, 2.29547E-005, 2.48113E-005, 2.84879E-005, 1.06857E-005, 1.82022E-005, 2.42706E-005, 2.52376E-005, 2.79891E-005, 2.82731E-006, 1.96398E-005, 2.46204E-005, 2.62700E-005, 2.62805E-005, 2.37296E-005, 2.69746E-005, 2.07505E-005, 1.34619E-006
 2.47004E+002, 2.55072E+001, 2.64815E+001, 4.28310E+001, 2.68734E+001, 2.50153E+001, 2.52537E+001, 2.60682E+001, 1.79953E-002, 2.02094E-001, 2.49690E+002, 2.16296E-001, 3.86896E+001, 2.62261E+001, 1.24307E-001, 2.74706E+001, 2.50893E+001, 8.31329E-002, 2.64002E+001, 2.50198E+001, 1.57192E-005, 2.05718E-005, 2.30560E-005, 2.48655E-005, 2.84777E-005, 1.10825E-005, 1.85337E-005, 2.43106E-005, 2.53122E-005, 2.80876E-005, 2.14625E-006, 1.81771E-005, 2.49626E-005, 2.63535E-005, 2.62329E-005, 2.38146E-005, 2.70563E-005, 2.08414E-005, 1.35999E-006
 2.48000E+002, 2.55099E+001, 2.64816E+001, 4.27946E+001, 2.68903E+001, 2.50153E+001, 2.52774E+001, 2.64050E+001, 1.79953E-002, 2.02082E-001, 2.50021E+002, 2.16543E-001, 3.85085E+001, 2.62278E+001, 1.23995E-001, 2.74490E+001, 2.50893E+001, 8.66257E-002, 2.63165E+001, 2.50198E+001, 1.58191E-005, 2.06142E-005, 2.31522E-005, 2.49182E-005, 2.84770E-005, 1.12631E-005, 1.90347E-005, 2.43633E-005, 2.53754E-005, 2.81901E-005, 1.94830E-006, 1.61297E-005, 2.49331E-005, 2.64830E-005, 2.62618E-005, 2.38999E-005, 2.71368E-005, 2.09324E-005, 1.37616E-006
 2.49002E+002, 2.55126E+001, 2.64821E+001, 4.26300E+001, 2.69076E+001, 2.50153E+001, 2.52315E+001, 2.63736E+001, 1.79953E-002, 2.02064E-001, 2.50384E+002, 2.16452E-001, 3.83269E+001, 2.62294E+001, 1.23511E-001, 2.74446E+001, 2.50894E+001, 9.13995E-002, 2.62977E+001, 2.50199E+001, 1.59889E-005, 2.06724E-005, 2.32463E-005, 2.49901E-005, 2.84968E-005, 1.12369E-005, 1.94935E-005, 2.44928E-005, 2.54491E-005, 2.82936E-005, 2.06651E-006, 1.66422E-005, 2.47562E-005, 2.66065E-005, 2.64283E-005, 2.39848E-005, 2.72162E-005, 2.10209E-005, 1.39294E-006
 2.50003E+002, 2.55153E+001, 2.64874E+001, 4.24556E+001, 2.68621E+001, 2.50153E+001, 2.52134E+001, 2.59791E+001, 1.79953E-002, 2.02037E-001, 2.50790E+002, 2.16116E-001, 3.83031E+001, 2.62313E+001, 1.22526E-001, 2.74441E+001, 2.50896E+001, 9.24921E-002, 2.63986E+001, 2.50200E+001, 1.62157E-005, 2.07650E-005, 2.33529E-005, 2.50807E-005, 2.85623E-005, 1.11821E-005, 1.97065E-005, 2.46805E-005, 2.55419E-005, 2.83731E-005, 2.08111E-006, 1.76371E-005, 2.45354E-005, 2.66856E-005, 2.66016E-005, 2.40689E-005, 2.72965E-005, 2.11047E-005, 1.40823E-006
 2.51005E+002, 2.55175E+001, 2.64925E+001, 4.17510E+001, 2.68216E+001, 2.50153E+001, 2.52551E+001, 2.58298E+001, 1.79953E-002, 2.02011E-001, 2.51198E+002, 2.15863E-001, 3.83835E+001, 2.62339E+001, 1.22089E-001, 2.74570E+001, 2.50899E+001, 9.18673E-002, 2.63700E+001, 2.50201E+001, 1.64554E-005, 2.08958E-005, 2.34632E-005, 2.51676E-005, 2.85700E-005, 1.12186E-005, 1.96071E-005, 2.47923E-005, 2.56434E-005, 2.85317E-005, 1.93753E-006, 1.85873E-005, 2.44765E-005, 2.67631E-005, 2.67322E-005, 2.41530E-005, 2.73778E-005, 2.11872E-005, 1.42292E-006
 2.52001E+002, 2.55183E+001, 2.64870E+001, 4.09773E+001, 2.69540E+001, 2.50154E+001, 2.53024E+001, 2.59040E+001, 1.79953E-002, 2.01994E-001, 2.51587E+002, 2.16251E-001, 3.75775E+001, 2.62372E+001, 1.22995E-001, 2.74924E+001, 2.50903E+001, 8.91586E-002, 2.63597E+001, 2.50201E+001, 1.66452E-005, 2.10402E-005, 2.35422E-005, 2.52335E-005, 2.82418E-005, 1.13587E-005, 1.93496E-005, 2.48668E-005, 2.57260E-005, 2.86591E-005, 1.84375E-006, 1.95790E-005, 2.48092E-005, 2.68734E-005, 2.68219E-005, 2.42377E-005, 2.74608E-005, 2.12708E-005, 1.43622E-006
 2.53003E+002, 2.55171E+001, 2.64755E+001, 4.07429E+001, 2.71372E+001, 2.50155E+001, 2.52962E+001, 2.60276E+001, 1.79952E-002, 2.01964E-001, 2.51945E+002, 2.17447E-001, 3.76429E+001, 2.62406E+001, 1.23219E-001, 2.74844E+001, 2.50908E+001, 8.43235E-002, 2.63648E+001, 2.50201E+001, 1.67565E-005, 2.11683E-005, 2.35907E-005, 2.52958E-005, 2.81358E-005, 1.15685E-005, 1.91941E-005, 2.50138E-005, 2.57945E-005, 2.85851E-005, 1.89320E-006, 2.04556E-005, 2.55559E-005, 2.70640E-005, 2.69395E-005, 2.43235E-005, 2.75453E-005, 2.13567E-005, 1.44799E-006
 2.54004E+002, 2.55162E+001, 2.64782E+001, 4.08258E+001, 2.68260E+001, 2.50155E+001, 2.52677E+001, 2.61892E+001, 1.79953E-002, 2.01914E-001, 2.52299E+002, 2.17898E-001, 3.76731E+001, 2.62435E+001, 1.21021E-001, 2.73736E+001, 2.50915E+001, 8.18126E-002, 2.64274E+001, 2.50202E+001, 1.68430E-005, 2.12841E-005, 2.36608E-005, 2.53840E-005, 2.81277E-005, 1.17405E-005, 1.92560E-005, 2.52167E-005, 2.58907E-005, 2.85168E-005, 2.03051E-006, 2.10357E-005, 2.65149E-005, 2.72003E-005, 2.70976E-005, 2.44103E-005, 2.76298E-005, 2.14438E-005, 1.45916E-006
 2.55001E+002, 2.55176E+001, 2.64910E+001, 4.06524E+001, 2.64925E+001, 2.50155E+001, 2.52261E+001, 2.61586E+001, 1.79952E-002, 2.01864E-001, 2.52720E+002, 2.17984E-001, 3.76264E+001, 2.62468E+001, 1.21845E-001, 2.74064E+001, 2.50922E+001, 7.96552E-002, 2.64903E+001, 2.50203E+001, 1.69797E-005, 2.14077E-005, 2.37688E-005, 2.54796E-005, 2.81178E-005, 1.17394E-005, 1.94325E-005, 2.53915E-005, 2.60425E-005, 2.87016E-005, 2.18598E-006, 2.12173E-005, 2.66537E-005, 2.72939E-005, 2.72230E-005, 2.44965E-005, 2.77142E-005, 2.15293E-005, 1.46988E-006
 2.56002E+002, 2.55204E+001, 2.64996E+001, 4.06067E+001, 2.68698E+001, 2.50155E+001, 2.51994E+001, 2.62067E+001, 1.79952E-002, 2.01833E-001, 2.53114E+002, 2.17740E-001, 3.79800E+001, 2.62511E+001, 1.22956E-001, 2.75002E+001, 2.50928E+001, 7.96107E-002, 2.64802E+001, 2.50204E+001, 1.71578E-005, 2.15346E-005, 2.38675E-005, 2.55537E-005, 2.82460E-005, 1.15453E-005, 1.95682E-005, 2.54733E-005, 2.61861E-005, 2.86978E-005, 2.22310E-006, 2.08517E-005, 2.61864E-005, 2.73613E-005, 2.72830E-005, 2.45820E-005, 2.78007E-005, 2.16133E-005, 1.48006E-006
 2.57004E+002, 2.55218E+001, 2.65017E+001, 4.07406E+001, 2.68622E+001, 2.50155E+001, 2.51855E+001, 2.63644E+001, 1.79952E-002, 2.01829E-001, 2.53459E+002, 2.17968E-001, 3.79045E+001, 2.62555E+001, 1.21919E-001, 2.74022E+001, 2.50930E+001, 8.38015E-002, 2.65345E+001, 2.50205E+001, 1.73253E-005, 2.16436E-005, 2.39248E-005, 2.55991E-005, 2.83419E-005, 1.13288E-005, 1.96194E-005, 2.54492E-005, 2.62451E-005, 2.87539E-005, 2.19513E-006, 2.02396E-005, 2.56511E-005, 2.73493E-005, 2.72277E-005, 2.46677E-005, 2.78906E-005, 2.16968E-005, 1.49024E-006
 2.58000E+002, 2.55208E+001, 2.65031E+001, 4.07079E+001, 2.67033E+001, 2.50155E+001, 2.51673E+001, 2.62616E+001, 1.79953E-002, 2.01848E-001, 2.53864E+002, 2.18370E-001, 3.77113E+001, 2.62581E+001, 1.22710E-001, 2.73714E+001, 2.50932E+001, 8.52750E-002, 2.65522E+001, 2.50206E+001, 1.74807E-005, 2.17310E-005, 2.39571E-005, 2.56469E-005, 2.84180E-005, 1.12626E-005, 1.96127E-005, 2.53584E-005, 2.62926E-005, 2.89137E-005, 2.25189E-006, 1.99131E-005, 2.61242E-005, 2.72831E-005, 2.71908E-005, 2.47535E-005, 2.79826E-005, 2.17798E-005, 1.50062E-006
 2.59002E+002, 2.55189E+001, 2.65237E+001, 4.03267E+001, 2.67425E+001, 2.50157E+001, 2.51538E+001, 2.60262E+001, 1.79953E-002, 2.01878E-001, 2.54393E+002, 2.17996E-001, 3.73917E+001, 2.62587E+001, 1.23977E-001, 2.73912E+001, 2.50933E+001, 8.48957E-002, 2.65589E+001, 2.50207E+001, 1.76506E-005, 2.18225E-005, 2.40009E-005, 2.57468E-005, 2.84927E-005, 1.13174E-005, 1.95830E-005, 2.52753E-005, 2.63443E-005, 2.90179E-005, 2.23978E-006, 1.98473E-005, 2.68925E-005, 2.72892E-005, 2.72137E-005, 2.48398E-005, 2.80744E-005, 2.18624E-005, 1.51026E-006
 2.60003E+002, 2.55184E+001, 2.65543E+001, 4.07113E+001, 2.68408E+001, 2.50160E+001, 2.51645E+001, 2.62155E+001, 1.79952E-002, 2.01897E-001, 2.55026E+002, 2.16609E-001, 3.74923E+001, 2.62586E+001, 1.24625E-001, 2.74006E+001, 2.50935E+001, 8.59657E-002, 2.64109E+001, 2.50209E+001, 1.78248E-005, 2.19407E-005, 2.40735E-005, 2.58819E-005, 2.87394E-005, 1.14096E-005, 1.95961E-005, 2.52888E-005, 2.64034E-005, 2.90610E-005, 2.25691E-006, 1.98289E-005, 2.68813E-005, 2.74523E-005, 2.74346E-005, 2.49261E-005, 2.81649E-005, 2.19456E-005, 1.51918E-006
 2.61005E+002, 2.55200E+001, 2.65559E+001, 4.22788E+001, 2.68010E+001, 2.50163E+001, 2.52202E+001, 2.60614E+001, 1.79951E-002, 2.01888E-001, 2.55682E+002, 2.15793E-001, 3.81668E+001, 2.62592E+001, 1.24126E-001, 2.73936E+001, 2.50938E+001, 8.89472E-002, 2.63896E+001, 2.50211E+001, 1.79676E-005, 2.20787E-005, 2.41604E-005, 2.59785E-005, 2.91891E-005, 1.15094E-005, 1.97005E-005, 2.54396E-005, 2.65010E-005, 2.90491E-005, 2.34249E-006, 1.98146E-005, 2.64187E-005, 2.77205E-005, 2.75951E-005, 2.50118E-005, 2.82539E-005, 2.20293E-005, 1.52786E-006
 2.62001E+002, 2.55220E+001, 2.65450E+001, 4.23643E+001, 2.66302E+001, 2.50164E+001, 2.52803E+001, 2.59943E+001, 1.79951E-002, 2.01858E-001, 2.56224E+002, 2.16657E-001, 3.82336E+001, 2.62609E+001, 1.23508E-001, 2.74013E+001, 2.50940E+001, 8.98801E-002, 2.65294E+001, 2.50213E+001, 1.80474E-005, 2.22143E-005, 2.42545E-005, 2.60634E-005, 2.93091E-005, 1.15951E-005, 1.98489E-005, 2.56645E-005, 2.66315E-005, 2.90876E-005, 2.26231E-006, 1.98538E-005, 2.62379E-005, 2.76805E-005, 2.76557E-005, 2.50965E-005, 2.83400E-005, 2.21119E-005, 1.53746E-006
 2.63003E+002, 2.55235E+001, 2.65468E+001, 4.23238E+001, 2.66761E+001, 2.50165E+001, 2.52992E+001, 2.60085E+001, 1.79952E-002, 2.01829E-001, 2.56784E+002, 2.17348E-001, 3.83651E+001, 2.62629E+001, 1.23475E-001, 2.74359E+001, 2.50943E+001, 8.70336E-002, 2.65119E+001, 2.50213E+001, 1.80698E-005, 2.23337E-005, 2.43652E-005, 2.61867E-005, 2.93107E-005, 1.16657E-005, 1.99699E-005, 2.58543E-005, 2.67438E-005, 2.92810E-005, 2.22149E-006, 2.01388E-005, 2.62796E-005, 2.77067E-005, 2.76410E-005, 2.51801E-005, 2.84244E-005, 2.21907E-005, 1.54921E-006
 2.64004E+002, 2.55249E+001, 2.65639E+001, 4.23395E+001, 2.68498E+001, 2.50167E+001, 2.53450E+001, 2.61860E+001, 1.79953E-002, 2.01812E-001, 2.57371E+002, 2.16860E-001, 3.82327E+001, 2.62648E+001, 1.24006E-001, 2.74654E+001, 2.50945E+001, 8.74110E-002, 2.64409E+001, 2.50213E+001, 1.80836E-005, 2.24422E-005, 2.44864E-005, 2.63510E-005, 2.94916E-005, 1.17605E-005, 2.00686E-005, 2.59610E-005, 2.68141E-005, 2.94185E-005, 2.24480E-006, 2.06286E-005, 2.62053E-005, 2.78650E-005, 2.77492E-005, 2.52636E-005, 2.85121E-005, 2.22678E-005, 1.56178E-006
 2.65001E+002, 2.55275E+001, 2.65800E+001, 4.24421E+001, 2.67704E+001, 2.50167E+001, 2.53781E+001, 2.60898E+001, 1.79952E-002, 2.01797E-001, 2.57891E+002, 2.15809E-001, 3.81191E+001, 2.62666E+001, 1.24357E-001, 2.74514E+001, 2.50947E+001, 8.79178E-002, 2.65692E+001, 2.50213E+001, 1.81342E-005, 2.25476E-005, 2.45974E-005, 2.65121E-005, 2.97430E-005, 1.19187E-005, 2.02032E-005, 2.60201E-005, 2.68925E-005, 2.95921E-005, 2.18678E-006, 2.11426E-005, 2.68477E-005, 2.80427E-005, 2.79193E-005, 2.53465E-005, 2.86036E-005, 2.23434E-005, 1.57404E-006
 2.66002E+002, 2.55312E+001, 2.65703E+001, 4.24846E+001, 2.67010E+001, 2.50166E+001, 2.53547E+001, 2.61424E+001, 1.79953E-002, 2.01774E-001, 2.58342E+002, 2.15870E-001, 3.81790E+001, 2.62693E+001, 1.24813E-001, 2.74620E+001, 2.50949E+001, 8.74265E-002, 2.65803E+001, 2.50213E+001, 1.82196E-005, 2.26473E-005, 2.46761E-005, 2.65805E-005, 2.98280E-005, 1.21298E-005, 2.04102E-005, 2.60836E-005, 2.70017E-005, 2.97565E-005, 2.15976E-006, 2.16516E-005, 2.75802E-005, 2.80996E-005, 2.80756E-005, 2.54300E-005, 2.86967E-005, 2.24171E-005, 1.58944E-006
 2.67004E+002, 2.55344E+001, 2.65442E+001, 4.20619E+001, 2.67305E+001, 2.50165E+001, 2.53383E+001, 2.62237E+001, 1.79952E-002, 2.01744E-001, 2.58675E+002, 2.16696E-001, 3.84041E+001, 2.62728E+001, 1.26247E-001, 2.75264E+001, 2.50953E+001, 9.04876E-002, 2.64828E+001, 2.50213E+001, 1.83008E-005, 2.27318E-005, 2.47261E-005, 2.65528E-005, 2.97039E-005, 1.23428E-005, 2.06716E-005, 2.61719E-005, 2.71092E-005, 3.00119E-005, 2.23540E-006, 2.18549E-005, 2.72566E-005, 2.80861E-005, 2.81352E-005, 2.55145E-005, 2.87886E-005, 2.24918E-005, 1.60719E-006
 2.68000E+002, 2.55358E+001, 2.65228E+001, 4.13734E+001, 2.68907E+001, 2.50162E+001, 2.53557E+001, 2.64293E+001, 1.79952E-002, 2.01712E-001, 2.58902E+002, 2.17818E-001, 3.82251E+001, 2.62761E+001, 1.25858E-001, 2.75053E+001, 2.50957E+001, 9.07187E-002, 2.64187E+001, 2.50213E+001, 1.83517E-005, 2.27926E-005, 2.47665E-005, 2.65331E-005, 2.96072E-005, 1.25039E-005, 2.09259E-005, 2.62624E-005, 2.71548E-005, 3.01153E-005, 2.40096E-006, 2.16590E-005, 2.63979E-005, 2.80532E-005, 2.80999E-005, 2.55998E-005, 2.88774E-005, 2.25706E-005, 1.62342E-006
 2.69002E+002, 2.55353E+001, 2.65095E+001, 4.09507E+001, 2.69270E+001, 2.50161E+001, 2.53130E+001, 2.64452E+001, 1.79953E-002, 2.01687E-001, 2.59119E+002, 2.18748E-001, 3.78927E+001, 2.62784E+001, 1.24328E-001, 2.74591E+001, 2.50961E+001, 8.90935E-002, 2.64147E+001, 2.50213E+001, 1.83822E-005, 2.28312E-005, 2.48136E-005, 2.65799E-005, 2.95348E-005, 1.25762E-005, 2.11133E-005, 2.63203E-005, 2.71920E-005, 3.00623E-005, 2.55678E-006, 2.13639E-005, 2.66988E-005, 2.81088E-005, 2.80821E-005, 2.56859E-005, 2.89650E-005, 2.26537E-005, 1.63789E-006
 2.70003E+002, 2.55339E+001, 2.65106E+001, 4.10598E+001, 2.66930E+001, 2.50159E+001, 2.52088E+001, 2.63168E+001, 1.79953E-002, 2.01668E-001, 2.59401E+002, 2.18635E-001, 3.76417E+001, 2.62799E+001, 1.21629E-001, 2.73475E+001, 2.50964E+001, 9.04656E-002, 2.64457E+001, 2.50214E+001, 1.84243E-005, 2.28676E-005, 2.48855E-005, 2.66947E-005, 2.96182E-005, 1.25585E-005, 2.11934E-005, 2.63889E-005, 2.72700E-005, 3.01337E-005, 2.92408E-006, 2.12945E-005, 2.72913E-005, 2.84845E-005, 2.82444E-005, 2.57710E-005, 2.90529E-005, 2.27340E-005, 1.65142E-006
 2.71005E+002, 2.55333E+001, 2.65247E+001, 4.15342E+001, 2.66656E+001, 2.50159E+001, 2.51975E+001, 2.60836E+001, 1.79952E-002, 2.01651E-001, 2.59767E+002, 2.18338E-001, 3.79737E+001, 2.62812E+001, 1.20090E-001, 2.73046E+001, 2.50967E+001, 8.96985E-002, 2.65493E+001, 2.50215E+001, 1.85117E-005, 2.29269E-005, 2.50004E-005, 2.68280E-005, 2.97864E-005, 1.24953E-005, 2.11398E-005, 2.65494E-005, 2.73855E-005, 3.00805E-005, 2.79955E-006, 2.14617E-005, 2.73367E-005, 2.86879E-005, 2.84911E-005, 2.58541E-005, 2.91407E-005, 2.28090E-005, 1.66444E-006
 2.72001E+002, 2.55347E+001, 2.65385E+001, 4.14993E+001, 2.64339E+001, 2.50159E+001, 2.52633E+001, 2.61224E+001, 1.79953E-002, 2.01639E-001, 2.60153E+002, 2.17998E-001, 3.83424E+001, 2.62836E+001, 1.20124E-001, 2.72646E+001, 2.50970E+001, 8.98069E-002, 2.65544E+001, 2.50216E+001, 1.86521E-005, 2.30237E-005, 2.51496E-005, 2.69395E-005, 2.99404E-005, 1.24487E-005, 2.09499E-005, 2.67933E-005, 2.75118E-005, 3.01683E-005, 2.37125E-006, 2.17561E-005, 2.74774E-005, 2.86251E-005, 2.86427E-005, 2.59361E-005, 2.92285E-005, 2.28816E-005, 1.67659E-006
 2.73003E+002, 2.55374E+001, 2.65422E+001, 4.17205E+001, 2.64097E+001, 2.50160E+001, 2.53252E+001, 2.63057E+001, 1.79952E-002, 2.01632E-001, 2.60569E+002, 2.17237E-001, 3.88081E+001, 2.62873E+001, 1.22288E-001, 2.73185E+001, 2.50972E+001, 8.61488E-002, 2.65278E+001, 2.50217E+001, 1.88148E-005, 2.31554E-005, 2.53005E-005, 2.70385E-005, 3.02019E-005, 1.24564E-005, 2.06681E-005, 2.70300E-005, 2.76152E-005, 3.03461E-005, 2.31384E-006, 2.20894E-005, 2.80228E-005, 2.87253E-005, 2.86923E-005, 2.60183E-005, 2.93172E-005, 2.29566E-005, 1.68824E-006
 2.74004E+002, 2.55395E+001, 2.65405E+001, 4.18920E+001, 2.67715E+001, 2.50160E+001, 2.53235E+001, 2.66010E+001, 1.79953E-002, 2.01625E-001, 2.61049E+002, 2.17313E-001, 3.84707E+001, 2.62920E+001, 1.25035E-001, 2.74741E+001, 2.50976E+001, 8.46015E-002, 2.65608E+001, 2.50217E+001, 1.89573E-005, 2.33001E-005, 2.54348E-005, 2.71434E-005, 3.03330E-005, 1.25027E-005, 2.03891E-005, 2.71725E-005, 2.76729E-005, 3.04653E-005, 2.36560E-006, 2.22512E-005, 2.76508E-005, 2.88089E-005, 2.87285E-005, 2.61023E-005, 2.94057E-005, 2.30360E-005, 1.69981E-006
 2.75000E+002, 2.55399E+001, 2.65385E+001, 4.16823E+001, 2.69845E+001, 2.50161E+001, 2.52622E+001, 2.63943E+001, 1.79953E-002, 2.01607E-001, 2.61551E+002, 2.17096E-001, 3.79800E+001, 2.62966E+001, 1.25570E-001, 2.74717E+001, 2.50980E+001, 8.29727E-002, 2.65527E+001, 2.50218E+001, 1.90590E-005, 2.34391E-005, 2.55500E-005, 2.72457E-005, 3.03889E-005, 1.25526E-005, 2.02277E-005, 2.72547E-005, 2.77561E-005, 3.06836E-005, 2.53069E-006, 2.21857E-005, 2.79699E-005, 2.89206E-005, 2.88740E-005, 2.61859E-005, 2.94944E-005, 2.31149E-005, 1.71105E-006
 2.76002E+002, 2.55384E+001, 2.65339E+001, 4.10894E+001, 2.72977E+001, 2.50161E+001, 2.52011E+001, 2.63504E+001, 1.79953E-002, 2.01573E-001, 2.62082E+002, 2.17523E-001, 3.75727E+001, 2.63003E+001, 1.25754E-001, 2.74902E+001, 2.50983E+001, 7.94007E-002, 2.63651E+001, 2.50219E+001, 1.91318E-005, 2.35664E-005, 2.56433E-005, 2.73272E-005, 3.02866E-005, 1.25953E-005, 2.02486E-005, 2.73150E-005, 2.78542E-005, 3.05071E-005, 2.69977E-006, 2.20981E-005, 2.85695E-005, 2.90030E-005, 2.90485E-005, 2.62689E-005, 2.95829E-005, 2.31907E-005, 1.72170E-006
 2.77004E+002, 2.55360E+001, 2.65311E+001, 4.08450E+001, 2.70386E+001, 2.50162E+001, 2.51837E+001, 2.65413E+001, 1.79953E-002, 2.01534E-001, 2.62638E+002, 2.17795E-001, 3.74478E+001, 2.63025E+001, 1.24892E-001, 2.74597E+001, 2.50985E+001, 8.15571E-002, 2.63379E+001, 2.50220E+001, 1.92016E-005, 2.36836E-005, 2.57143E-005, 2.73952E-005, 3.02236E-005, 1.26329E-005, 2.04205E-005, 2.73632E-005, 2.79579E-005, 3.05236E-005, 2.67626E-006, 2.20740E-005, 2.83973E-005, 2.90586E-005, 2.91082E-005, 2.63517E-005, 2.96697E-005, 2.32645E-005, 1.73182E-006
 2.78005E+002, 2.55339E+001, 2.65360E+001, 4.07834E+001, 2.66732E+001, 2.50163E+001, 2.51979E+001, 2.63819E+001, 1.79952E-002, 2.01506E-001, 2.63158E+002, 2.17731E-001, 3.72862E+001, 2.63036E+001, 1.23377E-001, 2.73955E+001, 2.50986E+001, 8.10582E-002, 2.63709E+001, 2.50221E+001, 1.92880E-005, 2.37930E-005, 2.57718E-005, 2.74727E-005, 3.02337E-005, 1.26585E-005, 2.06418E-005, 2.74052E-005, 2.80746E-005, 3.06170E-005, 2.52583E-006, 2.21806E-005, 2.80853E-005, 2.91094E-005, 2.91407E-005, 2.64330E-005, 2.97546E-005, 2.33357E-005, 1.74198E-006
 2.79001E+002, 2.55331E+001, 2.65450E+001, 4.09265E+001, 2.63822E+001, 2.50164E+001, 2.52227E+001, 2.61226E+001, 1.79950E-002, 2.01501E-001, 2.63623E+002, 2.17792E-001, 3.73622E+001, 2.63042E+001, 1.21132E-001, 2.72849E+001, 2.50989E+001, 8.36854E-002, 2.64766E+001, 2.50221E+001, 1.93977E-005, 2.38962E-005, 2.58277E-005, 2.75563E-005, 3.03192E-005, 1.26755E-005, 2.08006E-005, 2.74586E-005, 2.81995E-005, 3.07069E-005, 2.41877E-006, 2.23890E-005, 2.85137E-005, 2.91564E-005, 2.91848E-005, 2.65129E-005, 2.98405E-005, 2.34052E-005, 1.75267E-006
 2.80003E+002, 2.55338E+001, 2.65446E+001, 4.12286E+001, 2.62762E+001, 2.50165E+001, 2.52481E+001, 2.61860E+001, 1.79951E-002, 2.01509E-001, 2.64066E+002, 2.17848E-001, 3.78302E+001, 2.63051E+001, 1.22225E-001, 2.73001E+001, 2.50992E+001, 8.37148E-002, 2.66216E+001, 2.50221E+001, 1.95229E-005, 2.39941E-005, 2.58897E-005, 2.76287E-005, 3.04908E-005, 1.27029E-005, 2.08600E-005, 2.75303E-005, 2.83310E-005, 3.07727E-005, 2.41650E-006, 2.24962E-005, 2.91691E-005, 2.93141E-005, 2.92838E-005, 2.65928E-005, 2.99294E-005, 2.34756E-005, 1.76417E-006
 2.81004E+002, 2.55360E+001, 2.65342E+001, 4.15961E+001, 2.62971E+001, 2.50165E+001, 2.52743E+001, 2.63209E+001, 1.79952E-002, 2.01509E-001, 2.64485E+002, 2.17979E-001, 3.83109E+001, 2.63069E+001, 1.22043E-001, 2.73007E+001, 2.50996E+001, 8.29078E-002, 2.66180E+001, 2.50221E+001, 1.96440E-005, 2.40862E-005, 2.59655E-005, 2.77000E-005, 3.07777E-005, 1.27563E-005, 2.08569E-005, 2.76155E-005, 2.83940E-005, 3.07977E-005, 2.49942E-006, 2.22950E-005, 2.91462E-005, 2.94562E-005, 2.94838E-005, 2.66741E-005, 3.00204E-005, 2.35486E-005, 1.77670E-006
 2.82001E+002, 2.55390E+001, 2.65271E+001, 4.15889E+001, 2.62944E+001, 2.50166E+001, 2.53390E+001, 2.64381E+001, 1.79952E-002, 2.01488E-001, 2.64883E+002, 2.18014E-001, 3.86503E+001, 2.63095E+001, 1.22154E-001, 2.72873E+001, 2.51001E+001, 8.61459E-002, 2.66119E+001, 2.50222E+001, 1.97376E-005, 2.41706E-005, 2.60591E-005, 2.77965E-005, 3.10897E-005, 1.28328E-005, 2.08383E-005, 2.77154E-005, 2.84639E-005, 3.09236E-005, 2.62923E-006, 2.17685E-005, 2.84547E-005, 2.94495E-005, 2.95077E-005, 2.67568E-005, 3.01117E-005, 2.36264E-005, 1.78945E-006
 2.83002E+002, 2.55420E+001, 2.65229E+001, 4.14433E+001, 2.65294E+001, 2.50166E+001, 2.54044E+001, 2.60869E+001, 1.79952E-002, 2.01456E-001, 2.65268E+002, 2.18091E-001, 3.88479E+001, 2.63125E+001, 1.24842E-001, 2.74327E+001, 2.51005E+001, 9.05820E-002, 2.66265E+001, 2.50223E+001, 1.97942E-005, 2.42453E-005, 2.61534E-005, 2.79139E-005, 3.13122E-005, 1.29146E-005, 2.08190E-005, 2.78279E-005, 2.85273E-005, 3.11684E-005, 2.79875E-006, 2.13631E-005, 2.74847E-005, 2.94416E-005, 2.94425E-005, 2.68407E-005, 3.02021E-005, 2.37072E-005, 1.80180E-006
 2.84004E+002, 2.55444E+001, 2.65212E+001, 4.11548E+001, 2.71176E+001, 2.50166E+001, 2.52677E+001, 2.60262E+001, 1.79953E-002, 2.01439E-001, 2.65627E+002, 2.18149E-001, 3.88340E+001, 2.63153E+001, 1.26434E-001, 2.75363E+001, 2.51008E+001, 8.71465E-002, 2.64461E+001, 2.50224E+001, 1.98234E-005, 2.43103E-005, 2.62371E-005, 2.80267E-005, 3.13731E-005, 1.29755E-005, 2.08004E-005, 2.79409E-005, 2.85800E-005, 3.12672E-005, 3.60555E-006, 2.15729E-005, 2.72193E-005, 2.95388E-005, 2.95551E-005, 2.69248E-005, 3.02913E-005, 2.37865E-005, 1.81401E-006
 2.85000E+002, 2.55463E+001, 2.65249E+001, 4.09785E+001, 2.72078E+001, 2.50165E+001, 2.51941E+001, 2.63667E+001, 1.79952E-002, 2.01438E-001, 2.65957E+002, 2.17954E-001, 3.87934E+001, 2.63178E+001, 1.26949E-001, 2.75379E+001, 2.51010E+001, 8.25690E-002, 2.63101E+001, 2.50225E+001, 1.98443E-005, 2.43691E-005, 2.63146E-005, 2.81267E-005, 3.14108E-005, 1.30026E-005, 2.08150E-005, 2.80399E-005, 2.86740E-005, 3.13079E-005, 4.25507E-006, 2.20718E-005, 2.76477E-005, 2.97441E-005, 2.96247E-005, 2.70077E-005, 3.03778E-005, 2.38636E-005, 1.82599E-006
 2.86002E+002, 2.55480E+001, 2.65371E+001, 4.08897E+001, 2.71355E+001, 2.50165E+001, 2.52033E+001, 2.66244E+001, 1.79952E-002, 2.01431E-001, 2.66303E+002, 2.17604E-001, 3.87178E+001, 2.63204E+001, 1.27272E-001, 2.75492E+001, 2.51012E+001, 7.96925E-002, 2.63652E+001, 2.50226E+001, 1.98743E-005, 2.44288E-005, 2.63954E-005, 2.82310E-005, 3.14670E-005, 1.30209E-005, 2.09187E-005, 2.81443E-005, 2.87935E-005, 3.13916E-005, 3.10211E-006, 2.24149E-005, 2.81478E-005, 2.98902E-005, 2.97713E-005, 2.70893E-005, 3.04630E-005, 2.39397E-005, 1.83745E-006
 2.87003E+002, 2.55497E+001, 2.65535E+001, 4.09134E+001, 2.70757E+001, 2.50166E+001, 2.52345E+001, 2.61073E+001, 1.79952E-002, 2.01404E-001, 2.66678E+002, 2.17238E-001, 3.86470E+001, 2.63233E+001, 1.27112E-001, 2.75570E+001, 2.51014E+001, 8.45088E-002, 2.63895E+001, 2.50226E+001, 1.99216E-005, 2.44959E-005, 2.64865E-005, 2.83467E-005, 3.15642E-005, 1.30631E-005, 2.11175E-005, 2.82908E-005, 2.89070E-005, 3.14687E-005, 2.63960E-006, 2.22941E-005, 2.85791E-005, 2.99348E-005, 2.98961E-005, 2.71693E-005, 3.05480E-005, 2.40145E-005, 1.84901E-006
 2.88005E+002, 2.55515E+001, 2.65588E+001, 4.09925E+001, 2.70151E+001, 2.50166E+001, 2.52664E+001, 2.59433E+001, 1.79952E-002, 2.01358E-001, 2.67063E+002, 2.17101E-001, 3.87271E+001, 2.63266E+001, 1.26428E-001, 2.75467E+001, 2.51016E+001, 8.86440E-002, 2.65956E+001, 2.50226E+001, 1.99791E-005, 2.45717E-005, 2.65872E-005, 2.84501E-005, 3.16964E-005, 1.31369E-005, 2.13652E-005, 2.84880E-005, 2.90016E-005, 3.15357E-005, 2.62936E-006, 2.17181E-005, 2.86433E-005, 2.99636E-005, 2.99812E-005, 2.72491E-005, 3.06330E-005, 2.40900E-005, 1.86403E-006
 2.89001E+002, 2.55529E+001, 2.65472E+001, 4.12967E+001, 2.69253E+001, 2.50167E+001, 2.52980E+001, 2.60537E+001, 1.79951E-002, 2.01305E-001, 2.67434E+002, 2.17361E-001, 3.90829E+001, 2.63299E+001, 1.25569E-001, 2.75249E+001, 2.51019E+001, 8.94579E-002, 2.65678E+001, 2.50226E+001, 2.00260E-005, 2.46504E-005, 2.66893E-005, 2.85253E-005, 3.19002E-005, 1.32182E-005, 2.16306E-005, 2.86894E-005, 2.90862E-005, 3.16119E-005, 2.70357E-006, 2.12985E-005, 2.83025E-005, 3.00708E-005, 3.00741E-005, 2.73293E-005, 3.07173E-005, 2.41656E-005, 1.88235E-006
 2.90003E+002, 2.55533E+001, 2.65308E+001, 4.17779E+001, 2.67730E+001, 2.50168E+001, 2.53062E+001, 2.65878E+001, 1.79952E-002, 2.01251E-001, 2.67790E+002, 2.17587E-001, 3.94711E+001, 2.63329E+001, 1.24359E-001, 2.74861E+001, 2.51021E+001, 9.26520E-002, 2.66302E+001, 2.50227E+001, 2.00409E-005, 2.47227E-005, 2.67786E-005, 2.85939E-005, 3.21207E-005, 1.32798E-005, 2.19124E-005, 2.88381E-005, 2.91725E-005, 3.17221E-005, 2.75998E-006, 2.12456E-005, 2.87107E-005, 3.02530E-005, 3.02290E-005, 2.74097E-005, 3.08018E-005, 2.42373E-005, 1.90062E-006
 2.91004E+002, 2.55524E+001, 2.65231E+001, 4.22043E+001, 2.66607E+001, 2.50168E+001, 2.52685E+001, 2.65053E+001, 1.79951E-002, 2.01202E-001, 2.68171E+002, 2.17666E-001, 3.95419E+001, 2.63354E+001, 1.23441E-001, 2.74686E+001, 2.51023E+001, 8.84706E-002, 2.65105E+001, 2.50228E+001, 2.00206E-005, 2.47812E-005, 2.68522E-005, 2.86752E-005, 3.22543E-005, 1.33355E-005, 2.22145E-005, 2.89250E-005, 2.92628E-005, 3.18984E-005, 2.83892E-006, 2.15729E-005, 2.97310E-005, 3.03798E-005, 3.03722E-005, 2.74899E-005, 3.08902E-005, 2.43034E-005, 1.91760E-006
 2.92001E+002, 2.55511E+001, 2.65256E+001, 4.23848E+001, 2.67514E+001, 2.50168E+001, 2.52418E+001, 2.61966E+001, 1.79952E-002, 2.01167E-001, 2.68607E+002, 2.17840E-001, 3.93762E+001, 2.63372E+001, 1.23240E-001, 2.74791E+001, 2.51025E+001, 8.81917E-002, 2.63890E+001, 2.50229E+001, 1.99923E-005, 2.48266E-005, 2.69273E-005, 2.87677E-005, 3.21646E-005, 1.34356E-005, 2.25197E-005, 2.89442E-005, 2.93442E-005, 3.20544E-005, 2.92348E-006, 2.22590E-005, 2.97227E-005, 3.03136E-005, 3.04709E-005, 2.75691E-005, 3.09808E-005, 2.43655E-005, 1.93343E-006
 2.93002E+002, 2.55505E+001, 2.65316E+001, 4.21837E+001, 2.69133E+001, 2.50169E+001, 2.52571E+001, 2.62035E+001, 1.79952E-002, 2.01153E-001, 2.69082E+002, 2.18027E-001, 3.89706E+001, 2.63387E+001, 1.23006E-001, 2.74698E+001, 2.51027E+001, 8.72370E-002, 2.64403E+001, 2.50230E+001, 1.99910E-005, 2.48705E-005, 2.70201E-005, 2.88722E-005, 3.20183E-005, 1.36023E-005, 2.27867E-005, 2.88941E-005, 2.94103E-005, 3.21593E-005, 2.81381E-006, 2.31471E-005, 2.93121E-005, 3.02991E-005, 3.04407E-005, 2.76484E-005, 3.10709E-005, 2.44296E-005, 1.94760E-006
 2.94004E+002, 2.55511E+001, 2.65417E+001, 4.16714E+001, 2.70325E+001, 2.50171E+001, 2.52741E+001, 2.62174E+001, 1.79953E-002, 2.01150E-001, 2.69577E+002, 2.18097E-001, 3.84841E+001, 2.63407E+001, 1.23472E-001, 2.74802E+001, 2.51032E+001, 8.38321E-002, 2.65111E+001, 2.50231E+001, 2.00261E-005, 2.49253E-005, 2.71364E-005, 2.89892E-005, 3.19139E-005, 1.37981E-005, 2.29904E-005, 2.88198E-005, 2.94651E-005, 3.21744E-005, 2.86201E-006, 2.39717E-005, 2.89694E-005, 3.03675E-005, 3.03964E-005, 2.77291E-005, 3.11596E-005, 2.45009E-005, 1.96076E-006
 2.95000E+002, 2.55521E+001, 2.65529E+001, 4.15866E+001, 2.69594E+001, 2.50173E+001, 2.52505E+001, 2.62259E+001, 1.79953E-002, 2.01145E-001, 2.70072E+002, 2.18144E-001, 3.82476E+001, 2.63433E+001, 1.23290E-001, 2.74661E+001, 2.51037E+001, 8.26053E-002, 2.64579E+001, 2.50232E+001, 2.00718E-005, 2.49932E-005, 2.72724E-005, 2.90991E-005, 3.19143E-005, 1.39684E-005, 2.31353E-005, 2.87757E-005, 2.95114E-005, 3.21425E-005, 3.01375E-006, 2.45069E-005, 2.90062E-005, 3.05081E-005, 3.05506E-005, 2.78109E-005, 3.12465E-005, 2.45803E-005, 1.97435E-006
 2.96002E+002, 2.55522E+001, 2.65540E+001, 4.16723E+001, 2.66016E+001, 2.50174E+001, 2.52099E+001, 2.60182E+001, 1.79953E-002, 2.01149E-001, 2.70563E+002, 2.18337E-001, 3.83523E+001, 2.63463E+001, 1.22213E-001, 2.73871E+001, 2.51043E+001, 8.45291E-002, 2.66289E+001, 2.50234E+001, 2.01002E-005, 2.50676E-005, 2.74123E-005, 2.91844E-005, 3.19575E-005, 1.40812E-005, 2.32187E-005, 2.87865E-005, 2.95679E-005, 3.22667E-005, 3.16927E-006, 2.47202E-005, 2.91423E-005, 3.06507E-005, 3.07016E-005, 2.78930E-005, 3.13320E-005, 2.46632E-005, 1.98874E-006
 2.97003E+002, 2.55510E+001, 2.65425E+001, 4.17168E+001, 2.64278E+001, 2.50175E+001, 2.52080E+001, 2.60838E+001, 1.79954E-002, 2.01163E-001, 2.71052E+002, 2.18758E-001, 3.86705E+001, 2.63490E+001, 1.22753E-001, 2.73742E+001, 2.51047E+001, 8.47442E-002, 2.66030E+001, 2.50235E+001, 2.01155E-005, 2.51436E-005, 2.75392E-005, 2.92566E-005, 3.19968E-005, 1.41190E-005, 2.32531E-005, 2.88695E-005, 2.96394E-005, 3.23529E-005, 3.21466E-006, 2.45737E-005, 2.89329E-005, 3.07566E-005, 3.07601E-005, 2.79750E-005, 3.14167E-005, 2.47460E-005, 2.00289E-006
 2.98005E+002, 2.55491E+001, 2.65313E+001, 4.15629E+001, 2.64595E+001, 2.50176E+001, 2.52331E+001, 2.62222E+001, 1.79954E-002, 2.01171E-001, 2.71525E+002, 2.19183E-001, 3.89522E+001, 2.63507E+001, 1.23287E-001, 2.73919E+001, 2.51050E+001, 8.68578E-002, 2.65424E+001, 2.50237E+001, 2.01494E-005, 2.52285E-005, 2.76530E-005, 2.93487E-005, 3.20585E-005, 1.40667E-005, 2.32996E-005, 2.90146E-005, 2.97097E-005, 3.23932E-005, 3.14098E-006, 2.39931E-005, 2.86290E-005, 3.08173E-005, 3.07718E-005, 2.80562E-005, 3.14997E-005, 2.48269E-005, 2.01578E-006
 2.99001E+002, 2.55480E+001, 2.65310E+001, 4.13863E+001, 2.64267E+001, 2.50176E+001, 2.52385E+001, 2.59753E+001, 1.79955E-002, 2.01168E-001, 2.71952E+002, 2.19326E-001, 3.91354E+001, 2.63516E+001, 1.22557E-001, 2.73522E+001, 2.51052E+001, 8.98720E-002, 2.65052E+001, 2.50237E+001, 2.02273E-005, 2.53365E-005, 2.77662E-005, 2.94578E-005, 3.21416E-005, 1.39574E-005, 2.33931E-005, 2.91405E-005, 2.98020E-005, 3.24630E-005, 3.08023E-006, 2.31972E-005, 2.85633E-005, 3.08310E-005, 3.08163E-005, 2.81362E-005, 3.15813E-005, 2.49042E-005, 2.02876E-006
 3.00003E+002, 2.55480E+001, 2.65377E+001, 4.13011E+001, 2.63959E+001, 2.50176E+001, 2.52670E+001, 2.61669E+001, 1.79954E-002, 2.01159E-001, 2.72302E+002, 2.19387E-001, 3.91367E+001, 2.63524E+001, 1.22625E-001, 2.73499E+001, 2.51053E+001, 9.14625E-002, 2.64333E+001, 2.50237E+001, 2.03471E-005, 2.54733E-005, 2.78793E-005, 2.95545E-005, 3.22121E-005, 1.38950E-005, 2.35125E-005, 2.91989E-005, 2.99199E-005, 3.25324E-005, 3.06000E-006, 2.27112E-005, 2.86264E-005, 3.08605E-005, 3.08861E-005, 2.82152E-005, 3.16624E-005, 2.49780E-005, 2.04279E-006
 3.01004E+002, 2.55486E+001, 2.65470E+001, 4.17270E+001, 2.65008E+001, 2.50176E+001, 2.53258E+001, 2.63768E+001, 1.79953E-002, 2.01142E-001, 2.72604E+002, 2.19313E-001, 3.90926E+001, 2.63537E+001, 1.23686E-001, 2.74154E+001, 2.51054E+001, 9.33991E-002, 2.64965E+001, 2.50237E+001, 2.04848E-005, 2.56305E-005, 2.79845E-005, 2.96330E-005, 3.23495E-005, 1.39305E-005, 2.36259E-005, 2.92237E-005, 3.00363E-005, 3.26209E-005, 3.01356E-006, 2.28133E-005, 2.86970E-005, 3.10564E-005, 3.09374E-005, 2.82936E-005, 3.17449E-005, 2.50497E-005, 2.05740E-006
 3.02001E+002, 2.55490E+001, 2.65585E+001, 4.22694E+001, 2.66793E+001, 2.50175E+001, 2.53531E+001, 2.63612E+001, 1.79954E-002, 2.01121E-001, 2.72925E+002, 2.19063E-001, 3.93368E+001, 2.63552E+001, 1.23390E-001, 2.74338E+001, 2.51058E+001, 9.15016E-002, 2.66037E+001, 2.50237E+001, 2.06152E-005, 2.57903E-005, 2.80693E-005, 2.97018E-005, 3.26133E-005, 1.40064E-005, 2.37157E-005, 2.92508E-005, 3.01427E-005, 3.27316E-005, 3.00024E-006, 2.34376E-005, 2.89563E-005, 3.12842E-005, 3.09891E-005, 2.83718E-005, 3.18285E-005, 2.51200E-005, 2.07221E-006
 3.03002E+002, 2.55487E+001, 2.65631E+001, 4.26997E+001, 2.67537E+001, 2.50176E+001, 2.53573E+001, 2.63765E+001, 1.79952E-002, 2.01102E-001, 2.73319E+002, 2.19058E-001, 3.94174E+001, 2.63567E+001, 1.22979E-001, 2.74423E+001, 2.51064E+001, 8.55086E-002, 2.65839E+001, 2.50237E+001, 2.07356E-005, 2.59366E-005, 2.81189E-005, 2.97541E-005, 3.28123E-005, 1.40610E-005, 2.37811E-005, 2.92941E-005, 3.02464E-005, 3.28796E-005, 3.06482E-006, 2.43802E-005, 2.97961E-005, 3.13536E-005, 3.10859E-005, 2.84501E-005, 3.19131E-005, 2.51908E-005, 2.08719E-006
 3.04004E+002, 2.55484E+001, 2.65632E+001, 4.34135E+001, 2.69949E+001, 2.50177E+001, 2.53486E+001, 2.64850E+001, 1.79952E-002, 2.01091E-001, 2.73794E+002, 2.19248E-001, 3.96679E+001, 2.63575E+001, 1.23087E-001, 2.75038E+001, 2.51068E+001, 7.96125E-002, 2.65163E+001, 2.50238E+001, 2.08704E-005, 2.60667E-005, 2.81463E-005, 2.97903E-005, 3.29344E-005, 1.40892E-005, 2.37916E-005, 2.93436E-005, 3.03347E-005, 3.29072E-005, 3.18787E-006, 2.52978E-005, 3.04223E-005, 3.13737E-005, 3.12803E-005, 2.85286E-005, 3.19990E-005, 2.52637E-005, 2.10145E-006
 3.05000E+002, 2.55493E+001, 2.65659E+001, 4.36183E+001, 2.68830E+001, 2.50178E+001, 2.53142E+001, 2.63763E+001, 1.79952E-002, 2.01096E-001, 2.74315E+002, 2.19113E-001, 3.99491E+001, 2.63576E+001, 1.22981E-001, 2.74990E+001, 2.51072E+001, 7.73676E-002, 2.63871E+001, 2.50239E+001, 2.10471E-005, 2.61938E-005, 2.81956E-005, 2.98390E-005, 3.30417E-005, 1.41034E-005, 2.37240E-005, 2.93979E-005, 3.04080E-005, 3.31456E-005, 3.32364E-006, 2.57199E-005, 3.04949E-005, 3.13851E-005, 3.14103E-005, 2.86067E-005, 3.20849E-005, 2.53371E-005, 2.11516E-006
 3.06002E+002, 2.55519E+001, 2.65609E+001, 4.35142E+001, 2.70781E+001, 2.50179E+001, 2.52658E+001, 2.64227E+001, 1.79951E-002, 2.01105E-001, 2.74835E+002, 2.18969E-001, 3.99150E+001, 2.63581E+001, 1.24451E-001, 2.75691E+001, 2.51076E+001, 7.68756E-002, 2.63251E+001, 2.50240E+001, 2.12650E-005, 2.63326E-005, 2.82786E-005, 2.99193E-005, 3.30869E-005, 1.40996E-005, 2.36096E-005, 2.94585E-005, 3.04795E-005, 3.32647E-005, 3.40594E-006, 2.53836E-005, 3.07265E-005, 3.15063E-005, 3.15149E-005, 2.86852E-005, 3.21696E-005, 2.54115E-005, 2.12875E-006
 3.07003E+002, 2.55558E+001, 2.65539E+001, 4.29008E+001, 2.71407E+001, 2.50180E+001, 2.52338E+001, 2.63024E+001, 1.79951E-002, 2.01092E-001, 2.75327E+002, 2.19196E-001, 3.95991E+001, 2.63596E+001, 1.23959E-001, 2.75469E+001, 2.51079E+001, 8.06706E-002, 2.63308E+001, 2.50241E+001, 2.14942E-005, 2.64843E-005, 2.83861E-005, 3.00172E-005, 3.30580E-005, 1.40730E-005, 2.35054E-005, 2.95394E-005, 3.05411E-005, 3.33368E-005, 3.42425E-006, 2.43640E-005, 3.12791E-005, 3.16306E-005, 3.16016E-005, 2.87648E-005, 3.22525E-005, 2.54875E-005, 2.14261E-006
 3.08005E+002, 2.55594E+001, 2.65501E+001, 4.20454E+001, 2.71024E+001, 2.50181E+001, 2.52123E+001, 2.59612E+001, 1.79950E-002, 2.01055E-001, 2.75783E+002, 2.19661E-001, 3.93909E+001, 2.63627E+001, 1.23000E-001, 2.75286E+001, 2.51083E+001, 8.71227E-002, 2.63918E+001, 2.50243E+001, 2.16935E-005, 2.66385E-005, 2.85067E-005, 3.01078E-005, 3.29923E-005, 1.40453E-005, 2.34526E-005, 2.96918E-005, 3.06075E-005, 3.34128E-005, 3.45948E-006, 2.33922E-005, 3.14575E-005, 3.17152E-005, 3.16475E-005, 2.88442E-005, 3.23347E-005, 2.55617E-005, 2.15667E-006
 3.09001E+002, 2.55616E+001, 2.65494E+001, 4.15923E+001, 2.70373E+001, 2.50181E+001, 2.52083E+001, 2.60733E+001, 1.79951E-002, 2.01010E-001, 2.76195E+002, 2.19976E-001, 3.92902E+001, 2.63667E+001, 1.21745E-001, 2.75027E+001, 2.51087E+001, 8.63266E-002, 2.63408E+001, 2.50244E+001, 2.18234E-005, 2.67812E-005, 2.86182E-005, 3.01939E-005, 3.29910E-005, 1.40541E-005, 2.34764E-005, 2.99488E-005, 3.06749E-005, 3.34357E-005, 3.58464E-006, 2.31855E-005, 3.13117E-005, 3.18046E-005, 3.17192E-005, 2.89225E-005, 3.24164E-005, 2.56325E-005, 2.17042E-006
 3.10003E+002, 2.55618E+001, 2.65554E+001, 4.17279E+001, 2.69288E+001, 2.50181E+001, 2.52537E+001, 2.61757E+001, 1.79951E-002, 2.00977E-001, 2.76567E+002, 2.19760E-001, 3.94136E+001, 2.63707E+001, 1.21254E-001, 2.74643E+001, 2.51090E+001, 8.82397E-002, 2.63132E+001, 2.50244E+001, 2.18594E-005, 2.69002E-005, 2.87018E-005, 3.02872E-005, 3.31521E-005, 1.41152E-005, 2.36074E-005, 3.01509E-005, 3.07588E-005, 3.35081E-005, 3.51401E-006, 2.32828E-005, 3.09582E-005, 3.19109E-005, 3.18036E-005, 2.89996E-005, 3.24983E-005, 2.57002E-005, 2.18476E-006
 3.11004E+002, 2.55605E+001, 2.65639E+001, 4.19231E+001, 2.70145E+001, 2.50181E+001, 2.53179E+001, 2.60615E+001, 1.79952E-002, 2.00951E-001, 2.76959E+002, 2.19692E-001, 3.93241E+001, 2.63739E+001, 1.22050E-001, 2.74971E+001, 2.51092E+001, 8.97435E-002, 2.63631E+001, 2.50245E+001, 2.18105E-005, 2.69881E-005, 2.87505E-005, 3.03754E-005, 3.33386E-005, 1.42113E-005, 2.38917E-005, 3.02128E-005, 3.08828E-005, 3.35164E-005, 3.37891E-006, 2.35371E-005, 3.03352E-005, 3.19603E-005, 3.19667E-005, 2.90761E-005, 3.25830E-005, 2.57670E-005, 2.20463E-006
 3.12001E+002, 2.55593E+001, 2.65658E+001, 4.19987E+001, 2.71606E+001, 2.50182E+001, 2.53520E+001, 2.59572E+001, 1.79953E-002, 2.00943E-001, 2.77406E+002, 2.19776E-001, 3.94348E+001, 2.63759E+001, 1.22474E-001, 2.75369E+001, 2.51094E+001, 8.72369E-002, 2.63805E+001, 2.50246E+001, 2.17235E-005, 2.70430E-005, 2.87738E-005, 3.04368E-005, 3.34324E-005, 1.43085E-005, 2.42951E-005, 3.01382E-005, 3.10231E-005, 3.36243E-005, 3.38713E-006, 2.39745E-005, 2.98351E-005, 3.20793E-005, 3.20592E-005, 2.91534E-005, 3.26699E-005, 2.58364E-005, 2.22408E-006
 3.13002E+002, 2.55594E+001, 2.65627E+001, 4.17911E+001, 2.72843E+001, 2.50183E+001, 2.53076E+001, 2.59201E+001, 1.79952E-002, 2.00955E-001, 2.77901E+002, 2.19463E-001, 3.94636E+001, 2.63771E+001, 1.22657E-001, 2.75609E+001, 2.51095E+001, 8.64826E-002, 2.64278E+001, 2.50246E+001, 2.16472E-005, 2.70745E-005, 2.87980E-005, 3.04852E-005, 3.35329E-005, 1.43838E-005, 2.46637E-005, 3.00147E-005, 3.11493E-005, 3.36495E-005, 3.57704E-006, 2.44129E-005, 2.98200E-005, 3.21975E-005, 3.20953E-005, 2.92327E-005, 3.27573E-005, 2.59097E-005, 2.24141E-006
 3.14004E+002, 2.55610E+001, 2.65606E+001, 4.19024E+001, 2.69386E+001, 2.50185E+001, 2.52293E+001, 2.58013E+001, 1.79952E-002, 2.00962E-001, 2.78411E+002, 2.19149E-001, 3.94633E+001, 2.63784E+001, 1.21167E-001, 2.74586E+001, 2.51096E+001, 8.62287E-002, 2.64977E+001, 2.50248E+001, 2.15937E-005, 2.70905E-005, 2.88487E-005, 3.05507E-005, 3.36584E-005, 1.44496E-005, 2.48911E-005, 2.99796E-005, 3.12364E-005, 3.37431E-005, 3.85667E-006, 2.48058E-005, 3.01648E-005, 3.19830E-005, 3.21262E-005, 2.93131E-005, 3.28453E-005, 2.59847E-005, 2.25711E-006
 3.15000E+002, 2.55628E+001, 2.65618E+001, 4.20270E+001, 2.65933E+001, 2.50185E+001, 2.51852E+001, 2.63362E+001, 1.79953E-002, 2.00951E-001, 2.78878E+002, 2.19092E-001, 3.95524E+001, 2.63799E+001, 1.20440E-001, 2.73766E+001, 2.51097E+001, 8.48746E-002, 2.64666E+001, 2.50249E+001, 2.15377E-005, 2.70874E-005, 2.89163E-005, 3.06486E-005, 3.37641E-005, 1.45334E-005, 2.49732E-005, 3.00641E-005, 3.12955E-005, 3.39214E-005, 4.09958E-006, 2.50499E-005, 3.05519E-005, 3.18970E-005, 3.21841E-005, 2.93923E-005, 3.29322E-005, 2.60579E-005, 2.27055E-006
 3.16002E+002, 2.55638E+001, 2.65698E+001, 4.23579E+001, 2.68162E+001, 2.50185E+001, 2.51849E+001, 2.64020E+001, 1.79952E-002, 2.00928E-001, 2.79295E+002, 2.18850E-001, 3.98207E+001, 2.63812E+001, 1.23305E-001, 2.75286E+001, 2.51100E+001, 8.20592E-002, 2.63369E+001, 2.50250E+001, 2.14567E-005, 2.70666E-005, 2.89696E-005, 3.07708E-005, 3.39110E-005, 1.46329E-005, 2.49433E-005, 3.02396E-005, 3.13474E-005, 3.39961E-005, 3.92721E-006, 2.50613E-005, 3.06851E-005, 3.21090E-005, 3.21946E-005, 2.94701E-005, 3.30163E-005, 2.61291E-005, 2.28214E-006
 3.17003E+002, 2.55639E+001, 2.65885E+001, 4.26522E+001, 2.72375E+001, 2.50185E+001, 2.52068E+001, 2.62533E+001, 1.79952E-002, 2.00909E-001, 2.79695E+002, 2.18778E-001, 4.00561E+001, 2.63821E+001, 1.23990E-001, 2.75553E+001, 2.51104E+001, 8.23152E-002, 2.63908E+001, 2.50251E+001, 2.13676E-005, 2.70338E-005, 2.90047E-005, 3.08805E-005, 3.40454E-005, 1.47152E-005, 2.48376E-005, 3.04106E-005, 3.13739E-005, 3.39941E-005, 3.62498E-006, 2.49119E-005, 3.07235E-005, 3.23904E-005, 3.22056E-005, 2.95479E-005, 3.30973E-005, 2.62014E-005, 2.29231E-006
 3.18005E+002, 2.55642E+001, 2.66080E+001, 4.21226E+001, 2.72935E+001, 2.50186E+001, 2.52289E+001, 2.57589E+001, 1.79952E-002, 2.00896E-001, 2.80114E+002, 2.19032E-001, 3.96257E+001, 2.63827E+001, 1.24991E-001, 2.75893E+001, 2.51109E+001, 8.77515E-002, 2.65000E+001, 2.50251E+001, 2.13054E-005, 2.70003E-005, 2.90670E-005, 3.09593E-005, 3.40382E-005, 1.47555E-005, 2.47153E-005, 3.05176E-005, 3.14397E-005, 3.41456E-005, 3.56873E-006, 2.43683E-005, 3.09343E-005, 3.25331E-005, 3.21993E-005, 2.96253E-005, 3.31765E-005, 2.62746E-005, 2.30123E-006
 3.19001E+002, 2.55648E+001, 2.66074E+001, 4.16085E+001, 2.73299E+001, 2.50187E+001, 2.52638E+001, 2.57728E+001, 1.79952E-002, 2.00880E-001, 2.80556E+002, 2.19572E-001, 3.92604E+001, 2.63837E+001, 1.25369E-001, 2.76138E+001, 2.51113E+001, 8.64742E-002, 2.64998E+001, 2.50251E+001, 2.12848E-005, 2.69760E-005, 2.91675E-005, 3.10449E-005, 3.39774E-005, 1.47600E-005, 2.46473E-005, 3.05863E-005, 3.15314E-005, 3.43390E-005, 3.69573E-006, 2.45582E-005, 3.14489E-005, 3.23355E-005, 3.22960E-005, 2.97013E-005, 3.32529E-005, 2.63465E-005, 2.30983E-006
 3.20003E+002, 2.55655E+001, 2.65939E+001, 4.22700E+001, 2.73161E+001, 2.50187E+001, 2.54050E+001, 2.59679E+001, 1.79952E-002, 2.00864E-001, 2.80966E+002, 2.20243E-001, 3.96716E+001, 2.63850E+001, 1.24842E-001, 2.75840E+001, 2.51116E+001, 8.10819E-002, 2.63703E+001, 2.50252E+001, 2.13016E-005, 2.69674E-005, 2.92668E-005, 3.11700E-005, 3.39377E-005, 1.47602E-005, 2.46685E-005, 3.06193E-005, 3.16106E-005, 3.43590E-005, 3.71540E-006, 2.51995E-005, 3.14799E-005, 3.25280E-005, 3.25828E-005, 2.97763E-005, 3.33280E-005, 2.64177E-005, 2.32001E-006
 3.21004E+002, 2.55657E+001, 2.65832E+001, 4.30722E+001, 2.71692E+001, 2.50187E+001, 2.57087E+001, 2.60302E+001, 1.79953E-002, 2.00845E-001, 2.81328E+002, 2.20542E-001, 4.04595E+001, 2.63867E+001, 1.24153E-001, 2.75417E+001, 2.51118E+001, 8.30884E-002, 2.64404E+001, 2.50252E+001, 2.13536E-005, 2.69803E-005, 2.93433E-005, 3.13074E-005, 3.40663E-005, 1.47926E-005, 2.47743E-005, 3.06467E-005, 3.16922E-005, 3.43477E-005, 3.64838E-006, 2.52871E-005, 3.13944E-005, 3.28505E-005, 3.27678E-005, 2.98503E-005, 3.34016E-005, 2.64888E-005, 2.33241E-006
 3.22001E+002, 2.55654E+001, 2.65720E+001, 4.33434E+001, 2.69965E+001, 2.50186E+001, 2.58781E+001, 2.59999E+001, 1.79953E-002, 2.00824E-001, 2.81639E+002, 2.20126E-001, 4.07671E+001, 2.63889E+001, 1.23372E-001, 2.75231E+001, 2.51119E+001, 8.07808E-002, 2.64772E+001, 2.50252E+001, 2.14365E-005, 2.70216E-005, 2.93824E-005, 3.14012E-005, 3.43014E-005, 1.48689E-005, 2.49348E-005, 3.06950E-005, 3.17975E-005, 3.44178E-005, 3.65762E-006, 2.51432E-005, 3.15554E-005, 3.29175E-005, 3.28416E-005, 2.99253E-005, 3.34741E-005, 2.65615E-005, 2.34495E-006
 3.23002E+002, 2.55650E+001, 2.65562E+001, 4.28785E+001, 2.71103E+001, 2.50184E+001, 2.56890E+001, 2.60180E+001, 1.79954E-002, 2.00807E-001, 2.81920E+002, 2.20694E-001, 4.05492E+001, 2.63912E+001, 1.24169E-001, 2.75962E+001, 2.51121E+001, 8.10759E-002, 2.64730E+001, 2.50252E+001, 2.15397E-005, 2.70945E-005, 2.93942E-005, 3.14306E-005, 3.43130E-005, 1.49790E-005, 2.51028E-005, 3.07569E-005, 3.19109E-005, 3.46687E-005, 3.75718E-006, 2.48321E-005, 3.17546E-005, 3.30338E-005, 3.29082E-005, 3.00016E-005, 3.35476E-005, 2.66356E-005, 2.35880E-006
 3.24004E+002, 2.55647E+001, 2.65444E+001, 4.24609E+001, 2.73253E+001, 2.50182E+001, 2.53813E+001, 2.58761E+001, 1.79954E-002, 2.00796E-001, 2.82185E+002, 2.21564E-001, 4.03029E+001, 2.63936E+001, 1.24162E-001, 2.76170E+001, 2.51123E+001, 7.99628E-002, 2.63135E+001, 2.50252E+001, 2.16510E-005, 2.71901E-005, 2.94239E-005, 3.14360E-005, 3.41867E-005, 1.51242E-005, 2.52568E-005, 3.08414E-005, 3.19806E-005, 3.47661E-005, 3.88094E-006, 2.44179E-005, 3.22609E-005, 3.32220E-005, 3.31051E-005, 3.00791E-005, 3.36229E-005, 2.67113E-005, 2.37627E-006
 3.25005E+002, 2.55649E+001, 2.65458E+001, 4.29068E+001, 2.72385E+001, 2.50181E+001, 2.52151E+001, 2.60593E+001, 1.79953E-002, 2.00778E-001, 2.82379E+002, 2.21589E-001, 4.05440E+001, 2.63957E+001, 1.23041E-001, 2.75629E+001, 2.51126E+001, 8.65123E-002, 2.63270E+001, 2.50253E+001, 2.17637E-005, 2.72920E-005, 2.95038E-005, 3.14886E-005, 3.42558E-005, 1.53097E-005, 2.54092E-005, 3.09917E-005, 3.20482E-005, 3.48063E-005, 4.01832E-006, 2.40722E-005, 3.30910E-005, 3.31715E-005, 3.32087E-005, 3.01571E-005, 3.36987E-005, 2.67857E-005, 2.39485E-006
 3.26001E+002, 2.55656E+001, 2.65531E+001, 4.29769E+001, 2.71370E+001, 2.50178E+001, 2.51815E+001, 2.61358E+001, 1.79953E-002, 2.00744E-001, 2.82460E+002, 2.21092E-001, 4.03150E+001, 2.63976E+001, 1.22069E-001, 2.75282E+001, 2.51131E+001, 8.68481E-002, 2.66591E+001, 2.50253E+001, 2.18744E-005, 2.73866E-005, 2.96177E-005, 3.15903E-005, 3.45157E-005, 1.54949E-005, 2.55390E-005, 3.12412E-005, 3.21512E-005, 3.48001E-005, 4.01623E-006, 2.41188E-005, 3.30980E-005, 3.31438E-005, 3.31890E-005, 3.02348E-005, 3.37759E-005, 2.68570E-005, 2.41212E-006
 3.27003E+002, 2.55666E+001, 2.65510E+001, 4.35375E+001, 2.68822E+001, 2.50176E+001, 2.52151E+001, 2.62644E+001, 1.79953E-002, 2.00698E-001, 2.82486E+002, 2.21105E-001, 4.02591E+001, 2.63992E+001, 1.21201E-001, 2.74859E+001, 2.51136E+001, 8.55730E-002, 2.65823E+001, 2.50254E+001, 2.19776E-005, 2.74699E-005, 2.97232E-005, 3.16860E-005, 3.47138E-005, 1.56024E-005, 2.55883E-005, 3.15051E-005, 3.22789E-005, 3.49123E-005, 3.89108E-006, 2.45046E-005, 3.29173E-005, 3.32161E-005, 3.32474E-005, 3.03124E-005, 3.38560E-005, 2.69294E-005, 2.42744E-006
 3.28005E+002, 2.55674E+001, 2.65362E+001, 4.47833E+001, 2.68678E+001, 2.50173E+001, 2.52336E+001, 2.62986E+001, 1.79953E-002, 2.00662E-001, 2.82469E+002, 2.21505E-001, 4.15792E+001, 2.64007E+001, 1.21931E-001, 2.75247E+001, 2.51140E+001, 8.59453E-002, 2.65526E+001, 2.50253E+001, 2.20705E-005, 2.75438E-005, 2.98009E-005, 3.17394E-005, 3.49587E-005, 1.55906E-005, 2.55325E-005, 3.16749E-005, 3.24136E-005, 3.50832E-005, 3.88826E-006, 2.47824E-005, 3.26210E-005, 3.32787E-005, 3.33155E-005, 3.03900E-005, 3.39368E-005, 2.70051E-005, 2.44186E-006
 3.29001E+002, 2.55676E+001, 2.65144E+001, 4.70413E+001, 2.70400E+001, 2.50172E+001, 2.52254E+001, 2.61737E+001, 1.79953E-002, 2.00648E-001, 2.82504E+002, 2.21472E-001, 4.33120E+001, 2.64025E+001, 1.23561E-001, 2.76004E+001, 2.51143E+001, 8.71106E-002, 2.66009E+001, 2.50253E+001, 2.21590E-005, 2.76136E-005, 2.98530E-005, 3.17603E-005, 3.54254E-005, 1.54916E-005, 2.53974E-005, 3.17344E-005, 3.25266E-005, 3.53600E-005, 4.08505E-006, 2.49803E-005, 3.22387E-005, 3.33940E-005, 3.33258E-005, 3.04661E-005, 3.40171E-005, 2.70809E-005, 2.45678E-006
 3.30002E+002, 2.55681E+001, 2.64999E+001, 4.75718E+001, 2.71041E+001, 2.50171E+001, 2.52338E+001, 2.56778E+001, 1.79952E-002, 2.00657E-001, 2.82703E+002, 2.21405E-001, 4.38118E+001, 2.64046E+001, 1.24892E-001, 2.76415E+001, 2.51143E+001, 8.90541E-002, 2.66882E+001, 2.50254E+001, 2.22603E-005, 2.76934E-005, 2.99024E-005, 3.17916E-005, 3.57024E-005, 1.53921E-005, 2.52293E-005, 3.17288E-005, 3.26008E-005, 3.56502E-005, 4.24907E-006, 2.50347E-005, 3.23210E-005, 3.35778E-005, 3.33619E-005, 3.05422E-005, 3.40983E-005, 2.71567E-005, 2.47205E-006
 3.31004E+002, 2.55693E+001, 2.65040E+001, 4.70705E+001, 2.71895E+001, 2.50171E+001, 2.52535E+001, 2.56803E+001, 1.79953E-002, 2.00672E-001, 2.82989E+002, 2.21323E-001, 4.32546E+001, 2.64067E+001, 1.27387E-001, 2.77111E+001, 2.51143E+001, 8.90920E-002, 2.66947E+001, 2.50255E+001, 2.23870E-005, 2.77964E-005, 2.99798E-005, 3.18704E-005, 3.58006E-005, 1.53467E-005, 2.50920E-005, 3.17457E-005, 3.26453E-005, 3.63094E-005, 4.23041E-006, 2.46049E-005, 3.25247E-005, 3.36384E-005, 3.34595E-005, 3.06190E-005, 3.41788E-005, 2.72338E-005, 2.48580E-006
 3.32000E+002, 2.55712E+001, 2.65179E+001, 4.62531E+001, 2.73862E+001, 2.50169E+001, 2.52836E+001, 2.58473E+001, 1.79953E-002, 2.00667E-001, 2.83178E+002, 2.21177E-001, 4.25369E+001, 2.64094E+001, 1.26484E-001, 2.76234E+001, 2.51143E+001, 8.77173E-002, 2.66139E+001, 2.50256E+001, 2.25267E-005, 2.79209E-005, 3.00911E-005, 3.19949E-005, 3.56855E-005, 1.53283E-005, 2.50546E-005, 3.18525E-005, 3.26633E-005, 3.62622E-005, 4.16930E-006, 2.43691E-005, 3.25227E-005, 3.36333E-005, 3.35922E-005, 3.06954E-005, 3.42562E-005, 2.73099E-005, 2.49772E-006
 3.33002E+002, 2.55725E+001, 2.65248E+001, 4.64105E+001, 2.72472E+001, 2.50166E+001, 2.52810E+001, 2.61044E+001, 1.79952E-002, 2.00634E-001, 2.83299E+002, 2.21022E-001, 4.24127E+001, 2.64129E+001, 1.26633E-001, 2.76023E+001, 2.51144E+001, 8.66702E-002, 2.65511E+001, 2.50256E+001, 2.26414E-005, 2.80506E-005, 3.02129E-005, 3.21238E-005, 3.58289E-005, 1.53107E-005, 2.51421E-005, 3.20444E-005, 3.27173E-005, 3.63661E-005, 4.06098E-006, 2.44939E-005, 3.23405E-005, 3.36762E-005, 3.37561E-005, 3.07712E-005, 3.43317E-005, 2.73836E-005, 2.50866E-006
 3.34003E+002, 2.55721E+001, 2.65159E+001, 4.65681E+001, 2.70978E+001, 2.50163E+001, 2.52295E+001, 2.63337E+001, 1.79952E-002, 2.00589E-001, 2.83378E+002, 2.21302E-001, 4.26732E+001, 2.64165E+001, 1.26238E-001, 2.75977E+001, 2.51145E+001, 8.35066E-002, 2.63501E+001, 2.50256E+001, 2.26990E-005, 2.81658E-005, 3.03210E-005, 3.22195E-005, 3.59490E-005, 1.53211E-005, 2.53124E-005, 3.22565E-005, 3.28189E-005, 3.66059E-005, 4.00760E-006, 2.47397E-005, 3.20711E-005, 3.37965E-005, 3.39083E-005, 3.08476E-005, 3.44094E-005, 2.74559E-005, 2.52001E-006
 3.35005E+002, 2.55700E+001, 2.65027E+001, 4.66692E+001, 2.73336E+001, 2.50162E+001, 2.52132E+001, 2.65225E+001, 1.79952E-002, 2.00549E-001, 2.83507E+002, 2.21640E-001, 4.29683E+001, 2.64188E+001, 1.27229E-001, 2.76667E+001, 2.51148E+001, 8.58860E-002, 2.63427E+001, 2.50255E+001, 2.27066E-005, 2.82594E-005, 3.04161E-005, 3.23095E-005, 3.60842E-005, 1.53827E-005, 2.54913E-005, 3.24156E-005, 3.29236E-005, 3.64602E-005, 4.03682E-006, 2.50018E-005, 3.18307E-005, 3.39925E-005, 3.39988E-005, 3.09242E-005, 3.44918E-005, 2.75256E-005, 2.53468E-006
 3.36001E+002, 2.55680E+001, 2.64949E+001, 4.66009E+001, 2.71239E+001, 2.50162E+001, 2.52830E+001, 2.63705E+001, 1.79952E-002, 2.00512E-001, 2.83723E+002, 2.21788E-001, 4.30705E+001, 2.64193E+001, 1.25836E-001, 2.75876E+001, 2.51153E+001, 9.34156E-002, 2.66677E+001, 2.50255E+001, 2.27051E-005, 2.83411E-005, 3.05067E-005, 3.24184E-005, 3.62007E-005, 1.54827E-005, 2.56448E-005, 3.25329E-005, 3.30171E-005, 3.66888E-005, 4.09915E-006, 2.52731E-005, 3.25000E-005, 3.41700E-005, 3.41291E-005, 3.10004E-005, 3.45768E-005, 2.75935E-005, 2.55229E-006
 3.37003E+002, 2.55685E+001, 2.64962E+001, 4.65878E+001, 2.70810E+001, 2.50162E+001, 2.55296E+001, 2.60916E+001, 1.79953E-002, 2.00469E-001, 2.84011E+002, 2.21727E-001, 4.29951E+001, 2.64188E+001, 1.25267E-001, 2.75763E+001, 2.51157E+001, 8.81264E-002, 2.66474E+001, 2.50256E+001, 2.27391E-005, 2.84293E-005, 3.05989E-005, 3.25328E-005, 3.63087E-005, 1.56065E-005, 2.57843E-005, 3.26471E-005, 3.31234E-005, 3.67961E-005, 4.19235E-006, 2.57928E-005, 3.33791E-005, 3.41497E-005, 3.42313E-005, 3.10755E-005, 3.46619E-005, 2.76580E-005, 2.57150E-006
 3.38004E+002, 2.55719E+001, 2.65034E+001, 4.65689E+001, 2.70422E+001, 2.50163E+001, 2.56574E+001, 2.64021E+001, 1.79953E-002, 2.00426E-001, 2.84334E+002, 2.21526E-001, 4.28118E+001, 2.64185E+001, 1.25155E-001, 2.75838E+001, 2.51162E+001, 8.29137E-002, 2.64472E+001, 2.50257E+001, 2.28233E-005, 2.85330E-005, 3.06908E-005, 3.26250E-005, 3.63989E-005, 1.57721E-005, 2.59313E-005, 3.27450E-005, 3.32243E-005, 3.69533E-005, 4.51349E-006, 2.66026E-005, 3.31428E-005, 3.44381E-005, 3.43726E-005, 3.11517E-005, 3.47454E-005, 2.77262E-005, 2.59280E-006
 3.39001E+002, 2.55772E+001, 2.65042E+001, 4.64894E+001, 2.70341E+001, 2.50164E+001, 2.54344E+001, 2.66563E+001, 1.79953E-002, 2.00393E-001, 2.84686E+002, 2.21431E-001, 4.26867E+001, 2.64197E+001, 1.24631E-001, 2.75637E+001, 2.51164E+001, 8.45187E-002, 2.64802E+001, 2.50258E+001, 2.29292E-005, 2.86441E-005, 3.07753E-005, 3.26827E-005, 3.64675E-005, 1.60138E-005, 2.60939E-005, 3.28110E-005, 3.33071E-005, 3.70409E-005, 5.23135E-006, 2.71826E-005, 3.28767E-005, 3.46613E-005, 3.44884E-005, 3.12279E-005, 3.48276E-005, 2.77980E-005, 2.61539E-006
 3.40002E+002, 2.55823E+001, 2.64950E+001, 4.65062E+001, 2.70501E+001, 2.50165E+001, 2.52221E+001, 2.65048E+001, 1.79953E-002, 2.00376E-001, 2.85090E+002, 2.21474E-001, 4.26850E+001, 2.64226E+001, 1.24599E-001, 2.75542E+001, 2.51167E+001, 7.91393E-002, 2.63148E+001, 2.50260E+001, 2.30144E-005, 2.87477E-005, 3.08568E-005, 3.27346E-005, 3.65450E-005, 1.63332E-005, 2.62494E-005, 3.28523E-005, 3.33820E-005, 3.71467E-005, 5.31868E-006, 2.74190E-005, 3.27754E-005, 3.47710E-005, 3.46297E-005, 3.13034E-005, 3.49085E-005, 2.78702E-005, 2.63795E-006
 3.41004E+002, 2.55857E+001, 2.64841E+001, 4.66088E+001, 2.70970E+001, 2.50165E+001, 2.52082E+001, 2.65317E+001, 1.79952E-002, 2.00374E-001, 2.85521E+002, 2.21593E-001, 4.28301E+001, 2.64263E+001, 1.24946E-001, 2.75548E+001, 2.51170E+001, 8.02109E-002, 2.62680E+001, 2.50261E+001, 2.30607E-005, 2.88343E-005, 3.09500E-005, 3.28176E-005, 3.66211E-005, 1.66728E-005, 2.63568E-005, 3.28931E-005, 3.34587E-005, 3.71954E-005, 4.91535E-006, 2.72917E-005, 3.26905E-005, 3.48340E-005, 3.47201E-005, 3.13787E-005, 3.49872E-005, 2.79430E-005, 2.65907E-006
 3.42000E+002, 2.55873E+001, 2.64812E+001, 4.70669E+001, 2.70461E+001, 2.50167E+001, 2.53024E+001, 2.61378E+001, 1.79952E-002, 2.00377E-001, 2.85967E+002, 2.21530E-001, 4.31340E+001, 2.64299E+001, 1.25574E-001, 2.75487E+001, 2.51174E+001, 8.46914E-002, 2.63743E+001, 2.50262E+001, 2.30843E-005, 2.89051E-005, 3.10675E-005, 3.29393E-005, 3.67590E-005, 1.69613E-005, 2.64260E-005, 3.29583E-005, 3.35461E-005, 3.73044E-005, 4.67738E-006, 2.63346E-005, 3.26059E-005, 3.50408E-005, 3.48814E-005, 3.14536E-005, 3.50632E-005, 2.80168E-005, 2.67973E-006
 3.43002E+002, 2.55878E+001, 2.64845E+001, 4.71831E+001, 2.70398E+001, 2.50168E+001, 2.53518E+001, 2.60977E+001, 1.79952E-002, 2.00369E-001, 2.86390E+002, 2.21552E-001, 4.31636E+001, 2.64335E+001, 1.26521E-001, 2.75660E+001, 2.51178E+001, 9.37353E-002, 2.64212E+001, 2.50263E+001, 2.31112E-005, 2.89720E-005, 3.12133E-005, 3.30707E-005, 3.68586E-005, 1.71614E-005, 2.65373E-005, 3.30623E-005, 3.36527E-005, 3.73986E-005, 4.62360E-006, 2.45999E-005, 3.26032E-005, 3.51906E-005, 3.50988E-005, 3.15293E-005, 3.51388E-005, 2.80928E-005, 2.70010E-006
 3.44003E+002, 2.55881E+001, 2.64881E+001, 4.74876E+001, 2.70941E+001, 2.50169E+001, 2.53216E+001, 2.62496E+001, 1.79953E-002, 2.00344E-001, 2.86801E+002, 2.21529E-001, 4.33659E+001, 2.64370E+001, 1.27170E-001, 2.75959E+001, 2.51182E+001, 9.13972E-002, 2.63415E+001, 2.50263E+001, 2.31517E-005, 2.90486E-005, 3.13737E-005, 3.31885E-005, 3.69826E-005, 1.72490E-005, 2.67479E-005, 3.31715E-005, 3.37744E-005, 3.75635E-005, 4.75272E-006, 2.43804E-005, 3.24845E-005, 3.53558E-005, 3.51952E-005, 3.16060E-005, 3.52153E-005, 2.81697E-005, 2.71957E-006
 3.45005E+002, 2.55882E+001, 2.64911E+001, 4.76329E+001, 2.71350E+001, 2.50171E+001, 2.52630E+001, 2.62115E+001, 1.79953E-002, 2.00319E-001, 2.87176E+002, 2.21562E-001, 4.34829E+001, 2.64403E+001, 1.26780E-001, 2.75949E+001, 2.51184E+001, 8.86246E-002, 2.64256E+001, 2.50264E+001, 2.32006E-005, 2.91395E-005, 3.15281E-005, 3.32895E-005, 3.70933E-005, 1.72197E-005, 2.70290E-005, 3.32338E-005, 3.38822E-005, 3.75846E-005, 5.02230E-006, 2.53312E-005, 3.29906E-005, 3.52854E-005, 3.52791E-005, 3.16820E-005, 3.52920E-005, 2.82426E-005, 2.73981E-006
 3.46001E+002, 2.55879E+001, 2.64912E+001, 4.75631E+001, 2.71159E+001, 2.50172E+001, 2.52500E+001, 2.58454E+001, 1.79953E-002, 2.00305E-001, 2.87512E+002, 2.21674E-001, 4.35394E+001, 2.64431E+001, 1.27089E-001, 2.76046E+001, 2.51185E+001, 8.92119E-002, 2.64547E+001, 2.50265E+001, 2.32578E-005, 2.92395E-005, 3.16616E-005, 3.33732E-005, 3.71643E-005, 1.71298E-005, 2.73150E-005, 3.32745E-005, 3.39622E-005, 3.77433E-005, 4.94468E-006, 2.59430E-005, 3.41927E-005, 3.53118E-005, 3.53007E-005, 3.17561E-005, 3.53676E-005, 2.83105E-005, 2.76210E-006
 3.47003E+002, 2.55868E+001, 2.64863E+001, 4.75867E+001, 2.71093E+001, 2.50174E+001, 2.53086E+001, 2.60485E+001, 1.79952E-002, 2.00301E-001, 2.87845E+002, 2.21797E-001, 4.36699E+001, 2.64454E+001, 1.27126E-001, 2.75925E+001, 2.51185E+001, 9.05083E-002, 2.64294E+001, 2.50265E+001, 2.33380E-005, 2.93422E-005, 3.17697E-005, 3.34437E-005, 3.72498E-005, 1.70768E-005, 2.75633E-005, 3.33094E-005, 3.40317E-005, 3.78780E-005, 4.74846E-006, 2.60057E-005, 3.37395E-005, 3.54376E-005, 3.53569E-005, 3.18291E-005, 3.54436E-005, 2.83782E-005, 2.78533E-006
 3.48004E+002, 2.55858E+001, 2.64812E+001, 4.76344E+001, 2.71604E+001, 2.50176E+001, 2.53792E+001, 2.60395E+001, 1.79952E-002, 2.00307E-001, 2.88209E+002, 2.21937E-001, 4.38420E+001, 2.64471E+001, 1.27382E-001, 2.76070E+001, 2.51186E+001, 9.03799E-002, 2.64632E+001, 2.50266E+001, 2.34632E-005, 2.94495E-005, 3.18599E-005, 3.35074E-005, 3.73276E-005, 1.71266E-005, 2.77543E-005, 3.33245E-005, 3.41170E-005, 3.79088E-005, 4.70037E-006, 2.58711E-005, 3.31487E-005, 3.56073E-005, 3.55276E-005, 3.19006E-005, 3.55210E-005, 2.84463E-005, 2.80862E-006
 3.49001E+002, 2.55856E+001, 2.64825E+001, 4.77335E+001, 2.71788E+001, 2.50177E+001, 2.53121E+001, 2.58082E+001, 1.79952E-002, 2.00319E-001, 2.88620E+002, 2.22006E-001, 4.39573E+001, 2.64483E+001, 1.27463E-001, 2.76165E+001, 2.51190E+001, 8.94536E-002, 2.65302E+001, 2.50268E+001, 2.36473E-005, 2.95676E-005, 3.19464E-005, 3.35719E-005, 3.74176E-005, 1.72699E-005, 2.78877E-005, 3.33225E-005, 3.42028E-005, 3.79699E-005, 4.72696E-006, 2.59919E-005, 3.33223E-005, 3.57197E-005, 3.56613E-005, 3.19736E-005, 3.55980E-005, 2.85186E-005, 2.83076E-006
 3.50000E+002, 2.55865E+001, 2.64872E+001, 4.79456E+001, 2.71596E+001, 2.50178E+001, 2.52420E+001, 2.57667E+001, 1.79975E-002, 2.00325E-001, 2.89046E+002, 2.21982E-001, 4.40175E+001, 2.64495E+001, 1.27233E-001, 2.76048E+001, 2.51195E+001, 8.80172E-002, 2.65450E+001, 2.50269E+001, 2.38821E-005, 2.96986E-005, 3.20405E-005, 3.36497E-005, 3.75364E-005, 1.74533E-005, 2.79906E-005, 3.33355E-005, 3.42826E-005, 3.81302E-005, 4.79370E-006, 2.64608E-005, 3.37091E-005, 3.57440E-005, 3.56926E-005, 3.20488E-005, 3.56735E-005, 2.85938E-005, 2.85054E-006
