# run,26082026_3_Candles_R1.csv
# config_candles,3
# scope,FREE-BURNING candle test (no external flux)
# mass_note,load-cell SHAPE only; absolute mass from manual weigh table
# t_ignition_s,23.0
# t_flameout_s,2427.0
# routeC_HRR_per_candle_W_dHc38,18.6
# HRR_O2_note,near instrument noise floor -- qualitative only
time_from_ignition_s,time_s,mass_lost_since_ignition_g,O2_pct,CO2_pct,CO_pct,HRR_O2_kW,HRR_per_area_kW_m2
-23,0,1636.45,20.954,0.052,-0.008,0.0182665,2.0673
-22,1,1636.45,20.953,0.052,-0.018,0.0141751,1.6042
-21,2,1636.45,20.949,0.052,-0.024,0.0172827,1.9559
-20,3,1636.45,20.95,0.051,-0.037,0.0173188,1.96
-19,4,1636.45,20.952,0.05,-0.031,0.0047982,0.543
-18,5,1636.45,20.954,0.05,-0.023,0,0
-17,6,1636.45,20.952,0.05,-0.007,0.0002013,0.0228
-16,7,1636.45,20.951,0.051,-0.008,0,0
-15,8,1636.45,20.953,0.051,-0.003,0.0020887,0.2364
-14,9,1636.45,20.954,0.051,-0.008,0.0125766,1.4233
-13,10,1636.45,20.953,0.051,-0.001,0.0206321,2.335
-12,11,1636.45,20.953,0.051,-0.011,0.0421076,4.7655
-11,12,1479.7,20.953,0.051,-0.012,0.0575058,6.5081
-10,13,78.89,20.954,0.052,-0.01,0.0708127,8.0141
-9,14,0.01,20.953,0.05,-0.016,0.0800619,9.0609
-8,15,0.01,20.954,0.051,-0.007,0.0829589,9.3887
-7,16,0.01,20.955,0.051,0.002,0.106365,12.0377
-6,17,0.01,20.955,0.052,0.001,0.105284,11.9153
-5,18,0.01,20.954,0.051,0.003,0.11676,13.2141
-4,19,-0.09,20.954,0.052,0.004,0.132606,15.0075
-3,20,-1.5,20.953,0.053,-0.002,0.130274,14.7436
-2,21,0,20.952,0.057,-0.006,0.131625,14.8965
-1,22,0,20.951,0.058,-0.011,0.102664,11.6189
0,23,0,20.947,0.062,-0.012,0.0929425,10.5186
1,24,0,20.944,0.066,-0.005,0.0743221,8.4113
2,25,0,20.939,0.069,0.007,0.0873223,9.8826
3,26,0,20.934,0.069,0.009,0.0668794,7.569
4,27,0,20.932,0.07,0.001,0.081222,9.1922
5,28,0,20.929,0.07,0.003,0.0763802,8.6442
6,29,0,20.929,0.07,-0.007,0.0945937,10.7055
7,30,0.01,20.929,0.069,-0.018,0.107305,12.144
8,31,0.01,20.928,0.067,-0.02,0.112069,12.6832
9,32,0.01,20.929,0.067,-0.02,0.100914,11.4207
10,33,0.01,20.929,0.066,-0.006,0.0982132,11.1151
11,34,0.01,20.932,0.066,0.004,0.0897717,10.1598
12,35,0.01,20.932,0.065,0.015,0.0854517,9.6709
13,36,0.02,20.933,0.065,0.001,0.0888092,10.0508
14,37,0.02,20.934,0.065,0.02,0.0766507,8.6748
15,38,0.02,20.934,0.064,0.005,0.0937875,10.6142
16,39,0.02,20.934,0.064,0.016,0.081862,9.2646
17,40,0.02,20.933,0.063,-0.006,0.103506,11.7141
18,41,0.02,20.934,0.063,-0.02,0.10844,12.2726
19,42,0.03,20.935,0.064,-0.023,0.0939029,10.6273
20,43,0.03,20.935,0.064,-0.012,0.083183,9.4141
21,44,0.03,20.934,0.064,-0.008,0.0861863,9.754
22,45,0.03,20.934,0.064,0,0.0740136,8.3764
23,46,0.03,20.934,0.063,0.004,0.0566832,6.415
24,47,0.03,20.934,0.062,-0.004,0.0603203,6.8266
25,48,0.03,20.935,0.063,0.009,0.0603107,6.8256
26,49,0.03,20.935,0.063,-0.007,0.0873266,9.883
27,50,0.04,20.935,0.063,-0.002,0.0946823,10.7155
28,51,0.04,20.936,0.063,-0.017,0.0983072,11.1258
29,52,0.04,20.935,0.062,-0.021,0.0966719,10.9407
30,53,0.05,20.935,0.063,-0.011,0.0877325,9.929
31,54,0.05,20.936,0.062,0.002,0.0720513,8.1543
32,55,0.05,20.935,0.062,-0.005,0.0848503,9.6028
33,56,0.05,20.936,0.062,0.006,0.0698242,7.9022
34,57,0.05,20.936,0.062,0.022,0.0701445,7.9385
35,58,0.05,20.936,0.061,0.019,0.0480832,5.4417
36,59,0.05,20.936,0.061,0.015,0.0674559,7.6342
37,60,0.05,20.937,0.062,-0.005,0.087623,9.9166
38,61,0.05,20.936,0.061,-0.007,0.0808238,9.1471
39,62,0.06,20.935,0.061,-0.019,0.108828,12.3165
40,63,0.06,20.937,0.061,-0.019,0.100598,11.3851
41,64,0.06,20.937,0.062,-0.009,0.093226,10.5507
42,65,0.07,20.937,0.061,0.008,0.0910674,10.3064
43,66,0.07,20.936,0.061,-0.007,0.0959775,10.8621
44,67,0.07,20.937,0.061,0.006,0.0879529,9.9539
45,68,0.07,20.937,0.062,0.011,0.0982771,11.1224
46,69,0.07,20.936,0.063,0.026,0.0796608,9.0155
47,70,0.07,20.937,0.063,0.007,0.0973269,11.0148
48,71,0.07,20.937,0.064,-0.003,0.109353,12.3758
49,72,0.07,20.935,0.065,0.003,0.10393,11.7622
50,73,0.07,20.935,0.067,-0.016,0.119463,13.5201
51,74,0.08,20.933,0.068,-0.013,0.0952492,10.7797
52,75,0.08,20.934,0.068,0.001,0.10099,11.4294
53,76,0.08,20.932,0.068,0.014,0.0796467,9.0139
54,77,0.08,20.93,0.067,0.007,0.0780443,8.8325
55,78,0.08,20.93,0.066,0.018,0.0820767,9.2889
56,79,0.08,20.93,0.065,0.006,0.0916427,10.3715
57,80,0.08,20.93,0.066,0.017,0.0943702,10.6802
58,81,0.08,20.932,0.065,0.003,0.0915331,10.3591
59,82,0.08,20.931,0.065,-0.007,0.106,11.9964
60,83,0.08,20.931,0.064,-0.015,0.094847,10.7342
61,84,0.09,20.934,0.064,-0.018,0.0922432,10.4395
62,85,0.09,20.932,0.065,0.009,0.0839849,9.5049
63,86,0.09,20.931,0.065,0.007,0.0808744,9.1528
64,87,0.09,20.93,0.064,0.022,0.0937326,10.608
65,88,0.09,20.931,0.063,0.014,0.098787,11.1801
66,89,0.09,20.933,0.064,0.012,0.102249,11.5718
67,90,0.1,20.933,0.064,0.008,0.0981719,11.1104
68,91,0.1,20.932,0.065,0.003,0.101315,11.4662
69,92,0.1,20.932,0.064,0.001,0.110539,12.5101
70,93,0.1,20.933,0.064,-0.01,0.105808,11.9747
71,94,0.1,20.933,0.064,-0.007,0.100075,11.3258
72,95,0.1,20.934,0.065,0.003,0.0684401,7.7456
73,96,0.1,20.933,0.063,0.004,0.0801783,9.074
74,97,0.1,20.934,0.063,0.007,0.0742209,8.3998
75,98,0.11,20.934,0.063,0.001,0.0813387,9.2054
76,99,0.11,20.933,0.063,-0.005,0.0864869,9.788
77,100,0.11,20.933,0.063,-0.01,0.0986738,11.1672
78,101,0.11,20.934,0.063,-0.01,0.110682,12.5263
79,102,0.11,20.934,0.063,-0.011,0.105697,11.9621
80,103,0.12,20.934,0.063,-0.014,0.0829024,9.3823
81,104,0.12,20.933,0.062,-0.008,0.0872643,9.876
82,105,0.12,20.933,0.062,-0.014,0.0646861,7.3207
83,106,0.12,20.935,0.062,0.015,0.0774717,8.7677
84,107,0.12,20.935,0.062,0.01,0.0755435,8.5495
85,108,0.12,20.934,0.062,0.011,0.0833891,9.4374
86,109,0.13,20.935,0.062,0.008,0.0845243,9.5659
87,110,0.13,20.934,0.062,-0.001,0.0910428,10.3036
88,111,0.13,20.935,0.061,-0.01,0.111319,12.5983
89,112,0.13,20.935,0.061,-0.019,0.0956003,10.8194
90,113,0.13,20.934,0.062,-0.017,0.113544,12.8502
91,114,0.13,20.935,0.062,0.003,0.0936663,10.6005
92,115,0.13,20.935,0.061,-0.001,0.0968444,10.9602
93,116,0.13,20.935,0.062,0.021,0.0825916,9.3472
94,117,0.14,20.935,0.062,0.014,0.077049,8.7199
95,118,0.14,20.934,0.061,0.009,0.0780814,8.8367
96,119,0.14,20.935,0.061,0.003,0.0867143,9.8138
97,120,0.14,20.935,0.061,0.003,0.102034,11.5475
98,121,0.15,20.935,0.061,-0.007,0.12318,13.9407
99,122,0.15,20.936,0.061,-0.024,0.0852261,9.6453
100,123,0.15,20.935,0.061,-0.009,0.111758,12.6481
101,124,0.15,20.935,0.061,-0.019,0.103039,11.6613
102,125,0.15,20.934,0.062,-0.005,0.104819,11.8627
103,126,0.15,20.935,0.061,-0.009,0.087566,9.9101
104,127,0.15,20.935,0.061,0.008,0.0742303,8.4009
105,128,0.16,20.934,0.061,0.019,0.0805777,9.1192
106,129,0.16,20.933,0.061,0.009,0.0914093,10.3451
107,130,0.16,20.935,0.061,-0.005,0.107085,12.1192
108,131,0.16,20.936,0.06,-0.009,0.114117,12.915
109,132,0.16,20.934,0.061,-0.029,0.130226,14.7382
110,133,0.16,20.934,0.06,0,0.106407,12.0424
111,134,0.16,20.935,0.06,-0.02,0.10394,11.7632
112,135,0.17,20.935,0.061,-0.009,0.105149,11.9
113,136,0.17,20.934,0.061,-0.006,0.0897853,10.1613
114,137,0.17,20.933,0.061,0.009,0.0980018,11.0912
115,138,0.17,20.933,0.062,0.015,0.0940468,10.6436
116,139,0.17,20.934,0.062,0.015,0.1005,11.3739
117,140,0.18,20.933,0.063,0.008,0.0991773,11.2242
118,141,0.18,20.932,0.063,-0.007,0.105326,11.9201
119,142,0.18,20.932,0.062,-0.015,0.117773,13.3288
120,143,0.18,20.932,0.062,-0.024,0.115186,13.036
121,144,0.18,20.931,0.062,-0.001,0.0934275,10.5735
122,145,0.19,20.931,0.062,-0.006,0.10537,11.9251
123,146,0.19,20.933,0.062,-0.002,0.120514,13.6389
124,147,0.18,20.932,0.062,0.01,0.119157,13.4854
125,148,0.18,20.932,0.062,0.007,0.0939101,10.6281
126,149,0.18,20.931,0.062,0.012,0.0987058,11.1709
127,150,0.19,20.931,0.063,0.01,0.102011,11.5449
128,151,0.2,20.93,0.063,0,0.128979,14.597
129,152,0.2,20.932,0.063,-0.005,0.121874,13.7929
130,153,0.2,20.932,0.063,-0.016,0.120769,13.6678
131,154,0.2,20.932,0.064,-0.009,0.119111,13.4802
132,155,0.2,20.931,0.063,0.01,0.111918,12.6661
133,156,0.2,20.931,0.063,-0.002,0.102975,11.654
134,157,0.2,20.931,0.062,-0.003,0.097189,10.9992
135,158,0.2,20.929,0.063,-0.004,0.101419,11.478
136,159,0.2,20.929,0.062,0.011,0.10885,12.3189
137,160,0.2,20.931,0.062,0.007,0.118344,13.3933
138,161,0.2,20.931,0.062,0.009,0.115141,13.0309
139,162,0.2,20.93,0.062,-0.013,0.117722,13.323
140,163,0.2,20.929,0.063,-0.009,0.125696,14.2255
141,164,0.2,20.93,0.063,-0.014,0.118526,13.414
142,165,0.21,20.931,0.063,-0.016,0.11652,13.1869
143,166,0.21,20.931,0.063,-0.001,0.114485,12.9567
144,167,0.21,20.93,0.063,0.009,0.0962764,10.8959
145,168,0.21,20.93,0.063,0.012,0.0948192,10.731
146,169,0.22,20.93,0.063,0.012,0.101548,11.4925
147,170,0.22,20.929,0.063,0,0.119656,13.5418
148,171,0.22,20.93,0.062,-0.006,0.132663,15.014
149,172,0.22,20.93,0.062,-0.005,0.126901,14.3618
150,173,0.22,20.93,0.062,-0.011,0.109504,12.3929
151,174,0.22,20.931,0.062,-0.014,0.12924,14.6265
152,175,0.22,20.93,0.062,-0.007,0.121551,13.7563
153,176,0.22,20.93,0.062,-0.009,0.121326,13.7309
154,177,0.22,20.931,0.062,-0.006,0.109482,12.3905
155,178,0.22,20.93,0.062,0.014,0.106437,12.0458
156,179,0.23,20.93,0.062,0.015,0.114326,12.9387
157,180,0.23,20.93,0.062,0.01,0.108962,12.3316
158,181,0.23,20.93,0.061,-0.012,0.123023,13.923
159,182,0.24,20.931,0.061,-0.019,0.121945,13.8009
160,183,0.24,20.93,0.062,-0.014,0.123174,13.94
161,184,0.24,20.93,0.062,0.001,0.106509,12.0539
162,185,0.24,20.93,0.062,-0.017,0.103787,11.7459
163,186,0.24,20.93,0.061,-0.004,0.0935357,10.5857
164,187,0.24,20.929,0.062,-0.002,0.114271,12.9325
165,188,0.24,20.929,0.061,0.001,0.100245,11.3451
166,189,0.24,20.93,0.061,0.006,0.110504,12.5062
167,190,0.24,20.93,0.061,-0.001,0.10508,11.8922
168,191,0.24,20.93,0.061,0.003,0.117953,13.3491
169,192,0.24,20.93,0.061,-0.01,0.125523,14.2059
170,193,0.25,20.93,0.062,-0.014,0.119957,13.576
171,194,0.25,20.931,0.061,-0.013,0.135406,15.3244
172,195,0.25,20.93,0.062,0.001,0.124497,14.0898
173,196,0.25,20.931,0.062,0.002,0.124399,14.0787
174,197,0.25,20.931,0.061,0.017,0.101725,11.5126
175,198,0.26,20.93,0.061,-0.001,0.110679,12.5259
176,199,0.26,20.93,0.061,0.014,0.120985,13.6923
177,200,0.26,20.929,0.061,0.011,0.129397,14.6443
178,201,0.26,20.928,0.061,0.007,0.141272,15.9882
179,202,0.27,20.93,0.061,-0.006,0.13667,15.4674
180,203,0.27,20.93,0.061,-0.012,0.129023,14.6019
181,204,0.27,20.93,0.062,-0.007,0.12571,14.227
182,205,0.27,20.93,0.061,-0.019,0.128253,14.5149
183,206,0.27,20.929,0.06,-0.001,0.132787,15.0279
184,207,0.27,20.928,0.061,-0.001,0.124149,14.0503
185,208,0.27,20.928,0.06,0.014,0.135374,15.3207
186,209,0.28,20.929,0.061,0.006,0.13093,14.8178
187,210,0.28,20.929,0.061,-0.007,0.12905,14.605
188,211,0.28,20.93,0.06,-0.011,0.136008,15.3925
189,212,0.28,20.929,0.06,-0.019,0.157481,17.8227
190,213,0.28,20.928,0.061,-0.011,0.149806,16.954
191,214,0.28,20.928,0.061,-0.015,0.143757,16.2695
192,215,0.28,20.93,0.062,-0.008,0.129334,14.6372
193,216,0.28,20.929,0.062,-0.008,0.131451,14.8768
194,217,0.28,20.928,0.061,-0.01,0.131337,14.8639
195,218,0.29,20.928,0.061,0,0.12124,13.7211
196,219,0.29,20.928,0.062,-0.007,0.123825,14.0136
197,220,0.29,20.927,0.062,-0.005,0.118321,13.3908
198,221,0.3,20.927,0.062,-0.004,0.1388,15.7085
199,222,0.3,20.927,0.063,-0.007,0.135039,15.2829
200,223,0.3,20.926,0.062,-0.024,0.149646,16.936
201,224,0.3,20.926,0.062,-0.016,0.152483,17.257
202,225,0.3,20.926,0.062,-0.011,0.169458,19.1782
203,226,0.3,20.926,0.062,-0.003,0.130615,14.7821
204,227,0.3,20.927,0.062,0.001,0.130562,14.7762
205,228,0.31,20.926,0.062,-0.005,0.124735,14.1167
206,229,0.31,20.927,0.062,0.006,0.130839,14.8075
207,230,0.31,20.927,0.062,0.004,0.150643,17.0488
208,231,0.32,20.926,0.062,0.008,0.162728,18.4165
209,232,0.32,20.927,0.063,-0.009,0.157667,17.8437
210,233,0.32,20.927,0.063,-0.004,0.152585,17.2685
211,234,0.32,20.926,0.063,-0.02,0.14951,16.9205
212,235,0.32,20.926,0.062,-0.019,0.148075,16.7582
213,236,0.32,20.926,0.063,-0.025,0.138867,15.7161
214,237,0.32,20.924,0.063,0.002,0.152037,17.2065
215,238,0.32,20.925,0.063,0.011,0.14448,16.3513
216,239,0.32,20.924,0.063,0.016,0.150867,17.0741
217,240,0.32,20.924,0.063,0.012,0.151293,17.1224
218,241,0.32,20.923,0.062,-0.007,0.15642,17.7026
219,242,0.32,20.923,0.063,-0.009,0.15905,18.0002
220,243,0.32,20.922,0.063,-0.009,0.161129,18.2355
221,244,0.32,20.923,0.063,-0.013,0.18219,20.6191
222,245,0.32,20.924,0.063,-0.01,0.170749,19.3243
223,246,0.33,20.924,0.063,-0.002,0.153739,17.3992
224,247,0.33,20.923,0.063,0.006,0.145676,16.4866
225,248,0.33,20.923,0.062,-0.001,0.14059,15.9111
226,249,0.33,20.922,0.063,0.011,0.133972,15.1621
227,250,0.33,20.921,0.063,0.004,0.152476,17.2563
228,251,0.33,20.921,0.063,0.002,0.172665,19.541
229,252,0.33,20.921,0.063,-0.005,0.169859,19.2235
230,253,0.33,20.922,0.063,-0.01,0.173325,19.6158
231,254,0.34,20.923,0.063,-0.01,0.173629,19.6501
232,255,0.34,20.922,0.063,-0.024,0.18185,20.5806
233,256,0.34,20.921,0.063,-0.017,0.182301,20.6316
234,257,0.34,20.921,0.063,0.002,0.162863,18.4318
235,258,0.34,20.921,0.063,0.014,0.148119,16.7631
236,259,0.34,20.92,0.062,0.013,0.142461,16.1228
237,260,0.34,20.921,0.062,0.015,0.165634,18.7453
238,261,0.35,20.922,0.061,0.003,0.1618,18.3115
239,262,0.35,20.921,0.062,-0.015,0.16473,18.643
240,263,0.35,20.921,0.062,-0.007,0.179117,20.2713
241,264,0.35,20.92,0.062,-0.015,0.177332,20.0692
242,265,0.36,20.921,0.062,-0.017,0.182117,20.6108
243,266,0.36,20.921,0.061,-0.023,0.150906,17.0786
244,267,0.36,20.921,0.061,-0.022,0.169093,19.1368
245,268,0.36,20.92,0.061,-0.005,0.139625,15.8018
246,269,0.36,20.921,0.061,0.015,0.150734,17.059
247,270,0.36,20.92,0.061,0.014,0.157209,17.7918
248,271,0.36,20.921,0.061,-0.002,0.149348,16.9022
249,272,0.37,20.92,0.061,-0.002,0.154942,17.5353
250,273,0.37,20.921,0.061,-0.009,0.165447,18.7242
251,274,0.37,20.921,0.06,-0.014,0.177285,20.064
252,275,0.37,20.92,0.061,-0.014,0.17824,20.1721
253,276,0.37,20.921,0.061,-0.023,0.180683,20.4485
254,277,0.37,20.921,0.061,-0.004,0.166161,18.805
255,278,0.37,20.923,0.061,-0.013,0.158287,17.9139
256,279,0.37,20.922,0.061,0.02,0.15858,17.9471
257,280,0.37,20.92,0.06,0.008,0.152997,17.3152
258,281,0.38,20.921,0.06,0.001,0.155378,17.5847
259,282,0.38,20.921,0.06,0.003,0.161817,18.3133
260,283,0.38,20.922,0.06,-0.003,0.168578,19.0785
261,284,0.38,20.922,0.06,-0.005,0.156396,17.6999
262,285,0.39,20.921,0.06,-0.016,0.174561,19.7557
263,286,0.39,20.921,0.06,-0.017,0.163027,18.4503
264,287,0.39,20.921,0.06,-0.014,0.168139,19.0289
265,288,0.39,20.92,0.06,-0.003,0.160126,18.122
266,289,0.39,20.92,0.06,-0.001,0.160853,18.2042
267,290,0.4,20.921,0.06,0.004,0.149044,16.8678
268,291,0.4,20.92,0.06,0.007,0.163274,18.4783
269,292,0.4,20.92,0.059,0.009,0.168955,19.1212
270,293,0.4,20.92,0.059,0.004,0.176118,19.9319
271,294,0.4,20.92,0.06,-0.009,0.183642,20.7834
272,295,0.4,20.921,0.06,0.003,0.195073,22.0771
273,296,0.4,20.921,0.06,-0.009,0.177243,20.0592
274,297,0.41,20.92,0.06,0,0.17384,19.674
275,298,0.41,20.92,0.059,-0.003,0.155408,17.5881
276,299,0.41,20.92,0.06,0.002,0.152859,17.2995
277,300,0.41,20.921,0.059,0,0.147557,16.6995
278,301,0.41,20.92,0.059,0.012,0.158867,17.9795
279,302,0.41,20.921,0.06,-0.004,0.164364,18.6017
280,303,0.41,20.921,0.06,-0.012,0.165998,18.7865
281,304,0.41,20.921,0.059,-0.012,0.161648,18.2942
282,305,0.42,20.92,0.06,-0.017,0.173868,19.6772
283,306,0.42,20.92,0.059,-0.027,0.152659,17.2769
284,307,0.42,20.92,0.06,-0.011,0.163723,18.5291
285,308,0.42,20.92,0.06,-0.009,0.147952,16.7442
286,309,0.42,20.92,0.06,0.009,0.158579,17.9469
287,310,0.42,20.92,0.06,0.009,0.148244,16.7773
288,311,0.42,20.92,0.06,0.015,0.166006,18.7874
289,312,0.43,20.92,0.06,0.008,0.162232,18.3603
290,313,0.43,20.919,0.06,0.001,0.174226,19.7178
291,314,0.43,20.92,0.06,0,0.181606,20.553
292,315,0.43,20.919,0.059,0.001,0.179176,20.278
293,316,0.43,20.92,0.059,-0.004,0.176752,20.0036
294,317,0.43,20.919,0.06,0.011,0.182403,20.6432
295,318,0.43,20.92,0.059,0.002,0.146188,16.5446
296,319,0.43,20.92,0.059,0.016,0.161901,18.3229
297,320,0.44,20.92,0.06,0.006,0.155247,17.5698
298,321,0.44,20.92,0.06,0.012,0.164749,18.6452
299,322,0.44,20.92,0.06,-0.002,0.162859,18.4313
300,323,0.44,20.92,0.06,-0.003,0.176918,20.0224
301,324,0.44,20.921,0.06,-0.009,0.164406,18.6064
302,325,0.44,20.92,0.059,-0.011,0.184033,20.8277
303,326,0.44,20.919,0.059,-0.014,0.17276,19.5519
304,327,0.44,20.92,0.059,-0.009,0.183856,20.8076
305,328,0.45,20.92,0.059,-0.013,0.169856,19.2231
306,329,0.45,20.92,0.059,0.015,0.167086,18.9097
307,330,0.45,20.92,0.06,0.006,0.16282,18.4269
308,331,0.45,20.919,0.06,0.01,0.182831,20.6916
309,332,0.45,20.92,0.06,0.003,0.174009,19.6932
310,333,0.46,20.919,0.06,0.003,0.182114,20.6104
311,334,0.46,20.92,0.059,-0.014,0.1768,20.009
312,335,0.46,20.921,0.06,0.001,0.180984,20.4826
313,336,0.46,20.92,0.06,-0.016,0.17958,20.3237
314,337,0.46,20.92,0.06,-0.004,0.179035,20.262
315,338,0.46,20.919,0.059,-0.009,0.167201,18.9227
316,339,0.46,20.918,0.059,0.004,0.169419,19.1737
317,340,0.46,20.918,0.06,-0.002,0.160033,18.1115
318,341,0.46,20.919,0.059,0.002,0.173975,19.6893
319,342,0.46,20.92,0.06,-0.008,0.164299,18.5942
320,343,0.47,20.918,0.059,-0.01,0.162929,18.4392
321,344,0.47,20.92,0.06,-0.013,0.183932,20.8162
322,345,0.47,20.92,0.06,-0.01,0.172359,19.5065
323,346,0.47,20.919,0.059,-0.012,0.166951,18.8944
324,347,0.47,20.919,0.059,-0.007,0.183001,20.7108
325,348,0.48,20.919,0.06,-0.015,0.16229,18.3669
326,349,0.48,20.92,0.06,0,0.157534,17.8287
327,350,0.48,20.919,0.06,0.004,0.146114,16.5362
328,351,0.48,20.918,0.059,0.014,0.158379,17.9243
329,352,0.48,20.918,0.06,0.002,0.163733,18.5302
330,353,0.48,20.918,0.06,0.005,0.196253,22.2106
331,354,0.48,20.919,0.06,0.006,0.194421,22.0033
332,355,0.49,20.919,0.06,-0.009,0.193937,21.9485
333,356,0.49,20.918,0.06,-0.006,0.186072,21.0584
334,357,0.49,20.919,0.06,0.001,0.176931,20.0239
335,358,0.49,20.919,0.059,-0.007,0.164001,18.5605
336,359,0.49,20.918,0.059,0.007,0.165085,18.6832
337,360,0.5,20.919,0.059,0.012,0.161557,18.2839
338,361,0.5,20.919,0.06,0.021,0.156224,17.6804
339,362,0.5,20.919,0.06,0.013,0.156755,17.7405
340,363,0.5,20.919,0.059,0.005,0.175983,19.9166
341,364,0.5,20.919,0.059,-0.027,0.173777,19.667
342,365,0.5,20.919,0.059,-0.023,0.185064,20.9443
343,366,0.51,20.919,0.058,-0.022,0.177374,20.0741
344,367,0.51,20.919,0.059,-0.014,0.182711,20.678
345,368,0.51,20.919,0.059,-0.002,0.173511,19.6368
346,369,0.51,20.918,0.059,0.008,0.178421,20.1926
347,370,0.51,20.918,0.059,0.006,0.168596,19.0806
348,371,0.51,20.919,0.059,0.011,0.179611,20.3272
349,372,0.51,20.918,0.059,0.015,0.163738,18.5308
350,373,0.51,20.918,0.059,0.012,0.177739,20.1153
351,374,0.52,20.919,0.06,-0.006,0.175198,19.8277
352,375,0.52,20.919,0.059,0.005,0.183808,20.8021
353,376,0.52,20.917,0.059,-0.009,0.193087,21.8523
354,377,0.52,20.918,0.059,-0.007,0.179426,20.3063
355,378,0.52,20.919,0.059,-0.013,0.16941,19.1728
356,379,0.52,20.919,0.06,0.002,0.159437,18.044
357,380,0.52,20.918,0.059,-0.005,0.158495,17.9374
358,381,0.52,20.918,0.059,0.002,0.152879,17.3018
359,382,0.53,20.919,0.059,-0.001,0.160787,18.1968
360,383,0.53,20.918,0.059,0.011,0.17634,19.957
361,384,0.53,20.918,0.059,-0.002,0.182686,20.6752
362,385,0.53,20.918,0.059,-0.001,0.184607,20.8926
363,386,0.53,20.918,0.059,-0.009,0.179013,20.2595
364,387,0.53,20.918,0.059,-0.011,0.189127,21.4041
365,388,0.54,20.917,0.059,-0.004,0.178113,20.1576
366,389,0.54,20.918,0.06,0.006,0.173372,19.6211
367,390,0.54,20.918,0.06,0.007,0.172947,19.573
368,391,0.54,20.919,0.059,0.014,0.173247,19.6069
369,392,0.55,20.918,0.059,0.017,0.158183,17.9021
370,393,0.55,20.919,0.059,0.007,0.187387,21.2073
371,394,0.55,20.919,0.06,0.001,0.18521,20.9609
372,395,0.55,20.918,0.06,-0.001,0.194988,22.0675
373,396,0.55,20.916,0.059,-0.008,0.186478,21.1044
374,397,0.55,20.918,0.059,-0.007,0.178994,20.2574
375,398,0.55,20.918,0.059,-0.011,0.179155,20.2756
376,399,0.55,20.918,0.06,-0.001,0.169939,19.2326
377,400,0.56,20.918,0.06,0,0.161904,18.3232
378,401,0.56,20.918,0.059,0.002,0.148849,16.8457
379,402,0.56,20.917,0.059,0.009,0.159242,18.022
380,403,0.56,20.917,0.059,0.006,0.165464,18.7262
381,404,0.56,20.92,0.06,-0.013,0.169818,19.2188
382,405,0.56,20.918,0.059,-0.007,0.181293,20.5176
383,406,0.56,20.918,0.059,-0.019,0.197009,22.2962
384,407,0.56,20.918,0.059,-0.014,0.188625,21.3473
385,408,0.57,20.919,0.059,0,0.190278,21.5345
386,409,0.57,20.917,0.059,0.001,0.177044,20.0367
387,410,0.57,20.917,0.059,0.005,0.177006,20.0324
388,411,0.57,20.918,0.06,0.008,0.174422,19.7399
389,412,0.57,20.919,0.059,0.018,0.171583,19.4186
390,413,0.57,20.919,0.059,0.009,0.167699,18.979
391,414,0.57,20.919,0.058,0.003,0.188,21.2766
392,415,0.57,20.919,0.059,0.003,0.177971,20.1416
393,416,0.57,20.919,0.058,-0.007,0.1817,20.5637
394,417,0.57,20.918,0.059,-0.017,0.176165,19.9371
395,418,0.58,20.918,0.058,-0.011,0.183728,20.7932
396,419,0.58,20.918,0.059,-0.014,0.171332,19.3902
397,420,0.58,20.918,0.058,-0.006,0.170184,19.2603
398,421,0.58,20.919,0.058,-0.005,0.156538,17.716
399,422,0.58,20.918,0.058,0.006,0.155261,17.5715
400,423,0.58,20.917,0.059,0.001,0.169187,19.1474
401,424,0.59,20.919,0.059,0.004,0.178765,20.2315
402,425,0.59,20.919,0.059,-0.015,0.175073,19.8136
403,426,0.59,20.919,0.058,-0.001,0.179305,20.2926
404,427,0.59,20.917,0.058,-0.008,0.192044,21.7342
405,428,0.59,20.919,0.058,-0.001,0.191677,21.6927
406,429,0.59,20.918,0.058,-0.008,0.195909,22.1717
407,430,0.59,20.918,0.058,0.003,0.177956,20.1399
408,431,0.59,20.918,0.059,0.007,0.169893,19.2273
409,432,0.6,20.918,0.06,0.01,0.1838,20.8012
410,433,0.6,20.919,0.06,0.015,0.182115,20.6106
411,434,0.6,20.918,0.059,0.006,0.183608,20.7796
412,435,0.6,20.918,0.059,-0.002,0.178964,20.2539
413,436,0.6,20.918,0.059,-0.005,0.181664,20.5595
414,437,0.6,20.919,0.058,-0.008,0.183607,20.7795
415,438,0.61,20.919,0.058,-0.009,0.181019,20.4866
416,439,0.61,20.917,0.058,-0.015,0.169106,19.1383
417,440,0.61,20.918,0.058,-0.018,0.160629,18.1789
418,441,0.61,20.918,0.059,-0.005,0.151141,17.1051
419,442,0.62,20.919,0.059,0.002,0.173161,19.5972
420,443,0.62,20.918,0.059,-0.012,0.173016,19.5808
421,444,0.63,20.919,0.059,-0.012,0.174939,19.7985
422,445,0.63,20.919,0.059,-0.015,0.179562,20.3217
423,446,0.63,20.919,0.059,-0.003,0.192484,21.7841
424,447,0.63,20.918,0.059,-0.005,0.181146,20.5009
425,448,0.63,20.917,0.059,-0.012,0.203028,22.9774
426,449,0.63,20.918,0.058,-0.008,0.181527,20.5441
427,450,0.63,20.918,0.059,0.011,0.187005,21.164
428,451,0.63,20.918,0.059,0.013,0.167393,18.9445
429,452,0.63,20.918,0.059,0.017,0.176326,19.9554
430,453,0.63,20.919,0.059,0.001,0.174041,19.6969
431,454,0.63,20.918,0.059,0.004,0.187978,21.2741
432,455,0.63,20.918,0.059,-0.001,0.18987,21.4883
433,456,0.63,20.918,0.059,-0.009,0.195324,22.1055
434,457,0.64,20.918,0.058,-0.015,0.180621,20.4415
435,458,0.64,20.918,0.058,-0.008,0.195419,22.1163
436,459,0.64,20.918,0.058,-0.018,0.163215,18.4716
437,460,0.64,20.917,0.058,0,0.165014,18.6752
438,461,0.65,20.917,0.059,-0.003,0.157976,17.8786
439,462,0.65,20.917,0.059,0.006,0.173903,19.6812
440,463,0.65,20.918,0.059,-0.006,0.174705,19.772
441,464,0.65,20.919,0.059,0.001,0.18305,20.7164
442,465,0.65,20.918,0.058,-0.013,0.187204,21.1865
443,466,0.65,20.918,0.059,-0.01,0.197193,22.317
444,467,0.65,20.918,0.059,-0.017,0.211012,23.8809
445,468,0.65,20.918,0.059,-0.008,0.204729,23.1699
446,469,0.66,20.918,0.059,-0.013,0.177315,20.0673
447,470,0.66,20.917,0.06,0.011,0.184222,20.849
448,471,0.66,20.918,0.06,0.012,0.171343,19.3914
449,472,0.66,20.917,0.059,0.019,0.189019,21.392
450,473,0.66,20.917,0.06,0.008,0.171711,19.4332
451,474,0.66,20.917,0.059,-0.002,0.18157,20.5489
452,475,0.66,20.918,0.059,-0.009,0.173618,19.649
453,476,0.67,20.918,0.059,-0.005,0.184117,20.8372
454,477,0.67,20.917,0.059,-0.021,0.182928,20.7026
455,478,0.67,20.918,0.059,-0.031,0.189959,21.4982
456,479,0.67,20.917,0.059,-0.021,0.172909,19.5687
457,480,0.67,20.917,0.059,-0.005,0.177662,20.1066
458,481,0.67,20.918,0.06,-0.009,0.172268,19.4962
459,482,0.68,20.918,0.059,0.009,0.173106,19.591
460,483,0.68,20.917,0.059,-0.011,0.179416,20.3051
461,484,0.68,20.918,0.059,0.002,0.178058,20.1514
462,485,0.68,20.918,0.059,-0.001,0.175022,19.8079
463,486,0.68,20.917,0.059,0.004,0.18778,21.2517
464,487,0.68,20.917,0.059,-0.012,0.197574,22.3601
465,488,0.68,20.919,0.059,-0.006,0.195472,22.1223
466,489,0.68,20.918,0.059,-0.013,0.177282,20.0636
467,490,0.69,20.918,0.059,0.005,0.169644,19.1992
468,491,0.69,20.917,0.059,0.007,0.174812,19.7841
469,492,0.69,20.916,0.06,0.008,0.174407,19.7382
470,493,0.69,20.917,0.059,0.003,0.167829,18.9938
471,494,0.69,20.917,0.059,0.001,0.206495,23.3697
472,495,0.69,20.917,0.059,-0.006,0.18583,21.031
473,496,0.69,20.918,0.06,-0.004,0.194659,22.0303
474,497,0.69,20.918,0.059,-0.018,0.179364,20.2992
475,498,0.69,20.919,0.059,-0.02,0.177062,20.0387
476,499,0.7,20.918,0.059,-0.017,0.178058,20.1514
477,500,0.7,20.918,0.059,-0.001,0.166838,18.8816
478,501,0.7,20.918,0.059,0.004,0.165062,18.6806
479,502,0.7,20.918,0.059,0.006,0.150057,16.9825
480,503,0.7,20.917,0.058,-0.005,0.176414,19.9653
481,504,0.7,20.919,0.059,0.008,0.184387,20.8676
482,505,0.71,20.918,0.059,-0.02,0.185351,20.9768
483,506,0.71,20.917,0.059,-0.002,0.209,23.6532
484,507,0.71,20.916,0.06,-0.018,0.183357,20.7511
485,508,0.71,20.918,0.059,-0.005,0.196045,22.1871
486,509,0.71,20.918,0.059,0.005,0.176755,20.0039
487,510,0.72,20.917,0.059,0.004,0.185694,21.0157
488,511,0.72,20.917,0.059,0.004,0.177263,20.0615
489,512,0.72,20.919,0.059,0.01,0.187804,21.2544
490,513,0.72,20.918,0.059,0.02,0.182702,20.677
491,514,0.72,20.919,0.059,-0.001,0.169092,19.1367
492,515,0.72,20.918,0.059,-0.008,0.170491,19.295
493,516,0.72,20.918,0.057,-0.003,0.196456,22.2335
494,517,0.72,20.916,0.058,-0.025,0.176344,19.9574
495,518,0.72,20.917,0.058,-0.005,0.202329,22.8983
496,519,0.73,20.918,0.058,-0.019,0.196099,22.1932
497,520,0.73,20.918,0.059,-0.003,0.185439,20.9867
498,521,0.73,20.918,0.058,-0.005,0.156193,17.6768
499,522,0.73,20.917,0.058,-0.001,0.159146,18.0111
500,523,0.73,20.918,0.058,-0.006,0.169421,19.174
501,524,0.73,20.917,0.059,-0.001,0.17655,19.9807
502,525,0.74,20.917,0.058,0.004,0.179907,20.3607
503,526,0.74,20.918,0.059,0.006,0.187718,21.2447
504,527,0.74,20.918,0.059,-0.014,0.177606,20.1003
505,528,0.74,20.917,0.058,0,0.193656,21.9167
506,529,0.75,20.918,0.058,-0.025,0.185667,21.0126
507,530,0.75,20.918,0.059,-0.014,0.175471,19.8586
508,531,0.75,20.917,0.059,-0.003,0.172474,19.5195
509,532,0.75,20.917,0.059,0.015,0.183243,20.7382
510,533,0.75,20.918,0.059,0.01,0.17127,19.3832
511,534,0.75,20.919,0.059,0.007,0.171979,19.4635
512,535,0.75,20.918,0.058,-0.004,0.173767,19.6658
513,536,0.75,20.918,0.059,-0.006,0.182788,20.6867
514,537,0.75,20.918,0.059,-0.014,0.178344,20.1839
515,538,0.75,20.918,0.059,-0.006,0.1897,21.469
516,539,0.75,20.919,0.059,-0.022,0.176576,19.9837
517,540,0.75,20.919,0.059,-0.012,0.181818,20.577
518,541,0.76,20.918,0.059,0.001,0.178462,20.1971
519,542,0.76,20.918,0.058,0.003,0.167853,18.9965
520,543,0.76,20.918,0.059,-0.003,0.167267,18.9301
521,544,0.76,20.917,0.059,0.008,0.186001,21.0504
522,545,0.76,20.917,0.059,-0.002,0.181949,20.5918
523,546,0.76,20.919,0.059,-0.003,0.186226,21.0758
524,547,0.77,20.919,0.059,-0.006,0.181778,20.5724
525,548,0.77,20.918,0.059,-0.006,0.189315,21.4255
526,549,0.77,20.918,0.06,-0.01,0.178624,20.2155
527,550,0.77,20.917,0.059,-0.004,0.181406,20.5304
528,551,0.77,20.918,0.059,-0.005,0.173121,19.5927
529,552,0.77,20.918,0.059,0.004,0.182016,20.5994
530,553,0.77,20.917,0.059,0.007,0.169626,19.1972
531,554,0.77,20.918,0.059,0.007,0.184202,20.8468
532,555,0.78,20.918,0.059,-0.003,0.192405,21.7752
533,556,0.78,20.917,0.06,-0.004,0.177357,20.0721
534,557,0.78,20.918,0.06,-0.014,0.192845,21.8249
535,558,0.79,20.918,0.06,-0.003,0.187038,21.1677
536,559,0.79,20.917,0.059,-0.011,0.182832,20.6917
537,560,0.79,20.917,0.059,-0.004,0.170659,19.3141
538,561,0.79,20.918,0.059,0,0.153583,17.3815
539,562,0.79,20.917,0.059,0.012,0.168086,19.0229
540,563,0.79,20.916,0.059,0.001,0.192375,21.7718
541,564,0.79,20.917,0.059,0.008,0.177132,20.0467
542,565,0.8,20.917,0.059,-0.004,0.185768,21.024
543,566,0.8,20.917,0.06,-0.013,0.197709,22.3754
544,567,0.8,20.917,0.06,-0.002,0.178694,20.2234
545,568,0.8,20.918,0.059,-0.015,0.186766,21.1369
546,569,0.8,20.917,0.059,-0.006,0.187755,21.2489
547,570,0.8,20.917,0.059,-0.002,0.182391,20.6418
548,571,0.8,20.917,0.059,0.004,0.178152,20.162
549,572,0.8,20.918,0.059,0.014,0.167822,18.993
550,573,0.8,20.919,0.058,0.005,0.164439,18.6101
551,574,0.81,20.918,0.059,-0.01,0.166949,18.8942
552,575,0.81,20.917,0.059,-0.004,0.176261,19.9481
553,576,0.81,20.918,0.059,-0.007,0.172617,19.5357
554,577,0.82,20.917,0.058,-0.01,0.182027,20.6006
555,578,0.82,20.916,0.059,-0.009,0.184899,20.9257
556,579,0.82,20.919,0.059,-0.011,0.183759,20.7966
557,580,0.82,20.918,0.059,-0.014,0.18539,20.9812
558,581,0.82,20.918,0.059,-0.005,0.172655,19.54
559,582,0.82,20.918,0.059,-0.003,0.162653,18.408
560,583,0.82,20.918,0.059,0.006,0.18949,21.4452
561,584,0.82,20.918,0.059,0.004,0.182302,20.6318
562,585,0.82,20.919,0.059,0.015,0.181896,20.5858
563,586,0.83,20.917,0.059,0.004,0.18567,21.0129
564,587,0.83,20.917,0.059,0.001,0.216281,24.4773
565,588,0.83,20.918,0.06,-0.005,0.191114,21.629
566,589,0.83,20.918,0.059,-0.007,0.19376,21.9285
567,590,0.83,20.918,0.059,-0.006,0.196777,22.2699
568,591,0.83,20.917,0.059,-0.012,0.165368,18.7152
569,592,0.83,20.918,0.059,0.004,0.173499,19.6354
570,593,0.84,20.918,0.059,0.012,0.177673,20.1079
571,594,0.84,20.918,0.059,-0.009,0.1726,19.5337
572,595,0.84,20.917,0.058,-0.002,0.177918,20.1355
573,596,0.84,20.917,0.058,-0.007,0.186277,21.0815
574,597,0.85,20.918,0.058,-0.007,0.191625,21.6868
575,598,0.85,20.918,0.058,-0.025,0.187421,21.211
576,599,0.85,20.916,0.059,-0.01,0.180841,20.4664
577,600,0.85,20.917,0.058,-0.017,0.175868,19.9036
578,601,0.85,20.917,0.058,-0.018,0.178904,20.2472
579,602,0.86,20.918,0.058,0.016,0.167969,19.0097
580,603,0.86,20.917,0.059,0.008,0.170905,19.3419
581,604,0.86,20.917,0.059,0.008,0.176361,19.9594
582,605,0.86,20.916,0.059,0.008,0.192801,21.8199
583,606,0.86,20.917,0.059,0,0.176009,19.9195
584,607,0.86,20.917,0.059,-0.009,0.194919,22.0596
585,608,0.86,20.918,0.058,-0.018,0.185364,20.9783
586,609,0.86,20.918,0.059,-0.014,0.193359,21.8831
587,610,0.87,20.919,0.059,-0.011,0.170747,19.324
588,611,0.87,20.919,0.058,-0.007,0.170677,19.3161
589,612,0.87,20.919,0.058,-0.008,0.153213,17.3397
590,613,0.87,20.919,0.059,0.002,0.180111,20.3838
591,614,0.87,20.919,0.058,-0.002,0.153956,17.4238
592,615,0.87,20.919,0.058,-0.012,0.170576,19.3047
593,616,0.87,20.92,0.059,-0.022,0.179607,20.3267
594,617,0.88,20.919,0.058,-0.008,0.178783,20.2335
595,618,0.88,20.92,0.059,-0.02,0.163234,18.4737
596,619,0.88,20.919,0.059,-0.011,0.181645,20.5573
597,620,0.88,20.918,0.058,-0.016,0.169141,19.1422
598,621,0.88,20.918,0.059,-0.001,0.190102,21.5145
599,622,0.88,20.919,0.059,0.002,0.172978,19.5765
600,623,0.88,20.918,0.059,0.016,0.174172,19.7116
601,624,0.89,20.919,0.059,0.006,0.155473,17.5954
602,625,0.89,20.916,0.059,0.018,0.18652,21.1091
603,626,0.89,20.918,0.059,0.004,0.191489,21.6714
604,627,0.89,20.918,0.059,0.008,0.19311,21.8549
605,628,0.89,20.916,0.059,0,0.18193,20.5896
606,629,0.89,20.917,0.059,0.012,0.168316,19.0488
607,630,0.89,20.918,0.059,-0.005,0.175356,19.8457
608,631,0.89,20.918,0.059,0.009,0.177122,20.0455
609,632,0.9,20.917,0.059,-0.004,0.179767,20.3448
610,633,0.9,20.916,0.058,0.005,0.166862,18.8844
611,634,0.9,20.917,0.059,0.003,0.167574,18.9649
612,635,0.9,20.918,0.058,0.016,0.172334,19.5036
613,636,0.9,20.918,0.059,-0.005,0.176697,19.9973
614,637,0.9,20.918,0.059,-0.011,0.193535,21.9031
615,638,0.9,20.917,0.058,-0.018,0.175077,19.8141
616,639,0.9,20.918,0.058,-0.012,0.185024,20.9398
617,640,0.9,20.919,0.058,0.002,0.174057,19.6987
618,641,0.9,20.919,0.058,-0.006,0.173312,19.6143
619,642,0.91,20.919,0.058,0,0.149779,16.951
620,643,0.91,20.918,0.059,-0.003,0.157641,17.8407
621,644,0.91,20.918,0.059,0.003,0.178424,20.1928
622,645,0.91,20.919,0.059,0.008,0.176745,20.0029
623,646,0.91,20.918,0.058,0,0.165239,18.7007
624,647,0.91,20.918,0.059,0,0.193846,21.9382
625,648,0.91,20.918,0.059,-0.015,0.16772,18.9814
626,649,0.91,20.918,0.059,-0.001,0.178312,20.1801
627,650,0.92,20.918,0.059,-0.008,0.173102,19.5905
628,651,0.92,20.918,0.058,-0.002,0.16793,19.0052
629,652,0.92,20.919,0.058,-0.005,0.167022,18.9025
630,653,0.93,20.919,0.059,0.022,0.172385,19.5094
631,654,0.93,20.918,0.059,0.017,0.152279,17.234
632,655,0.93,20.918,0.058,-0.002,0.166069,18.7946
633,656,0.93,20.918,0.059,-0.01,0.148614,16.8192
634,657,0.93,20.919,0.058,0.005,0.167203,18.9229
635,658,0.93,20.919,0.059,-0.016,0.181919,20.5884
636,659,0.93,20.918,0.058,0.005,0.186075,21.0588
637,660,0.93,20.918,0.058,-0.007,0.174215,19.7165
638,661,0.93,20.919,0.058,0.001,0.180151,20.3883
639,662,0.94,20.918,0.059,0.005,0.179456,20.3096
640,663,0.94,20.919,0.059,0.007,0.180433,20.4202
641,664,0.94,20.918,0.058,0.007,0.145714,16.491
642,665,0.94,20.917,0.058,0.021,0.170935,19.3453
643,666,0.94,20.918,0.059,0.011,0.170806,19.3307
644,667,0.94,20.918,0.059,0.016,0.18186,20.5817
645,668,0.94,20.92,0.058,-0.004,0.194319,21.9917
646,669,0.94,20.92,0.058,-0.007,0.196842,22.2772
647,670,0.95,20.919,0.058,-0.007,0.160843,18.2032
648,671,0.95,20.918,0.058,0.001,0.174443,19.7423
649,672,0.95,20.918,0.058,-0.001,0.160779,18.196
650,673,0.95,20.918,0.058,-0.002,0.163272,18.478
651,674,0.95,20.918,0.058,-0.007,0.151687,17.1669
652,675,0.95,20.919,0.059,0.025,0.170904,19.3418
653,676,0.96,20.919,0.058,-0.006,0.179961,20.3668
654,677,0.96,20.92,0.058,0.003,0.194298,21.9894
655,678,0.96,20.918,0.058,-0.007,0.186186,21.0713
656,679,0.96,20.918,0.058,-0.019,0.191029,21.6194
657,680,0.96,20.918,0.058,-0.017,0.179901,20.36
658,681,0.96,20.918,0.058,0.008,0.169879,19.2258
659,682,0.96,20.919,0.058,-0.001,0.171431,19.4014
660,683,0.96,20.918,0.059,0.008,0.184768,20.9108
661,684,0.97,20.919,0.058,0.01,0.17395,19.6865
662,685,0.97,20.918,0.059,0.017,0.189905,21.4922
663,686,0.97,20.919,0.059,0.006,0.179316,20.2938
664,687,0.97,20.918,0.059,0.002,0.1921,21.7406
665,688,0.97,20.917,0.058,-0.021,0.192574,21.7942
666,689,0.97,20.919,0.059,-0.013,0.190396,21.5477
667,690,0.97,20.919,0.059,-0.015,0.169997,19.2391
668,691,0.98,20.918,0.059,0.001,0.16867,19.0889
669,692,0.98,20.917,0.059,0.001,0.16932,19.1625
670,693,0.98,20.919,0.058,-0.004,0.162837,18.4289
671,694,0.98,20.919,0.058,-0.003,0.155071,17.5499
672,695,0.98,20.917,0.059,0.002,0.166673,18.8629
673,696,0.98,20.918,0.059,-0.006,0.179755,20.3435
674,697,0.98,20.917,0.058,-0.006,0.192126,21.7436
675,698,0.98,20.919,0.058,-0.016,0.199967,22.6309
676,699,0.98,20.918,0.059,-0.014,0.166041,18.7915
677,700,0.99,20.918,0.059,-0.013,0.175717,19.8865
678,701,0.99,20.918,0.058,-0.001,0.177449,20.0825
679,702,1,20.919,0.059,0.003,0.167642,18.9727
680,703,1,20.919,0.059,0.003,0.16761,18.9691
681,704,1,20.918,0.059,0.01,0.182951,20.7052
682,705,1,20.918,0.058,0.018,0.164537,18.6212
683,706,1.01,20.918,0.059,0.005,0.185224,20.9624
684,707,1.01,20.918,0.059,-0.006,0.179745,20.3423
685,708,1,20.918,0.059,-0.017,0.187195,21.1856
686,709,1,20.918,0.059,-0.022,0.189452,21.4409
687,710,1,20.918,0.059,0.001,0.184996,20.9366
688,711,1,20.919,0.058,-0.001,0.171378,19.3955
689,712,1,20.918,0.058,0,0.174038,19.6964
690,713,1.01,20.918,0.058,0.01,0.172507,19.5232
691,714,1.01,20.918,0.057,0.005,0.16811,19.0256
692,715,1.01,20.918,0.058,-0.003,0.160651,18.1814
693,716,1.01,20.918,0.058,0.008,0.170922,19.3438
694,717,1.01,20.918,0.059,-0.012,0.176916,20.0222
695,718,1.02,20.919,0.059,-0.01,0.184031,20.8274
696,719,1.02,20.919,0.059,-0.01,0.184462,20.8762
697,720,1.02,20.918,0.059,-0.015,0.183999,20.8237
698,721,1.02,20.918,0.059,-0.01,0.19279,21.8187
699,722,1.02,20.918,0.059,-0.001,0.182763,20.6839
700,723,1.02,20.919,0.06,0.005,0.18217,20.6168
701,724,1.02,20.917,0.06,0.008,0.186585,21.1165
702,725,1.02,20.917,0.061,0.011,0.179108,20.2703
703,726,1.02,20.917,0.06,0.007,0.187151,21.1805
704,727,1.03,20.919,0.06,0.001,0.188401,21.322
705,728,1.03,20.918,0.059,-0.005,0.186422,21.098
706,729,1.03,20.918,0.059,-0.003,0.195707,22.1488
707,730,1.03,20.917,0.059,-0.008,0.19685,22.2782
708,731,1.03,20.918,0.06,-0.012,0.191771,21.7034
709,732,1.03,20.919,0.06,-0.013,0.194343,21.9945
710,733,1.03,20.917,0.059,-0.008,0.175779,19.8935
711,734,1.03,20.918,0.059,-0.001,0.167333,18.9376
712,735,1.03,20.917,0.059,-0.002,0.159628,18.0656
713,736,1.04,20.916,0.059,0.001,0.18118,20.5048
714,737,1.04,20.917,0.06,-0.006,0.183114,20.7236
715,738,1.04,20.917,0.059,-0.009,0.189297,21.4234
716,739,1.05,20.917,0.06,-0.008,0.187545,21.2251
717,740,1.05,20.917,0.059,-0.01,0.177396,20.0765
718,741,1.05,20.916,0.06,-0.011,0.178316,20.1806
719,742,1.05,20.916,0.061,-0.007,0.183048,20.7161
720,743,1.05,20.916,0.06,-0.008,0.172602,19.5339
721,744,1.05,20.916,0.06,0.004,0.167458,18.9518
722,745,1.05,20.917,0.06,0.011,0.192483,21.7839
723,746,1.05,20.917,0.059,0.015,0.20474,23.1711
724,747,1.05,20.917,0.06,0.004,0.18625,21.0786
725,748,1.05,20.916,0.06,-0.004,0.189416,21.4368
726,749,1.05,20.917,0.059,-0.013,0.186558,21.1134
727,750,1.06,20.918,0.06,-0.012,0.186558,21.1134
728,751,1.06,20.918,0.06,-0.002,0.184847,20.9197
729,752,1.06,20.918,0.06,0.002,0.171419,19.4001
730,753,1.06,20.917,0.06,0,0.162927,18.439
731,754,1.07,20.916,0.06,0.002,0.169087,19.1362
732,755,1.07,20.917,0.06,0.006,0.176034,19.9224
733,756,1.07,20.918,0.06,-0.008,0.188734,21.3597
734,757,1.07,20.916,0.06,-0.017,0.176604,19.9869
735,758,1.07,20.916,0.059,-0.006,0.191234,21.6426
736,759,1.07,20.917,0.06,-0.013,0.188775,21.3643
737,760,1.08,20.918,0.06,-0.011,0.186811,21.142
738,761,1.08,20.918,0.06,-0.011,0.18349,20.7662
739,762,1.08,20.918,0.06,-0.006,0.183441,20.7606
740,763,1.08,20.917,0.059,0.001,0.178662,20.2198
741,764,1.08,20.918,0.06,0.011,0.178214,20.1691
742,765,1.09,20.917,0.061,0.009,0.164812,18.6523
743,766,1.09,20.917,0.06,0.005,0.188259,21.3059
744,767,1.1,20.916,0.06,-0.003,0.172476,19.5197
745,768,1.1,20.916,0.06,0.002,0.18231,20.6326
746,769,1.1,20.917,0.059,-0.008,0.176145,19.9349
747,770,1.1,20.917,0.06,-0.009,0.194399,22.0007
748,771,1.1,20.917,0.06,-0.01,0.181973,20.5945
749,772,1.1,20.917,0.06,-0.006,0.191933,21.7217
750,773,1.1,20.918,0.059,-0.007,0.161795,18.3109
751,774,1.1,20.917,0.059,0.002,0.17355,19.6412
752,775,1.1,20.917,0.06,0.002,0.169708,19.2064
753,776,1.1,20.917,0.06,0.008,0.177482,20.0862
754,777,1.1,20.918,0.06,-0.012,0.175557,19.8683
755,778,1.1,20.918,0.06,0,0.190847,21.5988
756,779,1.11,20.918,0.06,-0.007,0.181314,20.5199
757,780,1.11,20.918,0.059,-0.004,0.191029,21.6194
758,781,1.11,20.918,0.059,-0.016,0.197775,22.3828
759,782,1.11,20.918,0.06,-0.004,0.185581,21.0029
760,783,1.11,20.917,0.06,-0.006,0.157935,17.874
761,784,1.11,20.916,0.06,0.016,0.16831,19.0482
762,785,1.11,20.917,0.06,0.003,0.161673,18.2971
763,786,1.11,20.918,0.06,0.009,0.176102,19.9301
764,787,1.12,20.917,0.06,-0.006,0.186369,21.092
765,788,1.12,20.918,0.059,-0.001,0.202278,22.8925
766,789,1.12,20.918,0.059,-0.014,0.202749,22.9458
767,790,1.12,20.918,0.059,-0.005,0.188768,21.3635
768,791,1.12,20.918,0.059,-0.015,0.182643,20.6703
769,792,1.12,20.918,0.06,-0.015,0.186496,21.1064
770,793,1.12,20.917,0.059,-0.004,0.169841,19.2215
771,794,1.13,20.916,0.059,0.014,0.165705,18.7533
772,795,1.13,20.918,0.059,0.011,0.157013,17.7697
773,796,1.13,20.917,0.059,0.017,0.16781,18.9916
774,797,1.13,20.917,0.059,-0.003,0.176539,19.9796
775,798,1.13,20.918,0.06,-0.004,0.186547,21.1122
776,799,1.13,20.916,0.06,-0.02,0.200858,22.7317
777,800,1.13,20.917,0.06,-0.019,0.179716,20.3391
778,801,1.13,20.917,0.059,-0.009,0.175459,19.8572
779,802,1.13,20.917,0.06,-0.003,0.17824,20.1721
780,803,1.13,20.917,0.06,-0.008,0.182143,20.6137
781,804,1.13,20.917,0.059,0.012,0.187332,21.2009
782,805,1.13,20.916,0.059,0.014,0.176872,20.0172
783,806,1.14,20.917,0.06,0.016,0.185848,21.033
784,807,1.14,20.918,0.06,0.007,0.18842,21.3242
785,808,1.15,20.918,0.059,0.005,0.185826,21.0305
786,809,1.15,20.916,0.059,-0.005,0.198685,22.4859
787,810,1.15,20.917,0.06,-0.015,0.195406,22.1147
788,811,1.15,20.916,0.059,-0.006,0.183615,20.7803
789,812,1.15,20.918,0.059,0.001,0.178664,20.22
790,813,1.15,20.918,0.059,-0.002,0.175028,19.8085
791,814,1.15,20.918,0.059,-0.003,0.161161,18.2391
792,815,1.15,20.917,0.059,-0.006,0.164237,18.5873
793,816,1.15,20.917,0.059,0.003,0.166972,18.8968
794,817,1.15,20.917,0.059,-0.006,0.171587,19.419
795,818,1.16,20.917,0.059,-0.007,0.187376,21.2059
796,819,1.16,20.917,0.059,-0.007,0.194256,21.9847
797,820,1.16,20.918,0.059,-0.017,0.185652,21.0108
798,821,1.16,20.917,0.06,-0.021,0.185119,20.9505
799,822,1.16,20.918,0.06,-0.012,0.186391,21.0945
800,823,1.16,20.919,0.059,-0.002,0.188671,21.3525
801,824,1.16,20.918,0.059,0,0.178912,20.2481
802,825,1.16,20.918,0.059,0.011,0.189631,21.4612
803,826,1.17,20.918,0.059,0.015,0.189109,21.4021
804,827,1.17,20.917,0.06,0,0.185629,21.0083
805,828,1.17,20.919,0.06,-0.004,0.190655,21.5771
806,829,1.17,20.919,0.06,-0.012,0.188275,21.3077
807,830,1.17,20.918,0.06,-0.015,0.181529,20.5443
808,831,1.18,20.917,0.059,-0.018,0.180447,20.4218
809,832,1.18,20.919,0.059,-0.004,0.179887,20.3584
810,833,1.18,20.917,0.058,-0.012,0.1792,20.2807
811,834,1.18,20.918,0.059,-0.005,0.164375,18.6028
812,835,1.18,20.917,0.059,0,0.153696,17.3943
813,836,1.19,20.917,0.059,-0.01,0.163296,18.4808
814,837,1.19,20.917,0.059,-0.01,0.171547,19.4145
815,838,1.19,20.917,0.059,-0.008,0.178929,20.25
816,839,1.19,20.918,0.059,-0.013,0.189757,21.4755
817,840,1.19,20.918,0.06,-0.007,0.18889,21.3774
818,841,1.19,20.917,0.059,-0.002,0.187848,21.2594
819,842,1.19,20.917,0.059,-0.006,0.182185,20.6185
820,843,1.2,20.918,0.059,-0.011,0.183985,20.8222
821,844,1.2,20.919,0.059,-0.007,0.162414,18.381
822,845,1.2,20.918,0.059,0.006,0.14866,16.8243
823,846,1.2,20.919,0.059,0.018,0.170924,19.3441
824,847,1.21,20.918,0.059,0.012,0.176461,19.9707
825,848,1.21,20.918,0.059,0.001,0.194759,22.0415
826,849,1.21,20.918,0.059,-0.009,0.183539,20.7718
827,850,1.22,20.919,0.059,-0.02,0.183323,20.7472
828,851,1.22,20.919,0.059,-0.014,0.183781,20.7991
829,852,1.21,20.918,0.058,-0.014,0.183504,20.7677
830,853,1.21,20.919,0.059,-0.013,0.175685,19.8828
831,854,1.21,20.919,0.058,-0.007,0.159945,18.1015
832,855,1.21,20.918,0.059,0.008,0.159307,18.0293
833,856,1.22,20.919,0.059,0.018,0.175434,19.8545
834,857,1.22,20.919,0.059,0.004,0.185663,21.0122
835,858,1.22,20.918,0.058,-0.004,0.176806,20.0097
836,859,1.22,20.918,0.058,-0.018,0.19613,22.1966
837,860,1.22,20.918,0.059,-0.002,0.193787,21.9315
838,861,1.22,20.917,0.059,-0.012,0.198677,22.4849
839,862,1.22,20.919,0.059,-0.009,0.183644,20.7836
840,863,1.22,20.919,0.059,-0.004,0.183951,20.8184
841,864,1.22,20.918,0.059,0,0.185238,20.964
842,865,1.22,20.918,0.059,0.005,0.170248,19.2675
843,866,1.22,20.92,0.058,0.011,0.168481,19.0676
844,867,1.22,20.919,0.059,0.003,0.17917,20.2773
845,868,1.23,20.918,0.059,-0.005,0.187498,21.2198
846,869,1.23,20.917,0.06,0.002,0.176517,19.977
847,870,1.23,20.917,0.059,-0.013,0.17951,20.3158
848,871,1.24,20.917,0.058,-0.012,0.187352,21.2032
849,872,1.24,20.917,0.058,-0.02,0.176872,20.0172
850,873,1.25,20.918,0.059,-0.009,0.167847,18.9958
851,874,1.25,20.918,0.058,-0.004,0.164744,18.6447
852,875,1.25,20.917,0.058,-0.007,0.166397,18.8317
853,876,1.25,20.917,0.058,0.01,0.152803,17.2933
854,877,1.25,20.917,0.058,0.001,0.167871,18.9985
855,878,1.25,20.919,0.059,-0.009,0.1733,19.6129
856,879,1.25,20.92,0.059,-0.013,0.202053,22.867
857,880,1.25,20.918,0.059,-0.003,0.180576,20.4364
858,881,1.25,20.918,0.059,-0.005,0.198246,22.4362
859,882,1.25,20.918,0.059,-0.01,0.174817,19.7846
860,883,1.25,20.918,0.059,0.001,0.189804,21.4808
861,884,1.25,20.918,0.059,0.008,0.167604,18.9683
862,885,1.25,20.918,0.059,0,0.164957,18.6688
863,886,1.26,20.92,0.059,0.008,0.164011,18.5617
864,887,1.26,20.918,0.058,0.018,0.167854,18.9966
865,888,1.26,20.918,0.058,0,0.178928,20.2499
866,889,1.26,20.919,0.058,0,0.17824,20.172
867,890,1.26,20.919,0.059,-0.021,0.183475,20.7644
868,891,1.26,20.918,0.059,-0.004,0.185937,21.0431
869,892,1.27,20.918,0.059,-0.015,0.161427,18.2692
870,893,1.27,20.917,0.058,-0.005,0.167178,18.9201
871,894,1.27,20.919,0.059,-0.016,0.153949,17.4229
872,895,1.27,20.918,0.059,-0.002,0.157801,17.8588
873,896,1.28,20.92,0.059,0.004,0.147441,16.6864
874,897,1.28,20.919,0.059,0.011,0.159032,17.9982
875,898,1.28,20.918,0.058,0.008,0.167484,18.9547
876,899,1.28,20.917,0.059,-0.001,0.16627,18.8174
877,900,1.29,20.918,0.059,-0.01,0.180318,20.4072
878,901,1.29,20.919,0.06,-0.007,0.194873,22.0544
879,902,1.29,20.918,0.06,-0.012,0.172582,19.5317
880,903,1.29,20.918,0.059,0.004,0.172406,19.5118
881,904,1.29,20.919,0.059,0.001,0.16064,18.1802
882,905,1.29,20.92,0.058,0.013,0.151612,17.1585
883,906,1.29,20.919,0.059,0.013,0.156381,17.6982
884,907,1.3,20.919,0.059,0.023,0.171338,19.3909
885,908,1.3,20.919,0.058,0.011,0.15607,17.6629
886,909,1.3,20.919,0.058,0.007,0.177716,20.1128
887,910,1.3,20.919,0.058,0.005,0.171387,19.3964
888,911,1.3,20.919,0.058,-0.011,0.176919,20.0225
889,912,1.3,20.919,0.058,-0.027,0.171916,19.4563
890,913,1.3,20.92,0.058,-0.002,0.171627,19.4237
891,914,1.3,20.919,0.058,-0.001,0.153057,17.322
892,915,1.3,20.919,0.058,0.01,0.159315,18.0302
893,916,1.3,20.919,0.059,0.013,0.144588,16.3635
894,917,1.3,20.92,0.059,0.01,0.151602,17.1574
895,918,1.3,20.919,0.059,0.004,0.167426,18.9482
896,919,1.3,20.918,0.058,0.008,0.180097,20.3822
897,920,1.3,20.92,0.058,-0.009,0.181723,20.5662
898,921,1.3,20.919,0.059,0.001,0.194243,21.9831
899,922,1.31,20.919,0.059,-0.008,0.173737,19.6624
900,923,1.31,20.92,0.059,-0.006,0.175516,19.8637
901,924,1.31,20.92,0.06,-0.002,0.152333,17.2401
902,925,1.31,20.919,0.058,0.015,0.1673,18.9339
903,926,1.31,20.919,0.059,0.012,0.170198,19.2619
904,927,1.31,20.919,0.059,0.02,0.182026,20.6004
905,928,1.31,20.92,0.059,0.015,0.177967,20.1411
906,929,1.32,20.919,0.059,0.006,0.186494,21.1062
907,930,1.32,20.918,0.059,-0.008,0.178884,20.245
908,931,1.33,20.919,0.059,-0.012,0.189231,21.4159
909,932,1.33,20.919,0.059,-0.021,0.172339,19.5042
910,933,1.33,20.919,0.06,-0.004,0.170422,19.2872
911,934,1.33,20.919,0.06,-0.008,0.155623,17.6124
912,935,1.33,20.919,0.059,0.021,0.1673,18.9339
913,936,1.33,20.918,0.059,0.008,0.160149,18.1246
914,937,1.33,20.918,0.059,0.003,0.177105,20.0435
915,938,1.33,20.918,0.059,-0.001,0.185618,21.0071
916,939,1.33,20.917,0.059,-0.002,0.188462,21.3289
917,940,1.33,20.918,0.059,-0.009,0.181927,20.5893
918,941,1.33,20.918,0.059,-0.01,0.181031,20.4879
919,942,1.33,20.919,0.059,-0.012,0.180608,20.4401
920,943,1.34,20.918,0.059,0,0.184612,20.8931
921,944,1.34,20.918,0.059,0.002,0.162077,18.3428
922,945,1.34,20.918,0.059,0.015,0.168678,19.0899
923,946,1.34,20.919,0.06,0.006,0.159066,18.0021
924,947,1.35,20.918,0.059,0.016,0.163865,18.5452
925,948,1.35,20.918,0.058,-0.01,0.160348,18.1471
926,949,1.35,20.919,0.059,-0.01,0.179283,20.29
927,950,1.35,20.918,0.059,-0.013,0.160869,18.2061
928,951,1.35,20.918,0.059,-0.005,0.184094,20.8345
929,952,1.35,20.918,0.058,-0.012,0.185567,21.0013
930,953,1.35,20.919,0.058,-0.01,0.17851,20.2025
931,954,1.35,20.919,0.059,-0.011,0.15828,17.913
932,955,1.35,20.918,0.059,0.014,0.161682,18.2981
933,956,1.36,20.918,0.059,0.004,0.149588,16.9294
934,957,1.36,20.918,0.059,0.011,0.159036,17.9986
935,958,1.36,20.919,0.059,0.008,0.159498,18.051
936,959,1.36,20.919,0.06,0.012,0.186205,21.0735
937,960,1.36,20.918,0.06,-0.009,0.184313,20.8593
938,961,1.36,20.919,0.059,0.003,0.195921,22.173
939,962,1.36,20.92,0.059,-0.01,0.190121,21.5166
940,963,1.36,20.918,0.059,-0.002,0.181197,20.5067
941,964,1.37,20.917,0.059,-0.006,0.175717,19.8864
942,965,1.37,20.919,0.059,0.008,0.170977,19.3501
943,966,1.37,20.92,0.058,0.007,0.163241,18.4746
944,967,1.37,20.919,0.059,0.013,0.156659,17.7296
945,968,1.37,20.92,0.059,0.011,0.156303,17.6893
946,969,1.38,20.919,0.059,0.002,0.176224,19.9438
947,970,1.38,20.92,0.058,-0.015,0.178296,20.1783
948,971,1.38,20.919,0.059,-0.01,0.180448,20.422
949,972,1.38,20.918,0.059,-0.018,0.176,19.9186
950,973,1.38,20.918,0.058,-0.018,0.182553,20.6601
951,974,1.38,20.919,0.059,-0.016,0.171478,19.4067
952,975,1.38,20.92,0.058,-0.003,0.173279,19.6106
953,976,1.38,20.919,0.058,0.001,0.173565,19.643
954,977,1.39,20.919,0.058,0.007,0.170735,19.3226
955,978,1.39,20.919,0.059,0.009,0.163554,18.5099
956,979,1.39,20.92,0.059,0.013,0.16475,18.6453
957,980,1.39,20.919,0.058,-0.002,0.1795,20.3147
958,981,1.39,20.918,0.059,-0.006,0.186275,21.0814
959,982,1.39,20.919,0.059,-0.01,0.189957,21.4981
960,983,1.39,20.919,0.058,-0.004,0.186948,21.1575
961,984,1.39,20.919,0.059,-0.011,0.160227,18.1335
962,985,1.4,20.919,0.059,-0.001,0.168345,19.0522
963,986,1.4,20.919,0.059,-0.002,0.182607,20.6662
964,987,1.4,20.919,0.058,-0.002,0.162489,18.3894
965,988,1.4,20.919,0.058,0.007,0.153444,17.3657
966,989,1.4,20.918,0.059,0.005,0.164616,18.6301
967,990,1.4,20.919,0.059,0,0.160066,18.1153
968,991,1.41,20.919,0.058,-0.012,0.169594,19.1936
969,992,1.41,20.92,0.059,-0.013,0.182336,20.6356
970,993,1.41,20.919,0.059,-0.02,0.182558,20.6607
971,994,1.41,20.919,0.059,-0.017,0.177844,20.1272
972,995,1.41,20.919,0.058,0.009,0.163364,18.4885
973,996,1.41,20.919,0.058,0.007,0.168579,19.0787
974,997,1.41,20.918,0.058,-0.006,0.168658,19.0876
975,998,1.42,20.918,0.058,0.002,0.163924,18.5519
976,999,1.42,20.92,0.059,0.007,0.162792,18.4237
977,1000,1.42,20.921,0.059,0.006,0.167073,18.9082
978,1001,1.42,20.919,0.059,0.005,0.175043,19.8102
979,1002,1.42,20.919,0.059,-0.005,0.186998,21.1632
980,1003,1.42,20.92,0.058,-0.016,0.181114,20.4973
981,1004,1.42,20.92,0.059,-0.015,0.16613,18.8015
982,1005,1.42,20.92,0.059,-0.007,0.150412,17.0226
983,1006,1.43,20.919,0.059,0.006,0.16025,18.1361
984,1007,1.43,20.919,0.058,-0.005,0.16003,18.1112
985,1008,1.43,20.92,0.058,0.003,0.17699,20.0306
986,1009,1.43,20.919,0.058,0.007,0.160297,18.1413
987,1010,1.43,20.919,0.058,0.005,0.174958,19.8006
988,1011,1.43,20.919,0.058,-0.005,0.166473,18.8403
989,1012,1.43,20.92,0.058,-0.012,0.183935,20.8166
990,1013,1.43,20.92,0.058,-0.018,0.177775,20.1194
991,1014,1.43,20.92,0.058,-0.011,0.15869,17.9595
992,1015,1.44,20.919,0.059,0.001,0.155564,17.6057
993,1016,1.44,20.92,0.058,0.009,0.164853,18.657
994,1017,1.44,20.921,0.058,0.006,0.167375,18.9424
995,1018,1.44,20.92,0.057,0.009,0.162582,18.3999
996,1019,1.44,20.919,0.058,-0.001,0.171927,19.4575
997,1020,1.44,20.919,0.058,0.006,0.178808,20.2363
998,1021,1.45,20.92,0.059,-0.01,0.18054,20.4323
999,1022,1.45,20.92,0.058,-0.002,0.182098,20.6086
1000,1023,1.45,20.92,0.058,-0.013,0.17951,20.3158
1001,1024,1.45,20.92,0.058,-0.014,0.163233,18.4736
1002,1025,1.45,20.92,0.058,0.001,0.153265,17.3455
1003,1026,1.45,20.921,0.058,0.009,0.166309,18.8217
1004,1027,1.45,20.92,0.058,0.003,0.15876,17.9675
1005,1028,1.45,20.919,0.058,-0.001,0.154023,17.4313
1006,1029,1.46,20.92,0.058,-0.002,0.165291,18.7066
1007,1030,1.46,20.921,0.058,-0.004,0.167723,18.9818
1008,1031,1.46,20.92,0.058,-0.014,0.16985,19.2225
1009,1032,1.46,20.92,0.058,-0.012,0.173703,19.6585
1010,1033,1.46,20.92,0.058,-0.016,0.168746,19.0976
1011,1034,1.46,20.92,0.058,-0.011,0.159051,18.0003
1012,1035,1.47,20.92,0.058,-0.004,0.161281,18.2527
1013,1036,1.47,20.921,0.059,0.007,0.165796,18.7637
1014,1037,1.47,20.921,0.059,0.002,0.152965,17.3115
1015,1038,1.47,20.919,0.059,0.011,0.1702,19.2621
1016,1039,1.47,20.919,0.059,0.014,0.172811,19.5576
1017,1040,1.47,20.919,0.059,0.002,0.165009,18.6746
1018,1041,1.47,20.919,0.058,-0.005,0.18318,20.7311
1019,1042,1.47,20.921,0.059,-0.002,0.170254,19.2682
1020,1043,1.48,20.92,0.058,-0.01,0.166828,18.8805
1021,1044,1.48,20.92,0.057,-0.008,0.174768,19.7791
1022,1045,1.48,20.921,0.058,0.005,0.160157,18.1255
1023,1046,1.48,20.921,0.058,0.006,0.168638,19.0854
1024,1047,1.48,20.92,0.058,0.001,0.143934,16.2895
1025,1048,1.48,20.92,0.058,0.01,0.160859,18.205
1026,1049,1.48,20.92,0.058,-0.004,0.161954,18.3289
1027,1050,1.48,20.92,0.058,-0.01,0.181341,20.523
1028,1051,1.49,20.921,0.058,-0.004,0.181277,20.5158
1029,1052,1.49,20.921,0.058,-0.018,0.188021,21.279
1030,1053,1.49,20.92,0.058,-0.007,0.181855,20.5811
1031,1054,1.49,20.921,0.058,0.001,0.172789,19.5552
1032,1055,1.49,20.92,0.058,-0.013,0.155232,17.5681
1033,1056,1.5,20.921,0.058,0.003,0.171139,19.3683
1034,1057,1.5,20.92,0.058,-0.002,0.167522,18.959
1035,1058,1.5,20.92,0.058,0.02,0.172244,19.4934
1036,1059,1.5,20.92,0.058,0.008,0.164201,18.5832
1037,1060,1.5,20.919,0.058,0.006,0.163731,18.53
1038,1061,1.5,20.92,0.059,-0.012,0.184537,20.8847
1039,1062,1.5,20.92,0.058,-0.014,0.185353,20.9771
1040,1063,1.5,20.92,0.059,-0.021,0.186374,21.0926
1041,1064,1.5,20.919,0.058,-0.017,0.170655,19.3136
1042,1065,1.5,20.92,0.058,-0.005,0.152385,17.2459
1043,1066,1.51,20.92,0.058,0.007,0.167132,18.9149
1044,1067,1.51,20.921,0.058,-0.003,0.149503,16.9197
1045,1068,1.51,20.92,0.058,0.004,0.164154,18.5779
1046,1069,1.51,20.919,0.058,-0.001,0.149761,16.949
1047,1070,1.51,20.919,0.058,0.002,0.169969,19.2359
1048,1071,1.51,20.92,0.058,-0.007,0.15273,17.2849
1049,1072,1.52,20.921,0.058,-0.015,0.171504,19.4097
1050,1073,1.52,20.92,0.058,-0.018,0.173276,19.6102
1051,1074,1.52,20.92,0.058,-0.018,0.176395,19.9632
1052,1075,1.52,20.92,0.058,-0.003,0.162008,18.335
1053,1076,1.52,20.92,0.058,0.011,0.160687,18.1854
1054,1077,1.52,20.92,0.059,-0.001,0.167225,18.9254
1055,1078,1.52,20.92,0.058,0.01,0.172911,19.5689
1056,1079,1.53,20.921,0.059,0.003,0.154024,17.4314
1057,1080,1.53,20.92,0.059,0.017,0.174599,19.7599
1058,1081,1.53,20.919,0.058,-0.001,0.176475,19.9722
1059,1082,1.53,20.919,0.059,0.014,0.201079,22.7568
1060,1083,1.53,20.92,0.059,-0.014,0.191671,21.6921
1061,1084,1.53,20.921,0.059,-0.014,0.181304,20.5187
1062,1085,1.53,20.921,0.059,-0.007,0.159434,18.0437
1063,1086,1.53,20.919,0.059,0.003,0.173233,19.6054
1064,1087,1.54,20.92,0.059,0.003,0.150302,17.0102
1065,1088,1.54,20.92,0.058,0.004,0.150037,16.9801
1066,1089,1.54,20.919,0.058,-0.001,0.149331,16.9002
1067,1090,1.54,20.919,0.058,0.007,0.15429,17.4616
1068,1091,1.54,20.921,0.058,-0.008,0.147436,16.6858
1069,1092,1.54,20.92,0.058,-0.004,0.185882,21.0369
1070,1093,1.54,20.918,0.058,-0.027,0.198641,22.4809
1071,1094,1.54,20.919,0.058,-0.02,0.187788,21.2526
1072,1095,1.55,20.919,0.058,-0.012,0.17124,19.3798
1073,1096,1.55,20.919,0.058,-0.006,0.170294,19.2728
1074,1097,1.55,20.922,0.058,-0.006,0.156217,17.6796
1075,1098,1.55,20.92,0.059,0.01,0.156403,17.7006
1076,1099,1.55,20.921,0.059,0.01,0.151901,17.1911
1077,1100,1.56,20.921,0.058,0.015,0.17977,20.3452
1078,1101,1.56,20.92,0.059,0.007,0.179523,20.3172
1079,1102,1.56,20.921,0.058,0.01,0.180298,20.4049
1080,1103,1.56,20.921,0.058,-0.02,0.181073,20.4926
1081,1104,1.56,20.92,0.058,-0.026,0.178327,20.1818
1082,1105,1.56,20.919,0.058,-0.017,0.15679,17.7445
1083,1106,1.56,20.92,0.058,-0.003,0.167803,18.9908
1084,1107,1.56,20.92,0.058,-0.006,0.1542,17.4513
1085,1108,1.56,20.92,0.058,0.004,0.151513,17.1472
1086,1109,1.56,20.921,0.058,0.003,0.138587,15.6844
1087,1110,1.57,20.921,0.058,0.014,0.158717,17.9625
1088,1111,1.57,20.92,0.058,-0.011,0.173756,19.6645
1089,1112,1.57,20.92,0.059,-0.012,0.168819,19.1058
1090,1113,1.57,20.92,0.058,-0.021,0.180278,20.4027
1091,1114,1.57,20.921,0.058,-0.015,0.183404,20.7565
1092,1115,1.57,20.92,0.058,-0.012,0.162366,18.3755
1093,1116,1.57,20.92,0.059,0.002,0.164139,18.5762
1094,1117,1.58,20.921,0.058,0.003,0.157877,17.8674
1095,1118,1.58,20.919,0.058,0.01,0.158278,17.9129
1096,1119,1.58,20.92,0.058,0.016,0.169135,19.1416
1097,1120,1.58,20.92,0.058,0.024,0.159508,18.0521
1098,1121,1.58,20.92,0.059,0.003,0.169182,19.1469
1099,1122,1.58,20.921,0.059,-0.007,0.17357,19.6435
1100,1123,1.58,20.92,0.059,-0.009,0.177247,20.0596
1101,1124,1.59,20.921,0.058,-0.011,0.172241,19.4931
1102,1125,1.59,20.919,0.058,-0.014,0.180824,20.4645
1103,1126,1.59,20.92,0.059,0.002,0.164566,18.6244
1104,1127,1.59,20.92,0.058,0,0.150707,17.056
1105,1128,1.59,20.92,0.058,0.01,0.151252,17.1177
1106,1129,1.59,20.92,0.057,0,0.146506,16.5805
1107,1130,1.59,20.921,0.058,-0.001,0.161579,18.2864
1108,1131,1.6,20.92,0.059,0.006,0.147981,16.7475
1109,1132,1.6,20.92,0.058,-0.003,0.174897,19.7937
1110,1133,1.6,20.92,0.057,-0.01,0.179135,20.2733
1111,1134,1.6,20.921,0.058,-0.007,0.186583,21.1162
1112,1135,1.6,20.92,0.058,-0.008,0.177534,20.0921
1113,1136,1.6,20.92,0.058,-0.015,0.17124,19.3798
1114,1137,1.6,20.92,0.058,0.001,0.157755,17.8537
1115,1138,1.61,20.92,0.058,0.009,0.142599,16.1384
1116,1139,1.61,20.921,0.058,0.009,0.153731,17.3983
1117,1140,1.61,20.921,0.058,0.015,0.155988,17.6537
1118,1141,1.61,20.921,0.058,0,0.169976,19.2368
1119,1142,1.61,20.921,0.058,0.012,0.168831,19.1072
1120,1143,1.61,20.921,0.057,-0.009,0.179643,20.3308
1121,1144,1.62,20.92,0.058,-0.011,0.183284,20.7429
1122,1145,1.62,20.92,0.058,-0.024,0.171779,19.4407
1123,1146,1.62,20.921,0.058,-0.016,0.164608,18.6293
1124,1147,1.62,20.921,0.058,-0.012,0.144781,16.3854
1125,1148,1.62,20.921,0.058,0.003,0.144245,16.3247
1126,1149,1.62,20.921,0.057,0.015,0.163292,18.4803
1127,1150,1.63,20.921,0.058,0.006,0.148634,16.8214
1128,1151,1.63,20.921,0.058,0.006,0.151975,17.1995
1129,1152,1.63,20.921,0.058,-0.001,0.165436,18.7229
1130,1153,1.63,20.92,0.058,-0.006,0.190636,21.5749
1131,1154,1.63,20.92,0.058,-0.008,0.173684,19.6564
1132,1155,1.63,20.919,0.058,-0.017,0.172692,19.5441
1133,1156,1.63,20.92,0.059,-0.006,0.157261,17.7977
1134,1157,1.64,20.92,0.059,-0.003,0.157159,17.7863
1135,1158,1.64,20.921,0.059,0.009,0.147529,16.6963
1136,1159,1.64,20.922,0.059,0.02,0.153254,17.3443
1137,1160,1.64,20.92,0.058,0.007,0.170084,19.249
1138,1161,1.64,20.919,0.058,0.02,0.169405,19.1721
1139,1162,1.65,20.919,0.058,0.011,0.179229,20.2839
1140,1163,1.65,20.92,0.058,0,0.189242,21.4171
1141,1164,1.65,20.92,0.058,-0.024,0.173442,19.629
1142,1165,1.65,20.92,0.058,-0.007,0.17519,19.8269
1143,1166,1.65,20.92,0.058,-0.008,0.155236,17.5686
1144,1167,1.65,20.92,0.058,0.006,0.147087,16.6463
1145,1168,1.65,20.921,0.058,0.004,0.14454,16.3581
1146,1169,1.65,20.921,0.057,0.013,0.152283,17.2344
1147,1170,1.65,20.921,0.057,0.017,0.163795,18.5372
1148,1171,1.66,20.919,0.058,-0.005,0.1639,18.5492
1149,1172,1.66,20.92,0.058,-0.006,0.170442,19.2895
1150,1173,1.66,20.921,0.058,-0.012,0.178292,20.178
1151,1174,1.66,20.92,0.058,-0.024,0.163899,18.549
1152,1175,1.66,20.921,0.058,-0.009,0.176952,20.0262
1153,1176,1.66,20.921,0.059,-0.007,0.162683,18.4114
1154,1177,1.66,20.92,0.058,0.004,0.159236,18.0213
1155,1178,1.67,20.921,0.058,0.013,0.166951,18.8944
1156,1179,1.67,20.921,0.058,0.017,0.162115,18.3472
1157,1180,1.67,20.921,0.058,0.013,0.155505,17.5991
1158,1181,1.67,20.919,0.058,0,0.148915,16.8533
1159,1182,1.67,20.92,0.057,-0.003,0.153614,17.385
1160,1183,1.67,20.921,0.058,-0.004,0.178363,20.186
1161,1184,1.67,20.92,0.058,-0.014,0.163869,18.5456
1162,1185,1.67,20.921,0.058,-0.007,0.169765,19.2128
1163,1186,1.67,20.921,0.058,-0.011,0.167908,19.0027
1164,1187,1.68,20.92,0.058,-0.003,0.170348,19.2789
1165,1188,1.68,20.921,0.058,0.001,0.147912,16.7397
1166,1189,1.68,20.921,0.057,-0.003,0.150951,17.0837
1167,1190,1.68,20.921,0.058,0.001,0.149036,16.8669
1168,1191,1.68,20.921,0.058,0.011,0.167474,18.9536
1169,1192,1.69,20.92,0.058,0.007,0.16517,18.6929
1170,1193,1.69,20.922,0.058,0.003,0.172449,19.5166
1171,1194,1.69,20.921,0.058,-0.016,0.172161,19.484
1172,1195,1.69,20.921,0.058,0.001,0.187852,21.2599
1173,1196,1.69,20.92,0.058,-0.004,0.176272,19.9493
1174,1197,1.69,20.92,0.058,-0.001,0.168895,19.1144
1175,1198,1.69,20.92,0.058,-0.008,0.161707,18.3009
1176,1199,1.69,20.92,0.058,0.013,0.155561,17.6053
1177,1200,1.69,20.921,0.057,0.006,0.161755,18.3063
1178,1201,1.69,20.922,0.058,0.011,0.16482,18.6533
1179,1202,1.7,20.921,0.058,0.004,0.157483,17.8229
1180,1203,1.7,20.919,0.058,-0.007,0.183094,20.7214
1181,1204,1.7,20.921,0.058,-0.012,0.172077,19.4745
1182,1205,1.7,20.922,0.058,-0.012,0.162667,18.4096
1183,1206,1.7,20.921,0.058,-0.026,0.155504,17.599
1184,1207,1.7,20.921,0.058,-0.013,0.167452,18.9511
1185,1208,1.7,20.921,0.058,-0.007,0.15171,17.1695
1186,1209,1.71,20.921,0.058,0.003,0.146621,16.5936
1187,1210,1.71,20.92,0.058,0.01,0.134364,15.2065
1188,1211,1.71,20.92,0.058,0.003,0.152695,17.281
1189,1212,1.71,20.92,0.058,-0.002,0.17074,19.3232
1190,1213,1.71,20.921,0.058,0.005,0.185848,21.0331
1191,1214,1.71,20.921,0.058,-0.014,0.173594,19.6462
1192,1215,1.72,20.919,0.058,-0.001,0.166262,18.8165
1193,1216,1.72,20.919,0.059,-0.005,0.175019,19.8075
1194,1217,1.72,20.921,0.058,0.005,0.175369,19.8471
1195,1218,1.72,20.921,0.058,-0.006,0.158507,17.9387
1196,1219,1.72,20.921,0.058,0.01,0.146555,16.5861
1197,1220,1.72,20.921,0.058,0.019,0.154318,17.4647
1198,1221,1.72,20.92,0.059,0.021,0.159413,18.0413
1199,1222,1.72,20.922,0.059,0.01,0.14642,16.5709
1200,1223,1.72,20.92,0.059,-0.006,0.161709,18.3011
1201,1224,1.73,20.92,0.058,-0.02,0.164422,18.6082
1202,1225,1.73,20.92,0.057,-0.013,0.168456,19.0647
1203,1226,1.73,20.921,0.058,-0.011,0.169032,19.1299
1204,1227,1.73,20.922,0.057,-0.004,0.159712,18.0752
1205,1228,1.74,20.919,0.057,-0.007,0.147161,16.6547
1206,1229,1.74,20.92,0.058,0.003,0.148224,16.775
1207,1230,1.74,20.921,0.058,0.01,0.127127,14.3874
1208,1231,1.74,20.922,0.058,0.013,0.139165,15.7497
1209,1232,1.74,20.92,0.058,0,0.15134,17.1276
1210,1233,1.75,20.921,0.058,0.009,0.162863,18.4317
1211,1234,1.75,20.922,0.058,-0.009,0.179108,20.2702
1212,1235,1.75,20.922,0.058,-0.005,0.1813,20.5184
1213,1236,1.75,20.921,0.058,-0.009,0.16551,18.7313
1214,1237,1.75,20.921,0.058,-0.011,0.172966,19.5751
1215,1238,1.75,20.922,0.058,0,0.167298,18.9337
1216,1239,1.75,20.921,0.058,0.021,0.165693,18.752
1217,1240,1.75,20.92,0.058,0.016,0.158036,17.8855
1218,1241,1.75,20.92,0.058,0.032,0.163161,18.4655
1219,1242,1.75,20.921,0.058,0.018,0.159316,18.0303
1220,1243,1.75,20.921,0.058,0.012,0.178955,20.2529
1221,1244,1.75,20.921,0.058,0.002,0.166713,18.8675
1222,1245,1.76,20.92,0.058,-0.012,0.178364,20.186
1223,1246,1.76,20.92,0.058,-0.018,0.174966,19.8015
1224,1247,1.76,20.921,0.058,-0.009,0.17762,20.1019
1225,1248,1.76,20.922,0.058,-0.008,0.155771,17.6291
1226,1249,1.76,20.92,0.058,0.001,0.151836,17.1838
1227,1250,1.76,20.92,0.058,-0.003,0.151135,17.1045
1228,1251,1.77,20.92,0.058,0.011,0.153,17.3155
1229,1252,1.77,20.92,0.058,0.002,0.15075,17.0608
1230,1253,1.77,20.92,0.058,0.001,0.17287,19.5642
1231,1254,1.77,20.92,0.058,-0.019,0.173388,19.6229
1232,1255,1.77,20.922,0.058,-0.007,0.186007,21.0511
1233,1256,1.77,20.921,0.058,-0.014,0.17694,20.0249
1234,1257,1.78,20.92,0.058,-0.015,0.170771,19.3268
1235,1258,1.78,20.921,0.059,-0.015,0.159387,18.0384
1236,1259,1.78,20.921,0.058,0.011,0.149816,16.9552
1237,1260,1.78,20.92,0.057,0.007,0.152742,17.2864
1238,1261,1.78,20.921,0.058,0.016,0.148757,16.8354
1239,1262,1.78,20.92,0.058,0.004,0.159155,18.0121
1240,1263,1.78,20.922,0.058,0.01,0.181051,20.4901
1241,1264,1.78,20.921,0.058,-0.007,0.171732,19.4355
1242,1265,1.78,20.92,0.057,-0.014,0.168408,19.0593
1243,1266,1.78,20.922,0.057,-0.022,0.160566,18.1718
1244,1267,1.79,20.921,0.057,-0.014,0.161625,18.2916
1245,1268,1.79,20.921,0.058,-0.006,0.158652,17.9552
1246,1269,1.8,20.92,0.058,0.001,0.153157,17.3333
1247,1270,1.8,20.921,0.058,0.01,0.14815,16.7666
1248,1271,1.8,20.921,0.057,0.008,0.158409,17.9277
1249,1272,1.8,20.921,0.057,0.009,0.1541,17.44
1250,1273,1.8,20.922,0.058,0,0.181577,20.5497
1251,1274,1.8,20.921,0.058,-0.021,0.176589,19.9852
1252,1275,1.8,20.921,0.059,-0.01,0.190948,21.6102
1253,1276,1.8,20.921,0.058,-0.006,0.17526,19.8347
1254,1277,1.8,20.921,0.059,0.001,0.167059,18.9067
1255,1278,1.8,20.921,0.058,-0.005,0.155094,17.5525
1256,1279,1.8,20.921,0.058,0.003,0.149708,16.943
1257,1280,1.8,20.921,0.058,0,0.148981,16.8607
1258,1281,1.8,20.922,0.058,0.013,0.154693,17.5071
1259,1282,1.8,20.921,0.058,0.004,0.152119,17.2158
1260,1283,1.81,20.921,0.058,0.005,0.160493,18.1635
1261,1284,1.81,20.921,0.057,-0.013,0.163304,18.4817
1262,1285,1.81,20.92,0.058,-0.013,0.174386,19.7358
1263,1286,1.81,20.921,0.058,-0.024,0.155097,17.5528
1264,1287,1.82,20.92,0.058,-0.012,0.168963,19.1222
1265,1288,1.82,20.921,0.058,-0.013,0.161416,18.268
1266,1289,1.82,20.923,0.058,0.006,0.13881,15.7096
1267,1290,1.82,20.921,0.057,0.011,0.156282,17.687
1268,1291,1.82,20.921,0.057,0.019,0.155313,17.5773
1269,1292,1.82,20.92,0.058,0.005,0.159829,18.0884
1270,1293,1.83,20.921,0.058,0.005,0.178535,20.2054
1271,1294,1.83,20.921,0.058,-0.003,0.182778,20.6856
1272,1295,1.83,20.922,0.058,0.001,0.174982,19.8032
1273,1296,1.83,20.92,0.058,-0.01,0.171945,19.4596
1274,1297,1.83,20.92,0.058,0.008,0.159796,18.0846
1275,1298,1.83,20.92,0.058,-0.002,0.166944,18.8936
1276,1299,1.84,20.92,0.058,0.007,0.14711,16.6489
1277,1300,1.84,20.92,0.058,0.022,0.153769,17.4025
1278,1301,1.84,20.921,0.057,0.008,0.138567,15.6821
1279,1302,1.84,20.92,0.057,0.01,0.150563,17.0397
1280,1303,1.84,20.92,0.058,0.003,0.166997,18.8996
1281,1304,1.84,20.921,0.058,-0.022,0.167035,18.9039
1282,1305,1.84,20.922,0.057,-0.021,0.170951,19.3471
1283,1306,1.84,20.921,0.057,-0.016,0.156084,17.6646
1284,1307,1.84,20.921,0.058,-0.002,0.16129,18.2538
1285,1308,1.84,20.92,0.058,0.001,0.162974,18.4444
1286,1309,1.85,20.921,0.058,-0.007,0.163896,18.5486
1287,1310,1.85,20.921,0.058,0.007,0.153601,17.3835
1288,1311,1.85,20.922,0.058,0.005,0.136815,15.4838
1289,1312,1.85,20.921,0.058,0.016,0.166146,18.8033
1290,1313,1.85,20.922,0.058,0.006,0.160354,18.1478
1291,1314,1.85,20.922,0.058,-0.005,0.178762,20.2312
1292,1315,1.85,20.921,0.058,-0.003,0.184295,20.8573
1293,1316,1.86,20.92,0.058,-0.009,0.18536,20.9779
1294,1317,1.86,20.921,0.057,0.001,0.173458,19.6309
1295,1318,1.86,20.922,0.058,0,0.164813,18.6524
1296,1319,1.86,20.921,0.058,0.002,0.144095,16.3077
1297,1320,1.86,20.92,0.058,0.008,0.162927,18.439
1298,1321,1.86,20.919,0.058,0.005,0.142444,16.1208
1299,1322,1.86,20.921,0.058,0.014,0.151459,17.1412
1300,1323,1.86,20.922,0.058,-0.003,0.159687,18.0723
1301,1324,1.86,20.921,0.058,0.001,0.169833,19.2205
1302,1325,1.86,20.921,0.058,-0.015,0.172874,19.5648
1303,1326,1.87,20.921,0.058,-0.026,0.179881,20.3577
1304,1327,1.87,20.922,0.058,-0.022,0.174174,19.7119
1305,1328,1.87,20.921,0.058,-0.009,0.150876,17.0751
1306,1329,1.87,20.921,0.057,-0.007,0.143771,16.2711
1307,1330,1.87,20.922,0.058,0.014,0.151072,17.0973
1308,1331,1.87,20.921,0.058,0,0.15704,17.7727
1309,1332,1.88,20.921,0.058,0.017,0.168372,19.0553
1310,1333,1.88,20.921,0.058,0.003,0.16685,18.8829
1311,1334,1.88,20.922,0.058,0.001,0.178445,20.1952
1312,1335,1.88,20.921,0.058,-0.008,0.177209,20.0554
1313,1336,1.88,20.921,0.058,-0.012,0.194072,21.9638
1314,1337,1.89,20.921,0.058,-0.015,0.176382,19.9617
1315,1338,1.89,20.921,0.058,-0.014,0.177376,20.0742
1316,1339,1.89,20.922,0.058,0.003,0.147051,16.6423
1317,1340,1.89,20.922,0.058,0.017,0.154165,17.4473
1318,1341,1.89,20.921,0.058,0.007,0.13631,15.4267
1319,1342,1.89,20.921,0.058,0.002,0.158092,17.8919
1320,1343,1.89,20.921,0.057,-0.007,0.162501,18.3908
1321,1344,1.89,20.921,0.057,-0.002,0.159322,18.031
1322,1345,1.89,20.921,0.058,-0.018,0.159458,18.0464
1323,1346,1.9,20.921,0.058,-0.019,0.186869,21.1486
1324,1347,1.9,20.921,0.058,-0.035,0.156011,17.6563
1325,1348,1.9,20.922,0.058,-0.017,0.170204,19.2626
1326,1349,1.9,20.921,0.057,-0.015,0.145186,16.4312
1327,1350,1.9,20.921,0.058,0.005,0.158843,17.9768
1328,1351,1.9,20.923,0.057,0.003,0.141884,16.0575
1329,1352,1.9,20.922,0.058,0.017,0.151021,17.0915
1330,1353,1.9,20.922,0.058,0.004,0.154725,17.5108
1331,1354,1.91,20.921,0.058,0.001,0.163116,18.4604
1332,1355,1.91,20.921,0.059,-0.002,0.179271,20.2887
1333,1356,1.91,20.922,0.058,-0.002,0.179985,20.3696
1334,1357,1.91,20.922,0.058,-0.018,0.179325,20.2948
1335,1358,1.92,20.92,0.058,-0.004,0.168659,19.0877
1336,1359,1.92,20.923,0.058,-0.012,0.161773,18.3084
1337,1360,1.92,20.922,0.058,0.003,0.161076,18.2295
1338,1361,1.92,20.923,0.058,-0.003,0.149926,16.9676
1339,1362,1.92,20.922,0.058,0.016,0.16396,18.5559
1340,1363,1.92,20.921,0.058,0.003,0.152209,17.226
1341,1364,1.92,20.922,0.058,0.003,0.163757,18.5329
1342,1365,1.92,20.922,0.058,-0.002,0.166051,18.7925
1343,1366,1.92,20.921,0.058,-0.011,0.174994,19.8046
1344,1367,1.93,20.92,0.058,-0.017,0.165819,18.7663
1345,1368,1.93,20.921,0.059,-0.019,0.168862,19.1107
1346,1369,1.93,20.921,0.059,-0.012,0.159183,18.0153
1347,1370,1.93,20.921,0.058,-0.001,0.164844,18.6559
1348,1371,1.93,20.921,0.058,-0.001,0.149139,16.8786
1349,1372,1.94,20.921,0.058,0.012,0.162582,18.3999
1350,1373,1.94,20.921,0.058,-0.001,0.162462,18.3864
1351,1374,1.94,20.921,0.058,0.008,0.181021,20.4867
1352,1375,1.94,20.92,0.058,-0.003,0.172037,19.47
1353,1376,1.94,20.921,0.058,-0.006,0.188766,21.3632
1354,1377,1.94,20.921,0.058,-0.016,0.177209,20.0554
1355,1378,1.94,20.922,0.058,-0.003,0.187831,21.2574
1356,1379,1.94,20.921,0.058,-0.007,0.169986,19.2379
1357,1380,1.94,20.921,0.059,-0.001,0.162587,18.4006
1358,1381,1.95,20.921,0.058,-0.005,0.14504,16.4146
1359,1382,1.95,20.921,0.058,0.015,0.152234,17.2288
1360,1383,1.95,20.92,0.058,-0.002,0.154252,17.4573
1361,1384,1.95,20.921,0.057,0.002,0.180213,20.3953
1362,1385,1.95,20.92,0.058,-0.01,0.163112,18.4599
1363,1386,1.96,20.92,0.058,-0.009,0.169627,19.1973
1364,1387,1.96,20.921,0.058,-0.027,0.161331,18.2583
1365,1388,1.96,20.921,0.058,-0.015,0.172789,19.5552
1366,1389,1.96,20.921,0.058,-0.025,0.147579,16.7021
1367,1390,1.96,20.921,0.059,-0.003,0.155437,17.5913
1368,1391,1.96,20.92,0.058,0,0.155813,17.6338
1369,1392,1.96,20.92,0.058,0.016,0.156634,17.7268
1370,1393,1.97,20.921,0.058,0.003,0.160518,18.1663
1371,1394,1.97,20.922,0.058,0.004,0.162907,18.4368
1372,1395,1.97,20.921,0.058,-0.011,0.175331,19.8428
1373,1396,1.97,20.92,0.058,0,0.191698,21.6951
1374,1397,1.97,20.921,0.058,-0.013,0.185958,21.0455
1375,1398,1.97,20.922,0.058,-0.006,0.164954,18.6684
1376,1399,1.98,20.922,0.058,-0.012,0.15665,17.7286
1377,1400,1.98,20.921,0.058,0.017,0.147907,16.7391
1378,1401,1.98,20.92,0.057,0.004,0.142451,16.1216
1379,1402,1.98,20.921,0.058,0.005,0.155364,17.5831
1380,1403,1.98,20.921,0.058,0.003,0.155182,17.5624
1381,1404,1.98,20.921,0.057,0,0.163095,18.458
1382,1405,1.98,20.921,0.058,-0.001,0.153339,17.3538
1383,1406,1.98,20.921,0.058,-0.012,0.178695,20.2235
1384,1407,1.98,20.921,0.057,-0.024,0.176494,19.9744
1385,1408,1.98,20.92,0.058,-0.022,0.166123,18.8007
1386,1409,1.99,20.921,0.057,-0.008,0.161253,18.2496
1387,1410,1.99,20.921,0.058,-0.003,0.158035,17.8854
1388,1411,1.99,20.922,0.058,0.007,0.134575,15.2303
1389,1412,1.99,20.922,0.058,0.013,0.143913,16.2871
1390,1413,1.99,20.922,0.058,0,0.143325,16.2206
1391,1414,1.99,20.922,0.058,0,0.166454,18.8382
1392,1415,1.99,20.922,0.058,-0.006,0.166811,18.8786
1393,1416,1.99,20.922,0.058,0.004,0.180823,20.4644
1394,1417,2,20.921,0.058,-0.015,0.180299,20.405
1395,1418,2,20.921,0.058,-0.014,0.172135,19.4812
1396,1419,2,20.921,0.057,-0.011,0.173611,19.6481
1397,1420,2,20.922,0.057,-0.003,0.154577,17.494
1398,1421,2,20.922,0.058,0.001,0.133231,15.0782
1399,1422,2,20.922,0.057,0.016,0.139972,15.8412
1400,1423,2,20.923,0.058,0.008,0.148725,16.8318
1401,1424,2.01,20.923,0.058,0.01,0.166559,18.85
1402,1425,2.01,20.922,0.058,-0.009,0.160841,18.2029
1403,1426,2.01,20.922,0.058,-0.011,0.164965,18.6696
1404,1427,2.01,20.922,0.058,-0.023,0.180883,20.4711
1405,1428,2.01,20.922,0.058,-0.012,0.16536,18.7143
1406,1429,2.01,20.92,0.058,-0.009,0.170046,19.2447
1407,1430,2.01,20.921,0.058,-0.013,0.14782,16.7293
1408,1431,2.02,20.921,0.058,0.005,0.147628,16.7076
1409,1432,2.02,20.921,0.057,0.027,0.157476,17.8221
1410,1433,2.02,20.921,0.057,0.019,0.160879,18.2072
1411,1434,2.02,20.921,0.057,0.01,0.150077,16.9848
1412,1435,2.02,20.921,0.057,-0.008,0.162163,18.3526
1413,1436,2.03,20.922,0.058,0.002,0.174242,19.7195
1414,1437,2.03,20.921,0.058,-0.006,0.170274,19.2705
1415,1438,2.03,20.922,0.058,-0.018,0.176838,20.0134
1416,1439,2.03,20.921,0.058,-0.01,0.178781,20.2332
1417,1440,2.03,20.922,0.058,-0.012,0.151901,17.1912
1418,1441,2.03,20.922,0.058,0.007,0.144662,16.3718
1419,1442,2.04,20.922,0.058,0.013,0.156056,17.6614
1420,1443,2.04,20.921,0.058,0.002,0.154524,17.488
1421,1444,2.04,20.921,0.058,0.001,0.145592,16.4771
1422,1445,2.04,20.921,0.058,0.005,0.152679,17.2792
1423,1446,2.04,20.922,0.058,-0.005,0.164505,18.6176
1424,1447,2.04,20.922,0.058,-0.013,0.190946,21.61
1425,1448,2.04,20.921,0.058,-0.011,0.176872,20.0172
1426,1449,2.04,20.921,0.058,-0.017,0.159943,18.1013
1427,1450,2.04,20.922,0.058,-0.02,0.169717,19.2075
1428,1451,2.04,20.922,0.058,0.007,0.14735,16.6762
1429,1452,2.05,20.921,0.058,0.004,0.162278,18.3655
1430,1453,2.05,20.923,0.057,0.002,0.160522,18.1668
1431,1454,2.05,20.922,0.058,0.006,0.174667,19.7676
1432,1455,2.05,20.921,0.058,0.01,0.177158,20.0495
1433,1456,2.05,20.922,0.058,0.003,0.170165,19.2582
1434,1457,2.05,20.922,0.058,-0.006,0.174435,19.7415
1435,1458,2.05,20.921,0.058,-0.023,0.168267,19.0433
1436,1459,2.05,20.92,0.058,-0.017,0.151977,17.1997
1437,1460,2.05,20.922,0.057,-0.004,0.144029,16.3002
1438,1461,2.06,20.922,0.057,-0.008,0.135252,15.3069
1439,1462,2.06,20.921,0.058,0.014,0.135749,15.3632
1440,1463,2.06,20.921,0.058,0,0.14166,16.0322
1441,1464,2.06,20.921,0.058,-0.005,0.14487,16.3954
1442,1465,2.06,20.922,0.058,-0.013,0.159932,18.1
1443,1466,2.06,20.921,0.058,-0.015,0.154399,17.4739
1444,1467,2.06,20.921,0.058,-0.01,0.176153,19.9359
1445,1468,2.06,20.921,0.058,-0.021,0.176617,19.9883
1446,1469,2.06,20.923,0.058,-0.012,0.17151,19.4103
1447,1470,2.07,20.922,0.059,0.007,0.155401,17.5872
1448,1471,2.07,20.921,0.058,0.014,0.150684,17.0535
1449,1472,2.07,20.921,0.058,0.019,0.162304,18.3685
1450,1473,2.07,20.922,0.059,0.017,0.152138,17.218
1451,1474,2.07,20.922,0.058,0.013,0.164378,18.6032
1452,1475,2.08,20.922,0.058,0.011,0.181946,20.5914
1453,1476,2.08,20.922,0.058,-0.011,0.164331,18.5979
1454,1477,2.08,20.924,0.058,-0.001,0.175464,19.8579
1455,1478,2.08,20.923,0.058,-0.02,0.168521,19.0721
1456,1479,2.08,20.922,0.058,-0.017,0.170234,19.2659
1457,1480,2.08,20.921,0.057,-0.011,0.163886,18.5475
1458,1481,2.08,20.921,0.057,0.003,0.146373,16.5656
1459,1482,2.08,20.922,0.057,0.006,0.155502,17.5987
1460,1483,2.08,20.922,0.057,-0.001,0.138149,15.6348
1461,1484,2.08,20.921,0.058,0.01,0.136463,15.4439
1462,1485,2.09,20.921,0.058,-0.003,0.149702,16.9423
1463,1486,2.09,20.921,0.058,-0.02,0.163705,18.5271
1464,1487,2.09,20.921,0.058,-0.008,0.17017,19.2587
1465,1488,2.1,20.922,0.057,-0.018,0.164355,18.6006
1466,1489,2.1,20.922,0.057,-0.009,0.159931,18.0999
1467,1490,2.1,20.921,0.058,-0.011,0.17431,19.7272
1468,1491,2.1,20.922,0.058,-0.004,0.16123,18.247
1469,1492,2.1,20.921,0.058,0.014,0.155305,17.5763
1470,1493,2.1,20.921,0.058,0.001,0.165151,18.6907
1471,1494,2.1,20.922,0.058,0.012,0.165387,18.7174
1472,1495,2.1,20.923,0.058,0.018,0.158691,17.9596
1473,1496,2.1,20.922,0.058,0.004,0.160643,18.1805
1474,1497,2.1,20.922,0.059,-0.006,0.182768,20.6845
1475,1498,2.1,20.922,0.059,-0.019,0.179755,20.3435
1476,1499,2.11,20.923,0.058,-0.009,0.177058,20.0383
1477,1500,2.11,20.922,0.058,-0.006,0.160356,18.148
1478,1501,2.11,20.922,0.058,-0.013,0.162558,18.3973
1479,1502,2.11,20.921,0.058,-0.003,0.151609,17.1581
1480,1503,2.12,20.921,0.058,0.005,0.137843,15.6002
1481,1504,2.12,20.921,0.058,0.002,0.144632,16.3685
1482,1505,2.12,20.92,0.058,0.002,0.16704,18.9044
1483,1506,2.12,20.92,0.058,0,0.150996,17.0887
1484,1507,2.12,20.921,0.059,0,0.184561,20.8875
1485,1508,2.12,20.921,0.058,-0.023,0.174174,19.7119
1486,1509,2.12,20.921,0.059,-0.022,0.164871,18.659
1487,1510,2.12,20.922,0.058,-0.021,0.179908,20.3608
1488,1511,2.12,20.922,0.058,0.002,0.153707,17.3955
1489,1512,2.13,20.921,0.058,0.002,0.153012,17.3169
1490,1513,2.13,20.92,0.058,0.014,0.173574,19.644
1491,1514,2.13,20.92,0.058,0.019,0.158529,17.9413
1492,1515,2.14,20.921,0.058,0.018,0.166704,18.8665
1493,1516,2.14,20.92,0.058,-0.004,0.174003,19.6925
1494,1517,2.14,20.921,0.058,0.003,0.181128,20.4989
1495,1518,2.14,20.922,0.058,-0.018,0.174018,19.6942
1496,1519,2.14,20.92,0.058,-0.014,0.158675,17.9578
1497,1520,2.14,20.922,0.058,-0.003,0.152745,17.2867
1498,1521,2.14,20.921,0.058,-0.01,0.137061,15.5116
1499,1522,2.14,20.92,0.058,0.007,0.14185,16.0536
1500,1523,2.14,20.92,0.058,0.008,0.149131,16.8777
1501,1524,2.14,20.921,0.058,-0.01,0.139421,15.7787
1502,1525,2.14,20.921,0.058,0.002,0.161055,18.2272
1503,1526,2.15,20.921,0.058,-0.006,0.153105,17.3275
1504,1527,2.15,20.921,0.058,-0.013,0.181406,20.5303
1505,1528,2.15,20.921,0.058,-0.019,0.16485,18.6566
1506,1529,2.15,20.921,0.058,-0.01,0.16209,18.3443
1507,1530,2.15,20.921,0.057,0,0.1401,15.8556
1508,1531,2.16,20.921,0.058,0,0.152573,17.2672
1509,1532,2.16,20.923,0.057,0.016,0.148401,16.7951
1510,1533,2.16,20.922,0.058,0.015,0.140299,15.8781
1511,1534,2.16,20.922,0.058,0.01,0.139481,15.7856
1512,1535,2.16,20.921,0.058,0.021,0.150052,16.9818
1513,1536,2.16,20.921,0.058,-0.005,0.162132,18.349
1514,1537,2.16,20.922,0.059,0.001,0.187803,21.2543
1515,1538,2.16,20.922,0.058,-0.024,0.176489,19.9739
1516,1539,2.16,20.922,0.058,-0.009,0.191844,21.7116
1517,1540,2.17,20.922,0.059,-0.009,0.167765,18.9865
1518,1541,2.17,20.923,0.059,0.013,0.148428,16.7981
1519,1542,2.17,20.922,0.058,0.003,0.140094,15.8549
1520,1543,2.17,20.922,0.058,0.006,0.147597,16.7041
1521,1544,2.17,20.922,0.058,0.014,0.151002,17.0894
1522,1545,2.18,20.922,0.058,0.02,0.155319,17.578
1523,1546,2.18,20.921,0.058,0.008,0.153884,17.4155
1524,1547,2.18,20.921,0.057,-0.001,0.185498,20.9934
1525,1548,2.18,20.921,0.059,-0.029,0.182743,20.6816
1526,1549,2.18,20.922,0.058,-0.021,0.193512,21.9004
1527,1550,2.18,20.922,0.058,-0.028,0.159554,18.0573
1528,1551,2.18,20.921,0.058,-0.014,0.158222,17.9065
1529,1552,2.18,20.922,0.058,0.008,0.143604,16.2522
1530,1553,2.18,20.922,0.059,0.015,0.150626,17.0469
1531,1554,2.18,20.922,0.058,0.01,0.131801,14.9164
1532,1555,2.19,20.921,0.058,0.009,0.147797,16.7267
1533,1556,2.19,20.921,0.058,0.002,0.159197,18.0169
1534,1557,2.19,20.922,0.058,-0.003,0.187082,21.1727
1535,1558,2.19,20.923,0.058,-0.03,0.157735,17.8514
1536,1559,2.19,20.922,0.058,-0.021,0.167591,18.9668
1537,1560,2.19,20.921,0.058,-0.033,0.158929,17.9865
1538,1561,2.19,20.922,0.058,-0.007,0.156375,17.6975
1539,1562,2.19,20.923,0.058,-0.004,0.154216,17.4532
1540,1563,2.2,20.922,0.057,0.012,0.140274,15.8753
1541,1564,2.2,20.922,0.058,0.006,0.138863,15.7156
1542,1565,2.2,20.922,0.059,0.017,0.153585,17.3818
1543,1566,2.2,20.923,0.058,0.002,0.169015,19.128
1544,1567,2.2,20.923,0.058,-0.002,0.166667,18.8623
1545,1568,2.2,20.921,0.058,-0.021,0.173179,19.5992
1546,1569,2.21,20.921,0.058,-0.005,0.188384,21.32
1547,1570,2.21,20.923,0.058,-0.015,0.172603,19.534
1548,1571,2.21,20.923,0.058,-0.004,0.15633,17.6924
1549,1572,2.21,20.922,0.058,0.005,0.153394,17.3602
1550,1573,2.21,20.921,0.058,0.007,0.136869,15.49
1551,1574,2.21,20.921,0.059,0.019,0.15157,17.1537
1552,1575,2.21,20.921,0.058,0.019,0.148501,16.8064
1553,1576,2.21,20.921,0.058,0.009,0.160184,18.1285
1554,1577,2.21,20.921,0.058,-0.01,0.171272,19.3834
1555,1578,2.22,20.922,0.058,-0.013,0.164535,18.621
1556,1579,2.22,20.922,0.058,-0.012,0.179106,20.27
1557,1580,2.22,20.921,0.058,-0.024,0.15938,18.0376
1558,1581,2.22,20.921,0.058,-0.012,0.14005,15.8499
1559,1582,2.22,20.921,0.058,0.005,0.15344,17.3654
1560,1583,2.22,20.921,0.058,0.008,0.132072,14.947
1561,1584,2.22,20.921,0.058,0.016,0.157572,17.8329
1562,1585,2.23,20.922,0.058,0.007,0.164194,18.5824
1563,1586,2.23,20.921,0.059,0.005,0.175175,19.8251
1564,1587,2.23,20.922,0.058,-0.005,0.178161,20.1631
1565,1588,2.23,20.922,0.058,-0.016,0.174608,19.761
1566,1589,2.23,20.922,0.058,-0.012,0.18593,21.0423
1567,1590,2.23,20.923,0.057,-0.025,0.177378,20.0745
1568,1591,2.23,20.923,0.058,-0.002,0.169349,19.1658
1569,1592,2.24,20.922,0.058,0.012,0.163773,18.5347
1570,1593,2.24,20.923,0.058,0.009,0.131784,14.9145
1571,1594,2.24,20.921,0.058,0.022,0.12979,14.6888
1572,1595,2.24,20.922,0.058,0.003,0.128915,14.5898
1573,1596,2.24,20.921,0.059,-0.005,0.152415,17.2493
1574,1597,2.24,20.921,0.058,-0.015,0.174212,19.7162
1575,1598,2.25,20.921,0.057,-0.017,0.168797,19.1033
1576,1599,2.25,20.921,0.058,-0.012,0.16181,18.3126
1577,1600,2.25,20.921,0.058,-0.024,0.162086,18.3438
1578,1601,2.25,20.921,0.057,-0.025,0.14785,16.7327
1579,1602,2.26,20.922,0.058,-0.007,0.160439,18.1575
1580,1603,2.26,20.921,0.058,-0.004,0.139902,15.8332
1581,1604,2.26,20.921,0.058,0.023,0.141915,16.061
1582,1605,2.26,20.922,0.058,0.024,0.136309,15.4266
1583,1606,2.26,20.922,0.058,0.022,0.163052,18.4532
1584,1607,2.26,20.923,0.059,-0.001,0.177947,20.1388
1585,1608,2.26,20.923,0.058,-0.012,0.162495,18.3901
1586,1609,2.26,20.921,0.058,-0.007,0.199621,22.5918
1587,1610,2.27,20.921,0.058,-0.006,0.185822,21.0301
1588,1611,2.27,20.922,0.058,-0.005,0.148519,16.8084
1589,1612,2.27,20.922,0.058,0.001,0.158824,17.9747
1590,1613,2.27,20.923,0.057,0,0.137762,15.591
1591,1614,2.27,20.921,0.058,0.017,0.146572,16.5881
1592,1615,2.27,20.922,0.058,0.017,0.147945,16.7434
1593,1616,2.28,20.921,0.057,0.023,0.160217,18.1323
1594,1617,2.28,20.921,0.058,-0.006,0.16906,19.133
1595,1618,2.28,20.922,0.058,-0.013,0.168796,19.1032
1596,1619,2.28,20.921,0.058,-0.013,0.179886,20.3583
1597,1620,2.28,20.923,0.058,-0.037,0.17002,19.2418
1598,1621,2.28,20.921,0.059,-0.021,0.159279,18.0262
1599,1622,2.28,20.921,0.058,0.001,0.145337,16.4483
1600,1623,2.28,20.923,0.059,-0.006,0.137327,15.5417
1601,1624,2.28,20.922,0.058,0.015,0.154409,17.475
1602,1625,2.28,20.922,0.058,0.01,0.146218,16.548
1603,1626,2.29,20.922,0.058,0.008,0.169307,19.161
1604,1627,2.29,20.922,0.058,-0.001,0.177143,20.0478
1605,1628,2.29,20.922,0.058,-0.008,0.176754,20.0039
1606,1629,2.29,20.921,0.059,-0.008,0.178835,20.2394
1607,1630,2.29,20.921,0.059,-0.021,0.175013,19.8068
1608,1631,2.3,20.921,0.058,-0.009,0.153771,17.4028
1609,1632,2.3,20.921,0.058,-0.003,0.171461,19.4048
1610,1633,2.3,20.922,0.058,0.012,0.13457,15.2297
1611,1634,2.3,20.922,0.058,0.019,0.154614,17.4982
1612,1635,2.3,20.921,0.058,0.007,0.159167,18.0135
1613,1636,2.3,20.921,0.058,0.014,0.174918,19.796
1614,1637,2.3,20.921,0.058,-0.008,0.166284,18.8189
1615,1638,2.3,20.921,0.058,-0.012,0.164825,18.6538
1616,1639,2.31,20.921,0.059,-0.019,0.17817,20.1641
1617,1640,2.31,20.921,0.058,-0.017,0.173982,19.6901
1618,1641,2.31,20.921,0.058,-0.014,0.160719,18.1892
1619,1642,2.31,20.921,0.059,0.003,0.164885,18.6606
1620,1643,2.31,20.921,0.058,-0.011,0.12836,14.527
1621,1644,2.31,20.921,0.059,0.021,0.147595,16.7038
1622,1645,2.31,20.922,0.058,0.004,0.150846,17.0717
1623,1646,2.31,20.921,0.058,-0.001,0.161153,18.2382
1624,1647,2.32,20.921,0.059,-0.011,0.160461,18.1599
1625,1648,2.32,20.921,0.059,-0.005,0.180511,20.4291
1626,1649,2.32,20.921,0.059,-0.01,0.172895,19.5671
1627,1650,2.32,20.922,0.058,-0.02,0.171017,19.3546
1628,1651,2.32,20.922,0.058,-0.016,0.153525,17.3749
1629,1652,2.32,20.921,0.058,-0.004,0.168664,19.0883
1630,1653,2.32,20.922,0.058,-0.004,0.140973,15.9544
1631,1654,2.32,20.921,0.058,0.026,0.160168,18.1267
1632,1655,2.33,20.922,0.058,0.01,0.140743,15.9283
1633,1656,2.33,20.921,0.058,0.008,0.153731,17.3983
1634,1657,2.33,20.921,0.058,-0.004,0.145853,16.5066
1635,1658,2.33,20.922,0.058,-0.008,0.168842,19.1084
1636,1659,2.33,20.923,0.057,-0.02,0.173473,19.6326
1637,1660,2.33,20.922,0.058,-0.017,0.173045,19.5841
1638,1661,2.34,20.922,0.058,-0.009,0.154036,17.4328
1639,1662,2.34,20.921,0.058,0.004,0.163939,18.5536
1640,1663,2.34,20.921,0.058,-0.011,0.131115,14.8387
1641,1664,2.34,20.922,0.058,0.013,0.130801,14.8032
1642,1665,2.34,20.922,0.058,0.001,0.137529,15.5646
1643,1666,2.34,20.921,0.058,0.015,0.16724,18.9272
1644,1667,2.34,20.922,0.058,0,0.161029,18.2242
1645,1668,2.34,20.922,0.059,0.004,0.174967,19.8017
1646,1669,2.35,20.923,0.059,-0.014,0.184683,20.9012
1647,1670,2.35,20.922,0.058,-0.018,0.1934,21.8877
1648,1671,2.35,20.922,0.059,-0.019,0.169142,19.1423
1649,1672,2.35,20.923,0.058,0.001,0.173903,19.6812
1650,1673,2.35,20.922,0.058,-0.006,0.143254,16.2125
1651,1674,2.35,20.922,0.058,0.022,0.158317,17.9172
1652,1675,2.35,20.922,0.058,0.024,0.139219,15.7559
1653,1676,2.35,20.922,0.058,0.019,0.164354,18.6005
1654,1677,2.35,20.922,0.058,-0.007,0.164152,18.5776
1655,1678,2.36,20.921,0.058,-0.004,0.161096,18.2318
1656,1679,2.36,20.922,0.058,-0.017,0.1629,18.436
1657,1680,2.36,20.922,0.058,-0.03,0.160457,18.1595
1658,1681,2.36,20.922,0.058,-0.024,0.156968,17.7646
1659,1682,2.36,20.92,0.058,-0.009,0.16449,18.6158
1660,1683,2.37,20.921,0.058,-0.008,0.149945,16.9698
1661,1684,2.37,20.921,0.058,0.01,0.159585,18.0608
1662,1685,2.37,20.922,0.058,-0.004,0.13557,15.3429
1663,1686,2.37,20.922,0.058,0.022,0.158891,17.9822
1664,1687,2.37,20.921,0.059,-0.004,0.157449,17.8191
1665,1688,2.37,20.921,0.058,-0.006,0.182103,20.6092
1666,1689,2.37,20.921,0.059,0,0.185383,20.9804
1667,1690,2.37,20.921,0.058,-0.006,0.181627,20.5553
1668,1691,2.38,20.922,0.059,-0.006,0.173099,19.5902
1669,1692,2.38,20.922,0.059,-0.002,0.178334,20.1826
1670,1693,2.38,20.922,0.059,-0.008,0.148513,16.8077
1671,1694,2.38,20.922,0.059,0.008,0.153805,17.4067
1672,1695,2.38,20.921,0.058,0,0.132822,15.0319
1673,1696,2.38,20.921,0.059,0.018,0.154166,17.4475
1674,1697,2.38,20.922,0.058,0.001,0.163725,18.5293
1675,1698,2.39,20.921,0.058,-0.003,0.149585,16.9291
1676,1699,2.39,20.922,0.058,-0.024,0.163833,18.5416
1677,1700,2.39,20.922,0.058,-0.027,0.173364,19.6202
1678,1701,2.39,20.922,0.058,-0.02,0.16602,18.7891
1679,1702,2.39,20.921,0.057,-0.014,0.159843,18.09
1680,1703,2.39,20.921,0.058,-0.02,0.141306,15.9921
1681,1704,2.39,20.922,0.058,0.007,0.145764,16.4967
1682,1705,2.39,20.922,0.058,0.008,0.13574,15.3621
1683,1706,2.39,20.921,0.058,0.023,0.15029,17.0088
1684,1707,2.4,20.922,0.059,0.004,0.157639,17.8406
1685,1708,2.4,20.922,0.059,-0.01,0.176322,19.955
1686,1709,2.4,20.922,0.058,0.004,0.168429,19.0617
1687,1710,2.4,20.922,0.058,-0.01,0.175472,19.8587
1688,1711,2.41,20.923,0.058,-0.021,0.180079,20.3801
1689,1712,2.41,20.923,0.058,-0.015,0.171887,19.453
1690,1713,2.41,20.923,0.058,0,0.152464,17.2549
1691,1714,2.41,20.921,0.058,0.013,0.151317,17.1251
1692,1715,2.41,20.922,0.058,0.014,0.146937,16.6293
1693,1716,2.41,20.921,0.058,0.015,0.149054,16.869
1694,1717,2.41,20.923,0.058,0.003,0.157363,17.8094
1695,1718,2.41,20.922,0.059,0,0.153537,17.3763
1696,1719,2.42,20.922,0.059,-0.016,0.169356,19.1666
1697,1720,2.42,20.921,0.058,-0.015,0.164362,18.6015
1698,1721,2.42,20.922,0.058,-0.019,0.18157,20.5489
1699,1722,2.42,20.922,0.058,-0.019,0.170033,19.2432
1700,1723,2.42,20.922,0.059,-0.01,0.167958,19.0084
1701,1724,2.42,20.921,0.059,0.002,0.14991,16.9658
1702,1725,2.43,20.922,0.059,0.002,0.135738,15.362
1703,1726,2.43,20.922,0.059,0.012,0.159706,18.0744
1704,1727,2.43,20.921,0.059,0.01,0.158587,17.9478
1705,1728,2.43,20.921,0.058,0.003,0.177383,20.075
1706,1729,2.43,20.921,0.058,0.002,0.184741,20.9078
1707,1730,2.43,20.922,0.058,-0.008,0.179754,20.3433
1708,1731,2.43,20.921,0.058,-0.005,0.179935,20.3639
1709,1732,2.43,20.921,0.058,-0.023,0.176078,19.9273
1710,1733,2.43,20.921,0.058,-0.011,0.182228,20.6233
1711,1734,2.44,20.922,0.059,-0.005,0.151778,17.1773
1712,1735,2.44,20.921,0.058,0.014,0.133719,15.1334
1713,1736,2.44,20.92,0.058,0.023,0.134487,15.2203
1714,1737,2.44,20.921,0.059,-0.002,0.132298,14.9726
1715,1738,2.45,20.922,0.058,-0.002,0.14678,16.6115
1716,1739,2.45,20.921,0.058,-0.016,0.167563,18.9637
1717,1740,2.45,20.921,0.058,-0.025,0.158904,17.9837
1718,1741,2.45,20.922,0.058,-0.021,0.173226,19.6046
1719,1742,2.45,20.922,0.058,-0.023,0.157223,17.7935
1720,1743,2.45,20.922,0.058,-0.018,0.165303,18.7079
1721,1744,2.45,20.922,0.058,-0.017,0.122926,13.912
1722,1745,2.45,20.92,0.058,0.004,0.142497,16.1269
1723,1746,2.45,20.922,0.058,0.014,0.141574,16.0225
1724,1747,2.45,20.923,0.058,0.018,0.157078,17.7771
1725,1748,2.45,20.922,0.059,0.019,0.178078,20.1536
1726,1749,2.46,20.923,0.059,0.001,0.179703,20.3376
1727,1750,2.46,20.923,0.059,-0.017,0.176226,19.9441
1728,1751,2.46,20.923,0.058,0.003,0.163373,18.4894
1729,1752,2.46,20.921,0.058,-0.014,0.161001,18.221
1730,1753,2.46,20.921,0.058,0.003,0.154212,17.4527
1731,1754,2.46,20.921,0.057,-0.007,0.143004,16.1842
1732,1755,2.47,20.922,0.058,0.027,0.142657,16.145
1733,1756,2.47,20.923,0.058,0.012,0.135854,15.3751
1734,1757,2.47,20.922,0.057,0.012,0.150448,17.0267
1735,1758,2.47,20.922,0.058,0.004,0.159384,18.038
1736,1759,2.47,20.921,0.058,-0.014,0.174296,19.7257
1737,1760,2.47,20.921,0.058,-0.019,0.169278,19.1578
1738,1761,2.47,20.921,0.059,-0.013,0.178592,20.2119
1739,1762,2.47,20.921,0.058,-0.01,0.166233,18.8131
1740,1763,2.47,20.922,0.058,-0.003,0.167926,19.0047
1741,1764,2.48,20.922,0.058,0.002,0.15135,17.1288
1742,1765,2.48,20.922,0.058,0.008,0.154669,17.5044
1743,1766,2.48,20.923,0.058,0.01,0.150287,17.0085
1744,1767,2.48,20.922,0.058,0.018,0.171181,19.3731
1745,1768,2.49,20.922,0.057,0.005,0.166075,18.7953
1746,1769,2.49,20.922,0.058,0.001,0.16352,18.5061
1747,1770,2.49,20.921,0.057,-0.012,0.166432,18.8356
1748,1771,2.49,20.921,0.058,-0.011,0.170283,19.2715
1749,1772,2.5,20.922,0.058,-0.012,0.16288,18.4337
1750,1773,2.5,20.92,0.059,-0.003,0.164423,18.6084
1751,1774,2.5,20.921,0.057,-0.008,0.147643,16.7093
1752,1775,2.5,20.921,0.058,0.001,0.149521,16.9218
1753,1776,2.5,20.922,0.058,0,0.126752,14.345
1754,1777,2.5,20.922,0.058,0.005,0.139032,15.7347
1755,1778,2.51,20.922,0.058,-0.007,0.159789,18.0839
1756,1779,2.51,20.921,0.058,-0.009,0.163021,18.4497
1757,1780,2.51,20.922,0.058,-0.008,0.150948,17.0832
1758,1781,2.51,20.922,0.058,-0.006,0.172853,19.5624
1759,1782,2.51,20.921,0.058,-0.014,0.16696,18.8954
1760,1783,2.51,20.922,0.058,-0.006,0.16759,18.9668
1761,1784,2.51,20.922,0.058,-0.007,0.14597,16.5199
1762,1785,2.51,20.922,0.058,0.009,0.164581,18.6262
1763,1786,2.51,20.921,0.058,0.007,0.16606,18.7935
1764,1787,2.51,20.922,0.058,0.02,0.172397,19.5107
1765,1788,2.51,20.923,0.059,0.018,0.171142,19.3687
1766,1789,2.51,20.922,0.059,0.002,0.171463,19.405
1767,1790,2.51,20.921,0.059,-0.003,0.168369,19.0549
1768,1791,2.52,20.921,0.059,0.002,0.180291,20.4041
1769,1792,2.52,20.922,0.059,-0.009,0.16078,18.1961
1770,1793,2.52,20.921,0.058,-0.01,0.165941,18.7801
1771,1794,2.52,20.922,0.058,-0.004,0.14828,16.7813
1772,1795,2.52,20.92,0.058,0.009,0.155446,17.5924
1773,1796,2.52,20.922,0.058,-0.006,0.140913,15.9476
1774,1797,2.52,20.922,0.059,-0.003,0.147019,16.6386
1775,1798,2.53,20.921,0.058,-0.011,0.147326,16.6734
1776,1799,2.53,20.921,0.058,-0.01,0.164917,18.6642
1777,1800,2.53,20.921,0.059,-0.015,0.171127,19.367
1778,1801,2.53,20.922,0.059,-0.019,0.171375,19.3951
1779,1802,2.53,20.923,0.058,-0.018,0.169375,19.1687
1780,1803,2.53,20.921,0.058,-0.001,0.181127,20.4988
1781,1804,2.54,20.921,0.059,-0.007,0.163286,18.4797
1782,1805,2.54,20.921,0.058,0.011,0.157906,17.8708
1783,1806,2.54,20.921,0.059,0.001,0.152319,17.2384
1784,1807,2.54,20.922,0.059,0.018,0.150109,16.9883
1785,1808,2.54,20.921,0.059,0.013,0.149708,16.9429
1786,1809,2.54,20.921,0.059,0.012,0.168298,19.0469
1787,1810,2.54,20.921,0.058,-0.012,0.161056,18.2273
1788,1811,2.54,20.922,0.059,-0.011,0.183343,20.7495
1789,1812,2.54,20.921,0.058,-0.01,0.168053,19.0192
1790,1813,2.55,20.921,0.058,-0.009,0.16819,19.0346
1791,1814,2.55,20.921,0.059,-0.017,0.154216,17.4532
1792,1815,2.55,20.921,0.058,-0.002,0.149037,16.867
1793,1816,2.55,20.921,0.058,-0.003,0.145695,16.4887
1794,1817,2.55,20.922,0.059,0.001,0.150372,17.0181
1795,1818,2.55,20.922,0.058,0.007,0.147522,16.6956
1796,1819,2.56,20.921,0.058,0.01,0.154256,17.4576
1797,1820,2.56,20.921,0.059,-0.006,0.156076,17.6636
1798,1821,2.56,20.921,0.059,-0.011,0.176635,19.9904
1799,1822,2.56,20.923,0.058,-0.026,0.165494,18.7295
1800,1823,2.56,20.922,0.058,-0.011,0.161142,18.237
1801,1824,2.56,20.922,0.058,-0.012,0.144885,16.3972
1802,1825,2.56,20.922,0.058,0.005,0.153838,17.4104
1803,1826,2.57,20.921,0.058,0.011,0.144129,16.3116
1804,1827,2.57,20.921,0.058,0.012,0.136595,15.4589
1805,1828,2.57,20.921,0.058,0.008,0.150224,17.0013
1806,1829,2.57,20.921,0.058,0.009,0.164956,18.6687
1807,1830,2.57,20.922,0.058,0.001,0.178077,20.1536
1808,1831,2.57,20.922,0.058,0,0.193743,21.9265
1809,1832,2.57,20.922,0.058,-0.014,0.163384,18.4907
1810,1833,2.58,20.921,0.058,-0.009,0.180362,20.4121
1811,1834,2.58,20.922,0.057,-0.007,0.156202,17.6779
1812,1835,2.58,20.922,0.057,0.019,0.158596,17.9489
1813,1836,2.58,20.92,0.058,0.01,0.15107,17.0971
1814,1837,2.59,20.921,0.059,0.017,0.152503,17.2593
1815,1838,2.59,20.921,0.059,0.016,0.142934,16.1763
1816,1839,2.59,20.922,0.059,0.01,0.15627,17.6856
1817,1840,2.59,20.921,0.059,-0.005,0.168523,19.0723
1818,1841,2.59,20.921,0.058,-0.017,0.181254,20.5131
1819,1842,2.59,20.921,0.058,-0.034,0.170405,19.2853
1820,1843,2.59,20.922,0.058,-0.004,0.171509,19.4102
1821,1844,2.59,20.921,0.058,-0.015,0.160743,18.1918
1822,1845,2.59,20.92,0.058,0.011,0.166629,18.8579
1823,1846,2.59,20.92,0.058,0.007,0.16797,19.0098
1824,1847,2.6,20.92,0.059,0.008,0.148542,16.811
1825,1848,2.6,20.921,0.059,0.008,0.144618,16.3669
1826,1849,2.6,20.921,0.059,0.013,0.151817,17.1817
1827,1850,2.6,20.922,0.058,0.003,0.160349,18.1473
1828,1851,2.6,20.921,0.058,-0.009,0.176073,19.9268
1829,1852,2.6,20.921,0.058,-0.02,0.163518,18.5059
1830,1853,2.6,20.921,0.058,-0.009,0.165278,18.7051
1831,1854,2.61,20.921,0.058,-0.016,0.165494,18.7295
1832,1855,2.61,20.922,0.058,0.003,0.164804,18.6514
1833,1856,2.61,20.921,0.058,-0.005,0.154937,17.5348
1834,1857,2.62,20.92,0.058,0,0.145592,16.4771
1835,1858,2.62,20.92,0.058,0.01,0.151291,17.1222
1836,1859,2.62,20.921,0.058,0.01,0.163406,18.4932
1837,1860,2.62,20.922,0.058,0.003,0.164172,18.5799
1838,1861,2.62,20.922,0.058,-0.005,0.174228,19.718
1839,1862,2.62,20.922,0.059,-0.018,0.168027,19.0162
1840,1863,2.63,20.922,0.059,-0.006,0.179828,20.3517
1841,1864,2.63,20.922,0.058,-0.009,0.169668,19.202
1842,1865,2.63,20.922,0.058,-0.009,0.150736,17.0594
1843,1866,2.63,20.922,0.058,0.003,0.140381,15.8873
1844,1867,2.63,20.919,0.058,0.009,0.153193,17.3374
1845,1868,2.63,20.92,0.058,0.01,0.139441,15.7811
1846,1869,2.63,20.922,0.058,0.011,0.141319,15.9935
1847,1870,2.63,20.921,0.058,0.002,0.167271,18.9306
1848,1871,2.63,20.92,0.058,-0.008,0.170357,19.2799
1849,1872,2.63,20.922,0.058,-0.022,0.172781,19.5542
1850,1873,2.63,20.923,0.058,-0.009,0.169523,19.1855
1851,1874,2.64,20.922,0.058,-0.021,0.15213,17.2171
1852,1875,2.64,20.921,0.058,-0.008,0.153747,17.4001
1853,1876,2.64,20.921,0.058,0.009,0.149337,16.901
1854,1877,2.64,20.921,0.058,0.01,0.13997,15.8409
1855,1878,2.64,20.923,0.058,0.014,0.147367,16.678
1856,1879,2.65,20.92,0.058,0.015,0.160615,18.1774
1857,1880,2.65,20.922,0.058,0.007,0.156129,17.6697
1858,1881,2.65,20.923,0.058,-0.009,0.169074,19.1346
1859,1882,2.65,20.922,0.059,-0.008,0.176864,20.0162
1860,1883,2.65,20.921,0.059,-0.016,0.17308,19.588
1861,1884,2.65,20.922,0.058,-0.015,0.172774,19.5534
1862,1885,2.66,20.922,0.059,0.003,0.154898,17.5303
1863,1886,2.66,20.922,0.058,0.002,0.139795,15.8211
1864,1887,2.66,20.921,0.059,0.01,0.138904,15.7203
1865,1888,2.66,20.921,0.059,0.015,0.154891,17.5296
1866,1889,2.66,20.922,0.058,0.013,0.162132,18.349
1867,1890,2.66,20.921,0.058,0.002,0.175715,19.8862
1868,1891,2.66,20.921,0.058,0.001,0.165543,18.735
1869,1892,2.66,20.922,0.058,-0.007,0.177672,20.1077
1870,1893,2.66,20.921,0.058,-0.017,0.155271,17.5726
1871,1894,2.66,20.921,0.058,-0.01,0.154079,17.4377
1872,1895,2.66,20.921,0.058,-0.015,0.14608,16.5323
1873,1896,2.66,20.922,0.058,-0.003,0.147675,16.7128
1874,1897,2.67,20.923,0.058,0.01,0.152889,17.303
1875,1898,2.67,20.923,0.058,0.014,0.151066,17.0967
1876,1899,2.67,20.922,0.058,-0.001,0.147671,16.7125
1877,1900,2.67,20.922,0.058,-0.001,0.161568,18.2851
1878,1901,2.67,20.921,0.058,-0.014,0.162698,18.4131
1879,1902,2.68,20.921,0.059,-0.012,0.168718,19.0944
1880,1903,2.68,20.922,0.059,-0.01,0.163143,18.4635
1881,1904,2.68,20.92,0.058,0.001,0.166421,18.8344
1882,1905,2.68,20.922,0.058,0.001,0.16222,18.359
1883,1906,2.68,20.922,0.059,0.009,0.168169,19.0323
1884,1907,2.68,20.922,0.058,0.008,0.142637,16.1428
1885,1908,2.68,20.921,0.058,0.009,0.175112,19.818
1886,1909,2.68,20.921,0.058,0.006,0.174021,19.6945
1887,1910,2.68,20.922,0.058,0.002,0.178515,20.2032
1888,1911,2.69,20.923,0.059,-0.002,0.158039,17.8858
1889,1912,2.69,20.921,0.058,-0.005,0.166445,18.8371
1890,1913,2.69,20.921,0.058,-0.008,0.175164,19.8239
1891,1914,2.7,20.921,0.059,-0.007,0.176827,20.0122
1892,1915,2.7,20.922,0.058,-0.009,0.154004,17.4292
1893,1916,2.7,20.922,0.058,-0.006,0.154937,17.5347
1894,1917,2.7,20.922,0.059,-0.006,0.1607,18.187
1895,1918,2.7,20.921,0.058,0.01,0.141187,15.9786
1896,1919,2.7,20.922,0.058,-0.013,0.170608,19.3083
1897,1920,2.7,20.921,0.058,-0.014,0.156543,17.7165
1898,1921,2.7,20.921,0.059,-0.014,0.164911,18.6635
1899,1922,2.71,20.921,0.058,-0.003,0.166656,18.8611
1900,1923,2.71,20.922,0.058,-0.008,0.182568,20.6618
1901,1924,2.71,20.922,0.058,-0.011,0.165511,18.7315
1902,1925,2.71,20.92,0.059,-0.016,0.159673,18.0708
1903,1926,2.71,20.921,0.058,-0.001,0.156718,17.7363
1904,1927,2.71,20.922,0.058,0.001,0.157629,17.8394
1905,1928,2.71,20.922,0.058,0.004,0.155169,17.561
1906,1929,2.71,20.92,0.058,0.025,0.151597,17.1568
1907,1930,2.72,20.92,0.057,-0.015,0.161367,18.2625
1908,1931,2.72,20.922,0.058,-0.005,0.160715,18.1886
1909,1932,2.72,20.923,0.058,-0.007,0.156651,17.7287
1910,1933,2.72,20.922,0.058,-0.012,0.169377,19.169
1911,1934,2.72,20.922,0.058,-0.018,0.174548,19.7542
1912,1935,2.72,20.921,0.058,-0.01,0.162664,18.4093
1913,1936,2.72,20.922,0.058,0.007,0.16381,18.5389
1914,1937,2.72,20.92,0.059,0.002,0.151171,17.1086
1915,1938,2.72,20.921,0.059,0.002,0.140688,15.9221
1916,1939,2.72,20.921,0.059,0,0.146173,16.5428
1917,1940,2.72,20.922,0.058,0.006,0.150371,17.018
1918,1941,2.73,20.921,0.059,-0.006,0.164943,18.6672
1919,1942,2.73,20.922,0.058,-0.003,0.16955,19.1885
1920,1943,2.73,20.922,0.058,-0.005,0.186395,21.095
1921,1944,2.73,20.923,0.058,-0.014,0.161311,18.2562
1922,1945,2.73,20.922,0.058,-0.008,0.150296,17.0096
1923,1946,2.74,20.92,0.058,0,0.176151,19.9357
1924,1947,2.74,20.921,0.057,-0.004,0.156967,17.7645
1925,1948,2.74,20.921,0.058,0.011,0.152552,17.2649
1926,1949,2.74,20.921,0.058,0.019,0.143584,16.2499
1927,1950,2.75,20.921,0.058,0.008,0.173566,19.643
1928,1951,2.75,20.922,0.058,0.004,0.168449,19.0639
1929,1952,2.75,20.922,0.058,-0.011,0.158131,17.8962
1930,1953,2.75,20.922,0.058,-0.014,0.171837,19.4474
1931,1954,2.75,20.922,0.059,-0.026,0.176319,19.9547
1932,1955,2.75,20.922,0.059,-0.012,0.17952,20.3169
1933,1956,2.75,20.923,0.059,-0.002,0.157659,17.8428
1934,1957,2.75,20.923,0.058,-0.013,0.158077,17.8901
1935,1958,2.75,20.92,0.058,0.002,0.146101,16.5348
1936,1959,2.76,20.921,0.059,0.002,0.145809,16.5017
1937,1960,2.76,20.922,0.058,0.003,0.158189,17.9028
1938,1961,2.76,20.923,0.058,-0.016,0.174599,19.7599
1939,1962,2.76,20.922,0.059,-0.007,0.178168,20.1639
1940,1963,2.76,20.922,0.059,-0.004,0.171847,19.4485
1941,1964,2.76,20.922,0.057,-0.016,0.169645,19.1993
1942,1965,2.76,20.922,0.059,-0.016,0.148989,16.8616
1943,1966,2.76,20.922,0.058,-0.016,0.151855,17.1859
1944,1967,2.77,20.921,0.058,0.004,0.155115,17.5549
1945,1968,2.77,20.921,0.058,0.003,0.147142,16.6526
1946,1969,2.77,20.921,0.058,0.015,0.145843,16.5056
1947,1970,2.77,20.921,0.058,0.009,0.16514,18.6895
1948,1971,2.78,20.922,0.058,0.001,0.16276,18.4201
1949,1972,2.78,20.921,0.058,-0.013,0.17949,20.3135
1950,1973,2.78,20.921,0.058,-0.02,0.168721,19.0947
1951,1974,2.78,20.921,0.058,-0.015,0.15378,17.4038
1952,1975,2.78,20.922,0.058,-0.014,0.158961,17.9901
1953,1976,2.78,20.922,0.058,0.006,0.164417,18.6076
1954,1977,2.78,20.922,0.059,0.005,0.147593,16.7036
1955,1978,2.78,20.922,0.059,0.002,0.16027,18.1382
1956,1979,2.78,20.922,0.059,0.007,0.154889,17.5293
1957,1980,2.79,20.922,0.058,0.007,0.170112,19.2521
1958,1981,2.79,20.922,0.059,-0.009,0.150111,16.9885
1959,1982,2.79,20.922,0.059,-0.004,0.194371,21.9977
1960,1983,2.79,20.921,0.059,-0.018,0.202308,22.8958
1961,1984,2.79,20.921,0.058,-0.013,0.153489,17.3709
1962,1985,2.79,20.922,0.059,0.002,0.145921,16.5144
1963,1986,2.79,20.922,0.058,0.003,0.159457,18.0463
1964,1987,2.8,20.92,0.059,-0.002,0.148435,16.7989
1965,1988,2.8,20.921,0.058,0.012,0.145712,16.4907
1966,1989,2.8,20.921,0.058,-0.002,0.158939,17.9876
1967,1990,2.8,20.922,0.058,0.003,0.154856,17.5256
1968,1991,2.8,20.922,0.058,-0.009,0.161883,18.3209
1969,1992,2.8,20.921,0.058,-0.001,0.165699,18.7527
1970,1993,2.8,20.923,0.058,-0.039,0.164407,18.6065
1971,1994,2.8,20.923,0.058,-0.031,0.163186,18.4683
1972,1995,2.8,20.92,0.059,-0.002,0.144072,16.3051
1973,1996,2.81,20.923,0.058,0.003,0.147427,16.6848
1974,1997,2.81,20.923,0.058,0.002,0.137058,15.5114
1975,1998,2.81,20.921,0.058,0.006,0.142058,16.0772
1976,1999,2.81,20.922,0.058,0.014,0.135189,15.2998
1977,2000,2.81,20.921,0.058,0.007,0.159195,18.0166
1978,2001,2.82,20.92,0.059,0.007,0.159838,18.0894
1979,2002,2.82,20.921,0.059,-0.009,0.177166,20.0505
1980,2003,2.82,20.922,0.058,-0.01,0.161374,18.2633
1981,2004,2.82,20.921,0.059,-0.004,0.169837,19.2211
1982,2005,2.82,20.921,0.059,-0.005,0.166557,18.8499
1983,2006,2.83,20.921,0.059,0.01,0.154967,17.5381
1984,2007,2.83,20.922,0.059,0.003,0.138053,15.624
1985,2008,2.83,20.923,0.059,0.015,0.16662,18.857
1986,2009,2.83,20.922,0.058,0.013,0.144877,16.3962
1987,2010,2.83,20.922,0.059,0.011,0.15062,17.0462
1988,2011,2.83,20.924,0.058,-0.01,0.158165,17.9
1989,2012,2.83,20.923,0.059,-0.003,0.186405,21.0961
1990,2013,2.83,20.922,0.059,-0.021,0.173831,19.6731
1991,2014,2.83,20.922,0.058,-0.007,0.180146,20.3877
1992,2015,2.83,20.922,0.058,-0.011,0.158683,17.9587
1993,2016,2.83,20.921,0.059,-0.003,0.156877,17.7543
1994,2017,2.83,20.92,0.059,0.006,0.152644,17.2752
1995,2018,2.84,20.921,0.059,0.011,0.151623,17.1597
1996,2019,2.84,20.923,0.058,-0.008,0.146258,16.5526
1997,2020,2.84,20.922,0.059,0.01,0.137657,15.5791
1998,2021,2.84,20.922,0.058,0.003,0.162806,18.4253
1999,2022,2.84,20.922,0.058,-0.004,0.146184,16.5442
2000,2023,2.84,20.922,0.058,-0.021,0.152344,17.2413
2001,2024,2.85,20.921,0.058,-0.014,0.166675,18.8632
2002,2025,2.85,20.921,0.058,-0.023,0.162701,18.4134
2003,2026,2.85,20.922,0.058,-0.004,0.159995,18.1071
2004,2027,2.85,20.922,0.058,-0.003,0.154739,17.5124
2005,2028,2.86,20.922,0.058,0.006,0.14763,16.7078
2006,2029,2.86,20.921,0.058,0.006,0.135848,15.3744
2007,2030,2.86,20.921,0.058,0.015,0.144009,16.2979
2008,2031,2.86,20.921,0.058,0.023,0.149178,16.883
2009,2032,2.86,20.921,0.058,0.003,0.177702,20.1111
2010,2033,2.87,20.92,0.059,0.01,0.176102,19.93
2011,2034,2.87,20.922,0.058,0.007,0.18236,20.6383
2012,2035,2.87,20.921,0.058,-0.007,0.165719,18.7549
2013,2036,2.87,20.922,0.058,-0.001,0.168632,19.0847
2014,2037,2.87,20.921,0.058,-0.004,0.145942,16.5167
2015,2038,2.87,20.922,0.058,0.006,0.149759,16.9488
2016,2039,2.87,20.921,0.059,0.006,0.155327,17.5789
2017,2040,2.87,20.922,0.058,0.017,0.148723,16.8314
2018,2041,2.87,20.922,0.058,0.011,0.15663,17.7264
2019,2042,2.87,20.922,0.058,0.006,0.170216,19.2639
2020,2043,2.87,20.922,0.058,-0.009,0.16346,18.4994
2021,2044,2.87,20.92,0.058,-0.012,0.175729,19.8878
2022,2045,2.88,20.921,0.058,-0.019,0.165257,18.7027
2023,2046,2.88,20.921,0.058,-0.008,0.16585,18.7698
2024,2047,2.88,20.921,0.058,-0.012,0.147587,16.703
2025,2048,2.88,20.922,0.058,0.008,0.156183,17.6758
2026,2049,2.89,20.922,0.057,0.011,0.133317,15.0879
2027,2050,2.89,20.921,0.058,0.009,0.144029,16.3003
2028,2051,2.89,20.92,0.058,0.013,0.166077,18.7955
2029,2052,2.89,20.921,0.058,-0.001,0.171098,19.3637
2030,2053,2.89,20.922,0.058,-0.014,0.17485,19.7884
2031,2054,2.9,20.922,0.058,-0.007,0.1765,19.975
2032,2055,2.9,20.922,0.058,-0.016,0.178731,20.2276
2033,2056,2.9,20.921,0.059,-0.009,0.176445,19.9688
2034,2057,2.9,20.922,0.059,-0.007,0.170256,19.2685
2035,2058,2.9,20.921,0.058,0.01,0.149458,16.9147
2036,2059,2.9,20.921,0.058,0.003,0.141602,16.0256
2037,2060,2.9,20.922,0.058,0.014,0.153304,17.35
2038,2061,2.9,20.923,0.059,0.016,0.141672,16.0335
2039,2062,2.9,20.921,0.058,-0.001,0.149119,16.8763
2040,2063,2.9,20.92,0.058,-0.007,0.168226,19.0387
2041,2064,2.91,20.92,0.058,-0.015,0.17422,19.717
2042,2065,2.91,20.921,0.058,-0.018,0.18433,20.8613
2043,2066,2.91,20.922,0.058,-0.013,0.166716,18.8678
2044,2067,2.92,20.921,0.058,-0.013,0.170178,19.2596
2045,2068,2.92,20.921,0.058,-0.006,0.156847,17.751
2046,2069,2.92,20.921,0.058,0.006,0.155672,17.6179
2047,2070,2.92,20.922,0.058,0.014,0.16209,18.3443
2048,2071,2.92,20.922,0.059,0.003,0.155095,17.5526
2049,2072,2.92,20.922,0.059,0.007,0.168558,19.0763
2050,2073,2.92,20.923,0.058,0.004,0.184859,20.9211
2051,2074,2.92,20.922,0.059,-0.014,0.190637,21.575
2052,2075,2.92,20.922,0.058,-0.014,0.179757,20.3437
2053,2076,2.92,20.921,0.059,-0.022,0.166276,18.818
2054,2077,2.93,20.921,0.059,-0.007,0.163891,18.5481
2055,2078,2.93,20.921,0.058,-0.011,0.14898,16.8606
2056,2079,2.93,20.921,0.058,-0.002,0.142176,16.0905
2057,2080,2.93,20.922,0.058,0.005,0.150039,16.9804
2058,2081,2.93,20.921,0.058,-0.005,0.155909,17.6448
2059,2082,2.94,20.922,0.058,0,0.176398,19.9635
2060,2083,2.94,20.922,0.058,-0.004,0.169297,19.1599
2061,2084,2.94,20.921,0.058,-0.02,0.162216,18.3585
2062,2085,2.94,20.92,0.058,-0.023,0.172249,19.4941
2063,2086,2.95,20.92,0.058,-0.019,0.174101,19.7037
2064,2087,2.95,20.921,0.058,-0.011,0.159572,18.0593
2065,2088,2.95,20.922,0.058,-0.004,0.163761,18.5334
2066,2089,2.95,20.921,0.059,0.003,0.158444,17.9317
2067,2090,2.95,20.922,0.059,0.009,0.151358,17.1296
2068,2091,2.95,20.922,0.058,0,0.14486,16.3943
2069,2092,2.95,20.923,0.059,0.001,0.1452,16.4328
2070,2093,2.95,20.922,0.059,-0.008,0.151867,17.1873
2071,2094,2.95,20.92,0.058,-0.008,0.169123,19.1402
2072,2095,2.95,20.921,0.058,-0.008,0.176725,20.0005
2073,2096,2.95,20.922,0.059,-0.014,0.175957,19.9136
2074,2097,2.96,20.922,0.058,-0.017,0.16078,18.196
2075,2098,2.96,20.921,0.058,-0.001,0.15105,17.0948
2076,2099,2.96,20.921,0.058,0.002,0.130583,14.7785
2077,2100,2.96,20.92,0.058,0.001,0.134008,15.1662
2078,2101,2.96,20.921,0.058,0.008,0.141446,16.0079
2079,2102,2.96,20.921,0.058,0.011,0.152012,17.2037
2080,2103,2.96,20.922,0.058,0.014,0.164898,18.662
2081,2104,2.96,20.921,0.058,0.003,0.16832,19.0493
2082,2105,2.96,20.922,0.058,-0.012,0.164033,18.5642
2083,2106,2.97,20.922,0.058,-0.019,0.169411,19.1728
2084,2107,2.97,20.922,0.059,-0.016,0.149949,16.9702
2085,2108,2.97,20.922,0.059,-0.001,0.153363,17.3566
2086,2109,2.97,20.921,0.059,0.006,0.146014,16.5249
2087,2110,2.97,20.922,0.058,0.022,0.144985,16.4084
2088,2111,2.97,20.922,0.058,0.02,0.152987,17.3141
2089,2112,2.98,20.922,0.058,0.015,0.160748,18.1924
2090,2113,2.98,20.922,0.059,0.007,0.15983,18.0886
2091,2114,2.98,20.921,0.059,0,0.175583,19.8713
2092,2115,2.98,20.92,0.059,-0.012,0.177384,20.0752
2093,2116,2.98,20.922,0.059,-0.002,0.171351,19.3924
2094,2117,2.99,20.921,0.059,-0.006,0.156462,17.7074
2095,2118,2.99,20.92,0.059,0.009,0.139216,15.7556
2096,2119,2.99,20.921,0.058,0.005,0.130044,14.7175
2097,2120,2.99,20.921,0.058,0.008,0.15365,17.3891
2098,2121,2.99,20.922,0.058,0.015,0.157179,17.7884
2099,2122,2.99,20.921,0.058,0.005,0.169945,19.2333
2100,2123,2.99,20.922,0.059,0.001,0.157081,17.7774
2101,2124,3,20.921,0.059,-0.005,0.146814,16.6154
2102,2125,3,20.922,0.058,-0.022,0.16251,18.3917
2103,2126,3,20.922,0.058,-0.017,0.153634,17.3873
2104,2127,3,20.921,0.058,-0.009,0.177569,20.096
2105,2128,3,20.921,0.058,-0.001,0.163046,18.4525
2106,2129,3,20.922,0.059,0.01,0.153595,17.3829
2107,2130,3,20.923,0.059,0.019,0.150404,17.0217
2108,2131,3.01,20.923,0.059,-0.005,0.159641,18.0671
2109,2132,3.01,20.923,0.059,-0.006,0.167064,18.9072
2110,2133,3.01,20.923,0.059,-0.015,0.171953,19.4605
2111,2134,3.01,20.922,0.059,-0.001,0.185018,20.9391
2112,2135,3.01,20.922,0.059,0,0.167982,19.0111
2113,2136,3.01,20.923,0.059,-0.001,0.178782,20.2333
2114,2137,3.01,20.921,0.059,0.006,0.160489,18.1631
2115,2138,3.02,20.921,0.058,-0.009,0.146762,16.6096
2116,2139,3.02,20.92,0.058,-0.002,0.152387,17.2461
2117,2140,3.02,20.921,0.058,-0.001,0.134293,15.1984
2118,2141,3.02,20.922,0.058,0.005,0.153827,17.4091
2119,2142,3.03,20.922,0.058,0.002,0.154815,17.521
2120,2143,3.03,20.921,0.058,-0.009,0.17016,19.2576
2121,2144,3.03,20.922,0.058,-0.011,0.185282,20.969
2122,2145,3.03,20.921,0.059,-0.021,0.17383,19.6729
2123,2146,3.03,20.921,0.058,-0.01,0.178139,20.1606
2124,2147,3.03,20.921,0.059,-0.013,0.169102,19.1378
2125,2148,3.03,20.92,0.058,0.001,0.15165,17.1628
2126,2149,3.03,20.921,0.058,0.008,0.154721,17.5103
2127,2150,3.03,20.922,0.059,0,0.136861,15.4891
2128,2151,3.03,20.922,0.058,0.017,0.1395,15.7877
2129,2152,3.03,20.923,0.058,0.001,0.161206,18.2443
2130,2153,3.03,20.922,0.059,0.003,0.157071,17.7762
2131,2154,3.03,20.921,0.058,-0.009,0.173431,19.6277
2132,2155,3.04,20.921,0.058,-0.02,0.187252,21.192
2133,2156,3.04,20.92,0.058,-0.012,0.157504,17.8252
2134,2157,3.04,20.921,0.059,-0.009,0.164549,18.6226
2135,2158,3.04,20.92,0.058,-0.008,0.155186,17.563
2136,2159,3.04,20.921,0.059,0.007,0.143727,16.2661
2137,2160,3.04,20.921,0.058,0.011,0.148296,16.7831
2138,2161,3.04,20.92,0.058,0.017,0.147863,16.7341
2139,2162,3.05,20.922,0.059,0.019,0.169588,19.1928
2140,2163,3.05,20.921,0.059,-0.004,0.174111,19.7047
2141,2164,3.05,20.922,0.059,-0.003,0.166297,18.8204
2142,2165,3.05,20.922,0.058,-0.02,0.179655,20.3321
2143,2166,3.05,20.922,0.058,-0.027,0.167668,18.9755
2144,2167,3.06,20.922,0.058,-0.007,0.157938,17.8744
2145,2168,3.06,20.923,0.058,-0.01,0.170474,19.2931
2146,2169,3.06,20.922,0.059,0,0.150756,17.0615
2147,2170,3.06,20.922,0.058,0.008,0.150357,17.0164
2148,2171,3.06,20.922,0.058,0.011,0.158707,17.9614
2149,2172,3.07,20.921,0.058,0.011,0.156416,17.7021
2150,2173,3.07,20.921,0.058,-0.002,0.170408,19.2857
2151,2174,3.07,20.92,0.058,-0.013,0.172624,19.5364
2152,2175,3.07,20.921,0.058,-0.004,0.164565,18.6244
2153,2176,3.07,20.921,0.058,-0.014,0.162671,18.4101
2154,2177,3.07,20.921,0.058,-0.006,0.163408,18.4935
2155,2178,3.07,20.921,0.058,0.004,0.157344,17.8072
2156,2179,3.07,20.921,0.058,-0.015,0.157344,17.8072
2157,2180,3.07,20.922,0.058,0.009,0.152831,17.2964
2158,2181,3.07,20.921,0.058,0.008,0.145461,16.4624
2159,2182,3.08,20.921,0.058,-0.001,0.166571,18.8515
2160,2183,3.08,20.922,0.058,0.001,0.150524,17.0353
2161,2184,3.08,20.922,0.058,-0.016,0.169,19.1264
2162,2185,3.08,20.923,0.058,-0.023,0.181209,20.508
2163,2186,3.08,20.923,0.058,-0.014,0.176853,20.015
2164,2187,3.09,20.923,0.058,-0.007,0.179888,20.3585
2165,2188,3.09,20.922,0.058,-0.011,0.158437,17.9308
2166,2189,3.09,20.923,0.058,-0.004,0.143295,16.2172
2167,2190,3.09,20.922,0.058,-0.004,0.142482,16.1252
2168,2191,3.09,20.922,0.058,-0.004,0.163509,18.5048
2169,2192,3.09,20.923,0.058,0.009,0.148492,16.8054
2170,2193,3.09,20.922,0.058,-0.002,0.167718,18.9812
2171,2194,3.1,20.921,0.059,0.004,0.160596,18.1752
2172,2195,3.1,20.922,0.058,-0.014,0.163801,18.5379
2173,2196,3.1,20.922,0.058,-0.019,0.164167,18.5793
2174,2197,3.1,20.921,0.059,-0.018,0.178541,20.2061
2175,2198,3.11,20.922,0.058,-0.019,0.183934,20.8164
2176,2199,3.11,20.921,0.058,0,0.167045,18.905
2177,2200,3.11,20.922,0.058,0.008,0.145204,16.4333
2178,2201,3.11,20.923,0.058,0.013,0.135274,15.3094
2179,2202,3.11,20.922,0.058,-0.002,0.150038,16.9803
2180,2203,3.11,20.921,0.059,0.008,0.16698,18.8977
2181,2204,3.11,20.921,0.058,-0.006,0.163211,18.4712
2182,2205,3.11,20.921,0.058,-0.002,0.168159,19.0311
2183,2206,3.11,20.921,0.059,-0.01,0.170499,19.296
2184,2207,3.12,20.922,0.058,-0.008,0.176162,19.9369
2185,2208,3.12,20.922,0.059,-0.021,0.172529,19.5257
2186,2209,3.12,20.922,0.059,-0.022,0.163556,18.5102
2187,2210,3.12,20.921,0.058,-0.006,0.145276,16.4414
2188,2211,3.12,20.921,0.058,0.014,0.146516,16.5817
2189,2212,3.12,20.921,0.058,0.025,0.162363,18.3752
2190,2213,3.12,20.921,0.059,0.007,0.164326,18.5973
2191,2214,3.12,20.922,0.058,-0.011,0.148585,16.8159
2192,2215,3.13,20.922,0.059,-0.007,0.154494,17.4846
2193,2216,3.13,20.922,0.059,-0.017,0.161009,18.2219
2194,2217,3.13,20.923,0.058,-0.013,0.158306,17.916
2195,2218,3.13,20.922,0.058,-0.02,0.151517,17.1477
2196,2219,3.13,20.921,0.058,-0.011,0.154346,17.4679
2197,2220,3.13,20.921,0.058,-0.004,0.156917,17.7588
2198,2221,3.14,20.921,0.059,0.009,0.169712,19.2069
2199,2222,3.14,20.922,0.059,0.012,0.156107,17.6672
2200,2223,3.14,20.921,0.059,-0.004,0.170514,19.2976
2201,2224,3.14,20.921,0.059,-0.006,0.170296,19.2729
2202,2225,3.14,20.921,0.058,0.003,0.182672,20.6737
2203,2226,3.15,20.923,0.059,0.004,0.168653,19.087
2204,2227,3.15,20.921,0.059,-0.006,0.163519,18.506
2205,2228,3.15,20.922,0.059,-0.004,0.167317,18.9358
2206,2229,3.15,20.922,0.059,-0.002,0.143992,16.296
2207,2230,3.15,20.923,0.059,0.005,0.153627,17.3865
2208,2231,3.15,20.921,0.059,0.008,0.140712,15.9249
2209,2232,3.15,20.92,0.058,-0.015,0.156598,17.7227
2210,2233,3.15,20.922,0.059,0.001,0.151642,17.1618
2211,2234,3.15,20.922,0.059,-0.005,0.160549,18.1699
2212,2235,3.15,20.92,0.058,-0.007,0.171691,19.4309
2213,2236,3.16,20.92,0.059,-0.024,0.161977,18.3314
2214,2237,3.16,20.922,0.057,-0.018,0.171337,19.3908
2215,2238,3.16,20.923,0.058,-0.005,0.156511,17.7128
2216,2239,3.16,20.922,0.059,-0.007,0.161487,18.276
2217,2240,3.16,20.921,0.059,0.01,0.155246,17.5697
2218,2241,3.17,20.922,0.059,0.001,0.163797,18.5374
2219,2242,3.17,20.922,0.058,0.013,0.142541,16.1318
2220,2243,3.17,20.922,0.058,0,0.159072,18.0027
2221,2244,3.17,20.921,0.059,0.009,0.164331,18.5979
2222,2245,3.17,20.921,0.059,-0.005,0.166802,18.8776
2223,2246,3.17,20.922,0.058,-0.014,0.176596,19.986
2224,2247,3.18,20.922,0.059,-0.004,0.171689,19.4306
2225,2248,3.18,20.922,0.059,-0.011,0.162432,18.383
2226,2249,3.18,20.921,0.058,0.004,0.16287,18.4326
2227,2250,3.18,20.921,0.058,-0.005,0.157603,17.8365
2228,2251,3.18,20.922,0.058,-0.003,0.151614,17.1587
2229,2252,3.18,20.922,0.058,-0.007,0.154678,17.5054
2230,2253,3.18,20.922,0.059,0.013,0.163049,18.4528
2231,2254,3.19,20.922,0.059,-0.006,0.155765,17.6285
2232,2255,3.19,20.922,0.059,-0.004,0.170807,19.3308
2233,2256,3.19,20.921,0.059,-0.007,0.172346,19.505
2234,2257,3.19,20.921,0.058,-0.017,0.179855,20.3548
2235,2258,3.19,20.921,0.058,-0.011,0.170294,19.2727
2236,2259,3.19,20.921,0.058,-0.002,0.17201,19.4669
2237,2260,3.19,20.921,0.059,-0.003,0.163735,18.5304
2238,2261,3.2,20.921,0.059,0.002,0.148469,16.8027
2239,2262,3.2,20.921,0.059,0.001,0.135892,15.3794
2240,2263,3.2,20.922,0.058,0,0.16423,18.5865
2241,2264,3.2,20.922,0.059,-0.001,0.164676,18.637
2242,2265,3.2,20.921,0.059,0.005,0.186472,21.1037
2243,2266,3.21,20.921,0.058,-0.013,0.170639,19.3118
2244,2267,3.21,20.922,0.058,-0.014,0.171484,19.4074
2245,2268,3.21,20.921,0.058,-0.015,0.163978,18.558
2246,2269,3.21,20.921,0.058,-0.01,0.159943,18.1013
2247,2270,3.21,20.921,0.058,-0.013,0.158847,17.9773
2248,2271,3.21,20.921,0.058,-0.001,0.150003,16.9763
2249,2272,3.21,20.921,0.058,0.009,0.149514,16.921
2250,2273,3.21,20.922,0.059,0.016,0.163232,18.4735
2251,2274,3.22,20.922,0.059,-0.008,0.166801,18.8774
2252,2275,3.22,20.922,0.059,-0.011,0.170853,19.336
2253,2276,3.22,20.922,0.058,-0.017,0.164627,18.6313
2254,2277,3.22,20.92,0.059,-0.013,0.167391,18.9442
2255,2278,3.22,20.922,0.058,-0.013,0.155995,17.6544
2256,2279,3.22,20.922,0.059,-0.006,0.153263,17.3452
2257,2280,3.22,20.922,0.059,-0.003,0.152029,17.2057
2258,2281,3.22,20.921,0.059,0,0.155518,17.6004
2259,2282,3.23,20.921,0.059,0.001,0.141817,16.0499
2260,2283,3.23,20.922,0.059,0.009,0.142258,16.0998
2261,2284,3.23,20.921,0.059,-0.003,0.150489,17.0313
2262,2285,3.23,20.921,0.059,-0.005,0.160768,18.1946
2263,2286,3.23,20.921,0.058,-0.011,0.170564,19.3033
2264,2287,3.23,20.921,0.058,-0.015,0.182112,20.6102
2265,2288,3.23,20.923,0.059,-0.01,0.173093,19.5895
2266,2289,3.23,20.922,0.059,-0.004,0.157594,17.8354
2267,2290,3.24,20.922,0.059,0.007,0.158815,17.9736
2268,2291,3.24,20.921,0.059,0.008,0.159436,18.0439
2269,2292,3.24,20.921,0.058,0,0.146944,16.6301
2270,2293,3.24,20.922,0.059,0.012,0.156612,17.7243
2271,2294,3.25,20.922,0.059,0.014,0.165507,18.731
2272,2295,3.25,20.921,0.059,0.007,0.166868,18.885
2273,2296,3.25,20.921,0.058,-0.004,0.166292,18.8199
2274,2297,3.25,20.922,0.059,-0.009,0.173995,19.6916
2275,2298,3.25,20.921,0.059,-0.013,0.165435,18.7228
2276,2299,3.25,20.92,0.059,-0.01,0.16751,18.9576
2277,2300,3.26,20.92,0.059,0.009,0.155976,17.6524
2278,2301,3.26,20.92,0.06,0.011,0.143587,16.2502
2279,2302,3.26,20.919,0.06,0.008,0.146595,16.5906
2280,2303,3.26,20.919,0.059,0.013,0.142898,16.1723
2281,2304,3.26,20.921,0.059,-0.003,0.150973,17.0862
2282,2305,3.26,20.922,0.059,-0.011,0.152495,17.2584
2283,2306,3.26,20.922,0.059,-0.007,0.162999,18.4471
2284,2307,3.26,20.921,0.059,-0.005,0.169523,19.1855
2285,2308,3.26,20.921,0.058,-0.017,0.179016,20.2599
2286,2309,3.26,20.922,0.059,-0.01,0.170002,19.2397
2287,2310,3.26,20.922,0.06,-0.006,0.156542,17.7164
2288,2311,3.27,20.921,0.059,-0.003,0.163778,18.5353
2289,2312,3.27,20.922,0.059,0.012,0.150922,17.0803
2290,2313,3.27,20.922,0.059,0.011,0.155718,17.6231
2291,2314,3.27,20.921,0.059,0.009,0.166688,18.8647
2292,2315,3.28,20.922,0.06,0.008,0.183052,20.7166
2293,2316,3.28,20.921,0.06,0.008,0.183254,20.7395
2294,2317,3.28,20.921,0.059,0,0.177672,20.1077
2295,2318,3.28,20.92,0.059,-0.013,0.167425,18.948
2296,2319,3.28,20.921,0.059,-0.017,0.149257,16.8919
2297,2320,3.28,20.921,0.059,-0.005,0.146606,16.5919
2298,2321,3.28,20.92,0.059,0.001,0.134248,15.1933
2299,2322,3.28,20.921,0.058,0.002,0.144672,16.3731
2300,2323,3.28,20.92,0.059,0.016,0.152695,17.2811
2301,2324,3.29,20.92,0.059,0.008,0.155712,17.6224
2302,2325,3.29,20.92,0.059,-0.007,0.178216,20.1694
2303,2326,3.29,20.921,0.059,-0.02,0.18334,20.7492
2304,2327,3.29,20.921,0.059,-0.024,0.171402,19.3981
2305,2328,3.3,20.921,0.059,-0.018,0.171166,19.3715
2306,2329,3.3,20.921,0.059,-0.01,0.156257,17.6842
2307,2330,3.3,20.922,0.06,0.008,0.162201,18.3569
2308,2331,3.3,20.921,0.059,0.007,0.138299,15.6517
2309,2332,3.3,20.921,0.059,0.018,0.142717,16.1518
2310,2333,3.3,20.922,0.06,0.014,0.153806,17.4068
2311,2334,3.3,20.921,0.059,0.006,0.172707,19.5459
2312,2335,3.31,20.921,0.059,0.009,0.161245,18.2487
2313,2336,3.31,20.92,0.058,-0.009,0.170751,19.3245
2314,2337,3.31,20.92,0.059,-0.019,0.181383,20.5277
2315,2338,3.31,20.921,0.059,-0.005,0.169858,19.2234
2316,2339,3.31,20.92,0.059,-0.006,0.152646,17.2755
2317,2340,3.31,20.92,0.059,0.007,0.147721,16.7181
2318,2341,3.31,20.92,0.059,-0.003,0.137781,15.5931
2319,2342,3.32,20.921,0.059,0.019,0.130254,14.7413
2320,2343,3.32,20.921,0.059,0.008,0.13499,15.2773
2321,2344,3.32,20.922,0.059,0.001,0.153949,17.4229
2322,2345,3.32,20.922,0.059,-0.01,0.173028,19.5822
2323,2346,3.32,20.921,0.058,-0.005,0.177561,20.0951
2324,2347,3.33,20.922,0.058,-0.01,0.166869,18.8851
2325,2348,3.33,20.921,0.059,-0.013,0.160887,18.2082
2326,2349,3.33,20.92,0.059,-0.01,0.14909,16.873
2327,2350,3.33,20.921,0.059,0.013,0.151561,17.1527
2328,2351,3.33,20.92,0.059,0.008,0.144999,16.41
2329,2352,3.33,20.921,0.059,0.021,0.146464,16.5759
2330,2353,3.33,20.921,0.059,0.029,0.146631,16.5947
2331,2354,3.33,20.921,0.059,0.018,0.149771,16.9501
2332,2355,3.34,20.922,0.06,0.001,0.160614,18.1772
2333,2356,3.34,20.921,0.06,-0.008,0.18314,20.7265
2334,2357,3.34,20.92,0.059,-0.016,0.158202,17.9043
2335,2358,3.34,20.921,0.059,-0.009,0.15982,18.0873
2336,2359,3.34,20.922,0.059,-0.009,0.142304,16.105
2337,2360,3.34,20.922,0.059,0.011,0.148466,16.8024
2338,2361,3.34,20.921,0.059,0.008,0.145446,16.4606
2339,2362,3.35,20.921,0.059,0.015,0.13838,15.6609
2340,2363,3.35,20.921,0.059,0.011,0.168748,19.0978
2341,2364,3.35,20.921,0.059,0.014,0.160721,18.1894
2342,2365,3.35,20.921,0.059,0.01,0.152061,17.2093
2343,2366,3.35,20.921,0.059,-0.005,0.172818,19.5584
2344,2367,3.35,20.921,0.059,-0.022,0.183579,20.7762
2345,2368,3.36,20.921,0.059,-0.004,0.156278,17.6865
2346,2369,3.36,20.922,0.059,-0.005,0.158707,17.9614
2347,2370,3.36,20.922,0.059,0.011,0.163943,18.554
2348,2371,3.36,20.922,0.059,0.008,0.144727,16.3792
2349,2372,3.36,20.922,0.058,0.01,0.161498,18.2773
2350,2373,3.37,20.921,0.059,0.017,0.139516,15.7895
2351,2374,3.37,20.922,0.059,-0.008,0.167132,18.9149
2352,2375,3.37,20.921,0.059,-0.003,0.178108,20.157
2353,2376,3.37,20.922,0.059,0.004,0.174667,19.7676
2354,2377,3.38,20.922,0.06,-0.009,0.16862,19.0833
2355,2378,3.38,20.92,0.059,-0.024,0.158874,17.9803
2356,2379,3.38,20.921,0.059,-0.004,0.18008,20.3803
2357,2380,3.38,20.922,0.058,0,0.167955,19.008
2358,2381,3.38,20.921,0.059,0.003,0.164551,18.6228
2359,2382,3.38,20.92,0.059,0.018,0.130118,14.7259
2360,2383,3.38,20.92,0.059,0,0.158043,17.8862
2361,2384,3.38,20.921,0.06,0.013,0.169737,19.2097
2362,2385,3.38,20.922,0.058,-0.007,0.174157,19.7099
2363,2386,3.38,20.921,0.059,-0.015,0.169484,19.1811
2364,2387,3.38,20.921,0.059,-0.014,0.179713,20.3387
2365,2388,3.39,20.921,0.058,-0.014,0.169901,19.2283
2366,2389,3.39,20.922,0.059,-0.005,0.148916,16.8533
2367,2390,3.39,20.922,0.059,-0.019,0.144661,16.3718
2368,2391,3.39,20.921,0.059,-0.007,0.158891,17.9823
2369,2392,3.39,20.921,0.059,-0.013,0.146809,16.6149
2370,2393,3.39,20.923,0.059,0.024,0.146188,16.5446
2371,2394,3.4,20.922,0.059,0.006,0.142762,16.1569
2372,2395,3.4,20.92,0.059,-0.005,0.148728,16.8321
2373,2396,3.4,20.92,0.059,-0.013,0.165282,18.7055
2374,2397,3.4,20.921,0.059,-0.007,0.179018,20.2601
2375,2398,3.4,20.921,0.059,-0.015,0.165531,18.7337
2376,2399,3.4,20.92,0.059,-0.008,0.189615,21.4594
2377,2400,3.41,20.921,0.059,0.006,0.18158,20.55
2378,2401,3.41,20.922,0.06,0.005,0.151834,17.1835
2379,2402,3.41,20.922,0.06,-0.004,0.14397,16.2935
2380,2403,3.41,20.922,0.06,0.006,0.140888,15.9448
2381,2404,3.41,20.922,0.06,0.004,0.141141,15.9734
2382,2405,3.41,20.922,0.06,0.009,0.155238,17.5688
2383,2406,3.41,20.922,0.059,0.008,0.165009,18.6746
2384,2407,3.41,20.921,0.06,-0.004,0.163108,18.4595
2385,2408,3.42,20.921,0.06,-0.02,0.165904,18.776
2386,2409,3.42,20.921,0.06,-0.012,0.176773,20.006
2387,2410,3.42,20.922,0.059,-0.028,0.176741,20.0024
2388,2411,3.42,20.921,0.059,-0.017,0.164183,18.5811
2389,2412,3.42,20.92,0.059,0.002,0.153016,17.3173
2390,2413,3.42,20.922,0.06,0.005,0.148302,16.7838
2391,2414,3.43,20.923,0.06,0.015,0.132568,15.0032
2392,2415,3.43,20.921,0.058,0.015,0.154635,17.5006
2393,2416,3.43,20.921,0.058,0.005,0.144183,16.3177
2394,2417,3.43,20.921,0.058,-0.007,0.181498,20.5407
2395,2418,3.43,20.922,0.059,0,0.185157,20.9549
2396,2419,3.43,20.921,0.059,-0.007,0.171076,19.3612
2397,2420,3.43,20.921,0.059,-0.01,0.151268,17.1195
2398,2421,3.43,20.92,0.059,-0.015,0.161428,18.2694
2399,2422,3.44,20.921,0.058,-0.005,0.160257,18.1368
2400,2423,3.44,20.921,0.058,0.009,0.150458,17.0278
2401,2424,3.44,20.921,0.059,0.015,0.162603,18.4023
2402,2425,3.44,20.92,0.059,0.023,0.163261,18.4767
2403,2426,3.45,20.922,0.059,0.006,0.172476,19.5197
2404,2427,3.52,20.921,0.059,0.014,0.169427,19.1746
2405,2428,3.45,20.921,0.059,-0.021,0.180277,20.4026
2406,2429,3.44,20.92,0.059,-0.022,0.177123,20.0456
2407,2430,3.44,20.921,0.059,-0.014,0.152697,17.2812
2408,2431,3.44,20.922,0.059,0.006,0.154809,17.5203
2409,2432,3.44,20.922,0.059,-0.001,0.142274,16.1017
2410,2433,3.44,20.921,0.059,-0.001,0.152254,17.2311
2411,2434,3.44,20.921,0.059,0.006,0.151315,17.1249
2412,2435,3.45,20.921,0.058,-0.003,0.16628,18.8184
2413,2436,3.45,20.921,0.059,0.002,0.170575,19.3046
2414,2437,3.45,20.92,0.059,-0.009,0.156452,17.7062
2415,2438,3.45,20.92,0.059,-0.009,0.147892,16.7374
2416,2439,3.44,20.921,0.059,-0.019,0.172447,19.5164
2417,2440,3.44,20.921,0.059,-0.016,0.154793,17.5185
2418,2441,3.44,20.921,0.059,0,0.167405,18.9458
2419,2442,3.44,20.922,0.059,0,0.168035,19.0171
2420,2443,3.44,20.922,0.059,0.016,0.163019,18.4494
2421,2444,3.44,20.921,0.059,0.011,0.158663,17.9564
2422,2445,3.44,20.92,0.059,0.007,0.15352,17.3744
2423,2446,3.44,20.921,0.059,-0.005,0.170925,19.3442
2424,2447,3.44,20.921,0.06,-0.007,0.18562,21.0073
2425,2448,3.44,20.921,0.061,-0.003,0.170374,19.2818
2426,2449,3.44,20.922,0.06,-0.001,0.177009,20.0327
2427,2450,3.44,20.923,0.061,-0.017,0.154625,17.4994
2428,2451,3.44,20.922,0.061,0.003,0.14706,16.6433
2429,2452,3.44,20.921,0.06,-0.006,0.133874,15.151
2430,2453,3.44,20.92,0.06,-0.006,0.132875,15.038
2431,2454,3.44,20.92,0.06,0.002,0.127716,14.454
2432,2455,3.44,20.92,0.059,0.003,0.13223,14.9649
2433,2456,3.44,20.921,0.059,0.005,0.135808,15.3699
2434,2457,3.44,20.921,0.058,-0.003,0.133742,15.1361
2435,2458,3.44,20.92,0.058,-0.019,0.144903,16.3991
2436,2459,3.44,20.92,0.058,-0.014,0.13886,15.7152
2437,2460,3.44,20.922,0.056,-0.02,0.137526,15.5643
2438,2461,3.44,20.922,0.056,-0.007,0.122298,13.8408
2439,2462,3.44,20.924,0.055,0.001,0.109948,12.4432
2440,2463,3.44,20.924,0.055,0.009,0.112999,12.7885
2441,2464,3.44,20.925,0.055,0.01,0.10117,11.4498
2442,2465,3.44,20.925,0.055,0.012,0.104208,11.7936
2443,2466,3.44,20.926,0.054,0.008,0.119231,13.4938
2444,2467,3.44,20.926,0.054,0,0.122085,13.8168
2445,2468,3.45,20.927,0.054,-0.005,0.131169,14.8449
2446,2469,3.45,20.928,0.053,-0.01,0.131812,14.9176
2447,2470,3.45,20.927,0.054,-0.001,0.118982,13.4656
2448,2471,3.45,20.927,0.053,-0.006,0.103653,11.7308
2449,2472,3.45,20.928,0.053,-0.002,0.09111,10.3112
2450,2473,3.45,20.93,0.052,0.011,0.0874479,9.8968
2451,2474,3.45,20.93,0.052,0.009,0.0862021,9.7558
2452,2475,3.45,20.93,0.052,0.015,0.103851,11.7532
2453,2476,3.45,20.931,0.052,0.012,0.107155,12.1271
2454,2477,3.45,20.931,0.052,-0.003,0.116843,13.2236
2455,2478,3.45,20.931,0.052,-0.009,0.114831,12.9958
2456,2479,3.45,20.932,0.051,-0.017,0.115476,13.0688
2457,2480,3.45,20.932,0.051,-0.017,0.133187,15.0733
2458,2481,3.45,20.932,0.051,-0.006,0.122163,13.8256
2459,2482,3.45,20.932,0.051,0.002,0.105008,11.8842
2460,2483,3.45,20.933,0.051,0.021,0.0892517,10.1009
2461,2484,3.45,20.932,0.051,0.014,0.0948619,10.7358
2462,2485,3.45,20.934,0.051,0.015,0.0988482,11.187
2463,2486,3.45,20.934,0.051,-0.002,0.106243,12.0239
2464,2487,3.45,20.934,0.051,-0.005,0.114762,12.988
2465,2488,3.45,20.934,0.051,-0.014,0.116556,13.1911
2466,2489,3.45,20.934,0.051,-0.007,0.118831,13.4485
2467,2490,3.45,20.933,0.051,-0.009,0.100322,11.3538
2468,2491,3.45,20.933,0.051,-0.024,0.0945617,10.7019
2469,2492,3.45,20.933,0.05,-0.013,0.0988542,11.1877
2470,2493,3.45,20.933,0.051,-0.001,0.0970524,10.9838
2471,2494,3.45,20.934,0.05,0.013,0.0756003,8.5559
2472,2495,3.45,20.934,0.05,0.008,0.0949943,10.7508
2473,2496,3.45,20.934,0.05,0.009,0.0817607,9.2531
2474,2497,3.45,20.933,0.051,-0.002,0.100035,11.3213
2475,2498,3.45,20.934,0.051,-0.009,0.11195,12.6698
2476,2499,3.45,20.934,0.051,-0.018,0.106599,12.0641
2477,2500,3.45,20.935,0.051,-0.018,0.113444,12.8388
2478,2501,3.45,20.935,0.051,0.002,0.1019,11.5323
2479,2502,3.45,20.934,0.051,0.008,0.0969042,10.967
2480,2503,3.45,20.934,0.05,0.002,0.0963902,10.9088
2481,2504,3.45,20.934,0.05,0.005,0.105145,11.8996
2482,2505,3.45,20.934,0.05,0.021,0.0959676,10.861
2483,2506,3.45,20.935,0.051,0.007,0.0901432,10.2018
2484,2507,3.45,20.934,0.05,0.015,0.0953636,10.7926
2485,2508,3.45,20.935,0.051,0.002,0.097077,10.9865
2486,2509,3.45,20.934,0.05,-0.012,0.110263,12.4788
2487,2510,3.45,20.935,0.051,-0.007,0.103151,11.674
2488,2511,3.45,20.935,0.051,-0.011,0.0984998,11.1476
2489,2512,3.45,20.934,0.05,0.003,0.0958976,10.8531
2490,2513,3.45,20.934,0.05,0.006,0.0946248,10.709
2491,2514,3.45,20.934,0.049,0.006,0.0973523,11.0177
2492,2515,3.45,20.934,0.05,-0.006,0.0854935,9.6756
2493,2516,3.44,20.935,0.05,0.003,0.0930765,10.5338
2494,2517,3.44,20.935,0.05,0.013,0.10213,11.5584
2495,2518,3.44,20.934,0.05,0.006,0.115355,13.0552
2496,2519,3.44,20.934,0.05,0.003,0.121241,13.7212
2497,2520,3.44,20.935,0.05,-0.009,0.107264,12.1394
2498,2521,3.44,20.935,0.049,-0.006,0.105534,11.9436
2499,2522,3.45,20.935,0.05,-0.003,0.1017,11.5098
2500,2523,3.45,20.936,0.05,0.002,0.0908443,10.2812
2501,2524,3.45,20.935,0.05,0.009,0.107297,12.1432
2502,2525,3.45,20.934,0.05,0.005,0.0995393,11.2652
2503,2526,3.45,20.934,0.049,0.014,0.100926,11.4222
2504,2527,3.45,20.935,0.049,0.002,0.101665,11.5058
2505,2528,3.45,20.936,0.05,0.003,0.088784,10.048
2506,2529,3.45,20.934,0.049,-0.014,0.100389,11.3614
2507,2530,3.45,20.935,0.05,-0.022,0.104811,11.8618
2508,2531,3.45,20.935,0.05,-0.014,0.0907567,10.2712
2509,2532,3.45,20.936,0.05,-0.011,0.0887079,10.0394
2510,2533,3.45,20.936,0.05,-0.003,0.0863221,9.7694
2511,2534,3.45,20.935,0.049,0.005,0.0852344,9.6463
2512,2535,3.45,20.936,0.049,-0.006,0.0723285,8.1857
2513,2536,3.45,20.935,0.049,0.006,0.104528,11.8298
2514,2537,3.45,20.934,0.05,0.008,0.102577,11.6089
2515,2538,3.45,20.933,0.05,-0.005,0.113685,12.8661
2516,2539,3.45,20.935,0.05,0.003,0.11367,12.8644
2517,2540,3.45,20.936,0.05,0.001,0.102568,11.6079
2518,2541,3.45,20.935,0.05,-0.004,0.102772,11.631
2519,2542,3.45,20.935,0.049,0.004,0.107101,12.121
2520,2543,3.45,20.936,0.049,0.001,0.0966873,10.9424
2521,2544,3.45,20.937,0.049,0.008,0.0919956,10.4115
2522,2545,3.45,20.936,0.049,0.013,0.0807707,9.1411
2523,2546,3.45,20.935,0.049,0.02,0.104077,11.7787
2524,2547,3.45,20.936,0.05,-0.003,0.102213,11.5678
2525,2548,3.45,20.935,0.05,-0.004,0.100822,11.4104
2526,2549,3.45,20.935,0.05,-0.013,0.0983816,11.1342
2527,2550,3.45,20.935,0.049,-0.016,0.112743,12.7595
2528,2551,3.45,20.935,0.05,-0.017,0.120381,13.6239
2529,2552,3.45,20.938,0.049,-0.014,0.100275,11.3485
2530,2553,3.45,20.937,0.049,-0.006,0.0946377,10.7105
2531,2554,3.45,20.935,0.049,-0.001,0.0877211,9.9277
2532,2555,3.45,20.936,0.049,0.002,0.0897705,10.1596
2533,2556,3.45,20.936,0.048,0.009,0.0844637,9.559
2534,2557,3.45,20.937,0.049,-0.007,0.0789939,8.94
2535,2558,3.45,20.936,0.049,-0.001,0.0999995,11.3173
2536,2559,3.45,20.935,0.049,-0.006,0.0965287,10.9245
2537,2560,3.45,20.936,0.05,-0.004,0.103045,11.6619
2538,2561,3.45,20.936,0.05,-0.02,0.11468,12.9787
2539,2562,3.45,20.936,0.049,-0.03,0.0950961,10.7623
2540,2563,3.45,20.937,0.049,-0.01,0.0840808,9.5157
2541,2564,3.45,20.937,0.049,0,0.0953005,10.7855
2542,2565,3.45,20.936,0.049,0.008,0.0793206,8.977
2543,2566,3.45,20.936,0.049,0.005,0.075336,8.526
2544,2567,3.45,20.936,0.05,0.005,0.106428,12.0448
2545,2568,3.45,20.937,0.05,0.014,0.112201,12.6982
2546,2569,3.45,20.936,0.05,-0.005,0.096954,10.9726
2547,2570,3.45,20.936,0.049,-0.002,0.105863,11.9809
2548,2571,3.45,20.936,0.05,-0.008,0.109063,12.3431
2549,2572,3.45,20.936,0.049,-0.019,0.0954524,10.8027
2550,2573,3.45,20.936,0.049,0.004,0.0801452,9.0703
2551,2574,3.45,20.935,0.049,0.01,0.0827767,9.3681
2552,2575,3.45,20.936,0.049,0.003,0.0706432,7.9949
2553,2576,3.45,20.935,0.049,0.015,0.0685931,7.7629
2554,2577,3.45,20.936,0.049,0.013,0.0862979,9.7666
2555,2578,3.45,20.937,0.049,-0.013,0.111992,12.6745
2556,2579,3.45,20.936,0.049,-0.011,0.115015,13.0167
2557,2580,3.45,20.935,0.049,-0.001,0.112606,12.744
2558,2581,3.45,20.936,0.049,-0.01,0.115139,13.0307
2559,2582,3.45,20.936,0.049,-0.013,0.0978395,11.0728
2560,2583,3.45,20.936,0.049,-0.007,0.0915061,10.3561
2561,2584,3.45,20.937,0.049,0.009,0.0769974,8.7141
2562,2585,3.45,20.937,0.049,0.011,0.0833644,9.4346
2563,2586,3.45,20.936,0.049,0.018,0.0897964,10.1626
2564,2587,3.45,20.937,0.05,0.024,0.0704535,7.9735
2565,2588,3.44,20.936,0.05,0.008,0.10029,11.3501
2566,2589,3.44,20.936,0.05,-0.018,0.104523,11.8292
2567,2590,3.44,20.936,0.049,-0.014,0.113712,12.8692
2568,2591,3.44,20.935,0.049,-0.013,0.108208,12.2462
2569,2592,3.44,20.935,0.049,-0.016,0.0939197,10.6292
2570,2593,3.44,20.935,0.049,-0.007,0.100851,11.4137
2571,2594,3.44,20.937,0.049,0.002,0.0886644,10.0344
2572,2595,3.44,20.936,0.049,0.012,0.0949235,10.7428
2573,2596,3.44,20.937,0.049,0.012,0.0941602,10.6564
2574,2597,3.45,20.936,0.05,0.005,0.0989707,11.2008
2575,2598,3.45,20.936,0.049,0.022,0.110158,12.467
2576,2599,3.45,20.936,0.049,-0.009,0.123182,13.9409
2577,2600,3.45,20.937,0.048,-0.011,0.11757,13.3058
2578,2601,3.45,20.936,0.049,-0.022,0.104515,11.8283
2579,2602,3.45,20.937,0.048,-0.018,0.114696,12.9806
2580,2603,3.45,20.937,0.049,-0.003,0.0862132,9.757
2581,2604,3.45,20.937,0.05,-0.005,0.0882114,9.9832
2582,2605,3.45,20.936,0.049,0.008,0.0831469,9.41
2583,2606,3.45,20.935,0.048,0.001,0.0908311,10.2797
2584,2607,3.45,20.936,0.048,0.002,0.099518,11.2628
