General information;;time (s);O2;CO2;CO;Pdiff;Light;Mass;Methane;AmbP;AmbH;HFM;TC stack;TC smoke;TC amb.;TC cone;T PK;Soot;TC cone1;TC cone2;TC cone3;TC aux;CH4;CO;CO2;Ethene;H2O;n.u.;n.u.;UOX Bin;n.u.;UOX Hum.;UOX Temp;n.u.;TEext1;TEext2;TEext3;TEext4;TEext5;TEext6;TEext7;TEext8;TEext9;TEext10;TEext11;TEext12;TEext13;TEext14;TEext15;n.u.;n.u.;n.u.;n.u.;n.u.;n.u.;n.u.;n.u.;n.u.;n.u.;n.u.;n.u.;n.u.;n.u.;n.u.;n.u.;n.u.;HRR/a;EHC;SEA;MLR;MLR/a;COY;CO2Y/sh;THR/a;MFR;K;Vstack;Vsmoke;SPR;RSR;TSP;TSR;COP;CO2P;O2C;TOC;ARHE;Mass;HRR;O2/sh;CO2/sh;CO/sh;phi;FU27;FU28;FU29;FU30;FU31;
;;;%;%;%;Pa;-;g;g/s;Pa;%;kW/m²;°C;°C;°C;°C;°C;g/min;°C;°C;°C;°C;ppm;ppm;%;ppm;ppm;no;no;;no;%;°C;no;°C;°C;°C;°C;°C;°C;°C;°C;°C;°C;°C;°C;°C;°C;°C;no;no;no;no;no;no;no;no;no;no;no;no;no;no;no;no;no;kW/m²;MJ/kg;m²/kg;g/s;g/(s*m²);[kg/kg];[kg/kg];MJ/m²;g/s;1/m;l/s;l/s;m²/s;(m²/s)/m²;m²;m²;g/s;g/s;g/s;g;kW/m²;g;kW;[%];[%];%;;;;;;;
Test;;0;20,96100;0,05000;0,026000;127,775;100,11;0,0000;0,000;100,074;43,300;0,005;304,150;302,250;25,70;325,950;263,164;0,000;49,100;55,200;54,100;301,950;;;;;0,00;0,00;0,00;3,00;2,50;15,471;25,966;0,58;0,57;999998,00;999998,00;999998,00;999998,00;999998,00;999998,00;999998,00;999998,00;999998,00;999998,00;999998,00;999998,00;999998,00;999998,00;999998,00;;;;;;;;;;;;;;;;;0,0000;0,00000;0,0000;0,00000000;0,00000000;0,00175;-Infinity;0,0000;27,870675;-0,000357;24,001345;23,851410;-0,0001;-0,0085;0,00;0,00;0,00;0,00;-0,08;;;;0,0000000;20,96200;0,04900;0,01500;-0,0003139;;38,13;0,00;;;
Standard used;ISO 5660-1;1;20,96200;0,04900;0,021000;124,600;100,12;0,0000;0,000;100,074;43,300;0,005;304,150;302,250;25,70;325,950;263,164;0,000;49,100;55,200;54,100;301,950;;;;;0,00;0,00;0,00;3,00;2,51;15,469;25,984;0,58;0,57;999998,00;999998,00;999998,00;999998,00;999998,00;999998,00;999998,00;999998,00;999998,00;999998,00;999998,00;999998,00;999998,00;999998,00;999998,00;;;;;;;;;;;;;;;;;0,0000;0,00000;0,0000;0,00000000;0,00000000;0,00125;-Infinity;0,0000;27,522226;-0,000430;23,701272;23,553212;-0,0001;-0,0100;0,00;0,00;0,00;0,00;-0,01;;0,000;0,000;0,0000000;20,96000;0,05000;0,01300;-0,0001805;;38,13;1,00;;;
Date of test;27.08.2026;2;20,96300;0,04700;-0,008000;127,800;100,12;0,0000;0,000;100,076;43,300;0,005;304,150;302,250;25,70;325,950;263,164;0,000;49,100;55,200;54,100;301,950;;;;;0,00;0,00;0,00;3,00;2,51;15,454;25,931;0,58;0,57;999998,00;999998,00;999998,00;999998,00;999998,00;999998,00;999998,00;999998,00;999998,00;999998,00;999998,00;999998,00;999998,00;999998,00;999998,00;;;;;;;;;;;;;;;;;0,0000;0,00000;0,0000;6,51333300;6,51333300;-0,00095;0,00004;0,0000;27,873402;-0,000416;24,003693;23,853744;-0,0001;-0,0098;0,00;0,00;0,00;0,00;0,02;;0,000;0,000;0,0000000;20,95900;0,05100;0,00400;-0,0000188;;38,13;2,00;;;
Time of test;10:19;3;20,96200;0,05100;0,016000;130,775;100,13;0,0000;0,000;100,074;43,300;0,005;304,150;302,250;25,70;325,917;263,170;0,000;49,000;55,200;54,100;301,950;;;;;0,00;0,00;0,00;3,00;2,51;15,477;25,968;0,58;0,57;999998,00;999998,00;999998,00;999998,00;999998,00;999998,00;999998,00;999998,00;999998,00;999998,00;999998,00;999998,00;999998,00;999998,00;999998,00;;;;;;;;;;;;;;;;;0,0000;0,00000;0,0000;-6,35999552;-6,35999552;-0,00096;-0,00018;0,0000;28,195962;-0,000576;24,281472;24,129787;-0,0001;-0,0138;0,00;0,00;0,00;0,00;0,02;;0,000;0,000;0,0000000;20,95900;0,05300;0,00400;-0,0000442;;38,13;3,00;;;
Heat flux (kW/m²);75;4;20,96000;0,05000;0,007000;127,500;100,11;78,1600;0,000;100,074;43,300;0,005;304,150;302,250;25,70;325,917;263,170;0,000;49,000;55,200;54,100;301,950;;;;;0,00;0,00;0,00;3,00;2,51;15,484;25,966;0,58;0,57;999998,00;999998,00;999998,00;999998,00;999998,00;999998,00;999998,00;999998,00;999998,00;999998,00;999998,00;999998,00;999998,00;999998,00;999998,00;;;;;;;;;;;;;;;;;2,5691;0,00000;0,0000;-229,60667928;-229,60667928;-0,00316;-0,00001;0,0026;27,840667;-0,000354;23,975503;23,825730;-0,0001;-0,0084;0,00;0,00;0,00;0,00;0,16;;0,321;0,000;0,0227004;20,95500;0,05600;-0,00500;0,0002733;;116,29;4,00;;;
Nominal duct flow rate (l/s);24,0;5;20,96200;0,04900;-0,021000;125,150;100,12;548,9600;0,000;100,068;43,300;0,005;304,150;302,250;25,70;325,850;263,170;0,000;49,000;55,100;54,000;301,950;;;;;0,00;0,00;0,00;3,00;2,51;15,479;25,952;0,58;0,57;999998,00;999998,00;999998,00;999998,00;999998,00;999998,00;999998,00;999998,00;999998,00;999998,00;999998,00;999998,00;999998,00;999998,00;999998,00;;;;;;;;;;;;;;;;;5,7704;0,00000;0,0000;-902,46001689;-902,46001689;-0,00678;0,00000;0,0083;27,582904;-0,000427;23,753525;23,605139;-0,0001;-0,0100;0,00;0,00;-0,01;0,00;0,26;;1,091;1,154;0,0509875;20,95200;0,05800;-0,02000;0,0006188;;587,09;5,00;;;
Sampling interval (s);1;6;20,96200;0,04900;0,006000;123,325;100,13;1636,4000;0,000;100,074;43,300;0,005;304,150;302,250;25,70;325,850;263,170;0,000;49,000;55,100;54,000;301,950;;;;;0,00;0,00;0,00;3,00;2,51;15,418;25,944;0,58;0,57;999998,00;999998,00;999998,00;999998,00;999998,00;999998,00;999998,00;999998,00;999998,00;999998,00;999998,00;999998,00;999998,00;999998,00;999998,00;;;;;;;;;;;;;;;;;4,7831;0,00000;0,0000;-595,10999235;-595,10999235;-0,00045;-0,00001;0,0131;27,381050;-0,000535;23,579695;23,432395;-0,0001;-0,0125;0,00;0,00;0,00;0,00;0,40;;1,789;1,154;0,0422639;20,94800;0,05900;0,00600;0,0005187;;1674,53;6,00;;;
Separation (mm);25;7;20,95900;0,05000;0,003000;125,550;100,13;1636,4000;0,000;100,074;43,300;0,005;304,150;302,350;25,70;325,817;263,170;0,000;48,900;55,100;54,000;301,950;;;;;0,00;0,00;0,00;3,00;2,51;15,507;25,947;0,58;0,58;999998,00;999998,00;999998,00;999998,00;999998,00;999998,00;999998,00;999998,00;999998,00;999998,00;999998,00;999998,00;999998,00;999998,00;999998,00;;;;;;;;;;;;;;;;;3,6108;0,00000;0,0000;90,65161641;90,65161641;0,00247;0,00005;0,0167;27,626948;-0,000522;23,791455;23,650654;-0,0001;-0,0123;0,00;0,00;0,00;0,00;0,44;;2,133;2,165;0,0319046;20,94700;0,06200;0,01800;0,0003892;;1674,53;7,00;;;
Orientation;hor;8;20,95900;0,05000;0,021000;126,475;100,13;1636,3601;0,000;100,072;43,300;0,005;304,250;302,450;25,70;325,783;263,170;0,000;48,800;55,100;54,000;301,950;;;;;0,00;0,00;0,00;3,00;2,52;15,433;25,976;0,58;0,58;999998,00;999998,00;999998,00;999998,00;999998,00;999998,00;999998,00;999998,00;999998,00;999998,00;999998,00;999998,00;999998,00;999998,00;999998,00;;;;;;;;;;;;;;;;;4,9902;0,00000;0,0000;0,92745972;0,92745972;0,00199;0,00534;0,0217;27,723976;-0,000510;23,882862;23,741567;-0,0001;-0,0120;0,00;0,00;0,00;0,00;0,51;;2,404;2,165;0,0440936;20,94500;0,06200;0,01600;0,0005353;;1674,49;8,00;;;
Edge frame?;N;9;20,95900;0,04900;0,032000;130,150;100,13;1636,4601;0,000;100,068;43,300;0,005;304,250;302,450;25,70;325,783;263,170;0,000;48,800;55,100;54,000;301,950;;;;;0,00;0,00;0,00;3,00;2,52;15,469;25,966;0,58;0,58;999998,00;999998,00;999998,00;999998,00;999998,00;999998,00;999998,00;999998,00;999998,00;999998,00;999998,00;999998,00;999998,00;999998,00;999998,00;;;;;;;;;;;;;;;;;4,7006;0,00000;0,0000;-7,76576742;-7,76576742;0,00252;-0,00070;0,0264;28,123881;-0,000583;24,227361;24,084027;-0,0001;-0,0140;0,00;0,00;0,00;0,01;0,52;;2,675;2,607;0,0415346;20,94500;0,06300;0,01800;0,0004973;;1674,59;9,00;;;
Grid?;N;10;20,96000;0,04900;0,026000;131,850;100,13;1648,0100;0,000;100,072;43,300;0,005;304,250;302,550;25,70;325,717;263,170;0,000;48,700;55,000;54,000;301,950;;;;;0,00;0,00;0,00;3,00;2,52;15,463;25,955;0,58;0,58;999998,00;999998,00;999998,00;999998,00;999998,00;999998,00;999998,00;999998,00;999998,00;999998,00;999998,00;999998,00;999998,00;999998,00;999998,00;;;;;;;;;;;;;;;;;3,5730;0,00000;0,0000;0,03752645;0,03752645;0,00728;0,14624;0,0300;28,306960;-0,000587;24,385074;24,248822;-0,0001;-0,0141;0,00;0,00;0,01;0,01;0,59;;2,821;2,607;0,0315712;20,94300;0,06300;0,03700;0,0003776;;1686,14;10,00;;;
Non-scrubbed?;;11;20,96100;0,05000;0,015000;125,525;100,14;1636,4100;0,000;100,074;43,300;0,005;304,350;302,650;25,70;325,683;263,170;0,000;48,700;55,000;53,900;301,950;;;;;0,00;0,00;0,00;3,00;2,52;15,467;25,944;0,58;0,58;999998,00;999998,00;999998,00;999998,00;999998,00;999998,00;999998,00;999998,00;999998,00;999998,00;999998,00;999998,00;999998,00;999998,00;999998,00;;;;;;;;;;;;;;;;;4,2279;0,00000;0,0000;7,72914632;7,72914632;0,00466;0,00064;0,0342;27,615119;-0,000679;23,796906;23,663984;-0,0001;-0,0159;0,00;0,00;0,00;0,00;0,54;;2,919;2,945;0,0373574;20,94400;0,06200;0,02700;0,0004564;;1674,54;11,00;;;
Substrate used? {Y/N};;12;20,96200;0,05100;0,013000;129,925;100,15;1636,4100;0,000;100,072;43,300;0,005;304,350;302,650;25,70;325,683;263,170;0,000;48,700;55,000;53,900;301,950;;;;;0,00;0,00;0,00;3,00;2,52;15,465;25,979;0,58;0,58;999998,00;999998,00;999998,00;999998,00;999998,00;999998,00;999998,00;999998,00;999998,00;999998,00;999998,00;999998,00;999998,00;999998,00;999998,00;;;;;;;;;;;;;;;;;8,7030;0,00000;0,0000;-0,96666463;-0,96666463;-0,00220;-0,00563;0,0429;28,094944;-0,000752;24,210388;24,075157;-0,0002;-0,0180;0,00;0,00;0,00;0,01;0,62;;3,215;2,945;0,0768996;20,94200;0,06300;-0,00100;0,0009188;;1674,54;12,00;;;
Substrate;;13;20,96000;0,05300;0,004000;130,750;100,15;1636,4100;0,000;100,072;43,300;0,005;304,350;302,750;25,70;325,683;263,170;0,000;48,700;55,000;53,900;301,950;;;;;0,00;0,00;0,00;3,00;2,52;15,463;25,966;0,58;0,58;999998,00;999998,00;999998,00;999998,00;999998,00;999998,00;999998,00;999998,00;999998,00;999998,00;999998,00;999998,00;999998,00;999998,00;999998,00;;;;;;;;;;;;;;;;;8,5193;0,00000;0,0000;0,00000000;0,00000000;-0,00270;Infinity;0,0514;28,184002;-0,000723;24,287132;24,159452;-0,0002;-0,0173;0,00;0,00;0,00;0,01;0,59;;3,630;3,472;0,0752763;20,94300;0,06200;-0,00300;0,0008964;;1674,54;13,00;;;
Additional preparation details;;14;20,95900;0,05600;0,004000;127,975;100,15;1636,4100;0,000;100,072;43,300;0,005;304,350;302,750;25,80;325,683;263,170;0,000;48,700;55,000;53,900;301,950;;;;;0,00;0,00;0,00;3,00;2,52;15,463;25,966;0,58;0,58;999998,00;999998,00;999998,00;999998,00;999998,00;999998,00;999998,00;999998,00;999998,00;999998,00;999998,00;999998,00;999998,00;999998,00;999998,00;;;;;;;;;;;;;;;;;9,2660;0,00000;0,0000;0,00000000;0,00000000;-0,00440;Infinity;0,0607;27,883313;-0,000711;24,028018;23,901700;-0,0001;-0,0169;0,00;0,00;0,00;0,00;0,58;;4,006;3,472;0,0818748;20,94300;0,06200;-0,01000;0,0009849;;1674,54;14,00;;;
;;15;20,95900;0,05800;-0,005000;123,975;100,15;1636,4100;0,000;100,072;43,300;0,005;304,450;302,750;25,70;325,617;263,170;0,000;48,600;54,900;53,900;301,950;;;;;0,00;0,00;0,00;3,00;2,53;15,465;25,976;0,58;0,58;999998,00;999998,00;999998,00;999998,00;999998,00;999998,00;999998,00;999998,00;999998,00;999998,00;999998,00;999998,00;999998,00;999998,00;999998,00;;;;;;;;;;;;;;;;;7,0591;0,00000;0,0000;0,00000000;0,00000000;-0,00215;Infinity;0,0678;27,439584;-0,000699;23,653410;23,521334;-0,0001;-0,0163;0,00;0,00;0,00;0,00;0,50;;4,283;4,048;0,0623745;20,94500;0,06100;-0,00100;0,0007630;;1674,54;15,00;;;
Specimen;;16;20,95500;0,05900;-0,020000;127,500;100,14;1636,4100;0,000;100,072;43,300;0,005;304,450;302,850;25,80;325,617;263,170;0,000;48,600;54,900;53,900;301,950;;;;;0,00;0,00;0,00;3,00;2,53;15,463;25,966;0,58;0,58;999998,00;999998,00;999998,00;999998,00;999998,00;999998,00;999998,00;999998,00;999998,00;999998,00;999998,00;999998,00;999998,00;999998,00;999998,00;;;;;;;;;;;;;;;;;6,8315;0,00000;0,0000;0,00000000;0,00000000;-0,00267;Infinity;0,0746;27,826947;-0,000687;23,987325;23,861262;-0,0001;-0,0163;0,00;0,00;0,00;0,00;0,48;;4,449;4,048;0,0603634;20,94600;0,06100;-0,00300;0,0007279;;1674,54;16,00;;;
Sample description;3_Candles_R2;17;20,95200;0,06200;0,006000;123,400;100,15;1636,4100;0,000;100,072;43,300;0,005;304,450;302,850;25,80;325,583;263,177;0,000;48,600;54,900;53,800;301,950;;;;;0,00;0,00;0,00;3,00;2,53;15,477;25,966;0,58;0,58;999998,00;999998,00;999998,00;999998,00;999998,00;999998,00;999998,00;999998,00;999998,00;999998,00;999998,00;999998,00;999998,00;999998,00;999998,00;;;;;;;;;;;;;;;;;4,7216;0,00000;0,0000;-0,00083415;-0,00083415;0,00172;-4,85577;0,0793;27,375878;-0,000726;23,598494;23,474476;-0,0001;-0,0169;0,00;0,00;0,00;0,00;0,47;;4,527;4,265;0,0417197;20,94600;0,06000;0,01500;0,0005129;;1674,54;17,00;;;
Material name/ID;Candle / Teelicht (3x);18;20,94800;0,06200;0,018000;127,675;100,15;1636,4100;0,000;100,072;43,300;0,005;304,450;302,850;25,80;325,583;263,177;0,000;48,600;54,900;53,800;301,950;;;;;0,00;0,00;0,00;3,00;2,53;15,467;25,947;0,58;0,58;999998,00;999998,00;999998,00;999998,00;999998,00;999998,00;999998,00;999998,00;999998,00;999998,00;999998,00;999998,00;999998,00;999998,00;999998,00;;;;;;;;;;;;;;;;;5,2810;0,00000;0,0000;0,00583903;0,00583903;0,00077;0,70560;0,0846;27,846037;-0,000748;24,003781;23,877632;-0,0002;-0,0177;0,00;0,00;0,00;0,00;0,48;;4,554;4,265;0,0466632;20,94600;0,06000;0,01100;0,0005635;;1674,54;18,00;;;
Specimen number;R2;19;20,94700;0,06300;0,016000;126,200;100,16;1636,4000;0,000;100,070;43,300;0,005;304,450;302,850;25,80;325,550;263,170;0,000;48,500;54,900;53,800;301,950;;;;;0,00;0,00;0,00;3,00;2,53;15,448;25,958;0,58;0,58;999998,00;999998,00;999998,00;999998,00;999998,00;999998,00;999998,00;999998,00;999998,00;999998,00;999998,00;999998,00;999998,00;999998,00;999998,00;;;;;;;;;;;;;;;;;3,3788;0,00000;0,0000;0,00583903;0,00583903;0,00345;0,70151;0,0880;27,684721;-0,000805;23,864723;23,739305;-0,0002;-0,0190;0,00;0,00;0,00;0,00;0,44;;4,542;4,242;0,0298553;20,94700;0,06000;0,02200;0,0003639;;1674,53;19,00;;;
E (MJ/kg);13,10;20;20,94500;0,06300;0,018000;130,700;100,16;1636,4000;0,000;100,066;43,300;0,005;304,450;302,850;25,80;325,517;263,170;0,000;48,500;54,800;53,800;301,950;;;;;0,00;0,00;0,00;3,00;2,53;15,435;25,955;0,58;0,58;999998,00;999998,00;999998,00;999998,00;999998,00;999998,00;999998,00;999998,00;999998,00;999998,00;999998,00;999998,00;999998,00;999998,00;999998,00;;;;;;;;;;;;;;;;;1,1699;0,00000;0,0000;-0,00083415;-0,00083415;0,00700;-4,99734;0,0892;28,173983;-0,000793;24,286476;24,158842;-0,0002;-0,0190;0,00;0,00;0,01;0,00;0,41;;4,429;4,242;0,0103373;20,94800;0,06000;0,03600;0,0001262;;1674,53;20,00;;;
Initial mass (g);38,13;21;20,94500;0,06200;0,037000;128,025;100,17;1636,4000;0,000;100,070;43,300;0,005;304,450;302,850;25,80;325,517;263,170;0,000;48,500;54,800;53,800;301,950;;;;;0,00;0,00;0,00;3,00;2,53;15,441;25,974;0,58;0,58;999998,00;999998,00;999998,00;999998,00;999998,00;999998,00;999998,00;999998,00;999998,00;999998,00;999998,00;999998,00;999998,00;999998,00;999998,00;;;;;;;;;;;;;;;;;2,4761;0,00000;0,0000;0,00000000;0,00000000;0,00422;Infinity;0,0916;27,884179;-0,000902;24,036659;23,910338;-0,0002;-0,0214;0,00;0,00;0,00;0,00;0,41;;4,304;4,117;0,0218788;20,94800;0,06000;0,02500;0,0002655;;1674,53;21,00;;;
Thickness (mm);12,5;22;20,94300;0,06300;0,027000;126,650;100,16;1636,4000;0,000;100,070;43,300;0,005;304,450;302,850;25,80;325,517;263,170;0,000;48,500;54,800;53,800;301,950;;;;;0,00;0,00;0,00;3,00;2,53;15,416;25,990;0,59;0,58;999998,00;999998,00;999998,00;999998,00;999998,00;999998,00;999998,00;999998,00;999998,00;999998,00;999998,00;999998,00;999998,00;999998,00;999998,00;;;;;;;;;;;;;;;;;4,8751;0,00000;0,0000;0,00000000;0,00000000;-0,00144;Infinity;0,0965;27,734036;-0,000822;23,907233;23,781592;-0,0002;-0,0194;0,00;0,00;0,00;0,00;0,37;;4,276;4,117;0,0430768;20,94900;0,05800;0,00200;0,0005216;;1674,53;22,00;;;
Surface area (cm²);88,36;23;20,94400;0,06200;-0,001000;124,500;100,15;1636,4000;0,000;100,070;43,300;0,005;304,450;302,950;25,80;325,483;263,170;0,000;48,500;54,800;53,700;301,950;;;;;0,00;0,00;0,00;3,00;2,54;15,486;25,984;0,59;0,58;999998,00;999998,00;999998,00;999998,00;999998,00;999998,00;999998,00;999998,00;999998,00;999998,00;999998,00;999998,00;999998,00;999998,00;999998,00;;;;;;;;;;;;;;;;;6,4257;0,00000;0,0000;-0,00083415;-0,00083415;-0,00264;-4,37283;0,1029;27,497623;-0,000759;23,703441;23,586656;-0,0002;-0,0178;0,00;0,00;0,00;0,00;0,44;;4,336;4,146;0,0567776;20,94700;0,05900;-0,00300;0,0006929;;1674,53;23,00;;;
Sponsor;;24;20,94200;0,06200;-0,003000;123,275;100,16;1636,4000;0,000;100,070;43,300;0,005;304,550;302,950;25,80;325,450;263,177;0,000;48,400;54,800;53,700;301,950;;;;;0,00;0,00;0,00;3,00;2,54;15,461;25,982;0,59;0,58;999998,00;999998,00;999998,00;999998,00;999998,00;999998,00;999998,00;999998,00;999998,00;999998,00;999998,00;999998,00;999998,00;999998,00;999998,00;;;;;;;;;;;;;;;;;4,6923;0,00000;0,0000;0,00583903;0,00583903;-0,00142;0,62151;0,1076;27,357516;-0,000833;23,590412;23,466476;-0,0002;-0,0194;0,00;0,00;0,00;0,00;0,37;;4,387;4,146;0,0414609;20,94900;0,05900;0,00200;0,0005089;;1674,53;24,00;;;
Manufacturer;;25;20,94300;0,06100;-0,010000;128,700;100,15;1636,3900;0,000;100,070;43,300;0,005;304,550;302,950;25,80;325,450;263,177;0,000;48,400;54,800;53,700;301,950;;;;;0,00;0,00;0,00;3,00;2,54;15,469;25,974;0,59;0,58;999998,00;999998,00;999998,00;999998,00;999998,00;999998,00;999998,00;999998,00;999998,00;999998,00;999998,00;999998,00;999998,00;999998,00;999998,00;;;;;;;;;;;;;;;;;5,3632;0,00000;0,0000;0,00583903;0,00583903;-0,00145;0,63504;0,1130;27,953000;-0,000787;24,103899;23,977265;-0,0002;-0,0187;0,00;0,00;0,00;0,00;0,41;;4,412;4,286;0,0473895;20,94800;0,05900;0,00200;0,0005693;;1674,52;25,00;;;
Test start time (s);60;26;20,94300;0,06100;-0,001000;132,450;100,17;1636,3900;0,000;100,068;43,300;0,005;304,450;302,950;25,80;325,417;263,177;0,000;48,400;54,700;53,700;301,950;;;;;0,00;0,00;0,00;3,00;2,54;15,469;25,976;0,59;0,58;999998,00;999998,00;999998,00;999998,00;999998,00;999998,00;999998,00;999998,00;999998,00;999998,00;999998,00;999998,00;999998,00;999998,00;999998,00;;;;;;;;;;;;;;;;;6,8387;0,00000;0,0000;-0,00083415;-0,00083415;-0,00172;-3,98987;0,1198;28,361974;-0,000895;24,448527;24,328071;-0,0002;-0,0216;0,00;0,00;0,00;0,00;0,49;;4,477;4,286;0,0604264;20,94600;0,05800;0,00100;0,0007153;;1674,52;26,00;;;
Time to ignition (s);12;27;20,94500;0,06000;-0,003000;125,725;100,17;1636,3900;0,000;100,078;43,300;0,005;304,550;302,950;25,80;325,417;263,177;0,000;48,400;54,700;53,700;301,950;;;;;0,00;0,00;0,00;3,00;2,54;15,441;25,979;0,59;0,58;999998,00;999998,00;999998,00;999998,00;999998,00;999998,00;999998,00;999998,00;999998,00;999998,00;999998,00;999998,00;999998,00;999998,00;999998,00;;;;;;;;;;;;;;;;;5,1504;0,00000;0,0000;0,00000000;0,00000000;0,00028;Infinity;0,1250;27,628034;-0,000917;23,823680;23,698519;-0,0002;-0,0216;0,00;0,00;0,00;0,00;0,44;;4,533;4,358;0,0455093;20,94700;0,05800;0,00900;0,0005537;;1674,52;27,00;;;
Time to flameout (s);856;28;20,94600;0,06000;0,015000;122,350;100,17;1636,3900;0,000;100,068;43,300;0,005;304,550;302,950;25,80;325,417;263,177;0,000;48,400;54,700;53,700;301,950;;;;;0,00;0,00;0,00;3,00;2,54;15,484;25,971;0,59;0,58;999998,00;999998,00;999998,00;999998,00;999998,00;999998,00;999998,00;999998,00;999998,00;999998,00;999998,00;999998,00;999998,00;999998,00;999998,00;;;;;;;;;;;;;;;;;3,5040;0,00000;0,0000;0,00000000;0,00000000;0,00099;Infinity;0,1285;27,254683;-0,000939;23,501739;23,378269;-0,0002;-0,0218;0,00;0,00;0,00;0,00;0,36;;4,526;4,358;0,0309613;20,94900;0,05900;0,01200;0,0003824;;1674,52;28,00;;;
End of test criteria;User end of test;29;20,94600;0,06000;0,011000;125,900;100,17;1636,3900;0,000;100,078;43,300;0,005;304,550;302,950;25,80;325,383;263,177;0,000;48,400;54,700;53,600;301,950;;;;;0,00;0,00;0,00;3,00;2,54;15,458;25,982;0,59;0,58;999998,00;999998,00;999998,00;999998,00;999998,00;999998,00;999998,00;999998,00;999998,00;999998,00;999998,00;999998,00;999998,00;999998,00;999998,00;;;;;;;;;;;;;;;;;2,7534;0,00000;0,0000;0,00000000;0,00000000;0,00174;Infinity;0,1312;27,647255;-0,000895;23,840255;23,715006;-0,0002;-0,0211;0,00;0,00;0,00;0,00;0,33;;4,478;4,330;0,0243288;20,95000;0,05800;0,01500;0,0002967;;1674,52;29,00;;;
User EOT time (s);973;30;20,94600;0,06000;0,022000;128,900;100,16;1636,3900;0,000;100,068;43,300;0,005;304,550;302,950;25,80;325,350;263,177;0,000;48,300;54,700;53,600;301,950;;;;;0,00;0,00;0,00;3,00;2,55;15,481;25,971;0,59;0,58;999998,00;999998,00;999998,00;999998,00;999998,00;999998,00;999998,00;999998,00;999998,00;999998,00;999998,00;999998,00;999998,00;999998,00;999998,00;;;;;;;;;;;;;;;;;3,5958;0,00000;0,0000;0,00000000;0,00000000;0,00127;Infinity;0,1348;27,974711;-0,000849;24,122620;23,995888;-0,0002;-0,0202;0,00;0,00;0,00;0,00;0,37;;4,434;4,330;0,0317721;20,94900;0,05800;0,01300;0,0003824;;1674,52;30,00;;;
MLR EOT mass (g/m²);;31;20,94700;0,06000;0,036000;125,500;100,16;1636,3900;0,000;100,078;43,300;0,005;304,550;302,950;25,80;325,350;263,177;0,000;48,300;54,700;53,600;301,950;;;;;0,00;0,00;0,00;3,00;2,55;15,427;25,976;0,59;0,58;999998,00;999998,00;999998,00;999998,00;999998,00;999998,00;999998,00;999998,00;999998,00;999998,00;999998,00;999998,00;999998,00;999998,00;999998,00;;;;;;;;;;;;;;;;;3,0434;0,00000;0,0000;0,00000000;0,00000000;0,00320;Infinity;0,1379;27,603301;-0,000803;23,802353;23,677304;-0,0002;-0,0189;0,00;0,00;0,00;0,00;0,40;;4,398;4,237;0,0268914;20,94800;0,05900;0,02100;0,0003288;;1674,52;31,00;;;
MLR time period (s);;32;20,94800;0,05800;0,025000;129,625;100,16;1636,3900;0,000;100,078;43,300;0,005;304,550;302,950;25,80;325,317;263,183;0,000;48,300;54,600;53,600;301,950;;;;;0,00;0,00;0,00;3,00;2,55;15,479;25,958;0,59;0,58;999998,00;999998,00;999998,00;999998,00;999998,00;999998,00;999998,00;999998,00;999998,00;999998,00;999998,00;999998,00;999998,00;999998,00;999998,00;;;;;;;;;;;;;;;;;4,6596;0,00000;0,0000;0,00000000;0,00000000;0,00003;Infinity;0,1425;28,053273;-0,000825;24,190365;24,063277;-0,0002;-0,0197;0,00;0,00;0,00;0,00;0,41;;4,381;4,237;0,0411723;20,94800;0,05900;0,00800;0,0004934;;1674,52;32,00;;;
Truncate graphs at EOT;;33;20,94800;0,05900;0,002000;124,775;100,16;1636,3900;0,000;100,078;43,300;0,005;304,550;302,950;25,80;325,317;263,183;0,000;48,300;54,600;53,600;301,950;;;;;0,00;0,00;0,00;3,00;2,55;15,423;25,992;0,59;0,58;999998,00;999998,00;999998,00;999998,00;999998,00;999998,00;999998,00;999998,00;999998,00;999998,00;999998,00;999998,00;999998,00;999998,00;999998,00;;;;;;;;;;;;;;;;;5,7844;0,00000;0,0000;0,00000000;0,00000000;-0,00361;Infinity;0,1483;27,523454;-0,000882;23,733501;23,608814;-0,0002;-0,0207;0,00;0,00;0,00;0,00;0,37;;4,407;4,248;0,0511110;20,94900;0,05900;-0,00700;0,0006228;;1674,52;33,00;;;
Smooth data?;;34;20,94900;0,05900;-0,003000;130,475;100,17;1636,3900;0,000;100,076;43,300;0,005;304,550;302,950;25,80;325,317;263,183;0,000;48,300;54,600;53,600;301,950;;;;;0,00;0,00;0,00;3,00;2,55;15,505;25,976;0,59;0,59;999998,00;999998,00;999998,00;999998,00;999998,00;999998,00;999998,00;999998,00;999998,00;999998,00;999998,00;999998,00;999998,00;999998,00;999998,00;;;;;;;;;;;;;;;;;4,2538;0,00000;0,0000;-0,00083415;-0,00083415;-0,00121;-3,95936;0,1526;28,145101;-0,000922;24,269548;24,142044;-0,0002;-0,0221;0,00;0,00;0,00;0,00;0,34;;4,425;4,248;0,0375864;20,95000;0,05800;0,00300;0,0004485;;1674,52;34,00;;;
Correct O2 for pressure?;;35;20,94700;0,05900;0,002000;126,400;100,17;1636,3900;0,000;100,076;43,300;0,005;304,550;302,950;25,80;325,283;263,183;0,000;48,300;54,600;53,500;301,950;;;;;0,00;0,00;0,00;3,00;2,55;15,452;25,982;0,59;0,59;999998,00;999998,00;999998,00;999998,00;999998,00;999998,00;999998,00;999998,00;999998,00;999998,00;999998,00;999998,00;999998,00;999998,00;999998,00;;;;;;;;;;;;;;;;;5,7893;0,00000;0,0000;0,00583903;0,00583903;-0,00192;0,48410;0,1584;27,702100;-0,000928;23,887547;23,762051;-0,0002;-0,0219;0,00;0,00;0,00;0,00;0,40;;4,442;4,336;0,0511543;20,94800;0,05700;0,00000;0,0006199;;1674,52;35,00;;;
;;36;20,94900;0,05800;0,002000;131,275;100,17;1636,3800;0,000;100,076;43,300;0,005;304,550;302,950;25,80;325,283;263,183;0,000;48,300;54,600;53,500;301,950;;;;;0,00;0,00;0,00;3,00;2,55;15,435;25,966;0,59;0,59;999998,00;999998,00;999998,00;999998,00;999998,00;999998,00;999998,00;999998,00;999998,00;999998,00;999998,00;999998,00;999998,00;999998,00;999998,00;;;;;;;;;;;;;;;;;5,1417;0,00000;0,0000;0,00583903;0,00583903;0,00053;0,56735;0,1635;28,231254;-0,000902;24,343838;24,215944;-0,0002;-0,0217;0,00;0,00;0,00;0,00;0,45;;4,470;4,336;0,0454316;20,94700;0,05800;0,01000;0,0005411;;1674,51;36,00;;;
Apparatus;;37;20,94800;0,05800;0,001000;130,675;100,16;1636,3800;0,000;100,076;43,300;0,005;304,550;302,950;25,80;325,250;263,190;0,000;48,300;54,500;53,500;301,950;;;;;0,00;0,00;0,00;3,00;2,56;15,423;25,982;0,59;0,59;999998,00;999998,00;999998,00;999998,00;999998,00;999998,00;999998,00;999998,00;999998,00;999998,00;999998,00;999998,00;999998,00;999998,00;999998,00;;;;;;;;;;;;;;;;;4,7986;0,00000;0,0000;-0,00083415;-0,00083415;0,00003;-3,96239;0,1683;28,166664;-0,000891;24,288141;24,160540;-0,0002;-0,0214;0,00;0,00;0,00;0,00;0,41;;4,484;4,388;0,0424005;20,94800;0,05800;0,00800;0,0005060;;1674,51;37,00;;;
C-factor (SI units);0,043;38;20,94600;0,05900;0,009000;127,750;100,18;1636,3800;0,000;100,076;43,300;0,005;304,550;302,950;25,80;325,217;263,190;0,000;48,200;54,500;53,500;301,950;;;;;0,00;0,00;0,00;3,00;2,56;15,465;25,990;0,59;0,59;999998,00;999998,00;999998,00;999998,00;999998,00;999998,00;999998,00;999998,00;999998,00;999998,00;999998,00;999998,00;999998,00;999998,00;999998,00;;;;;;;;;;;;;;;;;2,0241;0,00000;0,0000;0,00000000;0,00000000;0,00446;Infinity;0,1703;27,849641;-0,001017;24,014772;23,888607;-0,0002;-0,0241;0,00;0,00;0,00;0,00;0,37;;4,456;4,388;0,0178853;20,94900;0,05800;0,02600;0,0002178;;1674,51;38,00;;;
OD correction factor;1;39;20,94700;0,05800;0,012000;127,500;100,19;1636,3800;0,000;100,078;43,300;0,005;304,550;302,950;25,80;325,217;263,190;0,000;48,200;54,500;53,500;301,950;;;;;0,00;0,00;0,00;3,00;2,56;15,465;25,990;0,59;0,59;999998,00;999998,00;999998,00;999998,00;999998,00;999998,00;999998,00;999998,00;999998,00;999998,00;999998,00;999998,00;999998,00;999998,00;999998,00;;;;;;;;;;;;;;;;;1,5753;0,00000;0,0000;0,00000000;0,00000000;0,00421;Infinity;0,1719;27,822378;-0,001108;23,991264;23,865222;-0,0002;-0,0262;0,00;0,00;0,00;0,00;0,34;;4,388;4,326;0,0139193;20,95000;0,05800;0,02500;0,0001701;;1674,51;39,00;;;
Duct diameter (m);0,114;40;20,94900;0,05800;0,015000;129,400;100,18;1636,3800;0,000;100,076;43,300;0,005;304,550;302,950;25,80;325,217;263,190;0,000;48,200;54,500;53,500;301,950;;;;;0,00;0,00;0,00;3,00;2,56;15,444;26,003;0,59;0,59;999998,00;999998,00;999998,00;999998,00;999998,00;999998,00;999998,00;999998,00;999998,00;999998,00;999998,00;999998,00;999998,00;999998,00;999998,00;;;;;;;;;;;;;;;;;3,1203;0,00000;0,0000;0,00000000;0,00000000;0,00251;Infinity;0,1750;28,028915;-0,001013;24,169360;24,042383;-0,0002;-0,0242;0,00;0,00;0,00;0,00;0,37;;4,337;4,326;0,0275707;20,94900;0,05700;0,01800;0,0003317;;1674,51;40,00;;;
O2 delay time (s);12;41;20,95000;0,05900;0,013000;123,875;100,17;1636,3800;0,000;100,076;43,300;0,005;304,550;302,850;25,80;325,217;263,190;0,000;48,200;54,500;53,500;301,950;;;;;0,00;0,00;0,00;3,00;2,56;15,473;25,979;0,59;0,59;999998,00;999998,00;999998,00;999998,00;999998,00;999998,00;999998,00;999998,00;999998,00;999998,00;999998,00;999998,00;999998,00;999998,00;999998,00;;;;;;;;;;;;;;;;;3,5250;0,00000;0,0000;-0,00083415;-0,00083415;0,00124;-3,85790;0,1785;27,424012;-0,000987;23,647752;23,515750;-0,0002;-0,0230;0,00;0,00;0,00;0,00;0,37;;4,312;4,240;0,0311467;20,94900;0,05800;0,01300;0,0003824;;1674,51;41,00;;;
CO2 delay time (s);10;42;20,94900;0,05900;0,021000;132,475;100,17;1636,3800;0,000;100,072;43,300;0,005;304,550;302,950;25,90;325,150;263,196;0,000;48,200;54,400;53,400;301,950;;;;;0,00;0,00;0,00;3,00;2,56;15,427;25,979;0,59;0,59;999998,00;999998,00;999998,00;999998,00;999998,00;999998,00;999998,00;999998,00;999998,00;999998,00;999998,00;999998,00;999998,00;999998,00;999998,00;;;;;;;;;;;;;;;;;3,0672;0,00000;0,0000;0,00583903;0,00583903;0,00154;0,49560;0,1816;28,359993;-0,000977;24,454849;24,326372;-0,0002;-0,0236;0,00;0,00;0,00;0,00;0,34;;4,288;4,240;0,0271020;20,95000;0,05700;0,01400;0,0003220;;1674,51;42,00;;;
CO delay time (s);10;43;20,94800;0,05900;0,008000;127,750;100,17;1636,3700;0,000;100,080;43,200;0,005;304,550;302,950;25,90;325,183;263,196;0,000;48,200;54,500;53,400;301,950;;;;;0,00;0,00;0,00;3,00;2,56;15,454;26,011;0,59;0,59;999998,00;999998,00;999998,00;999998,00;999998,00;999998,00;999998,00;999998,00;999998,00;999998,00;999998,00;999998,00;999998,00;999998,00;999998,00;;;;;;;;;;;;;;;;;4,2083;0,00000;0,0000;0,00583903;0,00583903;-0,00095;0,48668;0,1858;27,849641;-0,000934;24,014772;23,888607;-0,0002;-0,0221;0,00;0,00;0,00;0,00;0,34;;4,272;4,222;0,0371847;20,95000;0,05700;0,00400;0,0004485;;1674,50;43,00;;;
;;44;20,94800;0,05800;-0,007000;127,875;100,18;1636,3700;0,000;100,068;43,200;0,005;304,450;302,950;25,80;325,150;263,196;0,000;48,200;54,400;53,400;301,950;;;;;0,00;0,00;0,00;3,00;2,57;15,463;25,992;0,60;0,59;999998,00;999998,00;999998,00;999998,00;999998,00;999998,00;999998,00;999998,00;999998,00;999998,00;999998,00;999998,00;999998,00;999998,00;999998,00;;;;;;;;;;;;;;;;;4,8103;0,00000;0,0000;-0,00083415;-0,00083415;-0,00243;-3,92035;0,1906;27,867839;-0,001042;24,022574;23,904217;-0,0002;-0,0247;0,00;0,00;0,00;0,00;0,34;;4,278;4,222;0,0425036;20,95000;0,05800;-0,00200;0,0005118;;1674,50;44,00;;;
Laboratory;;45;20,94900;0,05700;0,003000;126,275;100,19;1636,3700;0,000;100,072;43,200;0,005;304,550;302,950;25,80;325,150;263,196;0,000;48,200;54,400;53,400;301,950;;;;;0,00;0,00;0,00;3,00;2,57;15,450;25,968;0,60;0,59;999998,00;999998,00;999998,00;999998,00;999998,00;999998,00;999998,00;999998,00;999998,00;999998,00;999998,00;999998,00;999998,00;999998,00;999998,00;;;;;;;;;;;;;;;;;3,1143;0,00000;0,0000;0,00000000;0,00000000;0,00101;Infinity;0,1937;27,688398;-0,001133;23,875733;23,750298;-0,0002;-0,0267;0,00;0,00;0,00;0,00;0,34;;4,271;4,197;0,0275183;20,95000;0,05800;0,01200;0,0003346;;1674,50;45,00;;;
Laboratory name;FZJ IAS-7;46;20,95000;0,05800;0,000000;127,725;100,19;1636,3700;0,000;100,072;43,200;0,005;304,550;302,850;25,90;325,150;263,196;0,000;48,200;54,400;53,400;301,950;;;;;0,00;0,00;0,00;3,00;2,57;15,469;25,976;0,60;0,59;999998,00;999998,00;999998,00;999998,00;999998,00;999998,00;999998,00;999998,00;999998,00;999998,00;999998,00;999998,00;999998,00;999998,00;999998,00;;;;;;;;;;;;;;;;;5,3429;0,00000;0,0000;0,00000000;0,00000000;-0,00144;Infinity;0,1991;27,846916;-0,001191;24,012423;23,878385;-0,0002;-0,0282;0,00;0,00;0,00;0,00;0,41;;4,270;4,197;0,0472097;20,94800;0,05900;0,00200;0,0005693;;1674,50;46,00;;;
Operator;Clara;47;20,94800;0,05800;0,010000;123,800;100,19;1636,3700;0,000;100,066;43,200;0,005;304,550;302,950;25,90;325,117;263,196;0,000;48,200;54,400;53,300;301,950;;;;;0,00;0,00;0,00;3,00;2,57;15,465;25,984;0,60;0,59;999998,00;999998,00;999998,00;999998,00;999998,00;999998,00;999998,00;999998,00;999998,00;999998,00;999998,00;999998,00;999998,00;999998,00;999998,00;;;;;;;;;;;;;;;;;2,8172;0,00000;0,0000;0,00000000;0,00000000;0,00269;Infinity;0,2019;27,415708;-0,001164;23,640592;23,516392;-0,0002;-0,0272;0,00;0,00;0,00;0,00;0,37;;4,266;4,145;0,0248929;20,94900;0,05800;0,01900;0,0003064;;1674,50;47,00;;;
Filename;27082026_3_Candles_R2,csv;48;20,94700;0,05800;0,008000;126,375;100,19;1636,3700;0,000;100,072;43,200;0,005;304,450;302,850;25,90;325,083;263,196;0,000;48,100;54,400;53,300;301,950;;;;;0,00;0,00;0,00;3,00;2,57;15,473;25,992;0,60;0,59;999998,00;999998,00;999998,00;999998,00;999998,00;999998,00;999998,00;999998,00;999998,00;999998,00;999998,00;999998,00;999998,00;999998,00;999998,00;;;;;;;;;;;;;;;;;4,8076;0,00000;0,0000;0,00000000;0,00000000;0,00101;Infinity;0,2067;27,703909;-0,001138;23,881263;23,755758;-0,0002;-0,0268;0,00;0,00;0,00;0,00;0,44;;4,256;4,145;0,0424803;20,94700;0,05800;0,01200;0,0005158;;1674,50;48,00;;;
Report name;;49;20,94800;0,05800;0,026000;132,500;100,18;1636,3700;0,000;100,066;43,200;0,005;304,450;302,850;25,90;325,050;263,196;0,000;48,100;54,300;53,300;301,950;;;;;0,00;0,00;0,00;3,00;2,57;15,444;25,976;0,60;0,59;999998,00;999998,00;999998,00;999998,00;999998,00;999998,00;999998,00;999998,00;999998,00;999998,00;999998,00;999998,00;999998,00;999998,00;999998,00;;;;;;;;;;;;;;;;;3,1268;0,00000;0,0000;0,00000000;0,00000000;0,00354;Infinity;0,2098;28,367326;-0,001028;24,453141;24,324630;-0,0002;-0,0248;0,00;0,00;0,00;0,00;0,41;;4,251;4,097;0,0276285;20,94800;0,05800;0,02200;0,0003288;;1674,50;49,00;;;
;;50;20,94900;0,05700;0,025000;129,975;100,19;1636,3700;0,000;100,072;43,200;0,005;304,450;302,850;25,90;325,083;263,196;0,000;48,200;54,300;53,300;301,950;;;;;0,00;0,00;0,00;3,00;2,57;15,486;26,003;0,60;0,59;999998,00;999998,00;999998,00;999998,00;999998,00;999998,00;999998,00;999998,00;999998,00;999998,00;999998,00;999998,00;999998,00;999998,00;999998,00;;;;;;;;;;;;;;;;;2,2261;0,00000;0,0000;-0,00082397;-0,00082397;0,00177;-4,00119;0,2121;28,095734;-0,001187;24,219024;24,091744;-0,0003;-0,0284;0,00;0,00;0,00;0,00;0,30;;4,219;4,097;0,0196701;20,95100;0,05800;0,01500;0,0002363;;1674,50;50,00;;;
Pre-test conditions;;51;20,95000;0,05800;0,018000;131,325;100,19;1636,3700;0,000;100,072;43,200;0,005;304,550;302,950;25,90;325,050;263,196;0,000;48,100;54,300;53,300;301,950;;;;;0,00;0,00;0,00;3,00;2,58;15,503;26,014;0,60;0,59;999998,00;999998,00;999998,00;999998,00;999998,00;999998,00;999998,00;999998,00;999998,00;999998,00;999998,00;999998,00;999998,00;999998,00;999998,00;;;;;;;;;;;;;;;;;3,5089;0,00000;0,0000;0,00576782;0,00576782;0,00128;0,64940;0,2156;28,236630;-0,001144;24,348473;24,220555;-0,0002;-0,0275;0,00;0,00;0,00;0,00;0,38;;4,193;4,066;0,0310050;20,94900;0,05900;0,01300;0,0003697;;1674,50;51,00;;;
Ambient temperature (°C);24,9;52;20,94900;0,05700;0,013000;127,400;100,20;1636,3601;0,000;100,066;43,200;0,005;304,450;302,850;25,90;325,050;263,196;0,000;48,100;54,300;53,300;301,950;;;;;0,00;0,00;0,00;3,00;2,58;15,486;25,990;0,60;0,59;999998,00;999998,00;999998,00;999998,00;999998,00;999998,00;999998,00;999998,00;999998,00;999998,00;999998,00;999998,00;999998,00;999998,00;999998,00;;;;;;;;;;;;;;;;;4,3805;0,00000;0,0000;0,00576782;0,00576782;0,00077;0,56591;0,2200;27,816032;-0,001202;23,977915;23,851903;-0,0003;-0,0285;0,00;0,00;0,00;0,00;0,41;;4,188;4,066;0,0387058;20,94800;0,05800;0,01100;0,0004680;;1674,49;52,00;;;
Barometric pressure (Pa);100078;53;20,94900;0,05700;0,014000;127,200;100,20;1636,3601;0,000;100,066;43,200;0,005;304,450;302,950;25,90;325,017;263,196;0,000;48,100;54,300;53,200;301,950;;;;;0,00;0,00;0,00;3,00;2,58;15,492;26,003;0,60;0,60;999998,00;999998,00;999998,00;999998,00;999998,00;999998,00;999998,00;999998,00;999998,00;999998,00;999998,00;999998,00;999998,00;999998,00;999998,00;;;;;;;;;;;;;;;;;4,5276;0,00000;0,0000;-0,00082397;-0,00082397;-0,00070;-3,95826;0,2245;27,794190;-0,001276;23,959087;23,841043;-0,0003;-0,0302;0,00;0,00;0,00;0,00;0,37;;4,193;4,065;0,0400061;20,94900;0,05800;0,00500;0,0004836;;1674,49;53,00;;;
Relative hunidity (%);43,1;54;20,95000;0,05800;0,004000;131,100;100,20;1636,3601;0,000;100,072;43,200;0,005;304,450;302,950;25,90;325,017;263,196;0,000;48,100;54,300;53,200;301,950;;;;;0,00;0,00;0,00;3,00;2,58;15,465;25,982;0,60;0,60;999998,00;999998,00;999998,00;999998,00;999998,00;999998,00;999998,00;999998,00;999998,00;999998,00;999998,00;999998,00;999998,00;999998,00;999998,00;;;;;;;;;;;;;;;;;6,3831;0,00000;0,0000;0,00000000;0,00000000;-0,00345;Infinity;0,2309;28,217064;-0,001249;24,323612;24,203772;-0,0003;-0,0300;0,00;0,00;0,00;0,00;0,41;;4,216;4,065;0,0564015;20,94800;0,05900;-0,00600;0,0006705;;1674,49;54,00;;;
;;55;20,95000;0,05800;-0,002000;124,575;100,21;1636,3601;0,000;100,066;43,200;0,005;304,450;302,950;25,90;324,983;263,203;0,000;48,100;54,200;53,200;301,950;;;;;0,00;0,00;0,00;3,00;2,58;15,461;25,976;0,60;0,60;999998,00;999998,00;999998,00;999998,00;999998,00;999998,00;999998,00;999998,00;999998,00;999998,00;999998,00;999998,00;999998,00;999998,00;999998,00;;;;;;;;;;;;;;;;;5,8680;0,00000;0,0000;-0,00083415;-0,00083415;-0,00264;-4,37415;0,2367;27,505903;-0,001323;23,710579;23,593759;-0,0003;-0,0310;0,00;0,00;0,00;0,00;0,40;;4,251;4,106;0,0518495;20,94800;0,05900;-0,00300;0,0006325;;1674,49;55,00;;;
Conditioning;;56;20,95000;0,05900;0,012000;129,300;100,21;1636,3601;0,000;100,066;43,200;0,005;304,450;302,950;25,90;324,950;263,203;0,000;48,000;54,200;53,200;301,950;;;;;0,00;0,00;0,00;3,00;2,58;15,479;25,998;0,60;0,60;999998,00;999998,00;999998,00;999998,00;999998,00;999998,00;999998,00;999998,00;999998,00;999998,00;999998,00;999998,00;999998,00;999998,00;999998,00;;;;;;;;;;;;;;;;;4,0527;0,00000;0,0000;0,00583903;0,00583903;0,00127;0,63662;0,2408;28,022684;-0,001364;24,156053;24,037039;-0,0003;-0,0325;0,00;0,00;0,00;0,00;0,41;;4,264;4,106;0,0358098;20,94800;0,05900;0,01300;0,0004301;;1674,49;56,00;;;
Conditionet ? (Y/N);N;57;20,95000;0,05800;0,002000;123,150;100,22;1636,3501;0,000;100,066;43,200;0,005;304,450;302,950;25,90;324,950;263,203;0,000;48,000;54,200;53,200;301,950;;;;;0,00;0,00;0,00;3,00;2,58;15,437;25,992;0,60;0,60;999998,00;999998,00;999998,00;999998,00;999998,00;999998,00;999998,00;999998,00;999998,00;999998,00;999998,00;999998,00;999998,00;999998,00;999998,00;;;;;;;;;;;;;;;;;5,3646;0,00000;0,0000;0,00583903;0,00583903;-0,00166;0,62129;0,2462;27,348132;-0,001455;23,574577;23,458427;-0,0003;-0,0339;0,00;0,00;0,00;0,00;0,40;;4,271;4,159;0,0474017;20,94800;0,05900;0,00100;0,0005819;;1674,48;57,00;;;
Conditioning temperature (°C);;58;20,94800;0,05800;0,019000;127,500;100,21;1636,3501;0,000;100,066;43,200;0,005;304,450;302,950;25,90;324,950;263,203;0,000;48,000;54,200;53,200;301,950;;;;;0,00;0,00;0,00;3,00;2,58;15,481;26,000;0,60;0,60;999998,00;999998,00;999998,00;999998,00;999998,00;999998,00;999998,00;999998,00;999998,00;999998,00;999998,00;999998,00;999998,00;999998,00;999998,00;;;;;;;;;;;;;;;;;3,0994;0,00000;0,0000;-0,00083415;-0,00083415;0,00200;-4,42520;0,2493;27,826947;-0,001379;23,987325;23,869141;-0,0003;-0,0327;0,00;0,00;0,00;0,00;0,37;;4,271;4,159;0,0273862;20,94900;0,05900;0,01600;0,0003317;;1674,48;58,00;;;
Conditioning RH (%);;59;20,94900;0,05800;0,012000;127,025;100,21;1636,3501;0,000;100,064;43,200;0,005;304,550;302,950;25,90;324,950;263,203;0,000;48,000;54,200;53,200;301,950;;;;;0,00;0,00;0,00;3,00;2,59;15,437;25,995;0,60;0,60;999998,00;999998,00;999998,00;999998,00;999998,00;999998,00;999998,00;999998,00;999998,00;999998,00;999998,00;999998,00;999998,00;999998,00;999998,00;;;;;;;;;;;;;;;;;3,5383;0,00000;0,0000;0,00000000;0,00000000;0,00248;Infinity;0,2528;27,770504;-0,001370;23,946532;23,820725;-0,0003;-0,0324;0,00;0,00;0,00;0,00;0,41;;4,255;4,169;0,0312641;20,94800;0,05800;0,01800;0,0003795;;1674,48;59,00;;;
;;60;20,94700;0,05800;0,022000;130,350;100,21;1636,3501;0,000;100,066;43,200;0,005;304,550;302,950;25,90;324,917;263,203;0,000;48,000;54,200;53,100;301,950;;;;;0,00;0,00;0,00;3,00;2,59;15,467;26,019;0,60;0,60;999998,00;999998,00;999998,00;999998,00;999998,00;999998,00;999998,00;999998,00;999998,00;999998,00;999998,00;999998,00;999998,00;999998,00;999998,00;;;;;;;;;;;;;;;;;5,2127;0,00000;0,0000;0,00000000;0,00000000;0,00152;Infinity;0,2580;28,131615;-0,001343;24,257919;24,130476;-0,0003;-0,0322;0,00;0,00;0,00;0,00;0,48;;4,257;4,169;0,0460598;20,94600;0,05800;0,01400;0,0005508;;1674,48;60,00;;;
Data collected;;61;20,94800;0,05900;0,015000;123,825;100,22;1636,3501;0,000;100,074;43,200;0,005;304,450;302,950;25,90;324,883;263,203;0,000;48,000;54,100;53,100;301,950;;;;;0,00;0,00;0,00;3,00;2,59;15,502;25,984;0,60;0,60;999998,00;999998,00;999998,00;999998,00;999998,00;999998,00;999998,00;999998,00;999998,00;999998,00;999998,00;999998,00;999998,00;999998,00;999998,00;;;;;;;;;;;;;;;;;6,9348;0,00000;0,0000;0,00000000;0,00000000;-0,00118;Infinity;0,2649;27,422979;-0,001466;23,639096;23,522629;-0,0003;-0,0342;0,00;0,00;0,00;0,00;0,50;;4,286;4,204;0,0612755;20,94500;0,05800;0,00300;0,0007504;;1674,48;61,00;;;
CO/CO2 data collected?;Yes;62;20,95100;0,05800;0,013000;128,900;100,22;1636,3501;0,000;100,074;43,200;0,005;304,450;302,950;25,90;324,883;263,203;0,000;48,000;54,100;53,100;301,950;;;;;0,00;0,00;0,00;3,00;2,59;15,450;26,016;0,60;0,60;999998,00;999998,00;999998,00;999998,00;999998,00;999998,00;999998,00;999998,00;999998,00;999998,00;999998,00;999998,00;999998,00;999998,00;999998,00;;;;;;;;;;;;;;;;;4,4062;0,00000;0,0000;0,00000000;0,00000000;0,00077;Infinity;0,2693;27,979305;-0,001489;24,118660;23,999829;-0,0003;-0,0355;0,00;0,00;0,00;0,00;0,41;;4,309;4,204;0,0389330;20,94800;0,05800;0,01100;0,0004680;;1674,48;62,00;;;
Mass data collected?;Yes;63;20,94900;0,05800;0,011000;122,775;100,23;1636,3501;0,000;100,066;43,200;0,005;304,450;302,950;25,90;324,883;263,203;0,000;48,000;54,100;53,100;301,950;;;;;0,00;0,00;0,00;3,00;2,59;15,460;26,022;0,61;0,60;999998,00;999998,00;999998,00;999998,00;999998,00;999998,00;999998,00;999998,00;999998,00;999998,00;999998,00;999998,00;999998,00;999998,00;999998,00;;;;;;;;;;;;;;;;;5,3557;0,00000;0,0000;0,00000000;0,00000000;-0,00141;Infinity;0,2747;27,306462;-0,001512;23,538657;23,422684;-0,0003;-0,0352;0,00;0,00;0,00;0,00;0,40;;4,318;4,265;0,0473225;20,94800;0,05800;0,00200;0,0005819;;1674,48;63,00;;;
Smoke data collected;Yes;64;20,94800;0,05900;0,005000;129,875;100,22;1636,3501;0,000;100,074;43,200;0,005;304,450;302,950;25,90;324,883;263,203;0,000;48,000;54,100;53,100;301,950;;;;;0,00;0,00;0,00;3,00;2,59;15,473;25,992;0,61;0,60;999998,00;999998,00;999998,00;999998,00;999998,00;999998,00;999998,00;999998,00;999998,00;999998,00;999998,00;999998,00;999998,00;999998,00;999998,00;;;;;;;;;;;;;;;;;6,4730;0,00000;0,0000;0,00000000;0,00000000;-0,00344;Infinity;0,2812;28,084923;-0,001486;24,209705;24,090425;-0,0003;-0,0355;0,00;0,00;0,00;0,00;0,41;;4,343;4,265;0,0571956;20,94800;0,05800;-0,00600;0,0006831;;1674,48;64,00;;;
Soot mass data colelcted;;65;20,94900;0,05900;-0,006000;128,050;100,22;1636,3501;0,000;100,066;43,200;0,005;304,450;302,950;25,90;324,850;263,203;0,000;48,000;54,100;53,000;301,950;;;;;0,00;0,00;0,00;3,00;2,59;15,452;26,006;0,61;0,60;999998,00;999998,00;999998,00;999998,00;999998,00;999998,00;999998,00;999998,00;999998,00;999998,00;999998,00;999998,00;999998,00;999998,00;999998,00;;;;;;;;;;;;;;;;;6,7865;0,00000;0,0000;-0,00083415;-0,00083415;-0,00415;-3,92303;0,2880;27,886901;-0,001410;24,039006;23,920568;-0,0003;-0,0335;0,00;0,00;0,00;0,00;0,41;;4,378;4,321;0,0599657;20,94800;0,05800;-0,00900;0,0007211;;1674,48;65,00;;;
Soot mass ratio (1:x);;66;20,94800;0,05900;-0,003000;128,225;100,23;1636,3501;0,000;100,066;43,200;0,005;304,450;302,950;25,90;324,850;263,203;0,000;48,000;54,100;53,000;301,950;;;;;0,00;0,00;0,00;3,00;2,60;15,437;26,030;0,61;0,60;999998,00;999998,00;999998,00;999998,00;999998,00;999998,00;999998,00;999998,00;999998,00;999998,00;999998,00;999998,00;999998,00;999998,00;999998,00;;;;;;;;;;;;;;;;;3,9465;0,00000;0,0000;0,00583903;0,00583903;0,00053;0,56082;0,2919;27,905950;-0,001500;24,055427;23,936908;-0,0003;-0,0356;0,00;0,00;0,00;0,00;0,37;;4,393;4,321;0,0348716;20,94900;0,05800;0,01000;0,0004203;;1674,48;66,00;;;
Soot mass (g);;67;20,94800;0,05900;0,013000;132,200;100,23;1636,3401;0,000;100,072;43,200;0,005;304,450;302,950;25,90;324,817;263,203;0,000;48,000;54,000;53,000;301,950;;;;;0,00;0,00;0,00;3,00;2,60;15,475;26,022;0,61;0,60;999998,00;999998,00;999998,00;999998,00;999998,00;999998,00;999998,00;999998,00;999998,00;999998,00;999998,00;999998,00;999998,00;999998,00;999998,00;;;;;;;;;;;;;;;;;2,2132;0,00000;0,0000;0,00583903;0,00583903;0,00303;0,56944;0,2941;28,335194;-0,001505;24,425442;24,305100;-0,0003;-0,0363;0,00;0,00;0,00;0,00;0,34;;4,373;4,326;0,0195554;20,95000;0,05800;0,02000;0,0002334;;1674,47;67,00;;;
;;68;20,94800;0,05900;0,001000;125,975;100,23;1636,3401;0,000;100,064;43,200;0,005;304,450;302,950;25,90;324,817;263,203;0,000;48,000;54,000;53,000;301,950;;;;;0,00;0,00;0,00;3,00;2,60;15,486;26,003;0,61;0,60;999998,00;999998,00;999998,00;999998,00;999998,00;999998,00;999998,00;999998,00;999998,00;999998,00;999998,00;999998,00;999998,00;999998,00;999998,00;;;;;;;;;;;;;;;;;2,9620;0,00000;0,0000;-0,00083415;-0,00083415;0,00223;-4,39866;0,2971;27,660031;-0,001561;23,843440;23,725965;-0,0003;-0,0368;0,00;0,00;0,00;0,00;0,37;;4,347;4,326;0,0261719;20,94900;0,05900;0,01700;0,0003191;;1674,47;68,00;;;
Comments;;69;20,94800;0,05800;0,016000;127,425;100,24;1636,3401;0,000;100,072;43,200;0,005;304,450;302,950;25,90;324,817;263,203;0,000;48,000;54,000;53,000;301,950;;;;;0,00;0,00;0,00;3,00;2,60;15,503;26,019;0,61;0,60;999998,00;999998,00;999998,00;999998,00;999998,00;999998,00;999998,00;999998,00;999998,00;999998,00;999998,00;999998,00;999998,00;999998,00;999998,00;;;;;;;;;;;;;;;;;4,2309;0,00000;0,0000;0,00000000;0,00000000;0,00200;Infinity;0,3013;27,818761;-0,001632;23,980268;23,862119;-0,0003;-0,0387;0,00;0,00;0,00;0,00;0,44;;4,336;4,294;0,0373846;20,94700;0,05900;0,01600;0,0004525;;1674,47;69,00;;;
Pre-test comments;Surface area not applicable;70;20,94900;0,05800;0,018000;131,425;100,23;1636,3401;0,000;100,064;43,200;0,005;304,450;302,950;25,90;324,783;263,203;0,000;47,900;54,000;53,000;301,950;;;;;0,00;0,00;0,00;3,00;2,60;15,467;26,024;0,61;0,60;999998,00;999998,00;999998,00;999998,00;999998,00;999998,00;999998,00;999998,00;999998,00;999998,00;999998,00;999998,00;999998,00;999998,00;999998,00;;;;;;;;;;;;;;;;;3,5996;0,00000;0,0000;0,00000000;0,00000000;0,00253;Infinity;0,3049;28,252017;-0,001572;24,353743;24,233754;-0,0003;-0,0378;0,00;0,00;0,00;0,00;0,41;;4,330;4,294;0,0318061;20,94800;0,05800;0,01800;0,0003795;;1674,47;70,00;;;
After test comments;;71;20,94800;0,05800;0,014000;126,375;100,23;1636,3401;0,000;100,064;43,200;0,005;304,450;302,950;25,90;324,783;263,203;0,000;47,900;54,000;53,000;301,950;;;;;0,00;0,00;0,00;3,00;2,60;15,502;25,998;0,61;0,60;999998,00;999998,00;999998,00;999998,00;999998,00;999998,00;999998,00;999998,00;999998,00;999998,00;999998,00;999998,00;999998,00;999998,00;999998,00;;;;;;;;;;;;;;;;;3,1727;0,00000;0,0000;0,00000000;0,00000000;0,00321;Infinity;0,3081;27,703909;-0,001577;23,881263;23,763602;-0,0003;-0,0372;0,00;0,00;0,00;0,00;0,40;;4,317;4,278;0,0280341;20,94800;0,05800;0,02100;0,0003415;;1674,47;71,00;;;
;;72;20,94600;0,05800;0,003000;126,225;100,23;1636,3401;0,000;100,072;43,200;0,005;304,450;302,950;25,90;324,750;263,203;0,000;47,900;54,000;52,900;301,950;;;;;0,00;0,00;0,00;3,00;2,60;15,467;26,016;0,61;0,61;999998,00;999998,00;999998,00;999998,00;999998,00;999998,00;999998,00;999998,00;999998,00;999998,00;999998,00;999998,00;999998,00;999998,00;999998,00;;;;;;;;;;;;;;;;;3,3210;0,00000;0,0000;0,00000000;0,00000000;0,00174;Infinity;0,3114;27,687463;-0,001550;23,867086;23,749495;-0,0003;-0,0365;0,00;0,00;0,00;0,00;0,37;;4,302;4,278;0,0293439;20,94900;0,05800;0,01500;0,0003571;;1674,47;72,00;;;
Events;;73;20,94500;0,05800;0,011000;130,000;100,23;1636,3401;0,000;100,072;43,200;0,005;304,450;302,950;25,90;324,750;263,203;0,000;47,900;54,000;52,900;301,950;;;;;0,00;0,00;0,00;3,00;2,61;15,458;25,998;0,61;0,61;999998,00;999998,00;999998,00;999998,00;999998,00;999998,00;999998,00;999998,00;999998,00;999998,00;999998,00;999998,00;999998,00;999998,00;999998,00;;;;;;;;;;;;;;;;;4,9392;0,00000;0,0000;0,00000000;0,00000000;-0,00146;Infinity;0,3163;28,098436;-0,001556;24,221353;24,102016;-0,0003;-0,0372;0,00;0,00;0,00;0,00;0,38;;4,300;4,272;0,0436428;20,94900;0,05800;0,00200;0,0005216;;1674,47;73,00;;;
Number of events;;74;20,94800;0,05800;0,002000;126,100;100,23;1636,3401;0,000;100,074;43,200;0,005;304,450;302,950;25,90;324,750;263,203;0,000;48,000;53,900;52,900;301,950;;;;;0,00;0,00;0,00;3,00;2,61;15,496;26,014;0,61;0,61;999998,00;999998,00;999998,00;999998,00;999998,00;999998,00;999998,00;999998,00;999998,00;999998,00;999998,00;999998,00;999998,00;999998,00;999998,00;;;;;;;;;;;;;;;;;5,9030;0,00000;0,0000;0,00000000;0,00000000;-0,00241;Infinity;0,3222;27,673749;-0,001544;23,855265;23,737732;-0,0003;-0,0364;0,00;0,00;0,00;0,00;0,40;;4,315;4,272;0,0521589;20,94800;0,05800;-0,00200;0,0006325;;1674,47;74,00;;;
Event1;;75;20,94800;0,05800;-0,006000;130,625;100,24;1636,3401;0,000;100,072;43,200;0,005;304,450;302,950;25,90;324,750;263,203;0,000;48,000;53,900;52,900;301,950;;;;;0,00;0,00;0,00;3,00;2,61;15,482;26,019;0,61;0,61;999998,00;999998,00;999998,00;999998,00;999998,00;999998,00;999998,00;999998,00;999998,00;999998,00;999998,00;999998,00;999998,00;999998,00;999998,00;;;;;;;;;;;;;;;;;6,3137;0,00000;0,0000;-0,00083415;-0,00083415;-0,00569;-4,47910;0,3286;28,165899;-0,001631;24,279507;24,159884;-0,0003;-0,0391;0,00;0,00;-0,01;0,00;0,34;;4,339;4,308;0,0557882;20,95000;0,05900;-0,01500;0,0006636;;1674,47;75,00;;;
Event2;;76;20,94800;0,05800;-0,009000;124,075;100,24;1636,3401;0,000;100,074;43,200;0,005;304,450;302,950;25,90;324,750;263,203;0,000;48,000;53,900;52,900;301,950;;;;;0,00;0,00;0,00;3,00;2,61;15,452;26,030;0,61;0,61;999998,00;999998,00;999998,00;999998,00;999998,00;999998,00;999998,00;999998,00;999998,00;999998,00;999998,00;999998,00;999998,00;999998,00;999998,00;;;;;;;;;;;;;;;;;5,9725;0,00000;0,0000;0,00583903;0,00583903;-0,00239;0,47971;0,3345;27,450649;-0,001618;23,662948;23,546363;-0,0003;-0,0378;0,00;0,00;0,00;0,00;0,40;;4,362;4,308;0,0527728;20,94800;0,05700;-0,00200;0,0006452;;1674,47;76,00;;;
Event3;;77;20,94800;0,05800;0,010000;124,175;100,23;1636,3301;0,000;100,074;43,200;0,005;304,450;302,850;25,90;324,750;263,203;0,000;48,000;53,900;52,900;301,950;;;;;0,00;0,00;0,00;3,00;2,61;15,492;26,003;0,61;0,61;999998,00;999998,00;999998,00;999998,00;999998,00;999998,00;999998,00;999998,00;999998,00;999998,00;999998,00;999998,00;999998,00;999998,00;999998,00;;;;;;;;;;;;;;;;;6,4165;0,00000;0,0000;0,00583903;0,00583903;-0,00239;0,55189;0,3409;27,461709;-0,001589;23,672483;23,548075;-0,0003;-0,0371;0,00;0,00;0,00;0,00;0,44;;4,386;4,361;0,0566964;20,94700;0,05800;-0,00200;0,0006929;;1674,46;77,00;;;
Event4;;78;20,94900;0,05900;0,020000;126,350;100,24;1636,3301;0,000;100,072;43,200;0,005;304,450;302,950;25,90;324,717;263,203;0,000;48,000;53,900;52,800;301,950;;;;;0,00;0,00;0,00;3,00;2,61;15,460;26,027;0,61;0,61;999998,00;999998,00;999998,00;999998,00;999998,00;999998,00;999998,00;999998,00;999998,00;999998,00;999998,00;999998,00;999998,00;999998,00;999998,00;;;;;;;;;;;;;;;;;4,0054;0,00000;0,0000;-0,00083415;-0,00083415;0,00150;-3,89691;0,3450;27,701169;-0,001625;23,878901;23,761252;-0,0003;-0,0383;0,00;0,00;0,00;0,00;0,40;;4,397;4,361;0,0353918;20,94800;0,05800;0,01400;0,0004301;;1674,46;78,00;;;
Event5;;79;20,95000;0,05900;0,017000;128,325;100,24;1636,3301;0,000;100,072;43,200;0,005;304,450;302,950;25,90;324,683;263,203;0,000;48,000;53,800;52,800;301,950;;;;;0,00;0,00;0,00;3,00;2,61;15,442;25,995;0,61;0,61;999998,00;999998,00;999998,00;999998,00;999998,00;999998,00;999998,00;999998,00;999998,00;999998,00;999998,00;999998,00;999998,00;999998,00;999998,00;;;;;;;;;;;;;;;;;2,2689;0,00000;0,0000;0,00000000;0,00000000;0,00398;Infinity;0,3472;27,916830;-0,001662;24,064805;23,946240;-0,0003;-0,0395;0,00;0,00;0,00;0,00;0,37;;4,381;4,361;0,0200484;20,94900;0,05800;0,02400;0,0002431;;1674,46;79,00;;;
Event6;;80;20,94900;0,05800;0,016000;123,625;100,24;1636,3301;0,000;100,074;43,200;0,005;304,450;302,950;26,00;324,683;263,203;0,000;48,000;53,800;52,800;301,950;;;;;0,00;0,00;0,00;3,00;2,62;15,475;26,030;0,61;0,61;999998,00;999998,00;999998,00;999998,00;999998,00;999998,00;999998,00;999998,00;999998,00;999998,00;999998,00;999998,00;999998,00;999998,00;999998,00;;;;;;;;;;;;;;;;;2,7288;0,00000;0,0000;-0,00083415;-0,00083415;0,00173;-3,85465;0,3500;27,400823;-0,001633;23,619998;23,503625;-0,0003;-0,0381;0,00;0,00;0,00;0,00;0,33;;4,357;4,361;0,0241120;20,95000;0,05800;0,01500;0,0002967;;1674,46;80,00;;;
Event7;;81;20,94700;0,05800;0,018000;131,550;100,24;1636,3301;0,000;100,072;43,200;0,005;304,450;303,050;25,90;324,683;263,203;0,000;48,000;53,800;52,800;301,950;;;;;0,00;0,00;0,00;3,00;2,62;15,475;26,022;0,61;0,61;999998,00;999998,00;999998,00;999998,00;999998,00;999998,00;999998,00;999998,00;999998,00;999998,00;999998,00;999998,00;999998,00;999998,00;999998,00;;;;;;;;;;;;;;;;;2,6943;0,00000;0,0000;0,00583903;0,00583903;0,00178;0,64214;0,3526;28,265449;-0,001652;24,365321;24,253278;-0,0004;-0,0398;0,00;0,00;0,00;0,00;0,34;;4,337;4,314;0,0238070;20,95000;0,05900;0,01500;0,0002840;;1674,46;81,00;;;
Event8;;82;20,94800;0,05800;0,021000;127,350;100,24;1636,3201;0,000;100,074;43,200;0,005;304,550;303,050;26,00;324,683;263,203;0,000;48,000;53,800;52,800;301,950;;;;;0,00;0,00;0,00;3,00;2,62;15,454;26,022;0,61;0,61;999998,00;999998,00;999998,00;999998,00;999998,00;999998,00;999998,00;999998,00;999998,00;999998,00;999998,00;999998,00;999998,00;999998,00;999998,00;;;;;;;;;;;;;;;;;5,4544;0,00000;0,0000;0,00583903;0,00583903;-0,00169;0,63170;0,3581;27,806007;-0,001590;23,977147;23,859052;-0,0003;-0,0377;0,00;0,00;0,00;0,00;0,41;;4,334;4,314;0,0481954;20,94800;0,05900;0,00100;0,0005819;;1674,45;82,00;;;
Event9;;83;20,94800;0,05800;0,015000;126,650;100,25;1636,3201;0,000;100,074;43,200;0,005;304,550;303,050;26,00;324,683;263,203;0,000;48,000;53,800;52,800;301,950;;;;;0,00;0,00;0,00;3,00;2,62;15,420;26,048;0,61;0,61;999998,00;999998,00;999998,00;999998,00;999998,00;999998,00;999998,00;999998,00;999998,00;999998,00;999998,00;999998,00;999998,00;999998,00;999998,00;;;;;;;;;;;;;;;;;6,2720;0,00000;0,0000;-0,00083415;-0,00083415;-0,00315;-3,90090;0,3644;27,729482;-0,001740;23,911159;23,793390;-0,0004;-0,0411;0,00;0,00;0,00;0,00;0,41;;4,352;4,318;0,0554198;20,94800;0,05800;-0,00500;0,0006705;;1674,45;83,00;;;
;;84;20,94900;0,05800;0,002000;129,175;100,25;1636,3201;0,000;100,078;43,200;0,005;304,550;303,050;26,00;324,650;263,203;0,000;48,000;53,800;52,700;301,950;;;;;0,00;0,00;0,00;3,00;2,62;15,475;26,030;0,61;0,61;999998,00;999998,00;999998,00;999998,00;999998,00;999998,00;999998,00;999998,00;999998,00;999998,00;999998,00;999998,00;999998,00;999998,00;999998,00;;;;;;;;;;;;;;;;;6,3351;0,00000;0,0000;0,00000000;0,00000000;-0,00343;Infinity;0,3707;28,004537;-0,001741;24,148339;24,029401;-0,0004;-0,0415;0,00;0,00;0,00;0,00;0,41;;4,375;4,318;0,0559767;20,94800;0,05900;-0,00600;0,0006705;;1674,45;84,00;;;
;;85;20,94900;0,05900;-0,002000;125,550;100,25;1636,3201;0,000;100,074;43,200;0,005;304,550;303,050;26,00;324,650;263,203;0,000;48,000;53,800;52,700;301,950;;;;;0,00;0,00;0,00;3,00;2,62;15,435;26,022;0,61;0,61;999998,00;999998,00;999998,00;999998,00;999998,00;999998,00;999998,00;999998,00;999998,00;999998,00;999998,00;999998,00;999998,00;999998,00;999998,00;;;;;;;;;;;;;;;;;3,5487;0,00000;0,0000;-0,00083415;-0,00083415;0,00125;-3,88393;0,3743;27,608799;-0,001710;23,807094;23,689837;-0,0004;-0,0402;0,00;0,00;0,00;0,00;0,37;;4,382;4,332;0,0313565;20,94900;0,05800;0,01300;0,0003824;;1674,45;85,00;;;
;;86;20,94800;0,05700;-0,015000;130,550;100,26;1636,3201;0,000;100,074;43,200;0,005;304,550;303,050;26,00;324,650;263,203;0,000;48,000;53,800;52,700;301,950;;;;;0,00;0,00;0,00;3,00;2,62;15,473;26,030;0,61;0,61;999998,00;999998,00;999998,00;999998,00;999998,00;999998,00;999998,00;999998,00;999998,00;999998,00;999998,00;999998,00;999998,00;999998,00;999998,00;;;;;;;;;;;;;;;;;4,7078;0,00000;0,0000;0,00583903;0,00583903;-0,00121;0,63959;0,3790;28,153188;-0,001842;24,276522;24,156952;-0,0004;-0,0442;0,00;0,00;0,00;0,00;0,38;;4,379;4,332;0,0415984;20,94900;0,05900;0,00300;0,0004963;;1674,45;86,00;;;
;;87;20,95000;0,05800;-0,002000;131,650;100,25;1636,3101;0,000;100,074;43,200;0,005;304,550;303,050;26,00;324,617;263,203;0,000;47,900;53,800;52,700;301,950;;;;;0,00;0,00;0,00;3,00;2,63;15,509;26,038;0,61;0,61;999998,00;999998,00;999998,00;999998,00;999998,00;999998,00;999998,00;999998,00;999998,00;999998,00;999998,00;999998,00;999998,00;999998,00;999998,00;;;;;;;;;;;;;;;;;5,3926;0,00000;0,0000;0,00583903;0,00583903;-0,00022;0,64227;0,3844;28,271548;-0,001777;24,378583;24,258511;-0,0004;-0,0428;0,00;0,00;0,00;0,00;0,45;;4,387;4,335;0,0476493;20,94700;0,05900;0,00700;0,0005664;;1674,44;87,00;;;
;;88;20,94800;0,05800;-0,002000;126,825;100,26;1636,3101;0,000;100,078;43,200;0,005;304,450;303,050;26,00;324,617;263,203;0,000;47,900;53,800;52,700;301,950;;;;;0,00;0,00;0,00;3,00;2,63;15,460;26,019;0,61;0,61;999998,00;999998,00;999998,00;999998,00;999998,00;999998,00;999998,00;999998,00;999998,00;999998,00;999998,00;999998,00;999998,00;999998,00;999998,00;;;;;;;;;;;;;;;;;3,5369;0,00000;0,0000;-0,00083415;-0,00083415;0,00224;-4,41349;0,3879;27,753190;-0,001810;23,923745;23,813732;-0,0004;-0,0428;0,00;0,00;0,00;0,00;0,41;;4,388;4,335;0,0312516;20,94800;0,05900;0,01700;0,0003795;;1674,44;88,00;;;
;;89;20,94700;0,05800;0,014000;127,525;100,25;1636,3101;0,000;100,070;43,200;0,005;304,550;303,050;26,00;324,617;263,203;0,000;47,900;53,800;52,700;301,950;;;;;0,00;0,00;0,00;3,00;2,63;15,467;26,035;0,61;0,61;999998,00;999998,00;999998,00;999998,00;999998,00;999998,00;999998,00;999998,00;999998,00;999998,00;999998,00;999998,00;999998,00;999998,00;999998,00;;;;;;;;;;;;;;;;;3,3069;0,00000;0,0000;0,00000000;0,00000000;0,00273;Infinity;0,3912;27,825106;-0,001778;23,993615;23,875440;-0,0004;-0,0421;0,00;0,00;0,00;0,00;0,41;;4,377;4,336;0,0292201;20,94800;0,05900;0,01900;0,0003541;;1674,44;89,00;;;
;;90;20,94800;0,05800;0,024000;127,000;100,25;1636,3101;0,000;100,070;43,200;0,005;304,550;303,050;26,00;324,550;263,203;0,000;47,800;53,700;52,700;301,950;;;;;0,00;0,00;0,00;3,00;2,63;15,408;26,035;0,61;0,61;999998,00;999998,00;999998,00;999998,00;999998,00;999998,00;999998,00;999998,00;999998,00;999998,00;999998,00;999998,00;999998,00;999998,00;999998,00;;;;;;;;;;;;;;;;;1,3909;0,00000;0,0000;0,00000000;0,00000000;0,00665;Infinity;0,3926;27,767771;-0,001761;23,944176;23,826244;-0,0004;-0,0417;0,00;0,00;0,01;0,00;0,41;;4,354;4,336;0,0122904;20,94800;0,05900;0,03500;0,0001516;;1674,44;90,00;;;
;;91;20,94900;0,05900;0,015000;128,425;100,26;1636,3101;0,000;100,074;43,200;0,005;304,550;303,050;26,00;324,550;263,203;0,000;47,800;53,800;52,600;301,950;;;;;0,00;0,00;0,00;3,00;2,63;15,473;26,030;0,61;0,61;999998,00;999998,00;999998,00;999998,00;999998,00;999998,00;999998,00;999998,00;999998,00;999998,00;999998,00;999998,00;999998,00;999998,00;999998,00;;;;;;;;;;;;;;;;;4,5181;0,00000;0,0000;0,00000000;0,00000000;0,00028;Infinity;0,3971;27,923119;-0,001842;24,078133;23,959541;-0,0004;-0,0438;0,00;0,00;0,00;0,00;0,41;;4,339;4,326;0,0399216;20,94800;0,05900;0,00900;0,0004807;;1674,44;91,00;;;
;;92;20,95000;0,05900;0,015000;126,975;100,25;1636,3101;0,000;100,062;43,200;0,005;304,450;303,050;26,00;324,550;263,203;0,000;47,800;53,800;52,600;301,950;;;;;0,00;0,00;0,00;3,00;2,63;15,467;26,032;0,61;0,61;999998,00;999998,00;999998,00;999998,00;999998,00;999998,00;999998,00;999998,00;999998,00;999998,00;999998,00;999998,00;999998,00;999998,00;999998,00;;;;;;;;;;;;;;;;;3,0042;0,00000;0,0000;0,00000000;0,00000000;0,00126;Infinity;0,4001;27,769598;-0,001711;23,937888;23,827811;-0,0004;-0,0405;0,00;0,00;0,00;0,00;0,34;;4,333;4,326;0,0265448;20,95000;0,05800;0,01300;0,0003220;;1674,44;92,00;;;
;;93;20,95000;0,05800;0,001000;131,900;100,25;1636,3101;0,000;100,070;43,200;0,005;304,450;302,950;26,00;324,483;263,203;0,000;47,700;53,700;52,600;301,950;;;;;0,00;0,00;0,00;3,00;2,63;15,481;26,046;0,61;0,61;999998,00;999998,00;999998,00;999998,00;999998,00;999998,00;999998,00;999998,00;999998,00;999998,00;999998,00;999998,00;999998,00;999998,00;999998,00;;;;;;;;;;;;;;;;;2,8765;0,00000;0,0000;0,00000000;0,00000000;0,00403;Infinity;0,4030;28,303026;-0,001759;24,397713;24,277508;-0,0004;-0,0424;0,00;0,00;0,00;0,00;0,41;;4,318;4,313;0,0254168;20,94800;0,05800;0,02400;0,0003035;;1674,44;93,00;;;
;;94;20,94800;0,05900;-0,005000;126,875;100,25;1636,3101;0,000;100,070;43,200;0,005;304,450;302,950;26,00;324,483;263,203;0,000;47,700;53,700;52,600;301,950;;;;;0,00;0,00;0,00;3,00;2,64;15,477;26,067;0,61;0,61;999998,00;999998,00;999998,00;999998,00;999998,00;999998,00;999998,00;999998,00;999998,00;999998,00;999998,00;999998,00;999998,00;999998,00;999998,00;;;;;;;;;;;;;;;;;4,1642;0,00000;0,0000;0,00000000;0,00000000;0,00003;Infinity;0,4072;27,758660;-0,001773;23,928460;23,810566;-0,0004;-0,0419;0,00;0,00;0,00;0,00;0,37;;4,309;4,313;0,0367946;20,94900;0,05800;0,00800;0,0004456;;1674,44;94,00;;;
;;95;20,94800;0,05800;-0,006000;131,500;100,25;1636,3101;0,000;100,070;43,200;0,005;304,450;302,950;26,00;324,483;263,203;0,000;47,700;53,700;52,600;301,950;;;;;0,00;0,00;0,00;3,00;2,64;15,475;26,035;0,61;0,61;999998,00;999998,00;999998,00;999998,00;999998,00;999998,00;999998,00;999998,00;999998,00;999998,00;999998,00;999998,00;999998,00;999998,00;999998,00;;;;;;;;;;;;;;;;;5,0898;0,00000;0,0000;0,00000000;0,00000000;-0,00196;Infinity;0,4122;28,260077;-0,001754;24,360690;24,240667;-0,0004;-0,0422;0,00;0,00;0,00;0,00;0,38;;4,313;4,306;0,0449734;20,94900;0,05900;0,00000;0,0005342;;1674,44;95,00;;;
;;96;20,94800;0,05900;0,013000;131,500;100,25;1636,3101;0,000;100,070;43,200;0,005;304,450;302,950;26,00;324,483;263,203;0,000;47,700;53,700;52,600;301,950;;;;;0,00;0,00;0,00;3,00;2,64;15,481;26,030;0,61;0,61;999998,00;999998,00;999998,00;999998,00;999998,00;999998,00;999998,00;999998,00;999998,00;999998,00;999998,00;999998,00;999998,00;999998,00;999998,00;;;;;;;;;;;;;;;;;4,6931;0,00000;0,0000;0,00000000;0,00000000;0,00028;Infinity;0,4169;28,260077;-0,001754;24,360690;24,240667;-0,0004;-0,0422;0,00;0,00;0,00;0,00;0,41;;4,319;4,306;0,0414686;20,94800;0,05800;0,00900;0,0004934;;1674,44;96,00;;;
Auswertung Test;;97;20,94900;0,05900;0,003000;127,050;100,26;1636,3101;0,000;100,070;43,200;0,005;304,450;302,950;26,00;324,483;263,203;0,000;47,700;53,700;52,600;301,950;;;;;0,00;0,00;0,00;3,00;2,64;15,484;26,046;0,61;0,61;999998,00;999998,00;999998,00;999998,00;999998,00;999998,00;999998,00;999998,00;999998,00;999998,00;999998,00;999998,00;999998,00;999998,00;999998,00;;;;;;;;;;;;;;;;;3,9292;0,00000;0,0000;0,00000000;0,00000000;0,00028;Infinity;0,4209;27,777797;-0,001817;23,944956;23,826981;-0,0004;-0,0430;0,00;0,00;0,00;0,00;0,37;;4,319;4,310;0,0347185;20,94900;0,05900;0,00900;0,0004203;;1674,44;97,00;;;
Software;Logger2025 / 19.09.2025 10:04;98;20,94900;0,05900;0,007000;129,025;100,27;1636,3101;0,000;100,070;43,200;0,005;304,450;302,950;26,00;324,417;263,203;0,000;47,700;53,600;52,500;301,950;;;;;0,00;0,00;0,00;3,00;2,64;15,444;26,048;0,61;0,61;999998,00;999998,00;999998,00;999998,00;999998,00;999998,00;999998,00;999998,00;999998,00;999998,00;999998,00;999998,00;999998,00;999998,00;999998,00;;;;;;;;;;;;;;;;;5,4903;0,00000;0,0000;-0,00083415;-0,00083415;-0,00145;-3,93794;0,4264;27,992868;-0,001896;24,130351;24,011463;-0,0004;-0,0452;0,00;0,00;0,00;0,00;0,41;;4,323;4,310;0,0485121;20,94800;0,05800;0,00200;0,0005819;;1674,44;98,00;;;
Auswertung Test;;99;20,94700;0,05900;0,017000;129,475;100,27;1636,3101;0,000;100,062;43,200;0,005;304,450;302,950;26,00;324,417;263,203;0,000;47,700;53,600;52,500;301,950;;;;;0,00;0,00;0,00;3,00;2,64;15,488;26,032;0,61;0,61;999998,00;999998,00;999998,00;999998,00;999998,00;999998,00;999998,00;999998,00;999998,00;999998,00;999998,00;999998,00;999998,00;999998,00;999998,00;;;;;;;;;;;;;;;;;4,0546;0,00000;0,0000;0,00583903;0,00583903;0,00152;0,56354;0,4304;28,041641;-0,001893;24,172395;24,053299;-0,0004;-0,0452;0,00;0,00;0,00;0,00;0,41;;4,327;4,304;0,0358268;20,94800;0,05800;0,01400;0,0004301;;1674,44;99,00;;;
Test start time   [s];60;100;20,94800;0,05900;0,019000;126,000;100,27;1636,3000;0,000;100,070;43,200;0,005;304,450;302,950;26,00;324,417;263,203;0,000;47,700;53,600;52,500;301,950;;;;;0,00;0,00;0,00;3,00;2,64;15,482;26,030;0,61;0,61;999998,00;999998,00;999998,00;999998,00;999998,00;999998,00;999998,00;999998,00;999998,00;999998,00;999998,00;999998,00;999998,00;999998,00;999998,00;;;;;;;;;;;;;;;;;5,3937;0,00000;0,0000;0,00499471;0,00499471;0,00003;0,56513;0,4358;27,662775;-0,001970;23,845805;23,728319;-0,0004;-0,0464;0,00;0,00;0,00;0,00;0,44;;4,331;4,304;0,0476588;20,94700;0,05700;0,00800;0,0005790;;1674,43;100,00;;;
Time to ignition  [s];12;101;20,94800;0,05900;0,035000;125,500;100,27;1636,3000;0,000;100,070;43,200;0,005;304,450;302,850;26,00;324,417;263,203;0,000;47,700;53,600;52,500;301,950;;;;;0,00;0,00;0,00;3,00;2,65;15,481;26,038;0,61;0,61;999998,00;999998,00;999998,00;999998,00;999998,00;999998,00;999998,00;999998,00;999998,00;999998,00;999998,00;999998,00;999998,00;999998,00;999998,00;;;;;;;;;;;;;;;;;4,1415;0,00000;0,0000;0,00507609;0,00507609;0,00003;0,63821;0,4399;27,607834;-0,001934;23,798445;23,673375;-0,0004;-0,0454;0,00;0,00;0,00;0,00;0,37;;4,335;4,300;0,0365947;20,94900;0,05800;0,00800;0,0004456;;1674,43;101,00;;;
Time to flame out [s];856;102;20,94800;0,05800;0,009000;127,025;100,27;1636,2899;0,000;100,070;43,200;0,005;304,350;302,850;26,00;324,383;263,203;0,000;47,600;53,600;52,500;301,950;;;;;0,00;0,00;0,00;3,00;2,65;15,469;26,054;0,61;0,61;999998,00;999998,00;999998,00;999998,00;999998,00;999998,00;999998,00;999998,00;999998,00;999998,00;999998,00;999998,00;999998,00;999998,00;999998,00;;;;;;;;;;;;;;;;;5,9256;0,00000;0,0000;0,00675456;0,00675456;-0,00242;0,48261;0,4459;27,779627;-0,001929;23,938668;23,820685;-0,0004;-0,0456;0,00;0,00;0,00;0,00;0,41;;4,342;4,300;0,0523584;20,94800;0,05800;-0,00200;0,0006325;;1674,42;102,00;;;
Time end of test  [s];973;103;20,94800;0,05800;0,013000;131,000;100,26;1636,2899;0,000;100,070;43,200;0,005;304,350;302,850;26,00;324,383;263,196;0,000;47,600;53,600;52,500;301,950;;;;;0,00;0,00;0,00;3,00;2,65;15,456;26,059;0,61;0,61;999998,00;999998,00;999998,00;999998,00;999998,00;999998,00;999998,00;999998,00;999998,00;999998,00;999998,00;999998,00;999998,00;999998,00;999998,00;;;;;;;;;;;;;;;;;3,9262;0,00000;0,0000;-0,00675456;-0,00675456;0,00302;-0,49010;0,4498;28,210933;-0,001875;24,310340;24,190525;-0,0004;-0,0450;0,00;0,00;0,00;0,00;0,45;;4,348;4,295;0,0346920;20,94700;0,05800;0,02000;0,0004145;;1674,42;103,00;;;
Masses;;104;20,95000;0,05800;0,024000;126,025;100,27;1636,3000;0,000;100,074;43,200;0,005;304,350;302,850;26,00;324,350;263,196;0,000;47,600;53,500;52,500;301,950;;;;;0,00;0,00;0,00;3,00;2,65;15,473;26,030;0,61;0,61;999998,00;999998,00;999998,00;999998,00;999998,00;999998,00;999998,00;999998,00;999998,00;999998,00;999998,00;999998,00;999998,00;999998,00;999998,00;;;;;;;;;;;;;;;;;4,5960;0,00000;0,0000;-0,00675456;-0,00675456;0,00003;-0,54340;0,4544;27,670064;-0,001919;23,844254;23,726737;-0,0004;-0,0452;0,00;0,00;0,00;0,00;0,40;;4,347;4,295;0,0406099;20,94800;0,05900;0,00800;0,0004934;;1674,43;104,00;;;
Mass sust.flaming [g];1674,54;105;20,94800;0,05900;0,008000;127,450;100,27;1636,3000;0,000;100,070;43,200;0,005;304,350;302,850;26,00;324,317;263,196;0,000;47,600;53,500;52,400;301,950;;;;;0,00;0,00;0,00;3,00;2,65;15,427;26,054;0,61;0,61;999998,00;999998,00;999998,00;999998,00;999998,00;999998,00;999998,00;999998,00;999998,00;999998,00;999998,00;999998,00;999998,00;999998,00;999998,00;;;;;;;;;;;;;;;;;5,4280;0,00000;0,0000;0,00675456;0,00675456;-0,00070;0,60952;0,4598;27,826060;-0,001962;23,978681;23,860501;-0,0004;-0,0465;0,00;0,00;0,00;0,00;0,44;;4,353;4,302;0,0479614;20,94700;0,06000;0,00500;0,0005790;;1674,43;105,00;;;
Mass remaining    [g];1673,50;106;20,94900;0,05800;0,000000;126,475;100,28;1636,2899;0,000;100,068;43,200;0,005;304,350;302,850;26,00;324,283;263,196;0,000;47,500;53,500;52,400;301,950;;;;;0,00;0,00;0,00;3,00;2,65;15,465;26,035;0,61;0,60;999998,00;999998,00;999998,00;999998,00;999998,00;999998,00;999998,00;999998,00;999998,00;999998,00;999998,00;999998,00;999998,00;999998,00;999998,00;;;;;;;;;;;;;;;;;5,6468;0,00000;0,0000;0,00591024;0,00591024;-0,00168;0,83750;0,4655;27,719421;-0,002005;23,886787;23,769060;-0,0004;-0,0473;0,00;0,00;0,00;0,00;0,44;;4,365;4,302;0,0498953;20,94700;0,06200;0,00100;0,0006043;;1674,42;106,00;;;
Mass loss test    [g];1,04;107;20,94900;0,05900;0,009000;125,275;100,27;1636,2899;0,000;100,068;43,200;0,005;304,350;302,850;26,00;324,283;263,190;0,000;47,500;53,500;52,400;301,950;;;;;0,00;0,00;0,00;3,00;2,65;15,465;26,048;0,61;0,60;999998,00;999998,00;999998,00;999998,00;999998,00;999998,00;999998,00;999998,00;999998,00;999998,00;999998,00;999998,00;999998,00;999998,00;999998,00;;;;;;;;;;;;;;;;;5,5890;0,00000;0,0000;-0,00084432;-0,00084432;-0,00045;-5,83459;0,4711;27,587605;-0,001948;23,773196;23,656029;-0,0004;-0,0457;0,00;0,00;0,00;0,00;0,47;;4,376;4,324;0,0493847;20,94600;0,06200;0,00600;0,0006014;;1674,42;107,00;;;
Mass loss rate test [g/s];-1,83;108;20,94800;0,05800;0,009000;127,900;100,27;1636,2899;0,000;100,068;43,200;0,005;304,350;302,850;26,00;324,250;263,190;0,000;47,500;53,400;52,400;301,950;;;;;0,00;0,00;0,00;3,00;2,65;15,482;26,067;0,61;0,60;999998,00;999998,00;999998,00;999998,00;999998,00;999998,00;999998,00;999998,00;999998,00;999998,00;999998,00;999998,00;999998,00;999998,00;999998,00;;;;;;;;;;;;;;;;;5,6465;0,00000;0,0000;0,00000000;0,00000000;-0,00021;Infinity;0,4767;27,875141;-0,001973;24,020976;23,902588;-0,0004;-0,0468;0,00;0,00;0,00;0,00;0,48;;4,388;4,324;0,0498923;20,94600;0,06100;0,00700;0,0006014;;1674,42;108,00;;;
Mass loss rate 10/90 [g/s];NaN;109;20,94900;0,05800;0,002000;128,550;100,27;1636,2899;0,000;100,068;43,200;0,005;304,350;302,850;26,00;324,283;263,190;0,000;47,500;53,500;52,400;301,950;;;;;0,00;0,00;0,00;3,00;2,66;15,448;26,046;0,61;0,60;999998,00;999998,00;999998,00;999998,00;999998,00;999998,00;999998,00;999998,00;999998,00;999998,00;999998,00;999998,00;999998,00;999998,00;999998,00;;;;;;;;;;;;;;;;;4,4300;0,00000;0,0000;0,00000000;0,00000000;0,00324;Infinity;0,4811;27,945883;-0,001965;24,081937;23,963248;-0,0004;-0,0468;0,00;0,00;0,00;0,00;0,51;;4,394;4,337;0,0391432;20,94500;0,06200;0,02100;0,0004720;;1674,42;109,00;;;
Values;;110;20,94800;0,05700;0,014000;129,025;100,27;1636,2899;0,000;100,068;43,200;0,005;304,350;302,850;26,00;324,250;263,190;0,000;47,600;53,400;52,300;301,950;;;;;0,00;0,00;0,00;3,00;2,66;15,454;26,030;0,61;0,60;999998,00;999998,00;999998,00;999998,00;999998,00;999998,00;999998,00;999998,00;999998,00;999998,00;999998,00;999998,00;999998,00;999998,00;999998,00;;;;;;;;;;;;;;;;;3,3548;0,00000;0,0000;0,00000000;0,00000000;0,00572;Infinity;0,4845;27,997467;-0,001974;24,126388;24,007480;-0,0004;-0,0470;0,00;0,00;0,01;0,00;0,51;;4,389;4,337;0,0296427;20,94500;0,06100;0,03100;0,0003581;;1674,42;110,00;;;
THR   [MJ/m²];4,8;111;20,94800;0,05800;0,008000;124,925;100,26;1636,2899;0,000;100,068;43,200;0,005;304,350;302,850;26,00;324,250;263,183;0,000;47,600;53,400;52,300;301,950;;;;;0,00;0,00;0,00;3,00;2,66;15,484;26,040;0,61;0,60;999998,00;999998,00;999998,00;999998,00;999998,00;999998,00;999998,00;999998,00;999998,00;999998,00;999998,00;999998,00;999998,00;999998,00;999998,00;;;;;;;;;;;;;;;;;4,4536;0,00000;0,0000;-0,00083415;-0,00083415;0,00441;-5,39199;0,4889;27,549041;-0,001882;23,739964;23,622961;-0,0004;-0,0441;0,00;0,00;0,00;0,00;0,54;;4,385;4,339;0,0393524;20,94400;0,06100;0,02600;0,0004817;;1674,42;111,00;;;
TSP   [m²];0,0;112;20,94700;0,05800;0,008000;129,150;100,26;1636,2899;0,000;100,068;43,200;0,005;304,350;302,750;26,00;324,217;263,183;0,000;47,500;53,400;52,300;301,950;;;;;0,00;0,00;0,00;3,00;2,66;15,498;26,059;0,60;0,60;999998,00;999998,00;999998,00;999998,00;999998,00;999998,00;999998,00;999998,00;999998,00;999998,00;999998,00;999998,00;999998,00;999998,00;999998,00;;;;;;;;;;;;;;;;;6,3329;0,00000;0,0000;0,00583903;0,00583903;0,00077;0,78320;0,4953;28,011026;-0,001823;24,138073;24,011176;-0,0004;-0,0435;0,00;0,00;0,00;0,00;0,55;;4,394;4,339;0,0559577;20,94400;0,06100;0,01100;0,0006716;;1674,42;112,00;;;
TSR   [m²/m²];0,0;113;20,94900;0,05800;-0,002000;127,000;100,26;1636,2799;0,000;100,070;43,200;0,005;304,350;302,850;26,00;324,217;263,183;0,000;47,500;53,400;52,300;301,950;;;;;0,00;0,00;0,00;3,00;2,66;15,484;26,056;0,60;0,60;999998,00;999998,00;999998,00;999998,00;999998,00;999998,00;999998,00;999998,00;999998,00;999998,00;999998,00;999998,00;999998,00;999998,00;999998,00;;;;;;;;;;;;;;;;;4,6722;0,00000;0,0000;0,00583903;0,00583903;0,00175;0,77665;0,4999;27,776893;-0,001878;23,936312;23,818341;-0,0004;-0,0444;0,00;0,00;0,00;0,00;0,48;;4,404;4,343;0,0412837;20,94600;0,06100;0,01500;0,0005002;;1674,41;113,00;;;
TSR   [m²/m² (none flaming phase)];0,0;114;20,94800;0,05900;0,020000;128,225;100,27;1636,2799;0,000;100,068;43,200;0,005;304,350;302,850;26,00;324,217;263,183;0,000;47,500;53,400;52,300;301,950;;;;;0,00;0,00;0,00;3,00;2,66;15,448;26,056;0,60;0,60;999998,00;999998,00;999998,00;999998,00;999998,00;999998,00;999998,00;999998,00;999998,00;999998,00;999998,00;999998,00;999998,00;999998,00;999998,00;;;;;;;;;;;;;;;;;6,9398;0,00000;0,0000;-0,00083415;-0,00083415;-0,00145;-4,95061;0,5069;27,910534;-0,001917;24,051476;23,932937;-0,0004;-0,0455;0,00;0,00;0,00;0,00;0,51;;4,416;4,343;0,0613204;20,94500;0,06000;0,00200;0,0007377;;1674,41;114,00;;;
TSR   [m²/m² (flaming phase)];0,0;115;20,94700;0,06000;0,008000;124,850;100,26;1636,2799;0,000;100,068;43,200;0,005;304,350;302,850;26,00;324,217;263,190;0,000;47,500;53,400;52,300;301,950;;;;;0,00;0,00;0,00;3,00;2,66;15,505;26,051;0,60;0,60;999998,00;999998,00;999998,00;999998,00;999998,00;999998,00;999998,00;999998,00;999998,00;999998,00;999998,00;999998,00;999998,00;999998,00;999998,00;;;;;;;;;;;;;;;;;7,7637;0,00000;0,0000;0,00000000;0,00000000;-0,00240;Infinity;0,5147;27,540770;-0,001873;23,732837;23,615869;-0,0004;-0,0439;0,00;0,00;0,00;0,00;0,54;;4,441;4,375;0,0686003;20,94400;0,06100;-0,00200;0,0008360;;1674,41;115,00;;;
MARHE [kW / m²];5,4;116;20,94800;0,06200;0,005000;126,525;100,27;1636,2799;0,000;100,068;43,200;0,005;304,350;302,850;26,00;324,217;263,190;0,000;47,500;53,400;52,300;301,950;;;;;0,00;0,00;0,00;3,00;2,67;15,427;26,051;0,60;0,60;999998,00;999998,00;999998,00;999998,00;999998,00;999998,00;999998,00;999998,00;999998,00;999998,00;999998,00;999998,00;999998,00;999998,00;999998,00;;;;;;;;;;;;;;;;;6,4183;0,00000;0,0000;0,00000000;0,00000000;-0,00070;Infinity;0,5211;27,724899;-0,001911;23,891508;23,773757;-0,0004;-0,0451;0,00;0,00;0,00;0,00;0,51;;4,464;4,375;0,0567124;20,94500;0,06100;0,00500;0,0006871;;1674,41;116,00;;;
Results HRR;;117;20,94700;0,06200;0,001000;129,375;100,27;1636,2799;0,000;100,072;43,200;0,005;304,250;302,850;26,00;324,150;263,190;0,000;47,500;53,300;52,200;301,950;;;;;0,00;0,00;0,00;3,00;2,67;15,469;26,072;0,60;0,60;999998,00;999998,00;999998,00;999998,00;999998,00;999998,00;999998,00;999998,00;999998,00;999998,00;999998,00;999998,00;999998,00;999998,00;999998,00;;;;;;;;;;;;;;;;;7,3026;0,00000;0,0000;0,00000000;0,00000000;-0,00120;Infinity;0,5284;28,040021;-0,001932;24,155120;24,043971;-0,0004;-0,0461;0,00;0,00;0,00;0,00;0,55;;4,485;4,429;0,0645259;20,94400;0,06100;0,00300;0,0007728;;1674,41;117,00;;;
HRR max [kW/m²];10,2;118;20,94700;0,06100;0,006000;129,325;100,26;1636,2799;0,000;100,072;43,200;0,005;304,250;302,750;26,00;324,150;263,183;0,000;47,500;53,300;52,200;301,950;;;;;0,00;0,00;0,00;3,00;2,67;15,475;26,038;0,60;0,59;999998,00;999998,00;999998,00;999998,00;999998,00;999998,00;999998,00;999998,00;999998,00;999998,00;999998,00;999998,00;999998,00;999998,00;999998,00;;;;;;;;;;;;;;;;;6,3697;0,00000;0,0000;0,00000000;0,00000000;-0,00046;Infinity;0,5347;28,034603;-0,001869;24,150452;24,031387;-0,0004;-0,0446;0,00;0,00;0,00;0,00;0,51;;4,505;4,429;0,0562823;20,94500;0,06100;0,00600;0,0006745;;1674,41;118,00;;;
Max at [s];316;119;20,94600;0,06200;0,007000;129,150;100,27;1636,2799;0,000;100,068;43,200;0,005;304,250;302,750;26,10;324,117;263,183;0,000;47,400;53,300;52,200;301,950;;;;;0,00;0,00;0,00;3,00;2,67;15,494;26,054;0,60;0,59;999998,00;999998,00;999998,00;999998,00;999998,00;999998,00;999998,00;999998,00;999998,00;999998,00;999998,00;999998,00;999998,00;999998,00;999998,00;;;;;;;;;;;;;;;;;6,8143;0,00000;0,0000;0,00000000;0,00000000;0,00003;Infinity;0,5416;28,015629;-0,001890;24,134107;24,015122;-0,0004;-0,0450;0,00;0,00;0,00;0,00;0,55;;4,522;4,474;0,0602114;20,94400;0,06000;0,00800;0,0007222;;1674,41;119,00;;;
HRR 060s [kW/m²];4,4;120;20,94600;0,06100;0,021000;126,300;100,26;1636,2799;0,000;100,068;43,200;0,005;304,250;302,750;26,00;324,117;263,183;0,000;47,400;53,300;52,200;301,950;;;;;0,00;0,00;0,00;3,00;2,67;15,437;26,046;0,60;0,59;999998,00;999998,00;999998,00;999998,00;999998,00;999998,00;999998,00;999998,00;999998,00;999998,00;999998,00;999998,00;999998,00;999998,00;999998,00;;;;;;;;;;;;;;;;;3,4699;0,00000;0,0000;0,00000000;0,00000000;0,00419;Infinity;0,5450;27,704789;-0,001842;23,866334;23,748669;-0,0004;-0,0434;0,00;0,00;0,00;0,00;0,47;;4,527;4,474;0,0306602;20,94600;0,06100;0,02500;0,0003736;;1674,41;120,00;;;
HRR 120s [kW/m²];4,7;121;20,94500;0,06100;0,031000;123,975;100,25;1636,2799;0,000;100,066;43,200;0,005;304,250;302,750;26,00;324,117;263,183;0,000;47,400;53,300;52,200;301,950;;;;;0,00;0,00;0,00;3,00;2,67;15,482;26,070;0,60;0,59;999998,00;999998,00;999998,00;999998,00;999998,00;999998,00;999998,00;999998,00;999998,00;999998,00;999998,00;999998,00;999998,00;999998,00;999998,00;;;;;;;;;;;;;;;;;2,8791;0,00000;0,0000;0,00000000;0,00000000;0,00415;Infinity;0,5479;27,448601;-0,001743;23,645640;23,529063;-0,0004;-0,0407;0,00;0,00;0,00;0,00;0,44;;4,516;4,480;0,0254394;20,94700;0,06100;0,02500;0,0003133;;1674,41;121,00;;;
HRR 180s [kW/m²];4,9;122;20,94500;0,06100;0,026000;123,175;100,25;1636,2799;0,000;100,068;43,200;0,005;304,250;302,750;26,10;324,117;263,183;0,000;47,400;53,300;52,200;301,950;;;;;0,00;0,00;0,00;3,00;2,67;15,467;26,043;0,59;0,59;999998,00;999998,00;999998,00;999998,00;999998,00;999998,00;999998,00;999998,00;999998,00;999998,00;999998,00;999998,00;999998,00;999998,00;999998,00;;;;;;;;;;;;;;;;;3,8969;0,00000;0,0000;0,00000000;0,00000000;0,00317;Infinity;0,5518;27,359897;-0,001728;23,569226;23,453026;-0,0004;-0,0402;0,00;0,00;0,00;0,00;0,47;;4,507;4,480;0,0344330;20,94600;0,06100;0,02100;0,0004243;;1674,41;122,00;;;
HRR 240s [kW/m²];5,0;123;20,94400;0,06100;0,011000;129,575;100,25;1636,2799;0,000;100,072;43,200;0,005;304,250;302,750;26,00;324,050;263,183;0,000;47,400;53,200;52,100;301,950;;;;;0,00;0,00;0,00;3,00;2,68;15,427;26,059;0,59;0,59;999998,00;999998,00;999998,00;999998,00;999998,00;999998,00;999998,00;999998,00;999998,00;999998,00;999998,00;999998,00;999998,00;999998,00;999998,00;;;;;;;;;;;;;;;;;4,3262;0,00000;0,0000;0,00000000;0,00000000;0,00400;Infinity;0,5561;28,061686;-0,001729;24,173783;24,054603;-0,0004;-0,0413;0,00;0,00;0,00;0,00;0,52;;4,504;4,465;0,0382259;20,94500;0,06000;0,02400;0,0004593;;1674,41;123,00;;;
HRR 300s [kW/m²];5,1;124;20,94400;0,06000;0,015000;124,900;100,24;1636,2799;0,000;100,066;43,200;0,005;304,250;302,750;26,00;324,050;263,183;0,000;47,400;53,200;52,100;301,950;;;;;0,00;0,00;0,00;3,00;2,68;15,460;26,035;0,59;0,59;999998,00;999998,00;999998,00;999998,00;999998,00;999998,00;999998,00;999998,00;999998,00;999998,00;999998,00;999998,00;999998,00;999998,00;999998,00;;;;;;;;;;;;;;;;;7,4726;0,00000;0,0000;-0,00083415;-0,00083415;-0,00386;-4,88678;0,5636;27,550811;-0,001679;23,733689;23,616678;-0,0003;-0,0394;0,00;0,00;0,00;0,00;0,47;;4,515;4,465;0,0660275;20,94600;0,06000;-0,00800;0,0008038;;1674,41;124,00;;;
HRR 360s [kW/m²];5,2;125;20,94600;0,06100;0,002000;128,975;100,25;1636,2799;0,000;100,070;43,200;0,005;304,250;302,750;26,10;324,050;263,183;0,000;47,400;53,200;52,100;301,950;;;;;0,00;0,00;0,00;3,00;2,68;15,467;26,064;0,59;0,59;999998,00;999998,00;999998,00;999998,00;999998,00;999998,00;999998,00;999998,00;999998,00;999998,00;999998,00;999998,00;999998,00;999998,00;999998,00;;;;;;;;;;;;;;;;;7,4733;0,00000;0,0000;0,00583903;0,00583903;-0,00367;0,70941;0,5711;27,996641;-0,001730;24,117750;23,998846;-0,0004;-0,0412;0,00;0,00;0,00;0,00;0,48;;4,539;4,488;0,0660341;20,94600;0,06000;-0,00700;0,0007912;;1674,41;125,00;;;
HRR Test [kW/m²];5,2;126;20,94500;0,06100;-0,002000;129,050;100,25;1636,2699;0,000;100,072;43,200;0,005;304,250;302,750;26,00;324,050;263,183;0,000;47,400;53,200;52,100;301,950;;;;;0,00;0,00;0,00;3,00;2,68;15,448;26,046;0,59;0,58;999998,00;999998,00;999998,00;999998,00;999998,00;999998,00;999998,00;999998,00;999998,00;999998,00;999998,00;999998,00;999998,00;999998,00;999998,00;;;;;;;;;;;;;;;;;8,0773;0,00000;0,0000;0,00583903;0,00583903;-0,00516;0,78302;0,5792;28,004780;-0,001763;24,124761;24,005822;-0,0004;-0,0420;0,00;0,00;-0,01;0,00;0,48;;4,564;4,488;0,0713709;20,94600;0,06100;-0,01300;0,0008544;;1674,40;126,00;;;
Results EHC;;127;20,94400;0,06100;0,005000;123,125;100,25;1636,2699;0,000;100,070;43,200;0,005;304,250;302,750;26,00;324,050;263,183;0,000;47,400;53,200;52,100;301,950;;;;;0,00;0,00;0,00;3,00;2,68;15,505;26,070;0,59;0,58;999998,00;999998,00;999998,00;999998,00;999998,00;999998,00;999998,00;999998,00;999998,00;999998,00;999998,00;999998,00;999998,00;999998,00;999998,00;;;;;;;;;;;;;;;;;6,6841;0,00000;0,0000;-0,00083415;-0,00083415;-0,00118;-4,85194;0,5858;27,354342;-0,001779;23,564441;23,448264;-0,0004;-0,0414;0,00;0,00;0,00;0,00;0,50;;4,587;4,529;0,0590607;20,94500;0,06000;0,00300;0,0007251;;1674,40;127,00;;;
EHC max [MJ/kg];0,0;128;20,94500;0,06100;0,003000;132,500;100,25;1636,2699;0,000;100,072;43,200;0,005;304,250;302,750;26,10;324,050;263,183;0,000;47,400;53,200;52,100;301,950;;;;;0,00;0,00;0,00;3,00;2,68;15,469;26,056;0,59;0,58;999998,00;999998,00;999998,00;999998,00;999998,00;999998,00;999998,00;999998,00;999998,00;999998,00;999998,00;999998,00;999998,00;999998,00;999998,00;;;;;;;;;;;;;;;;;6,4466;0,00000;0,0000;0,00000000;0,00000000;-0,00022;Infinity;0,5923;28,376648;-0,001708;24,445108;24,324589;-0,0004;-0,0412;0,00;0,00;0,00;0,00;0,52;;4,602;4,529;0,0569617;20,94500;0,06000;0,00700;0,0006745;;1674,40;128,00;;;
Max at [s];256;129;20,94400;0,06000;0,006000;128,925;100,25;1636,2699;0,000;100,070;43,200;0,005;304,250;302,750;26,00;324,017;263,183;0,000;47,300;53,200;52,100;301,950;;;;;0,00;0,00;0,00;3,00;2,68;15,498;26,067;0,58;0,58;999998,00;999998,00;999998,00;999998,00;999998,00;999998,00;999998,00;999998,00;999998,00;999998,00;999998,00;999998,00;999998,00;999998,00;999998,00;;;;;;;;;;;;;;;;;4,2580;0,00000;0,0000;0,00000000;0,00000000;0,00176;Infinity;0,5965;27,991213;-0,001775;24,113074;23,994193;-0,0004;-0,0423;0,00;0,00;0,00;0,00;0,44;;4,608;4,544;0,0376235;20,94700;0,06000;0,01500;0,0004525;;1674,40;129,00;;;
EHC 060s [MJ/kg];0,0;130;20,94500;0,06100;0,008000;128,925;100,26;1636,2699;0,000;100,072;43,200;0,005;304,250;302,750;26,10;323,950;263,183;0,000;47,300;53,100;52,000;301,950;;;;;0,00;0,00;0,00;3,00;2,69;15,481;26,046;0,58;0,58;999998,00;999998,00;999998,00;999998,00;999998,00;999998,00;999998,00;999998,00;999998,00;999998,00;999998,00;999998,00;999998,00;999998,00;999998,00;;;;;;;;;;;;;;;;;2,4225;0,00000;0,0000;0,00000000;0,00000000;0,00670;Infinity;0,5990;27,991213;-0,001859;24,113074;23,994193;-0,0004;-0,0443;0,00;0,00;0,01;0,00;0,48;;4,598;4,544;0,0214050;20,94600;0,06000;0,03500;0,0002597;;1674,40;130,00;;;
EHC 120s [MJ/kg];0,0;131;20,94400;0,06100;0,025000;127,075;100,26;1636,2699;0,000;100,072;43,200;0,005;304,250;302,750;26,00;323,950;263,183;0,000;47,300;53,100;52,000;301,950;;;;;0,00;0,00;0,00;3,00;2,69;15,467;26,072;0,58;0,58;999998,00;999998,00;999998,00;999998,00;999998,00;999998,00;999998,00;999998,00;999998,00;999998,00;999998,00;999998,00;999998,00;999998,00;999998,00;;;;;;;;;;;;;;;;;4,7929;0,00000;0,0000;0,00000000;0,00000000;0,00175;Infinity;0,6038;27,789659;-0,001804;23,939445;23,821420;-0,0004;-0,0427;0,00;0,00;0,00;0,00;0,48;;4,591;4,544;0,0423502;20,94600;0,06000;0,01500;0,0005129;;1674,40;131,00;;;
EHC 180s [MJ/kg];0,0;132;20,94600;0,06100;0,025000;129,850;100,25;1636,2699;0,000;100,066;43,200;0,005;304,250;302,750;26,00;323,950;263,183;0,000;47,300;53,100;52,000;301,950;;;;;0,00;0,00;0,00;3,00;2,69;15,475;26,086;0,58;0,58;999998,00;999998,00;999998,00;999998,00;999998,00;999998,00;999998,00;999998,00;999998,00;999998,00;999998,00;999998,00;999998,00;999998,00;999998,00;;;;;;;;;;;;;;;;;4,1210;0,00000;0,0000;-0,00082397;-0,00082397;0,00326;-5,04419;0,6079;28,091449;-0,001766;24,199422;24,080115;-0,0004;-0,0422;0,00;0,00;0,00;0,00;0,48;;4,590;4,544;0,0364129;20,94600;0,06000;0,02100;0,0004369;;1674,40;132,00;;;
EHC 240s [MJ/kg];0,0;133;20,94700;0,06000;0,021000;129,450;100,25;1636,2699;0,000;100,066;43,200;0,005;304,250;302,750;26,10;323,917;263,183;0,000;47,200;53,100;52,000;301,950;;;;;0,00;0,00;0,00;3,00;2,69;15,439;26,083;0,58;0,57;999998,00;999998,00;999998,00;999998,00;999998,00;999998,00;999998,00;999998,00;999998,00;999998,00;999998,00;999998,00;999998,00;999998,00;999998,00;;;;;;;;;;;;;;;;;4,6281;0,00000;0,0000;0,00576782;0,00576782;0,00102;0,71949;0,6125;28,048148;-0,001745;24,162121;24,042998;-0,0004;-0,0416;0,00;0,00;0,00;0,00;0,44;;4,588;4,546;0,0408936;20,94700;0,06000;0,01200;0,0004905;;1674,40;133,00;;;
EHC 300s [MJ/kg];0,0;134;20,94600;0,06000;0,024000;128,475;100,24;1636,2600;0,000;100,066;43,200;0,005;304,250;302,750;26,00;323,917;263,183;0,000;47,200;53,100;52,000;301,950;;;;;0,00;0,00;0,00;3,00;2,69;15,439;26,078;0,58;0,57;999998,00;999998,00;999998,00;999998,00;999998,00;999998,00;999998,00;999998,00;999998,00;999998,00;999998,00;999998,00;999998,00;999998,00;999998,00;;;;;;;;;;;;;;;;;7,0103;0,00000;0,0000;0,00576782;0,00576782;-0,00391;0,71677;0,6195;27,942321;-0,001688;24,070956;23,952282;-0,0004;-0,0401;0,00;0,00;0,00;0,00;0,44;;4,597;4,546;0,0619427;20,94700;0,06000;-0,00800;0,0007435;;1674,39;134,00;;;
EHC 360s [MJ/kg];0,0;135;20,94500;0,06000;-0,008000;121,725;100,24;1636,2600;0,000;100,070;43,200;0,005;304,250;302,750;26,00;323,917;263,183;0,000;47,200;53,100;52,000;301,950;;;;;0,00;0,00;0,00;3,00;2,69;15,490;26,072;0,57;0,57;999998,00;999998,00;999998,00;999998,00;999998,00;999998,00;999998,00;999998,00;999998,00;999998,00;999998,00;999998,00;999998,00;999998,00;999998,00;;;;;;;;;;;;;;;;;6,7628;0,00000;0,0000;-0,00082397;-0,00082397;-0,00141;-4,88383;0,6263;27,198381;-0,001683;23,430088;23,314574;-0,0003;-0,0390;0,00;0,00;0,00;0,00;0,50;;4,614;4,563;0,0597558;20,94500;0,06000;0,00200;0,0007377;;1674,39;135,00;;;
EHC Test [MJ/kg];41,2;136;20,94600;0,06100;-0,007000;131,525;100,25;1636,2600;0,000;100,070;43,200;0,005;304,150;302,750;26,00;323,850;263,183;0,000;47,200;53,000;51,900;301,950;;;;;0,00;0,00;0,00;3,00;2,69;15,448;26,094;0,57;0,57;999998,00;999998,00;999998,00;999998,00;999998,00;999998,00;999998,00;999998,00;999998,00;999998,00;999998,00;999998,00;999998,00;999998,00;999998,00;;;;;;;;;;;;;;;;;7,0309;0,00000;0,0000;-0,00083415;-0,00083415;-0,00146;-5,01554;0,6333;28,276698;-0,001694;24,350999;24,238912;-0,0004;-0,0408;0,00;0,00;0,00;0,00;0,52;;4,631;4,563;0,0621249;20,94500;0,06000;0,00200;0,0007377;;1674,39;136,00;;;
Results MLR;;137;20,94600;0,06000;-0,013000;127,875;100,24;1636,2600;0,000;100,070;43,200;0,005;304,250;302,750;26,00;323,850;263,183;0,000;47,200;53,000;51,900;301,950;;;;;0,00;0,00;0,00;3,00;2,70;15,463;26,083;0,57;0,57;999998,00;999998,00;999998,00;999998,00;999998,00;999998,00;999998,00;999998,00;999998,00;999998,00;999998,00;999998,00;999998,00;999998,00;999998,00;;;;;;;;;;;;;;;;;6,4848;0,00000;0,0000;0,00583903;0,00583903;-0,00194;0,77945;0,6398;27,876997;-0,001652;24,014682;23,896286;-0,0003;-0,0392;0,00;0,00;0,00;0,00;0,48;;4,646;4,593;0,0572994;20,94600;0,06100;0,00000;0,0006900;;1674,39;137,00;;;
MLR max [g/s];0,0191;138;20,94600;0,06000;0,003000;129,800;100,24;1636,2500;0,000;100,070;43,200;0,005;304,250;302,750;26,10;323,850;263,183;0,000;47,200;53,000;51,900;301,950;;;;;0,00;0,00;0,00;3,00;2,70;15,467;26,075;0,57;0,56;999998,00;999998,00;999998,00;999998,00;999998,00;999998,00;999998,00;999998,00;999998,00;999998,00;999998,00;999998,00;999998,00;999998,00;999998,00;;;;;;;;;;;;;;;;;6,1393;0,00000;0,0000;0,00583903;0,00583903;0,00028;0,71167;0,6459;28,086040;-0,001645;24,194763;24,075479;-0,0003;-0,0393;0,00;0,00;0,00;0,00;0,52;;4,658;4,593;0,0542472;20,94500;0,06000;0,00900;0,0006492;;1674,38;138,00;;;
Max at [s];857;139;20,94500;0,06000;0,007000;126,275;100,25;1636,2500;0,000;100,070;43,200;0,005;304,150;302,750;26,10;323,850;263,183;0,000;47,200;53,000;51,900;301,950;;;;;0,00;0,00;0,00;3,00;2,70;15,467;26,070;0,57;0,56;999998,00;999998,00;999998,00;999998,00;999998,00;999998,00;999998,00;999998,00;999998,00;999998,00;999998,00;999998,00;999998,00;999998,00;999998,00;;;;;;;;;;;;;;;;;3,7394;0,00000;0,0000;-0,00083415;-0,00083415;0,00248;-5,42281;0,6497;27,706599;-0,001725;23,860048;23,750221;-0,0004;-0,0407;0,00;0,00;0,00;0,00;0,44;;4,660;4,601;0,0330413;20,94700;0,06100;0,01800;0,0004019;;1674,38;139,00;;;
MLR 060s [g/s];0,0011;140;20,94500;0,06000;0,015000;124,375;100,25;1636,2500;0,000;100,070;43,200;0,005;304,250;302,750;26,00;323,850;263,183;0,000;47,200;53,000;51,900;301,950;;;;;0,00;0,00;0,00;3,00;2,70;15,441;26,078;0,57;0,56;999998,00;999998,00;999998,00;999998,00;999998,00;999998,00;999998,00;999998,00;999998,00;999998,00;999998,00;999998,00;999998,00;999998,00;999998,00;;;;;;;;;;;;;;;;;5,4201;0,00000;0,0000;0,00000000;0,00000000;0,00125;Infinity;0,6551;27,492847;-0,001750;23,683756;23,566991;-0,0004;-0,0409;0,00;0,00;0,00;0,00;0,50;;4,660;4,601;0,0478924;20,94500;0,06100;0,01300;0,0005859;;1674,38;140,00;;;
MLR 120s [g/s];0,0012;141;20,94700;0,06000;0,035000;129,375;100,25;1636,2500;0,000;100,068;43,200;0,005;304,250;302,750;26,00;323,850;263,183;0,000;47,200;53,000;51,900;301,950;;;;;0,00;0,00;0,00;3,00;2,70;15,469;26,075;0,57;0,56;999998,00;999998,00;999998,00;999998,00;999998,00;999998,00;999998,00;999998,00;999998,00;999998,00;999998,00;999998,00;999998,00;999998,00;999998,00;;;;;;;;;;;;;;;;;4,6842;0,00000;0,0000;0,00000000;0,00000000;0,00325;Infinity;0,6598;28,040021;-0,001728;24,155120;24,036031;-0,0004;-0,0412;0,00;0,00;0,00;0,00;0,51;;4,663;4,595;0,0413893;20,94500;0,06000;0,02100;0,0004973;;1674,38;141,00;;;
MLR 180s [g/s];0,0012;142;20,94600;0,06000;0,015000;120,675;100,24;1636,2500;0,000;100,070;43,200;0,005;304,250;302,850;26,10;323,817;263,183;0,000;47,100;53,000;51,900;301,950;;;;;0,00;0,00;0,00;3,00;2,70;15,450;26,096;0,57;0,56;999998,00;999998,00;999998,00;999998,00;999998,00;999998,00;999998,00;999998,00;999998,00;999998,00;999998,00;999998,00;999998,00;999998,00;999998,00;;;;;;;;;;;;;;;;;3,5081;0,00000;0,0000;0,00000000;0,00000000;0,00386;Infinity;0,6633;27,080820;-0,001689;23,328814;23,221467;-0,0003;-0,0389;0,00;0,00;0,00;0,00;0,46;;4,659;4,595;0,0309978;20,94600;0,06100;0,02400;0,0003863;;1674,38;142,00;;;
MLR 240s [g/s];0,0012;143;20,94600;0,06000;0,021000;125,300;100,24;1636,2500;0,000;100,068;43,200;0,005;304,250;302,850;26,10;323,750;263,183;0,000;47,100;52,900;51,800;301,950;;;;;0,00;0,00;0,00;3,00;2,70;15,442;26,086;0,57;0,56;999998,00;999998,00;999998,00;999998,00;999998,00;999998,00;999998,00;999998,00;999998,00;999998,00;999998,00;999998,00;999998,00;999998,00;999998,00;;;;;;;;;;;;;;;;;6,2999;0,00000;0,0000;0,00000000;0,00000000;-0,00143;Infinity;0,6696;27,594891;-0,001688;23,771662;23,662277;-0,0004;-0,0396;0,00;0,00;0,00;0,00;0,47;;4,660;4,608;0,0556656;20,94600;0,06000;0,00200;0,0006773;;1674,38;143,00;;;
MLR 300s [g/s];0,0012;144;20,94600;0,06000;0,012000;131,525;100,24;1636,2500;0,000;100,070;43,200;0,005;304,250;302,850;26,10;323,750;263,183;0,000;47,100;52,900;51,800;301,950;;;;;0,00;0,00;0,00;3,00;2,71;15,427;26,088;0,57;0,56;999998,00;999998,00;999998,00;999998,00;999998,00;999998,00;999998,00;999998,00;999998,00;999998,00;999998,00;999998,00;999998,00;999998,00;999998,00;;;;;;;;;;;;;;;;;5,8792;0,00000;0,0000;-0,00083415;-0,00083415;-0,00146;-5,01473;0,6755;28,272051;-0,001651;24,355002;24,242933;-0,0004;-0,0397;0,00;0,00;0,00;0,00;0,45;;4,670;4,608;0,0519483;20,94700;0,06000;0,00200;0,0006170;;1674,38;144,00;;;
MLR 360s [g/s];0,0013;145;20,94700;0,06000;-0,008000;127,900;100,24;1636,2500;0,000;100,070;43,200;0,005;304,250;302,850;26,10;323,750;263,190;0,000;47,100;52,900;51,800;301,950;;;;;0,00;0,00;0,00;3,00;2,71;15,429;26,086;0,57;0,56;999998,00;999998,00;999998,00;999998,00;999998,00;999998,00;999998,00;999998,00;999998,00;999998,00;999998,00;999998,00;999998,00;999998,00;999998,00;;;;;;;;;;;;;;;;;8,0396;0,00000;0,0000;0,00583903;0,00583903;-0,00464;0,63337;0,6835;27,879721;-0,001652;24,017029;23,906515;-0,0003;-0,0392;0,00;0,00;0,00;0,00;0,48;;4,686;4,643;0,0710380;20,94600;0,05900;-0,01100;0,0008544;;1674,38;145,00;;;
MLR Test [g/s];0,0012;146;20,94700;0,06000;0,002000;131,275;100,25;1636,2400;0,000;100,068;43,200;0,005;304,250;302,850;26,10;323,750;263,190;0,000;47,100;52,900;51,800;301,950;;;;;0,00;0,00;0,00;3,00;2,71;15,484;26,088;0,57;0,56;999998,00;999998,00;999998,00;999998,00;999998,00;999998,00;999998,00;999998,00;999998,00;999998,00;999998,00;999998,00;999998,00;999998,00;999998,00;;;;;;;;;;;;;;;;;5,0245;0,00000;0,0000;0,00583903;0,00583903;0,00028;0,71571;0,6885;28,245169;-0,001706;24,331845;24,219882;-0,0004;-0,0410;0,00;0,00;0,00;0,00;0,45;;4,699;4,643;0,0443966;20,94700;0,06000;0,00900;0,0005284;;1674,37;146,00;;;
Results SEA;;147;20,94500;0,06100;0,002000;128,950;100,26;1636,2400;0,000;100,070;43,200;0,005;304,250;302,850;26,00;323,750;263,183;0,000;47,100;52,900;51,800;301,950;;;;;0,00;0,00;0,00;3,00;2,71;15,454;26,086;0,57;0,56;999998,00;999998,00;999998,00;999998,00;999998,00;999998,00;999998,00;999998,00;999998,00;999998,00;999998,00;999998,00;999998,00;999998,00;999998,00;;;;;;;;;;;;;;;;;6,0304;0,00000;0,0000;-0,00083415;-0,00083415;-0,00071;-4,96540;0,6946;27,993928;-0,001797;24,115413;24,004446;-0,0004;-0,0428;0,00;0,00;0,00;0,00;0,48;;4,704;4,676;0,0532843;20,94600;0,06000;0,00500;0,0006394;;1674,37;147,00;;;
SEA max [m²/kg];0,0;148;20,94500;0,06000;0,000000;122,175;100,26;1636,2400;0,000;100,068;43,200;0,005;304,250;302,850;26,10;323,750;263,190;0,000;47,100;52,900;51,800;301,950;;;;;0,00;0,00;0,00;3,00;2,71;15,446;26,072;0,57;0,56;999998,00;999998,00;999998,00;999998,00;999998,00;999998,00;999998,00;999998,00;999998,00;999998,00;999998,00;999998,00;999998,00;999998,00;999998,00;;;;;;;;;;;;;;;;;4,5826;0,00000;0,0000;0,00000000;0,00000000;0,00196;Infinity;0,6991;27,248608;-0,001836;23,473356;23,365344;-0,0004;-0,0426;0,00;0,00;0,00;0,00;0,47;;4,708;4,676;0,0404916;20,94600;0,06000;0,01600;0,0005002;;1674,37;148,00;;;
Max at [s];5;149;20,94600;0,06100;0,009000;124,250;100,26;1636,2400;0,000;100,070;43,200;0,005;304,250;302,850;26,00;323,717;263,190;0,000;47,100;52,800;51,800;301,950;;;;;0,00;0,00;0,00;3,00;2,71;15,505;26,094;0,57;0,56;999998,00;999998,00;999998,00;999998,00;999998,00;999998,00;999998,00;999998,00;999998,00;999998,00;999998,00;999998,00;999998,00;999998,00;999998,00;;;;;;;;;;;;;;;;;4,0620;0,00000;0,0000;0,00000000;0,00000000;0,00197;Infinity;0,7032;27,479028;-0,001822;23,671851;23,562925;-0,0004;-0,0426;0,00;0,00;0,00;0,00;0,44;;4,706;4,680;0,0358920;20,94700;0,06000;0,01600;0,0004398;;1674,37;149,00;;;
SEA 060s [m²/kg];0,0;150;20,94500;0,06100;0,018000;129,550;100,26;1636,2400;0,000;100,070;43,200;0,005;304,250;302,850;26,10;323,683;263,190;0,000;47,100;52,800;51,700;301,950;;;;;0,00;0,00;0,00;3,00;2,71;15,442;26,083;0,57;0,56;999998,00;999998,00;999998,00;999998,00;999998,00;999998,00;999998,00;999998,00;999998,00;999998,00;999998,00;999998,00;999998,00;999998,00;999998,00;;;;;;;;;;;;;;;;;3,1834;0,00000;0,0000;0,00000000;0,00000000;0,00400;Infinity;0,7064;28,058979;-0,001845;24,171451;24,060227;-0,0004;-0,0441;0,00;0,00;0,00;0,00;0,45;;4,699;4,680;0,0281285;20,94700;0,06000;0,02400;0,0003386;;1674,37;150,00;;;
SEA 120s [m²/kg];0,0;151;20,94700;0,06000;0,013000;129,650;100,26;1636,2400;0,000;100,068;43,200;0,005;304,250;302,850;26,10;323,683;263,190;0,000;47,100;52,800;51,700;301,950;;;;;0,00;0,00;0,00;3,00;2,72;15,418;26,072;0,57;0,56;999998,00;999998,00;999998,00;999998,00;999998,00;999998,00;999998,00;999998,00;999998,00;999998,00;999998,00;999998,00;999998,00;999998,00;999998,00;;;;;;;;;;;;;;;;;4,8412;0,00000;0,0000;0,00000000;0,00000000;0,00177;Infinity;0,7112;28,069807;-0,001886;24,180779;24,069511;-0,0004;-0,0451;0,00;0,00;0,00;0,00;0,48;;4,694;4,677;0,0427772;20,94600;0,06000;0,01500;0,0005129;;1674,37;151,00;;;
SEA 180s [m²/kg];-0,3;152;20,94500;0,06100;0,021000;123,275;100,27;1636,2400;0,000;100,076;43,200;0,005;304,250;302,850;26,10;323,683;263,190;0,000;47,100;52,800;51,700;301,950;;;;;0,00;0,00;0,00;3,00;2,72;15,435;26,086;0,57;0,56;999998,00;999998,00;999998,00;999998,00;999998,00;999998,00;999998,00;999998,00;999998,00;999998,00;999998,00;999998,00;999998,00;999998,00;999998,00;;;;;;;;;;;;;;;;;5,1602;0,00000;0,0000;0,00000000;0,00000000;0,00197;Infinity;0,7164;27,371000;-0,001910;23,578790;23,470293;-0,0004;-0,0445;0,00;0,00;0,00;0,00;0,50;;4,696;4,677;0,0455957;20,94500;0,06000;0,01600;0,0005606;;1674,37;152,00;;;
SEA 240s [m²/kg];-0,3;153;20,94500;0,06000;0,024000;130,775;100,27;1636,2400;0,000;100,076;43,200;0,005;304,250;302,850;26,00;323,683;263,190;0,000;47,100;52,800;51,700;301,950;;;;;0,00;0,00;0,00;3,00;2,72;15,477;26,088;0,57;0,56;999998,00;999998,00;999998,00;999998,00;999998,00;999998,00;999998,00;999998,00;999998,00;999998,00;999998,00;999998,00;999998,00;999998,00;999998,00;;;;;;;;;;;;;;;;;3,7723;0,00000;0,0000;0,00000000;0,00000000;0,00401;Infinity;0,7202;28,191328;-0,001898;24,285463;24,173714;-0,0004;-0,0456;0,00;0,00;0,00;0,00;0,48;;4,695;4,673;0,0333319;20,94600;0,06000;0,02400;0,0003990;;1674,37;153,00;;;
SEA 300s [m²/kg];-0,2;154;20,94600;0,06000;0,002000;125,250;100,27;1636,2400;0,000;100,068;43,200;0,005;304,250;302,850;26,10;323,683;263,190;0,000;47,100;52,800;51,700;301,950;;;;;0,00;0,00;0,00;3,00;2,72;15,498;26,094;0,57;0,56;999998,00;999998,00;999998,00;999998,00;999998,00;999998,00;999998,00;999998,00;999998,00;999998,00;999998,00;999998,00;999998,00;999998,00;999998,00;;;;;;;;;;;;;;;;;4,9954;0,00000;0,0000;-0,00166829;-0,00166829;0,00125;-2,44682;0,7252;27,589385;-0,001958;23,766919;23,657556;-0,0004;-0,0460;0,00;0,00;0,00;0,00;0,47;;4,693;4,673;0,0441391;20,94600;0,06000;0,01300;0,0005382;;1674,37;154,00;;;
SEA 360s [m²/kg];-0,2;155;20,94600;0,05900;0,002000;130,825;100,27;1636,2400;0,000;100,076;43,200;0,005;304,250;302,850;26,10;323,717;263,190;0,000;47,200;52,800;51,700;301,950;;;;;0,00;0,00;0,00;3,00;2,72;15,488;26,110;0,57;0,56;999998,00;999998,00;999998,00;999998,00;999998,00;999998,00;999998,00;999998,00;999998,00;999998,00;999998,00;999998,00;999998,00;999998,00;999998,00;;;;;;;;;;;;;;;;;4,3787;0,00000;-37,7441;0,01084391;0,01084391;0,00277;0,38472;0,7295;28,196716;-0,001930;24,290105;24,178335;-0,0004;-0,0463;0,00;0,00;0,00;0,00;0,48;;4,693;4,665;0,0386899;20,94600;0,06000;0,01900;0,0004622;;1674,37;155,00;;;
SEA Test [m²/kg];-0,7;156;20,94700;0,06000;-0,011000;127,050;100,27;1636,2200;0,000;100,068;43,200;0,005;304,250;302,850;26,00;323,683;263,183;0,000;47,200;52,700;51,700;301,950;;;;;0,00;0,00;0,00;3,00;2,72;15,467;26,083;0,57;0,57;999998,00;999998,00;999998,00;999998,00;999998,00;999998,00;999998,00;999998,00;999998,00;999998,00;999998,00;999998,00;999998,00;999998,00;999998,00;;;;;;;;;;;;;;;;;6,4327;0,00000;-23,5350;0,01751709;0,01751709;-0,00070;0,25898;0,7360;27,786925;-0,001972;23,937090;23,826944;-0,0004;-0,0467;0,00;0,00;0,00;0,00;0,51;;4,697;4,665;0,0568393;20,94500;0,06100;0,00500;0,0006871;;1674,35;156,00;;;
Results SPR;;157;20,94600;0,06000;0,009000;129,100;100,28;1636,2100;0,000;100,076;43,300;0,005;304,150;302,850;26,10;323,650;263,190;0,000;47,200;52,700;51,600;301,950;;;;;0,00;0,00;0,00;3,00;2,72;15,486;26,094;0,57;0,57;999998,00;999998,00;999998,00;999998,00;999998,00;999998,00;999998,00;999998,00;999998,00;999998,00;999998,00;999998,00;999998,00;999998,00;999998,00;;;;;;;;;;;;;;;;;7,6882;0,00000;0,0000;0,00500488;0,00500488;-0,00318;0,91386;0,7437;28,014810;-0,002033;24,125469;24,022352;-0,0004;-0,0485;0,00;0,00;0,00;0,00;0,51;;4,712;4,682;0,0679325;20,94500;0,06100;-0,00500;0,0008136;;1674,34;157,00;;;
SPR max [m²/s];0,000;158;20,94700;0,06000;0,005000;123,725;100,28;1636,2100;0,000;100,068;43,200;0,005;304,250;302,850;26,00;323,617;263,183;0,000;47,100;52,700;51,600;301,950;;;;;0,00;0,00;0,00;3,00;2,73;15,498;26,096;0,57;0,57;999998,00;999998,00;999998,00;999998,00;999998,00;999998,00;999998,00;999998,00;999998,00;999998,00;999998,00;999998,00;999998,00;999998,00;999998,00;;;;;;;;;;;;;;;;;4,9657;0,00000;0,0000;-0,00583903;-0,00583903;0,00100;-0,76670;0,7486;27,420912;-0,002040;23,621787;23,513092;-0,0004;-0,0476;0,00;0,00;0,00;0,00;0,47;;4,722;4,682;0,0438766;20,94600;0,06100;0,01200;0,0005382;;1674,34;158,00;;;
Max at [s];5;159;20,94600;0,06000;0,016000;128,050;100,27;1636,2200;0,000;100,076;43,200;0,005;304,150;302,850;26,10;323,617;263,183;0,000;47,100;52,700;51,600;301,950;;;;;0,00;0,00;0,00;3,00;2,73;15,498;26,096;0,57;0,57;999998,00;999998,00;999998,00;999998,00;999998,00;999998,00;999998,00;999998,00;999998,00;999998,00;999998,00;999998,00;999998,00;999998,00;999998,00;;;;;;;;;;;;;;;;;4,9327;0,00000;0,0000;-0,01167806;-0,01167806;0,00126;-0,39006;0,7536;27,900651;-0,001977;24,027159;23,924462;-0,0004;-0,0470;0,00;0,00;0,00;0,00;0,48;;4,724;4,703;0,0435854;20,94600;0,06100;0,01300;0,0005255;;1674,35;159,00;;;
SPR 060s [m²/s];0,000;160;20,94600;0,06000;0,016000;124,400;100,27;1636,2300;0,000;100,076;43,200;0,005;304,150;302,750;26,10;323,583;263,183;0,000;47,000;52,700;51,600;301,950;;;;;0,00;0,00;0,00;3,00;2,73;15,505;26,099;0,57;0,57;999998,00;999998,00;999998,00;999998,00;999998,00;999998,00;999998,00;999998,00;999998,00;999998,00;999998,00;999998,00;999998,00;999998,00;999998,00;;;;;;;;;;;;;;;;;5,7442;0,00000;0,0000;-0,00583903;-0,00583903;0,00197;-0,69683;0,7593;27,500129;-0,001950;23,682243;23,573234;-0,0004;-0,0456;0,00;0,00;0,00;0,00;0,54;;4,728;4,703;0,0507562;20,94400;0,06000;0,01600;0,0006209;;1674,36;160,00;;;
SPR 120s [m²/s];0,000;161;20,94700;0,06000;0,024000;131,025;100,27;1636,2300;0,000;100,076;43,200;0,005;304,150;302,750;26,00;323,550;263,183;0,000;46,900;52,700;51,600;301,950;;;;;0,00;0,00;0,00;3,00;2,73;15,469;26,096;0,57;0,57;999998,00;999998,00;999998,00;999998,00;999998,00;999998,00;999998,00;999998,00;999998,00;999998,00;999998,00;999998,00;999998,00;999998,00;999998,00;;;;;;;;;;;;;;;;;5,3525;0,00000;0,0000;0,00667318;0,00667318;0,00078;0,62575;0,7647;28,222899;-0,001941;24,304669;24,192795;-0,0004;-0,0466;0,00;0,00;0,00;0,00;0,48;;4,733;4,708;0,0472947;20,94600;0,06000;0,01100;0,0005635;;1674,36;161,00;;;
SPR 180s [m²/s];0,000;162;20,94700;0,06000;0,015000;126,200;100,27;1636,2200;0,000;100,076;43,200;0,005;304,250;302,850;26,00;323,517;263,183;0,000;46,900;52,600;51,600;301,950;;;;;0,00;0,00;0,00;3,00;2,73;15,463;26,086;0,57;0,57;999998,00;999998,00;999998,00;999998,00;999998,00;999998,00;999998,00;999998,00;999998,00;999998,00;999998,00;999998,00;999998,00;999998,00;999998,00;;;;;;;;;;;;;;;;;5,3711;0,00000;0,0000;0,00500488;0,00500488;0,00052;0,81869;0,7700;27,693818;-0,001949;23,856883;23,747106;-0,0004;-0,0459;0,00;0,00;0,00;0,00;0,47;;4,737;4,708;0,0474590;20,94600;0,06000;0,01000;0,0005761;;1674,35;162,00;;;
SPR 240s [m²/s];0,000;163;20,94600;0,06000;0,016000;127,575;100,27;1636,2200;0,000;100,076;43,200;0,005;304,150;302,850;26,10;323,517;263,183;0,000;46,900;52,600;51,600;301,950;;;;;0,00;0,00;0,00;3,00;2,73;15,469;26,107;0,57;0,57;999998,00;999998,00;999998,00;999998,00;999998,00;999998,00;999998,00;999998,00;999998,00;999998,00;999998,00;999998,00;999998,00;999998,00;999998,00;;;;;;;;;;;;;;;;;5,4324;0,00000;0,0000;0,00500488;0,00500488;-0,00070;0,82328;0,7755;27,848854;-0,001974;23,982553;23,880047;-0,0004;-0,0468;0,00;0,00;0,00;0,00;0,44;;4,741;4,717;0,0480007;20,94700;0,06000;0,00500;0,0005790;;1674,35;163,00;;;
SPR 300s [m²/s];0,000;164;20,94500;0,06000;0,024000;127,775;100,28;1636,2100;0,000;100,076;43,200;0,005;304,150;302,850;26,00;323,483;263,183;0,000;46,900;52,600;51,500;301,950;;;;;0,00;0,00;0,00;3,00;2,73;15,456;26,094;0,57;0,57;999998,00;999998,00;999998,00;999998,00;999998,00;999998,00;999998,00;999998,00;999998,00;999998,00;999998,00;999998,00;999998,00;999998,00;999998,00;;;;;;;;;;;;;;;;;5,9154;0,00000;0,0000;0,00583903;0,00583903;-0,00169;0,70622;0,7814;27,870675;-0,002035;24,001345;23,898758;-0,0004;-0,0483;0,00;0,00;0,00;0,00;0,44;;4,746;4,717;0,0522682;20,94700;0,06000;0,00100;0,0006296;;1674,34;164,00;;;
SPR 360s [m²/s];0,000;165;20,94600;0,06000;0,013000;128,450;100,27;1636,2100;0,000;100,074;43,200;0,005;304,150;302,850;26,10;323,483;263,183;0,000;46,900;52,600;51,500;301,950;;;;;0,00;0,00;0,00;3,00;2,74;15,473;26,123;0,58;0,57;999998,00;999998,00;999998,00;999998,00;999998,00;999998,00;999998,00;999998,00;999998,00;999998,00;999998,00;999998,00;999998,00;999998,00;999998,00;;;;;;;;;;;;;;;;;6,9212;0,00000;0,0000;0,00000000;0,00000000;-0,00465;Infinity;0,7883;27,944195;-0,001955;24,064658;23,961801;-0,0004;-0,0465;0,00;0,00;0,00;0,00;0,41;;4,757;4,734;0,0611560;20,94800;0,05900;-0,01100;0,0007337;;1674,34;165,00;;;
SPR Test [m²/s];-0,001;166;20,94600;0,06100;0,019000;130,550;100,28;1636,2100;0,000;100,076;43,200;0,005;304,150;302,850;26,10;323,483;263,183;0,000;46,900;52,600;51,500;301,950;;;;;0,00;0,00;0,00;3,00;2,74;15,477;26,094;0,58;0,57;999998,00;999998,00;999998,00;999998,00;999998,00;999998,00;999998,00;999998,00;999998,00;999998,00;999998,00;999998,00;999998,00;999998,00;999998,00;;;;;;;;;;;;;;;;;7,2782;0,00000;0,0000;-0,00667318;-0,00667318;-0,00320;-0,62462;0,7956;28,171695;-0,001998;24,260574;24,156879;-0,0004;-0,0479;0,00;0,00;0,00;0,00;0,48;;4,771;4,734;0,0643099;20,94600;0,06000;-0,00500;0,0007659;;1674,34;166,00;;;
Results COY;;167;20,94600;0,06100;0,005000;124,050;100,27;1636,2200;0,000;100,076;43,200;0,005;304,150;302,750;26,10;323,483;263,183;0,000;46,900;52,600;51,500;301,950;;;;;0,00;0,00;0,00;3,00;2,74;15,477;26,112;0,58;0,57;999998,00;999998,00;999998,00;999998,00;999998,00;999998,00;999998,00;999998,00;999998,00;999998,00;999998,00;999998,00;999998,00;999998,00;999998,00;;;;;;;;;;;;;;;;;4,9730;0,00000;0,0000;0,00000000;0,00000000;0,00100;Infinity;0,8005;27,461416;-0,001937;23,648904;23,540049;-0,0004;-0,0453;0,00;0,00;0,00;0,00;0,47;;4,779;4,749;0,0439414;20,94600;0,06100;0,01200;0,0005382;;1674,35;167,00;;;
COY max [kg/kg];0,0021;168;20,94500;0,06100;-0,005000;130,425;100,26;1636,2100;0,000;100,076;43,200;0,005;304,150;302,750;26,10;323,483;263,183;0,000;46,900;52,600;51,500;301,950;;;;;0,00;0,00;0,00;3,00;2,74;15,477;26,110;0,58;0,57;999998,00;999998,00;999998,00;999998,00;999998,00;999998,00;999998,00;999998,00;999998,00;999998,00;999998,00;999998,00;999998,00;999998,00;999998,00;;;;;;;;;;;;;;;;;6,1559;0,00000;0,0000;0,00667318;0,00667318;0,00003;0,68890;0,8067;28,158206;-0,001840;24,248957;24,137339;-0,0004;-0,0441;0,00;0,00;0,00;0,00;0,52;;4,783;4,749;0,0543937;20,94500;0,06100;0,00800;0,0006492;;1674,34;168,00;;;
Max at [s];68;169;20,94500;0,06100;0,012000;126,850;100,25;1636,2100;0,000;100,068;43,200;0,005;304,150;302,750;26,10;323,483;263,183;0,000;46,900;52,600;51,500;301,950;;;;;0,00;0,00;0,00;3,00;2,74;15,448;26,120;0,58;0,57;999998,00;999998,00;999998,00;999998,00;999998,00;999998,00;999998,00;999998,00;999998,00;999998,00;999998,00;999998,00;999998,00;999998,00;999998,00;;;;;;;;;;;;;;;;;5,2050;0,00000;0,0000;-0,00083415;-0,00083415;0,00297;-5,43514;0,8119;27,769610;-0,001742;23,914311;23,804234;-0,0004;-0,0412;0,00;0,00;0,00;0,00;0,54;;4,789;4,753;0,0459915;20,94400;0,06100;0,02000;0,0005577;;1674,34;169,00;;;
COY 060s [kg/kg];0,3122;170;20,94600;0,06000;0,013000;127,550;100,25;1636,2100;0,000;100,074;43,200;0,005;304,150;302,750;26,10;323,450;263,183;0,000;46,900;52,500;51,500;301,950;;;;;0,00;0,00;0,00;3,00;2,74;15,460;26,110;0,58;0,57;999998,00;999998,00;999998,00;999998,00;999998,00;999998,00;999998,00;999998,00;999998,00;999998,00;999998,00;999998,00;999998,00;999998,00;999998,00;;;;;;;;;;;;;;;;;5,2506;0,00000;0,0000;0,00000000;0,00000000;0,00175;Infinity;0,8172;27,846125;-0,001783;23,980204;23,869823;-0,0004;-0,0422;0,00;0,00;0,00;0,00;0,51;;4,791;4,753;0,0463943;20,94500;0,06100;0,01500;0,0005606;;1674,34;170,00;;;
COY 120s [kg/kg];0,3242;171;20,94600;0,06000;0,016000;122,275;100,26;1636,2100;0,000;100,076;43,200;0,005;304,150;302,750;26,10;323,383;263,183;0,000;46,800;52,500;51,400;301,950;;;;;0,00;0,00;0,00;3,00;2,74;15,460;26,120;0,58;0,57;999998,00;999998,00;999998,00;999998,00;999998,00;999998,00;999998,00;999998,00;999998,00;999998,00;999998,00;999998,00;999998,00;999998,00;999998,00;;;;;;;;;;;;;;;;;5,4914;0,00000;0,0000;0,00000000;0,00000000;0,00124;Infinity;0,8226;27,264239;-0,001824;23,479101;23,371027;-0,0004;-0,0423;0,00;0,00;0,00;0,00;0,50;;4,795;4,760;0,0485218;20,94500;0,06000;0,01300;0,0005985;;1674,34;171,00;;;
COY 180s [kg/kg];0,3656;172;20,94400;0,06000;0,011000;128,050;100,26;1636,2100;0,000;100,074;43,200;0,005;304,150;302,750;26,10;323,383;263,183;0,000;46,800;52,500;51,400;301,950;;;;;0,00;0,00;0,00;3,00;2,75;15,456;26,112;0,58;0,57;999998,00;999998,00;999998,00;999998,00;999998,00;999998,00;999998,00;999998,00;999998,00;999998,00;999998,00;999998,00;999998,00;999998,00;999998,00;;;;;;;;;;;;;;;;;5,3799;0,00000;0,0000;0,00000000;0,00000000;0,00176;Infinity;0,8280;27,900651;-0,001882;24,027159;23,916562;-0,0004;-0,0447;0,00;0,00;0,00;0,00;0,51;;4,798;4,760;0,0475369;20,94500;0,06000;0,01500;0,0005732;;1674,34;172,00;;;
COY 240s [kg/kg];0,3090;173;20,94600;0,06000;0,010000;127,475;100,26;1636,2100;0,000;100,066;43,200;0,005;304,150;302,750;26,10;323,383;263,183;0,000;46,800;52,500;51,400;301,950;;;;;0,00;0,00;0,00;3,00;2,75;15,458;26,126;0,58;0,58;999998,00;999998,00;999998,00;999998,00;999998,00;999998,00;999998,00;999998,00;999998,00;999998,00;999998,00;999998,00;999998,00;999998,00;999998,00;;;;;;;;;;;;;;;;;4,0838;0,00000;0,0000;0,00000000;0,00000000;0,00323;Infinity;0,8321;27,837938;-0,001888;23,973153;23,862805;-0,0004;-0,0447;0,00;0,00;0,00;0,00;0,48;;4,798;4,760;0,0360843;20,94600;0,06000;0,02100;0,0004369;;1674,34;173,00;;;
COY 300s [kg/kg];0,3788;174;20,94600;0,06000;0,005000;129,825;100,26;1636,2100;0,000;100,074;43,200;0,005;304,150;302,750;26,10;323,383;263,183;0,000;46,800;52,500;51,400;301,950;;;;;0,00;0,00;0,00;3,00;2,75;15,500;26,094;0,58;0,58;999998,00;999998,00;999998,00;999998,00;999998,00;999998,00;999998,00;999998,00;999998,00;999998,00;999998,00;999998,00;999998,00;999998,00;999998,00;;;;;;;;;;;;;;;;;4,4833;0,00000;0,0000;-0,00083415;-0,00083415;0,00251;-4,98302;0,8366;28,093362;-0,001842;24,193116;24,081755;-0,0004;-0,0440;0,00;0,00;0,00;0,00;0,48;;4,795;4,760;0,0396143;20,94600;0,06000;0,01800;0,0004749;;1674,34;174,00;;;
COY 360s [kg/kg];0,2566;175;20,94700;0,05900;0,001000;128,650;100,26;1636,2100;0,000;100,068;43,200;0,005;304,050;302,750;26,10;323,383;263,177;0,000;46,800;52,500;51,400;301,950;;;;;0,00;0,00;0,00;3,00;2,75;15,477;26,115;0,58;0,58;999998,00;999998,00;999998,00;999998,00;999998,00;999998,00;999998,00;999998,00;999998,00;999998,00;999998,00;999998,00;999998,00;999998,00;999998,00;;;;;;;;;;;;;;;;;5,3046;0,00000;0,0000;0,00583903;0,00583903;0,00077;0,70875;0,8419;27,970540;-0,001830;24,079426;23,976472;-0,0004;-0,0436;0,00;0,00;0,00;0,00;0,48;;4,796;4,759;0,0468718;20,94600;0,06000;0,01100;0,0005635;;1674,34;175,00;;;
COY Test [kg/kg];0,2966;176;20,94700;0,06000;-0,011000;125,725;100,25;1636,2000;0,000;100,076;43,200;0,005;304,050;302,750;26,10;323,350;263,177;0,000;46,800;52,400;51,400;301,950;;;;;0,00;0,00;0,00;3,00;2,75;15,442;26,104;0,58;0,58;999998,00;999998,00;999998,00;999998,00;999998,00;999998,00;999998,00;999998,00;999998,00;999998,00;999998,00;999998,00;999998,00;999998,00;999998,00;;;;;;;;;;;;;;;;;6,7875;0,00000;0,0000;0,00583903;0,00583903;-0,00241;0,70064;0,8487;27,650741;-0,001784;23,804116;23,702339;-0,0004;-0,0420;0,00;0,00;0,00;0,00;0,47;;4,803;4,759;0,0599741;20,94600;0,06000;-0,00200;0,0007279;;1674,33;176,00;;;
Results CO2Y;;177;20,94800;0,06100;-0,005000;132,800;100,26;1636,2000;0,000;100,074;43,200;0,005;304,050;302,750;26,10;323,317;263,177;0,000;46,700;52,400;51,400;302,050;;;;;0,00;0,00;0,00;3,00;2,75;15,452;26,110;0,58;0,58;999998,00;999998,00;999998,00;999998,00;999998,00;999998,00;999998,00;999998,00;999998,00;999998,00;999998,00;999998,00;999998,00;999998,00;999998,00;;;;;;;;;;;;;;;;;8,0102;0,00000;0,0000;-0,00083415;-0,00083415;-0,00222;-5,04062;0,8567;28,418097;-0,001806;24,464721;24,360119;-0,0004;-0,0437;0,00;0,00;0,00;0,00;0,56;;4,817;4,781;0,0707783;20,94400;0,06000;-0,00100;0,0008360;;1674,33;177,00;;;
CO2Y max [kg/kg];0,0053;178;20,94600;0,06100;0,012000;133,300;100,26;1636,2000;0,000;100,068;43,200;0,005;304,050;302,750;26,10;323,283;263,177;0,000;46,700;52,400;51,300;302,050;;;;;0,00;0,00;0,00;3,00;2,75;15,505;26,112;0,58;0,58;999998,00;999998,00;999998,00;999998,00;999998,00;999998,00;999998,00;999998,00;999998,00;999998,00;999998,00;999998,00;999998,00;999998,00;999998,00;;;;;;;;;;;;;;;;;5,0328;0,00000;0,0000;0,00000000;0,00000000;0,00154;Infinity;0,8617;28,471544;-0,001810;24,510733;24,405935;-0,0004;-0,0439;0,00;0,00;0,00;0,00;0,49;;4,827;4,781;0,0444699;20,94600;0,06000;0,01400;0,0005255;;1674,33;178,00;;;
Max at [s];68;179;20,94600;0,06100;0,008000;125,350;100,26;1636,2000;0,000;100,074;43,200;0,005;304,050;302,650;26,10;323,283;263,177;0,000;46,700;52,400;51,300;302,050;;;;;0,00;0,00;0,00;3,00;2,76;15,458;26,134;0,58;0,58;999998,00;999998,00;999998,00;999998,00;999998,00;999998,00;999998,00;999998,00;999998,00;999998,00;999998,00;999998,00;999998,00;999998,00;999998,00;;;;;;;;;;;;;;;;;3,9309;0,00000;0,0000;0,00000000;0,00000000;0,00369;Infinity;0,8657;27,609474;-0,001865;23,768589;23,659147;-0,0004;-0,0438;0,00;0,00;0,00;0,00;0,47;;4,825;4,794;0,0347331;20,94600;0,05900;0,02300;0,0004243;;1674,33;179,00;;;
CO2Y 060s [kg/kg];3,0364;180;20,94500;0,06100;0,020000;130,075;100,26;1636,2000;0,000;100,066;43,200;0,005;304,050;302,650;26,10;323,283;263,177;0,000;46,700;52,400;51,300;302,050;;;;;0,00;0,00;0,00;3,00;2,76;15,502;26,120;0,58;0,58;999998,00;999998,00;999998,00;999998,00;999998,00;999998,00;999998,00;999998,00;999998,00;999998,00;999998,00;999998,00;999998,00;999998,00;999998,00;;;;;;;;;;;;;;;;;3,7059;0,00000;0,0000;0,00000000;0,00000000;0,00177;Infinity;0,8694;28,125021;-0,001833;24,212417;24,100930;-0,0004;-0,0439;0,00;0,00;0,00;0,00;0,41;;4,820;4,794;0,0327451;20,94800;0,06000;0,01500;0,0003921;;1674,33;180,00;;;
CO2Y 120s [kg/kg];3,1734;181;20,94400;0,06000;0,015000;127,925;100,26;1636,2000;0,000;100,066;43,200;0,005;304,050;302,650;26,10;323,283;263,177;0,000;46,700;52,400;51,300;302,050;;;;;0,00;0,00;0,00;3,00;2,76;15,452;26,112;0,58;0,58;999998,00;999998,00;999998,00;999998,00;999998,00;999998,00;999998,00;999998,00;999998,00;999998,00;999998,00;999998,00;999998,00;999998,00;999998,00;;;;;;;;;;;;;;;;;3,6437;0,00000;0,0000;0,00000000;0,00000000;0,00299;Infinity;0,8730;27,891615;-0,001835;24,011480;23,900919;-0,0004;-0,0435;0,00;0,00;0,00;0,00;0,44;;4,813;4,783;0,0321961;20,94700;0,06000;0,02000;0,0003892;;1674,33;181,00;;;
CO2Y 180s [kg/kg];3,1565;182;20,94500;0,06000;0,013000;130,950;100,27;1636,2000;0,000;100,066;43,200;0,005;304,050;302,650;26,10;323,283;263,177;0,000;46,700;52,400;51,300;302,050;;;;;0,00;0,00;0,00;3,00;2,76;15,471;26,134;0,58;0,58;999998,00;999998,00;999998,00;999998,00;999998,00;999998,00;999998,00;999998,00;999998,00;999998,00;999998,00;999998,00;999998,00;999998,00;999998,00;;;;;;;;;;;;;;;;;4,5929;0,00000;0,0000;0,00000000;0,00000000;0,00352;Infinity;0,8776;28,219461;-0,001924;24,293718;24,181857;-0,0004;-0,0462;0,00;0,00;0,00;0,00;0,52;;4,809;4,783;0,0405831;20,94500;0,06000;0,02200;0,0004846;;1674,33;182,00;;;
CO2Y 240s [kg/kg];3,0624;183;20,94500;0,06000;0,015000;120,900;100,26;1636,2000;0,000;100,074;43,200;0,005;304,050;302,650;26,10;323,250;263,177;0,000;46,700;52,300;51,300;302,050;;;;;0,00;0,00;0,00;3,00;2,76;15,486;26,144;0,58;0,58;999998,00;999998,00;999998,00;999998,00;999998,00;999998,00;999998,00;999998,00;999998,00;999998,00;999998,00;999998,00;999998,00;999998,00;999998,00;;;;;;;;;;;;;;;;;4,2716;0,00000;0,0000;0,00000000;0,00000000;0,00027;Infinity;0,8819;27,114969;-0,001874;23,342877;23,235395;-0,0004;-0,0432;0,00;0,00;0,00;0,00;0,40;;4,807;4,774;0,0377441;20,94800;0,06000;0,00900;0,0004680;;1674,33;183,00;;;
CO2Y 300s [kg/kg];3,1066;184;20,94500;0,06000;0,021000;129,400;100,26;1636,2000;0,000;100,074;43,200;0,005;304,050;302,650;26,10;323,250;263,177;0,000;46,700;52,300;51,300;302,050;;;;;0,00;0,00;0,00;3,00;2,76;15,500;26,126;0,58;0,58;999998,00;999998,00;999998,00;999998,00;999998,00;999998,00;999998,00;999998,00;999998,00;999998,00;999998,00;999998,00;999998,00;999998,00;999998,00;;;;;;;;;;;;;;;;;4,2979;0,00000;0,0000;0,00000000;0,00000000;0,00078;Infinity;0,8862;28,051952;-0,001858;24,149512;24,038316;-0,0004;-0,0443;0,00;0,00;0,00;0,00;0,41;;4,804;4,774;0,0379765;20,94800;0,05900;0,01100;0,0004554;;1674,33;184,00;;;
CO2Y 360s [kg/kg];3,0464;185;20,94600;0,06000;0,018000;126,975;100,25;1636,2000;0,000;100,074;43,200;0,005;304,050;302,650;26,10;323,217;263,177;0,000;46,700;52,300;51,200;302,050;;;;;0,00;0,00;0,00;3,00;2,76;15,435;26,112;0,58;0,58;999998,00;999998,00;999998,00;999998,00;999998,00;999998,00;999998,00;999998,00;999998,00;999998,00;999998,00;999998,00;999998,00;999998,00;999998,00;;;;;;;;;;;;;;;;;6,3439;0,00000;0,0000;0,00000000;0,00000000;-0,00144;Infinity;0,8925;27,787858;-0,001773;23,922158;23,812008;-0,0004;-0,0419;0,00;0,00;0,00;0,00;0,48;;4,807;4,780;0,0560548;20,94600;0,06000;0,00200;0,0006773;;1674,33;185,00;;;
CO2Y Test [kg/kg];2,9271;186;20,94600;0,06000;0,011000;130,325;100,25;1636,2000;0,000;100,074;43,200;0,005;304,050;302,650;26,10;323,217;263,170;0,000;46,700;52,300;51,200;301,950;;;;;0,00;0,00;0,00;3,00;2,76;15,456;26,110;0,58;0,58;999998,00;999998,00;999998,00;999998,00;999998,00;999998,00;999998,00;999998,00;999998,00;999998,00;999998,00;999998,00;999998,00;999998,00;999998,00;;;;;;;;;;;;;;;;;8,4814;0,00000;0,0000;0,00000000;0,00000000;-0,00568;Infinity;0,9010;28,152037;-0,001756;24,235674;24,124080;-0,0004;-0,0421;0,00;0,00;-0,01;0,00;0,48;;4,821;4,780;0,0749418;20,94600;0,06000;-0,01500;0,0008924;;1674,33;186,00;;;
;;187;20,94600;0,06000;-0,002000;124,725;100,25;1636,2000;0,000;100,074;43,200;0,005;304,050;302,650;26,10;323,217;263,177;0,000;46,700;52,300;51,200;302,050;;;;;0,00;0,00;0,00;3,00;2,77;15,458;26,134;0,58;0,58;999998,00;999998,00;999998,00;999998,00;999998,00;999998,00;999998,00;999998,00;999998,00;999998,00;999998,00;999998,00;999998,00;999998,00;999998,00;;;;;;;;;;;;;;;;;6,8787;0,00000;0,0000;-0,00083415;-0,00083415;-0,00264;-4,88495;0,9079;27,540556;-0,001721;23,709259;23,600090;-0,0004;-0,0403;0,00;0,00;0,00;0,00;0,47;;4,837;4,799;0,0607798;20,94600;0,06000;-0,00300;0,0007406;;1674,33;187,00;;;
;;188;20,94600;0,06000;-0,001000;131,550;100,25;1636,2000;0,000;100,066;43,200;0,005;304,050;302,650;26,10;323,217;263,170;0,000;46,700;52,300;51,200;302,050;;;;;0,00;0,00;0,00;3,00;2,77;15,444;26,126;0,58;0,58;999998,00;999998,00;999998,00;999998,00;999998,00;999998,00;999998,00;999998,00;999998,00;999998,00;999998,00;999998,00;999998,00;999998,00;999998,00;;;;;;;;;;;;;;;;;6,2143;0,00000;0,0000;0,00583903;0,00583903;-0,00097;0,71669;0,9141;28,284035;-0,001773;24,349309;24,237193;-0,0004;-0,0427;0,00;0,00;0,00;0,00;0,48;;4,846;4,799;0,0549096;20,94600;0,06000;0,00400;0,0006520;;1674,33;188,00;;;
;;189;20,94400;0,05900;0,014000;129,975;100,26;1636,1899;0,000;100,074;43,200;0,005;303,950;302,650;26,10;323,183;263,170;0,000;46,700;52,200;51,200;302,050;;;;;0,00;0,00;0,00;3,00;2,77;15,460;26,131;0,58;0,58;999998,00;999998,00;999998,00;999998,00;999998,00;999998,00;999998,00;999998,00;999998,00;999998,00;999998,00;999998,00;999998,00;999998,00;999998,00;;;;;;;;;;;;;;;;;4,2142;0,00000;0,0000;0,00583903;0,00583903;0,00425;0,71250;0,9183;28,118833;-0,001823;24,199128;24,095628;-0,0004;-0,0436;0,00;0,00;0,00;0,00;0,52;;4,848;4,807;0,0372364;20,94500;0,06000;0,02500;0,0004467;;1674,32;189,00;;;
;;190;20,94600;0,06000;0,023000;125,250;100,26;1636,1899;0,000;100,066;43,200;0,005;303,950;302,650;26,10;323,150;263,170;0,000;46,600;52,200;51,200;302,050;;;;;0,00;0,00;0,00;3,00;2,77;15,477;26,115;0,58;0,58;999998,00;999998,00;999998,00;999998,00;999998,00;999998,00;999998,00;999998,00;999998,00;999998,00;999998,00;999998,00;999998,00;999998,00;999998,00;;;;;;;;;;;;;;;;;2,7759;0,00000;0,0000;-0,00083415;-0,00083415;0,00466;-4,89602;0,9211;27,602998;-0,001873;23,755199;23,653597;-0,0004;-0,0440;0,00;0,00;0,00;0,00;0,44;;4,840;4,807;0,0245274;20,94700;0,06000;0,02700;0,0003006;;1674,32;190,00;;;
;;191;20,94600;0,06000;0,015000;126,325;100,26;1636,1899;0,000;100,070;43,200;0,005;304,050;302,650;26,10;323,117;263,170;0,000;46,600;52,200;51,100;302,050;;;;;0,00;0,00;0,00;3,00;2,77;15,431;26,136;0,58;0,58;999998,00;999998,00;999998,00;999998,00;999998,00;999998,00;999998,00;999998,00;999998,00;999998,00;999998,00;999998,00;999998,00;999998,00;999998,00;;;;;;;;;;;;;;;;;3,3819;0,00000;0,0000;0,00000000;0,00000000;0,00370;Infinity;0,9245;27,716642;-0,001888;23,860849;23,750981;-0,0004;-0,0445;0,00;0,00;0,00;0,00;0,44;;4,831;4,797;0,0298827;20,94700;0,05900;0,02300;0,0003639;;1674,32;191,00;;;
;;192;20,94800;0,06000;0,020000;125,100;100,27;1636,1899;0,000;100,066;43,200;0,005;303,950;302,650;26,10;323,117;263,170;0,000;46,600;52,200;51,100;302,050;;;;;0,00;0,00;0,00;3,00;2,77;15,437;26,134;0,58;0,58;999998,00;999998,00;999998,00;999998,00;999998,00;999998,00;999998,00;999998,00;999998,00;999998,00;999998,00;999998,00;999998,00;999998,00;999998,00;;;;;;;;;;;;;;;;;4,2576;0,00000;0,0000;-0,00083415;-0,00083415;-0,00045;-4,38691;0,9287;27,586464;-0,001920;23,740969;23,639429;-0,0004;-0,0451;0,00;0,00;0,00;0,00;0,37;;4,826;4,797;0,0376203;20,94900;0,05900;0,00600;0,0004583;;1674,32;192,00;;;
;;193;20,94700;0,06000;0,022000;132,375;100,27;1636,1899;0,000;100,066;43,200;0,005;303,950;302,550;26,10;323,117;263,177;0,000;46,600;52,200;51,100;302,050;;;;;0,00;0,00;0,00;3,00;2,77;15,454;26,147;0,58;0,58;999998,00;999998,00;999998,00;999998,00;999998,00;999998,00;999998,00;999998,00;999998,00;999998,00;999998,00;999998,00;999998,00;999998,00;999998,00;;;;;;;;;;;;;;;;;3,7383;0,00000;0,0000;0,00583903;0,00583903;0,00204;0,64466;0,9325;28,377254;-0,001918;24,421525;24,309039;-0,0004;-0,0463;0,00;0,00;0,00;0,00;0,41;;4,822;4,784;0,0330315;20,94800;0,05900;0,01600;0,0003921;;1674,32;193,00;;;
;;194;20,94500;0,05900;0,009000;128,975;100,27;1636,1799;0,000;100,066;43,200;0,005;303,950;302,650;26,10;323,117;263,177;0,000;46,600;52,200;51,100;302,050;;;;;0,00;0,00;0,00;3,00;2,78;15,444;26,131;0,58;0,58;999998,00;999998,00;999998,00;999998,00;999998,00;999998,00;999998,00;999998,00;999998,00;999998,00;999998,00;999998,00;999998,00;999998,00;999998,00;;;;;;;;;;;;;;;;;5,9450;0,00000;0,0000;0,00583903;0,00583903;-0,00170;0,70976;0,9384;28,010454;-0,001936;24,105857;24,002756;-0,0004;-0,0461;0,00;0,00;0,00;0,00;0,44;;4,822;4,784;0,0525304;20,94700;0,06000;0,00100;0,0006296;;1674,31;194,00;;;
;;195;20,94800;0,06000;0,011000;127,950;100,27;1636,1799;0,000;100,074;43,200;0,005;303,950;302,550;26,10;323,150;263,177;0,000;46,700;52,200;51,100;302,050;;;;;0,00;0,00;0,00;3,00;2,78;15,444;26,120;0,58;0,58;999998,00;999998,00;999998,00;999998,00;999998,00;999998,00;999998,00;999998,00;999998,00;999998,00;999998,00;999998,00;999998,00;999998,00;999998,00;;;;;;;;;;;;;;;;;4,3638;0,00000;0,0000;-0,00083415;-0,00083415;0,00151;-4,94850;0,9428;27,898929;-0,001919;24,009878;23,899288;-0,0004;-0,0455;0,00;0,00;0,00;0,00;0,44;;4,824;4,776;0,0385583;20,94700;0,06000;0,01400;0,0004651;;1674,31;195,00;;;
;;196;20,94800;0,06000;0,002000;131,700;100,27;1636,1799;0,000;100,066;43,200;0,005;303,950;302,550;26,10;323,083;263,177;0,000;46,600;52,100;51,100;302,050;;;;;0,00;0,00;0,00;3,00;2,78;15,494;26,120;0,58;0,58;999998,00;999998,00;999998,00;999998,00;999998,00;999998,00;999998,00;999998,00;999998,00;999998,00;999998,00;999998,00;999998,00;999998,00;999998,00;;;;;;;;;;;;;;;;;6,5835;0,00000;0,0000;0,00000000;0,00000000;-0,00172;Infinity;0,9493;28,304811;-0,001919;24,359181;24,246982;-0,0004;-0,0462;0,00;0,00;0,00;0,00;0,48;;4,827;4,776;0,0581715;20,94600;0,06000;0,00100;0,0006900;;1674,31;196,00;;;
;;197;20,94600;0,06000;-0,015000;127,150;100,27;1636,1799;0,000;100,074;43,200;0,005;303,950;302,550;26,10;323,083;263,177;0,000;46,600;52,100;51,100;302,050;;;;;0,00;0,00;0,00;3,00;2,78;15,500;26,142;0,58;0,58;999998,00;999998,00;999998,00;999998,00;999998,00;999998,00;999998,00;999998,00;999998,00;999998,00;999998,00;999998,00;999998,00;999998,00;999998,00;;;;;;;;;;;;;;;;;6,3493;0,00000;0,0000;0,00000000;0,00000000;-0,00144;Infinity;0,9557;27,811574;-0,001919;23,934700;23,824456;-0,0004;-0,0454;0,00;0,00;0,00;0,00;0,48;;4,835;4,782;0,0561027;20,94600;0,06000;0,00200;0,0006773;;1674,31;197,00;;;
;;198;20,94600;0,06000;-0,003000;131,100;100,27;1636,1799;0,000;100,066;43,200;0,005;303,950;302,550;26,10;323,050;263,177;0,000;46,600;52,100;51,000;302,050;;;;;0,00;0,00;0,00;3,00;2,78;15,431;26,128;0,58;0,58;999998,00;999998,00;999998,00;999998,00;999998,00;999998,00;999998,00;999998,00;999998,00;999998,00;999998,00;999998,00;999998,00;999998,00;999998,00;;;;;;;;;;;;;;;;;5,9613;0,00000;0,0000;0,00000000;0,00000000;-0,00022;Infinity;0,9617;28,240263;-0,001935;24,303630;24,191687;-0,0004;-0,0465;0,00;0,00;0,00;0,00;0,48;;4,842;4,782;0,0526745;20,94600;0,05900;0,00700;0,0006267;;1674,31;198,00;;;
;;199;20,94600;0,06000;0,004000;131,100;100,27;1636,1799;0,000;100,066;43,200;0,005;303,950;302,550;26,10;323,050;263,177;0,000;46,600;52,100;51,000;302,050;;;;;0,00;0,00;0,00;3,00;2,78;15,460;26,128;0,58;0,58;999998,00;999998,00;999998,00;999998,00;999998,00;999998,00;999998,00;999998,00;999998,00;999998,00;999998,00;999998,00;999998,00;999998,00;999998,00;;;;;;;;;;;;;;;;;5,8092;0,00000;0,0000;0,00000000;0,00000000;0,00103;Infinity;0,9675;28,240263;-0,001935;24,303630;24,191687;-0,0004;-0,0465;0,00;0,00;0,00;0,00;0,52;;4,847;4,795;0,0513304;20,94500;0,06000;0,01200;0,0006112;;1674,31;199,00;;;
;;200;20,94600;0,06000;0,025000;124,675;100,28;1636,1799;0,000;100,074;43,200;0,005;303,950;302,550;26,10;323,050;263,177;0,000;46,600;52,100;51,000;302,050;;;;;0,00;0,00;0,00;3,00;2,78;15,500;26,152;0,58;0,58;999998,00;999998,00;999998,00;999998,00;999998,00;999998,00;999998,00;999998,00;999998,00;999998,00;999998,00;999998,00;999998,00;999998,00;999998,00;;;;;;;;;;;;;;;;;4,6624;0,00000;0,0000;0,00000000;0,00000000;0,00076;Infinity;0,9721;27,539565;-0,002038;23,700608;23,591443;-0,0004;-0,0477;0,00;0,00;0,00;0,00;0,44;;4,849;4,795;0,0411972;20,94700;0,06000;0,01100;0,0005031;;1674,31;200,00;;;
;;201;20,94500;0,05900;0,027000;131,675;100,27;1636,1799;0,000;100,066;43,200;0,005;303,950;302,550;26,10;323,050;263,177;0,000;46,600;52,100;51,000;302,050;;;;;0,00;0,00;0,00;3,00;2,79;15,460;26,118;0,58;0,58;999998,00;999998,00;999998,00;999998,00;999998,00;999998,00;999998,00;999998,00;999998,00;999998,00;999998,00;999998,00;999998,00;999998,00;999998,00;;;;;;;;;;;;;;;;;4,6692;0,00000;0,0000;0,00000000;0,00000000;0,00128;Infinity;0,9768;28,302125;-0,001985;24,356869;24,244681;-0,0004;-0,0478;0,00;0,00;0,00;0,00;0,45;;4,848;4,800;0,0412566;20,94700;0,05900;0,01300;0,0004905;;1674,31;201,00;;;
;;202;20,94700;0,05900;0,023000;124,250;100,28;1636,1799;0,000;100,066;43,200;0,005;303,950;302,550;26,10;323,017;263,177;0,000;46,500;52,100;51,000;302,050;;;;;0,00;0,00;0,00;3,00;2,79;15,425;26,155;0,58;0,58;999998,00;999998,00;999998,00;999998,00;999998,00;999998,00;999998,00;999998,00;999998,00;999998,00;999998,00;999998,00;999998,00;999998,00;999998,00;;;;;;;;;;;;;;;;;2,4723;0,00000;0,0000;0,00000000;0,00000000;0,00294;Infinity;0,9793;27,492585;-0,002052;23,660177;23,551198;-0,0004;-0,0480;0,00;0,00;0,00;0,00;0,37;;4,842;4,800;0,0218455;20,94900;0,06000;0,02000;0,0002684;;1674,31;202,00;;;
;;203;20,94700;0,05900;0,006000;128,025;100,28;1636,1799;0,000;100,074;43,200;0,005;303,950;302,550;26,10;323,017;263,177;0,000;46,500;52,100;51,000;302,050;;;;;0,00;0,00;0,00;3,00;2,79;15,482;26,155;0,58;0,58;999998,00;999998,00;999998,00;999998,00;999998,00;999998,00;999998,00;999998,00;999998,00;999998,00;999998,00;999998,00;999998,00;999998,00;999998,00;;;;;;;;;;;;;;;;;4,8445;0,00000;0,0000;-0,00083415;-0,00083415;0,00053;-4,94995;0,9841;27,907104;-0,002051;24,016913;23,906291;-0,0004;-0,0487;0,00;0,00;0,00;0,00;0,44;;4,836;4,799;0,0428061;20,94700;0,06000;0,01000;0,0005158;;1674,31;203,00;;;
;;204;20,94900;0,06000;0,016000;128,175;100,28;1636,1799;0,000;100,074;43,200;0,005;303,950;302,550;26,10;322,983;263,177;0,000;46,500;52,000;51,000;302,050;;;;;0,00;0,00;0,00;3,00;2,79;15,437;26,147;0,58;0,58;999998,00;999998,00;999998,00;999998,00;999998,00;999998,00;999998,00;999998,00;999998,00;999998,00;999998,00;999998,00;999998,00;999998,00;999998,00;;;;;;;;;;;;;;;;;6,4948;0,00000;0,0000;0,00583903;0,00583903;-0,00169;0,70755;0,9906;27,923448;-0,002014;24,030979;23,920292;-0,0004;-0,0478;0,00;0,00;0,00;0,00;0,48;;4,840;4,799;0,0573877;20,94600;0,06000;0,00100;0,0006900;;1674,31;204,00;;;
;;205;20,94800;0,06000;0,001000;131,125;100,28;1636,1699;0,000;100,074;43,200;0,005;303,950;302,550;26,10;322,950;263,177;0,000;46,500;52,000;50,900;302,050;;;;;0,00;0,00;0,00;3,00;2,79;15,479;26,150;0,58;0,58;999998,00;999998,00;999998,00;999998,00;999998,00;999998,00;999998,00;999998,00;999998,00;999998,00;999998,00;999998,00;999998,00;999998,00;999998,00;;;;;;;;;;;;;;;;;6,4162;0,00000;0,0000;0,00583903;0,00583903;-0,00022;0,71565;0,9970;28,242955;-0,002012;24,305947;24,193994;-0,0004;-0,0483;0,00;0,00;0,00;0,00;0,52;;4,848;4,807;0,0566934;20,94500;0,06000;0,00700;0,0006745;;1674,30;205,00;;;
;;206;20,94700;0,06000;0,014000;128,475;100,27;1636,1699;0,000;100,074;43,200;0,005;303,950;302,550;26,10;322,950;263,177;0,000;46,500;52,000;50,900;302,050;;;;;0,00;0,00;0,00;3,00;2,79;15,431;26,158;0,58;0,58;999998,00;999998,00;999998,00;999998,00;999998,00;999998,00;999998,00;999998,00;999998,00;999998,00;999998,00;999998,00;999998,00;999998,00;999998,00;;;;;;;;;;;;;;;;;9,4397;0,00000;0,0000;-0,00083415;-0,00083415;-0,00540;-4,95864;1,0065;27,956107;-0,001958;24,059086;23,948269;-0,0004;-0,0465;0,00;0,00;-0,01;0,00;0,55;;4,863;4,807;0,0834095;20,94400;0,06000;-0,01400;0,0010004;;1674,30;206,00;;;
;;207;20,94700;0,06000;0,001000;129,775;100,29;1636,1699;0,000;100,070;43,200;0,005;303,950;302,550;26,10;322,917;263,177;0,000;46,400;52,000;50,900;302,050;;;;;0,00;0,00;0,00;3,00;2,79;15,450;26,134;0,58;0,58;999998,00;999998,00;999998,00;999998,00;999998,00;999998,00;999998,00;999998,00;999998,00;999998,00;999998,00;999998,00;999998,00;999998,00;999998,00;;;;;;;;;;;;;;;;;7,4687;0,00000;0,0000;0,00000000;0,00000000;-0,00245;Infinity;1,0139;28,097191;-0,002111;24,180503;24,069127;-0,0004;-0,0504;0,00;0,00;0,00;0,00;0,52;;4,880;4,828;0,0659937;20,94500;0,06000;-0,00200;0,0007883;;1674,30;207,00;;;
;;208;20,94600;0,05900;0,002000;127,325;100,28;1636,1699;0,000;100,066;43,200;0,005;303,950;302,550;26,10;322,917;263,177;0,000;46,400;52,000;50,900;302,050;;;;;0,00;0,00;0,00;3,00;2,80;15,467;26,152;0,58;0,58;999998,00;999998,00;999998,00;999998,00;999998,00;999998,00;999998,00;999998,00;999998,00;999998,00;999998,00;999998,00;999998,00;999998,00;999998,00;;;;;;;;;;;;;;;;;6,2342;0,00000;0,0000;0,00000000;0,00000000;-0,00120;Infinity;1,0202;27,830706;-0,002057;23,951165;23,840846;-0,0004;-0,0487;0,00;0,00;0,00;0,00;0,48;;4,890;4,828;0,0550854;20,94600;0,06000;0,00300;0,0006647;;1674,30;208,00;;;
;;209;20,94600;0,06000;0,007000;127,875;100,28;1636,1699;0,000;100,074;43,200;0,005;303,850;302,550;26,10;322,917;263,177;0,000;46,400;52,000;50,900;302,050;;;;;0,00;0,00;0,00;3,00;2,80;15,473;26,131;0,58;0,58;999998,00;999998,00;999998,00;999998,00;999998,00;999998,00;999998,00;999998,00;999998,00;999998,00;999998,00;999998,00;999998,00;999998,00;999998,00;;;;;;;;;;;;;;;;;4,5136;0,00000;0,0000;0,00000000;0,00000000;0,00028;Infinity;1,0247;27,895340;-0,002002;23,998891;23,896213;-0,0004;-0,0475;0,00;0,00;0,00;0,00;0,41;;4,892;4,839;0,0398819;20,94800;0,05900;0,00900;0,0004807;;1674,30;209,00;;;
;;210;20,94600;0,06000;0,012000;125,300;100,28;1636,1699;0,000;100,070;43,200;0,005;303,850;302,550;26,10;322,883;263,177;0,000;46,400;51,900;50,900;302,050;;;;;0,00;0,00;0,00;3,00;2,80;15,442;26,147;0,58;0,58;999998,00;999998,00;999998,00;999998,00;999998,00;999998,00;999998,00;999998,00;999998,00;999998,00;999998,00;999998,00;999998,00;999998,00;999998,00;;;;;;;;;;;;;;;;;3,8438;0,00000;0,0000;0,00000000;0,00000000;0,00271;Infinity;1,0285;27,613049;-0,002052;23,756030;23,654392;-0,0004;-0,0482;0,00;0,00;0,00;0,00;0,44;;4,889;4,839;0,0339638;20,94700;0,05900;0,01900;0,0004145;;1674,30;210,00;;;
;;211;20,94500;0,05900;0,011000;129,200;100,29;1636,1699;0,000;100,074;43,200;0,005;303,850;302,550;26,10;322,883;263,183;0,000;46,400;51,900;50,900;302,050;;;;;0,00;0,00;0,00;3,00;2,80;15,433;26,158;0,58;0,58;999998,00;999998,00;999998,00;999998,00;999998,00;999998,00;999998,00;999998,00;999998,00;999998,00;999998,00;999998,00;999998,00;999998,00;999998,00;;;;;;;;;;;;;;;;;4,2330;0,00000;0,0000;-0,00082397;-0,00082397;0,00325;-4,51398;1,0328;28,039489;-0,002118;24,122905;24,019697;-0,0004;-0,0505;0,00;0,00;0,00;0,00;0,48;;4,885;4,835;0,0374027;20,94600;0,05900;0,02100;0,0004496;;1674,30;211,00;;;
;;212;20,94700;0,06000;0,013000;125,300;100,28;1636,1699;0,000;100,070;43,200;0,005;303,850;302,550;26,10;322,850;263,183;0,000;46,400;51,900;50,800;302,050;;;;;0,00;0,00;0,00;3,00;2,80;15,458;26,139;0,58;0,58;999998,00;999998,00;999998,00;999998,00;999998,00;999998,00;999998,00;999998,00;999998,00;999998,00;999998,00;999998,00;999998,00;999998,00;999998,00;;;;;;;;;;;;;;;;;4,3183;0,00000;0,0000;0,00576782;0,00576782;0,00174;0,63505;1,0371;27,613049;-0,002046;23,756030;23,654392;-0,0004;-0,0481;0,00;0,00;0,00;0,00;0,44;;4,882;4,835;0,0381562;20,94700;0,05900;0,01500;0,0004651;;1674,30;212,00;;;
;;213;20,94700;0,06000;0,020000;129,850;100,29;1636,1600;0,000;100,074;43,200;0,005;303,850;302,450;26,10;322,850;263,183;0,000;46,400;51,900;50,800;302,050;;;;;0,00;0,00;0,00;3,00;2,80;15,481;26,163;0,58;0,58;999998,00;999998,00;999998,00;999998,00;999998,00;999998,00;999998,00;999998,00;999998,00;999998,00;999998,00;999998,00;999998,00;999998,00;999998,00;;;;;;;;;;;;;;;;;4,8158;0,00000;0,0000;0,00576782;0,00576782;0,00326;0,64647;1,0419;28,109933;-0,002096;24,183509;24,072083;-0,0004;-0,0501;0,00;0,00;0,00;0,00;0,52;;4,880;4,832;0,0425522;20,94500;0,05900;0,02100;0,0005100;;1674,29;213,00;;;
;;214;20,94900;0,06000;0,010000;128,125;100,30;1636,1600;0,000;100,066;43,200;0,005;303,850;302,450;26,20;322,850;263,183;0,000;46,400;51,900;50,800;302,050;;;;;0,00;0,00;0,00;3,00;2,80;15,479;26,152;0,58;0,58;999998,00;999998,00;999998,00;999998,00;999998,00;999998,00;999998,00;999998,00;999998,00;999998,00;999998,00;999998,00;999998,00;999998,00;999998,00;;;;;;;;;;;;;;;;;6,7343;0,00000;0,0000;-0,00082397;-0,00082397;-0,00219;-5,01382;1,0486;27,922595;-0,002198;24,022339;23,911655;-0,0005;-0,0522;0,00;0,00;0,00;0,00;0,48;;4,884;4,832;0,0595045;20,94600;0,06000;-0,00100;0,0007153;;1674,29;214,00;;;
;;215;20,94700;0,06000;0,001000;129,450;100,29;1636,1600;0,000;100,070;43,200;0,005;303,850;302,450;26,20;322,850;263,183;0,000;46,400;51,900;50,800;302,050;;;;;0,00;0,00;0,00;3,00;2,81;15,431;26,174;0,58;0,58;999998,00;999998,00;999998,00;999998,00;999998,00;999998,00;999998,00;999998,00;999998,00;999998,00;999998,00;999998,00;999998,00;999998,00;999998,00;;;;;;;;;;;;;;;;;7,6124;0,00000;0,0000;0,00000000;0,00000000;-0,00393;Infinity;1,0562;28,066604;-0,002178;24,146233;24,034978;-0,0005;-0,0520;0,00;0,00;0,00;0,00;0,48;;4,895;4,845;0,0672636;20,94600;0,06000;-0,00800;0,0008038;;1674,29;215,00;;;
;;216;20,94600;0,06000;0,007000;124,175;100,30;1636,1600;0,000;100,070;43,200;0,005;303,850;302,450;26,10;322,850;263,183;0,000;46,400;51,900;50,800;302,050;;;;;0,00;0,00;0,00;3,00;2,81;15,481;26,174;0,58;0,57;999998,00;999998,00;999998,00;999998,00;999998,00;999998,00;999998,00;999998,00;999998,00;999998,00;999998,00;999998,00;999998,00;999998,00;999998,00;;;;;;;;;;;;;;;;;6,7777;0,00000;0,0000;-0,00083415;-0,00083415;-0,00336;-4,37135;1,0630;27,488809;-0,002210;23,649145;23,540180;-0,0005;-0,0517;0,00;0,00;0,00;0,00;0,44;;4,906;4,845;0,0598876;20,94700;0,05900;-0,00600;0,0007308;;1674,29;216,00;;;
;;217;20,94500;0,06000;-0,014000;131,150;100,30;1636,1600;0,000;100,066;43,300;0,005;303,850;302,450;26,20;322,850;263,183;0,000;46,400;51,900;50,800;302,050;;;;;0,00;0,00;0,00;3,00;2,81;15,481;26,142;0,58;0,57;999998,00;999998,00;999998,00;999998,00;999998,00;999998,00;999998,00;999998,00;999998,00;999998,00;999998,00;999998,00;999998,00;999998,00;999998,00;;;;;;;;;;;;;;;;;6,3590;0,00000;0,0000;0,00583903;0,00583903;-0,00221;0,64178;1,0694;28,250295;-0,002243;24,304265;24,192282;-0,0005;-0,0539;0,00;0,00;0,00;0,00;0,45;;4,913;4,864;0,0561883;20,94700;0,05900;-0,00100;0,0006676;;1674,29;217,00;;;
;;218;20,94400;0,06000;-0,002000;123,500;100,30;1636,1500;0,000;100,070;43,300;0,005;303,850;302,450;26,20;322,750;263,183;0,000;46,300;51,800;50,700;302,050;;;;;0,00;0,00;0,00;3,00;2,81;15,475;26,166;0,58;0,57;999998,00;999998,00;999998,00;999998,00;999998,00;999998,00;999998,00;999998,00;999998,00;999998,00;999998,00;999998,00;999998,00;999998,00;999998,00;;;;;;;;;;;;;;;;;5,6692;0,00000;0,0000;0,00583903;0,00583903;0,00003;0,62278;1,0750;27,413993;-0,002275;23,584779;23,476111;-0,0005;-0,0530;0,00;0,00;0,00;0,00;0,47;;4,918;4,864;0,0500931;20,94600;0,05900;0,00800;0,0006141;;1674,28;218,00;;;
;;219;20,94500;0,05900;0,003000;131,225;100,30;1636,1500;0,000;100,070;43,300;0,005;303,750;302,450;26,20;322,750;263,183;0,000;46,300;51,800;50,700;302,050;;;;;0,00;0,00;0,00;3,00;2,81;15,425;26,171;0,58;0,57;999998,00;999998,00;999998,00;999998,00;999998,00;999998,00;999998,00;999998,00;999998,00;999998,00;999998,00;999998,00;999998,00;999998,00;999998,00;;;;;;;;;;;;;;;;;5,6020;0,00000;0,0000;-0,00083415;-0,00083415;0,00053;-4,49447;1,0806;28,263022;-0,002239;24,307212;24,203181;-0,0005;-0,0538;0,00;0,00;0,00;0,00;0,48;;4,922;4,875;0,0494997;20,94600;0,05900;0,01000;0,0005888;;1674,28;219,00;;;
;;220;20,94600;0,05900;0,009000;123,425;100,31;1636,1500;0,000;100,070;43,300;0,005;303,750;302,450;26,20;322,750;263,183;0,000;46,300;51,800;50,700;302,050;;;;;0,00;0,00;0,00;3,00;2,81;15,454;26,158;0,58;0,57;999998,00;999998,00;999998,00;999998,00;999998,00;999998,00;999998,00;999998,00;999998,00;999998,00;999998,00;999998,00;999998,00;999998,00;999998,00;;;;;;;;;;;;;;;;;3,4623;0,00000;0,0000;0,00000000;0,00000000;0,00342;Infinity;1,0841;27,410179;-0,002323;23,573737;23,472845;-0,0005;-0,0541;0,00;0,00;0,00;0,00;0,43;;4,920;4,875;0,0305928;20,94700;0,05900;0,02200;0,0003765;;1674,28;220,00;;;
;;221;20,94800;0,05900;0,019000;126,300;100,31;1636,1500;0,000;100,070;43,300;0,005;303,750;302,450;26,20;322,750;263,183;0,000;46,300;51,800;50,700;302,050;;;;;0,00;0,00;0,00;3,00;2,81;15,433;26,150;0,58;0,57;999998,00;999998,00;999998,00;999998,00;999998,00;999998,00;999998,00;999998,00;999998,00;999998,00;999998,00;999998,00;999998,00;999998,00;999998,00;;;;;;;;;;;;;;;;;4,9316;0,00000;0,0000;0,00000000;0,00000000;0,00052;Infinity;1,0890;27,727582;-0,002322;23,846715;23,744655;-0,0005;-0,0547;0,00;0,00;0,00;0,00;0,44;;4,917;4,878;0,0435759;20,94700;0,05900;0,01000;0,0005284;;1674,28;221,00;;;
;;222;20,94700;0,05900;0,021000;129,900;100,31;1636,1500;0,000;100,070;43,300;0,005;303,750;302,450;26,20;322,750;263,183;0,000;46,300;51,800;50,700;302,050;;;;;0,00;0,00;0,00;3,00;2,82;15,467;26,177;0,58;0,57;999998,00;999998,00;999998,00;999998,00;999998,00;999998,00;999998,00;999998,00;999998,00;999998,00;999998,00;999998,00;999998,00;999998,00;999998,00;;;;;;;;;;;;;;;;;2,9795;0,00000;0,0000;0,00000000;0,00000000;0,00351;Infinity;1,0920;28,119972;-0,002354;24,184184;24,080680;-0,0005;-0,0563;0,00;0,00;0,00;0,00;0,41;;4,912;4,878;0,0263272;20,94800;0,05900;0,02200;0,0003162;;1674,28;222,00;;;
;;223;20,94600;0,05900;0,015000;122,350;100,32;1636,1500;0,000;100,070;43,300;0,005;303,750;302,450;26,20;322,750;263,183;0,000;46,300;51,800;50,700;302,050;;;;;0,00;0,00;0,00;3,00;2,82;15,433;26,171;0,58;0,57;999998,00;999998,00;999998,00;999998,00;999998,00;999998,00;999998,00;999998,00;999998,00;999998,00;999998,00;999998,00;999998,00;999998,00;999998,00;;;;;;;;;;;;;;;;;2,5706;0,00000;0,0000;0,00000000;0,00000000;0,00292;Infinity;1,0946;27,290550;-0,002422;23,470852;23,370400;-0,0005;-0,0562;0,00;0,00;0,00;0,00;0,36;;4,903;4,868;0,0227141;20,94900;0,05900;0,02000;0,0002811;;1674,28;223,00;;;
;;224;20,94700;0,06000;0,021000;128,025;100,32;1636,1500;0,000;100,070;43,300;0,005;303,750;302,350;26,20;322,717;263,183;0,000;46,300;51,700;50,700;302,050;;;;;0,00;0,00;0,00;3,00;2,82;15,503;26,158;0,58;0,57;999998,00;999998,00;999998,00;999998,00;999998,00;999998,00;999998,00;999998,00;999998,00;999998,00;999998,00;999998,00;999998,00;999998,00;999998,00;;;;;;;;;;;;;;;;;3,5576;0,00000;0,0000;0,00000000;0,00000000;0,00225;Infinity;1,0982;27,916290;-0,002403;24,009011;23,898352;-0,0005;-0,0570;0,00;0,00;0,00;0,00;0,41;;4,895;4,868;0,0314353;20,94800;0,05900;0,01700;0,0003795;;1674,28;224,00;;;
;;225;20,94500;0,06000;-0,001000;128,075;100,32;1636,1500;0,000;100,074;43,300;0,005;303,750;302,450;26,20;322,683;263,183;0,000;46,300;51,700;50,600;302,050;;;;;0,00;0,00;0,00;3,00;2,82;15,503;26,177;0,58;0,57;999998,00;999998,00;999998,00;999998,00;999998,00;999998,00;999998,00;999998,00;999998,00;999998,00;999998,00;999998,00;999998,00;999998,00;999998,00;;;;;;;;;;;;;;;;;5,8047;0,00000;0,0000;-0,00083415;-0,00083415;-0,00095;-3,92786;1,1040;27,921741;-0,002402;24,013698;23,910923;-0,0005;-0,0570;0,00;0,00;0,00;0,00;0,44;;4,894;4,862;0,0512904;20,94700;0,05800;0,00400;0,0006170;;1674,28;225,00;;;
;;226;20,94600;0,05900;-0,008000;130,700;100,31;1636,1500;0,000;100,070;43,300;0,005;303,750;302,450;26,20;322,683;263,183;0,000;46,300;51,700;50,600;302,050;;;;;0,00;0,00;0,00;3,00;2,82;15,461;26,158;0,58;0,57;999998,00;999998,00;999998,00;999998,00;999998,00;999998,00;999998,00;999998,00;999998,00;999998,00;999998,00;999998,00;999998,00;999998,00;999998,00;;;;;;;;;;;;;;;;;7,6496;0,00000;0,0000;0,00583903;0,00583903;-0,00370;0,64078;1,1116;28,206429;-0,002367;24,258540;24,154717;-0,0005;-0,0568;0,00;0,00;0,00;0,00;0,48;;4,902;4,862;0,0675915;20,94600;0,05900;-0,00700;0,0008038;;1674,28;226,00;;;
;;227;20,94600;0,05900;-0,006000;126,825;100,32;1636,1400;0,000;100,070;43,300;0,005;303,750;302,450;26,20;322,683;263,190;0,000;46,300;51,700;50,600;302,050;;;;;0,00;0,00;0,00;3,00;2,82;15,435;26,182;0,58;0,57;999998,00;999998,00;999998,00;999998,00;999998,00;999998,00;999998,00;999998,00;999998,00;999998,00;999998,00;999998,00;999998,00;999998,00;999998,00;;;;;;;;;;;;;;;;;3,7797;0,00000;0,0000;0,00583903;0,00583903;0,00175;0,63121;1,1154;27,785151;-0,002436;23,896226;23,793954;-0,0005;-0,0575;0,00;0,00;0,00;0,00;0,41;;4,905;4,861;0,0333970;20,94800;0,05900;0,01500;0,0004048;;1674,27;227,00;;;
;;228;20,94700;0,05900;-0,001000;126,750;100,31;1636,1400;0,000;100,070;43,300;0,005;303,750;302,450;26,20;322,717;263,190;0,000;46,400;51,700;50,600;302,050;;;;;0,00;0,00;0,00;3,00;2,82;15,416;26,179;0,58;0,57;999998,00;999998,00;999998,00;999998,00;999998,00;999998,00;999998,00;999998,00;999998,00;999998,00;999998,00;999998,00;999998,00;999998,00;999998,00;;;;;;;;;;;;;;;;;5,8057;0,00000;0,0000;-0,00083415;-0,00083415;-0,00217;-3,90749;1,1212;27,776933;-0,002367;23,889158;23,786917;-0,0005;-0,0559;0,00;0,00;0,00;0,00;0,41;;4,905;4,861;0,0512995;20,94800;0,05800;-0,00100;0,0006199;;1674,27;228,00;;;
;;229;20,94700;0,05900;0,008000;130,175;100,31;1636,1400;0,000;100,070;43,300;0,005;303,750;302,450;26,20;322,717;263,190;0,000;46,400;51,700;50,600;302,050;;;;;0,00;0,00;0,00;3,00;2,83;15,446;26,179;0,58;0,57;999998,00;999998,00;999998,00;999998,00;999998,00;999998,00;999998,00;999998,00;999998,00;999998,00;999998,00;999998,00;999998,00;999998,00;999998,00;;;;;;;;;;;;;;;;;3,3455;0,00000;0,0000;0,00000000;0,00000000;0,00277;Infinity;1,1245;28,149722;-0,002332;24,209770;24,106156;-0,0005;-0,0558;0,00;0,00;0,00;0,00;0,41;;4,903;4,850;0,0295610;20,94800;0,05900;0,01900;0,0003541;;1674,27;229,00;;;
;;230;20,94600;0,05900;0,010000;131,425;100,31;1636,1400;0,000;100,070;43,300;0,005;303,750;302,450;26,20;322,717;263,190;0,000;46,400;51,700;50,600;302,050;;;;;0,00;0,00;0,00;3,00;2,83;15,460;26,174;0,58;0,57;999998,00;999998,00;999998,00;999998,00;999998,00;999998,00;999998,00;999998,00;999998,00;999998,00;999998,00;999998,00;999998,00;999998,00;999998,00;;;;;;;;;;;;;;;;;2,7539;0,00000;0,0000;0,00000000;0,00000000;0,00403;Infinity;1,1273;28,284552;-0,002315;24,325729;24,221619;-0,0005;-0,0557;0,00;0,00;0,00;0,00;0,41;;4,895;4,850;0,0243336;20,94800;0,05900;0,02400;0,0002908;;1674,27;230,00;;;
;;231;20,94600;0,05900;0,022000;132,350;100,30;1636,1400;0,000;100,070;43,200;0,005;303,750;302,350;26,20;322,683;263,190;0,000;46,400;51,700;50,500;302,050;;;;;0,00;0,00;0,00;3,00;2,83;15,448;26,190;0,58;0,57;999998,00;999998,00;999998,00;999998,00;999998,00;999998,00;999998,00;999998,00;999998,00;999998,00;999998,00;999998,00;999998,00;999998,00;999998,00;;;;;;;;;;;;;;;;;2,9755;0,00000;0,0000;0,00000000;0,00000000;0,00479;Infinity;1,1303;28,383914;-0,002281;24,411184;24,298671;-0,0005;-0,0550;0,00;0,00;0,00;0,00;0,45;;4,886;4,835;0,0262918;20,94700;0,05900;0,02700;0,0003133;;1674,27;231,00;;;
;;232;20,94700;0,05900;0,010000;125,450;100,31;1636,1400;0,000;100,070;43,200;0,005;303,750;302,350;26,20;322,617;263,190;0,000;46,300;51,600;50,500;302,050;;;;;0,00;0,00;0,00;3,00;2,83;15,444;26,177;0,58;0,57;999998,00;999998,00;999998,00;999998,00;999998,00;999998,00;999998,00;999998,00;999998,00;999998,00;999998,00;999998,00;999998,00;999998,00;999998,00;;;;;;;;;;;;;;;;;4,7343;0,00000;0,0000;0,00000000;0,00000000;0,00320;Infinity;1,1350;27,634120;-0,002317;23,766334;23,656794;-0,0005;-0,0544;0,00;0,00;0,00;0,00;0,51;;4,882;4,835;0,0418319;20,94500;0,05900;0,02100;0,0005100;;1674,27;232,00;;;
;;233;20,94700;0,05900;0,022000;125,950;100,31;1636,1400;0,000;100,070;43,200;0,005;303,750;302,350;26,20;322,617;263,190;0,000;46,300;51,600;50,500;302,050;;;;;0,00;0,00;0,00;3,00;2,83;15,439;26,169;0,58;0,57;999998,00;999998,00;999998,00;999998,00;999998,00;999998,00;999998,00;999998,00;999998,00;999998,00;999998,00;999998,00;999998,00;999998,00;999998,00;;;;;;;;;;;;;;;;;5,1013;0,00000;0,0000;0,00000000;0,00000000;0,00223;Infinity;1,1401;27,689135;-0,002354;23,813649;23,703891;-0,0005;-0,0554;0,00;0,00;0,00;0,00;0,51;;4,882;4,829;0,0450749;20,94500;0,06000;0,01700;0,0005479;;1674,27;233,00;;;
;;234;20,94800;0,05900;0,020000;127,525;100,31;1636,1400;0,000;100,070;43,200;0,005;303,750;302,350;26,20;322,617;263,190;0,000;46,300;51,600;50,500;302,050;;;;;0,00;0,00;0,00;3,00;2,83;15,488;26,169;0,58;0,57;999998,00;999998,00;999998,00;999998,00;999998,00;999998,00;999998,00;999998,00;999998,00;999998,00;999998,00;999998,00;999998,00;999998,00;999998,00;;;;;;;;;;;;;;;;;6,3600;0,00000;0,0000;0,00000000;0,00000000;-0,00120;Infinity;1,1465;27,861724;-0,002372;23,962081;23,851639;-0,0005;-0,0562;0,00;0,00;0,00;0,00;0,48;;4,886;4,829;0,0561967;20,94600;0,05900;0,00300;0,0006773;;1674,27;234,00;;;
;;235;20,94900;0,05800;0,017000;131,250;100,31;1636,1400;0,000;100,074;43,200;0,005;303,750;302,350;26,20;322,583;263,196;0,000;46,200;51,600;50,500;302,050;;;;;0,00;0,00;0,00;3,00;2,83;15,488;26,163;0,58;0,57;999998,00;999998,00;999998,00;999998,00;999998,00;999998,00;999998,00;999998,00;999998,00;999998,00;999998,00;999998,00;999998,00;999998,00;999998,00;;;;;;;;;;;;;;;;;5,8453;0,00000;0,0000;-0,00083415;-0,00083415;0,00003;-4,49488;1,1523;28,265715;-0,002374;24,309528;24,197484;-0,0005;-0,0570;0,00;0,00;0,00;0,00;0,48;;4,891;4,834;0,0516495;20,94600;0,05900;0,00800;0,0006141;;1674,27;235,00;;;
;;236;20,94800;0,05900;0,004000;124,625;100,32;1636,1400;0,000;100,070;43,200;0,005;303,750;302,450;26,20;322,583;263,196;0,000;46,200;51,600;50,500;302,050;;;;;0,00;0,00;0,00;3,00;2,84;15,482;26,169;0,58;0,57;999998,00;999998,00;999998,00;999998,00;999998,00;999998,00;999998,00;999998,00;999998,00;999998,00;999998,00;999998,00;999998,00;999998,00;999998,00;;;;;;;;;;;;;;;;;6,9967;0,00000;0,0000;0,00583903;0,00583903;-0,00264;0,62571;1,1593;27,543105;-0,002428;23,688057;23,586676;-0,0005;-0,0569;0,00;0,00;0,00;0,00;0,47;;4,897;4,834;0,0618232;20,94600;0,05900;-0,00300;0,0007532;;1674,27;236,00;;;
;;237;20,94700;0,05900;-0,007000;127,425;100,32;1636,1300;0,000;100,062;43,200;0,005;303,750;302,450;26,20;322,550;263,196;0,000;46,100;51,600;50,500;302,050;;;;;0,00;0,00;0,00;3,00;2,84;15,448;26,190;0,58;0,57;999998,00;999998,00;999998,00;999998,00;999998,00;999998,00;999998,00;999998,00;999998,00;999998,00;999998,00;999998,00;999998,00;999998,00;999998,00;;;;;;;;;;;;;;;;;5,3687;0,00000;0,0000;0,00583903;0,00583903;0,00225;0,55970;1,1647;27,850797;-0,002413;23,952684;23,850170;-0,0005;-0,0571;0,00;0,00;0,00;0,00;0,51;;4,903;4,841;0,0474377;20,94500;0,05800;0,01700;0,0005732;;1674,26;237,00;;;
;;238;20,94600;0,05800;0,015000;122,500;100,31;1636,1300;0,000;100,070;43,200;0,005;303,750;302,450;26,20;322,517;263,196;0,000;46,100;51,500;50,500;302,050;;;;;0,00;0,00;0,00;3,00;2,84;15,482;26,155;0,58;0,57;999998,00;999998,00;999998,00;999998,00;999998,00;999998,00;999998,00;999998,00;999998,00;999998,00;999998,00;999998,00;999998,00;999998,00;999998,00;;;;;;;;;;;;;;;;;7,0838;0,00000;0,0000;-0,00166829;-0,00166829;-0,00382;-1,92071;1,1718;27,307274;-0,002381;23,485235;23,384722;-0,0005;-0,0553;0,00;0,00;0,00;0,00;0,43;;4,908;4,841;0,0625925;20,94700;0,05800;-0,00800;0,0007688;;1674,26;238,00;;;
;;239;20,94800;0,05900;-0,001000;127,900;100,31;1636,1300;0,000;100,074;43,300;0,005;303,750;302,450;26,20;322,517;263,196;0,000;46,100;51,600;50,400;302,050;;;;;0,00;0,00;0,00;3,00;2,84;15,469;26,193;0,58;0,58;999998,00;999998,00;999998,00;999998,00;999998,00;999998,00;999998,00;999998,00;999998,00;999998,00;999998,00;999998,00;999998,00;999998,00;999998,00;;;;;;;;;;;;;;;;;3,7948;0,00000;0,0000;0,00583903;0,00583903;0,00200;0,56074;1,1756;27,902658;-0,002384;23,997287;23,894582;-0,0005;-0,0566;0,00;0,00;0,00;0,00;0,41;;4,911;4,838;0,0335311;20,94800;0,05800;0,01600;0,0004048;;1674,26;239,00;;;
;;240;20,94800;0,05900;0,019000;122,125;100,31;1636,1200;0,000;100,070;43,300;0,005;303,750;302,450;26,20;322,483;263,196;0,000;46,100;51,500;50,400;302,050;;;;;0,00;0,00;0,00;3,00;2,84;15,439;26,169;0,58;0,58;999998,00;999998,00;999998,00;999998,00;999998,00;999998,00;999998,00;999998,00;999998,00;999998,00;999998,00;999998,00;999998,00;999998,00;999998,00;;;;;;;;;;;;;;;;;5,1999;0,00000;0,0000;0,00583903;0,00583903;0,00003;0,54793;1,1808;27,265445;-0,002353;23,449261;23,348902;-0,0005;-0,0545;0,00;0,00;0,00;0,00;0,43;;4,909;4,838;0,0459466;20,94700;0,05800;0,00800;0,0005664;;1674,25;240,00;;;
;;241;20,94800;0,05900;0,024000;130,050;100,32;1636,1200;0,000;100,070;43,300;0,005;303,750;302,450;26,20;322,483;263,196;0,000;46,100;51,500;50,400;302,050;;;;;0,00;0,00;0,00;3,00;2,84;15,481;26,193;0,58;0,58;999998,00;999998,00;999998,00;999998,00;999998,00;999998,00;999998,00;999998,00;999998,00;999998,00;999998,00;999998,00;999998,00;999998,00;999998,00;;;;;;;;;;;;;;;;;5,1243;0,00000;0,0000;-0,00083415;-0,00083415;0,00053;-3,95803;1,1859;28,136203;-0,002392;24,198143;24,094579;-0,0005;-0,0572;0,00;0,00;0,00;0,00;0,45;;4,910;4,835;0,0452787;20,94700;0,05800;0,01000;0,0005411;;1674,25;241,00;;;
;;242;20,94800;0,05900;0,027000;128,650;100,32;1636,1200;0,000;100,070;43,300;0,005;303,750;302,450;26,20;322,517;263,196;0,000;46,200;51,500;50,400;302,050;;;;;0,00;0,00;0,00;3,00;2,84;15,484;26,187;0,58;0,58;999998,00;999998,00;999998,00;999998,00;999998,00;999998,00;999998,00;999998,00;999998,00;999998,00;999998,00;999998,00;999998,00;999998,00;999998,00;;;;;;;;;;;;;;;;;4,5538;0,00000;0,0000;0,00000000;0,00000000;0,00374;Infinity;1,1904;27,984349;-0,002413;24,067544;23,964538;-0,0005;-0,0574;0,00;0,00;0,00;0,00;0,51;;4,910;4,835;0,0402378;20,94500;0,05900;0,02300;0,0004846;;1674,25;242,00;;;
;;243;20,94700;0,06000;0,021000;130,675;100,32;1636,1200;0,000;100,070;43,300;0,005;303,750;302,450;26,20;322,517;263,196;0,000;46,200;51,500;50,400;302,050;;;;;0,00;0,00;0,00;3,00;2,85;15,467;26,182;0,58;0,58;999998,00;999998,00;999998,00;999998,00;999998,00;999998,00;999998,00;999998,00;999998,00;999998,00;999998,00;999998,00;999998,00;999998,00;999998,00;;;;;;;;;;;;;;;;;4,5001;0,00000;0,0000;0,00000000;0,00000000;0,00277;Infinity;1,1949;28,203731;-0,002400;24,256220;24,152407;-0,0005;-0,0575;0,00;0,00;0,00;0,00;0,48;;4,908;4,835;0,0397628;20,94600;0,05900;0,01900;0,0004749;;1674,25;243,00;;;
;;244;20,94500;0,05900;0,017000;124,825;100,32;1636,1200;0,000;100,068;43,300;0,005;303,750;302,450;26,20;322,483;263,196;0,000;46,200;51,400;50,400;302,050;;;;;0,00;0,00;0,00;3,00;2,85;15,456;26,195;0,58;0,58;999998,00;999998,00;999998,00;999998,00;999998,00;999998,00;999998,00;999998,00;999998,00;999998,00;999998,00;999998,00;999998,00;999998,00;999998,00;;;;;;;;;;;;;;;;;7,5932;0,00000;0,0000;0,00000000;0,00000000;-0,00362;Infinity;1,2025;27,565198;-0,002405;23,707058;23,605596;-0,0005;-0,0564;0,00;0,00;0,00;0,00;0,47;;4,913;4,835;0,0670934;20,94600;0,05800;-0,00700;0,0008165;;1674,25;244,00;;;
;;245;20,94500;0,05900;0,003000;128,125;100,31;1636,1200;0,000;100,070;43,300;0,005;303,750;302,450;26,20;322,517;263,196;0,000;46,200;51,500;50,400;302,050;;;;;0,00;0,00;0,00;3,00;2,85;15,463;26,198;0,58;0,58;999998,00;999998,00;999998,00;999998,00;999998,00;999998,00;999998,00;999998,00;999998,00;999998,00;999998,00;999998,00;999998,00;999998,00;999998,00;;;;;;;;;;;;;;;;;6,7643;0,00000;0,0000;-0,00083415;-0,00083415;-0,00268;-3,41620;1,2093;27,927191;-0,002376;24,018386;23,915591;-0,0005;-0,0564;0,00;0,00;0,00;0,00;0,44;;4,922;4,842;0,0597691;20,94700;0,05700;-0,00300;0,0007182;;1674,25;245,00;;;
;;246;20,94600;0,05900;0,008000;122,525;100,32;1636,1200;0,000;100,074;43,300;0,005;303,750;302,450;26,20;322,450;263,196;0,000;46,200;51,400;50,300;302,050;;;;;0,00;0,00;0,00;3,00;2,85;15,461;26,190;0,58;0,58;999998,00;999998,00;999998,00;999998,00;999998,00;999998,00;999998,00;999998,00;999998,00;999998,00;999998,00;999998,00;999998,00;999998,00;999998,00;;;;;;;;;;;;;;;;;6,1772;0,00000;0,0000;0,00583903;0,00583903;-0,00310;0,54883;1,2155;27,310061;-0,002416;23,487632;23,387109;-0,0005;-0,0561;0,00;0,00;0,00;0,00;0,40;;4,928;4,842;0,0545816;20,94800;0,05800;-0,00500;0,0006705;;1674,25;246,00;;;
;;247;20,94600;0,05800;-0,003000;127,650;100,32;1636,1100;0,000;100,070;43,300;0,005;303,750;302,450;26,20;322,483;263,196;0,000;46,300;51,400;50,300;302,050;;;;;0,00;0,00;0,00;3,00;2,85;15,484;26,182;0,58;0,58;999998,00;999998,00;999998,00;999998,00;999998,00;999998,00;999998,00;999998,00;999998,00;999998,00;999998,00;999998,00;999998,00;999998,00;999998,00;;;;;;;;;;;;;;;;;5,5565;0,00000;0,0000;0,00583903;0,00583903;-0,00071;0,63326;1,2210;27,875376;-0,002421;23,973822;23,871218;-0,0005;-0,0574;0,00;0,00;0,00;0,00;0,44;;4,932;4,852;0,0490970;20,94700;0,05900;0,00500;0,0005917;;1674,24;247,00;;;
;;248;20,94600;0,05800;0,017000;125,825;100,33;1636,1100;0,000;100,074;43,300;0,005;303,750;302,450;26,20;322,483;263,203;0,000;46,300;51,400;50,300;302,050;;;;;0,00;0,00;0,00;3,00;2,85;15,448;26,185;0,58;0,58;999998,00;999998,00;999998,00;999998,00;999998,00;999998,00;999998,00;999998,00;999998,00;999998,00;999998,00;999998,00;999998,00;999998,00;999998,00;;;;;;;;;;;;;;;;;6,4363;0,00000;0,0000;-0,00083415;-0,00083415;-0,00143;-4,40102;1,2275;27,675393;-0,002496;23,801830;23,699962;-0,0005;-0,0587;0,00;0,00;0,00;0,00;0,47;;4,936;4,852;0,0568709;20,94600;0,05900;0,00200;0,0006900;;1674,24;248,00;;;
;;249;20,94500;0,05800;-0,008000;130,725;100,31;1636,1100;0,000;100,074;43,200;0,005;303,750;302,450;26,20;322,450;263,203;0,000;46,200;51,400;50,300;302,050;;;;;0,00;0,00;0,00;3,00;2,85;15,452;26,179;0,58;0,58;999998,00;999998,00;999998,00;999998,00;999998,00;999998,00;999998,00;999998,00;999998,00;999998,00;999998,00;999998,00;999998,00;999998,00;999998,00;;;;;;;;;;;;;;;;;7,6188;0,00000;0,0000;0,00000000;0,00000000;-0,00246;Infinity;1,2351;28,209126;-0,002348;24,260860;24,157027;-0,0005;-0,0563;0,00;0,00;0,00;0,00;0,52;;4,945;4,866;0,0673194;20,94500;0,05900;-0,00200;0,0008010;;1674,24;249,00;;;
;;250;20,94700;0,05800;0,016000;126,525;100,31;1636,1100;0,000;100,068;43,200;0,005;303,750;302,450;26,20;322,450;263,203;0,000;46,200;51,400;50,300;302,050;;;;;0,00;0,00;0,00;3,00;2,86;15,446;26,195;0,58;0,58;999998,00;999998,00;999998,00;999998,00;999998,00;999998,00;999998,00;999998,00;999998,00;999998,00;999998,00;999998,00;999998,00;999998,00;999998,00;;;;;;;;;;;;;;;;;4,7857;0,00000;0,0000;0,00000000;0,00000000;0,00199;Infinity;1,2399;27,752268;-0,002320;23,867946;23,765795;-0,0005;-0,0547;0,00;0,00;0,00;0,00;0,47;;4,950;4,866;0,0422862;20,94600;0,05900;0,01600;0,0005129;;1674,24;250,00;;;
;;251;20,94800;0,05800;0,008000;126,050;100,31;1636,1100;0,000;100,070;43,200;0,005;303,750;302,450;26,20;322,450;263,203;0,000;46,200;51,400;50,300;302,050;;;;;0,00;0,00;0,00;3,00;2,86;15,448;26,195;0,58;0,58;999998,00;999998,00;999998,00;999998,00;999998,00;999998,00;999998,00;999998,00;999998,00;999998,00;999998,00;999998,00;999998,00;999998,00;999998,00;;;;;;;;;;;;;;;;;4,8957;0,00000;0,0000;0,00000000;0,00000000;0,00174;Infinity;1,2448;27,700126;-0,002344;23,823101;23,721142;-0,0005;-0,0552;0,00;0,00;0,00;0,00;0,47;;4,949;4,877;0,0432580;20,94600;0,05900;0,01500;0,0005255;;1674,24;251,00;;;
;;252;20,94700;0,05900;0,010000;131,250;100,31;1636,1100;0,000;100,074;43,200;0,005;303,750;302,450;26,20;322,417;263,203;0,000;46,200;51,400;50,200;302,050;;;;;0,00;0,00;0,00;3,00;2,86;15,444;26,182;0,59;0,58;999998,00;999998,00;999998,00;999998,00;999998,00;999998,00;999998,00;999998,00;999998,00;999998,00;999998,00;999998,00;999998,00;999998,00;999998,00;;;;;;;;;;;;;;;;;6,1778;0,00000;0,0000;0,00000000;0,00000000;0,00053;Infinity;1,2509;28,265715;-0,002351;24,309528;24,205488;-0,0005;-0,0565;0,00;0,00;0,00;0,00;0,52;;4,952;4,877;0,0545870;20,94500;0,05900;0,01000;0,0006492;;1674,24;252,00;;;
;;253;20,94700;0,05900;0,023000;129,025;100,32;1636,1100;0,000;100,070;43,200;0,005;303,750;302,450;26,20;322,350;263,203;0,000;46,100;51,300;50,200;302,050;;;;;0,00;0,00;0,00;3,00;2,86;15,490;26,206;0,59;0,58;999998,00;999998,00;999998,00;999998,00;999998,00;999998,00;999998,00;999998,00;999998,00;999998,00;999998,00;999998,00;999998,00;999998,00;999998,00;;;;;;;;;;;;;;;;;6,3345;0,00000;0,0000;0,00000000;0,00000000;0,00127;Infinity;1,2573;28,025105;-0,002410;24,102595;23,999440;-0,0005;-0,0574;0,00;0,00;0,00;0,00;0,55;;4,957;4,883;0,0559716;20,94400;0,05900;0,01300;0,0006716;;1674,24;253,00;;;
;;254;20,94500;0,05800;0,019000;131,250;100,31;1636,1100;0,000;100,074;43,200;0,005;303,750;302,450;26,20;322,350;263,203;0,000;46,100;51,300;50,200;302,050;;;;;0,00;0,00;0,00;3,00;2,86;15,484;26,179;0,59;0,58;999998,00;999998,00;999998,00;999998,00;999998,00;999998,00;999998,00;999998,00;999998,00;999998,00;999998,00;999998,00;999998,00;999998,00;999998,00;;;;;;;;;;;;;;;;;4,6005;0,00000;0,0000;0,00000000;0,00000000;0,00353;Infinity;1,2619;28,265715;-0,002367;24,309528;24,205488;-0,0005;-0,0569;0,00;0,00;0,00;0,00;0,52;;4,959;4,883;0,0406496;20,94500;0,06000;0,02200;0,0004846;;1674,24;254,00;;;
;;255;20,94600;0,05700;-0,007000;129,500;100,31;1636,1100;0,000;100,070;43,200;0,005;303,750;302,450;26,20;322,350;263,203;0,000;46,100;51,300;50,200;302,050;;;;;0,00;0,00;0,00;3,00;2,86;15,395;26,195;0,59;0,58;999998,00;999998,00;999998,00;999998,00;999998,00;999998,00;999998,00;999998,00;999998,00;999998,00;999998,00;999998,00;999998,00;999998,00;999998,00;;;;;;;;;;;;;;;;;6,6187;0,00000;0,0000;0,00000000;0,00000000;-0,00046;Infinity;1,2685;28,076644;-0,002340;24,146921;24,043576;-0,0005;-0,0559;0,00;0,00;0,00;0,00;0,52;;4,961;4,896;0,0584828;20,94500;0,05900;0,00600;0,0006998;;1674,24;255,00;;;
;;256;20,94600;0,05800;-0,003000;131,525;100,32;1636,1100;0,000;100,072;43,200;0,005;303,750;302,450;26,20;322,350;263,203;0,000;46,100;51,300;50,200;302,050;;;;;0,00;0,00;0,00;3,00;2,86;15,454;26,195;0,59;0,58;999998,00;999998,00;999998,00;999998,00;999998,00;999998,00;999998,00;999998,00;999998,00;999998,00;999998,00;999998,00;999998,00;999998,00;999998,00;;;;;;;;;;;;;;;;;6,0047;0,00000;0,0000;0,00000000;0,00000000;-0,00147;Infinity;1,2745;28,295310;-0,002416;24,334981;24,230832;-0,0005;-0,0581;0,00;0,00;0,00;0,00;0,45;;4,967;4,896;0,0530574;20,94700;0,05900;0,00200;0,0006296;;1674,24;256,00;;;
;;257;20,94700;0,05900;-0,005000;134,000;100,32;1636,1100;0,000;100,070;43,200;0,005;303,750;302,450;26,20;322,317;263,203;0,000;46,000;51,300;50,200;302,050;;;;;0,00;0,00;0,00;3,00;2,87;15,456;26,185;0,59;0,58;999998,00;999998,00;999998,00;999998,00;999998,00;999998,00;999998,00;999998,00;999998,00;999998,00;999998,00;999998,00;999998,00;999998,00;999998,00;;;;;;;;;;;;;;;;;8,5129;0,00000;0,0000;0,00000000;0,00000000;-0,00652;Infinity;1,2830;28,560296;-0,002408;24,562879;24,457753;-0,0005;-0,0585;0,00;0,00;-0,01;0,00;0,45;;4,976;4,916;0,0752199;20,94700;0,05900;-0,01800;0,0008826;;1674,24;257,00;;;
;;258;20,94800;0,05900;0,005000;130,350;100,32;1636,1100;0,000;100,070;43,200;0,005;303,650;302,450;26,20;322,317;263,196;0,000;46,000;51,300;50,200;302,050;;;;;0,00;0,00;0,00;3,00;2,87;15,486;26,219;0,59;0,59;999998,00;999998,00;999998,00;999998,00;999998,00;999998,00;999998,00;999998,00;999998,00;999998,00;999998,00;999998,00;999998,00;999998,00;999998,00;;;;;;;;;;;;;;;;;5,2529;0,00000;0,0000;0,00000000;0,00000000;0,00003;Infinity;1,2883;28,173275;-0,002484;24,222049;24,126326;-0,0005;-0,0595;0,00;0,00;0,00;0,00;0,45;;4,983;4,916;0,0464146;20,94700;0,05900;0,00800;0,0005537;;1674,24;258,00;;;
;;259;20,94700;0,05900;0,002000;125,100;100,33;1636,1100;0,000;100,072;43,200;0,005;303,650;302,350;26,20;322,283;263,196;0,000;46,000;51,300;50,100;302,050;;;;;0,00;0,00;0,00;3,00;2,87;15,441;26,209;0,59;0,59;999998,00;999998,00;999998,00;999998,00;999998,00;999998,00;999998,00;999998,00;999998,00;999998,00;999998,00;999998,00;999998,00;999998,00;999998,00;;;;;;;;;;;;;;;;;4,5533;0,00000;0,0000;-0,00083415;-0,00083415;0,00125;-4,38903;1,2928;27,600088;-0,002561;23,729250;23,627660;-0,0005;-0,0601;0,00;0,00;0,00;0,00;0,44;;4,983;4,929;0,0402333;20,94700;0,05900;0,01300;0,0004905;;1674,24;259,00;;;
;;260;20,94600;0,05900;-0,002000;121,700;100,33;1636,1100;0,000;100,068;43,200;0,005;303,650;302,450;26,20;322,250;263,196;0,000;46,000;51,200;50,100;302,050;;;;;0,00;0,00;0,00;3,00;2,87;15,418;26,206;0,59;0,59;999998,00;999998,00;999998,00;999998,00;999998,00;999998,00;999998,00;999998,00;999998,00;999998,00;999998,00;999998,00;999998,00;999998,00;999998,00;;;;;;;;;;;;;;;;;3,2353;0,00000;0,0000;0,00583903;0,00583903;0,00268;0,61843;1,2960;27,222444;-0,002552;23,404570;23,312077;-0,0005;-0,0591;0,00;0,00;0,00;0,00;0,40;;4,979;4,929;0,0285872;20,94800;0,05900;0,01900;0,0003541;;1674,24;260,00;;;
;;261;20,94500;0,05900;0,016000;129,825;100,33;1636,1000;0,000;100,074;43,200;0,005;303,650;302,350;26,20;322,250;263,196;0,000;46,000;51,200;50,100;302,050;;;;;0,00;0,00;0,00;3,00;2,87;15,454;26,214;0,59;0,59;999998,00;999998,00;999998,00;999998,00;999998,00;999998,00;999998,00;999998,00;999998,00;999998,00;999998,00;999998,00;999998,00;999998,00;999998,00;;;;;;;;;;;;;;;;;4,0339;0,00000;0,0000;0,00583903;0,00583903;0,00276;0,56504;1,3001;28,116482;-0,002527;24,173222;24,069730;-0,0005;-0,0604;0,00;0,00;0,00;0,00;0,45;;4,973;4,924;0,0356431;20,94700;0,05800;0,01900;0,0004272;;1674,23;261,00;;;
;;262;20,94600;0,05900;0,015000;132,900;100,32;1636,1000;0,000;100,070;43,200;0,005;303,650;302,350;26,20;322,250;263,190;0,000;46,000;51,200;50,100;302,050;;;;;0,00;0,00;0,00;3,00;2,87;15,437;26,219;0,59;0,59;999998,00;999998,00;999998,00;999998,00;999998,00;999998,00;999998,00;999998,00;999998,00;999998,00;999998,00;999998,00;999998,00;999998,00;999998,00;;;;;;;;;;;;;;;;;3,2267;0,00000;0,0000;-0,00083415;-0,00083415;0,00430;-4,52379;1,3033;28,447513;-0,002451;24,457827;24,353117;-0,0005;-0,0593;0,00;0,00;0,00;0,00;0,45;;4,968;4,924;0,0285107;20,94700;0,05900;0,02500;0,0003386;;1674,23;262,00;;;
;;263;20,94600;0,05900;0,010000;121,750;100,33;1636,1000;0,000;100,070;43,200;0,005;303,650;302,350;26,20;322,250;263,190;0,000;46,000;51,200;50,100;302,050;;;;;0,00;0,00;0,00;3,00;2,87;15,490;26,198;0,59;0,59;999998,00;999998,00;999998,00;999998,00;999998,00;999998,00;999998,00;999998,00;999998,00;999998,00;999998,00;999998,00;999998,00;999998,00;999998,00;;;;;;;;;;;;;;;;;4,3452;0,00000;0,0000;0,00000000;0,00000000;0,00244;Infinity;1,3077;27,228035;-0,002494;23,409377;23,309156;-0,0005;-0,0577;0,00;0,00;0,00;0,00;0,47;;4,964;4,918;0,0383942;20,94600;0,06000;0,01800;0,0004749;;1674,23;263,00;;;
;;264;20,94500;0,06000;0,013000;126,275;100,33;1636,1000;0,000;100,068;43,200;0,005;303,650;302,350;26,20;322,250;263,190;0,000;46,000;51,200;50,100;302,050;;;;;0,00;0,00;0,00;3,00;2,88;15,446;26,206;0,59;0,59;999998,00;999998,00;999998,00;999998,00;999998,00;999998,00;999998,00;999998,00;999998,00;999998,00;999998,00;999998,00;999998,00;999998,00;999998,00;;;;;;;;;;;;;;;;;5,3772;0,00000;0,0000;0,00000000;0,00000000;0,00077;Infinity;1,3130;27,729401;-0,002503;23,840428;23,738361;-0,0005;-0,0590;0,00;0,00;0,00;0,00;0,47;;4,963;4,918;0,0475129;20,94600;0,05900;0,01100;0,0005761;;1674,23;264,00;;;
;;265;20,94400;0,05900;0,022000;132,525;100,32;1636,1000;0,000;100,070;43,200;0,005;303,650;302,350;26,20;322,217;263,190;0,000;45,900;51,200;50,100;302,050;;;;;0,00;0,00;0,00;3,00;2,88;15,454;26,203;0,59;0,59;999998,00;999998,00;999998,00;999998,00;999998,00;999998,00;999998,00;999998,00;999998,00;999998,00;999998,00;999998,00;999998,00;999998,00;999998,00;;;;;;;;;;;;;;;;;7,0943;0,00000;0,0000;0,00000000;0,00000000;-0,00247;Infinity;1,3201;28,407349;-0,002411;24,423296;24,318734;-0,0005;-0,0582;0,00;0,00;0,00;0,00;0,49;;4,968;4,925;0,0626855;20,94600;0,05900;-0,00200;0,0007406;;1674,23;265,00;;;
;;266;20,94500;0,05900;0,006000;128,300;100,32;1636,1000;0,000;100,072;43,200;0,005;303,650;302,350;26,20;322,183;263,190;0,000;45,900;51,200;50,000;302,050;;;;;0,00;0,00;0,00;3,00;2,88;15,454;26,217;0,60;0,59;999998,00;999998,00;999998,00;999998,00;999998,00;999998,00;999998,00;999998,00;999998,00;999998,00;999998,00;999998,00;999998,00;999998,00;999998,00;;;;;;;;;;;;;;;;;8,7487;0,00000;0,0000;-0,00083415;-0,00083415;-0,00490;-4,44481;1,3289;27,950858;-0,002420;24,030826;23,927944;-0,0005;-0,0575;0,00;0,00;0,00;0,00;0,51;;4,979;4,925;0,0773032;20,94500;0,05900;-0,01200;0,0009274;;1674,23;266,00;;;
;;267;20,94500;0,05900;0,002000;128,325;100,33;1636,1000;0,000;100,068;43,200;0,005;303,650;302,350;26,20;322,150;263,190;0,000;45,900;51,100;50,000;302,050;;;;;0,00;0,00;0,00;3,00;2,88;15,463;26,225;0,60;0,59;999998,00;999998,00;999998,00;999998,00;999998,00;999998,00;999998,00;999998,00;999998,00;999998,00;999998,00;999998,00;999998,00;999998,00;999998,00;;;;;;;;;;;;;;;;;6,9185;0,00000;0,0000;0,00583903;0,00583903;0,00003;0,63503;1,3358;27,953581;-0,002564;24,033167;23,930275;-0,0005;-0,0609;0,00;0,00;0,00;0,00;0,55;;4,990;4,940;0,0611315;20,94400;0,05900;0,00800;0,0007348;;1674,23;267,00;;;
;;268;20,94700;0,05900;-0,018000;123,825;100,33;1636,0900;0,000;100,068;43,200;0,005;303,650;302,350;26,20;322,150;263,190;0,000;45,900;51,100;50,000;302,050;;;;;0,00;0,00;0,00;3,00;2,88;15,441;26,206;0,60;0,59;999998,00;999998,00;999998,00;999998,00;999998,00;999998,00;999998,00;999998,00;999998,00;999998,00;999998,00;999998,00;999998,00;999998,00;999998,00;;;;;;;;;;;;;;;;;7,6826;0,00000;0,0000;0,00583903;0,00583903;-0,00409;0,62380;1,3435;27,459079;-0,002522;23,608018;23,506946;-0,0005;-0,0589;0,00;0,00;0,00;0,00;0,47;;4,999;4,940;0,0678835;20,94600;0,05900;-0,00900;0,0008291;;1674,22;268,00;;;
;;269;20,94700;0,05900;0,008000;131,625;100,33;1636,0900;0,000;100,070;43,200;0,005;303,650;302,350;26,20;322,150;263,190;0,000;45,900;51,100;50,000;302,050;;;;;0,00;0,00;0,00;3,00;2,88;15,463;26,227;0,60;0,59;999998,00;999998,00;999998,00;999998,00;999998,00;999998,00;999998,00;999998,00;999998,00;999998,00;999998,00;999998,00;999998,00;999998,00;999998,00;;;;;;;;;;;;;;;;;6,1876;0,00000;0,0000;-0,00083415;-0,00083415;0,00053;-4,50204;1,3497;28,310726;-0,002548;24,340224;24,236017;-0,0005;-0,0613;0,00;0,00;0,00;0,00;0,52;;5,006;4,952;0,0546739;20,94500;0,05900;0,01000;0,0006492;;1674,22;269,00;;;
;;270;20,94700;0,05900;0,013000;131,975;100,34;1636,0900;0,000;100,072;43,200;0,005;303,650;302,350;26,20;322,150;263,190;0,000;45,900;51,100;50,000;302,050;;;;;0,00;0,00;0,00;3,00;2,88;15,420;26,206;0,60;0,60;999998,00;999998,00;999998,00;999998,00;999998,00;999998,00;999998,00;999998,00;999998,00;999998,00;999998,00;999998,00;999998,00;999998,00;999998,00;;;;;;;;;;;;;;;;;7,2596;0,00000;0,0000;0,00000000;0,00000000;-0,00047;Infinity;1,3569;28,348341;-0,002590;24,372563;24,268218;-0,0006;-0,0624;0,00;0,00;0,00;0,00;0,56;;5,012;4,952;0,0641456;20,94400;0,05900;0,00600;0,0007601;;1674,22;270,00;;;
;;271;20,94700;0,05800;0,019000;130,100;100,33;1636,0900;0,000;100,070;43,200;0,005;303,650;302,350;26,20;322,150;263,190;0,000;45,900;51,100;50,000;302,050;;;;;0,00;0,00;0,00;3,00;2,89;15,465;26,211;0,60;0,60;999998,00;999998,00;999998,00;999998,00;999998,00;999998,00;999998,00;999998,00;999998,00;999998,00;999998,00;999998,00;999998,00;999998,00;999998,00;;;;;;;;;;;;;;;;;3,2508;0,00000;0,0000;0,00000000;0,00000000;0,00624;Infinity;1,3602;28,146245;-0,002583;24,198811;24,095210;-0,0005;-0,0618;0,00;0,00;0,01;0,00;0,52;;5,013;4,950;0,0287244;20,94500;0,06000;0,03300;0,0003454;;1674,22;271,00;;;
;;272;20,94800;0,05900;0,019000;126,550;100,34;1636,0900;0,000;100,074;43,200;0,005;303,550;302,350;26,20;322,150;263,190;0,000;45,900;51,100;50,000;302,050;;;;;0,00;0,00;0,00;3,00;2,89;15,477;26,203;0,60;0,60;999998,00;999998,00;999998,00;999998,00;999998,00;999998,00;999998,00;999998,00;999998,00;999998,00;999998,00;999998,00;999998,00;999998,00;999998,00;;;;;;;;;;;;;;;;;3,8336;0,00000;0,0000;0,00000000;0,00000000;0,00395;Infinity;1,3640;27,764152;-0,002675;23,862444;23,768110;-0,0006;-0,0631;0,00;0,00;0,00;0,00;0,48;;5,008;4,950;0,0338737;20,94600;0,05900;0,02400;0,0004116;;1674,22;272,00;;;
;;273;20,94700;0,06000;0,025000;128,575;100,35;1636,0900;0,000;100,070;43,200;0,005;303,650;302,350;26,20;322,083;263,190;0,000;45,800;51,100;49,900;302,050;;;;;0,00;0,00;0,00;3,00;2,89;15,446;26,206;0,60;0,60;999998,00;999998,00;999998,00;999998,00;999998,00;999998,00;999998,00;999998,00;999998,00;999998,00;999998,00;999998,00;999998,00;999998,00;999998,00;;;;;;;;;;;;;;;;;4,1047;0,00000;0,0000;-0,00083415;-0,00083415;0,00324;-4,96298;1,3681;27,980796;-0,002717;24,056566;23,953574;-0,0006;-0,0646;0,00;0,00;0,00;0,00;0,48;;5,004;4,941;0,0362694;20,94600;0,06000;0,02100;0,0004369;;1674,22;273,00;;;
;;274;20,94700;0,05900;0,018000;128,600;100,35;1636,0900;0,000;100,072;43,200;0,005;303,650;302,350;26,20;322,083;263,190;0,000;45,800;51,100;49,900;302,050;;;;;0,00;0,00;0,00;3,00;2,89;15,420;26,217;0,60;0,60;999998,00;999998,00;999998,00;999998,00;999998,00;999998,00;999998,00;999998,00;999998,00;999998,00;999998,00;999998,00;999998,00;999998,00;999998,00;;;;;;;;;;;;;;;;;4,5545;0,00000;0,0000;0,00583903;0,00583903;0,00349;0,70907;1,3727;27,983516;-0,002708;24,058904;23,955902;-0,0006;-0,0644;0,00;0,00;0,00;0,00;0,51;;5,001;4,941;0,0402438;20,94500;0,06000;0,02200;0,0004846;;1674,22;274,00;;;
;;275;20,94600;0,05900;0,011000;131,500;100,34;1636,0800;0,000;100,068;43,200;0,005;303,550;302,350;26,20;322,083;263,190;0,000;45,800;51,100;49,900;302,050;;;;;0,00;0,00;0,00;3,00;2,89;15,463;26,233;0,60;0,60;999998,00;999998,00;999998,00;999998,00;999998,00;999998,00;999998,00;999998,00;999998,00;999998,00;999998,00;999998,00;999998,00;999998,00;999998,00;;;;;;;;;;;;;;;;;5,9435;0,00000;0,0000;0,00583903;0,00583903;0,00078;0,71713;1,3786;28,301940;-0,002650;24,324657;24,228496;-0,0006;-0,0637;0,00;0,00;0,00;0,00;0,52;;5,002;4,942;0,0525164;20,94500;0,06000;0,01100;0,0006238;;1674,21;275,00;;;
;;276;20,94600;0,05900;-0,002000;129,550;100,35;1636,0800;0,000;100,070;43,200;0,005;303,650;302,350;26,20;322,050;263,190;0,000;45,800;51,000;49,900;302,050;;;;;0,00;0,00;0,00;3,00;2,89;15,429;26,217;0,60;0,60;999998,00;999998,00;999998,00;999998,00;999998,00;999998,00;999998,00;999998,00;999998,00;999998,00;999998,00;999998,00;999998,00;999998,00;999998,00;;;;;;;;;;;;;;;;;4,6344;0,00000;0,0000;-0,00083415;-0,00083415;0,00102;-4,98176;1,3832;28,086687;-0,002774;24,147605;24,044224;-0,0006;-0,0662;0,00;0,00;0,00;0,00;0,45;;5,003;4,942;0,0409498;20,94700;0,06000;0,01200;0,0004905;;1674,21;276,00;;;
;;277;20,94600;0,05900;-0,012000;120,325;100,36;1636,0800;0,000;100,072;43,200;0,005;303,650;302,350;26,20;322,050;263,190;0,000;45,800;51,000;49,900;302,050;;;;;0,00;0,00;0,00;3,00;2,89;15,446;26,217;0,60;0,60;999998,00;999998,00;999998,00;999998,00;999998,00;999998,00;999998,00;999998,00;999998,00;999998,00;999998,00;999998,00;999998,00;999998,00;999998,00;;;;;;;;;;;;;;;;;6,1493;0,00000;0,0000;0,00000000;0,00000000;-0,00021;Infinity;1,3894;27,068223;-0,002848;23,271978;23,172345;-0,0006;-0,0655;0,00;0,00;0,00;0,00;0,50;;5,005;4,950;0,0543353;20,94500;0,06000;0,00700;0,0006745;;1674,21;277,00;;;
;;278;20,94500;0,05900;0,008000;124,400;100,35;1636,0800;0,000;100,074;43,200;0,005;303,650;302,350;26,20;322,050;263,190;0,000;45,800;51,000;49,900;302,050;;;;;0,00;0,00;0,00;3,00;2,90;15,425;26,219;0,61;0,60;999998,00;999998,00;999998,00;999998,00;999998,00;999998,00;999998,00;999998,00;999998,00;999998,00;999998,00;999998,00;999998,00;999998,00;999998,00;;;;;;;;;;;;;;;;;5,2197;0,00000;0,0000;0,00000000;0,00000000;0,00076;Infinity;1,3946;27,522761;-0,002723;23,662769;23,561463;-0,0006;-0,0637;0,00;0,00;0,00;0,00;0,47;;5,007;4,950;0,0461214;20,94600;0,06000;0,01100;0,0005635;;1674,21;278,00;;;
;;279;20,94400;0,05900;-0,009000;127,125;100,35;1636,0800;0,000;100,070;43,200;0,005;303,650;302,350;26,20;322,050;263,183;0,000;45,800;51,000;49,900;302,050;;;;;0,00;0,00;0,00;3,00;2,90;15,435;26,235;0,61;0,60;999998,00;999998,00;999998,00;999998,00;999998,00;999998,00;999998,00;999998,00;999998,00;999998,00;999998,00;999998,00;999998,00;999998,00;999998,00;;;;;;;;;;;;;;;;;6,7985;0,00000;0,0000;0,00000000;0,00000000;-0,00120;Infinity;1,4014;27,822574;-0,002780;23,920533;23,818124;-0,0006;-0,0657;0,00;0,00;0,00;0,00;0,51;;5,011;4,961;0,0600717;20,94500;0,06000;0,00300;0,0007251;;1674,21;279,00;;;
;;280;20,94600;0,05900;0,010000;130,150;100,35;1636,0800;0,000;100,068;43,200;0,005;303,650;302,350;26,20;322,050;263,183;0,000;45,800;51,000;49,900;302,050;;;;;0,00;0,00;0,00;3,00;2,90;15,450;26,217;0,61;0,60;999998,00;999998,00;999998,00;999998,00;999998,00;999998,00;999998,00;999998,00;999998,00;999998,00;999998,00;999998,00;999998,00;999998,00;999998,00;;;;;;;;;;;;;;;;;5,1865;0,00000;0,0000;-0,00083415;-0,00083415;0,00227;-4,99329;1,4066;28,151653;-0,002738;24,203460;24,099839;-0,0006;-0,0655;0,00;0,00;0,00;0,00;0,52;;5,014;4,961;0,0458278;20,94500;0,06000;0,01700;0,0005479;;1674,21;280,00;;;
;;281;20,94500;0,06000;0,006000;124,850;100,35;1636,0800;0,000;100,072;43,200;0,005;303,550;302,350;26,20;322,017;263,183;0,000;45,800;51,000;49,800;302,050;;;;;0,00;0,00;0,00;3,00;2,90;15,448;26,235;0,61;0,60;999998,00;999998,00;999998,00;999998,00;999998,00;999998,00;999998,00;999998,00;999998,00;999998,00;999998,00;999998,00;999998,00;999998,00;999998,00;;;;;;;;;;;;;;;;;4,8437;0,00000;0,0000;0,00583903;0,00583903;0,00271;0,69877;1,4114;27,577038;-0,002745;23,701625;23,607927;-0,0006;-0,0643;0,00;0,00;0,00;0,00;0,51;;5,014;4,967;0,0427992;20,94500;0,06000;0,01900;0,0005226;;1674,21;281,00;;;
;;282;20,94400;0,05900;0,033000;129,650;100,35;1636,0699;0,000;100,072;43,200;0,005;303,550;302,350;26,20;322,017;263,183;0,000;45,900;50,900;49,800;302,050;;;;;0,00;0,00;0,00;3,00;2,90;15,414;26,225;0,61;0,60;999998,00;999998,00;999998,00;999998,00;999998,00;999998,00;999998,00;999998,00;999998,00;999998,00;999998,00;999998,00;999998,00;999998,00;999998,00;;;;;;;;;;;;;;;;;4,9352;0,00000;0,0000;0,00583903;0,00583903;0,00301;0,63841;1,4164;28,102153;-0,002702;24,152946;24,057464;-0,0006;-0,0645;0,00;0,00;0,00;0,00;0,52;;5,014;4,967;0,0436070;20,94500;0,05900;0,02000;0,0005226;;1674,20;282,00;;;
;;283;20,94500;0,06000;0,024000;125,775;100,35;1636,0699;0,000;100,072;43,200;0,005;303,550;302,350;26,20;321,983;263,183;0,000;45,800;50,900;49,800;302,050;;;;;0,00;0,00;0,00;3,00;2,90;15,475;26,219;0,61;0,60;999998,00;999998,00;999998,00;999998,00;999998,00;999998,00;999998,00;999998,00;999998,00;999998,00;999998,00;999998,00;999998,00;999998,00;999998,00;;;;;;;;;;;;;;;;;4,1475;0,00000;0,0000;-0,00083415;-0,00083415;0,00443;-4,40158;1,4205;27,679006;-0,002757;23,789264;23,695220;-0,0006;-0,0649;0,00;0,00;0,00;0,00;0,51;;5,012;4,963;0,0366469;20,94500;0,05900;0,02600;0,0004467;;1674,20;283,00;;;
;;284;20,94600;0,06000;0,021000;125,000;100,35;1636,0699;0,000;100,072;43,200;0,005;303,550;302,350;26,20;321,983;263,177;0,000;45,800;50,900;49,800;302,050;;;;;0,00;0,00;0,00;3,00;2,90;15,484;26,227;0,61;0,61;999998,00;999998,00;999998,00;999998,00;999998,00;999998,00;999998,00;999998,00;999998,00;999998,00;999998,00;999998,00;999998,00;999998,00;999998,00;;;;;;;;;;;;;;;;;5,5569;0,00000;0,0000;0,00000000;0,00000000;0,00149;Infinity;1,4261;27,593599;-0,002714;23,715859;23,622105;-0,0006;-0,0637;0,00;0,00;0,00;0,00;0,51;;5,012;4,963;0,0491009;20,94500;0,05900;0,01400;0,0005985;;1674,20;284,00;;;
;;285;20,94600;0,06000;0,022000;127,700;100,35;1636,0699;0,000;100,072;43,200;0,005;303,650;302,350;26,20;321,983;263,177;0,000;45,800;50,900;49,800;302,050;;;;;0,00;0,00;0,00;3,00;2,91;15,456;26,257;0,61;0,61;999998,00;999998,00;999998,00;999998,00;999998,00;999998,00;999998,00;999998,00;999998,00;999998,00;999998,00;999998,00;999998,00;999998,00;999998,00;;;;;;;;;;;;;;;;;6,9648;0,00000;0,0000;0,00000000;0,00000000;-0,00267;Infinity;1,4330;27,885425;-0,002736;23,974569;23,871929;-0,0006;-0,0648;0,00;0,00;0,00;0,00;0,48;;5,016;4,968;0,0615409;20,94600;0,06000;-0,00300;0,0007406;;1674,20;285,00;;;
;;286;20,94500;0,06000;0,011000;126,375;100,34;1636,0699;0,000;100,068;43,300;0,005;303,550;302,350;26,20;321,983;263,177;0,000;45,800;50,900;49,800;302,050;;;;;0,00;0,00;0,00;3,00;2,91;15,450;26,238;0,61;0,61;999998,00;999998,00;999998,00;999998,00;999998,00;999998,00;999998,00;999998,00;999998,00;999998,00;999998,00;999998,00;999998,00;999998,00;999998,00;;;;;;;;;;;;;;;;;7,0488;0,00000;0,0000;0,00000000;0,00000000;-0,00291;Infinity;1,4401;27,744948;-0,002676;23,845939;23,751671;-0,0006;-0,0631;0,00;0,00;0,00;0,00;0,47;;5,023;4,968;0,0622833;20,94600;0,06000;-0,00400;0,0007532;;1674,20;286,00;;;
;;287;20,94500;0,06000;0,012000;131,275;100,35;1636,0699;0,000;100,080;43,300;0,005;303,550;302,350;26,20;321,983;263,177;0,000;45,800;50,900;49,800;302,050;;;;;0,00;0,00;0,00;3,00;2,91;15,448;26,235;0,61;0,61;999998,00;999998,00;999998,00;999998,00;999998,00;999998,00;999998,00;999998,00;999998,00;999998,00;999998,00;999998,00;999998,00;999998,00;999998,00;;;;;;;;;;;;;;;;;8,3348;0,00000;0,0000;-0,00082397;-0,00082397;-0,00296;-5,07757;1,4484;28,277718;-0,002715;24,303838;24,207760;-0,0006;-0,0652;0,00;0,00;0,00;0,00;0,55;;5,032;4,986;0,0736462;20,94400;0,06000;-0,00400;0,0008740;;1674,20;287,00;;;
;;288;20,94700;0,06000;0,007000;130,225;100,34;1636,0699;0,000;100,072;43,300;0,005;303,550;302,350;26,20;321,883;263,177;0,000;45,700;50,800;49,700;302,050;;;;;0,00;0,00;0,00;3,00;2,91;15,456;26,249;0,61;0,61;999998,00;999998,00;999998,00;999998,00;999998,00;999998,00;999998,00;999998,00;999998,00;999998,00;999998,00;999998,00;999998,00;999998,00;999998,00;;;;;;;;;;;;;;;;;7,2763;0,00000;0,0000;0,00576782;0,00576782;-0,00320;0,72246;1,4557;28,164401;-0,002670;24,206445;24,110752;-0,0006;-0,0639;0,00;0,00;0,00;0,00;0,48;;5,042;4,986;0,0642932;20,94600;0,06000;-0,00500;0,0007659;;1674,20;288,00;;;
;;289;20,94500;0,06000;0,011000;126,850;100,34;1636,0601;0,000;100,068;43,200;0,005;303,550;302,350;26,20;321,883;263,177;0,000;45,700;50,800;49,700;302,050;;;;;0,00;0,00;0,00;3,00;2,91;15,463;26,233;0,61;0,61;999998,00;999998,00;999998,00;999998,00;999998,00;999998,00;999998,00;999998,00;999998,00;999998,00;999998,00;999998,00;999998,00;999998,00;999998,00;;;;;;;;;;;;;;;;;2,8835;0,00000;0,0000;0,00576782;0,00576782;0,00568;0,71304;1,4586;27,797042;-0,002659;23,890711;23,796266;-0,0006;-0,0628;0,00;0,00;0,01;0,00;0,48;;5,042;4,991;0,0254785;20,94600;0,06000;0,03100;0,0003103;;1674,19;289,00;;;
;;290;20,94600;0,06000;0,003000;129,450;100,34;1636,0601;0,000;100,072;43,200;0,005;303,550;302,250;26,20;321,883;263,177;0,000;45,700;50,800;49,700;302,050;;;;;0,00;0,00;0,00;3,00;2,91;15,435;26,233;0,61;0,61;999998,00;999998,00;999998,00;999998,00;999998,00;999998,00;999998,00;999998,00;999998,00;999998,00;999998,00;999998,00;999998,00;999998,00;999998,00;;;;;;;;;;;;;;;;;3,5478;0,00000;0,0000;-0,00082397;-0,00082397;0,00326;-5,04213;1,4621;28,080470;-0,002663;24,134310;24,030951;-0,0006;-0,0635;0,00;0,00;0,00;0,00;0,45;;5,036;4,991;0,0313481;20,94700;0,06000;0,02100;0,0003765;;1674,19;290,00;;;
;;291;20,94500;0,06000;0,017000;129,200;100,34;1636,0601;0,000;100,072;43,200;0,005;303,550;302,250;26,20;321,850;263,177;0,000;45,600;50,800;49,700;302,050;;;;;0,00;0,00;0,00;3,00;2,91;15,437;26,233;0,61;0,61;999998,00;999998,00;999998,00;999998,00;999998,00;999998,00;999998,00;999998,00;999998,00;999998,00;999998,00;999998,00;999998,00;999998,00;999998,00;;;;;;;;;;;;;;;;;4,9581;0,00000;0,0000;0,00000000;0,00000000;0,00177;Infinity;1,4671;28,053341;-0,002651;24,110993;24,007734;-0,0006;-0,0632;0,00;0,00;0,00;0,00;0,48;;5,033;4,983;0,0438096;20,94600;0,05900;0,01500;0,0005255;;1674,19;291,00;;;
;;292;20,94500;0,05900;0,019000;128,675;100,35;1636,0601;0,000;100,072;43,200;0,005;303,550;302,250;26,20;321,850;263,177;0,000;45,600;50,800;49,700;302,050;;;;;0,00;0,00;0,00;3,00;2,92;15,439;26,257;0,61;0,61;999998,00;999998,00;999998,00;999998,00;999998,00;999998,00;999998,00;999998,00;999998,00;999998,00;999998,00;999998,00;999998,00;999998,00;999998,00;;;;;;;;;;;;;;;;;4,2265;0,00000;0,0000;0,00000000;0,00000000;0,00325;Infinity;1,4713;27,996286;-0,002753;24,061956;23,958907;-0,0006;-0,0655;0,00;0,00;0,00;0,00;0,48;;5,032;4,983;0,0373451;20,94600;0,05900;0,02100;0,0004496;;1674,19;292,00;;;
;;293;20,94500;0,05900;0,020000;129,325;100,35;1636,0601;0,000;100,068;43,200;0,005;303,550;302,250;26,20;321,850;263,177;0,000;45,600;50,800;49,700;302,050;;;;;0,00;0,00;0,00;3,00;2,92;15,471;26,233;0,61;0,61;999998,00;999998,00;999998,00;999998,00;999998,00;999998,00;999998,00;999998,00;999998,00;999998,00;999998,00;999998,00;999998,00;999998,00;999998,00;;;;;;;;;;;;;;;;;2,5497;0,00000;0,0000;0,00000000;0,00000000;0,00647;Infinity;1,4739;28,066909;-0,002756;24,122654;24,019345;-0,0006;-0,0657;0,00;0,00;0,01;0,00;0,48;;5,026;4,975;0,0225287;20,94600;0,06000;0,03400;0,0002724;;1674,19;293,00;;;
;;294;20,94500;0,05900;0,026000;124,425;100,35;1636,0601;0,000;100,072;43,200;0,005;303,550;302,250;26,20;321,850;263,177;0,000;45,600;50,800;49,700;302,050;;;;;0,00;0,00;0,00;3,00;2,92;15,435;26,249;0,61;0,61;999998,00;999998,00;999998,00;999998,00;999998,00;999998,00;999998,00;999998,00;999998,00;999998,00;999998,00;999998,00;999998,00;999998,00;999998,00;;;;;;;;;;;;;;;;;6,7262;0,00000;0,0000;0,00000000;0,00000000;-0,00094;Infinity;1,4806;27,530060;-0,002759;23,661249;23,559916;-0,0006;-0,0645;0,00;0,00;0,00;0,00;0,51;;5,025;4,975;0,0594331;20,94500;0,05900;0,00400;0,0007251;;1674,19;294,00;;;
;;295;20,94500;0,06000;0,014000;125,450;100,35;1636,0601;0,000;100,068;43,200;0,005;303,550;302,250;26,20;321,817;263,177;0,000;45,600;50,800;49,600;302,050;;;;;0,00;0,00;0,00;3,00;2,92;15,448;26,238;0,61;0,61;999998,00;999998,00;999998,00;999998,00;999998,00;999998,00;999998,00;999998,00;999998,00;999998,00;999998,00;999998,00;999998,00;999998,00;999998,00;;;;;;;;;;;;;;;;;5,9540;0,00000;0,0000;0,00000000;0,00000000;-0,00046;Infinity;1,4866;27,643222;-0,002746;23,758508;23,656759;-0,0006;-0,0645;0,00;0,00;0,00;0,00;0,47;;5,029;4,970;0,0526097;20,94600;0,05900;0,00600;0,0006394;;1674,19;295,00;;;
;;296;20,94500;0,06000;-0,003000;135,125;100,35;1636,0601;0,000;100,072;43,200;0,005;303,550;302,250;26,20;321,783;263,177;0,000;45,600;50,700;49,600;302,050;;;;;0,00;0,00;0,00;3,00;2,92;15,479;26,222;0,61;0,61;999998,00;999998,00;999998,00;999998,00;999998,00;999998,00;999998,00;999998,00;999998,00;999998,00;999998,00;999998,00;999998,00;999998,00;999998,00;;;;;;;;;;;;;;;;;5,1027;0,00000;0,0000;0,00000000;0,00000000;0,00054;Infinity;1,4917;28,689382;-0,002781;24,657651;24,552050;-0,0006;-0,0678;0,00;0,00;0,00;0,00;0,46;;5,031;4,970;0,0450875;20,94700;0,05900;0,01000;0,0005284;;1674,19;296,00;;;
;;297;20,94600;0,06000;-0,004000;126,975;100,35;1636,0601;0,000;100,072;43,200;0,005;303,550;302,350;26,20;321,750;263,177;0,000;45,500;50,700;49,600;302,050;;;;;0,00;0,00;0,00;3,00;2,92;15,492;26,243;0,61;0,61;999998,00;999998,00;999998,00;999998,00;999998,00;999998,00;999998,00;999998,00;999998,00;999998,00;999998,00;999998,00;999998,00;999998,00;999998,00;;;;;;;;;;;;;;;;;7,9314;0,00000;0,0000;0,00000000;0,00000000;-0,00561;Infinity;1,4996;27,810734;-0,002767;23,902480;23,807988;-0,0006;-0,0654;0,00;0,00;-0,01;0,00;0,44;;5,036;4,983;0,0700820;20,94700;0,05900;-0,01500;0,0008447;;1674,19;297,00;;;
;;298;20,94600;0,06000;-0,004000;128,950;100,35;1636,0601;0,000;100,072;43,200;0,005;303,550;302,350;26,20;321,750;263,170;0,000;45,500;50,700;49,600;302,050;;;;;0,00;0,00;0,00;3,00;2,92;15,400;26,235;0,61;0,61;999998,00;999998,00;999998,00;999998,00;999998,00;999998,00;999998,00;999998,00;999998,00;999998,00;999998,00;999998,00;999998,00;999998,00;999998,00;;;;;;;;;;;;;;;;;4,9847;0,00000;0,0000;-0,00083415;-0,00083415;0,00053;-4,45679;1,5046;28,026187;-0,002769;24,087655;23,992431;-0,0006;-0,0659;0,00;0,00;0,00;0,00;0,44;;5,041;4,983;0,0440452;20,94700;0,05900;0,01000;0,0005284;;1674,19;298,00;;;
;;299;20,94400;0,06000;-0,005000;131,900;100,36;1636,0601;0,000;100,072;43,200;0,005;303,550;302,350;26,20;321,750;263,170;0,000;45,500;50,700;49,600;302,050;;;;;0,00;0,00;0,00;3,00;2,93;15,460;26,251;0,61;0,61;999998,00;999998,00;999998,00;999998,00;999998,00;999998,00;999998,00;999998,00;999998,00;999998,00;999998,00;999998,00;999998,00;999998,00;999998,00;;;;;;;;;;;;;;;;;6,8354;0,00000;0,0000;0,00583903;0,00583903;-0,00197;0,64393;1,5114;28,344953;-0,002803;24,361625;24,265318;-0,0006;-0,0675;0,00;0,00;0,00;0,00;0,49;;5,043;4,999;0,0603973;20,94600;0,05900;0,00000;0,0007153;;1674,19;299,00;;;
;;300;20,94600;0,06000;0,031000;129,375;100,36;1636,0500;0,000;100,072;43,200;0,005;303,550;302,350;26,20;321,750;263,170;0,000;45,500;50,700;49,600;302,050;;;;;0,00;0,00;0,00;3,00;2,93;15,460;26,270;0,61;0,61;999998,00;999998,00;999998,00;999998,00;999998,00;999998,00;999998,00;999998,00;999998,00;999998,00;999998,00;999998,00;999998,00;999998,00;999998,00;;;;;;;;;;;;;;;;;7,7023;0,00000;0,0000;0,00583903;0,00583903;-0,00269;0,63773;1,5191;28,072333;-0,002820;24,127317;24,031936;-0,0006;-0,0673;0,00;0,00;0,00;0,00;0,52;;5,051;4,999;0,0680577;20,94500;0,05900;-0,00300;0,0008136;;1674,18;300,00;;;
;;301;20,94600;0,05900;0,021000;129,375;100,36;1636,0500;0,000;100,072;43,200;0,005;303,550;302,350;26,20;321,750;263,170;0,000;45,500;50,700;49,600;302,050;;;;;0,00;0,00;0,00;3,00;2,93;15,456;26,257;0,61;0,61;999998,00;999998,00;999998,00;999998,00;999998,00;999998,00;999998,00;999998,00;999998,00;999998,00;999998,00;999998,00;999998,00;999998,00;999998,00;;;;;;;;;;;;;;;;;4,4791;0,00000;0,0000;-0,00083415;-0,00083415;0,00276;-4,46413;1,5236;28,072333;-0,002820;24,127317;24,031936;-0,0006;-0,0673;0,00;0,00;0,00;0,00;0,48;;5,054;5,004;0,0395775;20,94600;0,05900;0,01900;0,0004749;;1674,18;301,00;;;
;;302;20,94700;0,05900;0,015000;123,600;100,35;1636,0500;0,000;100,072;43,200;0,005;303,550;302,350;26,20;321,717;263,170;0,000;45,500;50,700;49,500;301,950;;;;;0,00;0,00;0,00;3,00;2,93;15,465;26,235;0,61;0,61;999998,00;999998,00;999998,00;999998,00;999998,00;999998,00;999998,00;999998,00;999998,00;999998,00;999998,00;999998,00;999998,00;999998,00;999998,00;;;;;;;;;;;;;;;;;3,7016;0,00000;0,0000;0,00000000;0,00000000;0,00294;Infinity;1,5273;27,438639;-0,002772;23,582676;23,489448;-0,0006;-0,0646;0,00;0,00;0,00;0,00;0,44;;5,051;5,004;0,0327078;20,94700;0,05900;0,02000;0,0004019;;1674,18;302,00;;;
;;303;20,94600;0,06000;0,021000;125,400;100,35;1636,0500;0,000;100,072;43,200;0,005;303,550;302,350;26,20;321,683;263,170;0,000;45,500;50,600;49,500;302,050;;;;;0,00;0,00;0,00;3,00;2,93;15,439;26,267;0,61;0,61;999998,00;999998,00;999998,00;999998,00;999998,00;999998,00;999998,00;999998,00;999998,00;999998,00;999998,00;999998,00;999998,00;999998,00;999998,00;;;;;;;;;;;;;;;;;6,0413;0,00000;0,0000;0,00000000;0,00000000;0,00028;Infinity;1,5333;27,637713;-0,002755;23,753774;23,659870;-0,0006;-0,0647;0,00;0,00;0,00;0,00;0,51;;5,051;5,005;0,0533812;20,94500;0,06000;0,00900;0,0006492;;1674,18;303,00;;;
;;304;20,94600;0,05900;0,034000;127,425;100,35;1636,0500;0,000;100,072;43,200;0,005;303,550;302,350;26,20;321,683;263,170;0,000;45,500;50,600;49,500;302,050;;;;;0,00;0,00;0,00;3,00;2,93;15,429;26,265;0,61;0,61;999998,00;999998,00;999998,00;999998,00;999998,00;999998,00;999998,00;999998,00;999998,00;999998,00;999998,00;999998,00;999998,00;999998,00;999998,00;;;;;;;;;;;;;;;;;6,0007;0,00000;0,0000;0,00000000;0,00000000;-0,00046;Infinity;1,5393;27,859970;-0,002690;23,944797;23,850138;-0,0006;-0,0637;0,00;0,00;0,00;0,00;0,48;;5,054;5,005;0,0530222;20,94600;0,05900;0,00600;0,0006394;;1674,18;304,00;;;
;;305;20,94600;0,05900;0,004000;128,100;100,35;1636,0500;0,000;100,070;43,200;0,005;303,550;302,350;26,20;321,683;263,170;0,000;45,500;50,600;49,500;302,050;;;;;0,00;0,00;0,00;3,00;2,93;15,494;26,246;0,61;0,61;999998,00;999998,00;999998,00;999998,00;999998,00;999998,00;999998,00;999998,00;999998,00;999998,00;999998,00;999998,00;999998,00;999998,00;999998,00;;;;;;;;;;;;;;;;;5,3282;0,00000;0,0000;0,00000000;0,00000000;-0,00021;Infinity;1,5447;27,933663;-0,002705;24,008134;23,913224;-0,0006;-0,0642;0,00;0,00;0,00;0,00;0,44;;5,056;5,010;0,0470798;20,94700;0,05900;0,00700;0,0005664;;1674,18;305,00;;;
;;306;20,94500;0,05900;0,006000;125,100;100,35;1636,0500;0,000;100,070;43,200;0,005;303,550;302,250;26,20;321,683;263,170;0,000;45,500;50,600;49,500;302,050;;;;;0,00;0,00;0,00;3,00;2,94;15,421;26,233;0,61;0,61;999998,00;999998,00;999998,00;999998,00;999998,00;999998,00;999998,00;999998,00;999998,00;999998,00;999998,00;999998,00;999998,00;999998,00;999998,00;;;;;;;;;;;;;;;;;5,0593;0,00000;0,0000;0,00000000;0,00000000;-0,00094;Infinity;1,5497;27,604634;-0,002688;23,725343;23,623735;-0,0006;-0,0630;0,00;0,00;0,00;0,00;0,40;;5,056;5,010;0,0447040;20,94800;0,05900;0,00400;0,0005440;;1674,18;306,00;;;
;;307;20,94600;0,05900;0,010000;127,600;100,34;1636,0500;0,000;100,066;43,200;0,005;303,450;302,250;26,20;321,683;263,170;0,000;45,500;50,600;49,500;301,950;;;;;0,00;0,00;0,00;3,00;2,94;15,399;26,257;0,61;0,61;999998,00;999998,00;999998,00;999998,00;999998,00;999998,00;999998,00;999998,00;999998,00;999998,00;999998,00;999998,00;999998,00;999998,00;999998,00;;;;;;;;;;;;;;;;;3,9442;0,00000;0,0000;-0,00083415;-0,00083415;0,00028;-4,43411;1,5537;27,883688;-0,002686;23,957286;23,862547;-0,0006;-0,0636;0,00;0,00;0,00;0,00;0,37;;5,054;5,007;0,0348509;20,94900;0,05900;0,00900;0,0004203;;1674,18;307,00;;;
;;308;20,94700;0,05900;-0,015000;131,400;100,35;1636,0500;0,000;100,068;43,200;0,005;303,450;302,250;26,20;321,683;263,170;0,000;45,500;50,600;49,500;302,050;;;;;0,00;0,00;0,00;3,00;2,94;15,467;26,249;0,61;0,61;999998,00;999998,00;999998,00;999998,00;999998,00;999998,00;999998,00;999998,00;999998,00;999998,00;999998,00;999998,00;999998,00;999998,00;999998,00;;;;;;;;;;;;;;;;;5,5188;0,00000;0,0000;0,00583903;0,00583903;-0,00047;0,64281;1,5592;28,295839;-0,002782;24,311401;24,215261;-0,0006;-0,0669;0,00;0,00;0,00;0,00;0,45;;5,053;5,007;0,0487639;20,94700;0,05900;0,00600;0,0005790;;1674,18;308,00;;;
;;309;20,94700;0,05900;0,010000;131,100;100,35;1636,0400;0,000;100,072;43,200;0,005;303,450;302,250;26,20;321,650;263,170;0,000;45,400;50,600;49,500;302,050;;;;;0,00;0,00;0,00;3,00;2,94;15,458;26,243;0,61;0,61;999998,00;999998,00;999998,00;999998,00;999998,00;999998,00;999998,00;999998,00;999998,00;999998,00;999998,00;999998,00;999998,00;999998,00;999998,00;;;;;;;;;;;;;;;;;3,0843;0,00000;0,0000;0,00583903;0,00583903;0,00452;0,64207;1,5623;28,263519;-0,002779;24,283632;24,187602;-0,0006;-0,0667;0,00;0,00;0,00;0,00;0,45;;5,051;4,998;0,0272533;20,94700;0,05900;0,02600;0,0003259;;1674,17;309,00;;;
;;310;20,94700;0,05900;0,000000;122,375;100,36;1636,0400;0,000;100,068;43,200;0,005;303,450;302,250;26,20;321,617;263,170;0,000;45,400;50,600;49,400;302,050;;;;;0,00;0,00;0,00;3,00;2,94;15,460;26,259;0,61;0,61;999998,00;999998,00;999998,00;999998,00;999998,00;999998,00;999998,00;999998,00;999998,00;999998,00;999998,00;999998,00;999998,00;999998,00;999998,00;;;;;;;;;;;;;;;;;3,6839;0,00000;0,0000;-0,00083415;-0,00083415;0,00292;-4,34238;1,5659;27,306827;-0,002809;23,461656;23,368876;-0,0006;-0,0652;0,00;0,00;0,00;0,00;0,43;;5,046;4,998;0,0325506;20,94700;0,05900;0,02000;0,0004019;;1674,17;310,00;;;
;;311;20,94600;0,05900;-0,003000;131,525;100,36;1636,0400;0,000;100,072;43,200;0,005;303,450;302,150;26,20;321,583;263,170;0,000;45,400;50,500;49,400;302,050;;;;;0,00;0,00;0,00;3,00;2,94;15,465;26,243;0,61;0,61;999998,00;999998,00;999998,00;999998,00;999998,00;999998,00;999998,00;999998,00;999998,00;999998,00;999998,00;999998,00;999998,00;999998,00;999998,00;;;;;;;;;;;;;;;;;2,0264;0,00000;0,0000;0,00000000;0,00000000;0,00553;Infinity;1,5680;28,309294;-0,002838;24,322961;24,218760;-0,0006;-0,0682;0,00;0,00;0,01;0,00;0,41;;5,038;4,982;0,0179054;20,94800;0,05900;0,03000;0,0002149;;1674,17;311,00;;;
;;312;20,94500;0,05900;0,019000;128,175;100,36;1636,0400;0,000;100,068;43,200;0,005;303,450;302,250;26,20;321,583;263,170;0,000;45,400;50,500;49,400;301,950;;;;;0,00;0,00;0,00;3,00;2,94;15,435;26,235;0,61;0,61;999998,00;999998,00;999998,00;999998,00;999998,00;999998,00;999998,00;999998,00;999998,00;999998,00;999998,00;999998,00;999998,00;999998,00;999998,00;;;;;;;;;;;;;;;;;4,4904;0,00000;0,0000;0,00000000;0,00000000;0,00151;Infinity;1,5725;27,946444;-0,002867;24,011205;23,916253;-0,0006;-0,0681;0,00;0,00;0,00;0,00;0,44;;5,033;4,982;0,0396775;20,94700;0,05900;0,01400;0,0004778;;1674,17;312,00;;;
;;313;20,94600;0,06000;0,020000;125,225;100,36;1636,0400;0,000;100,070;43,200;0,005;303,450;302,150;26,20;321,583;263,177;0,000;45,400;50,500;49,400;302,050;;;;;0,00;0,00;0,00;3,00;2,95;15,406;26,254;0,61;0,61;999998,00;999998,00;999998,00;999998,00;999998,00;999998,00;999998,00;999998,00;999998,00;999998,00;999998,00;999998,00;999998,00;999998,00;999998,00;;;;;;;;;;;;;;;;;6,0691;0,00000;0,0000;0,00000000;0,00000000;-0,00094;Infinity;1,5785;27,622972;-0,002846;23,733283;23,631608;-0,0006;-0,0668;0,00;0,00;0,00;0,00;0,47;;5,034;4,976;0,0536262;20,94600;0,06000;0,00400;0,0006520;;1674,17;313,00;;;
;;314;20,94700;0,05900;0,009000;128,175;100,36;1636,0400;0,000;100,068;43,200;0,005;303,450;302,250;26,20;321,583;263,177;0,000;45,400;50,500;49,400;301,950;;;;;0,00;0,00;0,00;3,00;2,95;15,452;26,281;0,61;0,61;999998,00;999998,00;999998,00;999998,00;999998,00;999998,00;999998,00;999998,00;999998,00;999998,00;999998,00;999998,00;999998,00;999998,00;999998,00;;;;;;;;;;;;;;;;;5,6915;0,00000;0,0000;-0,00083415;-0,00083415;-0,00120;-4,95687;1,5842;27,946444;-0,002842;24,011205;23,916253;-0,0006;-0,0675;0,00;0,00;0,00;0,00;0,44;;5,036;4,976;0,0502897;20,94700;0,06000;0,00300;0,0006043;;1674,17;314,00;;;
;;315;20,94500;0,05900;0,006000;128,100;100,36;1636,0400;0,000;100,068;43,200;0,005;303,450;302,250;26,20;321,583;263,177;0,000;45,400;50,500;49,400;302,050;;;;;0,00;0,00;0,00;3,00;2,95;15,406;26,259;0,61;0,61;999998,00;999998,00;999998,00;999998,00;999998,00;999998,00;999998,00;999998,00;999998,00;999998,00;999998,00;999998,00;999998,00;999998,00;999998,00;;;;;;;;;;;;;;;;;7,0084;0,00000;0,0000;0,00583903;0,00583903;-0,00367;0,63468;1,5912;27,938266;-0,002836;24,004179;23,909254;-0,0006;-0,0673;0,00;0,00;0,00;0,00;0,44;;5,040;4,986;0,0619266;20,94700;0,05900;-0,00700;0,0007435;;1674,17;315,00;;;
;;316;20,94600;0,05900;0,007000;128,575;100,36;1636,0300;0,000;100,072;43,200;0,005;303,450;302,250;26,20;321,583;263,183;0,000;45,400;50,500;49,400;302,050;;;;;0,00;0,00;0,00;3,00;2,95;15,458;26,270;0,61;0,61;999998,00;999998,00;999998,00;999998,00;999998,00;999998,00;999998,00;999998,00;999998,00;999998,00;999998,00;999998,00;999998,00;999998,00;999998,00;;;;;;;;;;;;;;;;;10,1709;0,00000;0,0000;0,00583903;0,00583903;-0,00664;0,63586;1,6014;27,990016;-0,002880;24,048642;23,953541;-0,0006;-0,0685;0,00;0,00;-0,01;0,00;0,55;;5,052;4,986;0,0898704;20,94400;0,05900;-0,01900;0,0010763;;1674,16;316,00;;;
;;317;20,94700;0,05900;0,004000;129,425;100,37;1636,0300;0,000;100,068;43,200;0,005;303,450;302,150;26,20;321,550;263,183;0,000;45,400;50,500;49,300;301,950;;;;;0,00;0,00;0,00;3,00;2,95;15,431;26,265;0,61;0,61;999998,00;999998,00;999998,00;999998,00;999998,00;999998,00;999998,00;999998,00;999998,00;999998,00;999998,00;999998,00;999998,00;999998,00;999998,00;;;;;;;;;;;;;;;;;6,3220;0,00000;0,0000;-0,00083415;-0,00083415;-0,00245;-4,98096;1,6077;28,082385;-0,002907;24,128004;24,024638;-0,0006;-0,0693;0,00;0,00;0,00;0,00;0,45;;5,062;4,996;0,0558615;20,94700;0,06000;-0,00200;0,0006676;;1674,16;317,00;;;
;;318;20,94800;0,05900;0,009000;127,600;100,37;1636,0300;0,000;100,072;43,200;0,005;303,450;302,150;26,30;321,517;263,190;0,000;45,300;50,500;49,300;302,050;;;;;0,00;0,00;0,00;3,00;2,95;15,431;26,262;0,61;0,61;999998,00;999998,00;999998,00;999998,00;999998,00;999998,00;999998,00;999998,00;999998,00;999998,00;999998,00;999998,00;999998,00;999998,00;999998,00;;;;;;;;;;;;;;;;;8,7595;0,00000;0,0000;0,00000000;0,00000000;-0,00637;Infinity;1,6165;27,883688;-0,002917;23,957286;23,854652;-0,0006;-0,0691;0,00;0,00;-0,01;0,00;0,48;;5,070;4,996;0,0773993;20,94600;0,06000;-0,01800;0,0009303;;1674,16;318,00;;;
;;319;20,94900;0,05900;0,006000;126,750;100,36;1636,0300;0,000;100,066;43,200;0,005;303,350;302,150;26,30;321,483;263,196;0,000;45,300;50,400;49,300;301,950;;;;;0,00;0,00;0,00;3,00;2,95;15,460;26,262;0,61;0,61;999998,00;999998,00;999998,00;999998,00;999998,00;999998,00;999998,00;999998,00;999998,00;999998,00;999998,00;999998,00;999998,00;999998,00;999998,00;;;;;;;;;;;;;;;;;5,8674;0,00000;0,0000;0,00000000;0,00000000;-0,00021;Infinity;1,6224;27,795240;-0,002844;23,873424;23,778984;-0,0006;-0,0671;0,00;0,00;0,00;0,00;0,48;;5,077;5,003;0,0518444;20,94600;0,05900;0,00700;0,0006267;;1674,16;319,00;;;
;;320;20,94700;0,05900;0,026000;126,150;100,37;1636,0300;0,000;100,068;43,200;0,005;303,450;302,150;26,30;321,483;263,196;0,000;45,300;50,400;49,300;301,950;;;;;0,00;0,00;0,00;3,00;2,96;15,420;26,259;0,61;0,60;999998,00;999998,00;999998,00;999998,00;999998,00;999998,00;999998,00;999998,00;999998,00;999998,00;999998,00;999998,00;999998,00;999998,00;999998,00;;;;;;;;;;;;;;;;;6,7169;0,00000;0,0000;0,00000000;0,00000000;-0,00315;Infinity;1,6291;27,724806;-0,002887;23,820777;23,718728;-0,0006;-0,0680;0,00;0,00;0,00;0,00;0,44;;5,080;5,003;0,0593501;20,94700;0,05900;-0,00500;0,0007182;;1674,16;320,00;;;
;;321;20,94700;0,05900;0,020000;130,875;100,36;1636,0300;0,000;100,066;43,200;0,005;303,450;302,150;26,20;321,483;263,203;0,000;45,300;50,400;49,300;302,050;;;;;0,00;0,00;0,00;3,00;2,96;15,420;26,262;0,61;0,60;999998,00;999998,00;999998,00;999998,00;999998,00;999998,00;999998,00;999998,00;999998,00;999998,00;999998,00;999998,00;999998,00;999998,00;999998,00;;;;;;;;;;;;;;;;;5,5973;0,00000;0,0000;0,00000000;0,00000000;0,00053;Infinity;1,6347;28,239254;-0,002862;24,262784;24,158841;-0,0006;-0,0687;0,00;0,00;0,00;0,00;0,48;;5,084;5,008;0,0494581;20,94600;0,05900;0,01000;0,0005888;;1674,16;321,00;;;
;;322;20,94700;0,05900;0,030000;129,400;100,37;1636,0300;0,000;100,068;43,200;0,005;303,350;302,150;26,30;321,483;263,203;0,000;45,300;50,400;49,300;301,950;;;;;0,00;0,00;0,00;3,00;2,96;15,450;26,273;0,61;0,60;999998,00;999998,00;999998,00;999998,00;999998,00;999998,00;999998,00;999998,00;999998,00;999998,00;999998,00;999998,00;999998,00;999998,00;999998,00;;;;;;;;;;;;;;;;;5,6872;0,00000;0,0000;0,00000000;0,00000000;0,00028;Infinity;1,6404;28,084299;-0,002937;24,121697;24,026276;-0,0006;-0,0701;0,00;0,00;0,00;0,00;0,48;;5,085;5,008;0,0502523;20,94600;0,05900;0,00900;0,0006014;;1674,16;322,00;;;
;;323;20,94800;0,06000;0,014000;125,300;100,36;1636,0300;0,000;100,070;43,200;0,005;303,350;302,150;26,20;321,517;263,209;0,000;45,400;50,400;49,300;302,050;;;;;0,00;0,00;0,00;3,00;2,96;15,465;26,267;0,61;0,60;999998,00;999998,00;999998,00;999998,00;999998,00;999998,00;999998,00;999998,00;999998,00;999998,00;999998,00;999998,00;999998,00;999998,00;999998,00;;;;;;;;;;;;;;;;;4,9463;0,00000;0,0000;-0,00083415;-0,00083415;-0,00070;-4,39468;1,6453;27,635796;-0,002846;23,736477;23,642579;-0,0006;-0,0668;0,00;0,00;0,00;0,00;0,40;;5,086;5,010;0,0437058;20,94800;0,05900;0,00500;0,0005313;;1674,16;323,00;;;
;;324;20,94700;0,06000;0,004000;123,350;100,37;1636,0300;0,000;100,072;43,200;0,005;303,350;302,150;26,30;321,450;263,215;0,000;45,400;50,300;49,200;301,950;;;;;0,00;0,00;0,00;3,00;2,96;15,416;26,259;0,60;0,60;999998,00;999998,00;999998,00;999998,00;999998,00;999998,00;999998,00;999998,00;999998,00;999998,00;999998,00;999998,00;999998,00;999998,00;999998,00;;;;;;;;;;;;;;;;;4,2881;0,00000;0,0000;0,00583903;0,00583903;0,00173;0,62291;1,6496;27,419911;-0,002920;23,551052;23,457888;-0,0006;-0,0680;0,00;0,00;0,00;0,00;0,43;;5,085;5,010;0,0378893;20,94700;0,05900;0,01500;0,0004651;;1674,16;324,00;;;
;;325;20,94600;0,05900;0,003000;126,850;100,36;1636,0200;0,000;100,068;43,200;0,005;303,350;302,150;26,30;321,450;263,215;0,000;45,400;50,300;49,200;301,950;;;;;0,00;0,00;0,00;3,00;2,96;15,481;26,262;0,60;0,60;999998,00;999998,00;999998,00;999998,00;999998,00;999998,00;999998,00;999998,00;999998,00;999998,00;999998,00;999998,00;999998,00;999998,00;999998,00;;;;;;;;;;;;;;;;;3,9901;0,00000;0,0000;0,00583903;0,00583903;0,00249;0,63168;1,6536;27,806203;-0,002877;23,882840;23,788363;-0,0006;-0,0679;0,00;0,00;0,00;0,00;0,44;;5,082;5,006;0,0352569;20,94700;0,05900;0,01800;0,0004272;;1674,15;325,00;;;
;;326;20,94700;0,05900;-0,007000;127,700;100,37;1636,0200;0,000;100,066;43,200;0,005;303,350;302,150;26,20;321,450;263,222;0,000;45,400;50,300;49,200;301,950;;;;;0,00;0,00;0,00;3,00;2,96;15,414;26,243;0,60;0,60;999998,00;999998,00;999998,00;999998,00;999998,00;999998,00;999998,00;999998,00;999998,00;999998,00;999998,00;999998,00;999998,00;999998,00;999998,00;;;;;;;;;;;;;;;;;5,8008;0,00000;0,0000;-0,00166829;-0,00166829;-0,00120;-2,21828;1,6594;27,899210;-0,002967;23,962723;23,867931;-0,0006;-0,0703;0,00;0,00;0,00;0,00;0,44;;5,081;5,006;0,0512561;20,94700;0,05900;0,00300;0,0006170;;1674,15;326,00;;;
;;327;20,94700;0,06000;-0,019000;129,975;100,37;1636,0200;0,000;100,060;43,200;0,005;303,350;302,150;26,30;321,417;263,222;0,000;45,300;50,300;49,200;302,050;;;;;0,00;0,00;0,00;3,00;2,97;15,446;26,289;0,60;0,60;999998,00;999998,00;999998,00;999998,00;999998,00;999998,00;999998,00;999998,00;999998,00;999998,00;999998,00;999998,00;999998,00;999998,00;999998,00;;;;;;;;;;;;;;;;;5,6097;0,00000;0,0000;0,00583903;0,00583903;-0,00046;0,56564;1,6650;28,146628;-0,002974;24,175232;24,079598;-0,0006;-0,0711;0,00;0,00;0,00;0,00;0,45;;5,083;5,005;0,0495676;20,94700;0,05800;0,00600;0,0005917;;1674,15;327,00;;;
;;328;20,94400;0,06000;-0,002000;127,500;100,37;1636,0100;0,000;100,068;43,200;0,005;303,350;302,150;26,30;321,417;263,222;0,000;45,300;50,300;49,200;301,950;;;;;0,00;0,00;0,00;3,00;2,97;15,465;26,281;0,60;0,60;999998,00;999998,00;999998,00;999998,00;999998,00;999998,00;999998,00;999998,00;999998,00;999998,00;999998,00;999998,00;999998,00;999998,00;999998,00;;;;;;;;;;;;;;;;;6,2438;0,00000;0,0000;0,00583903;0,00583903;-0,00095;0,63330;1,6712;27,877354;-0,002947;23,943951;23,849233;-0,0006;-0,0698;0,00;0,00;0,00;0,00;0,48;;5,086;5,005;0,0551706;20,94600;0,05900;0,00400;0,0006647;;1674,14;328,00;;;
;;329;20,94700;0,05900;-0,018000;128,575;100,38;1636,0100;0,000;100,068;43,200;0,005;303,350;302,150;26,30;321,417;263,228;0,000;45,300;50,300;49,200;301,950;;;;;0,00;0,00;0,00;3,00;2,97;15,452;26,270;0,60;0,60;999998,00;999998,00;999998,00;999998,00;999998,00;999998,00;999998,00;999998,00;999998,00;999998,00;999998,00;999998,00;999998,00;999998,00;999998,00;;;;;;;;;;;;;;;;;5,4286;0,00000;0,0000;-0,00083415;-0,00083415;0,00077;-4,45174;1,6767;27,994629;-0,002986;24,044679;23,949562;-0,0006;-0,0710;0,00;0,00;0,00;0,00;0,48;;5,088;5,008;0,0479674;20,94600;0,05900;0,01100;0,0005761;;1674,14;329,00;;;
;;330;20,94600;0,05900;0,007000;125,700;100,37;1636,0100;0,000;100,066;43,200;0,005;303,350;302,150;26,30;321,417;263,228;0,000;45,300;50,300;49,200;301,950;;;;;0,00;0,00;0,00;3,00;2,97;15,458;26,275;0,60;0,60;999998,00;999998,00;999998,00;999998,00;999998,00;999998,00;999998,00;999998,00;999998,00;999998,00;999998,00;999998,00;999998,00;999998,00;999998,00;;;;;;;;;;;;;;;;;6,0498;0,00000;0,0000;0,00000000;0,00000000;0,00052;Infinity;1,6827;27,679873;-0,002942;23,774334;23,680287;-0,0006;-0,0692;0,00;0,00;0,00;0,00;0,51;;5,090;5,008;0,0534556;20,94500;0,05900;0,01000;0,0006492;;1674,14;330,00;;;
;;331;20,94600;0,05900;-0,005000;130,425;100,37;1636,0100;0,000;100,066;43,200;0,005;303,350;302,150;26,20;321,350;263,228;0,000;45,300;50,200;49,100;301,950;;;;;0,00;0,00;0,00;3,00;2,97;15,452;26,281;0,60;0,59;999998,00;999998,00;999998,00;999998,00;999998,00;999998,00;999998,00;999998,00;999998,00;999998,00;999998,00;999998,00;999998,00;999998,00;999998,00;;;;;;;;;;;;;;;;;5,4359;0,00000;0,0000;0,00000000;0,00000000;0,00202;Infinity;1,6881;28,195311;-0,002947;24,217045;24,121247;-0,0006;-0,0706;0,00;0,00;0,00;0,00;0,52;;5,092;5,011;0,0480317;20,94500;0,05900;0,01600;0,0005732;;1674,14;331,00;;;
;;332;20,94700;0,05900;0,010000;127,900;100,37;1636,0100;0,000;100,066;43,200;0,005;303,350;302,150;26,30;321,350;263,235;0,000;45,300;50,200;49,100;301,950;;;;;0,00;0,00;0,00;3,00;2,97;15,467;26,273;0,60;0,59;999998,00;999998,00;999998,00;999998,00;999998,00;999998,00;999998,00;999998,00;999998,00;999998,00;999998,00;999998,00;999998,00;999998,00;999998,00;;;;;;;;;;;;;;;;;6,5508;0,00000;0,0000;0,00000000;0,00000000;0,00077;Infinity;1,6947;27,921048;-0,002953;23,981481;23,886614;-0,0006;-0,0700;0,00;0,00;0,00;0,00;0,55;;5,095;5,011;0,0578825;20,94400;0,05900;0,01100;0,0006969;;1674,14;332,00;;;
;;333;20,94600;0,05900;0,009000;128,650;100,37;1636,0100;0,000;100,070;43,200;0,005;303,350;302,150;26,30;321,350;263,235;0,000;45,300;50,200;49,100;301,950;;;;;0,00;0,00;0,00;3,00;2,97;15,496;26,270;0,60;0,59;999998,00;999998,00;999998,00;999998,00;999998,00;999998,00;999998,00;999998,00;999998,00;999998,00;999998,00;999998,00;999998,00;999998,00;999998,00;;;;;;;;;;;;;;;;;5,5505;0,00000;0,0000;0,00000000;0,00000000;0,00053;Infinity;1,7003;28,002793;-0,002958;24,051692;23,956547;-0,0006;-0,0704;0,00;0,00;0,00;0,00;0,48;;5,098;5,014;0,0490439;20,94600;0,05900;0,01000;0,0005888;;1674,14;333,00;;;
;;334;20,94600;0,05900;0,005000;128,300;100,37;1636,0100;0,000;100,070;43,200;0,005;303,350;302,150;26,30;321,350;263,235;0,000;45,300;50,200;49,100;301,950;;;;;0,00;0,00;0,00;3,00;2,98;15,423;26,259;0,59;0,59;999998,00;999998,00;999998,00;999998,00;999998,00;999998,00;999998,00;999998,00;999998,00;999998,00;999998,00;999998,00;999998,00;999998,00;999998,00;;;;;;;;;;;;;;;;;5,3027;0,00000;0,0000;0,00000000;0,00000000;0,00102;Infinity;1,7056;27,964676;-0,002947;24,018952;23,923938;-0,0006;-0,0700;0,00;0,00;0,00;0,00;0,48;;5,099;5,014;0,0468548;20,94600;0,05900;0,01200;0,0005635;;1674,14;334,00;;;
;;335;20,94800;0,05900;0,015000;131,175;100,37;1636,0100;0,000;100,068;43,200;0,005;303,350;302,150;26,20;321,350;263,235;0,000;45,300;50,200;49,100;301,950;;;;;0,00;0,00;0,00;3,00;2,98;15,475;26,291;0,59;0,59;999998,00;999998,00;999998,00;999998,00;999998,00;999998,00;999998,00;999998,00;999998,00;999998,00;999998,00;999998,00;999998,00;999998,00;999998,00;;;;;;;;;;;;;;;;;6,5443;0,00000;0,0000;-0,00083415;-0,00083415;-0,00022;-4,49652;1,7121;28,276261;-0,002952;24,286574;24,190501;-0,0006;-0,0709;0,00;0,00;0,00;0,00;0,52;;5,101;5,020;0,0578258;20,94500;0,05900;0,00700;0,0006871;;1674,14;335,00;;;
;;336;20,94700;0,05900;0,018000;125,725;100,37;1636,0100;0,000;100,066;43,200;0,005;303,350;302,150;26,30;321,383;263,241;0,000;45,400;50,200;49,100;301,950;;;;;0,00;0,00;0,00;3,00;2,98;15,442;26,243;0,59;0,59;999998,00;999998,00;999998,00;999998,00;999998,00;999998,00;999998,00;999998,00;999998,00;999998,00;999998,00;999998,00;999998,00;999998,00;999998,00;;;;;;;;;;;;;;;;;7,4766;0,00000;0,0000;0,00583903;0,00583903;-0,00241;0,62887;1,7196;27,682625;-0,002957;23,776698;23,682642;-0,0006;-0,0695;0,00;0,00;0,00;0,00;0,51;;5,107;5,020;0,0660629;20,94500;0,05900;-0,00200;0,0008010;;1674,14;336,00;;;
;;337;20,94700;0,05800;0,003000;127,575;100,37;1636,0000;0,000;100,068;43,200;0,005;303,350;302,150;26,20;321,383;263,241;0,000;45,400;50,200;49,100;301,950;;;;;0,00;0,00;0,00;3,00;2,98;15,400;26,297;0,59;0,59;999998,00;999998,00;999998,00;999998,00;999998,00;999998,00;999998,00;999998,00;999998,00;999998,00;999998,00;999998,00;999998,00;999998,00;999998,00;;;;;;;;;;;;;;;;;6,6942;0,00000;0,0000;0,00583903;0,00583903;-0,00095;0,70658;1,7263;27,885552;-0,002928;23,950992;23,856246;-0,0006;-0,0693;0,00;0,00;0,00;0,00;0,51;;5,113;5,029;0,0591498;20,94500;0,06000;0,00400;0,0007124;;1674,13;337,00;;;
;;338;20,94700;0,05900;0,006000;130,075;100,36;1636,0000;0,000;100,066;43,200;0,005;303,350;302,150;26,20;321,317;263,241;0,000;45,300;50,200;49,000;302,050;;;;;0,00;0,00;0,00;3,00;2,98;15,439;26,278;0,59;0,59;999998,00;999998,00;999998,00;999998,00;999998,00;999998,00;999998,00;999998,00;999998,00;999998,00;999998,00;999998,00;999998,00;999998,00;999998,00;;;;;;;;;;;;;;;;;8,0891;0,00000;0,0000;-0,00083415;-0,00083415;-0,00370;-4,99428;1,7344;28,157453;-0,002882;24,184529;24,088859;-0,0006;-0,0689;0,00;0,00;0,00;0,00;0,52;;5,119;5,029;0,0714750;20,94500;0,06000;-0,00700;0,0008515;;1674,13;338,00;;;
;;339;20,94700;0,05900;0,004000;125,750;100,37;1636,0000;0,000;100,066;43,200;0,005;303,350;302,150;26,30;321,317;263,241;0,000;45,300;50,200;49,000;301,950;;;;;0,00;0,00;0,00;3,00;2,98;15,454;26,299;0,59;0,58;999998,00;999998,00;999998,00;999998,00;999998,00;999998,00;999998,00;999998,00;999998,00;999998,00;999998,00;999998,00;999998,00;999998,00;999998,00;;;;;;;;;;;;;;;;;6,4963;0,00000;0,0000;0,00000000;0,00000000;0,00052;Infinity;1,7409;27,685377;-0,002886;23,779062;23,684996;-0,0006;-0,0679;0,00;0,00;0,00;0,00;0,54;;5,126;5,038;0,0574009;20,94400;0,06000;0,01000;0,0006969;;1674,13;339,00;;;
;;340;20,94600;0,05900;0,011000;130,125;100,36;1636,0000;0,000;100,066;43,200;0,005;303,350;302,150;26,30;321,283;263,241;0,000;45,300;50,100;49,000;301,950;;;;;0,00;0,00;0,00;3,00;2,98;15,450;26,297;0,59;0,58;999998,00;999998,00;999998,00;999998,00;999998,00;999998,00;999998,00;999998,00;999998,00;999998,00;999998,00;999998,00;999998,00;999998,00;999998,00;;;;;;;;;;;;;;;;;7,0026;0,00000;0,0000;0,00000000;0,00000000;-0,00146;Infinity;1,7479;28,162865;-0,002822;24,189178;24,093489;-0,0006;-0,0675;0,00;0,00;0,00;0,00;0,52;;5,130;5,038;0,0618748;20,94500;0,06000;0,00200;0,0007377;;1674,13;340,00;;;
;;341;20,94600;0,05900;0,010000;127,075;100,36;1636,0000;0,000;100,068;43,200;0,005;303,350;302,150;26,20;321,283;263,241;0,000;45,300;50,100;49,000;301,950;;;;;0,00;0,00;0,00;3,00;2,99;15,458;26,273;0,59;0,58;999998,00;999998,00;999998,00;999998,00;999998,00;999998,00;999998,00;999998,00;999998,00;999998,00;999998,00;999998,00;999998,00;999998,00;999998,00;;;;;;;;;;;;;;;;;5,6938;0,00000;0,0000;0,00000000;0,00000000;0,00224;Infinity;1,7535;27,830853;-0,002825;23,904011;23,809451;-0,0006;-0,0668;0,00;0,00;0,00;0,00;0,55;;5,134;5,045;0,0503105;20,94400;0,06000;0,01700;0,0006083;;1674,13;341,00;;;
;;342;20,94500;0,05900;0,016000;128,825;100,35;1636,0000;0,000;100,068;43,200;0,005;303,350;302,250;26,20;321,283;263,241;0,000;45,300;50,100;49,000;302,050;;;;;0,00;0,00;0,00;3,00;2,99;15,488;26,283;0,58;0,58;999998,00;999998,00;999998,00;999998,00;999998,00;999998,00;999998,00;999998,00;999998,00;999998,00;999998,00;999998,00;999998,00;999998,00;999998,00;;;;;;;;;;;;;;;;;5,3710;0,00000;0,0000;0,00000000;0,00000000;0,00325;Infinity;1,7589;28,021833;-0,002690;24,068044;23,980769;-0,0006;-0,0641;0,00;0,00;0,00;0,00;0,55;;5,135;5,045;0,0474584;20,94400;0,05900;0,02100;0,0005703;;1674,13;342,00;;;
;;343;20,94500;0,05900;0,011000;130,775;100,34;1636,0000;0,000;100,068;43,100;0,005;303,350;302,250;26,20;321,283;263,241;0,000;45,300;50,100;49,000;302,050;;;;;0,00;0,00;0,00;3,00;2,99;15,488;26,267;0,58;0,58;999998,00;999998,00;999998,00;999998,00;999998,00;999998,00;999998,00;999998,00;999998,00;999998,00;999998,00;999998,00;999998,00;999998,00;999998,00;;;;;;;;;;;;;;;;;7,3828;0,00000;0,0000;0,00000000;0,00000000;-0,00196;Infinity;1,7663;28,233117;-0,002659;24,249517;24,161584;-0,0006;-0,0638;0,00;0,00;0,00;0,00;0,52;;5,139;5,053;0,0652348;20,94500;0,05900;0,00000;0,0007757;;1674,13;343,00;;;
;;344;20,94400;0,05900;0,010000;131,950;100,34;1636,0000;0,000;100,070;43,100;0,005;303,350;302,250;26,30;321,250;263,235;0,000;45,200;50,100;49,000;301,950;;;;;0,00;0,00;0,00;3,00;2,99;15,486;26,275;0,58;0,58;999998,00;999998,00;999998,00;999998,00;999998,00;999998,00;999998,00;999998,00;999998,00;999998,00;999998,00;999998,00;999998,00;999998,00;999998,00;;;;;;;;;;;;;;;;;5,1030;0,00000;0,0000;0,00000000;0,00000000;0,00254;Infinity;1,7714;28,359669;-0,002661;24,358213;24,269886;-0,0006;-0,0641;0,00;0,00;0,00;0,00;0,52;;5,142;5,053;0,0450902;20,94500;0,06000;0,01800;0,0005353;;1674,13;344,00;;;
;;345;20,94600;0,05900;0,012000;127,700;100,34;1636,0000;0,000;100,072;43,100;0,005;303,350;302,250;26,30;321,250;263,235;0,000;45,200;50,100;49,000;301,950;;;;;0,00;0,00;0,00;3,00;2,99;15,429;26,289;0,58;0,58;999998,00;999998,00;999998,00;999998,00;999998,00;999998,00;999998,00;999998,00;999998,00;999998,00;999998,00;999998,00;999998,00;999998,00;999998,00;;;;;;;;;;;;;;;;;7,2331;0,00000;0,0000;0,00000000;0,00000000;0,00053;Infinity;1,7786;27,899210;-0,002645;23,962723;23,875830;-0,0006;-0,0627;0,00;0,00;0,00;0,00;0,58;;5,145;5,066;0,0639120;20,94300;0,05900;0,01000;0,0007699;;1674,13;345,00;;;
;;346;20,94600;0,05900;0,007000;128,225;100,34;1636,0000;0,000;100,066;43,100;0,005;303,350;302,250;26,30;321,250;263,235;0,000;45,200;50,100;49,000;301,950;;;;;0,00;0,00;0,00;3,00;2,99;15,467;26,307;0,58;0,58;999998,00;999998,00;999998,00;999998,00;999998,00;999998,00;999998,00;999998,00;999998,00;999998,00;999998,00;999998,00;999998,00;999998,00;999998,00;;;;;;;;;;;;;;;;;6,5008;0,00000;0,0000;-0,00083415;-0,00083415;-0,00120;-3,93273;1,7851;27,956500;-0,002664;24,011930;23,924859;-0,0006;-0,0633;0,00;0,00;0,00;0,00;0,48;;5,150;5,066;0,0574414;20,94600;0,05800;0,00300;0,0006900;;1674,13;346,00;;;
;;347;20,94500;0,06000;-0,002000;123,875;100,34;1636,0000;0,000;100,070;43,100;0,005;303,350;302,250;26,30;321,217;263,235;0,000;45,200;50,100;48,900;301,950;;;;;0,00;0,00;0,00;3,00;2,99;15,452;26,273;0,58;0,57;999998,00;999998,00;999998,00;999998,00;999998,00;999998,00;999998,00;999998,00;999998,00;999998,00;999998,00;999998,00;999998,00;999998,00;999998,00;;;;;;;;;;;;;;;;;3,3838;0,00000;0,0000;0,00583903;0,00583903;0,00246;0,62423;1,7885;27,478201;-0,002665;23,601117;23,515536;-0,0005;-0,0622;0,00;0,00;0,00;0,00;0,40;;5,149;5,068;0,0298989;20,94800;0,05900;0,01800;0,0003668;;1674,13;347,00;;;
;;348;20,94500;0,06000;0,004000;130,325;100,35;1635,9900;0,000;100,070;43,100;0,005;303,350;302,250;26,20;321,217;263,235;0,000;45,200;50,100;48,900;301,950;;;;;0,00;0,00;0,00;3,00;3,00;15,441;26,281;0,58;0,57;999998,00;999998,00;999998,00;999998,00;999998,00;999998,00;999998,00;999998,00;999998,00;999998,00;999998,00;999998,00;999998,00;999998,00;999998,00;;;;;;;;;;;;;;;;;5,1656;0,00000;0,0000;0,00583903;0,00583903;-0,00096;0,64028;1,7937;28,184499;-0,002701;24,207759;24,119978;-0,0006;-0,0647;0,00;0,00;0,00;0,00;0,41;;5,147;5,068;0,0456431;20,94800;0,05900;0,00400;0,0005440;;1674,12;348,00;;;
;;349;20,94500;0,06000;-0,007000;126,525;100,34;1635,9900;0,000;100,066;43,200;0,005;303,350;302,250;26,30;321,150;263,235;0,000;45,100;50,000;48,900;301,950;;;;;0,00;0,00;0,00;3,00;3,00;15,441;26,297;0,57;0,57;999998,00;999998,00;999998,00;999998,00;999998,00;999998,00;999998,00;999998,00;999998,00;999998,00;999998,00;999998,00;999998,00;999998,00;999998,00;;;;;;;;;;;;;;;;;4,5815;0,00000;0,0000;-0,00083415;-0,00083415;0,00126;-4,41612;1,7983;27,770560;-0,002685;23,852225;23,765733;-0,0006;-0,0633;0,00;0,00;0,00;0,00;0,44;;5,146;5,062;0,0404818;20,94700;0,05900;0,01300;0,0004905;;1674,12;349,00;;;
;;350;20,94500;0,06000;0,010000;131,025;100,35;1635,9900;0,000;100,072;43,200;0,005;303,350;302,250;26,30;321,150;263,228;0,000;45,100;50,000;48,900;301,950;;;;;0,00;0,00;0,00;3,00;3,00;15,479;26,281;0,57;0,57;999998,00;999998,00;999998,00;999998,00;999998,00;999998,00;999998,00;999998,00;999998,00;999998,00;999998,00;999998,00;999998,00;999998,00;999998,00;;;;;;;;;;;;;;;;;6,2090;0,00000;0,0000;0,00000000;0,00000000;-0,00096;Infinity;1,8045;28,260090;-0,002703;24,272684;24,184667;-0,0006;-0,0649;0,00;0,00;0,00;0,00;0,48;;5,147;5,062;0,0548631;20,94600;0,06000;0,00400;0,0006520;;1674,12;350,00;;;
;;351;20,94400;0,06000;0,002000;131,500;100,34;1635,9900;0,000;100,066;43,200;0,005;303,450;302,250;26,30;321,150;263,228;0,000;45,100;50,000;48,900;301,950;;;;;0,00;0,00;0,00;3,00;3,00;15,431;26,281;0,57;0,57;999998,00;999998,00;999998,00;999998,00;999998,00;999998,00;999998,00;999998,00;999998,00;999998,00;999998,00;999998,00;999998,00;999998,00;999998,00;;;;;;;;;;;;;;;;;6,1875;0,00000;0,0000;0,00000000;0,00000000;0,00028;Infinity;1,8107;28,306603;-0,002668;24,320650;24,224473;-0,0006;-0,0642;0,00;0,00;0,00;0,00;0,52;;5,150;5,063;0,0546732;20,94500;0,06000;0,00900;0,0006492;;1674,12;351,00;;;
;;352;20,94500;0,05900;0,017000;130,775;100,35;1635,9900;0,000;100,070;43,200;0,005;303,350;302,250;26,30;321,150;263,228;0,000;45,100;50,000;48,900;302,050;;;;;0,00;0,00;0,00;3,00;3,00;15,437;26,273;0,57;0,57;999998,00;999998,00;999998,00;999998,00;999998,00;999998,00;999998,00;999998,00;999998,00;999998,00;999998,00;999998,00;999998,00;999998,00;999998,00;;;;;;;;;;;;;;;;;5,2007;0,00000;0,0000;0,00000000;0,00000000;0,00253;Infinity;1,8159;28,233117;-0,002738;24,249517;24,161584;-0,0006;-0,0657;0,00;0,00;0,00;0,00;0,52;;5,151;5,063;0,0459532;20,94500;0,05900;0,01800;0,0005479;;1674,12;352,00;;;
;;353;20,94400;0,05900;0,021000;128,875;100,34;1635,9900;0,000;100,070;43,200;0,005;303,350;302,250;26,30;321,150;263,228;0,000;45,100;50,000;48,900;301,950;;;;;0,00;0,00;0,00;3,00;3,00;15,450;26,291;0,57;0,56;999998,00;999998,00;999998,00;999998,00;999998,00;999998,00;999998,00;999998,00;999998,00;999998,00;999998,00;999998,00;999998,00;999998,00;999998,00;;;;;;;;;;;;;;;;;5,8850;0,00000;0,0000;0,00000000;0,00000000;0,00102;Infinity;1,8218;28,027270;-0,002668;24,072714;23,985422;-0,0006;-0,0635;0,00;0,00;0,00;0,00;0,51;;5,152;5,069;0,0519996;20,94500;0,05900;0,01200;0,0006238;;1674,12;353,00;;;
;;354;20,94400;0,06000;0,000000;125,900;100,35;1635,9900;0,000;100,070;43,200;0,005;303,350;302,250;26,30;321,083;263,222;0,000;45,100;49,900;48,800;301,950;;;;;0,00;0,00;0,00;3,00;3,00;15,509;26,281;0,57;0,56;999998,00;999998,00;999998,00;999998,00;999998,00;999998,00;999998,00;999998,00;999998,00;999998,00;999998,00;999998,00;999998,00;999998,00;999998,00;;;;;;;;;;;;;;;;;4,6891;0,00000;0,0000;-0,00083415;-0,00083415;0,00101;-4,40520;1,8264;27,701885;-0,002705;23,793240;23,706962;-0,0006;-0,0637;0,00;0,00;0,00;0,00;0,44;;5,153;5,069;0,0414330;20,94700;0,05900;0,01200;0,0005031;;1674,12;354,00;;;
;;355;20,94500;0,05900;0,018000;123,500;100,35;1635,9900;0,000;100,070;43,200;0,005;303,350;302,250;26,30;321,117;263,222;0,000;45,100;50,000;48,800;301,950;;;;;0,00;0,00;0,00;3,00;3,01;15,458;26,286;0,57;0,56;999998,00;999998,00;999998,00;999998,00;999998,00;999998,00;999998,00;999998,00;999998,00;999998,00;999998,00;999998,00;999998,00;999998,00;999998,00;;;;;;;;;;;;;;;;;6,8212;0,00000;0,0000;0,00583903;0,00583903;-0,00118;0,62329;1,8333;27,436577;-0,002718;23,565366;23,479914;-0,0006;-0,0634;0,00;0,00;0,00;0,00;0,50;;5,155;5,076;0,0602721;20,94500;0,05900;0,00300;0,0007377;;1674,12;355,00;;;
;;356;20,94500;0,05800;0,010000;123,975;100,34;1635,9800;0,000;100,070;43,200;0,005;303,350;302,250;26,30;321,083;263,222;0,000;45,100;49,900;48,800;301,950;;;;;0,00;0,00;0,00;3,00;3,01;15,473;26,275;0,57;0,56;999998,00;999998,00;999998,00;999998,00;999998,00;999998,00;999998,00;999998,00;999998,00;999998,00;999998,00;999998,00;999998,00;999998,00;999998,00;;;;;;;;;;;;;;;;;5,0065;0,00000;0,0000;0,00583903;0,00583903;0,00052;0,55243;1,8383;27,489289;-0,002680;23,610641;23,525025;-0,0006;-0,0626;0,00;0,00;0,00;0,00;0,44;;5,157;5,076;0,0442376;20,94700;0,05800;0,01000;0,0005411;;1674,11;356,00;;;
;;357;20,94300;0,05900;0,003000;122,575;100,34;1635,9800;0,000;100,070;43,200;0,005;303,350;302,250;26,30;321,083;263,222;0,000;45,100;49,900;48,800;301,950;;;;;0,00;0,00;0,00;3,00;3,01;15,421;26,281;0,57;0,56;999998,00;999998,00;999998,00;999998,00;999998,00;999998,00;999998,00;999998,00;999998,00;999998,00;999998,00;999998,00;999998,00;999998,00;999998,00;;;;;;;;;;;;;;;;;5,3303;0,00000;0,0000;-0,00083415;-0,00083415;-0,00021;-3,84511;1,8436;27,333636;-0,002678;23,476950;23,391819;-0,0005;-0,0622;0,00;0,00;0,00;0,00;0,43;;5,157;5,082;0,0470987;20,94700;0,05800;0,00700;0,0005790;;1674,11;357,00;;;
;;358;20,94600;0,05900;0,018000;128,525;100,34;1635,9800;0,000;100,066;43,200;0,005;303,350;302,250;26,30;321,083;263,215;0,000;45,100;49,900;48,800;301,950;;;;;0,00;0,00;0,00;3,00;3,01;15,437;26,289;0,57;0,56;999998,00;999998,00;999998,00;999998,00;999998,00;999998,00;999998,00;999998,00;999998,00;999998,00;999998,00;999998,00;999998,00;999998,00;999998,00;;;;;;;;;;;;;;;;;7,3495;0,00000;0,0000;-0,00083415;-0,00083415;-0,00293;-3,93732;1,8510;27,989186;-0,002659;24,040004;23,952831;-0,0006;-0,0632;0,00;0,00;0,00;0,00;0,48;;5,160;5,082;0,0649406;20,94600;0,05800;-0,00400;0,0007785;;1674,11;358,00;;;
;;359;20,94800;0,05900;0,004000;130,100;100,35;1635,9800;0,000;100,070;43,200;0,005;303,350;302,250;26,30;321,083;263,215;0,000;45,100;49,900;48,800;301,950;;;;;0,00;0,00;0,00;3,00;3,01;15,446;26,310;0,57;0,56;999998,00;999998,00;999998,00;999998,00;999998,00;999998,00;999998,00;999998,00;999998,00;999998,00;999998,00;999998,00;999998,00;999998,00;999998,00;;;;;;;;;;;;;;;;;6,8215;0,00000;0,0000;0,00583903;0,00583903;-0,00295;0,56591;1,8578;28,160160;-0,002693;24,186854;24,099148;-0,0006;-0,0644;0,00;0,00;0,00;0,00;0,45;;5,165;5,087;0,0602749;20,94700;0,05800;-0,00400;0,0007182;;1674,11;359,00;;;
;;360;20,94800;0,06000;0,013000;131,125;100,35;1635,9700;0,000;100,070;43,200;0,005;303,350;302,250;26,30;321,083;263,215;0,000;45,100;49,900;48,800;301,950;;;;;0,00;0,00;0,00;3,00;3,01;15,469;26,281;0,57;0,56;999998,00;999998,00;999998,00;999998,00;999998,00;999998,00;999998,00;999998,00;999998,00;999998,00;999998,00;999998,00;999998,00;999998,00;999998,00;;;;;;;;;;;;;;;;;7,9405;0,00000;0,0000;0,00583903;0,00583903;-0,00521;0,56814;1,8657;28,270872;-0,002693;24,281945;24,193895;-0,0006;-0,0647;0,00;0,00;-0,01;0,00;0,45;;5,172;5,087;0,0701622;20,94700;0,05800;-0,01300;0,0008320;;1674,10;360,00;;;
;;361;20,94700;0,06000;0,004000;128,650;100,35;1635,9700;0,000;100,066;43,100;0,005;303,350;302,250;26,30;321,117;263,215;0,000;45,200;49,900;48,800;302,050;;;;;0,00;0,00;0,00;3,00;3,01;15,450;26,299;0,57;0,56;999998,00;999998,00;999998,00;999998,00;999998,00;999998,00;999998,00;999998,00;999998,00;999998,00;999998,00;999998,00;999998,00;999998,00;999998,00;;;;;;;;;;;;;;;;;6,1823;0,00000;0,0000;-0,00083415;-0,00083415;-0,00170;-3,93924;1,8719;28,002793;-0,002712;24,051692;23,964476;-0,0006;-0,0645;0,00;0,00;0,00;0,00;0,44;;5,177;5,095;0,0546265;20,94700;0,05800;0,00100;0,0006549;;1674,10;361,00;;;
;;362;20,94600;0,05900;0,009000;126,700;100,35;1635,9700;0,000;100,070;43,100;0,005;303,350;302,250;26,30;321,083;263,215;0,000;45,200;49,900;48,700;301,950;;;;;0,00;0,00;0,00;3,00;3,02;15,437;26,283;0,57;0,56;999998,00;999998,00;999998,00;999998,00;999998,00;999998,00;999998,00;999998,00;999998,00;999998,00;999998,00;999998,00;999998,00;999998,00;999998,00;;;;;;;;;;;;;;;;;4,5526;0,00000;0,0000;0,00000000;0,00000000;0,00273;Infinity;1,8764;27,789758;-0,002748;23,868715;23,782163;-0,0006;-0,0649;0,00;0,00;0,00;0,00;0,48;;5,177;5,095;0,0402268;20,94600;0,05800;0,01900;0,0004875;;1674,10;362,00;;;
;;363;20,94500;0,05900;0,018000;132,075;100,35;1635,9700;0,000;100,070;43,100;0,005;303,350;302,250;26,30;321,017;263,209;0,000;45,100;49,800;48,700;301,950;;;;;0,00;0,00;0,00;3,00;3,02;15,465;26,289;0,57;0,56;999998,00;999998,00;999998,00;999998,00;999998,00;999998,00;999998,00;999998,00;999998,00;999998,00;999998,00;999998,00;999998,00;999998,00;999998,00;;;;;;;;;;;;;;;;;5,3793;0,00000;0,0000;-0,00082397;-0,00082397;0,00129;-4,04061;1,8818;28,373099;-0,002767;24,369748;24,281379;-0,0006;-0,0667;0,00;0,00;0,00;0,00;0,49;;5,177;5,099;0,0475319;20,94600;0,05800;0,01300;0,0005635;;1674,10;363,00;;;
;;364;20,94500;0,05900;0,012000;129,675;100,36;1635,9700;0,000;100,070;43,100;0,005;303,350;302,250;26,30;321,017;263,209;0,000;45,100;49,800;48,700;301,950;;;;;0,00;0,00;0,00;3,00;3,02;15,408;26,281;0,57;0,56;999998,00;999998,00;999998,00;999998,00;999998,00;999998,00;999998,00;999998,00;999998,00;999998,00;999998,00;999998,00;999998,00;999998,00;999998,00;;;;;;;;;;;;;;;;;3,3980;0,00000;0,0000;0,00576782;0,00576782;0,00524;0,57196;1,8852;28,114126;-0,002805;24,147315;24,059753;-0,0006;-0,0670;0,00;0,00;0,01;0,00;0,48;;5,175;5,099;0,0300244;20,94600;0,05800;0,02900;0,0003610;;1674,10;364,00;;;
;;365;20,94500;0,05900;0,012000;125,750;100,36;1635,9601;0,000;100,070;43,100;0,005;303,350;302,150;26,30;321,050;263,209;0,000;45,100;49,800;48,800;301,950;;;;;0,00;0,00;0,00;3,00;3,02;15,446;26,310;0,57;0,56;999998,00;999998,00;999998,00;999998,00;999998,00;999998,00;999998,00;999998,00;999998,00;999998,00;999998,00;999998,00;999998,00;999998,00;999998,00;;;;;;;;;;;;;;;;;4,9233;0,00000;0,0000;0,00576782;0,00576782;0,00077;0,56324;1,8901;27,685377;-0,002860;23,779062;23,684996;-0,0006;-0,0672;0,00;0,00;0,00;0,00;0,44;;5,172;5,099;0,0435026;20,94700;0,05800;0,01100;0,0005284;;1674,09;365,00;;;
;;366;20,94700;0,05800;0,003000;125,575;100,36;1635,9601;0,000;100,070;43,100;0,005;303,350;302,150;26,30;321,050;263,209;0,000;45,100;49,800;48,800;301,950;;;;;0,00;0,00;0,00;3,00;3,02;15,452;26,270;0,57;0,56;999998,00;999998,00;999998,00;999998,00;999998,00;999998,00;999998,00;999998,00;999998,00;999998,00;999998,00;999998,00;999998,00;999998,00;999998,00;;;;;;;;;;;;;;;;;6,5219;0,00000;0,0000;-0,00082397;-0,00082397;-0,00046;-4,45381;1,8967;27,666107;-0,002863;23,762510;23,668510;-0,0006;-0,0673;0,00;0,00;0,00;0,00;0,51;;5,173;5,099;0,0576276;20,94500;0,05900;0,00600;0,0006998;;1674,09;366,00;;;
;;367;20,94500;0,05800;0,010000;128,800;100,37;1635,9601;0,000;100,070;43,100;0,005;303,350;302,150;26,30;321,050;263,203;0,000;45,100;49,800;48,800;302,050;;;;;0,00;0,00;0,00;3,00;3,02;15,425;26,315;0,57;0,56;999998,00;999998,00;999998,00;999998,00;999998,00;999998,00;999998,00;999998,00;999998,00;999998,00;999998,00;999998,00;999998,00;999998,00;999998,00;;;;;;;;;;;;;;;;;7,4472;0,00000;0,0000;0,00000000;0,00000000;-0,00219;Infinity;1,9041;28,019114;-0,002900;24,065709;23,970509;-0,0006;-0,0690;0,00;0,00;0,00;0,00;0,51;;5,178;5,105;0,0658032;20,94500;0,05900;-0,00100;0,0007883;;1674,09;367,00;;;
;;368;20,94700;0,05800;0,007000;129,525;100,36;1635,9601;0,000;100,070;43,100;0,005;303,350;302,150;26,30;321,017;263,203;0,000;45,100;49,800;48,700;301,950;;;;;0,00;0,00;0,00;3,00;3,02;15,469;26,307;0,57;0,56;999998,00;999998,00;999998,00;999998,00;999998,00;999998,00;999998,00;999998,00;999998,00;999998,00;999998,00;999998,00;999998,00;999998,00;999998,00;;;;;;;;;;;;;;;;;7,4995;0,00000;0,0000;0,00000000;0,00000000;-0,00344;Infinity;1,9116;28,097861;-0,002850;24,133345;24,037878;-0,0006;-0,0680;0,00;0,00;0,00;0,00;0,48;;5,184;5,105;0,0662656;20,94600;0,05900;-0,00600;0,0007912;;1674,09;368,00;;;
;;369;20,94700;0,05800;-0,004000;130,625;100,36;1635,9601;0,000;100,070;43,100;0,005;303,350;302,150;26,30;320,950;263,203;0,000;45,000;49,700;48,700;301,950;;;;;0,00;0,00;0,00;3,00;3,03;15,431;26,302;0,57;0,56;999998,00;999998,00;999998,00;999998,00;999998,00;999998,00;999998,00;999998,00;999998,00;999998,00;999998,00;999998,00;999998,00;999998,00;999998,00;;;;;;;;;;;;;;;;;6,4718;0,00000;0,0000;0,00000000;0,00000000;-0,00221;Infinity;1,9181;28,216920;-0,002836;24,235606;24,139734;-0,0006;-0,0680;0,00;0,00;0,00;0,00;0,45;;5,189;5,115;0,0571852;20,94700;0,05800;-0,00100;0,0006802;;1674,09;369,00;;;
;;370;20,94600;0,05800;-0,004000;123,775;100,36;1635,9601;0,000;100,070;43,100;0,005;303,350;302,250;26,30;320,983;263,203;0,000;45,100;49,700;48,700;301,950;;;;;0,00;0,00;0,00;3,00;3,03;15,454;26,307;0,57;0,56;999998,00;999998,00;999998,00;999998,00;999998,00;999998,00;999998,00;999998,00;999998,00;999998,00;999998,00;999998,00;999998,00;999998,00;999998,00;;;;;;;;;;;;;;;;;6,8587;0,00000;0,0000;0,00000000;0,00000000;-0,00215;Infinity;1,9249;27,467107;-0,002840;23,591589;23,506042;-0,0006;-0,0663;0,00;0,00;0,00;0,00;0,47;;5,193;5,115;0,0606037;20,94600;0,05800;-0,00100;0,0007406;;1674,09;370,00;;;
;;371;20,94700;0,05800;-0,013000;131,575;100,36;1635,9601;0,000;100,066;43,100;0,005;303,350;302,250;26,30;320,983;263,203;0,000;45,100;49,700;48,700;301,950;;;;;0,00;0,00;0,00;3,00;3,03;15,412;26,302;0,57;0,56;999998,00;999998,00;999998,00;999998,00;999998,00;999998,00;999998,00;999998,00;999998,00;999998,00;999998,00;999998,00;999998,00;999998,00;999998,00;;;;;;;;;;;;;;;;;5,2484;0,00000;0,0000;0,00000000;0,00000000;0,00128;Infinity;1,9302;28,319342;-0,002827;24,323576;24,235374;-0,0006;-0,0680;0,00;0,00;0,00;0,00;0,48;;5,196;5,119;0,0463744;20,94600;0,05900;0,01300;0,0005508;;1674,09;371,00;;;
;;372;20,94700;0,05800;0,001000;131,225;100,34;1635,9601;0,000;100,070;43,100;0,005;303,350;302,250;26,30;320,983;263,196;0,000;45,100;49,700;48,700;301,950;;;;;0,00;0,00;0,00;3,00;3,03;15,441;26,310;0,57;0,57;999998,00;999998,00;999998,00;999998,00;999998,00;999998,00;999998,00;999998,00;999998,00;999998,00;999998,00;999998,00;999998,00;999998,00;999998,00;;;;;;;;;;;;;;;;;5,2405;0,00000;0,0000;0,00000000;0,00000000;0,00153;Infinity;1,9354;28,281650;-0,002672;24,291202;24,203118;-0,0006;-0,0642;0,00;0,00;0,00;0,00;0,48;;5,196;5,119;0,0463055;20,94600;0,05800;0,01400;0,0005508;;1674,09;372,00;;;
;;373;20,94700;0,05800;0,019000;126,250;100,35;1635,9601;0,000;100,072;43,100;0,005;303,350;302,150;26,30;320,950;263,196;0,000;45,000;49,700;48,700;301,950;;;;;0,00;0,00;0,00;3,00;3,03;15,461;26,297;0,57;0,57;999998,00;999998,00;999998,00;999998,00;999998,00;999998,00;999998,00;999998,00;999998,00;999998,00;999998,00;999998,00;999998,00;999998,00;999998,00;;;;;;;;;;;;;;;;;4,0999;0,00000;0,0000;0,00000000;0,00000000;0,00224;Infinity;1,9395;27,740363;-0,002783;23,826290;23,732037;-0,0006;-0,0656;0,00;0,00;0,00;0,00;0,44;;5,194;5,117;0,0362263;20,94700;0,05900;0,01700;0,0004398;;1674,09;373,00;;;
;;374;20,94600;0,05800;0,013000;126,900;100,36;1635,9601;0,000;100,072;43,100;0,005;303,350;302,250;26,30;320,950;263,196;0,000;45,000;49,700;48,700;301,950;;;;;0,00;0,00;0,00;3,00;3,03;15,446;26,307;0,57;0,57;999998,00;999998,00;999998,00;999998,00;999998,00;999998,00;999998,00;999998,00;999998,00;999998,00;999998,00;999998,00;999998,00;999998,00;999998,00;;;;;;;;;;;;;;;;;3,0358;0,00000;0,0000;0,00000000;0,00000000;0,00421;Infinity;1,9426;27,811683;-0,002788;23,887546;23,800925;-0,0006;-0,0659;0,00;0,00;0,00;0,00;0,44;;5,190;5,117;0,0268247;20,94700;0,06000;0,02500;0,0003259;;1674,09;374,00;;;
;;375;20,94600;0,05800;0,029000;127,450;100,35;1635,9601;0,000;100,072;43,100;0,005;303,350;302,150;26,30;320,950;263,196;0,000;45,000;49,700;48,700;302,050;;;;;0,00;0,00;0,00;3,00;3,03;15,479;26,286;0,57;0,57;999998,00;999998,00;999998,00;999998,00;999998,00;999998,00;999998,00;999998,00;999998,00;999998,00;999998,00;999998,00;999998,00;999998,00;999998,00;;;;;;;;;;;;;;;;;5,6755;0,00000;0,0000;0,00000000;0,00000000;-0,00095;Infinity;1,9482;27,871887;-0,002740;23,939255;23,844556;-0,0006;-0,0649;0,00;0,00;0,00;0,00;0,44;;5,188;5,116;0,0501484;20,94700;0,05900;0,00400;0,0006043;;1674,09;375,00;;;
;;376;20,94600;0,05900;0,011000;131,900;100,36;1635,9601;0,000;100,072;43,100;0,005;303,250;302,150;26,30;320,950;263,196;0,000;45,000;49,700;48,700;301,950;;;;;0,00;0,00;0,00;3,00;3,04;15,452;26,307;0,57;0,57;999998,00;999998,00;999998,00;999998,00;999998,00;999998,00;999998,00;999998,00;999998,00;999998,00;999998,00;999998,00;999998,00;999998,00;999998,00;;;;;;;;;;;;;;;;;5,0439;0,00000;0,0000;-0,00083415;-0,00083415;0,00053;-4,50968;1,9533;28,358970;-0,002798;24,349584;24,261259;-0,0006;-0,0674;0,00;0,00;0,00;0,00;0,45;;5,188;5,116;0,0445682;20,94700;0,05900;0,01000;0,0005284;;1674,09;376,00;;;
;;377;20,94700;0,05900;0,006000;128,350;100,36;1635,9601;0,000;100,070;43,100;0,005;303,250;302,150;26,30;320,883;263,196;0,000;45,000;49,600;48,600;302,050;;;;;0,00;0,00;0,00;3,00;3,04;15,446;26,302;0,57;0,57;999998,00;999998,00;999998,00;999998,00;999998,00;999998,00;999998,00;999998,00;999998,00;999998,00;999998,00;999998,00;999998,00;999998,00;999998,00;;;;;;;;;;;;;;;;;6,6565;0,00000;0,0000;0,00583903;0,00583903;-0,00268;0,56218;1,9599;27,974735;-0,002804;24,019672;23,932543;-0,0006;-0,0666;0,00;0,00;0,00;0,00;0,44;;5,190;5,121;0,0588168;20,94700;0,05800;-0,00300;0,0007055;;1674,09;377,00;;;
;;378;20,94500;0,05900;-0,001000;127,425;100,36;1635,9501;0,000;100,072;43,100;0,005;303,250;302,150;26,30;320,883;263,190;0,000;45,000;49,600;48,600;301,950;;;;;0,00;0,00;0,00;3,00;3,04;15,439;26,305;0,57;0,57;999998,00;999998,00;999998,00;999998,00;999998,00;999998,00;999998,00;999998,00;999998,00;999998,00;999998,00;999998,00;999998,00;999998,00;999998,00;;;;;;;;;;;;;;;;;8,5164;0,00000;0,0000;0,00583903;0,00583903;-0,00563;0,63322;1,9685;27,873748;-0,002809;23,932962;23,846148;-0,0006;-0,0665;0,00;0,00;-0,01;0,00;0,48;;5,196;5,121;0,0752508;20,94600;0,05900;-0,01500;0,0009050;;1674,08;378,00;;;
;;379;20,94500;0,05800;-0,006000;128,700;100,36;1635,9501;0,000;100,072;43,100;0,005;303,250;302,150;26,30;320,850;263,190;0,000;44,900;49,600;48,600;301,950;;;;;0,00;0,00;0,00;3,00;3,04;15,431;26,321;0,57;0,57;999998,00;999998,00;999998,00;999998,00;999998,00;999998,00;999998,00;999998,00;999998,00;999998,00;999998,00;999998,00;999998,00;999998,00;999998,00;;;;;;;;;;;;;;;;;7,0271;0,00000;0,0000;-0,00083415;-0,00083415;-0,00368;-4,45463;1,9755;28,012852;-0,002831;24,052399;23,965152;-0,0006;-0,0674;0,00;0,00;0,00;0,00;0,44;;5,203;5,130;0,0620919;20,94700;0,05900;-0,00700;0,0007435;;1674,08;379,00;;;
;;380;20,94600;0,05800;-0,001000;127,700;100,36;1635,9501;0,000;100,072;43,100;0,005;303,250;302,150;26,30;320,850;263,190;0,000;44,900;49,600;48,600;301,950;;;;;0,00;0,00;0,00;3,00;3,04;15,423;26,307;0,57;0,57;999998,00;999998,00;999998,00;999998,00;999998,00;999998,00;999998,00;999998,00;999998,00;999998,00;999998,00;999998,00;999998,00;999998,00;999998,00;;;;;;;;;;;;;;;;;7,4469;0,00000;0,0000;0,00000000;0,00000000;-0,00317;Infinity;1,9829;27,903810;-0,002820;23,958773;23,871866;-0,0006;-0,0668;0,00;0,00;0,00;0,00;0,48;;5,208;5,130;0,0658009;20,94600;0,05800;-0,00500;0,0007912;;1674,08;380,00;;;
;;381;20,94700;0,05900;-0,001000;130,200;100,36;1635,9501;0,000;100,080;43,100;0,005;303,250;302,150;26,20;320,850;263,190;0,000;44,900;49,600;48,600;301,950;;;;;0,00;0,00;0,00;3,00;3,04;15,446;26,315;0,57;0,57;999998,00;999998,00;999998,00;999998,00;999998,00;999998,00;999998,00;999998,00;999998,00;999998,00;999998,00;999998,00;999998,00;999998,00;999998,00;;;;;;;;;;;;;;;;;6,1573;0,00000;0,0000;0,00000000;0,00000000;0,00078;Infinity;1,9891;28,175624;-0,002807;24,192158;24,104405;-0,0006;-0,0672;0,00;0,00;0,00;0,00;0,52;;5,213;5,138;0,0544058;20,94500;0,05800;0,01100;0,0006492;;1674,08;381,00;;;
;;382;20,94600;0,05800;0,013000;129,225;100,36;1635,9501;0,000;100,078;43,100;0,005;303,250;302,150;26,30;320,850;263,190;0,000;44,900;49,600;48,600;301,950;;;;;0,00;0,00;0,00;3,00;3,04;15,431;26,310;0,57;0,57;999998,00;999998,00;999998,00;999998,00;999998,00;999998,00;999998,00;999998,00;999998,00;999998,00;999998,00;999998,00;999998,00;999998,00;999998,00;;;;;;;;;;;;;;;;;4,0272;0,00000;0,0000;0,00000000;0,00000000;0,00276;Infinity;1,9931;28,069929;-0,002848;24,101407;24,013982;-0,0006;-0,0679;0,00;0,00;0,00;0,00;0,45;;5,212;5,138;0,0355841;20,94700;0,05800;0,01900;0,0004272;;1674,08;382,00;;;
;;383;20,94600;0,05900;0,014000;122,750;100,37;1635,9501;0,000;100,072;43,100;0,005;303,250;302,150;26,30;320,850;263,190;0,000;44,900;49,600;48,600;301,950;;;;;0,00;0,00;0,00;3,00;3,05;15,404;26,310;0,57;0,57;999998,00;999998,00;999998,00;999998,00;999998,00;999998,00;999998,00;999998,00;999998,00;999998,00;999998,00;999998,00;999998,00;999998,00;999998,00;;;;;;;;;;;;;;;;;7,3019;0,00000;0,0000;0,00000000;0,00000000;-0,00335;Infinity;2,0004;27,357651;-0,002940;23,489831;23,404624;-0,0006;-0,0683;0,00;0,00;0,00;0,00;0,47;;5,214;5,146;0,0645199;20,94600;0,05900;-0,00600;0,0007912;;1674,08;383,00;;;
;;384;20,94600;0,06000;0,017000;125,525;100,36;1635,9501;0,000;100,072;43,100;0,005;303,250;302,150;26,30;320,817;263,190;0,000;44,800;49,600;48,600;302,050;;;;;0,00;0,00;0,00;3,00;3,05;15,431;26,329;0,57;0,57;999998,00;999998,00;999998,00;999998,00;999998,00;999998,00;999998,00;999998,00;999998,00;999998,00;999998,00;999998,00;999998,00;999998,00;999998,00;;;;;;;;;;;;;;;;;4,8895;0,00000;0,0000;-0,00083415;-0,00083415;0,00174;-4,39934;2,0053;27,665159;-0,002841;23,753863;23,667699;-0,0006;-0,0667;0,00;0,00;0,00;0,00;0,47;;5,216;5,146;0,0432034;20,94600;0,05900;0,01500;0,0005255;;1674,08;384,00;;;
;;385;20,94700;0,05900;0,025000;123,625;100,36;1635,9501;0,000;100,070;43,100;0,005;303,250;302,050;26,30;320,750;263,190;0,000;44,800;49,500;48,500;301,950;;;;;0,00;0,00;0,00;3,00;3,05;15,408;26,294;0,57;0,57;999998,00;999998,00;999998,00;999998,00;999998,00;999998,00;999998,00;999998,00;999998,00;999998,00;999998,00;999998,00;999998,00;999998,00;999998,00;;;;;;;;;;;;;;;;;4,9702;0,00000;0,0000;0,00583903;0,00583903;0,00149;0,62370;2,0103;27,454984;-0,002847;23,573403;23,480120;-0,0006;-0,0664;0,00;0,00;0,00;0,00;0,47;;5,215;5,151;0,0439171;20,94600;0,05900;0,01400;0,0005382;;1674,08;385,00;;;
;;386;20,94700;0,05900;0,004000;125,250;100,37;1635,9401;0,000;100,080;43,100;0,005;303,250;302,050;26,30;320,750;263,190;0,000;44,800;49,500;48,500;301,950;;;;;0,00;0,00;0,00;3,00;3,05;15,454;26,297;0,58;0,57;999998,00;999998,00;999998,00;999998,00;999998,00;999998,00;999998,00;999998,00;999998,00;999998,00;999998,00;999998,00;999998,00;999998,00;999998,00;;;;;;;;;;;;;;;;;4,1153;0,00000;0,0000;0,00583903;0,00583903;0,00101;0,62779;2,0144;27,634838;-0,002887;23,727829;23,633934;-0,0006;-0,0677;0,00;0,00;0,00;0,00;0,40;;5,213;5,151;0,0363630;20,94800;0,05900;0,01200;0,0004427;;1674,07;386,00;;;
;;387;20,94700;0,05800;0,010000;128,175;100,36;1635,9401;0,000;100,080;43,000;0,005;303,250;302,050;26,20;320,750;263,190;0,000;44,800;49,500;48,500;301,950;;;;;0,00;0,00;0,00;3,00;3,05;15,441;26,331;0,58;0,57;999998,00;999998,00;999998,00;999998,00;999998,00;999998,00;999998,00;999998,00;999998,00;999998,00;999998,00;999998,00;999998,00;999998,00;999998,00;;;;;;;;;;;;;;;;;6,1727;0,00000;0,0000;-0,00083415;-0,00083415;-0,00194;-4,44552;2,0206;27,955658;-0,002823;24,003291;23,908307;-0,0006;-0,0670;0,00;0,00;0,00;0,00;0,44;;5,213;5,154;0,0545417;20,94700;0,05900;0,00000;0,0006549;;1674,07;387,00;;;
;;388;20,94700;0,05900;-0,003000;131,275;100,36;1635,9401;0,000;100,080;43,000;0,005;303,150;302,050;26,20;320,750;263,183;0,000;44,800;49,500;48,500;302,050;;;;;0,00;0,00;0,00;3,00;3,05;15,423;26,307;0,58;0,57;999998,00;999998,00;999998,00;999998,00;999998,00;999998,00;999998,00;999998,00;999998,00;999998,00;999998,00;999998,00;999998,00;999998,00;999998,00;;;;;;;;;;;;;;;;;6,2479;0,00000;0,0000;0,00000000;0,00000000;-0,00196;Infinity;2,0268;28,296368;-0,002846;24,287820;24,199690;-0,0006;-0,0684;0,00;0,00;0,00;0,00;0,45;;5,216;5,154;0,0552065;20,94700;0,05900;0,00000;0,0006549;;1674,07;388,00;;;
;;389;20,94700;0,05900;-0,015000;132,150;100,37;1635,9401;0,000;100,080;43,000;0,005;303,150;302,050;26,20;320,750;263,183;0,000;44,800;49,500;48,500;301,950;;;;;0,00;0,00;0,00;3,00;3,05;15,435;26,318;0,58;0,57;999998,00;999998,00;999998,00;999998,00;999998,00;999998,00;999998,00;999998,00;999998,00;999998,00;999998,00;999998,00;999998,00;999998,00;999998,00;;;;;;;;;;;;;;;;;6,0249;0,00000;0,0000;0,00000000;0,00000000;-0,00147;Infinity;2,0328;28,390514;-0,002886;24,368629;24,280206;-0,0006;-0,0696;0,00;0,00;0,00;0,00;0,45;;5,218;5,158;0,0532359;20,94700;0,05900;0,00200;0,0006296;;1674,07;389,00;;;
;;390;20,94600;0,05800;-0,007000;122,925;100,37;1635,9401;0,000;100,080;43,000;0,005;303,150;302,050;26,20;320,750;263,183;0,000;44,800;49,500;48,500;301,950;;;;;0,00;0,00;0,00;3,00;3,06;15,423;26,307;0,58;0,57;999998,00;999998,00;999998,00;999998,00;999998,00;999998,00;999998,00;999998,00;999998,00;999998,00;999998,00;999998,00;999998,00;999998,00;999998,00;;;;;;;;;;;;;;;;;5,1053;0,00000;0,0000;0,00000000;0,00000000;0,00003;Infinity;2,0379;27,381660;-0,002925;23,502693;23,417412;-0,0006;-0,0680;0,00;0,00;0,00;0,00;0,43;;5,219;5,158;0,0451104;20,94700;0,05900;0,00800;0,0005537;;1674,07;390,00;;;
;;391;20,94700;0,05800;-0,005000;133,975;100,37;1635,9401;0,000;100,080;43,000;0,005;303,150;302,050;26,20;320,717;263,183;0,000;44,800;49,400;48,500;301,950;;;;;0,00;0,00;0,00;3,00;3,06;15,441;26,329;0,58;0,57;999998,00;999998,00;999998,00;999998,00;999998,00;999998,00;999998,00;999998,00;999998,00;999998,00;999998,00;999998,00;999998,00;999998,00;999998,00;;;;;;;;;;;;;;;;;3,8564;0,00000;0,0000;-0,00083415;-0,00083415;0,00306;-4,54574;2,0418;28,585879;-0,002964;24,536318;24,447286;-0,0006;-0,0719;0,00;0,00;0,00;0,00;0,45;;5,217;5,157;0,0340753;20,94700;0,05900;0,02000;0,0004019;;1674,07;391,00;;;
;;392;20,94600;0,05800;0,011000;131,525;100,38;1635,9401;0,000;100,070;43,000;0,005;303,150;302,050;26,20;320,683;263,183;0,000;44,800;49,400;48,400;301,950;;;;;0,00;0,00;0,00;3,00;3,06;15,412;26,342;0,58;0,57;999998,00;999998,00;999998,00;999998,00;999998,00;999998,00;999998,00;999998,00;999998,00;999998,00;999998,00;999998,00;999998,00;999998,00;999998,00;;;;;;;;;;;;;;;;;4,1542;0,00000;0,0000;0,00583903;0,00583903;0,00353;0,64343;2,0460;28,323298;-0,002986;24,310935;24,222721;-0,0006;-0,0718;0,00;0,00;0,00;0,00;0,48;;5,214;5,157;0,0367062;20,94600;0,05900;0,02200;0,0004369;;1674,07;392,00;;;
;;393;20,94500;0,05900;0,019000;130,200;100,38;1635,9301;0,000;100,080;43,000;0,005;303,150;302,050;26,30;320,683;263,183;0,000;44,800;49,400;48,400;301,950;;;;;0,00;0,00;0,00;3,00;3,06;15,412;26,334;0,58;0,58;999998,00;999998,00;999998,00;999998,00;999998,00;999998,00;999998,00;999998,00;999998,00;999998,00;999998,00;999998,00;999998,00;999998,00;999998,00;;;;;;;;;;;;;;;;;5,3744;0,00000;0,0000;0,00583903;0,00583903;0,00003;0,56631;2,0513;28,180270;-0,002991;24,188169;24,100401;-0,0006;-0,0716;0,00;0,00;0,00;0,00;0,45;;5,213;5,155;0,0474883;20,94700;0,05800;0,00800;0,0005664;;1674,06;393,00;;;
;;394;20,94700;0,05900;-0,006000;128,900;100,38;1635,9301;0,000;100,070;43,000;0,005;303,150;302,050;26,30;320,683;263,183;0,000;44,800;49,400;48,400;301,950;;;;;0,00;0,00;0,00;3,00;3,06;15,446;26,318;0,58;0,58;999998,00;999998,00;999998,00;999998,00;999998,00;999998,00;999998,00;999998,00;999998,00;999998,00;999998,00;999998,00;999998,00;999998,00;999998,00;;;;;;;;;;;;;;;;;4,6824;0,00000;0,0000;-0,00083415;-0,00083415;0,00375;-3,94434;2,0560;28,039232;-0,003047;24,067111;23,979782;-0,0006;-0,0725;0,00;0,00;0,00;0,00;0,51;;5,212;5,155;0,0413738;20,94500;0,05800;0,02300;0,0004973;;1674,06;394,00;;;
;;395;20,94600;0,05900;0,015000;129,100;100,38;1635,9301;0,000;100,072;43,000;0,005;303,150;302,050;26,20;320,683;263,183;0,000;44,800;49,400;48,400;301,950;;;;;0,00;0,00;0,00;3,00;3,06;15,439;26,313;0,58;0,58;999998,00;999998,00;999998,00;999998,00;999998,00;999998,00;999998,00;999998,00;999998,00;999998,00;999998,00;999998,00;999998,00;999998,00;999998,00;;;;;;;;;;;;;;;;;5,9550;0,00000;0,0000;0,00000000;0,00000000;-0,00145;Infinity;2,0620;28,060978;-0,003051;24,085776;23,998379;-0,0006;-0,0727;0,00;0,00;0,00;0,00;0,45;;5,213;5,157;0,0526180;20,94700;0,05900;0,00200;0,0006296;;1674,06;395,00;;;
;;396;20,94600;0,05900;0,014000;128,050;100,38;1635,9301;0,000;100,080;43,000;0,005;303,150;302,050;26,20;320,683;263,177;0,000;44,800;49,400;48,400;301,950;;;;;0,00;0,00;0,00;3,00;3,06;15,431;26,323;0,58;0,58;999998,00;999998,00;999998,00;999998,00;999998,00;999998,00;999998,00;999998,00;999998,00;999998,00;999998,00;999998,00;999998,00;999998,00;999998,00;;;;;;;;;;;;;;;;;5,6907;0,00000;0,0000;0,00000000;0,00000000;-0,00095;Infinity;2,0677;27,946631;-0,003038;23,987628;23,900587;-0,0006;-0,0721;0,00;0,00;0,00;0,00;0,44;;5,214;5,157;0,0502829;20,94700;0,05900;0,00400;0,0006043;;1674,06;396,00;;;
;;397;20,94600;0,05900;0,012000;124,025;100,38;1635,9301;0,000;100,080;43,000;0,005;303,150;302,050;26,20;320,650;263,177;0,000;44,700;49,400;48,400;301,950;;;;;0,00;0,00;0,00;3,00;3,07;15,402;26,334;0,58;0,58;999998,00;999998,00;999998,00;999998,00;999998,00;999998,00;999998,00;999998,00;999998,00;999998,00;999998,00;999998,00;999998,00;999998,00;999998,00;;;;;;;;;;;;;;;;;6,7199;0,00000;0,0000;0,00000000;0,00000000;-0,00094;Infinity;2,0744;27,503901;-0,003042;23,607616;23,521954;-0,0006;-0,0710;0,00;0,00;0,00;0,00;0,51;;5,217;5,163;0,0593766;20,94500;0,05900;0,00400;0,0007251;;1674,06;397,00;;;
;;398;20,94800;0,05900;0,000000;131,050;100,38;1635,9301;0,000;100,072;43,000;0,005;303,150;302,050;26,20;320,650;263,177;0,000;44,700;49,400;48,400;302,050;;;;;0,00;0,00;0,00;3,00;3,07;15,427;26,347;0,58;0,58;999998,00;999998,00;999998,00;999998,00;999998,00;999998,00;999998,00;999998,00;999998,00;999998,00;999998,00;999998,00;999998,00;999998,00;999998,00;;;;;;;;;;;;;;;;;7,3025;0,00000;0,0000;-0,00083415;-0,00083415;-0,00271;-3,97709;2,0817;28,272107;-0,003011;24,266996;24,178941;-0,0006;-0,0723;0,00;0,00;0,00;0,00;0,48;;5,221;5,163;0,0645247;20,94600;0,05800;-0,00300;0,0007659;;1674,06;398,00;;;
;;399;20,94700;0,05900;0,000000;128,200;100,38;1635,9301;0,000;100,072;43,000;0,005;303,150;302,050;26,20;320,650;263,177;0,000;44,700;49,400;48,400;302,050;;;;;0,00;0,00;0,00;3,00;3,07;15,353;26,337;0,58;0,58;999998,00;999998,00;999998,00;999998,00;999998,00;999998,00;999998,00;999998,00;999998,00;999998,00;999998,00;999998,00;999998,00;999998,00;999998,00;;;;;;;;;;;;;;;;;6,8625;0,00000;0,0000;0,00583903;0,00583903;-0,00194;0,56194;2,0885;27,962995;-0,003049;24,001673;23,914582;-0,0006;-0,0724;0,00;0,00;0,00;0,00;0,48;;5,226;5,171;0,0606371;20,94600;0,05800;0,00000;0,0007279;;1674,06;399,00;;;
;;400;20,94700;0,05900;0,002000;129,150;100,37;1635,9200;0,000;100,076;43,000;0,005;303,150;302,050;26,20;320,583;263,177;0,000;44,700;49,300;48,300;302,050;;;;;0,00;0,00;0,00;3,00;3,07;15,414;26,329;0,58;0,58;999998,00;999998,00;999998,00;999998,00;999998,00;999998,00;999998,00;999998,00;999998,00;999998,00;999998,00;999998,00;999998,00;999998,00;999998,00;;;;;;;;;;;;;;;;;6,9201;0,00000;0,0000;0,00583903;0,00583903;-0,00344;0,63759;2,0955;28,066411;-0,002949;24,090439;24,003026;-0,0006;-0,0703;0,00;0,00;0,00;0,00;0,45;;5,230;5,171;0,0611460;20,94700;0,05900;-0,00600;0,0007308;;1674,05;400,00;;;
;;401;20,94700;0,05900;0,008000;126,750;100,38;1635,9200;0,000;100,072;43,000;0,005;303,150;302,050;26,20;320,583;263,177;0,000;44,700;49,300;48,300;302,150;;;;;0,00;0,00;0,00;3,00;3,07;15,397;26,337;0,58;0,58;999998,00;999998,00;999998,00;999998,00;999998,00;999998,00;999998,00;999998,00;999998,00;999998,00;999998,00;999998,00;999998,00;999998,00;999998,00;;;;;;;;;;;;;;;;;7,1817;0,00000;0,0000;-0,00083415;-0,00083415;-0,00267;-3,91130;2,1026;27,804408;-0,003004;23,865552;23,778955;-0,0006;-0,0709;0,00;0,00;0,00;0,00;0,48;;5,235;5,180;0,0634573;20,94600;0,05800;-0,00300;0,0007659;;1674,05;401,00;;;
;;402;20,94700;0,05900;0,020000;127,225;100,38;1635,9200;0,000;100,080;43,000;0,005;303,150;302,050;26,20;320,583;263,177;0,000;44,700;49,300;48,300;302,050;;;;;0,00;0,00;0,00;3,00;3,07;15,404;26,326;0,58;0,58;999998,00;999998,00;999998,00;999998,00;999998,00;999998,00;999998,00;999998,00;999998,00;999998,00;999998,00;999998,00;999998,00;999998,00;999998,00;;;;;;;;;;;;;;;;;4,0271;0,00000;0,0000;0,00000000;0,00000000;0,00175;Infinity;2,1067;27,856458;-0,003007;23,910229;23,823469;-0,0006;-0,0711;0,00;0,00;0,00;0,00;0,41;;5,235;5,180;0,0355831;20,94800;0,05700;0,01500;0,0004301;;1674,05;402,00;;;
;;403;20,94700;0,05800;0,022000;127,225;100,38;1635,9200;0,000;100,080;43,000;0,005;303,150;302,050;26,20;320,583;263,177;0,000;44,700;49,300;48,300;302,050;;;;;0,00;0,00;0,00;3,00;3,07;15,423;26,331;0,58;0,58;999998,00;999998,00;999998,00;999998,00;999998,00;999998,00;999998,00;999998,00;999998,00;999998,00;999998,00;999998,00;999998,00;999998,00;999998,00;;;;;;;;;;;;;;;;;3,8769;0,00000;0,0000;0,00000000;0,00000000;0,00298;Infinity;2,1106;27,856458;-0,003007;23,910229;23,823469;-0,0006;-0,0711;0,00;0,00;0,00;0,00;0,44;;5,232;5,182;0,0342561;20,94700;0,05800;0,02000;0,0004145;;1674,05;403,00;;;
;;404;20,94600;0,05800;0,008000;128,725;100,38;1635,9200;0,000;100,080;43,000;0,005;303,150;302,050;26,20;320,550;263,177;0,000;44,600;49,300;48,300;302,050;;;;;0,00;0,00;0,00;3,00;3,08;15,414;26,345;0,58;0,58;999998,00;999998,00;999998,00;999998,00;999998,00;999998,00;999998,00;999998,00;999998,00;999998,00;999998,00;999998,00;999998,00;999998,00;999998,00;;;;;;;;;;;;;;;;;1,7324;0,00000;0,0000;0,00000000;0,00000000;0,00745;Infinity;2,1123;28,020192;-0,003027;24,050768;23,963499;-0,0006;-0,0720;0,00;0,00;0,01;0,00;0,44;;5,226;5,182;0,0153078;20,94700;0,05800;0,03800;0,0001866;;1674,05;404,00;;;
;;405;20,94700;0,05900;0,023000;127,475;100,38;1635,9200;0,000;100,072;43,000;0,005;303,150;302,050;26,20;320,550;263,177;0,000;44,600;49,300;48,300;302,050;;;;;0,00;0,00;0,00;3,00;3,08;15,427;26,331;0,58;0,58;999998,00;999998,00;999998,00;999998,00;999998,00;999998,00;999998,00;999998,00;999998,00;999998,00;999998,00;999998,00;999998,00;999998,00;999998,00;;;;;;;;;;;;;;;;;4,6001;0,00000;0,0000;-0,00083415;-0,00083415;0,00126;-4,43410;2,1169;27,883815;-0,002996;23,933710;23,846865;-0,0006;-0,0709;0,00;0,00;0,00;0,00;0,44;;5,221;5,178;0,0406469;20,94700;0,05900;0,01300;0,0004905;;1674,05;405,00;;;
;;406;20,94500;0,05900;0,002000;125,950;100,38;1635,9200;0,000;100,076;43,000;0,005;303,150;302,050;26,20;320,550;263,177;0,000;44,600;49,300;48,300;302,050;;;;;0,00;0,00;0,00;3,00;3,08;15,389;26,318;0,58;0,58;999998,00;999998,00;999998,00;999998,00;999998,00;999998,00;999998,00;999998,00;999998,00;999998,00;999998,00;999998,00;999998,00;999998,00;999998,00;;;;;;;;;;;;;;;;;4,5725;0,00000;0,0000;0,00583903;0,00583903;0,00126;0,62964;2,1215;27,716523;-0,003015;23,790118;23,703794;-0,0006;-0,0710;0,00;0,00;0,00;0,00;0,44;;5,220;5,178;0,0404030;20,94700;0,05900;0,01300;0,0004905;;1674,05;406,00;;;
;;407;20,94700;0,05900;0,004000;127,775;100,37;1635,9100;0,000;100,076;43,000;0,005;303,150;302,050;26,20;320,483;263,177;0,000;44,600;49,200;48,200;302,050;;;;;0,00;0,00;0,00;3,00;3,08;15,389;26,342;0,58;0,58;999998,00;999998,00;999998,00;999998,00;999998,00;999998,00;999998,00;999998,00;999998,00;999998,00;999998,00;999998,00;999998,00;999998,00;999998,00;;;;;;;;;;;;;;;;;6,1945;0,00000;0,0000;0,00583903;0,00583903;-0,00292;0,56101;2,1277;27,916605;-0,002983;23,961856;23,874908;-0,0006;-0,0707;0,00;0,00;0,00;0,00;0,41;;5,220;5,179;0,0547348;20,94800;0,05800;-0,00400;0,0006578;;1674,04;407,00;;;
;;408;20,94700;0,05800;0,004000;124,775;100,37;1635,9100;0,000;100,080;43,000;0,005;303,150;302,050;26,20;320,483;263,177;0,000;44,600;49,200;48,200;302,050;;;;;0,00;0,00;0,00;3,00;3,08;15,404;26,345;0,58;0,58;999998,00;999998,00;999998,00;999998,00;999998,00;999998,00;999998,00;999998,00;999998,00;999998,00;999998,00;999998,00;999998,00;999998,00;999998,00;;;;;;;;;;;;;;;;;6,5650;0,00000;0,0000;-0,00166829;-0,00166829;-0,00289;-2,19344;2,1342;27,586935;-0,002934;23,678888;23,592967;-0,0006;-0,0687;0,00;0,00;0,00;0,00;0,44;;5,223;5,179;0,0580085;20,94700;0,05900;-0,00400;0,0007055;;1674,04;408,00;;;
;;409;20,94500;0,05800;-0,003000;122,000;100,38;1635,9100;0,000;100,068;43,000;0,005;303,150;301,950;26,20;320,483;263,177;0,000;44,600;49,200;48,200;302,050;;;;;0,00;0,00;0,00;3,00;3,08;15,452;26,318;0,58;0,58;999998,00;999998,00;999998,00;999998,00;999998,00;999998,00;999998,00;999998,00;999998,00;999998,00;999998,00;999998,00;999998,00;999998,00;999998,00;;;;;;;;;;;;;;;;;4,7644;0,00000;0,0000;0,00583903;0,00583903;-0,00021;0,54819;2,1390;27,278443;-0,002986;23,414097;23,321414;-0,0006;-0,0691;0,00;0,00;0,00;0,00;0,40;;5,224;5,180;0,0420986;20,94800;0,05800;0,00700;0,0005187;;1674,04;409,00;;;
;;410;20,94600;0,05900;0,000000;128,200;100,37;1635,9000;0,000;100,080;43,000;0,005;303,150;302,050;26,20;320,517;263,170;0,000;44,700;49,200;48,200;302,050;;;;;0,00;0,00;0,00;3,00;3,08;15,412;26,361;0,58;0,58;999998,00;999998,00;999998,00;999998,00;999998,00;999998,00;999998,00;999998,00;999998,00;999998,00;999998,00;999998,00;999998,00;999998,00;999998,00;;;;;;;;;;;;;;;;;6,0534;0,00000;0,0000;0,00583903;0,00583903;-0,00145;0,56194;2,1450;27,962995;-0,002936;24,001673;23,914582;-0,0006;-0,0697;0,00;0,00;0,00;0,00;0,44;;5,224;5,180;0,0534880;20,94700;0,05800;0,00200;0,0006423;;1674,03;410,00;;;
;;411;20,94600;0,05800;-0,006000;126,950;100,37;1635,9000;0,000;100,076;43,000;0,005;303,150;302,050;26,20;320,517;263,177;0,000;44,700;49,200;48,200;302,050;;;;;0,00;0,00;0,00;3,00;3,09;15,427;26,334;0,58;0,58;999998,00;999998,00;999998,00;999998,00;999998,00;999998,00;999998,00;999998,00;999998,00;999998,00;999998,00;999998,00;999998,00;999998,00;999998,00;;;;;;;;;;;;;;;;;4,7414;0,00000;0,0000;-0,00083415;-0,00083415;-0,00021;-4,42496;2,1498;27,826335;-0,002955;23,884374;23,797708;-0,0006;-0,0698;0,00;0,00;0,00;0,00;0,41;;5,225;5,178;0,0418953;20,94800;0,05900;0,00700;0,0005060;;1674,03;411,00;;;
;;412;20,94700;0,05700;-0,003000;128,600;100,37;1635,9000;0,000;100,080;43,000;0,005;303,150;302,050;26,20;320,517;263,170;0,000;44,700;49,200;48,200;302,050;;;;;0,00;0,00;0,00;3,00;3,09;15,399;26,342;0,58;0,58;999998,00;999998,00;999998,00;999998,00;999998,00;999998,00;999998,00;999998,00;999998,00;999998,00;999998,00;999998,00;999998,00;999998,00;999998,00;;;;;;;;;;;;;;;;;4,0181;0,00000;0,0000;0,00000000;0,00000000;0,00275;Infinity;2,1538;28,006584;-0,002921;24,039088;23,951860;-0,0006;-0,0695;0,00;0,00;0,00;0,00;0,44;;5,223;5,178;0,0355038;20,94700;0,05800;0,01900;0,0004272;;1674,03;412,00;;;
;;413;20,94600;0,05800;0,015000;127,450;100,37;1635,9000;0,000;100,080;43,000;0,005;303,150;302,050;26,20;320,483;263,170;0,000;44,700;49,100;48,200;302,050;;;;;0,00;0,00;0,00;3,00;3,09;15,372;26,329;0,58;0,58;999998,00;999998,00;999998,00;999998,00;999998,00;999998,00;999998,00;999998,00;999998,00;999998,00;999998,00;999998,00;999998,00;999998,00;999998,00;;;;;;;;;;;;;;;;;5,1092;0,00000;0,0000;0,00000000;0,00000000;-0,00071;Infinity;2,1589;27,881079;-0,002974;23,931362;23,844526;-0,0006;-0,0704;0,00;0,00;0,00;0,00;0,41;;5,221;5,177;0,0451446;20,94800;0,05800;0,00500;0,0005440;;1674,03;413,00;;;
;;414;20,94800;0,05800;0,020000;130,550;100,38;1635,9000;0,000;100,076;43,000;0,005;303,150;302,050;26,20;320,450;263,170;0,000;44,600;49,100;48,200;302,050;;;;;0,00;0,00;0,00;3,00;3,09;15,406;26,334;0,58;0,58;999998,00;999998,00;999998,00;999998,00;999998,00;999998,00;999998,00;999998,00;999998,00;999998,00;999998,00;999998,00;999998,00;999998,00;999998,00;;;;;;;;;;;;;;;;;5,7135;0,00000;0,0000;0,00000000;0,00000000;0,00053;Infinity;2,1646;28,218122;-0,003042;24,220658;24,132772;-0,0006;-0,0729;0,00;0,00;0,00;0,00;0,48;;5,222;5,177;0,0504846;20,94600;0,05800;0,01000;0,0006014;;1674,03;414,00;;;
;;415;20,94700;0,05900;0,038000;130,500;100,38;1635,9000;0,000;100,068;43,000;0,005;303,150;302,050;26,20;320,450;263,170;0,000;44,600;49,100;48,200;302,050;;;;;0,00;0,00;0,00;3,00;3,09;15,427;26,334;0,58;0,58;999998,00;999998,00;999998,00;999998,00;999998,00;999998,00;999998,00;999998,00;999998,00;999998,00;999998,00;999998,00;999998,00;999998,00;999998,00;;;;;;;;;;;;;;;;;5,5334;0,00000;0,0000;0,00000000;0,00000000;-0,00146;Infinity;2,1702;28,212718;-0,003043;24,216020;24,128151;-0,0006;-0,0729;0,00;0,00;0,00;0,00;0,41;;5,223;5,177;0,0488931;20,94800;0,05800;0,00200;0,0005819;;1674,03;415,00;;;
;;416;20,94700;0,05900;0,013000;130,650;100,38;1635,9000;0,000;100,076;43,000;0,005;303,150;302,050;26,20;320,417;263,170;0,000;44,600;49,100;48,100;302,050;;;;;0,00;0,00;0,00;3,00;3,09;15,420;26,355;0,58;0,58;999998,00;999998,00;999998,00;999998,00;999998,00;999998,00;999998,00;999998,00;999998,00;999998,00;999998,00;999998,00;999998,00;999998,00;999998,00;;;;;;;;;;;;;;;;;4,6880;0,00000;0,0000;0,00000000;0,00000000;0,00028;Infinity;2,1748;28,228927;-0,003060;24,229933;24,142013;-0,0006;-0,0733;0,00;0,00;0,00;0,00;0,41;;5,222;5,177;0,0414229;20,94800;0,05800;0,00900;0,0004934;;1674,03;416,00;;;
;;417;20,94700;0,05800;0,013000;127,100;100,39;1635,9000;0,000;100,076;43,000;0,005;303,150;302,050;26,20;320,417;263,170;0,000;44,600;49,100;48,100;302,050;;;;;0,00;0,00;0,00;3,00;3,09;15,391;26,350;0,58;0,58;999998,00;999998,00;999998,00;999998,00;999998,00;999998,00;999998,00;999998,00;999998,00;999998,00;999998,00;999998,00;999998,00;999998,00;999998,00;;;;;;;;;;;;;;;;;7,5812;0,00000;0,0000;0,00000000;0,00000000;-0,00464;Infinity;2,1824;27,842770;-0,003094;23,898480;23,811763;-0,0006;-0,0731;0,00;0,00;0,00;0,00;0,44;;5,225;5,184;0,0669879;20,94700;0,05800;-0,01100;0,0008067;;1674,03;417,00;;;
;;418;20,94700;0,05900;-0,004000;130,575;100,38;1635,9000;0,000;100,076;43,000;0,005;303,150;301,950;26,20;320,417;263,170;0,000;44,600;49,100;48,100;302,050;;;;;0,00;0,00;0,00;3,00;3,10;15,406;26,342;0,58;0,58;999998,00;999998,00;999998,00;999998,00;999998,00;999998,00;999998,00;999998,00;999998,00;999998,00;999998,00;999998,00;999998,00;999998,00;999998,00;;;;;;;;;;;;;;;;;6,7159;0,00000;0,0000;0,00000000;0,00000000;-0,00296;Infinity;2,1891;28,220823;-0,003059;24,222977;24,127092;-0,0006;-0,0733;0,00;0,00;0,00;0,00;0,45;;5,229;5,184;0,0593414;20,94700;0,05900;-0,00400;0,0007055;;1674,03;418,00;;;
;;419;20,94800;0,05800;-0,004000;127,850;100,38;1635,9000;0,000;100,076;43,000;0,005;303,050;301,950;26,20;320,417;263,170;0,000;44,600;49,100;48,100;302,050;;;;;0,00;0,00;0,00;3,00;3,10;15,406;26,342;0,58;0,58;999998,00;999998,00;999998,00;999998,00;999998,00;999998,00;999998,00;999998,00;999998,00;999998,00;999998,00;999998,00;999998,00;999998,00;999998,00;;;;;;;;;;;;;;;;;7,5752;0,00000;0,0000;0,00000000;0,00000000;-0,00391;Infinity;2,1967;27,929405;-0,002990;23,964934;23,877947;-0,0006;-0,0709;0,00;0,00;0,00;0,00;0,48;;5,234;5,196;0,0669348;20,94600;0,06000;-0,00800;0,0008038;;1674,03;419,00;;;
;;420;20,94700;0,05800;0,007000;130,100;100,38;1635,9000;0,000;100,076;43,000;0,005;303,050;301,950;26,20;320,417;263,170;0,000;44,600;49,100;48,100;302,050;;;;;0,00;0,00;0,00;3,00;3,10;15,353;26,334;0,58;0,58;999998,00;999998,00;999998,00;999998,00;999998,00;999998,00;999998,00;999998,00;999998,00;999998,00;999998,00;999998,00;999998,00;999998,00;999998,00;;;;;;;;;;;;;;;;;6,1315;0,00000;0,0000;0,00000000;0,00000000;-0,00295;Infinity;2,2028;28,174095;-0,002989;24,174891;24,087142;-0,0006;-0,0715;0,00;0,00;0,00;0,00;0,41;;5,238;5,196;0,0541780;20,94800;0,05900;-0,00400;0,0006452;;1674,03;420,00;;;
;;421;20,94800;0,05900;0,002000;123,300;100,36;1635,9000;0,000;100,076;43,000;0,005;303,050;301,950;26,20;320,417;263,170;0,000;44,600;49,100;48,100;302,050;;;;;0,00;0,00;0,00;3,00;3,10;15,376;26,347;0,58;0,58;999998,00;999998,00;999998,00;999998,00;999998,00;999998,00;999998,00;999998,00;999998,00;999998,00;999998,00;999998,00;999998,00;999998,00;999998,00;;;;;;;;;;;;;;;;;6,3779;0,00000;0,0000;0,00000000;0,00000000;-0,00118;Infinity;2,2092;27,427918;-0,002885;23,534631;23,449206;-0,0006;-0,0672;0,00;0,00;0,00;0,00;0,47;;5,240;5,204;0,0563553;20,94600;0,05800;0,00300;0,0006900;;1674,03;421,00;;;
;;422;20,94700;0,05800;0,007000;126,575;100,37;1635,9000;0,000;100,076;43,000;0,005;303,050;301,950;26,20;320,417;263,170;0,000;44,600;49,100;48,100;302,050;;;;;0,00;0,00;0,00;3,00;3,10;15,404;26,363;0,58;0,58;999998,00;999998,00;999998,00;999998,00;999998,00;999998,00;999998,00;999998,00;999998,00;999998,00;999998,00;999998,00;999998,00;999998,00;999998,00;;;;;;;;;;;;;;;;;3,3019;0,00000;0,0000;-0,00083415;-0,00083415;0,00298;-3,90923;2,2125;27,789791;-0,002901;23,845138;23,758585;-0,0006;-0,0684;0,00;0,00;0,00;0,00;0,41;;5,239;5,204;0,0291759;20,94800;0,05800;0,02000;0,0003541;;1674,03;422,00;;;
;;423;20,94800;0,05800;0,019000;132,675;100,37;1635,9000;0,000;100,076;43,000;0,005;303,050;302,050;26,20;320,350;263,170;0,000;44,600;49,000;48,000;302,050;;;;;0,00;0,00;0,00;3,00;3,10;15,381;26,347;0,58;0,58;999998,00;999998,00;999998,00;999998,00;999998,00;999998,00;999998,00;999998,00;999998,00;999998,00;999998,00;999998,00;999998,00;999998,00;999998,00;;;;;;;;;;;;;;;;;3,8063;0,00000;0,0000;0,00583903;0,00583903;0,00430;0,64634;2,2163;28,451545;-0,002934;24,412958;24,332401;-0,0006;-0,0709;0,00;0,00;0,00;0,00;0,49;;5,235;5,203;0,0336323;20,94600;0,05900;0,02500;0,0003990;;1674,03;423,00;;;
;;424;20,94700;0,05800;0,005000;130,850;100,37;1635,8900;0,000;100,076;43,000;0,005;303,150;302,050;26,20;320,350;263,170;0,000;44,600;49,000;48,000;302,050;;;;;0,00;0,00;0,00;3,00;3,10;15,420;26,339;0,58;0,58;999998,00;999998,00;999998,00;999998,00;999998,00;999998,00;999998,00;999998,00;999998,00;999998,00;999998,00;999998,00;999998,00;999998,00;999998,00;;;;;;;;;;;;;;;;;2,7179;0,00000;0,0000;0,00583903;0,00583903;0,00552;0,56772;2,2190;28,250525;-0,002915;24,248472;24,160485;-0,0006;-0,0699;0,00;0,00;0,01;0,00;0,45;;5,230;5,203;0,0240158;20,94700;0,05800;0,03000;0,0002879;;1674,02;424,00;;;
;;425;20,94800;0,05800;0,010000;132,150;100,37;1635,8900;0,000;100,076;43,000;0,005;303,050;302,050;26,20;320,317;263,170;0,000;44,500;49,000;48,000;302,050;;;;;0,00;0,00;0,00;3,00;3,11;15,391;26,358;0,58;0,58;999998,00;999998,00;999998,00;999998,00;999998,00;999998,00;999998,00;999998,00;999998,00;999998,00;999998,00;999998,00;999998,00;999998,00;999998,00;;;;;;;;;;;;;;;;;5,1396;0,00000;0,0000;-0,00083415;-0,00083415;0,00179;-3,99441;2,2242;28,395198;-0,002932;24,364609;24,284211;-0,0006;-0,0707;0,00;0,00;0,00;0,00;0,49;;5,227;5,200;0,0454138;20,94600;0,05800;0,01500;0,0005382;;1674,02;425,00;;;
;;426;20,94600;0,05800;0,002000;126,900;100,37;1635,8900;0,000;100,076;43,000;0,005;303,150;302,050;26,20;320,317;263,170;0,000;44,500;49,000;48,000;302,050;;;;;0,00;0,00;0,00;3,00;3,11;15,458;26,366;0,58;0,58;999998,00;999998,00;999998,00;999998,00;999998,00;999998,00;999998,00;999998,00;999998,00;999998,00;999998,00;999998,00;999998,00;999998,00;999998,00;;;;;;;;;;;;;;;;;4,2000;0,00000;0,0000;0,00000000;0,00000000;0,00323;Infinity;2,2284;27,820855;-0,002933;23,879670;23,793021;-0,0006;-0,0693;0,00;0,00;0,00;0,00;0,48;;5,226;5,200;0,0371110;20,94600;0,05900;0,02100;0,0004496;;1674,02;426,00;;;
;;427;20,94800;0,05800;0,009000;126,325;100,37;1635,8900;0,000;100,076;43,100;0,005;303,050;302,050;26,20;320,283;263,164;0,000;44,400;49,000;48,000;302,050;;;;;0,00;0,00;0,00;3,00;3,11;15,349;26,358;0,58;0,58;999998,00;999998,00;999998,00;999998,00;999998,00;999998,00;999998,00;999998,00;999998,00;999998,00;999998,00;999998,00;999998,00;999998,00;999998,00;;;;;;;;;;;;;;;;;5,5331;0,00000;0,0000;0,00000000;0,00000000;-0,00046;Infinity;2,2339;27,762334;-0,002967;23,821578;23,742972;-0,0006;-0,0699;0,00;0,00;0,00;0,00;0,44;;5,225;5,201;0,0488908;20,94700;0,05800;0,00600;0,0005917;;1674,02;427,00;;;
;;428;20,94800;0,05900;-0,011000;127,600;100,37;1635,8900;0,000;100,080;43,000;0,005;303,050;302,050;26,20;320,317;263,170;0,000;44,500;49,000;48,000;302,050;;;;;0,00;0,00;0,00;3,00;3,11;15,404;26,345;0,58;0,58;999998,00;999998,00;999998,00;999998,00;999998,00;999998,00;999998,00;999998,00;999998,00;999998,00;999998,00;999998,00;999998,00;999998,00;999998,00;;;;;;;;;;;;;;;;;5,8014;0,00000;0,0000;0,00000000;0,00000000;-0,00120;Infinity;2,2397;27,902084;-0,002985;23,941491;23,862490;-0,0006;-0,0707;0,00;0,00;0,00;0,00;0,44;;5,226;5,201;0,0512614;20,94700;0,05900;0,00300;0,0006170;;1674,02;428,00;;;
;;429;20,94700;0,06000;-0,004000;132,050;100,37;1635,8900;0,000;100,084;43,100;0,005;303,050;301,950;26,20;320,283;263,170;0,000;44,500;48,900;48,000;302,050;;;;;0,00;0,00;0,00;3,00;3,11;15,378;26,371;0,58;0,58;999998,00;999998,00;999998,00;999998,00;999998,00;999998,00;999998,00;999998,00;999998,00;999998,00;999998,00;999998,00;999998,00;999998,00;999998,00;;;;;;;;;;;;;;;;;5,6580;0,00000;0,0000;0,00000000;0,00000000;-0,00072;Infinity;2,2454;28,384451;-0,002967;24,355389;24,266984;-0,0006;-0,0715;0,00;0,00;0,00;0,00;0,45;;5,227;5,202;0,0499937;20,94700;0,05900;0,00500;0,0005917;;1674,02;429,00;;;
;;430;20,94700;0,05900;-0,008000;128,350;100,37;1635,8900;0,000;100,080;43,100;0,005;303,050;301,950;26,20;320,283;263,164;0,000;44,500;48,900;48,000;302,050;;;;;0,00;0,00;0,00;3,00;3,11;15,416;26,361;0,58;0,58;999998,00;999998,00;999998,00;999998,00;999998,00;999998,00;999998,00;999998,00;999998,00;999998,00;999998,00;999998,00;999998,00;999998,00;999998,00;;;;;;;;;;;;;;;;;5,8185;0,00000;0,0000;-0,00083415;-0,00083415;-0,00120;-4,45001;2,2512;27,983965;-0,002984;24,011750;23,924593;-0,0006;-0,0709;0,00;0,00;0,00;0,00;0,44;;5,229;5,202;0,0514118;20,94700;0,05900;0,00300;0,0006170;;1674,02;430,00;;;
;;431;20,94600;0,05800;-0,004000;126,325;100,38;1635,8900;0,000;100,076;43,100;0,005;303,050;301,950;26,20;320,283;263,164;0,000;44,500;48,900;48,000;302,050;;;;;0,00;0,00;0,00;3,00;3,11;15,412;26,361;0,58;0,58;999998,00;999998,00;999998,00;999998,00;999998,00;999998,00;999998,00;999998,00;999998,00;999998,00;999998,00;999998,00;999998,00;999998,00;999998,00;;;;;;;;;;;;;;;;;5,1755;0,00000;0,0000;0,00500488;0,00500488;0,00028;0,65089;2,2564;27,762334;-0,003001;23,821578;23,735111;-0,0006;-0,0707;0,00;0,00;0,00;0,00;0,44;;5,229;5,203;0,0457305;20,94700;0,05800;0,00900;0,0005537;;1674,02;431,00;;;
;;432;20,94800;0,05800;0,003000;134,125;100,37;1635,8800;0,000;100,080;43,100;0,005;303,050;301,950;26,20;320,250;263,164;0,000;44,500;48,900;47,900;302,050;;;;;0,00;0,00;0,00;3,00;3,12;15,385;26,369;0,58;0,58;999998,00;999998,00;999998,00;999998,00;999998,00;999998,00;999998,00;999998,00;999998,00;999998,00;999998,00;999998,00;999998,00;999998,00;999998,00;;;;;;;;;;;;;;;;;4,7186;0,00000;-54,8046;0,01167806;0,01167806;0,00155;0,28744;2,2611;28,606596;-0,002983;24,546000;24,456904;-0,0006;-0,0724;0,00;0,00;0,00;0,00;0,45;;5,229;5,203;0,0416932;20,94700;0,05800;0,01400;0,0004905;;1674,01;432,00;;;
;;433;20,94600;0,05900;0,020000;130,250;100,37;1635,8700;0,000;100,076;43,100;0,005;303,050;301,950;26,20;320,250;263,164;0,000;44,500;48,900;47,900;302,050;;;;;0,00;0,00;0,00;3,00;3,12;15,347;26,371;0,58;0,58;999998,00;999998,00;999998,00;999998,00;999998,00;999998,00;999998,00;999998,00;999998,00;999998,00;999998,00;999998,00;999998,00;999998,00;999998,00;;;;;;;;;;;;;;;;;2,5910;0,00000;0,0000;0,00500488;0,00500488;0,00576;0,66093;2,2637;28,190332;-0,002982;24,188823;24,101024;-0,0006;-0,0714;0,00;0,00;0,01;0,00;0,45;;5,225;5,197;0,0228942;20,94700;0,05800;0,03100;0,0002753;;1674,00;433,00;;;
;;434;20,94800;0,05800;0,025000;125,900;100,38;1635,8700;0,000;100,076;43,100;0,005;303,050;302,050;26,20;320,283;263,164;0,000;44,600;48,900;47,900;302,050;;;;;0,00;0,00;0,00;3,00;3,12;15,376;26,345;0,58;0,58;999998,00;999998,00;999998,00;999998,00;999998,00;999998,00;999998,00;999998,00;999998,00;999998,00;999998,00;999998,00;999998,00;999998,00;999998,00;;;;;;;;;;;;;;;;;3,3506;0,00000;0,0000;-0,00083415;-0,00083415;0,00493;-4,40735;2,2670;27,715593;-0,003016;23,781472;23,702998;-0,0006;-0,0710;0,00;0,00;0,00;0,00;0,47;;5,220;5,197;0,0296059;20,94600;0,05900;0,02800;0,0003610;;1674,00;434,00;;;
;;435;20,94600;0,05800;0,030000;127,300;100,38;1635,8700;0,000;100,076;43,100;0,005;303,050;302,050;26,20;320,283;263,164;0,000;44,600;48,900;47,900;302,050;;;;;0,00;0,00;0,00;3,00;3,12;15,362;26,361;0,58;0,58;999998,00;999998,00;999998,00;999998,00;999998,00;999998,00;999998,00;999998,00;999998,00;999998,00;999998,00;999998,00;999998,00;999998,00;999998,00;;;;;;;;;;;;;;;;;5,5240;0,00000;0,0000;-0,00082397;-0,00082397;0,00052;-4,48650;2,2726;27,869265;-0,003033;23,913331;23,834422;-0,0006;-0,0718;0,00;0,00;0,00;0,00;0,48;;5,218;5,192;0,0488101;20,94600;0,05900;0,01000;0,0005888;;1674,00;435,00;;;
;;436;20,94700;0,05900;0,015000;121,100;100,37;1635,8700;0,000;100,076;43,100;0,005;303,050;302,050;26,20;320,283;263,164;0,000;44,600;48,900;47,900;302,050;;;;;0,00;0,00;0,00;3,00;3,12;15,370;26,371;0,58;0,58;999998,00;999998,00;999998,00;999998,00;999998,00;999998,00;999998,00;999998,00;999998,00;999998,00;999998,00;999998,00;999998,00;999998,00;999998,00;;;;;;;;;;;;;;;;;4,7179;0,00000;0,0000;0,00576782;0,00576782;0,00075;0,62513;2,2773;27,182124;-0,002980;23,323727;23,246763;-0,0006;-0,0688;0,00;0,00;0,00;0,00;0,43;;5,218;5,192;0,0416872;20,94700;0,05900;0,01100;0,0005158;;1674,00;436,00;;;
;;437;20,94600;0,05800;0,021000;125,175;100,37;1635,8601;0,000;100,076;43,100;0,005;303,050;302,050;26,20;320,250;263,164;0,000;44,500;48,900;47,900;302,050;;;;;0,00;0,00;0,00;3,00;3,12;15,378;26,361;0,58;0,58;999998,00;999998,00;999998,00;999998,00;999998,00;999998,00;999998,00;999998,00;999998,00;999998,00;999998,00;999998,00;999998,00;999998,00;999998,00;;;;;;;;;;;;;;;;;7,1389;0,00000;0,0000;0,00576782;0,00576782;-0,00289;0,63556;2,2844;27,635678;-0,002893;23,712900;23,634653;-0,0006;-0,0679;0,00;0,00;0,00;0,00;0,47;;5,219;5,197;0,0630792;20,94600;0,05900;-0,00400;0,0007659;;1673,99;437,00;;;
;;438;20,94600;0,05900;0,006000;130,025;100,36;1635,8601;0,000;100,076;43,100;0,005;303,050;302,050;26,20;320,217;263,164;0,000;44,500;48,800;47,900;302,050;;;;;0,00;0,00;0,00;3,00;3,12;15,385;26,374;0,58;0,58;999998,00;999998,00;999998,00;999998,00;999998,00;999998,00;999998,00;999998,00;999998,00;999998,00;999998,00;999998,00;999998,00;999998,00;999998,00;;;;;;;;;;;;;;;;;5,2515;0,00000;0,0000;0,00000000;0,00000000;0,00003;Infinity;2,2897;28,165972;-0,002874;24,167921;24,088172;-0,0006;-0,0687;0,00;0,00;0,00;0,00;0,45;;5,222;5,197;0,0464026;20,94700;0,05900;0,00800;0,0005537;;1673,99;438,00;;;
;;439;20,94700;0,05900;0,003000;126,475;100,37;1635,8601;0,000;100,076;43,100;0,005;303,050;302,050;26,20;320,217;263,164;0,000;44,500;48,800;47,900;302,050;;;;;0,00;0,00;0,00;3,00;3,13;15,385;26,358;0,58;0,58;999998,00;999998,00;999998,00;999998,00;999998,00;999998,00;999998,00;999998,00;999998,00;999998,00;999998,00;999998,00;999998,00;999998,00;999998,00;;;;;;;;;;;;;;;;;5,1793;0,00000;0,0000;-0,00576782;-0,00576782;0,00003;-0,63885;2,2948;27,778812;-0,002908;23,835717;23,757064;-0,0006;-0,0686;0,00;0,00;0,00;0,00;0,44;;5,222;5,202;0,0457647;20,94700;0,05900;0,00800;0,0005537;;1673,99;439,00;;;
;;440;20,94700;0,05900;0,005000;129,325;100,36;1635,8700;0,000;100,070;43,100;0,005;303,050;302,050;26,20;320,183;263,164;0,000;44,500;48,800;47,800;302,050;;;;;0,00;0,00;0,00;3,00;3,13;15,378;26,371;0,58;0,58;999998,00;999998,00;999998,00;999998,00;999998,00;999998,00;999998,00;999998,00;999998,00;999998,00;999998,00;999998,00;999998,00;999998,00;999998,00;;;;;;;;;;;;;;;;;6,6210;0,00000;0,0000;-0,00576782;-0,00576782;-0,00021;-0,57147;2,3015;28,090053;-0,002872;24,102779;24,023245;-0,0006;-0,0685;0,00;0,00;0,00;0,00;0,52;;5,223;5,202;0,0585036;20,94500;0,05800;0,00700;0,0006998;;1674,00;440,00;;;
;;441;20,94700;0,05800;0,003000;129,400;100,36;1635,8700;0,000;100,076;43,100;0,005;303,050;302,050;26,20;320,183;263,164;0,000;44,500;48,800;47,800;302,050;;;;;0,00;0,00;0,00;3,00;3,13;15,385;26,374;0,58;0,58;999998,00;999998,00;999998,00;999998,00;999998,00;999998,00;999998,00;999998,00;999998,00;999998,00;999998,00;999998,00;999998,00;999998,00;999998,00;;;;;;;;;;;;;;;;;5,2381;0,00000;0,0000;0,00082397;0,00082397;0,00028;4,00143;2,3067;28,098196;-0,002871;24,109766;24,030209;-0,0006;-0,0685;0,00;0,00;0,00;0,00;0,45;;5,225;5,202;0,0462837;20,94700;0,05800;0,00900;0,0005537;;1674,00;441,00;;;
;;442;20,94700;0,05800;0,009000;131,350;100,37;1635,8700;0,000;100,070;43,100;0,005;303,050;302,050;26,20;320,150;263,164;0,000;44,400;48,800;47,800;302,050;;;;;0,00;0,00;0,00;3,00;3,13;15,368;26,374;0,58;0,58;999998,00;999998,00;999998,00;999998,00;999998,00;999998,00;999998,00;999998,00;999998,00;999998,00;999998,00;999998,00;999998,00;999998,00;999998,00;;;;;;;;;;;;;;;;;5,9751;0,00000;0,0000;0,00000000;0,00000000;0,00003;Infinity;2,3127;28,309118;-0,002903;24,290749;24,210595;-0,0006;-0,0698;0,00;0,00;0,00;0,00;0,48;;5,226;5,202;0,0527957;20,94600;0,05800;0,00800;0,0006267;;1674,00;442,00;;;
;;443;20,94700;0,05800;0,014000;129,200;100,36;1635,8700;0,000;100,080;43,100;0,005;303,050;302,050;26,20;320,150;263,164;0,000;44,400;48,800;47,800;302,050;;;;;0,00;0,00;0,00;3,00;3,13;15,374;26,353;0,58;0,58;999998,00;999998,00;999998,00;999998,00;999998,00;999998,00;999998,00;999998,00;999998,00;999998,00;999998,00;999998,00;999998,00;999998,00;999998,00;;;;;;;;;;;;;;;;;4,9929;0,00000;0,0000;-0,00082397;-0,00082397;0,00078;-3,99833;2,3177;28,076474;-0,002833;24,091127;24,011632;-0,0006;-0,0675;0,00;0,00;0,00;0,00;0,45;;5,226;5,201;0,0441171;20,94700;0,05800;0,01100;0,0005284;;1674,00;443,00;;;
;;444;20,94700;0,05900;0,031000;128,850;100,37;1635,8700;0,000;100,080;43,100;0,005;303,050;302,050;26,20;320,150;263,164;0,000;44,400;48,800;47,800;302,050;;;;;0,00;0,00;0,00;3,00;3,13;15,362;26,361;0,58;0,58;999998,00;999998,00;999998,00;999998,00;999998,00;999998,00;999998,00;999998,00;999998,00;999998,00;999998,00;999998,00;999998,00;999998,00;999998,00;;;;;;;;;;;;;;;;;4,4155;0,00000;0,0000;0,00576782;0,00576782;0,00078;0,57042;2,3221;28,038419;-0,002969;24,058474;23,979086;-0,0006;-0,0707;0,00;0,00;0,00;0,00;0,41;;5,225;5,201;0,0390152;20,94800;0,05800;0,01100;0,0004680;;1674,00;444,00;;;
;;445;20,94700;0,05900;0,028000;127,800;100,37;1635,8601;0,000;100,076;43,100;0,005;303,050;302,050;26,20;320,150;263,164;0,000;44,400;48,800;47,800;302,050;;;;;0,00;0,00;0,00;3,00;3,13;15,378;26,358;0,58;0,58;999998,00;999998,00;999998,00;999998,00;999998,00;999998,00;999998,00;999998,00;999998,00;999998,00;999998,00;999998,00;999998,00;999998,00;999998,00;;;;;;;;;;;;;;;;;3,7663;0,00000;0,0000;0,00576782;0,00576782;0,00324;0,56809;2,3259;27,923943;-0,002950;23,960248;23,881184;-0,0006;-0,0699;0,00;0,00;0,00;0,00;0,44;;5,222;5,198;0,0332791;20,94700;0,05800;0,02100;0,0004019;;1673,99;445,00;;;
;;446;20,94600;0,05900;0,010000;126,975;100,38;1635,8601;0,000;100,076;43,100;0,005;303,050;301,950;26,20;320,117;263,164;0,000;44,400;48,700;47,800;302,050;;;;;0,00;0,00;0,00;3,00;3,14;15,368;26,382;0,58;0,58;999998,00;999998,00;999998,00;999998,00;999998,00;999998,00;999998,00;999998,00;999998,00;999998,00;999998,00;999998,00;999998,00;999998,00;999998,00;;;;;;;;;;;;;;;;;5,2779;0,00000;0,0000;-0,00082397;-0,00082397;0,00102;-4,48075;2,3311;27,833667;-0,003017;23,882786;23,796097;-0,0006;-0,0713;0,00;0,00;0,00;0,00;0,48;;5,221;5,198;0,0466353;20,94600;0,05900;0,01200;0,0005635;;1673,99;446,00;;;
;;447;20,94600;0,05900;0,011000;126,825;100,37;1635,8601;0,000;100,076;43,100;0,005;303,050;301,950;26,20;320,117;263,164;0,000;44,400;48,700;47,800;302,050;;;;;0,00;0,00;0,00;3,00;3,14;15,385;26,401;0,58;0,58;999998,00;999998,00;999998,00;999998,00;999998,00;999998,00;999998,00;999998,00;999998,00;999998,00;999998,00;999998,00;999998,00;999998,00;999998,00;;;;;;;;;;;;;;;;;6,6770;0,00000;0,0000;0,00000000;0,00000000;-0,00070;Infinity;2,3378;27,817222;-0,002981;23,868675;23,782037;-0,0006;-0,0704;0,00;0,00;0,00;0,00;0,51;;5,223;5,198;0,0589977;20,94500;0,05900;0,00500;0,0007124;;1673,99;447,00;;;
;;448;20,94700;0,05900;-0,004000;127,675;100,37;1635,8601;0,000;100,080;43,100;0,005;303,050;301,950;26,20;320,050;263,164;0,000;44,300;48,700;47,700;302,050;;;;;0,00;0,00;0,00;3,00;3,14;15,378;26,382;0,58;0,58;999998,00;999998,00;999998,00;999998,00;999998,00;999998,00;999998,00;999998,00;999998,00;999998,00;999998,00;999998,00;999998,00;999998,00;999998,00;;;;;;;;;;;;;;;;;5,6833;0,00000;0,0000;0,00000000;0,00000000;-0,00095;Infinity;2,3435;27,910283;-0,002927;23,948527;23,861599;-0,0006;-0,0693;0,00;0,00;0,00;0,00;0,44;;5,225;5,198;0,0502175;20,94700;0,05900;0,00400;0,0006043;;1673,99;448,00;;;
;;449;20,94600;0,05900;0,008000;127,775;100,38;1635,8601;0,000;100,076;43,100;0,005;303,050;301,950;26,20;320,050;263,164;0,000;44,300;48,700;47,700;302,050;;;;;0,00;0,00;0,00;3,00;3,14;15,391;26,355;0,58;0,58;999998,00;999998,00;999998,00;999998,00;999998,00;999998,00;999998,00;999998,00;999998,00;999998,00;999998,00;999998,00;999998,00;999998,00;999998,00;;;;;;;;;;;;;;;;;7,0928;0,00000;0,0000;0,00000000;0,00000000;-0,00268;Infinity;2,3506;27,921211;-0,002995;23,957903;23,870942;-0,0006;-0,0710;0,00;0,00;0,00;0,00;0,48;;5,227;5,205;0,0626719;20,94600;0,05900;-0,00300;0,0007532;;1673,99;449,00;;;
;;450;20,94700;0,05800;0,008000;123,525;100,37;1635,8601;0,000;100,076;43,100;0,005;302,950;301,950;26,20;320,050;263,164;0,000;44,300;48,700;47,700;302,050;;;;;0,00;0,00;0,00;3,00;3,14;15,437;26,366;0,58;0,58;999998,00;999998,00;999998,00;999998,00;999998,00;999998,00;999998,00;999998,00;999998,00;999998,00;999998,00;999998,00;999998,00;999998,00;999998,00;;;;;;;;;;;;;;;;;8,2093;0,00000;0,0000;0,00000000;0,00000000;-0,00263;Infinity;2,3588;27,457464;-0,002958;23,552209;23,474466;-0,0006;-0,0689;0,00;0,00;0,00;0,00;0,54;;5,233;5,205;0,0725372;20,94400;0,05800;-0,00300;0,0008866;;1673,99;450,00;;;
;;451;20,94700;0,05800;0,007000;132,600;100,37;1635,8601;0,000;100,076;43,100;0,005;302,950;301,950;26,20;320,050;263,164;0,000;44,300;48,700;47,700;302,050;;;;;0,00;0,00;0,00;3,00;3,14;15,400;26,377;0,58;0,58;999998,00;999998,00;999998,00;999998,00;999998,00;999998,00;999998,00;999998,00;999998,00;999998,00;999998,00;999998,00;999998,00;999998,00;999998,00;;;;;;;;;;;;;;;;;6,3398;0,00000;0,0000;0,00000000;0,00000000;0,00028;Infinity;2,3651;28,448197;-0,002956;24,402031;24,321483;-0,0006;-0,0714;0,00;0,00;0,00;0,00;0,52;;5,237;5,212;0,0560188;20,94500;0,05900;0,00900;0,0006618;;1673,99;451,00;;;
;;452;20,94500;0,05800;0,009000;125,225;100,36;1635,8601;0,000;100,076;43,100;0,005;302,950;301,950;26,20;320,050;263,164;0,000;44,300;48,700;47,700;302,050;;;;;0,00;0,00;0,00;3,00;3,14;15,391;26,374;0,58;0,58;999998,00;999998,00;999998,00;999998,00;999998,00;999998,00;999998,00;999998,00;999998,00;999998,00;999998,00;999998,00;999998,00;999998,00;999998,00;;;;;;;;;;;;;;;;;4,6486;0,00000;0,0000;0,00000000;0,00000000;0,00223;Infinity;2,3698;27,645758;-0,002834;23,713722;23,635446;-0,0006;-0,0665;0,00;0,00;0,00;0,00;0,47;;5,238;5,212;0,0410747;20,94600;0,05900;0,01700;0,0005002;;1673,99;452,00;;;
;;453;20,94700;0,05800;0,008000;128,875;100,37;1635,8601;0,000;100,076;43,100;0,005;302,950;301,950;26,20;320,017;263,164;0,000;44,300;48,600;47,700;302,050;;;;;0,00;0,00;0,00;3,00;3,15;15,349;26,361;0,58;0,58;999998,00;999998,00;999998,00;999998,00;999998,00;999998,00;999998,00;999998,00;999998,00;999998,00;999998,00;999998,00;999998,00;999998,00;999998,00;;;;;;;;;;;;;;;;;3,2127;0,00000;0,0000;0,00000000;0,00000000;0,00300;Infinity;2,3730;28,045766;-0,002936;24,056838;23,977429;-0,0006;-0,0699;0,00;0,00;0,00;0,00;0,41;;5,235;5,210;0,0283872;20,94800;0,05900;0,02000;0,0003415;;1673,99;453,00;;;
;;454;20,94600;0,05800;0,011000;128,525;100,37;1635,8601;0,000;100,076;43,100;0,005;302,950;301,950;26,20;320,050;263,164;0,000;44,300;48,700;47,700;302,050;;;;;0,00;0,00;0,00;3,00;3,15;15,400;26,371;0,58;0,58;999998,00;999998,00;999998,00;999998,00;999998,00;999998,00;999998,00;999998,00;999998,00;999998,00;999998,00;999998,00;999998,00;999998,00;999998,00;;;;;;;;;;;;;;;;;2,1244;0,00000;0,0000;0,00000000;0,00000000;0,00547;Infinity;2,3751;28,007657;-0,002934;24,024149;23,944848;-0,0006;-0,0697;0,00;0,00;0,01;0,00;0,41;;5,229;5,210;0,0187710;20,94800;0,05800;0,03000;0,0002275;;1673,99;454,00;;;
;;455;20,94700;0,05800;0,011000;128,950;100,37;1635,8601;0,000;100,076;43,100;0,005;302,950;301,950;26,20;320,050;263,164;0,000;44,300;48,700;47,700;302,050;;;;;0,00;0,00;0,00;3,00;3,15;15,355;26,382;0,58;0,58;999998,00;999998,00;999998,00;999998,00;999998,00;999998,00;999998,00;999998,00;999998,00;999998,00;999998,00;999998,00;999998,00;999998,00;999998,00;;;;;;;;;;;;;;;;;4,3864;0,00000;0,0000;-0,00083415;-0,00083415;0,00201;-3,94639;2,3795;28,053927;-0,002932;24,063837;23,984406;-0,0006;-0,0698;0,00;0,00;0,00;0,00;0,44;;5,225;5,204;0,0387582;20,94700;0,05800;0,01600;0,0004651;;1673,99;455,00;;;
;;456;20,94800;0,05900;0,021000;129,025;100,37;1635,8601;0,000;100,076;43,100;0,005;302,950;301,950;26,20;319,983;263,164;0,000;44,200;48,600;47,700;302,050;;;;;0,00;0,00;0,00;3,00;3,15;15,370;26,361;0,58;0,58;999998,00;999998,00;999998,00;999998,00;999998,00;999998,00;999998,00;999998,00;999998,00;999998,00;999998,00;999998,00;999998,00;999998,00;999998,00;;;;;;;;;;;;;;;;;2,8204;0,00000;0,0000;0,00583903;0,00583903;0,00523;0,56393;2,3823;28,062083;-0,002913;24,070834;23,991379;-0,0006;-0,0694;0,00;0,00;0,01;0,00;0,45;;5,221;5,204;0,0249210;20,94700;0,05800;0,02900;0,0003006;;1673,99;456,00;;;
;;457;20,94700;0,05900;0,012000;127,700;100,38;1635,8501;0,000;100,076;43,100;0,005;302,950;301,950;26,20;320,017;263,164;0,000;44,300;48,700;47,600;302,050;;;;;0,00;0,00;0,00;3,00;3,15;15,404;26,366;0,58;0,58;999998,00;999998,00;999998,00;999998,00;999998,00;999998,00;999998,00;999998,00;999998,00;999998,00;999998,00;999998,00;999998,00;999998,00;999998,00;;;;;;;;;;;;;;;;;5,0532;0,00000;0,0000;0,00583903;0,00583903;0,00176;0,56103;2,3874;27,917622;-0,002998;23,946919;23,867874;-0,0006;-0,0710;0,00;0,00;0,00;0,00;0,48;;5,218;5,202;0,0446500;20,94600;0,05800;0,01500;0,0005382;;1673,98;457,00;;;
;;458;20,94600;0,05900;0,005000;128,075;100,38;1635,8501;0,000;100,080;43,100;0,005;302,950;301,950;26,20;319,983;263,164;0,000;44,300;48,600;47,600;302,050;;;;;0,00;0,00;0,00;3,00;3,15;15,383;26,369;0,58;0,58;999998,00;999998,00;999998,00;999998,00;999998,00;999998,00;999998,00;999998,00;999998,00;999998,00;999998,00;999998,00;999998,00;999998,00;999998,00;;;;;;;;;;;;;;;;;5,1807;0,00000;0,0000;-0,00083415;-0,00083415;0,00151;-3,93298;2,3926;27,958583;-0,002996;23,982054;23,902892;-0,0006;-0,0711;0,00;0,00;0,00;0,00;0,48;;5,218;5,202;0,0457765;20,94600;0,05800;0,01400;0,0005508;;1673,98;458,00;;;
;;459;20,94500;0,05900;0,004000;125,225;100,38;1635,8501;0,000;100,076;43,100;0,005;302,950;301,950;26,20;319,983;263,164;0,000;44,200;48,700;47,600;302,050;;;;;0,00;0,00;0,00;3,00;3,15;15,387;26,390;0,58;0,58;999998,00;999998,00;999998,00;999998,00;999998,00;999998,00;999998,00;999998,00;999998,00;999998,00;999998,00;999998,00;999998,00;999998,00;999998,00;;;;;;;;;;;;;;;;;5,8668;0,00000;0,0000;0,00000000;0,00000000;-0,00143;Infinity;2,3984;27,645758;-0,002995;23,713722;23,635446;-0,0006;-0,0703;0,00;0,00;0,00;0,00;0,44;;5,219;5,203;0,0518394;20,94700;0,05900;0,00200;0,0006296;;1673,98;459,00;;;
;;460;20,94700;0,05800;-0,003000;130,725;100,38;1635,8501;0,000;100,080;43,100;0,005;302,950;301,950;26,20;319,983;263,158;0,000;44,200;48,700;47,600;302,050;;;;;0,00;0,00;0,00;3,00;3,16;15,368;26,382;0,58;0,58;999998,00;999998,00;999998,00;999998,00;999998,00;999998,00;999998,00;999998,00;999998,00;999998,00;999998,00;999998,00;999998,00;999998,00;999998,00;;;;;;;;;;;;;;;;;6,9637;0,00000;0,0000;0,00000000;0,00000000;-0,00321;Infinity;2,4054;28,246347;-0,003028;24,228890;24,148914;-0,0006;-0,0726;0,00;0,00;0,00;0,00;0,45;;5,222;5,203;0,0615308;20,94700;0,05800;-0,00500;0,0007308;;1673,98;460,00;;;
;;461;20,94600;0,05900;-0,003000;125,400;100,38;1635,8501;0,000;100,078;43,100;0,005;302,950;301,850;26,20;319,983;263,164;0,000;44,200;48,700;47,600;302,050;;;;;0,00;0,00;0,00;3,00;3,16;15,370;26,374;0,58;0,58;999998,00;999998,00;999998,00;999998,00;999998,00;999998,00;999998,00;999998,00;999998,00;999998,00;999998,00;999998,00;999998,00;999998,00;999998,00;;;;;;;;;;;;;;;;;5,5146;0,00000;0,0000;0,00000000;0,00000000;-0,00070;Infinity;2,4109;27,665068;-0,002992;23,730286;23,644122;-0,0006;-0,0702;0,00;0,00;0,00;0,00;0,44;;5,224;5,205;0,0487266;20,94700;0,05900;0,00500;0,0005917;;1673,98;461,00;;;
;;462;20,94400;0,05900;0,009000;127,275;100,37;1635,8501;0,000;100,076;43,100;0,005;302,950;301,850;26,20;319,983;263,158;0,000;44,200;48,700;47,600;302,050;;;;;0,00;0,00;0,00;3,00;3,16;15,376;26,379;0,58;0,58;999998,00;999998,00;999998,00;999998,00;999998,00;999998,00;999998,00;999998,00;999998,00;999998,00;999998,00;999998,00;999998,00;999998,00;999998,00;;;;;;;;;;;;;;;;;5,6745;0,00000;0,0000;-0,00083415;-0,00083415;-0,00071;-3,92066;2,4166;27,871126;-0,002956;23,907037;23,820231;-0,0006;-0,0699;0,00;0,00;0,00;0,00;0,44;;5,225;5,205;0,0501399;20,94700;0,05800;0,00500;0,0006043;;1673,98;462,00;;;
;;463;20,94500;0,05900;0,017000;132,250;100,38;1635,8501;0,000;100,070;43,100;0,005;302,950;301,850;26,20;319,950;263,158;0,000;44,200;48,600;47,600;302,050;;;;;0,00;0,00;0,00;3,00;3,16;15,368;26,401;0,58;0,58;999998,00;999998,00;999998,00;999998,00;999998,00;999998,00;999998,00;999998,00;999998,00;999998,00;999998,00;999998,00;999998,00;999998,00;999998,00;;;;;;;;;;;;;;;;;3,7099;0,00000;0,0000;0,00583903;0,00583903;0,00354;0,57094;2,4203;28,410627;-0,002990;24,369805;24,281319;-0,0006;-0,0721;0,00;0,00;0,00;0,00;0,45;;5,223;5,202;0,0327807;20,94700;0,05800;0,02200;0,0003892;;1673,98;463,00;;;
;;464;20,94600;0,05800;0,020000;128,500;100,36;1635,8401;0,000;100,070;43,100;0,005;302,950;301,850;26,30;319,950;263,158;0,000;44,200;48,600;47,600;302,050;;;;;0,00;0,00;0,00;3,00;3,16;15,351;26,393;0,58;0,58;999998,00;999998,00;999998,00;999998,00;999998,00;999998,00;999998,00;999998,00;999998,00;999998,00;999998,00;999998,00;999998,00;999998,00;999998,00;;;;;;;;;;;;;;;;;5,3410;0,00000;0,0000;0,00583903;0,00583903;0,00003;0,56278;2,4256;28,004933;-0,002886;24,021812;23,934590;-0,0006;-0,0686;0,00;0,00;0,00;0,00;0,44;;5,222;5,202;0,0471928;20,94700;0,05800;0,00800;0,0005664;;1673,97;464,00;;;
;;465;20,94800;0,05800;0,030000;129,250;100,36;1635,8401;0,000;100,068;43,100;0,005;302,950;301,850;26,20;319,917;263,158;0,000;44,200;48,600;47,500;302,050;;;;;0,00;0,00;0,00;3,00;3,16;15,328;26,385;0,58;0,57;999998,00;999998,00;999998,00;999998,00;999998,00;999998,00;999998,00;999998,00;999998,00;999998,00;999998,00;999998,00;999998,00;999998,00;999998,00;;;;;;;;;;;;;;;;;2,6131;0,00000;0,0000;-0,00083415;-0,00083415;0,00450;-3,95096;2,4282;28,086540;-0,002885;24,091812;24,004336;-0,0006;-0,0687;0,00;0,00;0,00;0,00;0,41;;5,219;5,194;0,0230897;20,94800;0,05800;0,02600;0,0002782;;1673,97;465,00;;;
;;466;20,94800;0,05800;0,016000;123,475;100,37;1635,8401;0,000;100,070;43,100;0,005;302,950;301,850;26,20;319,883;263,158;0,000;44,100;48,600;47,500;302,050;;;;;0,00;0,00;0,00;3,00;3,16;15,334;26,371;0,58;0,57;999998,00;999998,00;999998,00;999998,00;999998,00;999998,00;999998,00;999998,00;999998,00;999998,00;999998,00;999998,00;999998,00;999998,00;999998,00;;;;;;;;;;;;;;;;;5,2355;0,00000;0,0000;0,00000000;0,00000000;0,00003;Infinity;2,4335;27,451905;-0,002936;23,547441;23,461941;-0,0006;-0,0684;0,00;0,00;0,00;0,00;0,44;;5,216;5,194;0,0462609;20,94700;0,05800;0,00800;0,0005664;;1673,97;466,00;;;
;;467;20,94700;0,05800;0,029000;127,550;100,36;1635,8401;0,000;100,076;43,100;0,005;302,950;301,850;26,30;319,883;263,158;0,000;44,100;48,600;47,500;302,050;;;;;0,00;0,00;0,00;3,00;3,17;15,397;26,385;0,58;0,57;999998,00;999998,00;999998,00;999998,00;999998,00;999998,00;999998,00;999998,00;999998,00;999998,00;999998,00;999998,00;999998,00;999998,00;999998,00;;;;;;;;;;;;;;;;;5,0807;0,00000;0,0000;0,00000000;0,00000000;0,00077;Infinity;2,4386;27,901221;-0,002884;23,932851;23,845952;-0,0006;-0,0683;0,00;0,00;0,00;0,00;0,44;;5,216;5,188;0,0448934;20,94700;0,05700;0,01100;0,0005411;;1673,97;467,00;;;
;;468;20,94700;0,05800;0,015000;132,100;100,36;1635,8401;0,000;100,070;43,100;0,005;302,950;301,850;26,20;319,883;263,158;0,000;44,100;48,600;47,500;302,050;;;;;0,00;0,00;0,00;3,00;3,17;15,378;26,382;0,58;0,57;999998,00;999998,00;999998,00;999998,00;999998,00;999998,00;999998,00;999998,00;999998,00;999998,00;999998,00;999998,00;999998,00;999998,00;999998,00;;;;;;;;;;;;;;;;;5,1722;0,00000;0,0000;0,00000000;0,00000000;0,00028;Infinity;2,4437;28,394511;-0,002884;24,355980;24,267545;-0,0006;-0,0695;0,00;0,00;0,00;0,00;0,45;;5,216;5,188;0,0457016;20,94700;0,05900;0,00900;0,0005411;;1673,97;468,00;;;
;;469;20,94600;0,05900;0,014000;124,250;100,37;1635,8401;0,000;100,070;43,100;0,005;302,850;301,850;26,20;319,850;263,158;0,000;44,100;48,500;47,500;302,050;;;;;0,00;0,00;0,00;3,00;3,17;15,372;26,387;0,58;0,57;999998,00;999998,00;999998,00;999998,00;999998,00;999998,00;999998,00;999998,00;999998,00;999998,00;999998,00;999998,00;999998,00;999998,00;999998,00;;;;;;;;;;;;;;;;;6,3179;0,00000;0,0000;0,00000000;0,00000000;-0,00240;Infinity;2,4501;27,542469;-0,002970;23,617325;23,539342;-0,0006;-0,0694;0,00;0,00;0,00;0,00;0,44;;5,217;5,190;0,0558254;20,94700;0,05900;-0,00200;0,0006802;;1673,97;469,00;;;
;;470;20,94600;0,05800;0,002000;127,300;100,36;1635,8401;0,000;100,070;43,100;0,005;302,950;301,850;26,20;319,850;263,158;0,000;44,100;48,500;47,500;302,050;;;;;0,00;0,00;0,00;3,00;3,17;15,378;26,382;0,58;0,57;999998,00;999998,00;999998,00;999998,00;999998,00;999998,00;999998,00;999998,00;999998,00;999998,00;999998,00;999998,00;999998,00;999998,00;999998,00;;;;;;;;;;;;;;;;;4,3590;0,00000;0,0000;-0,00083415;-0,00083415;0,00176;-4,43248;2,4544;27,873865;-0,002884;23,909385;23,822572;-0,0006;-0,0682;0,00;0,00;0,00;0,00;0,44;;5,218;5,190;0,0385166;20,94700;0,05900;0,01500;0,0004651;;1673,97;470,00;;;
;;471;20,94700;0,05900;-0,005000;131,525;100,37;1635,8401;0,000;100,076;43,100;0,005;302,950;301,850;26,20;319,850;263,158;0,000;44,100;48,500;47,500;302,050;;;;;0,00;0,00;0,00;3,00;3,17;15,378;26,382;0,58;0,57;999998,00;999998,00;999998,00;999998,00;999998,00;999998,00;999998,00;999998,00;999998,00;999998,00;999998,00;999998,00;999998,00;999998,00;999998,00;;;;;;;;;;;;;;;;;7,1965;0,00000;0,0000;0,00583903;0,00583903;-0,00247;0,56937;2,4616;28,332645;-0,002971;24,302914;24,214671;-0,0006;-0,0714;0,00;0,00;0,00;0,00;0,48;;5,219;5,197;0,0635881;20,94600;0,05800;-0,00200;0,0007532;;1673,97;471,00;;;
;;472;20,94700;0,05800;0,005000;128,375;100,37;1635,8301;0,000;100,070;43,100;0,005;302,850;301,850;26,20;319,817;263,158;0,000;44,000;48,500;47,500;302,050;;;;;0,00;0,00;0,00;3,00;3,17;15,385;26,398;0,58;0,57;999998,00;999998,00;999998,00;999998,00;999998,00;999998,00;999998,00;999998,00;999998,00;999998,00;999998,00;999998,00;999998,00;999998,00;999998,00;;;;;;;;;;;;;;;;;5,7007;0,00000;0,0000;0,00583903;0,00583903;-0,00096;0,63599;2,4673;27,995930;-0,002971;24,006162;23,926895;-0,0006;-0,0706;0,00;0,00;0,00;0,00;0,44;;5,221;5,197;0,0503716;20,94700;0,05900;0,00400;0,0006043;;1673,96;472,00;;;
;;473;20,94700;0,05800;0,005000;126,350;100,38;1635,8301;0,000;100,070;43,100;0,005;302,850;301,850;26,20;319,817;263,158;0,000;44,100;48,500;47,400;302,050;;;;;0,00;0,00;0,00;3,00;3,17;15,351;26,406;0,58;0,58;999998,00;999998,00;999998,00;999998,00;999998,00;999998,00;999998,00;999998,00;999998,00;999998,00;999998,00;999998,00;999998,00;999998,00;999998,00;;;;;;;;;;;;;;;;;4,0168;0,00000;0,0000;-0,00083415;-0,00083415;0,00126;-4,41664;2,4713;27,774247;-0,002989;23,816072;23,737433;-0,0006;-0,0704;0,00;0,00;0,00;0,00;0,41;;5,221;5,198;0,0354923;20,94800;0,05900;0,01300;0,0004301;;1673,96;473,00;;;
;;474;20,94700;0,05800;0,022000;130,950;100,38;1635,8301;0,000;100,070;43,100;0,005;302,850;301,850;26,30;319,783;263,158;0,000;44,000;48,500;47,400;302,050;;;;;0,00;0,00;0,00;3,00;3,18;15,339;26,398;0,58;0,58;999998,00;999998,00;999998,00;999998,00;999998,00;999998,00;999998,00;999998,00;999998,00;999998,00;999998,00;999998,00;999998,00;999998,00;999998,00;;;;;;;;;;;;;;;;;2,7203;0,00000;0,0000;0,00000000;0,00000000;0,00552;Infinity;2,4740;28,275313;-0,003008;24,245730;24,165672;-0,0006;-0,0722;0,00;0,00;0,01;0,00;0,45;;5,217;5,198;0,0240368;20,94700;0,05800;0,03000;0,0002879;;1673,96;474,00;;;
;;475;20,94700;0,05800;0,008000;127,500;100,38;1635,8301;0,000;100,070;43,100;0,005;302,950;301,850;26,30;319,783;263,158;0,000;44,000;48,500;47,400;302,050;;;;;0,00;0,00;0,00;3,00;3,18;15,372;26,398;0,58;0,58;999998,00;999998,00;999998,00;999998,00;999998,00;999998,00;999998,00;999998,00;999998,00;999998,00;999998,00;999998,00;999998,00;999998,00;999998,00;;;;;;;;;;;;;;;;;4,6898;0,00000;0,0000;0,00000000;0,00000000;0,00250;Infinity;2,4787;27,895752;-0,003044;23,928160;23,841278;-0,0006;-0,0720;0,00;0,00;0,00;0,00;0,48;;5,213;5,195;0,0414390;20,94600;0,05800;0,01800;0,0005002;;1673,96;475,00;;;
;;476;20,94700;0,05800;0,026000;124,675;100,38;1635,8301;0,000;100,070;43,100;0,005;302,950;301,850;26,30;319,750;263,158;0,000;44,000;48,400;47,400;302,050;;;;;0,00;0,00;0,00;3,00;3,18;15,341;26,387;0,58;0,58;999998,00;999998,00;999998,00;999998,00;999998,00;999998,00;999998,00;999998,00;999998,00;999998,00;999998,00;999998,00;999998,00;999998,00;999998,00;;;;;;;;;;;;;;;;;3,5710;0,00000;0,0000;0,00000000;0,00000000;0,00466;Infinity;2,4823;27,584980;-0,002994;23,661589;23,575674;-0,0006;-0,0701;0,00;0,00;0,00;0,00;0,47;;5,211;5,195;0,0315538;20,94600;0,05800;0,02700;0,0003863;;1673,96;476,00;;;
;;477;20,94800;0,05700;0,008000;130,375;100,38;1635,8301;0,000;100,070;43,100;0,005;302,950;301,850;26,30;319,783;263,158;0,000;44,000;48,500;47,400;302,050;;;;;0,00;0,00;0,00;3,00;3,18;15,364;26,409;0,58;0,58;999998,00;999998,00;999998,00;999998,00;999998,00;999998,00;999998,00;999998,00;999998,00;999998,00;999998,00;999998,00;999998,00;999998,00;999998,00;;;;;;;;;;;;;;;;;5,8643;0,00000;0,0000;-0,00083415;-0,00083415;-0,00096;-3,96812;2,4882;28,208509;-0,002995;24,196434;24,108577;-0,0006;-0,0717;0,00;0,00;0,00;0,00;0,45;;5,210;5,195;0,0518172;20,94700;0,05800;0,00400;0,0006170;;1673,96;477,00;;;
;;478;20,94700;0,05900;0,011000;125,225;100,38;1635,8301;0,000;100,070;43,100;0,005;302,850;301,850;26,30;319,750;263,158;0,000;44,000;48,400;47,400;302,050;;;;;0,00;0,00;0,00;3,00;3,18;15,364;26,409;0,58;0,58;999998,00;999998,00;999998,00;999998,00;999998,00;999998,00;999998,00;999998,00;999998,00;999998,00;999998,00;999998,00;999998,00;999998,00;999998,00;;;;;;;;;;;;;;;;;7,0541;0,00000;0,0000;0,00583903;0,00583903;-0,00363;0,55566;2,4952;27,650322;-0,003033;23,709808;23,631519;-0,0006;-0,0712;0,00;0,00;0,00;0,00;0,44;;5,213;5,195;0,0623300;20,94700;0,05800;-0,00700;0,0007561;;1673,96;478,00;;;
;;479;20,94700;0,05900;0,009000;131,825;100,37;1635,8201;0,000;100,070;43,100;0,005;302,850;301,850;26,30;319,750;263,158;0,000;44,000;48,400;47,400;302,050;;;;;0,00;0,00;0,00;3,00;3,18;15,399;26,406;0,58;0,58;999998,00;999998,00;999998,00;999998,00;999998,00;999998,00;999998,00;999998,00;999998,00;999998,00;999998,00;999998,00;999998,00;999998,00;999998,00;;;;;;;;;;;;;;;;;6,7822;0,00000;0,0000;0,00583903;0,00583903;-0,00397;0,57011;2,5020;28,369622;-0,002949;24,326599;24,246274;-0,0006;-0,0710;0,00;0,00;0,00;0,00;0,41;;5,216;5,200;0,0599277;20,94800;0,05800;-0,00800;0,0007084;;1673,95;479,00;;;
;;480;20,94700;0,05900;-0,002000;125,175;100,38;1635,8201;0,000;100,070;43,100;0,005;302,850;301,850;26,30;319,750;263,158;0,000;44,000;48,400;47,400;302,050;;;;;0,00;0,00;0,00;3,00;3,18;15,370;26,412;0,58;0,58;999998,00;999998,00;999998,00;999998,00;999998,00;999998,00;999998,00;999998,00;999998,00;999998,00;999998,00;999998,00;999998,00;999998,00;999998,00;;;;;;;;;;;;;;;;;5,5105;0,00000;0,0000;-0,00083415;-0,00083415;-0,00070;-4,39606;2,5075;27,644801;-0,003038;23,705074;23,626801;-0,0006;-0,0713;0,00;0,00;0,00;0,00;0,44;;5,218;5,200;0,0486909;20,94700;0,05900;0,00500;0,0005917;;1673,95;480,00;;;
;;481;20,94700;0,05800;0,015000;125,225;100,38;1635,8201;0,000;100,078;43,100;0,005;302,850;301,850;26,30;319,717;263,158;0,000;44,000;48,400;47,300;302,050;;;;;0,00;0,00;0,00;3,00;3,19;15,393;26,409;0,58;0,58;999998,00;999998,00;999998,00;999998,00;999998,00;999998,00;999998,00;999998,00;999998,00;999998,00;999998,00;999998,00;999998,00;999998,00;999998,00;;;;;;;;;;;;;;;;;5,3921;0,00000;0,0000;0,00000000;0,00000000;-0,00021;Infinity;2,5129;27,650322;-0,003007;23,709808;23,631519;-0,0006;-0,0705;0,00;0,00;0,00;0,00;0,44;;5,219;5,204;0,0476444;20,94700;0,05800;0,00700;0,0005790;;1673,95;481,00;;;
;;482;20,94700;0,05900;-0,002000;127,900;100,38;1635,8201;0,000;100,070;43,100;0,005;302,850;301,850;26,30;319,717;263,158;0,000;44,000;48,400;47,300;302,050;;;;;0,00;0,00;0,00;3,00;3,19;15,372;26,406;0,58;0,58;999998,00;999998,00;999998,00;999998,00;999998,00;999998,00;999998,00;999998,00;999998,00;999998,00;999998,00;999998,00;999998,00;999998,00;999998,00;;;;;;;;;;;;;;;;;4,4884;0,00000;0,0000;-0,00083415;-0,00083415;0,00201;-3,41819;2,5174;27,944088;-0,003044;23,961709;23,882588;-0,0006;-0,0722;0,00;0,00;0,00;0,00;0,44;;5,218;5,204;0,0396599;20,94700;0,05700;0,01600;0,0004778;;1673,95;482,00;;;
;;483;20,94600;0,05900;0,004000;129,525;100,37;1635,8201;0,000;100,076;43,100;0,005;302,850;301,850;26,30;319,717;263,158;0,000;44,000;48,400;47,300;302,050;;;;;0,00;0,00;0,00;3,00;3,19;15,358;26,406;0,58;0,58;999998,00;999998,00;999998,00;999998,00;999998,00;999998,00;999998,00;999998,00;999998,00;999998,00;999998,00;999998,00;999998,00;999998,00;999998,00;;;;;;;;;;;;;;;;;3,3405;0,00000;0,0000;0,00583903;0,00583903;0,00326;0,49141;2,5207;28,121046;-0,002961;24,113448;24,033826;-0,0006;-0,0707;0,00;0,00;0,00;0,00;0,41;;5,215;5,200;0,0295165;20,94800;0,05700;0,02100;0,0003541;;1673,95;483,00;;;
;;484;20,94700;0,05800;0,013000;132,000;100,38;1635,8101;0,000;100,076;43,100;0,005;302,850;301,850;26,30;319,717;263,158;0,000;44,000;48,400;47,300;302,050;;;;;0,00;0,00;0,00;3,00;3,19;15,379;26,417;0,58;0,58;999998,00;999998,00;999998,00;999998,00;999998,00;999998,00;999998,00;999998,00;999998,00;999998,00;999998,00;999998,00;999998,00;999998,00;999998,00;;;;;;;;;;;;;;;;;3,5270;0,00000;0,0000;0,00500488;0,00500488;0,00154;0,66557;2,5243;28,388447;-0,003051;24,342741;24,262362;-0,0006;-0,0735;0,00;0,00;0,00;0,00;0,38;;5,212;5,200;0,0311644;20,94900;0,05800;0,01400;0,0003697;;1673,94;484,00;;;
;;485;20,94800;0,05800;0,030000;130,450;100,38;1635,8101;0,000;100,070;43,100;0,005;302,850;301,850;26,30;319,717;263,158;0,000;44,000;48,400;47,300;302,050;;;;;0,00;0,00;0,00;3,00;3,19;15,370;26,382;0,58;0,58;999998,00;999998,00;999998,00;999998,00;999998,00;999998,00;999998,00;999998,00;999998,00;999998,00;999998,00;999998,00;999998,00;999998,00;999998,00;;;;;;;;;;;;;;;;;4,9869;0,00000;0,0000;0,00500488;0,00500488;0,00203;0,66165;2,5293;28,221280;-0,003038;24,199398;24,119492;-0,0006;-0,0728;0,00;0,00;0,00;0,00;0,48;;5,210;5,196;0,0440647;20,94600;0,05800;0,01600;0,0005255;;1673,94;485,00;;;
;;486;20,94700;0,05800;0,018000;128,975;100,39;1635,8000;0,000;100,070;43,100;0,005;302,850;301,850;26,30;319,683;263,158;0,000;43,900;48,400;47,300;302,050;;;;;0,00;0,00;0,00;3,00;3,19;15,389;26,412;0,58;0,58;999998,00;999998,00;999998,00;999998,00;999998,00;999998,00;999998,00;999998,00;999998,00;999998,00;999998,00;999998,00;999998,00;999998,00;999998,00;;;;;;;;;;;;;;;;;4,6286;0,00000;0,0000;0,00583903;0,00583903;0,00152;0,56392;2,5339;28,061278;-0,003094;24,062198;23,982745;-0,0007;-0,0737;0,00;0,00;0,00;0,00;0,45;;5,209;5,196;0,0408984;20,94700;0,05800;0,01400;0,0004905;;1673,93;486,00;;;
;;487;20,94600;0,05800;0,027000;126,225;100,39;1635,8000;0,000;100,078;43,100;0,005;302,850;301,750;26,30;319,683;263,158;0,000;44,000;48,300;47,300;302,050;;;;;0,00;0,00;0,00;3,00;3,19;15,370;26,414;0,58;0,58;999998,00;999998,00;999998,00;999998,00;999998,00;999998,00;999998,00;999998,00;999998,00;999998,00;999998,00;999998,00;999998,00;999998,00;999998,00;;;;;;;;;;;;;;;;;5,3832;0,00000;0,0000;-0,00083415;-0,00083415;0,00077;-4,41444;2,5393;27,760505;-0,003151;23,804288;23,717827;-0,0007;-0,0742;0,00;0,00;0,00;0,00;0,48;;5,209;5,196;0,0475662;20,94600;0,05900;0,01100;0,0005761;;1673,93;487,00;;;
;;488;20,94600;0,05800;0,004000;131,450;100,39;1635,8000;0,000;100,070;43,100;0,005;302,850;301,850;26,30;319,683;263,158;0,000;44,000;48,300;47,300;302,050;;;;;0,00;0,00;0,00;3,00;3,20;15,364;26,406;0,58;0,58;999998,00;999998,00;999998,00;999998,00;999998,00;999998,00;999998,00;999998,00;999998,00;999998,00;999998,00;999998,00;999998,00;999998,00;999998,00;;;;;;;;;;;;;;;;;5,4943;0,00000;0,0000;0,00000000;0,00000000;0,00053;Infinity;2,5448;28,329243;-0,003120;24,291974;24,211763;-0,0007;-0,0750;0,00;0,00;0,00;0,00;0,48;;5,209;5,196;0,0485479;20,94600;0,06000;0,01000;0,0005761;;1673,93;488,00;;;
;;489;20,94700;0,05800;-0,007000;123,125;100,39;1635,8000;0,000;100,070;43,100;0,005;302,850;301,850;26,30;319,683;263,158;0,000;44,000;48,300;47,300;302,050;;;;;0,00;0,00;0,00;3,00;3,20;15,343;26,398;0,58;0,58;999998,00;999998,00;999998,00;999998,00;999998,00;999998,00;999998,00;999998,00;999998,00;999998,00;999998,00;999998,00;999998,00;999998,00;999998,00;;;;;;;;;;;;;;;;;7,2881;0,00000;0,0000;0,00000000;0,00000000;-0,00239;Infinity;2,5520;27,417496;-0,003159;23,510163;23,432533;-0,0006;-0,0735;0,00;0,00;0,00;0,00;0,50;;5,211;5,201;0,0643972;20,94500;0,06000;-0,00200;0,0007883;;1673,93;489,00;;;
;;490;20,94700;0,05900;-0,008000;125,775;100,39;1635,8000;0,000;100,070;43,100;0,005;302,850;301,750;26,30;319,650;263,158;0,000;44,000;48,300;47,200;302,050;;;;;0,00;0,00;0,00;3,00;3,20;15,364;26,398;0,58;0,58;999998,00;999998,00;999998,00;999998,00;999998,00;999998,00;999998,00;999998,00;999998,00;999998,00;999998,00;999998,00;999998,00;999998,00;999998,00;;;;;;;;;;;;;;;;;6,4143;0,00000;0,0000;0,00000000;0,00000000;-0,00046;Infinity;2,5585;27,710976;-0,003147;23,761818;23,675512;-0,0007;-0,0740;0,00;0,00;0,00;0,00;0,51;;5,215;5,201;0,0566769;20,94500;0,06000;0,00600;0,0006871;;1673,93;490,00;;;
;;491;20,94800;0,05800;0,005000;128,750;100,39;1635,8000;0,000;100,070;43,100;0,005;302,850;301,750;26,30;319,650;263,158;0,000;44,000;48,300;47,200;302,050;;;;;0,00;0,00;0,00;3,00;3,20;15,378;26,409;0,58;0,58;999998,00;999998,00;999998,00;999998,00;999998,00;999998,00;999998,00;999998,00;999998,00;999998,00;999998,00;999998,00;999998,00;999998,00;999998,00;;;;;;;;;;;;;;;;;6,8822;0,00000;0,0000;0,00083415;0,00083415;-0,00244;4,97281;2,5653;28,036789;-0,003136;24,041199;23,953878;-0,0007;-0,0746;0,00;0,00;0,00;0,00;0,48;;5,218;5,208;0,0608114;20,94600;0,06000;-0,00200;0,0007279;;1673,93;491,00;;;
;;492;20,94700;0,05700;0,007000;130,200;100,39;1635,8000;0,000;100,070;43,100;0,005;302,850;301,850;26,30;319,650;263,158;0,000;44,000;48,300;47,200;302,050;;;;;0,00;0,00;0,00;3,00;3,20;15,387;26,404;0,58;0,58;999998,00;999998,00;999998,00;999998,00;999998,00;999998,00;999998,00;999998,00;999998,00;999998,00;999998,00;999998,00;999998,00;999998,00;999998,00;;;;;;;;;;;;;;;;;6,0103;0,00000;0,0000;-0,00583903;-0,00583903;0,00178;-0,71439;2,5714;28,194225;-0,003141;24,176198;24,096369;-0,0007;-0,0751;0,00;0,00;0,00;0,00;0,55;;5,220;5,208;0,0531071;20,94400;0,06000;0,01500;0,0006336;;1673,93;492,00;;;
;;493;20,94700;0,05700;0,016000;130,150;100,40;1635,8101;0,000;100,070;43,100;0,005;302,850;301,750;26,30;319,617;263,158;0,000;44,000;48,200;47,200;302,050;;;;;0,00;0,00;0,00;3,00;3,20;15,402;26,417;0,59;0,58;999998,00;999998,00;999998,00;999998,00;999998,00;999998,00;999998,00;999998,00;999998,00;999998,00;999998,00;999998,00;999998,00;999998,00;999998,00;;;;;;;;;;;;;;;;;5,4663;0,00000;0,0000;-0,00583903;-0,00583903;0,00078;-0,64036;2,5768;28,188811;-0,003199;24,171556;24,083761;-0,0007;-0,0765;0,00;0,00;0,00;0,00;0,48;;5,221;5,212;0,0483001;20,94600;0,05900;0,01100;0,0005761;;1673,94;493,00;;;
;;494;20,94700;0,05800;0,021000;125,625;100,40;1635,8101;0,000;100,068;43,100;0,005;302,850;301,750;26,30;319,617;263,151;0,000;44,000;48,200;47,200;302,050;;;;;0,00;0,00;0,00;3,00;3,20;15,349;26,404;0,59;0,58;999998,00;999998,00;999998,00;999998,00;999998,00;999998,00;999998,00;999998,00;999998,00;999998,00;999998,00;999998,00;999998,00;999998,00;999998,00;;;;;;;;;;;;;;;;;1,9512;0,00000;0,0000;0,00000000;0,00000000;0,00663;Infinity;2,5788;27,694447;-0,003205;23,747645;23,661390;-0,0007;-0,0753;0,00;0,00;0,01;0,00;0,44;;5,218;5,212;0,0172404;20,94700;0,05900;0,03500;0,0002120;;1673,94;494,00;;;
;;495;20,94800;0,05800;0,014000;129,900;100,39;1635,8101;0,000;100,078;43,100;0,005;302,850;301,750;26,30;319,617;263,151;0,000;44,000;48,200;47,200;302,050;;;;;0,00;0,00;0,00;3,00;3,21;15,349;26,420;0,59;0,58;999998,00;999998,00;999998,00;999998,00;999998,00;999998,00;999998,00;999998,00;999998,00;999998,00;999998,00;999998,00;999998,00;999998,00;999998,00;;;;;;;;;;;;;;;;;4,4041;0,00000;0,0000;0,00583903;0,00583903;0,00177;0,63975;2,5832;28,161724;-0,003160;24,148329;24,060618;-0,0007;-0,0755;0,00;0,00;0,00;0,00;0,45;;5,214;5,211;0,0389143;20,94700;0,05900;0,01500;0,0004651;;1673,94;495,00;;;
;;496;20,94900;0,05800;0,016000;132,075;100,39;1635,8000;0,000;100,070;43,100;0,005;302,850;301,750;26,30;319,617;263,151;0,000;44,000;48,200;47,200;302,050;;;;;0,00;0,00;0,00;3,00;3,21;15,360;26,425;0,59;0,58;999998,00;999998,00;999998,00;999998,00;999998,00;999998,00;999998,00;999998,00;999998,00;999998,00;999998,00;999998,00;999998,00;999998,00;999998,00;;;;;;;;;;;;;;;;;6,4812;0,00000;0,0000;0,00583903;0,00583903;-0,00097;0,57065;2,5897;28,396511;-0,003132;24,349656;24,261214;-0,0007;-0,0754;0,00;0,00;0,00;0,00;0,49;;5,215;5,211;0,0572682;20,94600;0,05800;0,00400;0,0006773;;1673,93;496,00;;;
;;497;20,94600;0,05900;0,014000;128,075;100,40;1635,8000;0,000;100,070;43,100;0,005;302,850;301,750;26,30;319,617;263,151;0,000;44,000;48,200;47,200;302,050;;;;;0,00;0,00;0,00;3,00;3,21;15,378;26,409;0,59;0,58;999998,00;999998,00;999998,00;999998,00;999998,00;999998,00;999998,00;999998,00;999998,00;999998,00;999998,00;999998,00;999998,00;999998,00;999998,00;;;;;;;;;;;;;;;;;7,4315;0,00000;0,0000;-0,00083415;-0,00083415;-0,00194;-3,93360;2,5971;27,963198;-0,003190;23,978096;23,891003;-0,0007;-0,0757;0,00;0,00;0,00;0,00;0,51;;5,218;5,214;0,0656647;20,94500;0,05800;0,00000;0,0007883;;1673,93;497,00;;;
;;498;20,94700;0,06000;0,011000;126,325;100,40;1635,8000;0,000;100,078;43,100;0,005;302,850;301,750;26,30;319,550;263,151;0,000;43,900;48,200;47,100;302,050;;;;;0,00;0,00;0,00;3,00;3,21;15,385;26,409;0,59;0,59;999998,00;999998,00;999998,00;999998,00;999998,00;999998,00;999998,00;999998,00;999998,00;999998,00;999998,00;999998,00;999998,00;999998,00;999998,00;;;;;;;;;;;;;;;;;5,9816;0,00000;0,0000;0,00000000;0,00000000;-0,00046;Infinity;2,6031;27,771499;-0,003197;23,813716;23,727221;-0,0007;-0,0753;0,00;0,00;0,00;0,00;0,48;;5,221;5,214;0,0528538;20,94600;0,05900;0,00600;0,0006394;;1673,93;498,00;;;
;;499;20,94600;0,06000;0,010000;127,850;100,39;1635,8000;0,000;100,078;43,100;0,005;302,850;301,750;26,30;319,550;263,151;0,000;43,900;48,200;47,100;302,050;;;;;0,00;0,00;0,00;3,00;3,21;15,336;26,417;0,59;0,59;999998,00;999998,00;999998,00;999998,00;999998,00;999998,00;999998,00;999998,00;999998,00;999998,00;999998,00;999998,00;999998,00;999998,00;999998,00;;;;;;;;;;;;;;;;;5,1778;0,00000;0,0000;0,00000000;0,00000000;0,00127;Infinity;2,6082;27,938625;-0,003169;23,957025;23,870009;-0,0007;-0,0751;0,00;0,00;0,00;0,00;0,48;;5,222;5,218;0,0457510;20,94600;0,05900;0,01300;0,0005508;;1673,93;499,00;;;
;;500;20,94600;0,06000;-0,002000;132,650;100,40;1635,8000;0,000;100,076;43,100;0,005;302,850;301,750;26,30;319,550;263,151;0,000;43,900;48,200;47,100;302,050;;;;;0,00;0,00;0,00;3,00;3,21;15,357;26,412;0,59;0,59;999998,00;999998,00;999998,00;999998,00;999998,00;999998,00;999998,00;999998,00;999998,00;999998,00;999998,00;999998,00;999998,00;999998,00;999998,00;;;;;;;;;;;;;;;;;6,4953;0,00000;0,0000;0,00000000;0,00000000;-0,00097;Infinity;2,6147;28,458257;-0,003244;24,402602;24,313968;-0,0007;-0,0783;0,00;0,00;0,00;0,00;0,49;;5,223;5,218;0,0573927;20,94600;0,05800;0,00400;0,0006773;;1673,93;500,00;;;
;;501;20,94500;0,06000;0,006000;132,000;100,41;1635,8000;0,000;100,068;43,100;0,005;302,750;301,750;26,30;319,550;263,151;0,000;43,900;48,200;47,100;302,050;;;;;0,00;0,00;0,00;3,00;3,21;15,364;26,409;0,59;0,59;999998,00;999998,00;999998,00;999998,00;999998,00;999998,00;999998,00;999998,00;999998,00;999998,00;999998,00;999998,00;999998,00;999998,00;999998,00;;;;;;;;;;;;;;;;;6,7243;0,00000;0,0000;0,00000000;0,00000000;-0,00147;Infinity;2,6215;28,393135;-0,003285;24,338722;24,258330;-0,0007;-0,0791;0,00;0,00;0,00;0,00;0,49;;5,226;5,221;0,0594157;20,94600;0,05800;0,00200;0,0007026;;1673,93;501,00;;;
;;502;20,94500;0,06000;-0,002000;128,850;100,40;1635,8000;0,000;100,070;43,100;0,005;302,750;301,750;26,30;319,517;263,151;0,000;43,900;48,100;47,100;302,050;;;;;0,00;0,00;0,00;3,00;3,22;15,349;26,428;0,59;0,59;999998,00;999998,00;999998,00;999998,00;999998,00;999998,00;999998,00;999998,00;999998,00;999998,00;999998,00;999998,00;999998,00;999998,00;999998,00;;;;;;;;;;;;;;;;;6,1932;0,00000;0,0000;-0,00084432;-0,00084432;-0,00170;-3,89859;2,6277;28,052307;-0,003275;24,046563;23,967136;-0,0007;-0,0779;0,00;0,00;0,00;0,00;0,44;;5,228;5,221;0,0547231;20,94700;0,05800;0,00100;0,0006549;;1673,93;502,00;;;
;;503;20,94600;0,05900;0,015000;125,000;100,41;1635,8000;0,000;100,078;43,100;0,005;302,750;301,750;26,30;319,517;263,151;0,000;43,900;48,100;47,100;302,050;;;;;0,00;0,00;0,00;3,00;3,22;15,349;26,428;0,59;0,59;999998,00;999998,00;999998,00;999998,00;999998,00;999998,00;999998,00;999998,00;999998,00;999998,00;999998,00;999998,00;999998,00;999998,00;999998,00;;;;;;;;;;;;;;;;;3,7578;0,00000;0,0000;0,00591024;0,00591024;0,00198;0,54856;2,6314;27,630032;-0,003299;23,684587;23,606356;-0,0007;-0,0773;0,00;0,00;0,00;0,00;0,40;;5,228;5,221;0,0332035;20,94800;0,05800;0,01600;0,0004048;;1673,93;503,00;;;
;;504;20,94400;0,05900;0,011000;126,525;100,40;1635,7899;0,000;100,070;43,100;0,005;302,750;301,750;26,30;319,517;263,151;0,000;43,900;48,100;47,100;302,050;;;;;0,00;0,00;0,00;3,00;3,22;15,345;26,433;0,59;0,59;999998,00;999998,00;999998,00;999998,00;999998,00;999998,00;999998,00;999998,00;999998,00;999998,00;999998,00;999998,00;999998,00;999998,00;999998,00;;;;;;;;;;;;;;;;;4,1076;0,00000;0,0000;0,00591024;0,00591024;0,00249;0,55189;2,6355;27,798064;-0,003238;23,828625;23,749917;-0,0007;-0,0763;0,00;0,00;0,00;0,00;0,44;;5,225;5,221;0,0362946;20,94700;0,05800;0,01800;0,0004398;;1673,92;504,00;;;
;;505;20,94600;0,05900;0,035000;126,525;100,40;1635,7899;0,000;100,070;43,100;0,005;302,750;301,750;26,30;319,450;263,158;0,000;43,800;48,100;47,000;302,050;;;;;0,00;0,00;0,00;3,00;3,22;15,360;26,430;0,59;0,59;999998,00;999998,00;999998,00;999998,00;999998,00;999998,00;999998,00;999998,00;999998,00;999998,00;999998,00;999998,00;999998,00;999998,00;999998,00;;;;;;;;;;;;;;;;;4,5540;0,00000;0,0000;-0,00084432;-0,00084432;0,00273;-3,86325;2,6401;27,798064;-0,003238;23,828625;23,749917;-0,0007;-0,0763;0,00;0,00;0,00;0,00;0,48;;5,223;5,217;0,0402388;20,94600;0,05800;0,01900;0,0004875;;1673,92;505,00;;;
;;506;20,94700;0,05800;0,015000;133,275;100,41;1635,7899;0,000;100,070;43,100;0,005;302,750;301,750;26,30;319,450;263,158;0,000;43,800;48,100;47,000;302,050;;;;;0,00;0,00;0,00;3,00;3,22;15,353;26,444;0,59;0,59;999998,00;999998,00;999998,00;999998,00;999998,00;999998,00;999998,00;999998,00;999998,00;999998,00;999998,00;999998,00;999998,00;999998,00;999998,00;;;;;;;;;;;;;;;;;4,0932;0,00000;0,0000;0,00000000;0,00000000;0,00280;Infinity;2,6442;28,529931;-0,003296;24,455984;24,375205;-0,0007;-0,0797;0,00;0,00;0,00;0,00;0,45;;5,222;5,217;0,0361672;20,94700;0,05800;0,01900;0,0004272;;1673,92;506,00;;;
;;507;20,94700;0,05800;0,004000;125,925;100,41;1635,7899;0,000;100,076;43,100;0,005;302,750;301,750;26,30;319,450;263,158;0,000;43,800;48,100;47,000;302,050;;;;;0,00;0,00;0,00;3,00;3,22;15,353;26,430;0,59;0,59;999998,00;999998,00;999998,00;999998,00;999998,00;999998,00;999998,00;999998,00;999998,00;999998,00;999998,00;999998,00;999998,00;999998,00;999998,00;;;;;;;;;;;;;;;;;5,1387;0,00000;0,0000;0,00000000;0,00000000;0,00150;Infinity;2,6493;27,732074;-0,003337;23,772058;23,693537;-0,0007;-0,0785;0,00;0,00;0,00;0,00;0,47;;5,220;5,216;0,0454057;20,94600;0,05800;0,01400;0,0005508;;1673,92;507,00;;;
;;508;20,94600;0,05900;0,000000;131,700;100,41;1635,7899;0,000;100,068;43,100;0,005;302,750;301,750;26,30;319,450;263,151;0,000;43,800;48,100;47,000;302,050;;;;;0,00;0,00;0,00;3,00;3,22;15,387;26,433;0,60;0,59;999998,00;999998,00;999998,00;999998,00;999998,00;999998,00;999998,00;999998,00;999998,00;999998,00;999998,00;999998,00;999998,00;999998,00;999998,00;;;;;;;;;;;;;;;;;6,4731;0,00000;0,0000;0,00000000;0,00000000;-0,00097;Infinity;2,6558;28,360851;-0,003310;24,311048;24,230747;-0,0007;-0,0796;0,00;0,00;0,00;0,00;0,49;;5,222;5,216;0,0571962;20,94600;0,05800;0,00400;0,0006773;;1673,92;508,00;;;
;;509;20,94500;0,05900;0,006000;126,725;100,41;1635,7899;0,000;100,076;43,100;0,005;302,750;301,750;26,30;319,417;263,158;0,000;43,800;48,000;47,000;302,050;;;;;0,00;0,00;0,00;3,00;3,23;15,330;26,457;0,60;0,59;999998,00;999998,00;999998,00;999998,00;999998,00;999998,00;999998,00;999998,00;999998,00;999998,00;999998,00;999998,00;999998,00;999998,00;999998,00;;;;;;;;;;;;;;;;;7,7836;0,00000;0,0000;0,00000000;0,00000000;-0,00414;Infinity;2,6636;27,820026;-0,003317;23,847450;23,768681;-0,0007;-0,0783;0,00;0,00;0,00;0,00;0,48;;5,225;5,220;0,0687758;20,94600;0,05900;-0,00900;0,0008291;;1673,92;509,00;;;
;;510;20,94600;0,05800;0,013000;128,875;100,41;1635,7899;0,000;100,076;43,100;0,005;302,750;301,750;26,30;319,417;263,151;0,000;43,800;48,000;47,000;302,050;;;;;0,00;0,00;0,00;3,00;3,23;15,364;26,420;0,60;0,59;999998,00;999998,00;999998,00;999998,00;999998,00;999998,00;999998,00;999998,00;999998,00;999998,00;999998,00;999998,00;999998,00;999998,00;999998,00;;;;;;;;;;;;;;;;;6,0733;0,00000;0,0000;-0,00083415;-0,00083415;-0,00145;-3,94651;2,6696;28,055029;-0,003358;24,048896;23,969461;-0,0007;-0,0799;0,00;0,00;0,00;0,00;0,44;;5,229;5,220;0,0536641;20,94700;0,05800;0,00200;0,0006423;;1673,92;510,00;;;
;;511;20,94600;0,05800;0,004000;130,775;100,41;1635,7899;0,000;100,078;43,100;0,005;302,750;301,750;26,30;319,417;263,158;0,000;43,800;48,000;47,000;302,050;;;;;0,00;0,00;0,00;3,00;3,23;15,349;26,425;0,60;0,59;999998,00;999998,00;999998,00;999998,00;999998,00;999998,00;999998,00;999998,00;999998,00;999998,00;999998,00;999998,00;999998,00;999998,00;999998,00;;;;;;;;;;;;;;;;;5,6642;0,00000;0,0000;0,00583903;0,00583903;-0,00171;0,56793;2,6753;28,261080;-0,003382;24,225524;24,145505;-0,0007;-0,0811;0,00;0,00;0,00;0,00;0,41;;5,230;5,226;0,0500492;20,94800;0,05800;0,00100;0,0005946;;1673,92;511,00;;;
;;512;20,94600;0,05800;0,002000;130,750;100,42;1635,7799;0,000;100,070;43,100;0,005;302,750;301,750;26,30;319,417;263,158;0,000;43,800;48,000;47,000;302,050;;;;;0,00;0,00;0,00;3,00;3,23;15,349;26,420;0,60;0,59;999998,00;999998,00;999998,00;999998,00;999998,00;999998,00;999998,00;999998,00;999998,00;999998,00;999998,00;999998,00;999998,00;999998,00;999998,00;;;;;;;;;;;;;;;;;6,2070;0,00000;0,0000;0,00583903;0,00583903;-0,00047;0,56787;2,6815;28,258378;-0,003390;24,223208;24,143197;-0,0007;-0,0812;0,00;0,00;0,00;0,00;0,48;;5,231;5,226;0,0548454;20,94600;0,05800;0,00600;0,0006520;;1673,91;512,00;;;
;;513;20,94600;0,05800;0,001000;131,800;100,41;1635,7799;0,000;100,078;43,100;0,005;302,750;301,750;26,30;319,417;263,151;0,000;43,800;48,000;47,000;302,050;;;;;0,00;0,00;0,00;3,00;3,23;15,349;26,433;0,60;0,60;999998,00;999998,00;999998,00;999998,00;999998,00;999998,00;999998,00;999998,00;999998,00;999998,00;999998,00;999998,00;999998,00;999998,00;999998,00;;;;;;;;;;;;;;;;;4,4950;0,00000;0,0000;-0,00083415;-0,00083415;0,00404;-4,51162;2,6860;28,371617;-0,003363;24,320277;24,239945;-0,0007;-0,0809;0,00;0,00;0,00;0,00;0,52;;5,231;5,226;0,0397178;20,94500;0,05900;0,02400;0,0004720;;1673,91;513,00;;;
;;514;20,94700;0,05800;0,016000;122,375;100,42;1635,7799;0,000;100,076;43,100;0,005;302,750;301,750;26,30;319,383;263,151;0,000;43,800;48,000;46,900;302,050;;;;;0,00;0,00;0,00;3,00;3,23;15,338;26,446;0,60;0,60;999998,00;999998,00;999998,00;999998,00;999998,00;999998,00;999998,00;999998,00;999998,00;999998,00;999998,00;999998,00;999998,00;999998,00;999998,00;;;;;;;;;;;;;;;;;3,8048;0,00000;0,0000;0,00000000;0,00000000;0,00293;Infinity;2,6898;27,338378;-0,003470;23,434579;23,357174;-0,0007;-0,0805;0,00;0,00;0,00;0,00;0,43;;5,229;5,226;0,0336190;20,94700;0,05800;0,02000;0,0004145;;1673,91;514,00;;;
;;515;20,94800;0,05800;0,018000;125,400;100,42;1635,7799;0,000;100,070;43,100;0,000;302,750;301,750;26,30;319,383;263,151;0,000;43,800;48,000;46,900;302,050;;;;;0,00;0,00;0,00;3,00;3,23;15,389;26,430;0,60;0,60;999998,00;999998,00;999998,00;999998,00;999998,00;999998,00;999998,00;999998,00;999998,00;999998,00;999998,00;999998,00;999998,00;999998,00;999998,00;;;;;;;;;;;;;;;;;4,3270;0,00000;0,0000;-0,00083415;-0,00083415;0,00199;-3,89294;2,6941;27,674205;-0,003460;23,722452;23,644095;-0,0007;-0,0812;0,00;0,00;0,00;0,00;0,44;;5,227;5,223;0,0382336;20,94700;0,05800;0,01600;0,0004651;;1673,91;515,00;;;
;;516;20,94700;0,05800;0,019000;129,175;100,43;1635,7799;0,000;100,076;43,100;0,000;302,750;301,750;26,30;319,383;263,151;0,000;43,800;48,000;46,900;302,050;;;;;0,00;0,00;0,00;3,00;3,24;15,320;26,425;0,60;0,60;999998,00;999998,00;999998,00;999998,00;999998,00;999998,00;999998,00;999998,00;999998,00;999998,00;999998,00;999998,00;999998,00;999998,00;999998,00;;;;;;;;;;;;;;;;;2,4925;0,00000;0,0000;0,00583903;0,00583903;0,00474;0,56444;2,6966;28,087664;-0,003567;24,076871;23,997343;-0,0008;-0,0850;0,00;0,00;0,00;0,00;0,41;;5,224;5,223;0,0220242;20,94800;0,05800;0,02700;0,0002655;;1673,91;516,00;;;
;;517;20,94600;0,05800;0,019000;129,200;100,44;1635,7699;0,000;100,076;43,100;0,005;302,750;301,750;26,30;319,383;263,151;0,000;43,800;48,000;46,900;302,050;;;;;0,00;0,00;0,00;3,00;3,24;15,322;26,441;0,60;0,60;999998,00;999998,00;999998,00;999998,00;999998,00;999998,00;999998,00;999998,00;999998,00;999998,00;999998,00;999998,00;999998,00;999998,00;999998,00;;;;;;;;;;;;;;;;;3,3951;0,00000;0,0000;0,00583903;0,00583903;0,00524;0,56450;2,7000;28,090381;-0,003623;24,079200;23,999665;-0,0008;-0,0863;0,00;0,00;0,01;0,00;0,48;;5,219;5,217;0,0299990;20,94600;0,05800;0,02900;0,0003610;;1673,90;517,00;;;
;;518;20,94700;0,05800;0,014000;130,200;100,44;1635,7699;0,000;100,076;43,100;0,005;302,750;301,750;26,30;319,383;263,151;0,000;43,800;48,000;46,900;302,050;;;;;0,00;0,00;0,00;3,00;3,24;15,313;26,425;0,60;0,60;999998,00;999998,00;999998,00;999998,00;999998,00;999998,00;999998,00;999998,00;999998,00;999998,00;999998,00;999998,00;999998,00;999998,00;999998,00;;;;;;;;;;;;;;;;;5,7999;0,00000;0,0000;-0,00083415;-0,00083415;0,00128;-4,48415;2,7058;28,198881;-0,003663;24,172206;24,092364;-0,0008;-0,0876;0,00;0,00;0,00;0,00;0,52;;5,218;5,217;0,0512480;20,94500;0,05900;0,01300;0,0006112;;1673,90;518,00;;;
;;519;20,94600;0,05900;0,004000;128,150;100,45;1635,7699;0,000;100,076;43,100;0,005;302,750;301,750;26,30;319,317;263,151;0,000;43,700;47,900;46,900;302,050;;;;;0,00;0,00;0,00;3,00;3,24;15,341;26,438;0,60;0,60;999998,00;999998,00;999998,00;999998,00;999998,00;999998,00;999998,00;999998,00;999998,00;999998,00;999998,00;999998,00;999998,00;999998,00;999998,00;;;;;;;;;;;;;;;;;7,3461;0,00000;0,0000;0,00000000;0,00000000;-0,00293;Infinity;2,7132;27,976005;-0,003686;23,981156;23,901945;-0,0008;-0,0875;0,00;0,00;0,00;0,00;0,48;;5,221;5,218;0,0649100;20,94600;0,05800;-0,00400;0,0007785;;1673,90;519,00;;;
;;520;20,94600;0,05800;-0,009000;127,050;100,45;1635,7699;0,000;100,076;43,100;0,005;302,750;301,750;26,30;319,317;263,151;0,000;43,700;47,900;46,900;302,050;;;;;0,00;0,00;0,00;3,00;3,24;15,330;26,438;0,60;0,60;999998,00;999998,00;999998,00;999998,00;999998,00;999998,00;999998,00;999998,00;999998,00;999998,00;999998,00;999998,00;999998,00;999998,00;999998,00;;;;;;;;;;;;;;;;;7,8820;0,00000;0,0000;0,00000000;0,00000000;-0,00316;Infinity;2,7211;27,855677;-0,003692;23,878010;23,799140;-0,0008;-0,0872;0,00;0,00;0,00;0,00;0,51;;5,225;5,218;0,0696454;20,94500;0,05900;-0,00500;0,0008389;;1673,90;520,00;;;
;;521;20,94600;0,05800;0,002000;128,975;100,45;1635,7699;0,000;100,078;43,100;0,005;302,750;301,750;26,30;319,317;263,151;0,000;43,700;47,900;46,900;302,050;;;;;0,00;0,00;0,00;3,00;3,24;15,395;26,436;0,60;0,60;999998,00;999998,00;999998,00;999998,00;999998,00;999998,00;999998,00;999998,00;999998,00;999998,00;999998,00;999998,00;999998,00;999998,00;999998,00;;;;;;;;;;;;;;;;;8,1824;0,00000;0,0000;0,00000000;0,00000000;-0,00368;Infinity;2,7292;28,065912;-0,003714;24,058225;23,978759;-0,0008;-0,0884;0,00;0,00;0,00;0,00;0,52;;5,231;5,228;0,0722999;20,94500;0,05900;-0,00700;0,0008642;;1673,90;521,00;;;
;;522;20,94700;0,05800;0,001000;124,575;100,44;1635,7699;0,000;100,078;43,100;0,005;302,750;301,750;26,30;319,317;263,151;0,000;43,700;47,900;46,900;302,050;;;;;0,00;0,00;0,00;3,00;3,24;15,358;26,438;0,61;0,60;999998,00;999998,00;999998,00;999998,00;999998,00;999998,00;999998,00;999998,00;999998,00;999998,00;999998,00;999998,00;999998,00;999998,00;999998,00;;;;;;;;;;;;;;;;;6,3831;0,00000;0,0000;0,00000000;0,00000000;0,00003;Infinity;2,7356;27,583021;-0,003654;23,644288;23,566190;-0,0008;-0,0855;0,00;0,00;0,00;0,00;0,51;;5,235;5,228;0,0564011;20,94500;0,05800;0,00800;0,0006871;;1673,90;522,00;;;
;;523;20,94800;0,05900;0,006000;125,925;100,44;1635,7699;0,000;100,076;43,100;0,005;302,750;301,750;26,30;319,283;263,151;0,000;43,700;47,900;46,800;302,050;;;;;0,00;0,00;0,00;3,00;3,25;15,345;26,428;0,61;0,60;999998,00;999998,00;999998,00;999998,00;999998,00;999998,00;999998,00;999998,00;999998,00;999998,00;999998,00;999998,00;999998,00;999998,00;999998,00;;;;;;;;;;;;;;;;;5,6151;0,00000;0,0000;0,00000000;0,00000000;0,00052;Infinity;2,7412;27,732074;-0,003659;23,772058;23,693537;-0,0008;-0,0861;0,00;0,00;0,00;0,00;0,47;;5,236;5,234;0,0496150;20,94600;0,05800;0,01000;0,0006014;;1673,90;523,00;;;
;;524;20,94600;0,05800;0,024000;129,125;100,44;1635,7699;0,000;100,076;43,100;0,005;302,750;301,750;26,30;319,283;263,151;0,000;43,700;47,900;46,800;302,050;;;;;0,00;0,00;0,00;3,00;3,25;15,366;26,449;0,61;0,60;999998,00;999998,00;999998,00;999998,00;999998,00;999998,00;999998,00;999998,00;999998,00;999998,00;999998,00;999998,00;999998,00;999998,00;999998,00;;;;;;;;;;;;;;;;;3,3941;0,00000;0,0000;0,00000000;0,00000000;0,00524;Infinity;2,7446;28,082227;-0,003664;24,072211;23,992699;-0,0008;-0,0873;0,00;0,00;0,01;0,00;0,48;;5,235;5,234;0,0299903;20,94600;0,05800;0,02900;0,0003610;;1673,90;524,00;;;
;;525;20,94500;0,05800;0,020000;127,650;100,45;1635,7699;0,000;100,076;43,100;0,005;302,750;301,750;26,40;319,283;263,151;0,000;43,700;47,900;46,800;302,050;;;;;0,00;0,00;0,00;3,00;3,25;15,353;26,446;0,61;0,60;999998,00;999998,00;999998,00;999998,00;999998,00;999998,00;999998,00;999998,00;999998,00;999998,00;999998,00;999998,00;999998,00;999998,00;999998,00;;;;;;;;;;;;;;;;;3,2861;0,00000;0,0000;0,00000000;0,00000000;0,00422;Infinity;2,7479;27,921375;-0,003719;23,934327;23,855270;-0,0008;-0,0881;0,00;0,00;0,00;0,00;0,44;;5,231;5,231;0,0290363;20,94700;0,05800;0,02500;0,0003512;;1673,90;525,00;;;
;;526;20,94700;0,05800;0,016000;131,725;100,45;1635,7699;0,000;100,082;43,100;0,000;302,750;301,750;26,30;319,250;263,151;0,000;43,600;47,900;46,800;302,050;;;;;0,00;0,00;0,00;3,00;3,25;15,309;26,449;0,61;0,60;999998,00;999998,00;999998,00;999998,00;999998,00;999998,00;999998,00;999998,00;999998,00;999998,00;999998,00;999998,00;999998,00;999998,00;999998,00;;;;;;;;;;;;;;;;;3,4281;0,00000;0,0000;-0,00082397;-0,00082397;0,00529;-4,03917;2,7513;28,363543;-0,003708;24,313355;24,233047;-0,0008;-0,0892;0,00;0,00;0,01;0,00;0,49;;5,227;5,231;0,0302908;20,94600;0,05800;0,02900;0,0003610;;1673,90;526,00;;;
;;527;20,94700;0,05800;0,027000;128,075;100,45;1635,7699;0,000;100,076;43,100;0,000;302,750;301,750;26,30;319,250;263,151;0,000;43,700;47,800;46,800;302,050;;;;;0,00;0,00;0,00;3,00;3,25;15,358;26,436;0,61;0,60;999998,00;999998,00;999998,00;999998,00;999998,00;999998,00;999998,00;999998,00;999998,00;999998,00;999998,00;999998,00;999998,00;999998,00;999998,00;;;;;;;;;;;;;;;;;2,9626;0,00000;0,0000;0,00576782;0,00576782;0,00374;0,56897;2,7543;27,967816;-0,003745;23,974137;23,894949;-0,0008;-0,0888;0,00;0,00;0,00;0,00;0,41;;5,224;5,223;0,0261776;20,94800;0,05800;0,02300;0,0003162;;1673,90;527,00;;;
;;528;20,94800;0,05900;0,029000;132,175;100,45;1635,7600;0,000;100,076;43,100;0,000;302,750;301,750;26,30;319,317;263,158;0,000;43,900;47,800;46,800;302,050;;;;;0,00;0,00;0,00;3,00;3,25;15,395;26,428;0,61;0,61;999998,00;999998,00;999998,00;999998,00;999998,00;999998,00;999998,00;999998,00;999998,00;999998,00;999998,00;999998,00;999998,00;999998,00;999998,00;;;;;;;;;;;;;;;;;4,4743;0,00000;0,0000;0,00576782;0,00576782;0,00079;0,57801;2,7588;28,411950;-0,003749;24,354850;24,274404;-0,0008;-0,0904;0,00;0,00;0,00;0,00;0,42;;5,221;5,223;0,0395350;20,94800;0,05800;0,01100;0,0004680;;1673,89;528,00;;;
;;529;20,94600;0,05800;0,013000;121,450;100,45;1635,7600;0,000;100,076;43,100;0,005;302,750;301,750;26,30;319,317;263,158;0,000;43,900;47,800;46,800;302,050;;;;;0,00;0,00;0,00;3,00;3,25;15,345;26,441;0,61;0,61;999998,00;999998,00;999998,00;999998,00;999998,00;999998,00;999998,00;999998,00;999998,00;999998,00;999998,00;999998,00;999998,00;999998,00;999998,00;;;;;;;;;;;;;;;;;7,1515;0,00000;0,0000;-0,00082397;-0,00082397;-0,00285;-3,87844;2,7659;27,234859;-0,003753;23,345843;23,268730;-0,0008;-0,0867;0,00;0,00;0,00;0,00;0,47;;5,222;5,222;0,0631904;20,94600;0,05800;-0,00400;0,0007785;;1673,89;529,00;;;
;;530;20,94500;0,05900;-0,004000;125,525;100,45;1635,7600;0,000;100,076;43,100;0,005;302,750;301,750;26,30;319,317;263,158;0,000;43,900;47,800;46,800;302,050;;;;;0,00;0,00;0,00;3,00;3,26;15,387;26,446;0,61;0,61;999998,00;999998,00;999998,00;999998,00;999998,00;999998,00;999998,00;999998,00;999998,00;999998,00;999998,00;999998,00;999998,00;999998,00;999998,00;;;;;;;;;;;;;;;;;5,7251;0,00000;0,0000;0,00000000;0,00000000;0,00028;Infinity;2,7717;27,687994;-0,003725;23,734272;23,655877;-0,0008;-0,0875;0,00;0,00;0,00;0,00;0,47;;5,224;5,222;0,0505868;20,94600;0,05800;0,00900;0,0006141;;1673,89;530,00;;;
;;531;20,94600;0,05900;-0,005000;128,050;100,45;1635,7600;0,000;100,076;43,100;0,005;302,750;301,750;26,30;319,250;263,158;0,000;43,800;47,800;46,700;302,050;;;;;0,00;0,00;0,00;3,00;3,26;15,353;26,425;0,61;0,61;999998,00;999998,00;999998,00;999998,00;999998,00;999998,00;999998,00;999998,00;999998,00;999998,00;999998,00;999998,00;999998,00;999998,00;999998,00;;;;;;;;;;;;;;;;;6,2940;0,00000;0,0000;0,00000000;0,00000000;-0,00194;Infinity;2,7779;27,965087;-0,003696;23,971797;23,892617;-0,0008;-0,0877;0,00;0,00;0,00;0,00;0,44;;5,226;5,228;0,0556139;20,94700;0,05800;0,00000;0,0006676;;1673,89;531,00;;;
;;532;20,94500;0,05800;-0,007000;134,950;100,44;1635,7600;0,000;100,082;43,100;0,005;302,750;301,750;26,30;319,250;263,158;0,000;43,800;47,800;46,700;302,050;;;;;0,00;0,00;0,00;3,00;3,26;15,353;26,446;0,61;0,61;999998,00;999998,00;999998,00;999998,00;999998,00;999998,00;999998,00;999998,00;999998,00;999998,00;999998,00;999998,00;999998,00;999998,00;999998,00;;;;;;;;;;;;;;;;;6,1229;0,00000;0,0000;0,00000000;0,00000000;-0,00225;Infinity;2,7841;28,708653;-0,003650;24,609186;24,527900;-0,0008;-0,0889;0,00;0,00;0,00;0,00;0,42;;5,227;5,228;0,0541021;20,94800;0,05700;-0,00100;0,0006325;;1673,89;532,00;;;
;;533;20,94500;0,05800;0,008000;121,100;100,45;1635,7600;0,000;100,076;43,100;0,005;302,750;301,750;26,30;319,250;263,158;0,000;43,800;47,800;46,700;302,050;;;;;0,00;0,00;0,00;3,00;3,26;15,358;26,460;0,61;0,61;999998,00;999998,00;999998,00;999998,00;999998,00;999998,00;999998,00;999998,00;999998,00;999998,00;999998,00;999998,00;999998,00;999998,00;999998,00;;;;;;;;;;;;;;;;;4,6324;0,00000;0,0000;0,00000000;0,00000000;0,00027;Infinity;2,7887;27,195588;-0,003736;23,312179;23,235178;-0,0008;-0,0862;0,00;0,00;0,00;0,00;0,40;;5,228;5,229;0,0409317;20,94800;0,05700;0,00900;0,0005060;;1673,89;533,00;;;
;;534;20,94500;0,05800;0,010000;128,800;100,45;1635,7600;0,000;100,080;43,100;0,005;302,750;301,750;26,30;319,217;263,158;0,000;43,700;47,800;46,700;302,050;;;;;0,00;0,00;0,00;3,00;3,26;15,345;26,430;0,61;0,61;999998,00;999998,00;999998,00;999998,00;999998,00;999998,00;999998,00;999998,00;999998,00;999998,00;999998,00;999998,00;999998,00;999998,00;999998,00;;;;;;;;;;;;;;;;;5,4379;0,00000;0,0000;0,00000000;0,00000000;0,00102;Infinity;2,7941;28,046865;-0,003707;24,041897;23,962486;-0,0008;-0,0882;0,00;0,00;0,00;0,00;0,48;;5,227;5,229;0,0480497;20,94600;0,05800;0,01200;0,0005761;;1673,89;534,00;;;
;;535;20,94600;0,05800;0,029000;131,950;100,45;1635,7600;0,000;100,080;43,100;0,005;302,750;301,750;26,30;319,183;263,158;0,000;43,700;47,700;46,700;302,050;;;;;0,00;0,00;0,00;3,00;3,26;15,317;26,441;0,61;0,61;999998,00;999998,00;999998,00;999998,00;999998,00;999998,00;999998,00;999998,00;999998,00;999998,00;999998,00;999998,00;999998,00;999998,00;999998,00;;;;;;;;;;;;;;;;;3,9827;0,00000;0,0000;0,00000000;0,00000000;0,00179;Infinity;2,7981;28,387757;-0,003711;24,334112;24,253735;-0,0008;-0,0893;0,00;0,00;0,00;0,00;0,41;;5,226;5,226;0,0351916;20,94800;0,05800;0,01500;0,0004174;;1673,89;535,00;;;
;;536;20,94600;0,05800;0,025000;126,200;100,44;1635,7600;0,000;100,076;43,100;0,000;302,750;301,750;26,30;319,183;263,164;0,000;43,700;47,700;46,700;302,050;;;;;0,00;0,00;0,00;3,00;3,26;15,374;26,441;0,61;0,61;999998,00;999998,00;999998,00;999998,00;999998,00;999998,00;999998,00;999998,00;999998,00;999998,00;999998,00;999998,00;999998,00;999998,00;999998,00;;;;;;;;;;;;;;;;;3,5940;0,00000;0,0000;-0,00083415;-0,00083415;0,00469;-3,90534;2,8017;27,762339;-0,003681;23,798001;23,719395;-0,0008;-0,0867;0,00;0,00;0,00;0,00;0,48;;5,224;5,226;0,0317566;20,94600;0,05800;0,02700;0,0003863;;1673,89;536,00;;;
;;537;20,94700;0,05800;0,029000;131,175;100,45;1635,7600;0,000;100,076;43,100;0,000;302,750;301,750;26,30;319,150;263,164;0,000;43,600;47,700;46,700;302,050;;;;;0,00;0,00;0,00;3,00;3,27;15,353;26,446;0,61;0,61;999998,00;999998,00;999998,00;999998,00;999998,00;999998,00;999998,00;999998,00;999998,00;999998,00;999998,00;999998,00;999998,00;999998,00;999998,00;;;;;;;;;;;;;;;;;4,4255;0,00000;0,0000;0,00583903;0,00583903;0,00203;0,56880;2,8061;28,304267;-0,003701;24,262544;24,182403;-0,0008;-0,0888;0,00;0,00;0,00;0,00;0,45;;5,221;5,222;0,0391041;20,94700;0,05800;0,01600;0,0004651;;1673,89;537,00;;;
;;538;20,94600;0,05800;0,023000;125,875;100,44;1635,7500;0,000;100,078;43,100;0,000;302,750;301,750;26,30;319,150;263,164;0,000;43,600;47,700;46,700;302,050;;;;;0,00;0,00;0,00;3,00;3,27;15,343;26,468;0,61;0,61;999998,00;999998,00;999998,00;999998,00;999998,00;999998,00;999998,00;999998,00;999998,00;999998,00;999998,00;999998,00;999998,00;999998,00;999998,00;;;;;;;;;;;;;;;;;6,0902;0,00000;0,0000;0,00583903;0,00583903;-0,00046;0,55719;2,8122;27,726568;-0,003671;23,767338;23,688833;-0,0008;-0,0863;0,00;0,00;0,00;0,00;0,47;;5,222;5,222;0,0538132;20,94600;0,05800;0,00600;0,0006520;;1673,88;538,00;;;
;;539;20,94800;0,05800;0,011000;133,750;100,43;1635,7500;0,000;100,074;43,100;0,000;302,750;301,750;26,30;319,117;263,164;0,000;43,600;47,700;46,600;302,050;;;;;0,00;0,00;0,00;3,00;3,27;15,294;26,460;0,61;0,61;999998,00;999998,00;999998,00;999998,00;999998,00;999998,00;999998,00;999998,00;999998,00;999998,00;999998,00;999998,00;999998,00;999998,00;999998,00;;;;;;;;;;;;;;;;;6,5553;0,00000;0,0000;-0,00083415;-0,00083415;-0,00224;-4,02046;2,8188;28,580727;-0,003576;24,499527;24,418604;-0,0008;-0,0867;0,00;0,00;0,00;0,00;0,45;;5,224;5,223;0,0579225;20,94700;0,05800;-0,00100;0,0006802;;1673,88;539,00;;;
;;540;20,94800;0,05800;-0,004000;129,675;100,44;1635,7500;0,000;100,076;43,100;0,000;302,750;301,750;26,30;319,083;263,164;0,000;43,500;47,700;46,600;302,050;;;;;0,00;0,00;0,00;3,00;3,27;15,353;26,449;0,61;0,61;999998,00;999998,00;999998,00;999998,00;999998,00;999998,00;999998,00;999998,00;999998,00;999998,00;999998,00;999998,00;999998,00;999998,00;999998,00;;;;;;;;;;;;;;;;;5,8505;0,00000;0,0000;0,00000000;0,00000000;-0,00096;Infinity;2,8246;28,141971;-0,003595;24,123423;24,043742;-0,0008;-0,0858;0,00;0,00;0,00;0,00;0,45;;5,225;5,223;0,0516950;20,94700;0,05800;0,00400;0,0006170;;1673,88;540,00;;;
;;541;20,94600;0,05800;0,009000;127,300;100,44;1635,7500;0,000;100,078;43,100;0,000;302,750;301,750;26,30;319,083;263,170;0,000;43,500;47,700;46,600;302,050;;;;;0,00;0,00;0,00;3,00;3,27;15,332;26,468;0,61;0,61;999998,00;999998,00;999998,00;999998,00;999998,00;999998,00;999998,00;999998,00;999998,00;999998,00;999998,00;999998,00;999998,00;999998,00;999998,00;;;;;;;;;;;;;;;;;7,8890;0,00000;0,0000;0,00000000;0,00000000;-0,00292;Infinity;2,8325;27,883070;-0,003598;23,901492;23,822544;-0,0008;-0,0851;0,00;0,00;0,00;0,00;0,51;;5,228;5,230;0,0697068;20,94500;0,05800;-0,00400;0,0008389;;1673,88;541,00;;;
;;542;20,94600;0,05700;0,000000;130,700;100,43;1635,7500;0,000;100,076;43,100;0,000;302,750;301,750;26,30;319,083;263,170;0,000;43,500;47,700;46,600;302,050;;;;;0,00;0,00;0,00;3,00;3,27;15,345;26,460;0,61;0,61;999998,00;999998,00;999998,00;999998,00;999998,00;999998,00;999998,00;999998,00;999998,00;999998,00;999998,00;999998,00;999998,00;999998,00;999998,00;;;;;;;;;;;;;;;;;5,7206;0,00000;0,0000;0,00000000;0,00000000;0,00053;Infinity;2,8383;28,252974;-0,003502;24,218575;24,138580;-0,0007;-0,0839;0,00;0,00;0,00;0,00;0,48;;5,231;5,230;0,0505470;20,94600;0,05800;0,01000;0,0006014;;1673,88;542,00;;;
;;543;20,94700;0,05700;-0,001000;123,150;100,43;1635,7500;0,000;100,080;43,100;0,000;302,750;301,850;26,40;319,083;263,170;0,000;43,500;47,700;46,600;302,050;;;;;0,00;0,00;0,00;3,00;3,27;15,330;26,449;0,61;0,61;999998,00;999998,00;999998,00;999998,00;999998,00;999998,00;999998,00;999998,00;999998,00;999998,00;999998,00;999998,00;999998,00;999998,00;999998,00;;;;;;;;;;;;;;;;;5,5221;0,00000;0,0000;0,00000000;0,00000000;0,00173;Infinity;2,8438;27,424807;-0,003521;23,508667;23,438782;-0,0007;-0,0819;0,00;0,00;0,00;0,00;0,50;;5,232;5,236;0,0487935;20,94500;0,05800;0,01500;0,0005985;;1673,88;543,00;;;
;;544;20,94800;0,05800;0,009000;133,350;100,44;1635,7500;0,000;100,076;43,100;0,000;302,750;301,750;26,30;319,050;263,170;0,000;43,500;47,600;46,600;302,050;;;;;0,00;0,00;0,00;3,00;3,28;15,351;26,438;0,61;0,61;999998,00;999998,00;999998,00;999998,00;999998,00;999998,00;999998,00;999998,00;999998,00;999998,00;999998,00;999998,00;999998,00;999998,00;999998,00;;;;;;;;;;;;;;;;;3,7265;0,00000;0,0000;-0,00083415;-0,00083415;0,00356;-4,01445;2,8475;28,537957;-0,003604;24,462864;24,382062;-0,0008;-0,0872;0,00;0,00;0,00;0,00;0,45;;5,231;5,236;0,0329276;20,94700;0,05800;0,02200;0,0003892;;1673,88;544,00;;;
;;545;20,94800;0,05800;0,012000;127,425;100,44;1635,7500;0,000;100,080;43,100;0,000;302,750;301,750;26,40;319,050;263,170;0,000;43,500;47,600;46,600;302,050;;;;;0,00;0,00;0,00;3,00;3,28;15,339;26,462;0,61;0,61;999998,00;999998,00;999998,00;999998,00;999998,00;999998,00;999998,00;999998,00;999998,00;999998,00;999998,00;999998,00;999998,00;999998,00;999998,00;;;;;;;;;;;;;;;;;2,9865;0,00000;0,0000;0,00583903;0,00583903;0,00250;0,56061;2,8505;27,896755;-0,003623;23,913223;23,834236;-0,0008;-0,0857;0,00;0,00;0,00;0,00;0,37;;5,228;5,232;0,0263888;20,94900;0,05800;0,01800;0,0003191;;1673,88;545,00;;;
;;546;20,94600;0,05800;0,015000;126,750;100,43;1635,7400;0,000;100,076;43,100;0,000;302,750;301,750;26,30;319,017;263,170;0,000;43,500;47,600;46,500;302,050;;;;;0,00;0,00;0,00;3,00;3,28;15,339;26,465;0,61;0,61;999998,00;999998,00;999998,00;999998,00;999998,00;999998,00;999998,00;999998,00;999998,00;999998,00;999998,00;999998,00;999998,00;999998,00;999998,00;;;;;;;;;;;;;;;;;3,0660;0,00000;0,0000;0,00583903;0,00583903;0,00372;0,48619;2,8536;27,822770;-0,003559;23,849802;23,771025;-0,0007;-0,0840;0,00;0,00;0,00;0,00;0,41;;5,223;5,232;0,0270910;20,94800;0,05700;0,02300;0,0003288;;1673,87;546,00;;;
;;547;20,94800;0,05800;0,027000;131,150;100,43;1635,7400;0,000;100,080;43,100;0,000;302,750;301,750;26,40;319,017;263,177;0,000;43,500;47,600;46,500;302,050;;;;;0,00;0,00;0,00;3,00;3,28;15,338;26,446;0,62;0,61;999998,00;999998,00;999998,00;999998,00;999998,00;999998,00;999998,00;999998,00;999998,00;999998,00;999998,00;999998,00;999998,00;999998,00;999998,00;;;;;;;;;;;;;;;;;4,9105;0,00000;0,0000;-0,00083415;-0,00083415;0,00128;-3,46191;2,8585;28,301570;-0,003561;24,260232;24,180099;-0,0008;-0,0855;0,00;0,00;0,00;0,00;0,45;;5,221;5,227;0,0433895;20,94700;0,05700;0,01300;0,0005158;;1673,87;547,00;;;
;;548;20,94600;0,05800;0,016000;128,350;100,43;1635,7400;0,000;100,076;43,100;0,000;302,750;301,850;26,40;319,017;263,177;0,000;43,500;47,600;46,500;302,050;;;;;0,00;0,00;0,00;3,00;3,28;15,338;26,460;0,62;0,61;999998,00;999998,00;999998,00;999998,00;999998,00;999998,00;999998,00;999998,00;999998,00;999998,00;999998,00;999998,00;999998,00;999998,00;999998,00;;;;;;;;;;;;;;;;;6,7814;0,00000;0,0000;0,00000000;0,00000000;-0,00269;Infinity;2,8652;27,997826;-0,003530;23,999862;23,928516;-0,0007;-0,0839;0,00;0,00;0,00;0,00;0,44;;5,222;5,227;0,0599203;20,94700;0,05700;-0,00300;0,0007182;;1673,87;548,00;;;
;;549;20,94700;0,05800;0,006000;131,825;100,43;1635,7400;0,000;100,080;43,100;0,000;302,750;301,850;26,40;319,017;263,177;0,000;43,500;47,600;46,500;302,050;;;;;0,00;0,00;0,00;3,00;3,28;15,309;26,462;0,62;0,61;999998,00;999998,00;999998,00;999998,00;999998,00;999998,00;999998,00;999998,00;999998,00;999998,00;999998,00;999998,00;999998,00;999998,00;999998,00;;;;;;;;;;;;;;;;;7,3598;0,00000;0,0000;0,00000000;0,00000000;-0,00372;Infinity;2,8726;28,374307;-0,003515;24,322583;24,250278;-0,0007;-0,0846;0,00;0,00;0,00;0,00;0,45;;5,226;5,231;0,0650311;20,94700;0,05700;-0,00700;0,0007688;;1673,87;549,00;;;
;;550;20,94600;0,05800;-0,001000;128,700;100,43;1635,7400;0,000;100,080;43,100;0,000;302,750;301,850;26,30;319,017;263,177;0,000;43,500;47,600;46,500;302,050;;;;;0,00;0,00;0,00;3,00;3,28;15,317;26,446;0,62;0,61;999998,00;999998,00;999998,00;999998,00;999998,00;999998,00;999998,00;999998,00;999998,00;999998,00;999998,00;999998,00;999998,00;999998,00;999998,00;;;;;;;;;;;;;;;;;6,8804;0,00000;0,0000;0,00000000;0,00000000;-0,00195;Infinity;2,8795;28,035974;-0,003532;24,032562;23,961119;-0,0007;-0,0840;0,00;0,00;0,00;0,00;0,48;;5,229;5,231;0,0607954;20,94600;0,05800;0,00000;0,0007279;;1673,87;550,00;;;
;;551;20,94700;0,05800;0,004000;126,800;100,43;1635,7400;0,000;100,076;43,100;0,000;302,750;301,750;26,40;319,017;263,177;0,000;43,500;47,600;46,500;302,050;;;;;0,00;0,00;0,00;3,00;3,29;15,345;26,441;0,62;0,61;999998,00;999998,00;999998,00;999998,00;999998,00;999998,00;999998,00;999998,00;999998,00;999998,00;999998,00;999998,00;999998,00;999998,00;999998,00;;;;;;;;;;;;;;;;;6,5022;0,00000;0,0000;0,00000000;0,00000000;-0,00242;Infinity;2,8860;27,828258;-0,003582;23,854507;23,775714;-0,0007;-0,0846;0,00;0,00;0,00;0,00;0,44;;5,232;5,237;0,0574532;20,94700;0,05800;-0,00200;0,0006929;;1673,87;551,00;;;
;;552;20,94700;0,05800;-0,004000;123,975;100,44;1635,7400;0,000;100,080;43,100;0,000;302,750;301,750;26,40;318,983;263,177;0,000;43,500;47,500;46,500;302,050;;;;;0,00;0,00;0,00;3,00;3,29;15,338;26,446;0,62;0,61;999998,00;999998,00;999998,00;999998,00;999998,00;999998,00;999998,00;999998,00;999998,00;999998,00;999998,00;999998,00;999998,00;999998,00;999998,00;;;;;;;;;;;;;;;;;9,0834;0,00000;0,0000;-0,00083415;-0,00083415;-0,00531;-3,36588;2,8951;27,516515;-0,003599;23,587279;23,509369;-0,0007;-0,0840;0,00;0,00;-0,01;0,00;0,51;;5,236;5,237;0,0802613;20,94500;0,05700;-0,01400;0,0009780;;1673,87;552,00;;;
;;553;20,94500;0,05800;0,010000;126,675;100,44;1635,7400;0,000;100,076;43,100;0,000;302,750;301,750;26,40;318,983;263,177;0,000;43,500;47,500;46,500;302,050;;;;;0,00;0,00;0,00;3,00;3,29;15,322;26,460;0,62;0,61;999998,00;999998,00;999998,00;999998,00;999998,00;999998,00;999998,00;999998,00;999998,00;999998,00;999998,00;999998,00;999998,00;999998,00;999998,00;;;;;;;;;;;;;;;;;6,8261;0,00000;0,0000;0,00583903;0,00583903;-0,00193;0,55895;2,9019;27,814537;-0,003600;23,842745;23,763992;-0,0008;-0,0849;0,00;0,00;0,00;0,00;0,48;;5,241;5,242;0,0603152;20,94600;0,05800;0,00000;0,0007279;;1673,87;553,00;;;
;;554;20,94600;0,05800;0,015000;127,800;100,44;1635,7300;0,000;100,078;43,200;0,000;302,750;301,750;26,30;318,983;263,177;0,000;43,500;47,500;46,500;302,050;;;;;0,00;0,00;0,00;3,00;3,29;15,332;26,468;0,62;0,61;999998,00;999998,00;999998,00;999998,00;999998,00;999998,00;999998,00;999998,00;999998,00;999998,00;999998,00;999998,00;999998,00;999998,00;999998,00;;;;;;;;;;;;;;;;;1,6388;0,00000;0,0000;0,00583903;0,00583903;0,00644;0,56143;2,9035;27,937775;-0,003649;23,948385;23,869282;-0,0008;-0,0865;0,00;0,00;0,01;0,00;0,41;;5,240;5,242;0,0144805;20,94800;0,05800;0,03400;0,0001769;;1673,86;554,00;;;
;;555;20,94500;0,05800;0,022000;129,550;100,45;1635,7300;0,000;100,076;43,100;0,000;302,650;301,750;26,30;318,983;263,177;0,000;43,500;47,500;46,500;302,050;;;;;0,00;0,00;0,00;3,00;3,29;15,315;26,457;0,62;0,61;999998,00;999998,00;999998,00;999998,00;999998,00;999998,00;999998,00;999998,00;999998,00;999998,00;999998,00;999998,00;999998,00;999998,00;999998,00;;;;;;;;;;;;;;;;;2,8275;0,00000;0,0000;-0,00083415;-0,00083415;0,00525;-3,95749;2,9064;28,133050;-0,003698;24,107810;24,036120;-0,0008;-0,0882;0,00;0,00;0,01;0,00;0,45;;5,234;5,240;0,0249841;20,94700;0,05800;0,02900;0,0003006;;1673,86;555,00;;;
;;556;20,94700;0,05700;0,018000;126,225;100,45;1635,7300;0,000;100,076;43,100;0,000;302,650;301,750;26,40;318,950;263,177;0,000;43,500;47,500;46,400;302,050;;;;;0,00;0,00;0,00;3,00;3,29;15,318;26,468;0,62;0,61;999998,00;999998,00;999998,00;999998,00;999998,00;999998,00;999998,00;999998,00;999998,00;999998,00;999998,00;999998,00;999998,00;999998,00;999998,00;;;;;;;;;;;;;;;;;4,3115;0,00000;0,0000;0,00000000;0,00000000;0,00297;Infinity;2,9107;27,769676;-0,003730;23,796427;23,725663;-0,0008;-0,0879;0,00;0,00;0,00;0,00;0,48;;5,231;5,240;0,0380968;20,94600;0,05900;0,02000;0,0004622;;1673,86;556,00;;;
;;557;20,94900;0,05700;0,023000;128,875;100,46;1635,7300;0,000;100,076;43,100;0,000;302,650;301,750;26,30;318,950;263,177;0,000;43,500;47,500;46,400;302,050;;;;;0,00;0,00;0,00;3,00;3,29;15,326;26,462;0,62;0,61;999998,00;999998,00;999998,00;999998,00;999998,00;999998,00;999998,00;999998,00;999998,00;999998,00;999998,00;999998,00;999998,00;999998,00;999998,00;;;;;;;;;;;;;;;;;4,8702;0,00000;0,0000;0,00000000;0,00000000;0,00078;Infinity;2,9155;28,059663;-0,003795;24,044924;23,973420;-0,0008;-0,0903;0,00;0,00;0,00;0,00;0,45;;5,230;5,235;0,0430330;20,94700;0,05900;0,01100;0,0005158;;1673,86;557,00;;;
;;558;20,94800;0,05700;0,013000;133,375;100,45;1635,7300;0,000;100,080;43,100;0,000;302,650;301,750;26,30;318,950;263,177;0,000;43,500;47,500;46,400;302,050;;;;;0,00;0,00;0,00;3,00;3,30;15,351;26,468;0,62;0,61;999998,00;999998,00;999998,00;999998,00;999998,00;999998,00;999998,00;999998,00;999998,00;999998,00;999998,00;999998,00;999998,00;999998,00;999998,00;;;;;;;;;;;;;;;;;6,3012;0,00000;0,0000;-0,00083415;-0,00083415;-0,00148;-3,49173;2,9218;28,545348;-0,003697;24,461117;24,388377;-0,0008;-0,0895;0,00;0,00;0,00;0,00;0,45;;5,231;5,235;0,0556777;20,94700;0,05700;0,00200;0,0006549;;1673,86;558,00;;;
;;559;20,94700;0,05700;-0,003000;130,275;100,45;1635,7300;0,000;100,080;43,100;0,000;302,750;301,750;26,40;318,917;263,177;0,000;43,400;47,500;46,400;302,050;;;;;0,00;0,00;0,00;3,00;3,30;15,339;26,476;0,62;0,61;999998,00;999998,00;999998,00;999998,00;999998,00;999998,00;999998,00;999998,00;999998,00;999998,00;999998,00;999998,00;999998,00;999998,00;999998,00;;;;;;;;;;;;;;;;;8,1332;0,00000;0,0000;0,00583903;0,00583903;-0,00445;0,56684;2,9300;28,207002;-0,003729;24,179168;24,099303;-0,0008;-0,0892;0,00;0,00;0,00;0,00;0,48;;5,234;5,240;0,0718647;20,94600;0,05800;-0,01000;0,0008544;;1673,86;559,00;;;
;;560;20,94700;0,05800;-0,007000;125,700;100,46;1635,7200;0,000;100,076;43,100;0,000;302,750;301,750;26,40;318,917;263,177;0,000;43,400;47,500;46,400;302,050;;;;;0,00;0,00;0,00;3,00;3,30;15,311;26,481;0,62;0,61;999998,00;999998,00;999998,00;999998,00;999998,00;999998,00;999998,00;999998,00;999998,00;999998,00;999998,00;999998,00;999998,00;999998,00;999998,00;;;;;;;;;;;;;;;;;5,4335;0,00000;0,0000;0,00583903;0,00583903;-0,00119;0,48417;2,9354;27,707288;-0,003810;23,750811;23,672361;-0,0008;-0,0895;0,00;0,00;0,00;0,00;0,40;;5,237;5,240;0,0480101;20,94800;0,05700;0,00300;0,0005819;;1673,85;560,00;;;
;;561;20,94700;0,05800;0,000000;128,400;100,45;1635,7200;0,000;100,080;43,000;0,000;302,750;301,750;26,40;318,917;263,177;0,000;43,400;47,500;46,400;302,050;;;;;0,00;0,00;0,00;3,00;3,30;15,339;26,468;0,62;0,61;999998,00;999998,00;999998,00;999998,00;999998,00;999998,00;999998,00;999998,00;999998,00;999998,00;999998,00;999998,00;999998,00;999998,00;999998,00;;;;;;;;;;;;;;;;;7,9855;0,00000;0,0000;-0,00083415;-0,00083415;-0,00540;-3,93923;2,9434;28,003279;-0,003744;24,004536;23,925247;-0,0008;-0,0889;0,00;0,00;-0,01;0,00;0,44;;5,240;5,250;0,0705601;20,94700;0,05800;-0,01400;0,0008447;;1673,85;561,00;;;
;;562;20,94600;0,05700;-0,002000;132,200;100,45;1635,7200;0,000;100,078;43,000;0,000;302,650;301,750;26,40;318,917;263,177;0,000;43,400;47,500;46,400;302,050;;;;;0,00;0,00;0,00;3,00;3,30;15,326;26,476;0,62;0,61;999998,00;999998,00;999998,00;999998,00;999998,00;999998,00;999998,00;999998,00;999998,00;999998,00;999998,00;999998,00;999998,00;999998,00;999998,00;;;;;;;;;;;;;;;;;5,0858;0,00000;0,0000;0,00000000;0,00000000;-0,00047;Infinity;2,9485;28,419330;-0,003776;24,353130;24,280710;-0,0008;-0,0910;0,00;0,00;0,00;0,00;0,42;;5,242;5,250;0,0449377;20,94800;0,05800;0,00600;0,0005313;;1673,85;562,00;;;
;;563;20,94700;0,05800;-0,014000;129,600;100,46;1635,7200;0,000;100,080;43,100;0,000;302,650;301,750;26,40;318,917;263,177;0,000;43,400;47,500;46,400;302,050;;;;;0,00;0,00;0,00;3,00;3,30;15,360;26,481;0,62;0,61;999998,00;999998,00;999998,00;999998,00;999998,00;999998,00;999998,00;999998,00;999998,00;999998,00;999998,00;999998,00;999998,00;999998,00;999998,00;;;;;;;;;;;;;;;;;5,2140;0,00000;0,0000;0,00000000;0,00000000;0,00152;Infinity;2,9537;28,138479;-0,003840;24,112463;24,040759;-0,0008;-0,0916;0,00;0,00;0,00;0,00;0,48;;5,242;5,255;0,0460711;20,94600;0,05800;0,01400;0,0005508;;1673,85;563,00;;;
;;564;20,94500;0,05800;0,000000;126,825;100,46;1635,7200;0,000;100,078;43,100;0,000;302,650;301,750;26,40;318,850;263,177;0,000;43,400;47,400;46,300;302,050;;;;;0,00;0,00;0,00;3,00;3,30;15,326;26,486;0,62;0,61;999998,00;999998,00;999998,00;999998,00;999998,00;999998,00;999998,00;999998,00;999998,00;999998,00;999998,00;999998,00;999998,00;999998,00;999998,00;;;;;;;;;;;;;;;;;4,9500;0,00000;0,0000;0,00000000;0,00000000;0,00077;Infinity;2,9586;27,835598;-0,003790;23,852918;23,781985;-0,0008;-0,0895;0,00;0,00;0,00;0,00;0,44;;5,241;5,255;0,0437386;20,94700;0,05800;0,01100;0,0005284;;1673,85;564,00;;;
;;565;20,94600;0,05800;0,034000;127,800;100,46;1635,7200;0,000;100,076;43,100;0,000;302,650;301,750;26,40;318,850;263,183;0,000;43,400;47,400;46,300;302,050;;;;;0,00;0,00;0,00;3,00;3,31;15,330;26,468;0,61;0,61;999998,00;999998,00;999998,00;999998,00;999998,00;999998,00;999998,00;999998,00;999998,00;999998,00;999998,00;999998,00;999998,00;999998,00;999998,00;;;;;;;;;;;;;;;;;4,2489;0,00000;0,0000;0,00000000;0,00000000;0,00225;Infinity;2,9629;27,942390;-0,003822;23,944430;23,873226;-0,0008;-0,0906;0,00;0,00;0,00;0,00;0,44;;5,240;5,253;0,0375436;20,94700;0,05800;0,01700;0,0004525;;1673,85;565,00;;;
;;566;20,94800;0,05900;0,029000;123,750;100,46;1635,7200;0,000;100,078;43,100;0,000;302,650;301,750;26,40;318,850;263,183;0,000;43,400;47,400;46,300;302,050;;;;;0,00;0,00;0,00;3,00;3,31;15,311;26,476;0,61;0,61;999998,00;999998,00;999998,00;999998,00;999998,00;999998,00;999998,00;999998,00;999998,00;999998,00;999998,00;999998,00;999998,00;999998,00;999998,00;;;;;;;;;;;;;;;;;5,3620;0,00000;0,0000;0,00000000;0,00000000;-0,00021;Infinity;2,9683;27,496076;-0,003853;23,561974;23,491907;-0,0008;-0,0899;0,00;0,00;0,00;0,00;0,44;;5,240;5,253;0,0473786;20,94700;0,05800;0,00700;0,0005790;;1673,85;566,00;;;
;;567;20,94700;0,05900;0,020000;133,825;100,46;1635,7200;0,000;100,076;43,100;0,000;302,650;301,750;26,40;318,850;263,177;0,000;43,400;47,400;46,300;302,050;;;;;0,00;0,00;0,00;3,00;3,31;15,286;26,468;0,61;0,61;999998,00;999998,00;999998,00;999998,00;999998,00;999998,00;999998,00;999998,00;999998,00;999998,00;999998,00;999998,00;999998,00;999998,00;999998,00;;;;;;;;;;;;;;;;;6,6481;0,00000;0,0000;0,00000000;0,00000000;-0,00098;Infinity;2,9749;28,593462;-0,003819;24,502347;24,429484;-0,0008;-0,0926;0,00;0,00;0,00;0,00;0,49;;5,241;5,254;0,0587428;20,94600;0,05700;0,00400;0,0006900;;1673,85;567,00;;;
;;568;20,94600;0,05700;0,011000;123,150;100,46;1635,7200;0,000;100,076;43,100;0,000;302,650;301,650;26,40;318,850;263,177;0,000;43,400;47,400;46,300;302,050;;;;;0,00;0,00;0,00;3,00;3,31;15,334;26,513;0,61;0,61;999998,00;999998,00;999998,00;999998,00;999998,00;999998,00;999998,00;999998,00;999998,00;999998,00;999998,00;999998,00;999998,00;999998,00;999998,00;;;;;;;;;;;;;;;;;6,1419;0,00000;0,0000;0,00000000;0,00000000;-0,00045;Infinity;2,9810;27,429337;-0,003850;23,504784;23,427121;-0,0008;-0,0895;0,00;0,00;0,00;0,00;0,47;;5,243;5,254;0,0542700;20,94600;0,05700;0,00600;0,0006647;;1673,85;568,00;;;
;;569;20,94700;0,05800;0,002000;131,250;100,46;1635,7200;0,000;100,076;43,100;0,000;302,650;301,750;26,40;318,850;263,183;0,000;43,400;47,400;46,300;302,050;;;;;0,00;0,00;0,00;3,00;3,31;15,297;26,478;0,61;0,61;999998,00;999998,00;999998,00;999998,00;999998,00;999998,00;999998,00;999998,00;999998,00;999998,00;999998,00;999998,00;999998,00;999998,00;999998,00;;;;;;;;;;;;;;;;;6,3724;0,00000;0,0000;-0,00083415;-0,00083415;-0,00172;-3,46380;2,9874;28,317035;-0,003799;24,265471;24,193312;-0,0008;-0,0912;0,00;0,00;0,00;0,00;0,45;;5,245;5,258;0,0563066;20,94700;0,05700;0,00100;0,0006676;;1673,85;569,00;;;
;;570;20,94700;0,05700;-0,010000;129,975;100,45;1635,7200;0,000;100,080;43,100;0,000;302,650;301,650;26,40;318,850;263,177;0,000;43,400;47,400;46,300;302,050;;;;;0,00;0,00;0,00;3,00;3,31;15,336;26,489;0,61;0,61;999998,00;999998,00;999998,00;999998,00;999998,00;999998,00;999998,00;999998,00;999998,00;999998,00;999998,00;999998,00;999998,00;999998,00;999998,00;;;;;;;;;;;;;;;;;6,3414;0,00000;0,0000;0,00500488;0,00500488;-0,00171;0,57449;2,9938;28,179159;-0,003764;24,147322;24,067536;-0,0008;-0,0899;0,00;0,00;0,00;0,00;0,45;;5,247;5,258;0,0560325;20,94700;0,05700;0,00100;0,0006676;;1673,85;570,00;;;
;;571;20,94600;0,05800;0,003000;128,850;100,45;1635,7100;0,000;100,078;43,100;0,000;302,650;301,650;26,40;318,817;263,177;0,000;43,400;47,300;46,300;302,050;;;;;0,00;0,00;0,00;3,00;3,31;15,326;26,484;0,61;0,61;999998,00;999998,00;999998,00;999998,00;999998,00;999998,00;999998,00;999998,00;999998,00;999998,00;999998,00;999998,00;999998,00;999998,00;999998,00;;;;;;;;;;;;;;;;;8,4816;0,00000;-72,6015;0,01084391;0,01084391;-0,00616;0,26400;3,0022;28,056942;-0,003745;24,042591;23,963151;-0,0008;-0,0891;0,00;0,00;-0,01;0,00;0,45;;5,250;5,266;0,0749438;20,94700;0,05700;-0,01700;0,0008953;;1673,84;571,00;;;
;;572;20,94800;0,05800;-0,014000;127,950;100,45;1635,7000;0,000;100,074;43,100;0,005;302,650;301,650;26,40;318,850;263,177;0,000;43,500;47,300;46,300;302,050;;;;;0,00;0,00;0,00;3,00;3,32;15,347;26,489;0,61;0,61;999998,00;999998,00;999998,00;999998,00;999998,00;999998,00;999998,00;999998,00;999998,00;999998,00;999998,00;999998,00;999998,00;999998,00;999998,00;;;;;;;;;;;;;;;;;6,4134;0,00000;-71,9855;0,01084391;0,01084391;-0,00243;0,34200;3,0087;27,958783;-0,003727;23,958478;23,879315;-0,0008;-0,0883;0,00;0,00;0,00;0,00;0,44;;5,254;5,266;0,0566692;20,94700;0,05900;-0,00200;0,0006802;;1673,83;572,00;;;
;;573;20,94700;0,05800;0,006000;128,925;100,45;1635,6899;0,000;100,076;43,100;0,005;302,650;301,650;26,40;318,783;263,177;0,000;43,400;47,300;46,200;302,050;;;;;0,00;0,00;0,00;3,00;3,32;15,332;26,481;0,61;0,61;999998,00;999998,00;999998,00;999998,00;999998,00;999998,00;999998,00;999998,00;999998,00;999998,00;999998,00;999998,00;999998,00;999998,00;999998,00;;;;;;;;;;;;;;;;;6,0755;0,00000;0,0000;0,00583903;0,00583903;-0,00145;0,56399;3,0147;28,065105;-0,003724;24,049587;23,970124;-0,0008;-0,0886;0,00;0,00;0,00;0,00;0,45;;5,256;5,273;0,0536834;20,94700;0,05800;0,00200;0,0006423;;1673,82;573,00;;;
;;574;20,94800;0,05800;0,014000;127,225;100,45;1635,6899;0,000;100,080;43,100;0,000;302,650;301,650;26,40;318,817;263,177;0,000;43,500;47,300;46,200;302,050;;;;;0,00;0,00;0,00;3,00;3,32;15,341;26,500;0,61;0,61;999998,00;999998,00;999998,00;999998,00;999998,00;999998,00;999998,00;999998,00;999998,00;999998,00;999998,00;999998,00;999998,00;999998,00;999998,00;;;;;;;;;;;;;;;;;4,0891;0,00000;0,0000;-0,00667318;-0,00667318;0,00348;-0,55417;3,0188;27,879459;-0,003721;23,890503;23,811565;-0,0008;-0,0880;0,00;0,00;0,00;0,00;0,48;;5,256;5,273;0,0361310;20,94600;0,05900;0,02200;0,0004369;;1673,82;574,00;;;
;;575;20,94600;0,05800;0,011000;124,775;100,45;1635,7000;0,000;100,080;43,100;0,000;302,650;301,650;26,40;318,817;263,177;0,000;43,500;47,300;46,200;302,050;;;;;0,00;0,00;0,00;3,00;3,32;15,328;26,505;0,61;0,61;999998,00;999998,00;999998,00;999998,00;999998,00;999998,00;999998,00;999998,00;999998,00;999998,00;999998,00;999998,00;999998,00;999998,00;999998,00;;;;;;;;;;;;;;;;;4,6115;0,00000;0,0000;-0,00583903;-0,00583903;0,00344;-0,62721;3,0234;27,609714;-0,003751;23,659352;23,581178;-0,0008;-0,0878;0,00;0,00;0,00;0,00;0,51;;5,254;5,273;0,0407471;20,94500;0,05900;0,02200;0,0004973;;1673,83;575,00;;;
;;576;20,94700;0,05800;0,017000;128,050;100,45;1635,7000;0,000;100,080;43,100;0,000;302,650;301,650;26,40;318,783;263,177;0,000;43,400;47,300;46,200;302,050;;;;;0,00;0,00;0,00;3,00;3,32;15,339;26,494;0,61;0,61;999998,00;999998,00;999998,00;999998,00;999998,00;999998,00;999998,00;999998,00;999998,00;999998,00;999998,00;999998,00;999998,00;999998,00;999998,00;;;;;;;;;;;;;;;;;4,3104;0,00000;0,0000;0,00083415;0,00083415;0,00448;3,93450;3,0277;27,969706;-0,003765;23,967838;23,888644;-0,0008;-0,0893;0,00;0,00;0,00;0,00;0,51;;5,253;5,273;0,0380863;20,94500;0,05800;0,02600;0,0004593;;1673,83;576,00;;;
;;577;20,94700;0,05700;0,007000;130,175;100,46;1635,7000;0,000;100,080;43,200;0,000;302,650;301,650;26,40;318,783;263,177;0,000;43,400;47,300;46,200;302,050;;;;;0,00;0,00;0,00;3,00;3,32;15,332;26,500;0,61;0,61;999998,00;999998,00;999998,00;999998,00;999998,00;999998,00;999998,00;999998,00;999998,00;999998,00;999998,00;999998,00;999998,00;999998,00;999998,00;;;;;;;;;;;;;;;;;5,9206;0,00000;0,0000;0,00000000;0,00000000;0,00128;Infinity;3,0337;28,200831;-0,003794;24,165893;24,086046;-0,0008;-0,0907;0,00;0,00;0,00;0,00;0,52;;5,253;5,273;0,0523144;20,94500;0,05800;0,01300;0,0006238;;1673,83;577,00;;;
;;578;20,94700;0,05700;0,004000;130,825;100,46;1635,7000;0,000;100,080;43,200;0,000;302,650;301,650;26,40;318,783;263,170;0,000;43,400;47,300;46,200;302,050;;;;;0,00;0,00;0,00;3,00;3,32;15,322;26,468;0,61;0,61;999998,00;999998,00;999998,00;999998,00;999998,00;999998,00;999998,00;999998,00;999998,00;999998,00;999998,00;999998,00;999998,00;999998,00;999998,00;;;;;;;;;;;;;;;;;4,7838;0,00000;0,0000;0,00000000;0,00000000;0,00153;Infinity;3,0384;28,271151;-0,003824;24,226152;24,146105;-0,0008;-0,0917;0,00;0,00;0,00;0,00;0,45;;5,253;5,273;0,0422700;20,94700;0,05700;0,01400;0,0005031;;1673,83;578,00;;;
;;579;20,94600;0,05700;0,006000;130,575;100,46;1635,7000;0,000;100,080;43,200;0,005;302,650;301,650;26,40;318,750;263,170;0,000;43,400;47,200;46,200;302,050;;;;;0,00;0,00;0,00;3,00;3,33;15,364;26,492;0,61;0,61;999998,00;999998,00;999998,00;999998,00;999998,00;999998,00;999998,00;999998,00;999998,00;999998,00;999998,00;999998,00;999998,00;999998,00;999998,00;;;;;;;;;;;;;;;;;6,4456;0,00000;0,0000;0,00000000;0,00000000;-0,00071;Infinity;3,0449;28,244125;-0,003788;24,202993;24,123023;-0,0008;-0,0907;0,00;0,00;0,00;0,00;0,48;;5,253;5,276;0,0569536;20,94600;0,05700;0,00500;0,0006773;;1673,83;579,00;;;
;;580;20,94600;0,05700;0,001000;130,100;100,45;1635,7000;0,000;100,078;43,200;0,005;302,650;301,650;26,40;318,750;263,170;0,000;43,400;47,200;46,200;302,050;;;;;0,00;0,00;0,00;3,00;3,33;15,313;26,502;0,61;0,61;999998,00;999998,00;999998,00;999998,00;999998,00;999998,00;999998,00;999998,00;999998,00;999998,00;999998,00;999998,00;999998,00;999998,00;999998,00;;;;;;;;;;;;;;;;;5,4970;0,00000;0,0000;0,00000000;0,00000000;0,00003;Infinity;3,0504;28,192707;-0,003768;24,158931;24,079107;-0,0008;-0,0901;0,00;0,00;0,00;0,00;0,45;;5,255;5,276;0,0485718;20,94700;0,05700;0,00800;0,0005790;;1673,83;580,00;;;
;;581;20,94700;0,05700;0,001000;130,975;100,46;1635,7000;0,000;100,078;43,200;0,005;302,650;301,650;26,40;318,717;263,170;0,000;43,400;47,200;46,100;302,050;;;;;0,00;0,00;0,00;3,00;3,33;15,355;26,484;0,61;0,61;999998,00;999998,00;999998,00;999998,00;999998,00;999998,00;999998,00;999998,00;999998,00;999998,00;999998,00;999998,00;999998,00;999998,00;999998,00;;;;;;;;;;;;;;;;;7,9135;0,00000;0,0000;0,00000000;0,00000000;-0,00396;Infinity;3,0583;28,287354;-0,003830;24,240037;24,159944;-0,0008;-0,0919;0,00;0,00;0,00;0,00;0,48;;5,257;5,283;0,0699239;20,94600;0,05800;-0,00800;0,0008291;;1673,83;581,00;;;
;;582;20,94700;0,05900;-0,017000;129,025;100,46;1635,7000;0,000;100,080;43,200;0,000;302,550;301,650;26,40;318,683;263,170;0,000;43,300;47,200;46,100;302,050;;;;;0,00;0,00;0,00;3,00;3,33;15,353;26,492;0,61;0,61;999998,00;999998,00;999998,00;999998,00;999998,00;999998,00;999998,00;999998,00;999998,00;999998,00;999998,00;999998,00;999998,00;999998,00;999998,00;;;;;;;;;;;;;;;;;4,8730;0,00000;0,0000;0,00000000;0,00000000;0,00102;Infinity;3,0632;28,080628;-0,003810;24,054938;23,983381;-0,0008;-0,0907;0,00;0,00;0,00;0,00;0,45;;5,259;5,283;0,0430580;20,94700;0,05800;0,01200;0,0005158;;1673,83;582,00;;;
;;583;20,94700;0,05800;-0,002000;129,475;100,46;1635,7000;0,000;100,078;43,100;0,000;302,650;301,650;26,40;318,683;263,170;0,000;43,300;47,200;46,100;302,050;;;;;0,00;0,00;0,00;3,00;3,33;15,362;26,481;0,61;0,61;999998,00;999998,00;999998,00;999998,00;999998,00;999998,00;999998,00;999998,00;999998,00;999998,00;999998,00;999998,00;999998,00;999998,00;999998,00;;;;;;;;;;;;;;;;;4,3659;0,00000;0,0000;-0,00083415;-0,00083415;0,00326;-3,95633;3,0675;28,124906;-0,003806;24,100832;24,021199;-0,0008;-0,0908;0,00;0,00;0,00;0,00;0,48;;5,258;5,286;0,0385770;20,94600;0,05800;0,02100;0,0004622;;1673,83;583,00;;;
;;584;20,94700;0,05900;0,002000;126,450;100,46;1635,7000;0,000;100,080;43,100;0,005;302,650;301,650;26,40;318,683;263,170;0,000;43,300;47,200;46,100;302,050;;;;;0,00;0,00;0,00;3,00;3,33;15,324;26,481;0,61;0,61;999998,00;999998,00;999998,00;999998,00;999998,00;999998,00;999998,00;999998,00;999998,00;999998,00;999998,00;999998,00;999998,00;999998,00;999998,00;;;;;;;;;;;;;;;;;4,4340;0,00000;0,0000;0,00583903;0,00583903;0,00298;0,55855;3,0720;27,794414;-0,003802;23,817626;23,738929;-0,0008;-0,0896;0,00;0,00;0,00;0,00;0,48;;5,256;5,286;0,0391786;20,94600;0,05800;0,02000;0,0004749;;1673,83;584,00;;;
;;585;20,94700;0,05900;0,022000;125,950;100,45;1635,6899;0,000;100,078;43,100;0,005;302,550;301,650;26,40;318,683;263,170;0,000;43,300;47,200;46,100;302,050;;;;;0,00;0,00;0,00;3,00;3,33;15,364;26,500;0,61;0,61;999998,00;999998,00;999998,00;999998,00;999998,00;999998,00;999998,00;999998,00;999998,00;999998,00;999998,00;999998,00;999998,00;999998,00;999998,00;;;;;;;;;;;;;;;;;3,0581;0,00000;0,0000;0,00583903;0,00583903;0,00346;0,55754;3,0750;27,743992;-0,003731;23,766563;23,695864;-0,0008;-0,0878;0,00;0,00;0,00;0,00;0,41;;5,254;5,280;0,0270214;20,94800;0,05800;0,02200;0,0003288;;1673,82;585,00;;;
;;586;20,94600;0,05800;0,022000;129,700;100,45;1635,6899;0,000;100,080;43,100;0,005;302,550;301,650;26,40;318,683;263,170;0,000;43,300;47,200;46,100;302,050;;;;;0,00;0,00;0,00;3,00;3,34;15,345;26,486;0,61;0,60;999998,00;999998,00;999998,00;999998,00;999998,00;999998,00;999998,00;999998,00;999998,00;999998,00;999998,00;999998,00;999998,00;999998,00;999998,00;;;;;;;;;;;;;;;;;2,8923;0,00000;0,0000;-0,00083415;-0,00083415;0,00302;-3,44384;3,0779;28,153984;-0,003711;24,117778;24,046034;-0,0008;-0,0886;0,00;0,00;0,00;0,00;0,38;;5,250;5,280;0,0255561;20,94900;0,05700;0,02000;0,0003064;;1673,82;586,00;;;
;;587;20,94500;0,05800;0,026000;126,425;100,45;1635,6899;0,000;100,078;43,100;0,005;302,550;301,650;26,40;318,683;263,170;0,000;43,300;47,200;46,100;302,050;;;;;0,00;0,00;0,00;3,00;3,34;15,345;26,500;0,61;0,60;999998,00;999998,00;999998,00;999998,00;999998,00;999998,00;999998,00;999998,00;999998,00;999998,00;999998,00;999998,00;999998,00;999998,00;999998,00;;;;;;;;;;;;;;;;;4,4959;0,00000;0,0000;0,00000000;0,00000000;0,00077;Infinity;3,0824;27,796259;-0,003690;23,811337;23,740505;-0,0008;-0,0870;0,00;0,00;0,00;0,00;0,41;;5,247;5,275;0,0397261;20,94800;0,05700;0,01100;0,0004807;;1673,82;587,00;;;
;;588;20,94500;0,05700;0,013000;124,300;100,45;1635,6899;0,000;100,078;43,100;0,005;302,550;301,650;26,40;318,683;263,170;0,000;43,300;47,200;46,100;302,050;;;;;0,00;0,00;0,00;3,00;3,34;15,320;26,518;0,61;0,60;999998,00;999998,00;999998,00;999998,00;999998,00;999998,00;999998,00;999998,00;999998,00;999998,00;999998,00;999998,00;999998,00;999998,00;999998,00;;;;;;;;;;;;;;;;;6,2024;0,00000;0,0000;-0,00083415;-0,00083415;-0,00167;-3,37139;3,0886;27,561664;-0,003685;23,610374;23,540140;-0,0008;-0,0861;0,00;0,00;0,00;0,00;0,44;;5,247;5,275;0,0548046;20,94700;0,05700;0,00100;0,0006676;;1673,82;588,00;;;
;;589;20,94500;0,05700;0,014000;132,375;100,44;1635,6899;0,000;100,078;43,200;0,005;302,550;301,550;26,40;318,683;263,170;0,000;43,300;47,200;46,100;302,050;;;;;0,00;0,00;0,00;3,00;3,34;15,320;26,494;0,61;0,60;999998,00;999998,00;999998,00;999998,00;999998,00;999998,00;999998,00;999998,00;999998,00;999998,00;999998,00;999998,00;999998,00;999998,00;999998,00;;;;;;;;;;;;;;;;;7,1024;0,00000;0,0000;0,00583903;0,00583903;-0,00223;0,57158;3,0957;28,442833;-0,003614;24,365217;24,284684;-0,0008;-0,0871;0,00;0,00;0,00;0,00;0,49;;5,250;5,277;0,0627565;20,94600;0,05800;-0,00100;0,0007406;;1673,82;589,00;;;
;;590;20,94700;0,05700;0,005000;124,875;100,44;1635,6799;0,000;100,078;43,200;0,005;302,550;301,550;26,40;318,617;263,170;0,000;43,300;47,100;46,000;302,050;;;;;0,00;0,00;0,00;3,00;3,34;15,303;26,500;0,61;0,60;999998,00;999998,00;999998,00;999998,00;999998,00;999998,00;999998,00;999998,00;999998,00;999998,00;999998,00;999998,00;999998,00;999998,00;999998,00;;;;;;;;;;;;;;;;;6,0989;0,00000;0,0000;0,00583903;0,00583903;-0,00167;0,55515;3,1018;27,625340;-0,003609;23,664921;23,586703;-0,0007;-0,0845;0,00;0,00;0,00;0,00;0,44;;5,252;5,277;0,0538902;20,94700;0,05800;0,00100;0,0006549;;1673,81;590,00;;;
;;591;20,94600;0,05800;0,008000;125,025;100,43;1635,6799;0,000;100,076;43,200;0,005;302,550;301,550;26,40;318,617;263,170;0,000;43,300;47,100;46,000;302,050;;;;;0,00;0,00;0,00;3,00;3,34;15,334;26,510;0,60;0,60;999998,00;999998,00;999998,00;999998,00;999998,00;999998,00;999998,00;999998,00;999998,00;999998,00;999998,00;999998,00;999998,00;999998,00;999998,00;;;;;;;;;;;;;;;;;7,1405;0,00000;0,0000;-0,00083415;-0,00083415;-0,00290;-4,39555;3,1090;27,641927;-0,003570;23,679130;23,600865;-0,0007;-0,0836;0,00;0,00;0,00;0,00;0,47;;5,254;5,283;0,0630935;20,94600;0,05900;-0,00400;0,0007659;;1673,81;591,00;;;
;;592;20,94700;0,05800;-0,008000;125,800;100,44;1635,6799;0,000;100,074;43,200;0,005;302,550;301,550;26,40;318,617;263,170;0,000;43,300;47,100;46,000;302,050;;;;;0,00;0,00;0,00;3,00;3,34;15,328;26,500;0,60;0,60;999998,00;999998,00;999998,00;999998,00;999998,00;999998,00;999998,00;999998,00;999998,00;999998,00;999998,00;999998,00;999998,00;999998,00;999998,00;;;;;;;;;;;;;;;;;6,2095;0,00000;0,0000;0,00000000;0,00000000;-0,00070;Infinity;3,1152;27,727466;-0,003614;23,752406;23,673899;-0,0008;-0,0849;0,00;0,00;0,00;0,00;0,47;;5,257;5,283;0,0548669;20,94600;0,05800;0,00500;0,0006647;;1673,81;592,00;;;
;;593;20,94600;0,05800;0,012000;128,125;100,43;1635,6799;0,000;100,078;43,200;0,005;302,550;301,550;26,40;318,583;263,170;0,000;43,200;47,100;46,000;302,050;;;;;0,00;0,00;0,00;3,00;3,35;15,345;26,497;0,60;0,60;999998,00;999998,00;999998,00;999998,00;999998,00;999998,00;999998,00;999998,00;999998,00;999998,00;999998,00;999998,00;999998,00;999998,00;999998,00;;;;;;;;;;;;;;;;;5,6658;0,00000;0,0000;0,00000000;0,00000000;0,00053;Infinity;3,1208;27,982520;-0,003575;23,970895;23,891666;-0,0007;-0,0848;0,00;0,00;0,00;0,00;0,48;;5,258;5,287;0,0500631;20,94600;0,05800;0,01000;0,0006014;;1673,81;593,00;;;
;;594;20,94700;0,05800;0,021000;131,450;100,44;1635,6799;0,000;100,078;43,200;0,005;302,550;301,550;26,40;318,583;263,170;0,000;43,200;47,100;46,000;302,050;;;;;0,00;0,00;0,00;3,00;3,35;15,307;26,505;0,60;0,60;999998,00;999998,00;999998,00;999998,00;999998,00;999998,00;999998,00;999998,00;999998,00;999998,00;999998,00;999998,00;999998,00;999998,00;999998,00;;;;;;;;;;;;;;;;;4,5534;0,00000;0,0000;0,00000000;0,00000000;0,00178;Infinity;3,1254;28,343284;-0,003602;24,279940;24,199689;-0,0008;-0,0865;0,00;0,00;0,00;0,00;0,45;;5,258;5,287;0,0402337;20,94700;0,05800;0,01500;0,0004778;;1673,81;594,00;;;
;;595;20,94600;0,05800;0,020000;131,375;100,43;1635,6799;0,000;100,078;43,200;0,005;302,550;301,550;26,40;318,583;263,170;0,000;43,200;47,100;46,000;302,050;;;;;0,00;0,00;0,00;3,00;3,35;15,305;26,510;0,60;0,60;999998,00;999998,00;999998,00;999998,00;999998,00;999998,00;999998,00;999998,00;999998,00;999998,00;999998,00;999998,00;999998,00;999998,00;999998,00;;;;;;;;;;;;;;;;;4,3985;0,00000;0,0000;0,00000000;0,00000000;0,00328;Infinity;3,1298;28,335197;-0,003563;24,273011;24,192783;-0,0008;-0,0856;0,00;0,00;0,00;0,00;0,48;;5,256;5,286;0,0388654;20,94600;0,05800;0,02100;0,0004622;;1673,81;595,00;;;
;;596;20,94600;0,05700;0,022000;122,850;100,44;1635,6799;0,000;100,078;43,200;0,005;302,550;301,550;26,40;318,583;263,170;0,000;43,200;47,100;46,000;302,050;;;;;0,00;0,00;0,00;3,00;3,35;15,324;26,484;0,60;0,60;999998,00;999998,00;999998,00;999998,00;999998,00;999998,00;999998,00;999998,00;999998,00;999998,00;999998,00;999998,00;999998,00;999998,00;999998,00;;;;;;;;;;;;;;;;;4,8411;0,00000;0,0000;0,00000000;0,00000000;0,00221;Infinity;3,1346;27,400436;-0,003624;23,472259;23,394678;-0,0007;-0,0842;0,00;0,00;0,00;0,00;0,47;;5,255;5,286;0,0427760;20,94600;0,05700;0,01700;0,0005255;;1673,81;596,00;;;
;;597;20,94800;0,05700;0,020000;132,900;100,43;1635,6799;0,000;100,078;43,200;0,005;302,550;301,550;26,40;318,583;263,170;0,000;43,200;47,100;46,000;302,050;;;;;0,00;0,00;0,00;3,00;3,35;15,307;26,521;0,60;0,60;999998,00;999998,00;999998,00;999998,00;999998,00;999998,00;999998,00;999998,00;999998,00;999998,00;999998,00;999998,00;999998,00;999998,00;999998,00;;;;;;;;;;;;;;;;;5,2489;0,00000;0,0000;0,00000000;0,00000000;0,00280;Infinity;3,1399;28,499181;-0,003568;24,413486;24,332794;-0,0008;-0,0862;0,00;0,00;0,00;0,00;0,52;;5,255;5,284;0,0463790;20,94500;0,05800;0,01900;0,0005479;;1673,81;597,00;;;
;;598;20,94900;0,05700;0,011000;130,175;100,44;1635,6799;0,000;100,078;43,200;0,005;302,450;301,550;26,40;318,550;263,170;0,000;43,100;47,100;46,000;302,050;;;;;0,00;0,00;0,00;3,00;3,35;15,345;26,505;0,60;0,60;999998,00;999998,00;999998,00;999998,00;999998,00;999998,00;999998,00;999998,00;999998,00;999998,00;999998,00;999998,00;999998,00;999998,00;999998,00;;;;;;;;;;;;;;;;;5,8014;0,00000;0,0000;0,00000000;0,00000000;0,00153;Infinity;3,1457;28,210154;-0,003594;24,157907;24,086021;-0,0008;-0,0859;0,00;0,00;0,00;0,00;0,52;;5,255;5,284;0,0512613;20,94500;0,05800;0,01400;0,0006112;;1673,81;598,00;;;
;;599;20,94800;0,05800;0,001000;125,925;100,44;1635,6799;0,000;100,074;43,200;0,005;302,550;301,550;26,40;318,517;263,170;0,000;43,100;47,000;46,000;302,050;;;;;0,00;0,00;0,00;3,00;3,35;15,303;26,502;0,60;0,60;999998,00;999998,00;999998,00;999998,00;999998,00;999998,00;999998,00;999998,00;999998,00;999998,00;999998,00;999998,00;999998,00;999998,00;999998,00;;;;;;;;;;;;;;;;;6,0934;0,00000;0,0000;-0,00083415;-0,00083415;-0,00046;-3,90235;3,1518;27,741239;-0,003621;23,764204;23,685658;-0,0008;-0,0851;0,00;0,00;0,00;0,00;0,47;;5,257;5,286;0,0538417;20,94600;0,05800;0,00600;0,0006520;;1673,81;599,00;;;
;;600;20,94700;0,05800;-0,001000;131,075;100,43;1635,6799;0,000;100,078;43,100;0,005;302,550;301,550;26,50;318,483;263,170;0,000;43,100;47,000;45,900;302,050;;;;;0,00;0,00;0,00;3,00;3,36;15,326;26,513;0,60;0,60;999998,00;999998,00;999998,00;999998,00;999998,00;999998,00;999998,00;999998,00;999998,00;999998,00;999998,00;999998,00;999998,00;999998,00;999998,00;;;;;;;;;;;;;;;;;8,0393;0,00000;0,0000;0,00583903;0,00583903;-0,00421;0,56876;3,1598;28,302827;-0,003531;24,245282;24,165146;-0,0007;-0,0847;0,00;0,00;0,00;0,00;0,48;;5,260;5,286;0,0710355;20,94600;0,05800;-0,00900;0,0008418;;1673,81;600,00;;;
;;601;20,94600;0,05900;0,001000;129,775;100,43;1635,6699;0,000;100,078;43,100;0,005;302,550;301,550;26,40;318,483;263,170;0,000;43,100;47,000;45,900;302,050;;;;;0,00;0,00;0,00;3,00;3,36;15,341;26,510;0,60;0,59;999998,00;999998,00;999998,00;999998,00;999998,00;999998,00;999998,00;999998,00;999998,00;999998,00;999998,00;999998,00;999998,00;999998,00;999998,00;;;;;;;;;;;;;;;;;6,7905;0,00000;0,0000;0,00583903;0,00583903;-0,00171;0,56594;3,1666;28,162124;-0,003490;24,124750;24,045012;-0,0007;-0,0833;0,00;0,00;0,00;0,00;0,48;;5,263;5,290;0,0600006;20,94600;0,05800;0,00100;0,0007153;;1673,80;601,00;;;
;;602;20,94700;0,05800;-0,004000;129,350;100,43;1635,6699;0,000;100,078;43,100;0,005;302,550;301,550;26,40;318,483;263,170;0,000;43,100;47,000;45,900;302,050;;;;;0,00;0,00;0,00;3,00;3,36;15,317;26,508;0,60;0,59;999998,00;999998,00;999998,00;999998,00;999998,00;999998,00;999998,00;999998,00;999998,00;999998,00;999998,00;999998,00;999998,00;999998,00;999998,00;;;;;;;;;;;;;;;;;7,1729;0,00000;0,0000;-0,00083415;-0,00083415;-0,00369;-3,95506;3,1738;28,115971;-0,003500;24,085215;24,005607;-0,0007;-0,0834;0,00;0,00;0,00;0,00;0,45;;5,266;5,290;0,0633797;20,94700;0,05800;-0,00700;0,0007561;;1673,80;602,00;;;
;;603;20,94600;0,05800;0,005000;122,150;100,43;1635,6699;0,000;100,078;43,100;0,005;302,550;301,550;26,40;318,483;263,177;0,000;43,100;47,000;45,900;302,050;;;;;0,00;0,00;0,00;3,00;3,36;15,355;26,524;0,60;0,59;999998,00;999998,00;999998,00;999998,00;999998,00;999998,00;999998,00;999998,00;999998,00;999998,00;999998,00;999998,00;999998,00;999998,00;999998,00;;;;;;;;;;;;;;;;;5,5620;0,00000;0,0000;0,00000000;0,00000000;-0,00045;Infinity;3,1793;27,322259;-0,003509;23,405290;23,327930;-0,0007;-0,0813;0,00;0,00;0,00;0,00;0,43;;5,268;5,293;0,0491456;20,94700;0,05700;0,00600;0,0006043;;1673,80;603,00;;;
;;604;20,94600;0,05800;0,010000;127,625;100,43;1635,6699;0,000;100,078;43,100;0,005;302,550;301,550;26,40;318,483;263,170;0,000;43,100;47,000;45,900;302,050;;;;;0,00;0,00;0,00;3,00;3,36;15,357;26,524;0,60;0,59;999998,00;999998,00;999998,00;999998,00;999998,00;999998,00;999998,00;999998,00;999998,00;999998,00;999998,00;999998,00;999998,00;999998,00;999998,00;;;;;;;;;;;;;;;;;3,7660;0,00000;0,0000;0,00000000;0,00000000;0,00348;Infinity;3,1831;27,927867;-0,003501;23,924077;23,845002;-0,0007;-0,0829;0,00;0,00;0,00;0,00;0,44;;5,267;5,293;0,0332767;20,94700;0,05700;0,02200;0,0004019;;1673,80;604,00;;;
;;605;20,94600;0,05800;0,015000;130,900;100,43;1635,6699;0,000;100,078;43,100;0,005;302,550;301,550;26,50;318,483;263,177;0,000;43,100;47,000;45,900;302,050;;;;;0,00;0,00;0,00;3,00;3,36;15,305;26,510;0,59;0,59;999998,00;999998,00;999998,00;999998,00;999998,00;999998,00;999998,00;999998,00;999998,00;999998,00;999998,00;999998,00;999998,00;999998,00;999998,00;;;;;;;;;;;;;;;;;2,3876;0,00000;0,0000;0,00000000;0,00000000;0,00528;Infinity;3,1855;28,283926;-0,003527;24,229091;24,149008;-0,0007;-0,0846;0,00;0,00;0,01;0,00;0,41;;5,263;5,288;0,0210969;20,94800;0,05700;0,02900;0,0002529;;1673,80;605,00;;;
;;606;20,94700;0,05700;0,021000;126,125;100,43;1635,6699;0,000;100,078;43,100;0,005;302,550;301,550;26,40;318,483;263,177;0,000;43,100;47,000;45,900;302,050;;;;;0,00;0,00;0,00;3,00;3,36;15,347;26,497;0,59;0,59;999998,00;999998,00;999998,00;999998,00;999998,00;999998,00;999998,00;999998,00;999998,00;999998,00;999998,00;999998,00;999998,00;999998,00;999998,00;;;;;;;;;;;;;;;;;3,2980;0,00000;0,0000;0,00000000;0,00000000;0,00322;Infinity;3,1888;27,763260;-0,003536;23,783068;23,704460;-0,0007;-0,0832;0,00;0,00;0,00;0,00;0,41;;5,259;5,288;0,0291410;20,94800;0,05700;0,02100;0,0003541;;1673,80;606,00;;;
;;607;20,94600;0,05800;0,017000;126,125;100,43;1635,6699;0,000;100,078;43,100;0,005;302,550;301,550;26,40;318,417;263,170;0,000;43,100;46,900;45,800;302,050;;;;;0,00;0,00;0,00;3,00;3,37;15,318;26,510;0,59;0,59;999998,00;999998,00;999998,00;999998,00;999998,00;999998,00;999998,00;999998,00;999998,00;999998,00;999998,00;999998,00;999998,00;999998,00;999998,00;;;;;;;;;;;;;;;;;3,7446;0,00000;0,0000;0,00000000;0,00000000;0,00322;Infinity;3,1925;27,763260;-0,003536;23,783068;23,704460;-0,0007;-0,0832;0,00;0,00;0,00;0,00;0,44;;5,256;5,281;0,0330876;20,94700;0,05800;0,02100;0,0004019;;1673,80;607,00;;;
;;608;20,94600;0,05800;0,019000;131,775;100,43;1635,6699;0,000;100,074;43,100;0,005;302,550;301,550;26,40;318,417;263,170;0,000;43,100;46,900;45,800;302,050;;;;;0,00;0,00;0,00;3,00;3,37;15,332;26,492;0,59;0,59;999998,00;999998,00;999998,00;999998,00;999998,00;999998,00;999998,00;999998,00;999998,00;999998,00;999998,00;999998,00;999998,00;999998,00;999998,00;;;;;;;;;;;;;;;;;4,3471;0,00000;0,0000;-0,00082397;-0,00082397;0,00104;-4,04124;3,1969;28,378301;-0,003562;24,309936;24,229586;-0,0008;-0,0857;0,00;0,00;0,00;0,00;0,41;;5,254;5,281;0,0384111;20,94800;0,05800;0,01200;0,0004554;;1673,80;608,00;;;
;;609;20,94500;0,05800;0,014000;127,725;100,43;1635,6699;0,000;100,078;43,100;0,005;302,550;301,550;26,40;318,417;263,170;0,000;43,100;46,900;45,800;302,050;;;;;0,00;0,00;0,00;3,00;3,37;15,261;26,526;0,59;0,59;999998,00;999998,00;999998,00;999998,00;999998,00;999998,00;999998,00;999998,00;999998,00;999998,00;999998,00;999998,00;999998,00;999998,00;999998,00;;;;;;;;;;;;;;;;;5,3589;0,00000;0,0000;0,00576782;0,00576782;-0,00095;0,49424;3,2022;27,938805;-0,003570;23,933447;23,854341;-0,0007;-0,0845;0,00;0,00;0,00;0,00;0,41;;5,254;5,278;0,0473512;20,94800;0,05700;0,00400;0,0005693;;1673,80;609,00;;;
;;610;20,94500;0,05800;0,006000;128,950;100,44;1635,6600;0,000;100,070;43,100;0,005;302,550;301,550;26,50;318,417;263,170;0,000;43,100;46,900;45,800;302,050;;;;;0,00;0,00;0,00;3,00;3,37;15,292;26,510;0,59;0,59;999998,00;999998,00;999998,00;999998,00;999998,00;999998,00;999998,00;999998,00;999998,00;999998,00;999998,00;999998,00;999998,00;999998,00;999998,00;;;;;;;;;;;;;;;;;7,1296;0,00000;0,0000;0,00576782;0,00576782;-0,00220;0,49661;3,2094;28,072466;-0,003596;24,047946;23,968462;-0,0008;-0,0856;0,00;0,00;0,00;0,00;0,48;;5,255;5,278;0,0629971;20,94600;0,05700;-0,00100;0,0007532;;1673,79;610,00;;;
;;611;20,94600;0,05800;-0,009000;126,575;100,44;1635,6600;0,000;100,078;43,100;0,005;302,550;301,550;26,50;318,417;263,170;0,000;43,100;46,900;45,800;302,050;;;;;0,00;0,00;0,00;3,00;3,37;15,349;26,516;0,59;0,59;999998,00;999998,00;999998,00;999998,00;999998,00;999998,00;999998,00;999998,00;999998,00;999998,00;999998,00;999998,00;999998,00;999998,00;999998,00;;;;;;;;;;;;;;;;;6,0513;0,00000;0,0000;-0,00082397;-0,00082397;-0,00242;-3,44409;3,2154;27,812744;-0,003604;23,825459;23,746710;-0,0008;-0,0850;0,00;0,00;0,00;0,00;0,41;;5,258;5,280;0,0534689;20,94800;0,05700;-0,00200;0,0006452;;1673,79;611,00;;;
;;612;20,94600;0,05800;0,001000;124,675;100,44;1635,6600;0,000;100,078;43,100;0,005;302,550;301,550;26,50;318,417;263,170;0,000;43,100;46,900;45,800;302,050;;;;;0,00;0,00;0,00;3,00;3,37;15,328;26,516;0,59;0,59;999998,00;999998,00;999998,00;999998,00;999998,00;999998,00;999998,00;999998,00;999998,00;999998,00;999998,00;999998,00;999998,00;999998,00;999998,00;;;;;;;;;;;;;;;;;5,4131;0,00000;0,0000;0,00000000;0,00000000;-0,00119;Infinity;3,2208;27,603209;-0,003663;23,645963;23,567807;-0,0008;-0,0857;0,00;0,00;0,00;0,00;0,40;;5,258;5,280;0,0478298;20,94800;0,05700;0,00300;0,0005819;;1673,79;612,00;;;
;;613;20,94600;0,05700;-0,007000;132,000;100,44;1635,6600;0,000;100,078;43,000;0,005;302,450;301,550;26,50;318,417;263,170;0,000;43,100;46,900;45,800;302,050;;;;;0,00;0,00;0,00;3,00;3,37;15,357;26,524;0,59;0,59;999998,00;999998,00;999998,00;999998,00;999998,00;999998,00;999998,00;999998,00;999998,00;999998,00;999998,00;999998,00;999998,00;999998,00;999998,00;;;;;;;;;;;;;;;;;5,0509;0,00000;0,0000;-0,00083415;-0,00083415;0,00104;-3,47481;3,2259;28,407213;-0,003586;24,326660;24,254271;-0,0008;-0,0863;0,00;0,00;0,00;0,00;0,45;;5,258;5,281;0,0446295;20,94700;0,05700;0,01200;0,0005284;;1673,79;613,00;;;
;;614;20,94700;0,05700;0,006000;127,075;100,44;1635,6600;0,000;100,086;43,100;0,005;302,450;301,550;26,50;318,383;263,170;0,000;43,100;46,800;45,800;302,050;;;;;0,00;0,00;0,00;3,00;3,38;15,326;26,516;0,59;0,58;999998,00;999998,00;999998,00;999998,00;999998,00;999998,00;999998,00;999998,00;999998,00;999998,00;999998,00;999998,00;999998,00;999998,00;999998,00;;;;;;;;;;;;;;;;;5,1639;0,00000;0,0000;0,00583903;0,00583903;0,00175;0,48705;3,2311;27,872230;-0,003628;23,868525;23,797499;-0,0008;-0,0857;0,00;0,00;0,00;0,00;0,48;;5,258;5,281;0,0456280;20,94600;0,05700;0,01500;0,0005508;;1673,79;614,00;;;
;;615;20,94700;0,05700;0,022000;133,700;100,44;1635,6500;0,000;100,074;43,100;0,005;302,450;301,550;26,50;318,383;263,170;0,000;43,100;46,800;45,800;302,050;;;;;0,00;0,00;0,00;3,00;3,38;15,322;26,532;0,59;0,58;999998,00;999998,00;999998,00;999998,00;999998,00;999998,00;999998,00;999998,00;999998,00;999998,00;999998,00;999998,00;999998,00;999998,00;999998,00;;;;;;;;;;;;;;;;;5,5103;0,00000;0,0000;0,00583903;0,00583903;0,00256;0,49959;3,2366;28,589552;-0,003584;24,482807;24,409954;-0,0008;-0,0869;0,00;0,00;0,00;0,00;0,53;;5,258;5,281;0,0486887;20,94500;0,05700;0,01800;0,0005732;;1673,78;615,00;;;
;;616;20,94700;0,05700;0,029000;132,500;100,43;1635,6500;0,000;100,078;43,100;0,005;302,450;301,550;26,50;318,383;263,170;0,000;43,100;46,800;45,800;302,050;;;;;0,00;0,00;0,00;3,00;3,38;15,326;26,510;0,59;0,58;999998,00;999998,00;999998,00;999998,00;999998,00;999998,00;999998,00;999998,00;999998,00;999998,00;999998,00;999998,00;999998,00;999998,00;999998,00;;;;;;;;;;;;;;;;;3,8067;0,00000;0,0000;-0,00083415;-0,00083415;0,00456;-4,00359;3,2404;28,460963;-0,003557;24,372689;24,300164;-0,0008;-0,0858;0,00;0,00;0,00;0,00;0,49;;5,257;5,281;0,0336362;20,94600;0,05800;0,02600;0,0003990;;1673,78;616,00;;;
;;617;20,94800;0,05800;0,021000;125,325;100,44;1635,6500;0,000;100,086;43,100;0,005;302,550;301,550;26,40;318,350;263,170;0,000;43,100;46,800;45,700;302,050;;;;;0,00;0,00;0,00;3,00;3,38;15,318;26,537;0,58;0,58;999998,00;999998,00;999998,00;999998,00;999998,00;999998,00;999998,00;999998,00;999998,00;999998,00;999998,00;999998,00;999998,00;999998,00;999998,00;;;;;;;;;;;;;;;;;5,7784;0,00000;0,0000;0,00000000;0,00000000;0,00272;Infinity;3,2462;27,675071;-0,003599;23,707522;23,629163;-0,0007;-0,0844;0,00;0,00;0,00;0,00;0,54;;5,257;5,282;0,0510579;20,94400;0,05700;0,01900;0,0006209;;1673,78;617,00;;;
;;618;20,94800;0,05800;0,021000;126,950;100,44;1635,6500;0,000;100,078;43,100;0,005;302,450;301,550;26,50;318,350;263,170;0,000;43,100;46,800;45,700;302,050;;;;;0,00;0,00;0,00;3,00;3,38;15,328;26,510;0,58;0,58;999998,00;999998,00;999998,00;999998,00;999998,00;999998,00;999998,00;999998,00;999998,00;999998,00;999998,00;999998,00;999998,00;999998,00;999998,00;;;;;;;;;;;;;;;;;5,6399;0,00000;0,0000;0,00000000;0,00000000;0,00077;Infinity;3,2518;27,858518;-0,003589;23,856782;23,785791;-0,0007;-0,0847;0,00;0,00;0,00;0,00;0,48;;5,257;5,282;0,0498341;20,94600;0,05700;0,01100;0,0006014;;1673,78;618,00;;;
;;619;20,94700;0,05700;0,012000;125,225;100,43;1635,6500;0,000;100,086;43,000;0,005;302,450;301,550;26,50;318,350;263,170;0,000;43,100;46,800;45,700;302,050;;;;;0,00;0,00;0,00;3,00;3,38;15,330;26,545;0,58;0,58;999998,00;999998,00;999998,00;999998,00;999998,00;999998,00;999998,00;999998,00;999998,00;999998,00;999998,00;999998,00;999998,00;999998,00;999998,00;;;;;;;;;;;;;;;;;5,2760;0,00000;0,0000;-0,00083415;-0,00083415;0,00028;-3,38446;3,2571;27,668600;-0,003544;23,694145;23,623638;-0,0007;-0,0831;0,00;0,00;0,00;0,00;0,44;;5,258;5,283;0,0466190;20,94700;0,05700;0,00900;0,0005664;;1673,78;619,00;;;
;;620;20,94800;0,05700;0,004000;127,075;100,44;1635,6500;0,000;100,070;43,100;0,005;302,450;301,550;26,50;318,350;263,170;0,000;43,100;46,800;45,700;302,050;;;;;0,00;0,00;0,00;3,00;3,38;15,330;26,534;0,58;0,58;999998,00;999998,00;999998,00;999998,00;999998,00;999998,00;999998,00;999998,00;999998,00;999998,00;999998,00;999998,00;999998,00;999998,00;999998,00;;;;;;;;;;;;;;;;;6,6625;0,00000;0,0000;0,00583903;0,00583903;-0,00366;0,48705;3,2637;27,872230;-0,003602;23,868525;23,797499;-0,0008;-0,0851;0,00;0,00;0,00;0,00;0,41;;5,259;5,283;0,0588699;20,94800;0,05700;-0,00700;0,0007084;;1673,78;620,00;;;
;;621;20,94800;0,05700;-0,001000;125,250;100,43;1635,6400;0,000;100,078;43,100;0,005;302,450;301,550;26,50;318,317;263,170;0,000;43,000;46,800;45,700;302,050;;;;;0,00;0,00;0,00;3,00;3,39;15,338;26,553;0,58;0,58;999998,00;999998,00;999998,00;999998,00;999998,00;999998,00;999998,00;999998,00;999998,00;999998,00;999998,00;999998,00;999998,00;999998,00;999998,00;;;;;;;;;;;;;;;;;7,5338;0,00000;0,0000;0,00583903;0,00583903;-0,00436;0,48354;3,2713;27,671361;-0,003575;23,696510;23,625996;-0,0007;-0,0838;0,00;0,00;0,00;0,00;0,44;;5,262;5,286;0,0665685;20,94700;0,05700;-0,01000;0,0008067;;1673,77;621,00;;;
;;622;20,94600;0,05700;-0,002000;131,925;100,43;1635,6400;0,000;100,078;43,100;0,005;302,450;301,550;26,50;318,283;263,170;0,000;43,000;46,700;45,700;302,050;;;;;0,00;0,00;0,00;3,00;3,39;15,328;26,524;0,58;0,58;999998,00;999998,00;999998,00;999998,00;999998,00;999998,00;999998,00;999998,00;999998,00;999998,00;999998,00;999998,00;999998,00;999998,00;999998,00;;;;;;;;;;;;;;;;;8,3105;0,00000;0,0000;-0,00083415;-0,00083415;-0,00473;-3,99489;3,2796;28,399142;-0,003564;24,319748;24,247380;-0,0008;-0,0858;0,00;0,00;0,00;0,00;0,49;;5,266;5,286;0,0734312;20,94600;0,05800;-0,01100;0,0008671;;1673,77;622,00;;;
;;623;20,94800;0,05700;0,003000;127,450;100,44;1635,6400;0,000;100,078;43,100;0,005;302,450;301,550;26,50;318,317;263,170;0,000;43,000;46,800;45,700;302,050;;;;;0,00;0,00;0,00;3,00;3,39;15,278;26,545;0,58;0,57;999998,00;999998,00;999998,00;999998,00;999998,00;999998,00;999998,00;999998,00;999998,00;999998,00;999998,00;999998,00;999998,00;999998,00;999998,00;;;;;;;;;;;;;;;;;7,3296;0,00000;0,0000;0,00000000;0,00000000;-0,00292;Infinity;3,2869;27,913325;-0,003657;23,903717;23,832586;-0,0008;-0,0865;0,00;0,00;0,00;0,00;0,48;;5,270;5,293;0,0647646;20,94600;0,05800;-0,00400;0,0007785;;1673,77;623,00;;;
;;624;20,94800;0,05700;0,012000;130,100;100,44;1635,6400;0,000;100,074;43,100;0,005;302,450;301,550;26,50;318,317;263,170;0,000;43,000;46,800;45,700;302,050;;;;;0,00;0,00;0,00;3,00;3,39;15,320;26,529;0,58;0,57;999998,00;999998,00;999998,00;999998,00;999998,00;999998,00;999998,00;999998,00;999998,00;999998,00;999998,00;999998,00;999998,00;999998,00;999998,00;;;;;;;;;;;;;;;;;6,9519;0,00000;0,0000;0,00000000;0,00000000;-0,00295;Infinity;3,2939;28,202027;-0,003629;24,150948;24,079082;-0,0008;-0,0867;0,00;0,00;0,00;0,00;0,45;;5,273;5,293;0,0614271;20,94700;0,05700;-0,00400;0,0007308;;1673,77;624,00;;;
;;625;20,94700;0,05700;0,015000;126,600;100,44;1635,6400;0,000;100,074;43,100;0,005;302,450;301,550;26,50;318,283;263,170;0,000;43,000;46,700;45,700;302,050;;;;;0,00;0,00;0,00;3,00;3,39;15,366;26,526;0,58;0,57;999998,00;999998,00;999998,00;999998,00;999998,00;999998,00;999998,00;999998,00;999998,00;999998,00;999998,00;999998,00;999998,00;999998,00;999998,00;;;;;;;;;;;;;;;;;3,5446;0,00000;0,0000;0,00000000;0,00000000;0,00249;Infinity;3,2974;27,820089;-0,003635;23,823873;23,752980;-0,0008;-0,0857;0,00;0,00;0,00;0,00;0,41;;5,273;5,294;0,0313199;20,94800;0,05800;0,01800;0,0003795;;1673,77;625,00;;;
;;626;20,94600;0,05800;0,018000;128,600;100,44;1635,6400;0,000;100,078;43,100;0,005;302,450;301,450;26,50;318,250;263,170;0,000;42,900;46,700;45,700;302,050;;;;;0,00;0,00;0,00;3,00;3,39;15,328;26,518;0,57;0,57;999998,00;999998,00;999998,00;999998,00;999998,00;999998,00;999998,00;999998,00;999998,00;999998,00;999998,00;999998,00;999998,00;999998,00;999998,00;;;;;;;;;;;;;;;;;4,7139;0,00000;0,0000;0,00000000;0,00000000;0,00251;Infinity;3,3021;28,038975;-0,003624;24,011318;23,931928;-0,0008;-0,0861;0,00;0,00;0,00;0,00;0,48;;5,271;5,294;0,0416517;20,94600;0,05800;0,01800;0,0005002;;1673,77;626,00;;;
;;627;20,94500;0,05700;0,026000;125,925;100,43;1635,6400;0,000;100,082;43,100;0,005;302,450;301,450;26,50;318,217;263,170;0,000;42,900;46,700;45,600;302,050;;;;;0,00;0,00;0,00;3,00;3,40;15,305;26,521;0,57;0,57;999998,00;999998,00;999998,00;999998,00;999998,00;999998,00;999998,00;999998,00;999998,00;999998,00;999998,00;999998,00;999998,00;999998,00;999998,00;;;;;;;;;;;;;;;;;6,1514;0,00000;0,0000;0,00000000;0,00000000;0,00175;Infinity;3,3083;27,745825;-0,003560;23,760277;23,681717;-0,0007;-0,0837;0,00;0,00;0,00;0,00;0,54;;5,271;5,292;0,0543540;20,94400;0,05800;0,01500;0,0006589;;1673,77;627,00;;;
;;628;20,94600;0,05700;0,019000;126,375;100,43;1635,6400;0,000;100,082;43,100;0,005;302,450;301,450;26,40;318,217;263,170;0,000;42,900;46,700;45,600;302,050;;;;;0,00;0,00;0,00;3,00;3,40;15,330;26,540;0,57;0,57;999998,00;999998,00;999998,00;999998,00;999998,00;999998,00;999998,00;999998,00;999998,00;999998,00;999998,00;999998,00;999998,00;999998,00;999998,00;;;;;;;;;;;;;;;;;4,9117;0,00000;0,0000;0,00000000;0,00000000;0,00200;Infinity;3,3132;27,795356;-0,003583;23,802694;23,723994;-0,0007;-0,0844;0,00;0,00;0,00;0,00;0,48;;5,272;5,292;0,0433996;20,94600;0,05800;0,01600;0,0005255;;1673,77;628,00;;;
;;629;20,94400;0,05700;0,011000;135,175;100,44;1635,6400;0,000;100,078;43,100;0,005;302,450;301,450;26,50;318,217;263,170;0,000;42,900;46,700;45,600;302,050;;;;;0,00;0,00;0,00;3,00;3,40;15,290;26,516;0,57;0,57;999998,00;999998,00;999998,00;999998,00;999998,00;999998,00;999998,00;999998,00;999998,00;999998,00;999998,00;999998,00;999998,00;999998,00;999998,00;;;;;;;;;;;;;;;;;6,6524;0,00000;0,0000;0,00000000;0,00000000;0,00003;Infinity;3,3198;28,746822;-0,003606;24,617486;24,536092;-0,0008;-0,0878;0,00;0,00;0,00;0,00;0,53;;5,273;5,296;0,0587808;20,94500;0,05800;0,00800;0,0006871;;1673,77;629,00;;;
;;630;20,94600;0,05700;0,009000;124,600;100,43;1635,6400;0,000;100,074;43,100;0,005;302,450;301,450;26,50;318,217;263,170;0,000;42,900;46,700;45,600;302,050;;;;;0,00;0,00;0,00;3,00;3,40;15,297;26,521;0,57;0,57;999998,00;999998,00;999998,00;999998,00;999998,00;999998,00;999998,00;999998,00;999998,00;999998,00;999998,00;999998,00;999998,00;999998,00;999998,00;;;;;;;;;;;;;;;;;6,8300;0,00000;0,0000;-0,00083415;-0,00083415;0,00028;-3,88239;3,3267;27,599466;-0,003576;23,634942;23,556797;-0,0007;-0,0836;0,00;0,00;0,00;0,00;0,54;;5,275;5,296;0,0603500;20,94400;0,05800;0,00900;0,0007348;;1673,77;630,00;;;
;;631;20,94700;0,05700;-0,007000;133,900;100,44;1635,6400;0,000;100,074;43,100;0,005;302,450;301,450;26,40;318,250;263,170;0,000;43,000;46,700;45,600;302,050;;;;;0,00;0,00;0,00;3,00;3,40;15,299;26,521;0,57;0,57;999998,00;999998,00;999998,00;999998,00;999998,00;999998,00;999998,00;999998,00;999998,00;999998,00;999998,00;999998,00;999998,00;999998,00;999998,00;;;;;;;;;;;;;;;;;8,4961;0,00000;0,0000;0,00583903;0,00583903;-0,00527;0,64995;3,3352;28,610929;-0,003587;24,501113;24,420104;-0,0008;-0,0870;0,00;0,00;-0,01;0,00;0,49;;5,279;5,303;0,0750711;20,94600;0,05900;-0,01300;0,0008797;;1673,77;631,00;;;
;;632;20,94800;0,05800;-0,010000;125,800;100,43;1635,6300;0,000;100,082;43,100;0,005;302,450;301,550;26,50;318,217;263,170;0,000;42,900;46,700;45,600;302,050;;;;;0,00;0,00;0,00;3,00;3,40;15,328;26,521;0,57;0,56;999998,00;999998,00;999998,00;999998,00;999998,00;999998,00;999998,00;999998,00;999998,00;999998,00;999998,00;999998,00;999998,00;999998,00;999998,00;;;;;;;;;;;;;;;;;5,0515;0,00000;0,0000;0,00583903;0,00583903;0,00028;0,62998;3,3402;27,732050;-0,003513;23,748481;23,677812;-0,0007;-0,0826;0,00;0,00;0,00;0,00;0,44;;5,281;5,303;0,0446353;20,94700;0,05900;0,00900;0,0005411;;1673,76;632,00;;;
;;633;20,94700;0,05800;-0,011000;134,700;100,43;1635,6300;0,000;100,086;43,100;0,005;302,450;301,550;26,40;318,217;263,170;0,000;43,000;46,600;45,600;302,050;;;;;0,00;0,00;0,00;3,00;3,40;15,338;26,545;0,57;0,56;999998,00;999998,00;999998,00;999998,00;999998,00;999998,00;999998,00;999998,00;999998,00;999998,00;999998,00;999998,00;999998,00;999998,00;999998,00;;;;;;;;;;;;;;;;;6,1478;0,00000;0,0000;-0,00083415;-0,00083415;0,00105;-4,03669;3,3464;28,696271;-0,003564;24,574196;24,501071;-0,0008;-0,0867;0,00;0,00;0,00;0,00;0,53;;5,282;5,309;0,0543223;20,94500;0,05800;0,01200;0,0006365;;1673,76;633,00;;;
;;634;20,94600;0,05700;-0,004000;128,550;100,44;1635,6300;0,000;100,074;43,100;0,005;302,450;301,550;26,50;318,183;263,170;0,000;42,900;46,600;45,600;302,050;;;;;0,00;0,00;0,00;3,00;3,41;15,320;26,505;0,57;0,56;999998,00;999998,00;999998,00;999998,00;999998,00;999998,00;999998,00;999998,00;999998,00;999998,00;999998,00;999998,00;999998,00;999998,00;999998,00;;;;;;;;;;;;;;;;;5,3464;0,00000;0,0000;0,00000000;0,00000000;0,00003;Infinity;3,3517;28,033524;-0,003650;24,006650;23,935213;-0,0008;-0,0867;0,00;0,00;0,00;0,00;0,44;;5,282;5,309;0,0472410;20,94700;0,05800;0,00800;0,0005664;;1673,76;634,00;;;
;;635;20,94600;0,05800;-0,004000;131,200;100,44;1635,6300;0,000;100,082;43,100;0,005;302,450;301,550;26,50;318,150;263,170;0,000;42,900;46,600;45,500;302,050;;;;;0,00;0,00;0,00;3,00;3,41;15,292;26,532;0,57;0,56;999998,00;999998,00;999998,00;999998,00;999998,00;999998,00;999998,00;999998,00;999998,00;999998,00;999998,00;999998,00;999998,00;999998,00;999998,00;;;;;;;;;;;;;;;;;6,5856;0,00000;0,0000;0,00000000;0,00000000;-0,00122;Infinity;3,3583;28,320999;-0,003631;24,252830;24,180661;-0,0008;-0,0872;0,00;0,00;0,00;0,00;0,48;;5,283;5,313;0,0581903;20,94600;0,05800;0,00300;0,0006900;;1673,76;635,00;;;
;;636;20,94700;0,05800;0,018000;125,100;100,44;1635,6300;0,000;100,086;43,100;0,005;302,450;301,550;26,50;318,150;263,170;0,000;42,900;46,600;45,500;302,050;;;;;0,00;0,00;0,00;3,00;3,41;15,301;26,532;0,57;0,56;999998,00;999998,00;999998,00;999998,00;999998,00;999998,00;999998,00;999998,00;999998,00;999998,00;999998,00;999998,00;999998,00;999998,00;999998,00;;;;;;;;;;;;;;;;;5,0048;0,00000;0,0000;0,00000000;0,00000000;0,00199;Infinity;3,3633;27,654787;-0,003630;23,682316;23,611845;-0,0008;-0,0851;0,00;0,00;0,00;0,00;0,47;;5,284;5,313;0,0442226;20,94600;0,05700;0,01600;0,0005382;;1673,76;636,00;;;
;;637;20,94800;0,05800;0,018000;128,850;100,44;1635,6300;0,000;100,082;43,100;0,005;302,450;301,550;26,50;318,150;263,170;0,000;42,900;46,600;45,500;302,050;;;;;0,00;0,00;0,00;3,00;3,41;15,347;26,532;0,57;0,56;999998,00;999998,00;999998,00;999998,00;999998,00;999998,00;999998,00;999998,00;999998,00;999998,00;999998,00;999998,00;999998,00;999998,00;999998,00;;;;;;;;;;;;;;;;;2,5788;0,00000;0,0000;0,00000000;0,00000000;0,00598;Infinity;3,3659;28,066217;-0,003647;24,034646;23,963126;-0,0008;-0,0868;0,00;0,00;0,01;0,00;0,45;;5,282;5,310;0,0227863;20,94700;0,05700;0,03200;0,0002753;;1673,76;637,00;;;
;;638;20,94600;0,05800;0,015000;124,300;100,44;1635,6300;0,000;100,086;43,100;0,005;302,450;301,450;26,50;318,117;263,170;0,000;42,800;46,600;45,500;302,050;;;;;0,00;0,00;0,00;3,00;3,41;15,318;26,532;0,57;0,56;999998,00;999998,00;999998,00;999998,00;999998,00;999998,00;999998,00;999998,00;999998,00;999998,00;999998,00;999998,00;999998,00;999998,00;999998,00;;;;;;;;;;;;;;;;;2,9503;0,00000;0,0000;-0,00083415;-0,00083415;0,00271;-3,37192;3,3688;27,566220;-0,003594;23,606471;23,528421;-0,0007;-0,0839;0,00;0,00;0,00;0,00;0,37;;5,278;5,310;0,0260691;20,94900;0,05700;0,01900;0,0003191;;1673,76;638,00;;;
;;639;20,94400;0,05800;0,016000;126,900;100,43;1635,6300;0,000;100,074;43,100;0,005;302,450;301,550;26,50;318,117;263,170;0,000;42,800;46,600;45,500;302,050;;;;;0,00;0,00;0,00;3,00;3,41;15,280;26,540;0,57;0,56;999998,00;999998,00;999998,00;999998,00;999998,00;999998,00;999998,00;999998,00;999998,00;999998,00;999998,00;999998,00;999998,00;999998,00;999998,00;;;;;;;;;;;;;;;;;5,3996;0,00000;0,0000;0,00583903;0,00583903;0,00126;0,48672;3,3742;27,853031;-0,003576;23,852084;23,781107;-0,0007;-0,0844;0,00;0,00;0,00;0,00;0,48;;5,276;5,306;0,0477105;20,94600;0,05700;0,01300;0,0005761;;1673,76;639,00;;;
;;640;20,94600;0,05800;0,008000;128,175;100,43;1635,6200;0,000;100,082;43,100;0,005;302,450;301,550;26,50;318,150;263,170;0,000;42,900;46,600;45,500;302,050;;;;;0,00;0,00;0,00;3,00;3,41;15,290;26,540;0,57;0,56;999998,00;999998,00;999998,00;999998,00;999998,00;999998,00;999998,00;999998,00;999998,00;999998,00;999998,00;999998,00;999998,00;999998,00;999998,00;;;;;;;;;;;;;;;;;5,8492;0,00000;0,0000;0,00583903;0,00583903;-0,00170;0,41578;3,3801;27,992606;-0,003576;23,971609;23,900277;-0,0007;-0,0848;0,00;0,00;0,00;0,00;0,41;;5,277;5,306;0,0516836;20,94800;0,05600;0,00100;0,0006199;;1673,75;640,00;;;
;;641;20,94500;0,05900;0,009000;127,375;100,44;1635,6200;0,000;100,082;43,100;0,005;302,450;301,450;26,50;318,083;263,170;0,000;42,800;46,500;45,500;302,050;;;;;0,00;0,00;0,00;3,00;3,42;15,315;26,548;0,57;0,56;999998,00;999998,00;999998,00;999998,00;999998,00;999998,00;999998,00;999998,00;999998,00;999998,00;999998,00;999998,00;999998,00;999998,00;999998,00;;;;;;;;;;;;;;;;;5,9828;0,00000;0,0000;-0,00083415;-0,00083415;-0,00342;-3,41338;3,3861;27,905111;-0,003629;23,896683;23,817672;-0,0008;-0,0858;0,00;0,00;0,00;0,00;0,37;;5,278;5,307;0,0528641;20,94900;0,05700;-0,00600;0,0006354;;1673,75;641,00;;;
;;642;20,94400;0,05900;-0,013000;131,025;100,43;1635,6200;0,000;100,082;43,100;0,005;302,450;301,450;26,50;318,117;263,170;0,000;42,900;46,500;45,500;302,050;;;;;0,00;0,00;0,00;3,00;3,42;15,343;26,550;0,57;0,56;999998,00;999998,00;999998,00;999998,00;999998,00;999998,00;999998,00;999998,00;999998,00;999998,00;999998,00;999998,00;999998,00;999998,00;999998,00;;;;;;;;;;;;;;;;;7,7954;0,00000;0,0000;0,00000000;0,00000000;-0,00346;Infinity;3,3938;28,302105;-0,003559;24,236650;24,156516;-0,0008;-0,0854;0,00;0,00;0,00;0,00;0,48;;5,280;5,307;0,0688798;20,94600;0,05700;-0,00600;0,0008165;;1673,75;642,00;;;
;;643;20,94600;0,05800;0,009000;124,825;100,43;1635,6200;0,000;100,082;43,100;0,005;302,450;301,450;26,50;318,117;263,170;0,000;42,900;46,500;45,500;302,050;;;;;0,00;0,00;0,00;3,00;3,42;15,322;26,540;0,57;0,56;999998,00;999998,00;999998,00;999998,00;999998,00;999998,00;999998,00;999998,00;999998,00;999998,00;999998,00;999998,00;999998,00;999998,00;999998,00;;;;;;;;;;;;;;;;;6,8663;0,00000;0,0000;0,00000000;0,00000000;-0,00070;Infinity;3,4007;27,624375;-0,003543;23,656273;23,578057;-0,0007;-0,0829;0,00;0,00;0,00;0,00;0,51;;5,283;5,311;0,0606706;20,94500;0,05700;0,00500;0,0007377;;1673,75;643,00;;;
;;644;20,94700;0,05800;0,012000;121,850;100,43;1635,6200;0,000;100,082;43,100;0,005;302,350;301,450;26,50;318,117;263,170;0,000;42,900;46,500;45,500;302,050;;;;;0,00;0,00;0,00;3,00;3,42;15,328;26,545;0,57;0,56;999998,00;999998,00;999998,00;999998,00;999998,00;999998,00;999998,00;999998,00;999998,00;999998,00;999998,00;999998,00;999998,00;999998,00;999998,00;;;;;;;;;;;;;;;;;5,7616;0,00000;0,0000;0,00000000;0,00000000;0,00003;Infinity;3,4065;27,297711;-0,003509;23,368803;23,299242;-0,0007;-0,0812;0,00;0,00;0,00;0,00;0,47;;5,285;5,311;0,0509094;20,94600;0,05800;0,00800;0,0006267;;1673,75;644,00;;;
;;645;20,94500;0,05800;0,008000;128,275;100,43;1635,6200;0,000;100,074;43,000;0,005;302,350;301,450;26,50;318,083;263,170;0,000;42,900;46,500;45,400;302,050;;;;;0,00;0,00;0,00;3,00;3,42;15,318;26,532;0,57;0,56;999998,00;999998,00;999998,00;999998,00;999998,00;999998,00;999998,00;999998,00;999998,00;999998,00;999998,00;999998,00;999998,00;999998,00;999998,00;;;;;;;;;;;;;;;;;5,4304;0,00000;0,0000;0,00000000;0,00000000;0,00102;Infinity;3,4119;28,008154;-0,003528;23,976994;23,905622;-0,0007;-0,0837;0,00;0,00;0,00;0,00;0,48;;5,286;5,314;0,0479834;20,94600;0,05800;0,01200;0,0005761;;1673,75;645,00;;;
;;646;20,94700;0,05700;0,003000;131,675;100,43;1635,6200;0,000;100,086;43,000;0,005;302,350;301,450;26,50;318,083;263,170;0,000;42,900;46,500;45,400;302,050;;;;;0,00;0,00;0,00;3,00;3,42;15,322;26,545;0,57;0,56;999998,00;999998,00;999998,00;999998,00;999998,00;999998,00;999998,00;999998,00;999998,00;999998,00;999998,00;999998,00;999998,00;999998,00;999998,00;;;;;;;;;;;;;;;;;4,4042;0,00000;0,0000;-0,00083415;-0,00083415;0,00354;-3,47109;3,4163;28,376912;-0,003530;24,292677;24,220365;-0,0007;-0,0849;0,00;0,00;0,00;0,00;0,49;;5,285;5,314;0,0389154;20,94600;0,05700;0,02200;0,0004622;;1673,75;646,00;;;
;;647;20,94600;0,05700;0,016000;134,950;100,43;1635,6200;0,000;100,074;43,000;0,005;302,350;301,450;26,50;318,050;263,170;0,000;42,800;46,500;45,400;302,050;;;;;0,00;0,00;0,00;3,00;3,42;15,320;26,558;0,57;0,56;999998,00;999998,00;999998,00;999998,00;999998,00;999998,00;999998,00;999998,00;999998,00;999998,00;999998,00;999998,00;999998,00;999998,00;999998,00;;;;;;;;;;;;;;;;;5,3546;0,00000;0,0000;0,00583903;0,00583903;0,00054;0,50200;3,4217;28,727637;-0,003549;24,592923;24,519718;-0,0008;-0,0864;0,00;0,00;0,00;0,00;0,46;;5,284;5,314;0,0473132;20,94700;0,05700;0,01000;0,0005537;;1673,75;647,00;;;
;;648;20,94600;0,05700;0,032000;128,750;100,44;1635,6100;0,000;100,074;43,000;0,005;302,450;301,450;26,50;318,050;263,170;0,000;42,800;46,500;45,400;302,050;;;;;0,00;0,00;0,00;3,00;3,43;15,294;26,550;0,57;0,57;999998,00;999998,00;999998,00;999998,00;999998,00;999998,00;999998,00;999998,00;999998,00;999998,00;999998,00;999998,00;999998,00;999998,00;999998,00;;;;;;;;;;;;;;;;;4,2653;0,00000;0,0000;0,00500488;0,00500488;0,00251;0,57196;3,4259;28,055323;-0,003587;24,025317;23,945882;-0,0008;-0,0853;0,00;0,00;0,00;0,00;0,44;;5,284;5,314;0,0376882;20,94700;0,05700;0,01800;0,0004525;;1673,74;648,00;;;
;;649;20,94700;0,05700;0,019000;127,700;100,43;1635,6100;0,000;100,074;43,000;0,005;302,350;301,450;26,50;318,050;263,170;0,000;42,800;46,500;45,400;302,050;;;;;0,00;0,00;0,00;3,00;3,43;15,307;26,537;0,57;0,57;999998,00;999998,00;999998,00;999998,00;999998,00;999998,00;999998,00;999998,00;999998,00;999998,00;999998,00;999998,00;999998,00;999998,00;999998,00;;;;;;;;;;;;;;;;;5,7775;0,00000;0,0000;0,00500488;0,00500488;0,00053;0,56972;3,4317;27,945309;-0,003571;23,923194;23,851982;-0,0007;-0,0846;0,00;0,00;0,00;0,00;0,48;;5,283;5,315;0,0510498;20,94600;0,05700;0,01000;0,0006141;;1673,74;649,00;;;
;;650;20,94900;0,05600;0,013000;125,225;100,44;1635,6000;0,000;100,074;43,000;0,005;302,350;301,450;26,50;318,017;263,170;0,000;42,800;46,400;45,400;302,050;;;;;0,00;0,00;0,00;3,00;3,43;15,320;26,558;0,57;0,57;999998,00;999998,00;999998,00;999998,00;999998,00;999998,00;999998,00;999998,00;999998,00;999998,00;999998,00;999998,00;999998,00;999998,00;999998,00;;;;;;;;;;;;;;;;;6,4342;0,00000;0,0000;0,00667318;0,00667318;-0,00094;0,42313;3,4381;27,673175;-0,003591;23,690228;23,619709;-0,0007;-0,0842;0,00;0,00;0,00;0,00;0,47;;5,284;5,315;0,0568522;20,94600;0,05700;0,00400;0,0006900;;1673,73;650,00;;;
;;651;20,94600;0,05700;0,001000;129,150;100,44;1635,6000;0,000;100,082;43,000;0,005;302,350;301,450;26,50;318,050;263,170;0,000;42,800;46,500;45,400;302,050;;;;;0,00;0,00;0,00;3,00;3,43;15,269;26,526;0,57;0,57;999998,00;999998,00;999998,00;999998,00;999998,00;999998,00;999998,00;999998,00;999998,00;999998,00;999998,00;999998,00;999998,00;999998,00;999998,00;;;;;;;;;;;;;;;;;8,5858;0,00000;0,0000;-0,00667318;-0,00667318;-0,00542;-0,49416;3,4467;28,103517;-0,003594;24,058632;23,987017;-0,0008;-0,0856;0,00;0,00;-0,01;0,00;0,48;;5,288;5,320;0,0758640;20,94600;0,05800;-0,01400;0,0009050;;1673,73;651,00;;;
;;652;20,94800;0,05700;-0,006000;126,975;100,44;1635,6100;0,000;100,082;43,000;0,005;302,350;301,450;26,50;318,017;263,170;0,000;42,800;46,400;45,400;302,050;;;;;0,00;0,00;0,00;3,00;3,43;15,330;26,553;0,57;0,57;999998,00;999998,00;999998,00;999998,00;999998,00;999998,00;999998,00;999998,00;999998,00;999998,00;999998,00;999998,00;999998,00;999998,00;999998,00;;;;;;;;;;;;;;;;;8,0659;0,00000;0,0000;-0,00583903;-0,00583903;-0,00562;-0,55998;3,4548;27,865869;-0,003597;23,855187;23,784178;-0,0008;-0,0849;0,00;0,00;-0,01;0,00;0,44;;5,293;5,320;0,0712705;20,94700;0,05800;-0,01500;0,0008573;;1673,74;652,00;;;
;;653;20,94900;0,05700;-0,006000;129,225;100,44;1635,6100;0,000;100,074;43,000;0,005;302,350;301,450;26,50;317,983;263,170;0,000;42,800;46,400;45,300;302,050;;;;;0,00;0,00;0,00;3,00;3,43;15,309;26,556;0,57;0,57;999998,00;999998,00;999998,00;999998,00;999998,00;999998,00;999998,00;999998,00;999998,00;999998,00;999998,00;999998,00;999998,00;999998,00;999998,00;;;;;;;;;;;;;;;;;7,8338;0,00000;0,0000;0,00083415;0,00083415;-0,00294;4,47024;3,4626;28,111676;-0,003652;24,065616;23,993980;-0,0008;-0,0870;0,00;0,00;0,00;0,00;0,52;;5,297;5,329;0,0692193;20,94500;0,05900;-0,00400;0,0008263;;1673,74;653,00;;;
;;654;20,94600;0,05800;0,005000;129,200;100,44;1635,6100;0,000;100,082;43,000;0,005;302,350;301,450;26,50;317,983;263,170;0,000;42,800;46,400;45,300;302,050;;;;;0,00;0,00;0,00;3,00;3,43;15,320;26,558;0,57;0,57;999998,00;999998,00;999998,00;999998,00;999998,00;999998,00;999998,00;999998,00;999998,00;999998,00;999998,00;999998,00;999998,00;999998,00;999998,00;;;;;;;;;;;;;;;;;6,7776;0,00000;0,0000;0,00000000;0,00000000;-0,00170;Infinity;3,4694;28,108956;-0,003655;24,063288;23,991659;-0,0008;-0,0871;0,00;0,00;0,00;0,00;0,48;;5,300;5,329;0,0598873;20,94600;0,05800;0,00100;0,0007153;;1673,74;654,00;;;
;;655;20,94500;0,05800;0,008000;131,950;100,44;1635,6100;0,000;100,074;43,000;0,005;302,350;301,450;26,50;317,983;263,170;0,000;42,800;46,400;45,300;302,050;;;;;0,00;0,00;0,00;3,00;3,44;15,307;26,548;0,57;0,57;999998,00;999998,00;999998,00;999998,00;999998,00;999998,00;999998,00;999998,00;999998,00;999998,00;999998,00;999998,00;999998,00;999998,00;999998,00;;;;;;;;;;;;;;;;;7,0925;0,00000;0,0000;0,00000000;0,00000000;-0,00197;Infinity;3,4765;28,406529;-0,003658;24,318031;24,245644;-0,0008;-0,0881;0,00;0,00;0,00;0,00;0,49;;5,302;5,336;0,0626692;20,94600;0,05700;0,00000;0,0007406;;1673,74;655,00;;;
;;656;20,94600;0,05700;0,012000;129,850;100,45;1635,6100;0,000;100,082;43,000;0,005;302,350;301,450;26,50;317,983;263,170;0,000;42,800;46,400;45,300;302,050;;;;;0,00;0,00;0,00;3,00;3,44;15,315;26,537;0,57;0,57;999998,00;999998,00;999998,00;999998,00;999998,00;999998,00;999998,00;999998,00;999998,00;999998,00;999998,00;999998,00;999998,00;999998,00;999998,00;;;;;;;;;;;;;;;;;4,1631;0,00000;0,0000;-0,00083415;-0,00083415;0,00277;-3,44695;3,4807;28,179575;-0,003714;24,123743;24,051934;-0,0008;-0,0887;0,00;0,00;0,00;0,00;0,45;;5,303;5,336;0,0367855;20,94700;0,05700;0,01900;0,0004398;;1673,74;656,00;;;
;;657;20,94600;0,05700;0,022000;129,600;100,44;1635,6100;0,000;100,082;43,000;0,005;302,350;301,450;26,50;317,983;263,170;0,000;42,800;46,400;45,300;302,050;;;;;0,00;0,00;0,00;3,00;3,44;15,294;26,548;0,57;0,57;999998,00;999998,00;999998,00;999998,00;999998,00;999998,00;999998,00;999998,00;999998,00;999998,00;999998,00;999998,00;999998,00;999998,00;999998,00;;;;;;;;;;;;;;;;;4,8531;0,00000;0,0000;0,00500488;0,00500488;0,00252;0,57394;3,4855;28,152436;-0,003664;24,100509;24,028770;-0,0008;-0,0874;0,00;0,00;0,00;0,00;0,48;;5,302;5,338;0,0428816;20,94600;0,05700;0,01800;0,0005129;;1673,74;657,00;;;
;;658;20,94600;0,05700;0,010000;129,775;100,44;1635,6000;0,000;100,080;43,000;0,005;302,350;301,450;26,50;317,983;263,170;0,000;42,800;46,400;45,300;302,050;;;;;0,00;0,00;0,00;3,00;3,44;15,286;26,548;0,57;0,57;999998,00;999998,00;999998,00;999998,00;999998,00;999998,00;999998,00;999998,00;999998,00;999998,00;999998,00;999998,00;999998,00;999998,00;999998,00;;;;;;;;;;;;;;;;;4,7986;0,00000;-70,6603;0,01084391;0,01084391;0,00028;0,26507;3,4903;28,171437;-0,003633;24,116775;24,044987;-0,0008;-0,0867;0,00;0,00;0,00;0,00;0,41;;5,301;5,338;0,0424005;20,94800;0,05700;0,00900;0,0005060;;1673,73;658,00;;;
;;659;20,94700;0,05700;0,018000;129,475;100,44;1635,5900;0,000;100,082;43,000;0,005;302,350;301,450;26,50;317,950;263,170;0,000;42,700;46,400;45,300;302,050;;;;;0,00;0,00;0,00;3,00;3,44;15,309;26,556;0,57;0,57;999998,00;999998,00;999998,00;999998,00;999998,00;999998,00;999998,00;999998,00;999998,00;999998,00;999998,00;999998,00;999998,00;999998,00;999998,00;;;;;;;;;;;;;;;;;3,0124;0,00000;-70,9831;0,01084391;0,01084391;0,00252;0,30448;3,4933;28,138856;-0,003654;24,088884;24,017179;-0,0008;-0,0871;0,00;0,00;0,00;0,00;0,38;;5,299;5,333;0,0266178;20,94900;0,05800;0,01800;0,0003191;;1673,72;659,00;;;
;;660;20,94700;0,05700;0,010000;131,400;100,45;1635,5800;0,000;100,082;43,000;0,005;302,350;301,450;26,50;317,950;263,170;0,000;42,700;46,400;45,300;302,050;;;;;0,00;0,00;0,00;3,00;3,44;15,273;26,550;0,57;0,57;999998,00;999998,00;999998,00;999998,00;999998,00;999998,00;999998,00;999998,00;999998,00;999998,00;999998,00;999998,00;999998,00;999998,00;999998,00;;;;;;;;;;;;;;;;;5,3745;0,00000;0,0000;0,00583903;0,00583903;0,00128;0,56965;3,4987;28,347265;-0,003727;24,267297;24,195061;-0,0008;-0,0895;0,00;0,00;0,00;0,00;0,49;;5,297;5,333;0,0474886;20,94600;0,05800;0,01300;0,0005635;;1673,71;660,00;;;
;;661;20,94600;0,05800;0,004000;123,075;100,44;1635,5800;0,000;100,082;43,000;0,005;302,350;301,450;26,50;317,917;263,170;0,000;42,700;46,300;45,300;302,050;;;;;0,00;0,00;0,00;3,00;3,44;15,320;26,548;0,57;0,57;999998,00;999998,00;999998,00;999998,00;999998,00;999998,00;999998,00;999998,00;999998,00;999998,00;999998,00;999998,00;999998,00;999998,00;999998,00;;;;;;;;;;;;;;;;;7,1426;0,00000;0,0000;-0,00667318;-0,00667318;-0,00045;-0,48240;3,5058;27,434585;-0,003678;23,485977;23,416067;-0,0008;-0,0855;0,00;0,00;0,00;0,00;0,54;;5,298;5,333;0,0631117;20,94400;0,05800;0,00600;0,0007728;;1673,71;661,00;;;
;;662;20,94600;0,05800;-0,014000;127,325;100,44;1635,5900;0,000;100,082;43,000;0,005;302,350;301,450;26,50;317,883;263,170;0,000;42,700;46,300;45,200;302,050;;;;;0,00;0,00;0,00;3,00;3,45;15,330;26,577;0,57;0,57;999998,00;999998,00;999998,00;999998,00;999998,00;999998,00;999998,00;999998,00;999998,00;999998,00;999998,00;999998,00;999998,00;999998,00;999998,00;;;;;;;;;;;;;;;;;7,7760;0,00000;0,0000;-0,00583903;-0,00583903;-0,00292;-0,63389;3,5136;27,904248;-0,003681;23,888042;23,816935;-0,0008;-0,0870;0,00;0,00;0,00;0,00;0,51;;5,302;5,333;0,0687085;20,94500;0,05900;-0,00400;0,0008263;;1673,72;662,00;;;
;;663;20,94600;0,05900;-0,015000;127,950;100,45;1635,5900;0,000;100,072;43,000;0,005;302,350;301,450;26,50;317,883;263,164;0,000;42,700;46,300;45,200;302,050;;;;;0,00;0,00;0,00;3,00;3,45;15,307;26,561;0,57;0,57;999998,00;999998,00;999998,00;999998,00;999998,00;999998,00;999998,00;999998,00;999998,00;999998,00;999998,00;999998,00;999998,00;999998,00;999998,00;;;;;;;;;;;;;;;;;7,4340;0,00000;0,0000;0,00083415;0,00083415;-0,00194;3,93488;3,5211;27,972651;-0,003737;23,946600;23,875319;-0,0008;-0,0886;0,00;0,00;0,00;0,00;0,51;;5,305;5,338;0,0656869;20,94500;0,05800;0,00000;0,0007883;;1673,72;663,00;;;
;;664;20,94700;0,05800;-0,004000;126,750;100,45;1635,5900;0,000;100,082;43,000;0,005;302,350;301,450;26,50;317,883;263,164;0,000;42,700;46,300;45,200;302,050;;;;;0,00;0,00;0,00;3,00;3,45;15,273;26,540;0,57;0,57;999998,00;999998,00;999998,00;999998,00;999998,00;999998,00;999998,00;999998,00;999998,00;999998,00;999998,00;999998,00;999998,00;999998,00;999998,00;;;;;;;;;;;;;;;;;4,1131;0,00000;0,0000;0,00000000;0,00000000;0,00274;Infinity;3,5252;27,841168;-0,003740;23,834042;23,763095;-0,0008;-0,0882;0,00;0,00;0,00;0,00;0,44;;5,306;5,338;0,0363438;20,94700;0,05700;0,01900;0,0004398;;1673,72;664,00;;;
;;665;20,94500;0,05700;0,001000;133,200;100,45;1635,5900;0,000;100,080;43,100;0,005;302,350;301,450;26,50;317,883;263,164;0,000;42,700;46,300;45,200;302,050;;;;;0,00;0,00;0,00;3,00;3,45;15,328;26,548;0,57;0,57;999998,00;999998,00;999998,00;999998,00;999998,00;999998,00;999998,00;999998,00;999998,00;999998,00;999998,00;999998,00;999998,00;999998,00;999998,00;;;;;;;;;;;;;;;;;5,1643;0,00000;0,0000;0,00000000;0,00000000;0,00230;Infinity;3,5303;28,540763;-0,003761;24,432945;24,360216;-0,0008;-0,0910;0,00;0,00;0,00;0,00;0,49;;5,305;5,341;0,0456321;20,94600;0,05600;0,01700;0,0005382;;1673,72;665,00;;;
;;666;20,94600;0,05700;0,000000;130,775;100,45;1635,5900;0,000;100,080;43,100;0,005;302,350;301,450;26,50;317,883;263,164;0,000;42,700;46,300;45,200;302,050;;;;;0,00;0,00;0,00;3,00;3,45;15,278;26,550;0,57;0,57;999998,00;999998,00;999998,00;999998,00;999998,00;999998,00;999998,00;999998,00;999998,00;999998,00;999998,00;999998,00;999998,00;999998,00;999998,00;;;;;;;;;;;;;;;;;5,7252;0,00000;0,0000;0,00000000;0,00000000;0,00078;Infinity;3,5361;28,279768;-0,003782;24,209515;24,137450;-0,0008;-0,0906;0,00;0,00;0,00;0,00;0,48;;5,305;5,341;0,0505877;20,94600;0,05700;0,01100;0,0006014;;1673,72;666,00;;;
;;667;20,94600;0,05700;0,019000;130,500;100,45;1635,5900;0,000;100,082;43,100;0,005;302,350;301,450;26,50;317,883;263,164;0,000;42,700;46,300;45,200;302,050;;;;;0,00;0,00;0,00;3,00;3,45;15,290;26,537;0,57;0,57;999998,00;999998,00;999998,00;999998,00;999998,00;999998,00;999998,00;999998,00;999998,00;999998,00;999998,00;999998,00;999998,00;999998,00;999998,00;;;;;;;;;;;;;;;;;4,8381;0,00000;0,0000;0,00000000;0,00000000;0,00377;Infinity;3,5409;28,250018;-0,003768;24,184046;24,112058;-0,0008;-0,0902;0,00;0,00;0,00;0,00;0,52;;5,305;5,340;0,0427499;20,94500;0,05700;0,02300;0,0005100;;1673,72;667,00;;;
;;668;20,94700;0,05700;0,018000;124,875;100,45;1635,5900;0,000;100,082;43,100;0,005;302,350;301,450;26,50;317,850;263,164;0,000;42,700;46,200;45,200;302,050;;;;;0,00;0,00;0,00;3,00;3,45;15,271;26,556;0,57;0,57;999998,00;999998,00;999998,00;999998,00;999998,00;999998,00;999998,00;999998,00;999998,00;999998,00;999998,00;999998,00;999998,00;999998,00;999998,00;;;;;;;;;;;;;;;;;4,0834;0,00000;0,0000;0,00000000;0,00000000;0,00247;Infinity;3,5450;27,634475;-0,003719;23,657098;23,586678;-0,0008;-0,0871;0,00;0,00;0,00;0,00;0,44;;5,304;5,340;0,0360810;20,94700;0,05800;0,01800;0,0004398;;1673,72;668,00;;;
;;669;20,94600;0,05800;0,009000;123,825;100,46;1635,5900;0,000;100,080;43,100;0,005;302,350;301,450;26,50;317,850;263,164;0,000;42,700;46,200;45,200;302,050;;;;;0,00;0,00;0,00;3,00;3,46;15,317;26,574;0,58;0,57;999998,00;999998,00;999998,00;999998,00;999998,00;999998,00;999998,00;999998,00;999998,00;999998,00;999998,00;999998,00;999998,00;999998,00;999998,00;;;;;;;;;;;;;;;;;4,7445;0,00000;0,0000;-0,00083415;-0,00083415;0,00222;-3,87094;3,5497;27,518048;-0,003792;23,557428;23,487305;-0,0008;-0,0884;0,00;0,00;0,00;0,00;0,47;;5,302;5,339;0,0419223;20,94600;0,05800;0,01700;0,0005129;;1673,72;669,00;;;
;;670;20,94800;0,05800;0,018000;127,025;100,46;1635,5900;0,000;100,082;43,100;0,005;302,350;301,450;26,50;317,850;263,164;0,000;42,600;46,300;45,200;302,050;;;;;0,00;0,00;0,00;3,00;3,46;15,278;26,548;0,58;0,57;999998,00;999998,00;999998,00;999998,00;999998,00;999998,00;999998,00;999998,00;999998,00;999998,00;999998,00;999998,00;999998,00;999998,00;999998,00;;;;;;;;;;;;;;;;;5,6737;0,00000;0,0000;0,00583903;0,00583903;-0,00046;0,48704;3,5554;27,871354;-0,003830;23,859883;23,788860;-0,0008;-0,0905;0,00;0,00;0,00;0,00;0,44;;5,302;5,339;0,0501332;20,94700;0,05700;0,00600;0,0006043;;1673,72;670,00;;;
;;671;20,94900;0,05800;0,013000;122,750;100,45;1635,5800;0,000;100,080;43,100;0,005;302,350;301,450;26,50;317,817;263,164;0,000;42,600;46,200;45,200;302,050;;;;;0,00;0,00;0,00;3,00;3,46;15,318;26,537;0,58;0,57;999998,00;999998,00;999998,00;999998,00;999998,00;999998,00;999998,00;999998,00;999998,00;999998,00;999998,00;999998,00;999998,00;999998,00;999998,00;;;;;;;;;;;;;;;;;6,1657;0,00000;0,0000;0,00583903;0,00583903;-0,00166;0,47877;3,5616;27,398338;-0,003781;23,454947;23,385129;-0,0008;-0,0878;0,00;0,00;0,00;0,00;0,43;;5,303;5,339;0,0544799;20,94700;0,05700;0,00100;0,0006676;;1673,71;671,00;;;
;;672;20,94600;0,05900;0,006000;132,825;100,45;1635,5800;0,000;100,082;43,100;0,005;302,350;301,450;26,50;317,783;263,164;0,000;42,600;46,200;45,100;302,050;;;;;0,00;0,00;0,00;3,00;3,46;15,299;26,548;0,58;0,57;999998,00;999998,00;999998,00;999998,00;999998,00;999998,00;999998,00;999998,00;999998,00;999998,00;999998,00;999998,00;999998,00;999998,00;999998,00;;;;;;;;;;;;;;;;;7,7595;0,00000;0,0000;-0,00083415;-0,00083415;-0,00449;-3,48621;3,5693;28,500559;-0,003768;24,398528;24,325901;-0,0008;-0,0910;0,00;0,00;0,00;0,00;0,45;;5,306;5,339;0,0685632;20,94700;0,05700;-0,01000;0,0008067;;1673,71;672,00;;;
;;673;20,94400;0,05800;-0,004000;128,625;100,46;1635,5800;0,000;100,080;43,100;0,005;302,350;301,450;26,50;317,783;263,164;0,000;42,600;46,200;45,100;302,050;;;;;0,00;0,00;0,00;3,00;3,46;15,309;26,550;0,58;0,57;999998,00;999998,00;999998,00;999998,00;999998,00;999998,00;999998,00;999998,00;999998,00;999998,00;999998,00;999998,00;999998,00;999998,00;999998,00;;;;;;;;;;;;;;;;;6,4005;0,00000;0,0000;0,00000000;0,00000000;-0,00071;Infinity;3,5757;28,046338;-0,003806;24,009682;23,938213;-0,0008;-0,0904;0,00;0,00;0,00;0,00;0,48;;5,308;5,342;0,0565548;20,94600;0,05700;0,00500;0,0006773;;1673,71;673,00;;;
;;674;20,94500;0,05700;0,000000;132,825;100,45;1635,5800;0,000;100,082;43,100;0,005;302,350;301,450;26,50;317,783;263,164;0,000;42,600;46,200;45,100;302,050;;;;;0,00;0,00;0,00;3,00;3,46;15,299;26,548;0,58;0,57;999998,00;999998,00;999998,00;999998,00;999998,00;999998,00;999998,00;999998,00;999998,00;999998,00;999998,00;999998,00;999998,00;999998,00;999998,00;;;;;;;;;;;;;;;;;6,5361;0,00000;0,0000;0,00000000;0,00000000;-0,00198;Infinity;3,5823;28,500559;-0,003756;24,398528;24,325901;-0,0008;-0,0907;0,00;0,00;0,00;0,00;0,45;;5,310;5,342;0,0577528;20,94700;0,05700;0,00000;0,0006802;;1673,71;674,00;;;
;;675;20,94500;0,05600;0,019000;128,975;100,45;1635,5800;0,000;100,080;43,100;0,005;302,350;301,350;26,50;317,783;263,164;0,000;42,600;46,200;45,100;302,050;;;;;0,00;0,00;0,00;3,00;3,46;15,299;26,564;0,58;0,57;999998,00;999998,00;999998,00;999998,00;999998,00;999998,00;999998,00;999998,00;999998,00;999998,00;999998,00;999998,00;999998,00;999998,00;999998,00;;;;;;;;;;;;;;;;;5,1141;0,00000;0,0000;0,00000000;0,00000000;0,00078;Infinity;3,5874;28,084471;-0,003777;24,042326;23,962808;-0,0008;-0,0898;0,00;0,00;0,00;0,00;0,45;;5,311;5,343;0,0451882;20,94700;0,05700;0,01100;0,0005411;;1673,71;675,00;;;
;;676;20,94700;0,05700;0,017000;122,350;100,45;1635,5800;0,000;100,082;43,100;0,005;302,350;301,450;26,50;317,783;263,164;0,000;42,600;46,200;45,100;302,050;;;;;0,00;0,00;0,00;3,00;3,47;15,303;26,574;0,58;0,57;999998,00;999998,00;999998,00;999998,00;999998,00;999998,00;999998,00;999998,00;999998,00;999998,00;999998,00;999998,00;999998,00;999998,00;999998,00;;;;;;;;;;;;;;;;;5,0678;0,00000;0,0000;0,00000000;0,00000000;0,00172;Infinity;3,5924;27,353660;-0,003728;23,416700;23,346996;-0,0008;-0,0864;0,00;0,00;0,00;0,00;0,47;;5,311;5,343;0,0447791;20,94600;0,05700;0,01500;0,0005508;;1673,71;676,00;;;
;;677;20,94600;0,05700;0,011000;129,725;100,46;1635,5800;0,000;100,080;43,100;0,005;302,350;301,350;26,50;317,783;263,164;0,000;42,600;46,200;45,100;302,050;;;;;0,00;0,00;0,00;3,00;3,47;15,328;26,548;0,58;0,57;999998,00;999998,00;999998,00;999998,00;999998,00;999998,00;999998,00;999998,00;999998,00;999998,00;999998,00;999998,00;999998,00;999998,00;999998,00;;;;;;;;;;;;;;;;;1,0461;0,00000;0,0000;0,00000000;0,00000000;0,00799;Infinity;3,5935;28,166008;-0,003783;24,112128;24,032379;-0,0008;-0,0902;0,00;0,00;0,01;0,00;0,41;;5,307;5,336;0,0092430;20,94800;0,05700;0,04000;0,0001136;;1673,71;677,00;;;
;;678;20,94600;0,05800;0,023000;130,400;100,45;1635,5800;0,000;100,080;43,100;0,005;302,250;301,350;26,50;317,783;263,164;0,000;42,600;46,200;45,100;302,050;;;;;0,00;0,00;0,00;3,00;3,47;15,320;26,564;0,58;0,58;999998,00;999998,00;999998,00;999998,00;999998,00;999998,00;999998,00;999998,00;999998,00;999998,00;999998,00;999998,00;999998,00;999998,00;999998,00;;;;;;;;;;;;;;;;;4,0839;0,00000;0,0000;0,00000000;0,00000000;0,00153;Infinity;3,5976;28,243862;-0,003699;24,170780;24,098808;-0,0008;-0,0885;0,00;0,00;0,00;0,00;0,41;;5,303;5,336;0,0360852;20,94800;0,05800;0,01400;0,0004301;;1673,71;678,00;;;
;;679;20,94500;0,05800;0,018000;128,350;100,45;1635,5800;0,000;100,080;43,100;0,005;302,350;301,350;26,50;317,750;263,164;0,000;42,500;46,200;45,100;302,050;;;;;0,00;0,00;0,00;3,00;3,47;15,324;26,577;0,58;0,58;999998,00;999998,00;999998,00;999998,00;999998,00;999998,00;999998,00;999998,00;999998,00;999998,00;999998,00;999998,00;999998,00;999998,00;999998,00;;;;;;;;;;;;;;;;;4,9499;0,00000;0,0000;0,00000000;0,00000000;0,00226;Infinity;3,6025;28,016340;-0,003737;23,984002;23,904677;-0,0008;-0,0887;0,00;0,00;0,00;0,00;0,48;;5,302;5,330;0,0437375;20,94600;0,05700;0,01700;0,0005255;;1673,71;679,00;;;
;;680;20,94700;0,05700;0,017000;125,750;100,45;1635,5800;0,000;100,080;43,100;0,005;302,250;301,350;26,50;317,717;263,164;0,000;42,500;46,100;45,100;302,050;;;;;0,00;0,00;0,00;3,00;3,47;15,252;26,577;0,58;0,58;999998,00;999998,00;999998,00;999998,00;999998,00;999998,00;999998,00;999998,00;999998,00;999998,00;999998,00;999998,00;999998,00;999998,00;999998,00;;;;;;;;;;;;;;;;;5,5278;0,00000;0,0000;-0,00083415;-0,00083415;-0,00046;-3,90154;3,6080;27,735710;-0,003775;23,735909;23,665232;-0,0008;-0,0887;0,00;0,00;0,00;0,00;0,44;;5,302;5,330;0,0488440;20,94700;0,05800;0,00600;0,0005917;;1673,71;680,00;;;
;;681;20,94600;0,05700;0,006000;127,500;100,45;1635,5800;0,000;100,082;43,100;0,005;302,250;301,350;26,50;317,717;263,164;0,000;42,500;46,100;45,100;302,050;;;;;0,00;0,00;0,00;3,00;3,47;15,275;26,580;0,58;0,58;999998,00;999998,00;999998,00;999998,00;999998,00;999998,00;999998,00;999998,00;999998,00;999998,00;999998,00;999998,00;999998,00;999998,00;999998,00;;;;;;;;;;;;;;;;;7,4526;0,00000;0,0000;0,00583903;0,00583903;-0,00293;0,48802;3,6155;27,928036;-0,003743;23,900499;23,829332;-0,0008;-0,0885;0,00;0,00;0,00;0,00;0,48;;5,304;5,332;0,0658509;20,94600;0,05700;-0,00400;0,0007912;;1673,71;681,00;;;
;;682;20,94700;0,05700;0,001000;129,350;100,46;1635,5699;0,000;100,084;43,100;0,005;302,250;301,350;26,50;317,717;263,164;0,000;42,500;46,100;45,100;302,050;;;;;0,00;0,00;0,00;3,00;3,47;15,257;26,577;0,58;0,58;999998,00;999998,00;999998,00;999998,00;999998,00;999998,00;999998,00;999998,00;999998,00;999998,00;999998,00;999998,00;999998,00;999998,00;999998,00;;;;;;;;;;;;;;;;;8,2623;0,00000;0,0000;0,00583903;0,00583903;-0,00568;0,49155;3,6238;28,129921;-0,003850;24,073271;24,001588;-0,0008;-0,0917;0,00;0,00;-0,01;0,00;0,45;;5,307;5,332;0,0730054;20,94700;0,05700;-0,01500;0,0008700;;1673,70;682,00;;;
;;683;20,94700;0,05700;-0,010000;134,225;100,46;1635,5699;0,000;100,080;43,100;0,005;302,350;301,350;26,50;317,683;263,164;0,000;42,500;46,100;45,000;302,050;;;;;0,00;0,00;0,00;3,00;3,48;15,305;26,534;0,58;0,58;999998,00;999998,00;999998,00;999998,00;999998,00;999998,00;999998,00;999998,00;999998,00;999998,00;999998,00;999998,00;999998,00;999998,00;999998,00;;;;;;;;;;;;;;;;;6,9394;0,00000;0,0000;-0,00083415;-0,00083415;-0,00275;-3,50452;3,6307;28,650366;-0,003818;24,526774;24,445653;-0,0008;-0,0927;0,00;0,00;0,00;0,00;0,45;;5,311;5,338;0,0613168;20,94700;0,05700;-0,00300;0,0007182;;1673,70;683,00;;;
;;684;20,94700;0,05700;0,005000;127,650;100,47;1635,5699;0,000;100,082;43,100;0,005;302,250;301,350;26,50;317,683;263,164;0,000;42,500;46,100;45,000;302,050;;;;;0,00;0,00;0,00;3,00;3,48;15,265;26,561;0,58;0,58;999998,00;999998,00;999998,00;999998,00;999998,00;999998,00;999998,00;999998,00;999998,00;999998,00;999998,00;999998,00;999998,00;999998,00;999998,00;;;;;;;;;;;;;;;;;7,4882;0,00000;0,0000;0,00000000;0,00000000;-0,00416;Infinity;3,6382;27,944460;-0,003908;23,914555;23,843345;-0,0008;-0,0925;0,00;0,00;0,00;0,00;0,44;;5,314;5,338;0,0661656;20,94700;0,05700;-0,00900;0,0007941;;1673,70;684,00;;;
;;685;20,94600;0,05700;0,000000;127,275;100,47;1635,5699;0,000;100,080;43,100;0,005;302,250;301,450;26,50;317,683;263,164;0,000;42,500;46,100;45,000;302,050;;;;;0,00;0,00;0,00;3,00;3,48;15,296;26,574;0,58;0,58;999998,00;999998,00;999998,00;999998,00;999998,00;999998,00;999998,00;999998,00;999998,00;999998,00;999998,00;999998,00;999998,00;999998,00;999998,00;;;;;;;;;;;;;;;;;6,4556;0,00000;0,0000;0,00000000;0,00000000;0,00053;Infinity;3,6446;27,903382;-0,003962;23,879401;23,816196;-0,0008;-0,0937;0,00;0,00;0,00;0,00;0,51;;5,316;5,342;0,0570419;20,94500;0,05600;0,01000;0,0006871;;1673,70;685,00;;;
;;686;20,94700;0,05700;0,011000;132,975;100,46;1635,5699;0,000;100,080;43,100;0,005;302,350;301,350;26,50;317,683;263,164;0,000;42,500;46,100;45,000;302,050;;;;;0,00;0,00;0,00;3,00;3,48;15,248;26,550;0,58;0,58;999998,00;999998,00;999998,00;999998,00;999998,00;999998,00;999998,00;999998,00;999998,00;999998,00;999998,00;999998,00;999998,00;999998,00;999998,00;;;;;;;;;;;;;;;;;5,1928;0,00000;0,0000;0,00000000;0,00000000;0,00079;Infinity;3,6498;28,516647;-0,003827;24,412301;24,331559;-0,0008;-0,0924;0,00;0,00;0,00;0,00;0,45;;5,317;5,342;0,0458836;20,94700;0,05700;0,01100;0,0005411;;1673,70;686,00;;;
;;687;20,94700;0,05700;0,015000;126,075;100,47;1635,5699;0,000;100,072;43,100;0,005;302,250;301,450;26,50;317,683;263,164;0,000;42,500;46,100;45,000;302,050;;;;;0,00;0,00;0,00;3,00;3,48;15,273;26,585;0,58;0,58;999998,00;999998,00;999998,00;999998,00;999998,00;999998,00;999998,00;999998,00;999998,00;999998,00;999998,00;999998,00;999998,00;999998,00;999998,00;;;;;;;;;;;;;;;;;3,7450;0,00000;0,0000;0,00000000;0,00000000;0,00346;Infinity;3,6536;27,771529;-0,003898;23,766562;23,703656;-0,0008;-0,0917;0,00;0,00;0,00;0,00;0,44;;5,315;5,341;0,0330904;20,94700;0,05700;0,02200;0,0004019;;1673,70;687,00;;;
;;688;20,94600;0,05800;0,040000;130,025;100,46;1635,5699;0,000;100,080;43,100;0,005;302,250;301,350;26,50;317,717;263,164;0,000;42,500;46,100;45,100;302,050;;;;;0,00;0,00;0,00;3,00;3,48;15,292;26,577;0,58;0,58;999998,00;999998,00;999998,00;999998,00;999998,00;999998,00;999998,00;999998,00;999998,00;999998,00;999998,00;999998,00;999998,00;999998,00;999998,00;;;;;;;;;;;;;;;;;5,0463;0,00000;0,0000;-0,00082397;-0,00082397;-0,00022;-3,49242;3,6586;28,203222;-0,003814;24,136001;24,064132;-0,0008;-0,0911;0,00;0,00;0,00;0,00;0,41;;5,314;5,341;0,0445888;20,94800;0,05700;0,00700;0,0005313;;1673,70;688,00;;;
;;689;20,94800;0,05700;0,014000;130,675;100,46;1635,5699;0,000;100,072;43,100;0,005;302,250;301,350;26,50;317,717;263,164;0,000;42,500;46,100;45,100;302,050;;;;;0,00;0,00;0,00;3,00;3,48;15,288;26,574;0,58;0,58;999998,00;999998,00;999998,00;999998,00;999998,00;999998,00;999998,00;999998,00;999998,00;999998,00;999998,00;999998,00;999998,00;999998,00;999998,00;;;;;;;;;;;;;;;;;5,0271;0,00000;0,0000;0,00576782;0,00576782;0,00103;0,50016;3,6637;28,273629;-0,003816;24,196254;24,124206;-0,0008;-0,0914;0,00;0,00;0,00;0,00;0,45;;5,314;5,338;0,0444197;20,94700;0,05700;0,01200;0,0005284;;1673,70;689,00;;;
;;690;20,94800;0,05800;0,017000;125,975;100,45;1635,5601;0,000;100,072;43,100;0,005;302,250;301,350;26,50;317,717;263,164;0,000;42,500;46,100;45,100;302,050;;;;;0,00;0,00;0,00;3,00;3,49;15,311;26,558;0,58;0,58;999998,00;999998,00;999998,00;999998,00;999998,00;999998,00;999998,00;999998,00;999998,00;999998,00;999998,00;999998,00;999998,00;999998,00;999998,00;;;;;;;;;;;;;;;;;6,2472;0,00000;0,0000;0,00576782;0,00576782;-0,00168;0,49109;3,6699;27,760513;-0,003767;23,757135;23,686395;-0,0008;-0,0886;0,00;0,00;0,00;0,00;0,44;;5,314;5,338;0,0552000;20,94700;0,05700;0,00100;0,0006676;;1673,69;690,00;;;
;;691;20,94600;0,05700;0,006000;131,525;100,45;1635,5601;0,000;100,082;43,100;0,005;302,250;301,350;26,50;317,650;263,164;0,000;42,500;46,000;45,000;302,050;;;;;0,00;0,00;0,00;3,00;3,49;15,303;26,580;0,58;0,58;999998,00;999998,00;999998,00;999998,00;999998,00;999998,00;999998,00;999998,00;999998,00;999998,00;999998,00;999998,00;999998,00;999998,00;999998,00;;;;;;;;;;;;;;;;;5,9279;0,00000;0,0000;-0,00082397;-0,00082397;-0,00197;-3,51251;3,6758;28,365435;-0,003769;24,274821;24,202538;-0,0008;-0,0906;0,00;0,00;0,00;0,00;0,41;;5,315;5,338;0,0523792;20,94800;0,05700;0,00000;0,0006199;;1673,69;691,00;;;
;;692;20,94700;0,05700;-0,004000;130,025;100,45;1635,5601;0,000;100,080;43,100;0,005;302,250;301,350;26,50;317,650;263,164;0,000;42,500;46,000;45,000;302,050;;;;;0,00;0,00;0,00;3,00;3,49;15,317;26,569;0,58;0,58;999998,00;999998,00;999998,00;999998,00;999998,00;999998,00;999998,00;999998,00;999998,00;999998,00;999998,00;999998,00;999998,00;999998,00;999998,00;;;;;;;;;;;;;;;;;4,9251;0,00000;0,0000;0,00000000;0,00000000;0,00003;Infinity;3,6808;28,203222;-0,003771;24,136001;24,064132;-0,0008;-0,0901;0,00;0,00;0,00;0,00;0,41;;5,315;5,338;0,0435186;20,94800;0,05700;0,00800;0,0005187;;1673,69;692,00;;;
;;693;20,94600;0,05700;-0,015000;130,400;100,45;1635,5601;0,000;100,080;43,100;0,005;302,250;301,350;26,50;317,650;263,158;0,000;42,500;46,000;45,000;302,050;;;;;0,00;0,00;0,00;3,00;3,49;15,235;26,582;0,58;0,58;999998,00;999998,00;999998,00;999998,00;999998,00;999998,00;999998,00;999998,00;999998,00;999998,00;999998,00;999998,00;999998,00;999998,00;999998,00;;;;;;;;;;;;;;;;;4,4153;0,00000;0,0000;0,00000000;0,00000000;0,00228;Infinity;3,6852;28,243862;-0,003772;24,170780;24,098808;-0,0008;-0,0903;0,00;0,00;0,00;0,00;0,45;;5,315;5,338;0,0390134;20,94700;0,05700;0,01700;0,0004651;;1673,69;693,00;;;
;;694;20,94700;0,05700;-0,003000;132,900;100,46;1635,5601;0,000;100,080;43,100;0,005;302,250;301,350;26,50;317,617;263,158;0,000;42,400;46,000;45,000;302,050;;;;;0,00;0,00;0,00;3,00;3,49;15,317;26,574;0,58;0,58;999998,00;999998,00;999998,00;999998,00;999998,00;999998,00;999998,00;999998,00;999998,00;999998,00;999998,00;999998,00;999998,00;999998,00;999998,00;;;;;;;;;;;;;;;;;4,6703;0,00000;0,0000;0,00000000;0,00000000;0,00305;Infinity;3,6898;28,513321;-0,003791;24,401379;24,328720;-0,0008;-0,0916;0,00;0,00;0,00;0,00;0,49;;5,313;5,338;0,0412669;20,94600;0,05700;0,02000;0,0004875;;1673,69;694,00;;;
;;695;20,94700;0,05600;-0,009000;128,325;100,47;1635,5601;0,000;100,080;43,100;0,005;302,250;301,350;26,50;317,617;263,158;0,000;42,400;46,000;45,000;302,050;;;;;0,00;0,00;0,00;3,00;3,49;15,330;26,585;0,58;0,58;999998,00;999998,00;999998,00;999998,00;999998,00;999998,00;999998,00;999998,00;999998,00;999998,00;999998,00;999998,00;999998,00;999998,00;999998,00;;;;;;;;;;;;;;;;;2,5752;0,00000;0,0000;-0,00083415;-0,00083415;0,00572;-3,94128;3,6924;28,018246;-0,003896;23,977700;23,906302;-0,0008;-0,0925;0,00;0,00;0,01;0,00;0,44;;5,311;5,333;0,0227545;20,94700;0,05800;0,03100;0,0002753;;1673,69;695,00;;;
;;696;20,94700;0,05700;0,010000;125,800;100,46;1635,5601;0,000;100,080;43,100;0,005;302,250;301,350;26,50;317,650;263,158;0,000;42,500;46,000;45,000;302,050;;;;;0,00;0,00;0,00;3,00;3,50;15,286;26,558;0,58;0,58;999998,00;999998,00;999998,00;999998,00;999998,00;999998,00;999998,00;999998,00;999998,00;999998,00;999998,00;999998,00;999998,00;999998,00;999998,00;;;;;;;;;;;;;;;;;4,0992;0,00000;0,0000;0,00583903;0,00583903;0,00248;0,55747;3,6965;27,741224;-0,003829;23,740627;23,669936;-0,0008;-0,0900;0,00;0,00;0,00;0,00;0,44;;5,308;5,333;0,0362204;20,94700;0,05800;0,01800;0,0004398;;1673,69;696,00;;;
;;697;20,94500;0,05700;0,011000;121,775;100,46;1635,5500;0,000;100,080;43,100;0,005;302,250;301,350;26,50;317,583;263,158;0,000;42,400;45,900;45,000;302,050;;;;;0,00;0,00;0,00;3,00;3,50;15,292;26,574;0,58;0,58;999998,00;999998,00;999998,00;999998,00;999998,00;999998,00;999998,00;999998,00;999998,00;999998,00;999998,00;999998,00;999998,00;999998,00;999998,00;;;;;;;;;;;;;;;;;1,4521;0,00000;0,0000;0,00583903;0,00583903;0,00798;0,47694;3,6980;27,293823;-0,003882;23,357747;23,288195;-0,0008;-0,0897;0,00;0,00;0,01;0,00;0,43;;5,305;5,323;0,0128309;20,94700;0,05700;0,04100;0,0001613;;1673,68;697,00;;;
;;698;20,94700;0,05700;0,022000;130,050;100,47;1635,5500;0,000;100,080;43,100;0,005;302,250;301,450;26,50;317,583;263,158;0,000;42,400;45,900;45,000;302,050;;;;;0,00;0,00;0,00;3,00;3,50;15,320;26,558;0,58;0,58;999998,00;999998,00;999998,00;999998,00;999998,00;999998,00;999998,00;999998,00;999998,00;999998,00;999998,00;999998,00;999998,00;999998,00;999998,00;;;;;;;;;;;;;;;;;3,7718;0,00000;0,0000;-0,00083415;-0,00083415;0,00476;-3,45017;3,7017;28,205933;-0,003900;24,138321;24,074431;-0,0008;-0,0932;0,00;0,00;0,00;0,00;0,48;;5,301;5,323;0,0333276;20,94600;0,05700;0,02700;0,0003990;;1673,68;698,00;;;
;;699;20,94700;0,05700;0,007000;126,375;100,47;1635,5500;0,000;100,080;43,100;0,005;302,250;301,450;26,50;317,617;263,158;0,000;42,400;46,000;45,000;302,050;;;;;0,00;0,00;0,00;3,00;3,50;15,273;26,577;0,58;0,58;999998,00;999998,00;999998,00;999998,00;999998,00;999998,00;999998,00;999998,00;999998,00;999998,00;999998,00;999998,00;999998,00;999998,00;999998,00;;;;;;;;;;;;;;;;;4,2264;0,00000;0,0000;0,00000000;0,00000000;0,00273;Infinity;3,7060;27,804551;-0,003953;23,794822;23,731842;-0,0008;-0,0931;0,00;0,00;0,00;0,00;0,44;;5,299;5,316;0,0373442;20,94700;0,05600;0,01900;0,0004525;;1673,68;699,00;;;
;;700;20,94800;0,05700;0,012000;130,475;100,47;1635,5500;0,000;100,080;43,100;0,005;302,250;301,450;26,50;317,583;263,158;0,000;42,400;45,900;45,000;302,050;;;;;0,00;0,00;0,00;3,00;3,50;15,282;26,582;0,58;0,58;999998,00;999998,00;999998,00;999998,00;999998,00;999998,00;999998,00;999998,00;999998,00;999998,00;999998,00;999998,00;999998,00;999998,00;999998,00;;;;;;;;;;;;;;;;;5,7512;0,00000;0,0000;0,00000000;0,00000000;-0,00047;Infinity;3,7117;28,251984;-0,003972;24,177731;24,113737;-0,0008;-0,0951;0,00;0,00;0,00;0,00;0,45;;5,298;5,316;0,0508179;20,94700;0,05700;0,00600;0,0006043;;1673,68;700,00;;;
;;701;20,94700;0,05700;0,001000;122,100;100,47;1635,5500;0,000;100,072;43,100;0,005;302,250;301,450;26,50;317,550;263,158;0,000;42,400;45,900;44,900;302,050;;;;;0,00;0,00;0,00;3,00;3,50;15,301;26,590;0,58;0,58;999998,00;999998,00;999998,00;999998,00;999998,00;999998,00;999998,00;999998,00;999998,00;999998,00;999998,00;999998,00;999998,00;999998,00;999998,00;;;;;;;;;;;;;;;;;6,0338;0,00000;0,0000;0,00000000;0,00000000;-0,00166;Infinity;3,7177;27,330220;-0,003973;23,388896;23,326989;-0,0008;-0,0920;0,00;0,00;0,00;0,00;0,43;;5,299;5,315;0,0533145;20,94700;0,05800;0,00100;0,0006549;;1673,68;701,00;;;
;;702;20,94700;0,05700;0,000000;125,775;100,47;1635,5500;0,000;100,080;43,100;0,005;302,250;301,450;26,50;317,550;263,158;0,000;42,400;45,900;44,900;302,050;;;;;0,00;0,00;0,00;3,00;3,50;15,263;26,577;0,58;0,58;999998,00;999998,00;999998,00;999998,00;999998,00;999998,00;999998,00;999998,00;999998,00;999998,00;999998,00;999998,00;999998,00;999998,00;999998,00;;;;;;;;;;;;;;;;;7,5210;0,00000;0,0000;0,00000000;0,00000000;-0,00315;Infinity;3,7253;27,738467;-0,003888;23,738268;23,675438;-0,0008;-0,0914;0,00;0,00;0,00;0,00;0,47;;5,301;5,315;0,0664560;20,94600;0,05700;-0,00500;0,0008038;;1673,68;702,00;;;
;;703;20,94800;0,05700;0,008000;132,950;100,47;1635,5500;0,000;100,080;43,100;0,005;302,250;301,450;26,50;317,550;263,158;0,000;42,400;45,900;44,900;302,050;;;;;0,00;0,00;0,00;3,00;3,51;15,271;26,572;0,58;0,58;999998,00;999998,00;999998,00;999998,00;999998,00;999998,00;999998,00;999998,00;999998,00;999998,00;999998,00;999998,00;999998,00;999998,00;999998,00;;;;;;;;;;;;;;;;;7,8231;0,00000;0,0000;0,00000000;0,00000000;-0,00223;Infinity;3,7331;28,518683;-0,003941;24,405969;24,341371;-0,0008;-0,0952;0,00;0,00;0,00;0,00;0,52;;5,305;5,320;0,0691253;20,94500;0,05700;-0,00100;0,0008136;;1673,68;703,00;;;
;;704;20,94800;0,05700;0,017000;129,750;100,47;1635,5500;0,000;100,072;43,100;0,005;302,250;301,450;26,50;317,550;263,158;0,000;42,400;45,900;44,900;302,050;;;;;0,00;0,00;0,00;3,00;3,51;15,267;26,588;0,58;0,58;999998,00;999998,00;999998,00;999998,00;999998,00;999998,00;999998,00;999998,00;999998,00;999998,00;999998,00;999998,00;999998,00;999998,00;999998,00;;;;;;;;;;;;;;;;;6,8239;0,00000;0,0000;0,00000000;0,00000000;-0,00270;Infinity;3,7399;28,173381;-0,003925;24,110463;24,046647;-0,0008;-0,0937;0,00;0,00;0,00;0,00;0,45;;5,308;5,320;0,0602960;20,94700;0,05700;-0,00300;0,0007182;;1673,68;704,00;;;
;;705;20,94700;0,05800;0,020000;133,725;100,47;1635,5500;0,000;100,080;43,100;0,005;302,250;301,450;26,50;317,550;263,158;0,000;42,400;45,900;44,900;302,050;;;;;0,00;0,00;0,00;3,00;3,51;15,275;26,590;0,58;0,58;999998,00;999998,00;999998,00;999998,00;999998,00;999998,00;999998,00;999998,00;999998,00;999998,00;999998,00;999998,00;999998,00;999998,00;999998,00;;;;;;;;;;;;;;;;;6,7728;0,00000;0,0000;0,00000000;0,00000000;-0,00123;Infinity;3,7467;28,601684;-0,003960;24,477000;24,412214;-0,0008;-0,0960;0,00;0,00;0,00;0,00;0,49;;5,310;5,326;0,0598448;20,94600;0,05700;0,00300;0,0007026;;1673,68;705,00;;;
;;706;20,94600;0,05800;0,031000;130,125;100,47;1635,5500;0,000;100,080;43,100;0,005;302,250;301,450;26,50;317,517;263,158;0,000;42,300;45,900;44,900;302,050;;;;;0,00;0,00;0,00;3,00;3,51;15,303;26,577;0,58;0,58;999998,00;999998,00;999998,00;999998,00;999998,00;999998,00;999998,00;999998,00;999998,00;999998,00;999998,00;999998,00;999998,00;999998,00;999998,00;;;;;;;;;;;;;;;;;6,6503;0,00000;0,0000;-0,00083415;-0,00083415;-0,00022;-3,96884;3,7533;28,214066;-0,003892;24,145281;24,081372;-0,0008;-0,0930;0,00;0,00;0,00;0,00;0,52;;5,312;5,326;0,0587618;20,94500;0,05800;0,00700;0,0006998;;1673,68;706,00;;;
;;707;20,94700;0,05700;0,018000;125,550;100,47;1635,5500;0,000;100,084;43,100;0,005;302,250;301,450;26,50;317,517;263,158;0,000;42,300;45,900;44,900;302,050;;;;;0,00;0,00;0,00;3,00;3,51;15,282;26,585;0,58;0,58;999998,00;999998,00;999998,00;999998,00;999998,00;999998,00;999998,00;999998,00;999998,00;999998,00;999998,00;999998,00;999998,00;999998,00;999998,00;;;;;;;;;;;;;;;;;5,4908;0,00000;0,0000;0,00583903;0,00583903;0,00126;0,41164;3,7588;27,713646;-0,003944;23,717027;23,654252;-0,0008;-0,0926;0,00;0,00;0,00;0,00;0,47;;5,313;5,328;0,0485163;20,94600;0,05600;0,01300;0,0005888;;1673,68;707,00;;;
;;708;20,94700;0,05700;0,041000;125,725;100,47;1635,5400;0,000;100,080;43,100;0,005;302,250;301,450;26,50;317,483;263,158;0,000;42,300;45,800;44,900;302,050;;;;;0,00;0,00;0,00;3,00;3,51;15,265;26,561;0,58;0,58;999998,00;999998,00;999998,00;999998,00;999998,00;999998,00;999998,00;999998,00;999998,00;999998,00;999998,00;999998,00;999998,00;999998,00;999998,00;;;;;;;;;;;;;;;;;5,6456;0,00000;0,0000;0,00583903;0,00583903;-0,00046;0,48462;3,7645;27,732953;-0,003911;23,733550;23,670732;-0,0008;-0,0919;0,00;0,00;0,00;0,00;0,44;;5,313;5,328;0,0498843;20,94700;0,05700;0,00600;0,0006043;;1673,67;708,00;;;
;;709;20,94700;0,05600;0,027000;125,725;100,47;1635,5400;0,000;100,080;43,100;0,005;302,250;301,450;26,50;317,483;263,158;0,000;42,300;45,800;44,900;302,050;;;;;0,00;0,00;0,00;3,00;3,51;15,276;26,596;0,58;0,58;999998,00;999998,00;999998,00;999998,00;999998,00;999998,00;999998,00;999998,00;999998,00;999998,00;999998,00;999998,00;999998,00;999998,00;999998,00;;;;;;;;;;;;;;;;;3,9780;0,00000;0,0000;-0,00083415;-0,00083415;0,00297;-3,39232;3,7685;27,732953;-0,003911;23,733550;23,670732;-0,0008;-0,0919;0,00;0,00;0,00;0,00;0,44;;5,312;5,326;0,0351498;20,94700;0,05700;0,02000;0,0004272;;1673,67;709,00;;;
;;710;20,94600;0,05700;0,019000;126,250;100,47;1635,5400;0,000;100,080;43,100;0,005;302,250;301,450;26,50;317,450;263,158;0,000;42,300;45,800;44,800;302,050;;;;;0,00;0,00;0,00;3,00;3,52;15,265;26,596;0,58;0,58;999998,00;999998,00;999998,00;999998,00;999998,00;999998,00;999998,00;999998,00;999998,00;999998,00;999998,00;999998,00;999998,00;999998,00;999998,00;;;;;;;;;;;;;;;;;6,2540;0,00000;0,0000;0,00000000;0,00000000;-0,00168;Infinity;3,7747;27,790796;-0,003894;23,783051;23,720102;-0,0008;-0,0917;0,00;0,00;0,00;0,00;0,44;;5,312;5,326;0,0552602;20,94700;0,05700;0,00100;0,0006676;;1673,67;710,00;;;
;;711;20,94700;0,05800;0,006000;128,600;100,46;1635,5400;0,000;100,078;43,100;0,005;302,250;301,450;26,50;317,450;263,158;0,000;42,300;45,800;44,800;302,050;;;;;0,00;0,00;0,00;3,00;3,52;15,280;26,585;0,58;0,58;999998,00;999998,00;999998,00;999998,00;999998,00;999998,00;999998,00;999998,00;999998,00;999998,00;999998,00;999998,00;999998,00;999998,00;999998,00;;;;;;;;;;;;;;;;;7,9662;0,00000;0,0000;0,00000000;0,00000000;-0,00393;Infinity;3,7827;28,048250;-0,003878;24,003378;23,939845;-0,0008;-0,0922;0,00;0,00;0,00;0,00;0,48;;5,315;5,328;0,0703894;20,94600;0,05700;-0,00800;0,0008418;;1673,67;711,00;;;
;;712;20,94700;0,05700;0,001000;127,325;100,46;1635,5400;0,000;100,078;43,100;0,005;302,250;301,450;26,50;317,450;263,158;0,000;42,300;45,800;44,800;302,050;;;;;0,00;0,00;0,00;3,00;3,52;15,259;26,590;0,58;0,58;999998,00;999998,00;999998,00;999998,00;999998,00;999998,00;999998,00;999998,00;999998,00;999998,00;999998,00;999998,00;999998,00;999998,00;999998,00;;;;;;;;;;;;;;;;;6,6713;0,00000;0,0000;-0,00083415;-0,00083415;-0,00366;-3,41384;3,7893;27,908863;-0,003844;23,884092;23,820875;-0,0008;-0,0909;0,00;0,00;0,00;0,00;0,41;;5,317;5,328;0,0589472;20,94800;0,05700;-0,00700;0,0007084;;1673,67;712,00;;;
;;713;20,94700;0,05700;-0,005000;128,675;100,46;1635,5400;0,000;100,080;43,100;0,005;302,250;301,450;26,50;317,450;263,158;0,000;42,300;45,800;44,800;302,050;;;;;0,00;0,00;0,00;3,00;3,52;15,301;26,588;0,58;0,58;999998,00;999998,00;999998,00;999998,00;999998,00;999998,00;999998,00;999998,00;999998,00;999998,00;999998,00;999998,00;999998,00;999998,00;999998,00;;;;;;;;;;;;;;;;;5,2610;0,00000;0,0000;0,00583903;0,00583903;-0,00071;0,49027;3,7946;28,056429;-0,003845;24,010377;23,946825;-0,0008;-0,0914;0,00;0,00;0,00;0,00;0,41;;5,318;5,332;0,0464860;20,94800;0,05700;0,00500;0,0005566;;1673,67;713,00;;;
;;714;20,94600;0,05700;-0,001000;125,825;100,46;1635,5300;0,000;100,080;43,100;0,005;302,250;301,350;26,50;317,450;263,158;0,000;42,300;45,800;44,800;302,050;;;;;0,00;0,00;0,00;3,00;3,52;15,320;26,574;0,58;0,58;999998,00;999998,00;999998,00;999998,00;999998,00;999998,00;999998,00;999998,00;999998,00;999998,00;999998,00;999998,00;999998,00;999998,00;999998,00;;;;;;;;;;;;;;;;;4,7266;0,00000;0,0000;0,00583903;0,00583903;0,00003;0,55753;3,7993;27,743981;-0,003811;23,742987;23,672289;-0,0008;-0,0896;0,00;0,00;0,00;0,00;0,41;;5,318;5,332;0,0417642;20,94800;0,05800;0,00800;0,0005060;;1673,66;714,00;;;
;;715;20,94500;0,05700;-0,003000;132,125;100,46;1635,5300;0,000;100,080;43,100;0,005;302,250;301,350;26,50;317,450;263,158;0,000;42,300;45,800;44,800;302,050;;;;;0,00;0,00;0,00;3,00;3,52;15,288;26,580;0,58;0,58;999998,00;999998,00;999998,00;999998,00;999998,00;999998,00;999998,00;999998,00;999998,00;999998,00;999998,00;999998,00;999998,00;999998,00;999998,00;;;;;;;;;;;;;;;;;4,9328;0,00000;0,0000;-0,00083415;-0,00083415;0,00129;-3,47758;3,8043;28,430062;-0,003811;24,330127;24,257680;-0,0008;-0,0918;0,00;0,00;0,00;0,00;0,45;;5,317;5,331;0,0435865;20,94700;0,05700;0,01300;0,0005158;;1673,66;715,00;;;
;;716;20,94700;0,05800;0,003000;130,150;100,46;1635,5300;0,000;100,084;43,100;0,005;302,250;301,450;26,50;317,450;263,158;0,000;42,300;45,800;44,800;302,050;;;;;0,00;0,00;0,00;3,00;3,52;15,273;26,590;0,58;0,58;999998,00;999998,00;999998,00;999998,00;999998,00;999998,00;999998,00;999998,00;999998,00;999998,00;999998,00;999998,00;999998,00;999998,00;999998,00;;;;;;;;;;;;;;;;;4,6534;0,00000;0,0000;0,00000000;0,00000000;0,00178;Infinity;3,8089;28,216776;-0,003845;24,147600;24,083685;-0,0008;-0,0919;0,00;0,00;0,00;0,00;0,45;;5,316;5,331;0,0411178;20,94700;0,05700;0,01500;0,0004905;;1673,66;716,00;;;
;;717;20,94600;0,05600;0,007000;131,000;100,46;1635,5300;0,000;100,078;43,100;0,005;302,250;301,450;26,50;317,450;263,158;0,000;42,300;45,800;44,800;302,050;;;;;0,00;0,00;0,00;3,00;3,53;15,309;26,585;0,58;0,58;999998,00;999998,00;999998,00;999998,00;999998,00;999998,00;999998,00;999998,00;999998,00;999998,00;999998,00;999998,00;999998,00;999998,00;999998,00;;;;;;;;;;;;;;;;;2,3586;0,00000;0,0000;0,00000000;0,00000000;0,00628;Infinity;3,8113;28,308767;-0,003845;24,226324;24,162202;-0,0008;-0,0922;0,00;0,00;0,01;0,00;0,45;;5,314;5,326;0,0208406;20,94700;0,05800;0,03300;0,0002499;;1673,66;717,00;;;
;;718;20,94500;0,05700;0,013000;131,075;100,46;1635,5300;0,000;100,084;43,100;0,005;302,250;301,350;26,50;317,350;263,158;0,000;42,200;45,700;44,700;302,050;;;;;0,00;0,00;0,00;3,00;3,53;15,259;26,585;0,58;0,58;999998,00;999998,00;999998,00;999998,00;999998,00;999998,00;999998,00;999998,00;999998,00;999998,00;999998,00;999998,00;999998,00;999998,00;999998,00;;;;;;;;;;;;;;;;;3,5433;0,00000;0,0000;0,00000000;0,00000000;0,00528;Infinity;3,8148;28,316870;-0,003828;24,233259;24,161100;-0,0008;-0,0918;0,00;0,00;0,01;0,00;0,48;;5,311;5,326;0,0313087;20,94600;0,05700;0,02900;0,0003736;;1673,66;718,00;;;
;;719;20,94600;0,05700;0,006000;132,625;100,46;1635,5300;0,000;100,082;43,100;0,005;302,250;301,350;26,50;317,350;263,158;0,000;42,200;45,700;44,700;302,050;;;;;0,00;0,00;0,00;3,00;3,53;15,288;26,572;0,58;0,58;999998,00;999998,00;999998,00;999998,00;999998,00;999998,00;999998,00;999998,00;999998,00;999998,00;999998,00;999998,00;999998,00;999998,00;999998,00;;;;;;;;;;;;;;;;;4,6335;0,00000;0,0000;0,00000000;0,00000000;0,00431;Infinity;3,8195;28,483805;-0,003862;24,376120;24,303536;-0,0008;-0,0932;0,00;0,00;0,00;0,00;0,52;;5,309;5,321;0,0409414;20,94500;0,05700;0,02500;0,0004846;;1673,66;719,00;;;
;;720;20,94700;0,05700;0,020000;121,775;100,47;1635,5300;0,000;100,082;43,100;0,005;302,250;301,450;26,50;317,350;263,158;0,000;42,200;45,700;44,700;302,050;;;;;0,00;0,00;0,00;3,00;3,53;15,259;26,598;0,58;0,58;999998,00;999998,00;999998,00;999998,00;999998,00;999998,00;999998,00;999998,00;999998,00;999998,00;999998,00;999998,00;999998,00;999998,00;999998,00;;;;;;;;;;;;;;;;;3,3595;0,00000;0,0000;0,00000000;0,00000000;0,00292;Infinity;3,8228;27,293823;-0,003913;23,357747;23,295923;-0,0008;-0,0905;0,00;0,00;0,00;0,00;0,40;;5,307;5,321;0,0296844;20,94800;0,05700;0,02000;0,0003668;;1673,66;720,00;;;
;;721;20,94700;0,05700;0,001000;124,325;100,47;1635,5300;0,000;100,082;43,100;0,005;302,250;301,350;26,50;317,350;263,158;0,000;42,200;45,700;44,700;302,050;;;;;0,00;0,00;0,00;3,00;3,53;15,242;26,574;0,58;0,58;999998,00;999998,00;999998,00;999998,00;999998,00;999998,00;999998,00;999998,00;999998,00;999998,00;999998,00;999998,00;999998,00;999998,00;999998,00;;;;;;;;;;;;;;;;;4,6101;0,00000;0,0000;-0,00083415;-0,00083415;-0,00070;-3,37337;3,8274;27,578112;-0,003947;23,601038;23,530762;-0,0008;-0,0922;0,00;0,00;0,00;0,00;0,37;;5,305;5,319;0,0407346;20,94900;0,05700;0,00500;0,0004963;;1673,66;721,00;;;
;;722;20,94700;0,05700;-0,008000;128,750;100,47;1635,5300;0,000;100,078;43,100;0,005;302,250;301,450;26,50;317,350;263,158;0,000;42,200;45,700;44,700;302,050;;;;;0,00;0,00;0,00;3,00;3,53;15,282;26,588;0,58;0,58;999998,00;999998,00;999998,00;999998,00;999998,00;999998,00;999998,00;999998,00;999998,00;999998,00;999998,00;999998,00;999998,00;999998,00;999998,00;;;;;;;;;;;;;;;;;6,1367;0,00000;0,0000;0,00583903;0,00583903;-0,00344;0,41685;3,8336;28,064604;-0,003929;24,017372;23,953803;-0,0008;-0,0934;0,00;0,00;0,00;0,00;0,37;;5,305;5,319;0,0542238;20,94900;0,05600;-0,00600;0,0006481;;1673,66;722,00;;;
;;723;20,94600;0,05700;-0,007000;132,200;100,47;1635,5200;0,000;100,084;43,100;0,005;302,250;301,350;26,50;317,350;263,158;0,000;42,200;45,700;44,700;302,050;;;;;0,00;0,00;0,00;3,00;3,53;15,284;26,598;0,58;0,58;999998,00;999998,00;999998,00;999998,00;999998,00;999998,00;999998,00;999998,00;999998,00;999998,00;999998,00;999998,00;999998,00;999998,00;999998,00;;;;;;;;;;;;;;;;;6,7659;0,00000;0,0000;0,00583903;0,00583903;-0,00248;0,49694;3,8403;28,438129;-0,003963;24,337031;24,264564;-0,0008;-0,0955;0,00;0,00;0,00;0,00;0,45;;5,307;5,320;0,0597839;20,94700;0,05700;-0,00200;0,0007055;;1673,65;723,00;;;
;;724;20,94800;0,05800;0,005000;124,375;100,47;1635,5200;0,000;100,080;43,100;0,005;302,250;301,350;26,50;317,350;263,158;0,000;42,200;45,700;44,700;302,050;;;;;0,00;0,00;0,00;3,00;3,54;15,294;26,609;0,58;0,58;999998,00;999998,00;999998,00;999998,00;999998,00;999998,00;999998,00;999998,00;999998,00;999998,00;999998,00;999998,00;999998,00;999998,00;999998,00;;;;;;;;;;;;;;;;;5,6770;0,00000;0,0000;-0,00083415;-0,00083415;-0,00289;-3,37404;3,8460;27,583657;-0,003963;23,605784;23,535494;-0,0008;-0,0926;0,00;0,00;0,00;0,00;0,37;;5,308;5,320;0,0501623;20,94900;0,05700;-0,00400;0,0006101;;1673,65;724,00;;;
;;725;20,94800;0,05700;0,008000;130,525;100,48;1635,5200;0,000;100,082;43,100;0,005;302,250;301,350;26,50;317,350;263,158;0,000;42,200;45,700;44,700;302,050;;;;;0,00;0,00;0,00;3,00;3,54;15,276;26,612;0,58;0,58;999998,00;999998,00;999998,00;999998,00;999998,00;999998,00;999998,00;999998,00;999998,00;999998,00;999998,00;999998,00;999998,00;999998,00;999998,00;;;;;;;;;;;;;;;;;4,0850;0,00000;0,0000;0,00000000;0,00000000;0,00178;Infinity;3,8501;28,257397;-0,004048;24,182363;24,110356;-0,0009;-0,0969;0,00;0,00;0,00;0,00;0,41;;5,308;5,321;0,0360953;20,94800;0,05700;0,01500;0,0004301;;1673,65;725,00;;;
;;726;20,94800;0,05700;0,013000;127,450;100,48;1635,5200;0,000;100,084;43,100;0,005;302,250;301,350;26,50;317,317;263,158;0,000;42,100;45,700;44,700;302,050;;;;;0,00;0,00;0,00;3,00;3,54;15,301;26,598;0,58;0,58;999998,00;999998,00;999998,00;999998,00;999998,00;999998,00;999998,00;999998,00;999998,00;999998,00;999998,00;999998,00;999998,00;999998,00;999998,00;;;;;;;;;;;;;;;;;2,8370;0,00000;0,0000;0,00000000;0,00000000;0,00422;Infinity;3,8529;27,922559;-0,004030;23,895812;23,824658;-0,0008;-0,0953;0,00;0,00;0,00;0,00;0,41;;5,305;5,321;0,0250680;20,94800;0,05700;0,02500;0,0003035;;1673,65;726,00;;;
;;727;20,94700;0,05800;0,015000;125,675;100,48;1635,5200;0,000;100,082;43,100;0,005;302,250;301,350;26,50;317,283;263,151;0,000;42,100;45,600;44,700;302,050;;;;;0,00;0,00;0,00;3,00;3,54;15,267;26,585;0,58;0,58;999998,00;999998,00;999998,00;999998,00;999998,00;999998,00;999998,00;999998,00;999998,00;999998,00;999998,00;999998,00;999998,00;999998,00;999998,00;;;;;;;;;;;;;;;;;2,8172;0,00000;0,0000;0,00000000;0,00000000;0,00419;Infinity;3,8557;27,727439;-0,004046;23,728830;23,658174;-0,0008;-0,0950;0,00;0,00;0,00;0,00;0,41;;5,302;5,315;0,0248929;20,94800;0,05700;0,02500;0,0003035;;1673,65;727,00;;;
;;728;20,94700;0,05700;0,033000;129,000;100,48;1635,5200;0,000;100,084;43,100;0,005;302,250;301,350;26,50;317,317;263,158;0,000;42,100;45,700;44,700;302,050;;;;;0,00;0,00;0,00;3,00;3,54;15,273;26,588;0,58;0,58;999998,00;999998,00;999998,00;999998,00;999998,00;999998,00;999998,00;999998,00;999998,00;999998,00;999998,00;999998,00;999998,00;999998,00;999998,00;;;;;;;;;;;;;;;;;2,6128;0,00000;0,0000;0,00000000;0,00000000;0,00474;Infinity;3,8584;28,091838;-0,004045;24,040679;23,969094;-0,0009;-0,0963;0,00;0,00;0,00;0,00;0,41;;5,298;5,315;0,0230869;20,94800;0,05700;0,02700;0,0002782;;1673,65;728,00;;;
;;729;20,94700;0,05700;0,029000;128,450;100,48;1635,5200;0,000;100,082;43,100;0,005;302,250;301,350;26,50;317,250;263,151;0,000;42,100;45,600;44,600;302,050;;;;;0,00;0,00;0,00;3,00;3,54;15,263;26,574;0,58;0,58;999998,00;999998,00;999998,00;999998,00;999998,00;999998,00;999998,00;999998,00;999998,00;999998,00;999998,00;999998,00;999998,00;999998,00;999998,00;;;;;;;;;;;;;;;;;4,1413;0,00000;0,0000;0,00000000;0,00000000;0,00275;Infinity;3,8625;28,031889;-0,004027;23,989376;23,917943;-0,0008;-0,0956;0,00;0,00;0,00;0,00;0,44;;5,296;5,310;0,0365927;20,94700;0,05700;0,01900;0,0004398;;1673,65;729,00;;;
;;730;20,94600;0,05700;0,025000;131,025;100,48;1635,5200;0,000;100,078;43,100;0,005;302,250;301,350;26,50;317,250;263,151;0,000;42,100;45,600;44,600;302,150;;;;;0,00;0,00;0,00;3,00;3,54;15,280;26,590;0,58;0,58;999998,00;999998,00;999998,00;999998,00;999998,00;999998,00;999998,00;999998,00;999998,00;999998,00;999998,00;999998,00;999998,00;999998,00;999998,00;;;;;;;;;;;;;;;;;4,6691;0,00000;0,0000;0,00000000;0,00000000;0,00178;Infinity;3,8672;28,311467;-0,004045;24,228636;24,156491;-0,0009;-0,0970;0,00;0,00;0,00;0,00;0,45;;5,294;5,310;0,0412558;20,94700;0,05700;0,01500;0,0004905;;1673,65;730,00;;;
;;731;20,94500;0,05700;0,020000;127,875;100,48;1635,5200;0,000;100,082;43,100;0,005;302,250;301,350;26,50;317,250;263,151;0,000;42,100;45,600;44,600;302,150;;;;;0,00;0,00;0,00;3,00;3,55;15,294;26,596;0,58;0,58;999998,00;999998,00;999998,00;999998,00;999998,00;999998,00;999998,00;999998,00;999998,00;999998,00;999998,00;999998,00;999998,00;999998,00;999998,00;;;;;;;;;;;;;;;;;5,8137;0,00000;0,0000;-0,00083415;-0,00083415;-0,00071;-3,42119;3,8730;27,969076;-0,004080;23,935621;23,864349;-0,0009;-0,0967;0,00;0,00;0,00;0,00;0,44;;5,294;5,310;0,0513702;20,94700;0,05700;0,00500;0,0006170;;1673,65;731,00;;;
;;732;20,94800;0,05600;0,005000;133,150;100,48;1635,5200;0,000;100,082;43,100;0,005;302,250;301,350;26,50;317,250;263,151;0,000;42,100;45,600;44,600;302,150;;;;;0,00;0,00;0,00;3,00;3,55;15,273;26,590;0,58;0,58;999998,00;999998,00;999998,00;999998,00;999998,00;999998,00;999998,00;999998,00;999998,00;999998,00;999998,00;999998,00;999998,00;999998,00;999998,00;;;;;;;;;;;;;;;;;7,7065;0,00000;0,0000;0,00583903;0,00583903;-0,00198;0,49872;3,8807;28,540126;-0,004046;24,424319;24,351592;-0,0009;-0,0978;0,00;0,00;0,00;0,00;0,52;;5,296;5,310;0,0680947;20,94500;0,05700;0,00000;0,0008010;;1673,65;732,00;;;
;;733;20,94900;0,05700;-0,006000;128,825;100,49;1635,5100;0,000;100,082;43,100;0,005;302,250;301,350;26,50;317,250;263,151;0,000;42,100;45,600;44,600;302,150;;;;;0,00;0,00;0,00;3,00;3,55;15,265;26,593;0,58;0,58;999998,00;999998,00;999998,00;999998,00;999998,00;999998,00;999998,00;999998,00;999998,00;999998,00;999998,00;999998,00;999998,00;999998,00;999998,00;;;;;;;;;;;;;;;;;6,3174;0,00000;0,0000;0,00583903;0,00583903;-0,00170;0,49055;3,8870;28,072777;-0,004097;24,024367;23,952831;-0,0009;-0,0974;0,00;0,00;0,00;0,00;0,45;;5,299;5,312;0,0558209;20,94700;0,05700;0,00100;0,0006676;;1673,64;733,00;;;
;;734;20,94900;0,05700;-0,002000;129,575;100,49;1635,5100;0,000;100,082;43,100;0,005;302,250;301,350;26,50;317,250;263,151;0,000;42,100;45,600;44,600;302,150;;;;;0,00;0,00;0,00;3,00;3,55;15,246;26,590;0,58;0,58;999998,00;999998,00;999998,00;999998,00;999998,00;999998,00;999998,00;999998,00;999998,00;999998,00;999998,00;999998,00;999998,00;999998,00;999998,00;;;;;;;;;;;;;;;;;6,2149;0,00000;0,0000;-0,00083415;-0,00083415;-0,00146;-3,44385;3,8932;28,154376;-0,004097;24,094198;24,022454;-0,0009;-0,0977;0,00;0,00;0,00;0,00;0,45;;5,300;5,312;0,0549151;20,94700;0,05700;0,00200;0,0006549;;1673,64;734,00;;;
;;735;20,94700;0,05700;-0,004000;127,450;100,49;1635,5100;0,000;100,082;43,100;0,005;302,250;301,350;26,50;317,250;263,151;0,000;42,100;45,600;44,600;302,150;;;;;0,00;0,00;0,00;3,00;3,55;15,290;26,612;0,58;0,58;999998,00;999998,00;999998,00;999998,00;999998,00;999998,00;999998,00;999998,00;999998,00;999998,00;999998,00;999998,00;999998,00;999998,00;999998,00;;;;;;;;;;;;;;;;;6,4921;0,00000;0,0000;0,00000000;0,00000000;-0,00095;Infinity;3,8997;27,922559;-0,004097;23,895812;23,824658;-0,0009;-0,0969;0,00;0,00;0,00;0,00;0,48;;5,301;5,315;0,0573645;20,94600;0,05700;0,00400;0,0006900;;1673,64;735,00;;;
;;736;20,94900;0,05700;0,015000;127,400;100,49;1635,5100;0,000;100,082;43,100;0,005;302,250;301,350;26,50;317,217;263,151;0,000;42,100;45,500;44,600;302,150;;;;;0,00;0,00;0,00;3,00;3,55;15,255;26,617;0,58;0,58;999998,00;999998,00;999998,00;999998,00;999998,00;999998,00;999998,00;999998,00;999998,00;999998,00;999998,00;999998,00;999998,00;999998,00;999998,00;;;;;;;;;;;;;;;;;4,4214;0,00000;0,0000;0,00000000;0,00000000;0,00447;Infinity;3,9041;27,917081;-0,004097;23,891124;23,819985;-0,0009;-0,0969;0,00;0,00;0,00;0,00;0,51;;5,302;5,315;0,0390672;20,94500;0,05700;0,02600;0,0004720;;1673,64;736,00;;;
;;737;20,94800;0,05700;0,025000;129,000;100,48;1635,5100;0,000;100,082;43,000;0,005;302,250;301,350;26,50;317,183;263,151;0,000;42,100;45,500;44,500;302,150;;;;;0,00;0,00;0,00;3,00;3,55;15,246;26,596;0,58;0,58;999998,00;999998,00;999998,00;999998,00;999998,00;999998,00;999998,00;999998,00;999998,00;999998,00;999998,00;999998,00;999998,00;999998,00;999998,00;;;;;;;;;;;;;;;;;5,2353;0,00000;0,0000;-0,00083415;-0,00083415;0,00078;-2,92077;3,9094;28,091838;-0,004046;24,040679;23,969094;-0,0009;-0,0963;0,00;0,00;0,00;0,00;0,45;;5,301;5,316;0,0462589;20,94700;0,05600;0,01100;0,0005537;;1673,64;737,00;;;
;;738;20,94800;0,05700;0,025000;131,225;100,48;1635,5100;0,000;100,082;43,000;0,005;302,250;301,350;26,50;317,183;263,145;0,000;42,100;45,500;44,500;302,150;;;;;0,00;0,00;0,00;3,00;3,56;15,246;26,590;0,58;0,58;999998,00;999998,00;999998,00;999998,00;999998,00;999998,00;999998,00;999998,00;999998,00;999998,00;999998,00;999998,00;999998,00;999998,00;999998,00;;;;;;;;;;;;;;;;;4,8571;0,00000;0,0000;0,00583903;0,00583903;-0,00072;0,42084;3,9142;28,333067;-0,004029;24,247120;24,174920;-0,0009;-0,0967;0,00;0,00;0,00;0,00;0,38;;5,301;5,316;0,0429176;20,94900;0,05600;0,00500;0,0005089;;1673,64;738,00;;;
;;739;20,94800;0,05700;0,027000;125,775;100,48;1635,5000;0,000;100,082;43,000;0,005;302,150;301,350;26,50;317,183;263,145;0,000;42,100;45,500;44,500;302,150;;;;;0,00;0,00;0,00;3,00;3,56;15,273;26,588;0,58;0,58;999998,00;999998,00;999998,00;999998,00;999998,00;999998,00;999998,00;999998,00;999998,00;999998,00;999998,00;999998,00;999998,00;999998,00;999998,00;;;;;;;;;;;;;;;;;4,6057;0,00000;0,0000;0,00583903;0,00583903;0,00077;0,41207;3,9188;27,743057;-0,004029;23,734341;23,671500;-0,0008;-0,0947;0,00;0,00;0,00;0,00;0,41;;5,300;5,315;0,0406958;20,94800;0,05600;0,01100;0,0004934;;1673,63;739,00;;;
;;740;20,94800;0,05700;0,019000;124,275;100,48;1635,5000;0,000;100,082;43,000;0,005;302,250;301,350;26,50;317,183;263,145;0,000;42,100;45,500;44,500;302,150;;;;;0,00;0,00;0,00;3,00;3,56;15,254;26,604;0,58;0,58;999998,00;999998,00;999998,00;999998,00;999998,00;999998,00;999998,00;999998,00;999998,00;999998,00;999998,00;999998,00;999998,00;999998,00;999998,00;;;;;;;;;;;;;;;;;5,4063;0,00000;0,0000;-0,00083415;-0,00083415;-0,00094;-2,86678;3,9242;27,572566;-0,004046;23,596292;23,526030;-0,0008;-0,0945;0,00;0,00;0,00;0,00;0,40;;5,299;5,315;0,0477696;20,94800;0,05600;0,00400;0,0005819;;1673,63;740,00;;;
;;741;20,94700;0,05700;0,015000;130,625;100,48;1635,5000;0,000;100,078;43,000;0,005;302,150;301,250;26,50;317,183;263,145;0,000;42,100;45,500;44,500;302,150;;;;;0,00;0,00;0,00;3,00;3,56;15,244;26,622;0,58;0,58;999998,00;999998,00;999998,00;999998,00;999998,00;999998,00;999998,00;999998,00;999998,00;999998,00;999998,00;999998,00;999998,00;999998,00;999998,00;;;;;;;;;;;;;;;;;4,4834;0,00000;0,0000;0,00000000;0,00000000;-0,00022;Infinity;3,9287;28,272897;-0,004011;24,187622;24,115576;-0,0008;-0,0960;0,00;0,00;0,00;0,00;0,38;;5,299;5,313;0,0396150;20,94900;0,05700;0,00700;0,0004710;;1673,63;741,00;;;
;;742;20,94700;0,05700;0,005000;129,275;100,48;1635,5000;0,000;100,082;43,000;0,005;302,150;301,250;26,50;317,183;263,145;0,000;42,100;45,500;44,500;302,150;;;;;0,00;0,00;0,00;3,00;3,56;15,280;26,604;0,58;0,58;999998,00;999998,00;999998,00;999998,00;999998,00;999998,00;999998,00;999998,00;999998,00;999998,00;999998,00;999998,00;999998,00;999998,00;999998,00;;;;;;;;;;;;;;;;;5,2741;0,00000;0,0000;0,00000000;0,00000000;-0,00071;Infinity;3,9340;28,126419;-0,004046;24,062309;23,990636;-0,0009;-0,0964;0,00;0,00;0,00;0,00;0,41;;5,298;5,313;0,0466019;20,94800;0,05700;0,00500;0,0005566;;1673,63;742,00;;;
;;743;20,94700;0,05700;0,000000;128,825;100,48;1635,5000;0,000;100,082;43,000;0,005;302,150;301,250;26,50;317,183;263,145;0,000;42,100;45,500;44,500;302,150;;;;;0,00;0,00;0,00;3,00;3,56;15,255;26,614;0,58;0,58;999998,00;999998,00;999998,00;999998,00;999998,00;999998,00;999998,00;999998,00;999998,00;999998,00;999998,00;999998,00;999998,00;999998,00;999998,00;;;;;;;;;;;;;;;;;6,2608;0,00000;0,0000;0,00000000;0,00000000;-0,00393;Infinity;3,9403;28,077422;-0,004080;24,020393;23,948844;-0,0009;-0,0970;0,00;0,00;0,00;0,00;0,38;;5,299;5,313;0,0553208;20,94900;0,05700;-0,00800;0,0006607;;1673,63;743,00;;;
;;744;20,94500;0,05700;0,001000;126,625;100,48;1635,5000;0,000;100,082;43,000;0,005;302,150;301,250;26,50;317,150;263,145;0,000;42,000;45,500;44,500;302,150;;;;;0,00;0,00;0,00;3,00;3,56;15,238;26,598;0,58;0,58;999998,00;999998,00;999998,00;999998,00;999998,00;999998,00;999998,00;999998,00;999998,00;999998,00;999998,00;999998,00;999998,00;999998,00;999998,00;;;;;;;;;;;;;;;;;4,5025;0,00000;0,0000;-0,00083415;-0,00083415;0,00077;-3,40498;3,9448;27,836644;-0,004079;23,814406;23,743471;-0,0008;-0,0962;0,00;0,00;0,00;0,00;0,41;;5,299;5,313;0,0397838;20,94800;0,05700;0,01100;0,0004807;;1673,63;744,00;;;
;;745;20,94700;0,05700;0,002000;128,325;100,48;1635,5000;0,000;100,082;43,000;0,005;302,150;301,250;26,50;317,150;263,145;0,000;42,000;45,500;44,500;302,150;;;;;0,00;0,00;0,00;3,00;3,57;15,254;26,601;0,58;0,58;999998,00;999998,00;999998,00;999998,00;999998,00;999998,00;999998,00;999998,00;999998,00;999998,00;999998,00;999998,00;999998,00;999998,00;999998,00;;;;;;;;;;;;;;;;;4,7104;0,00000;0,0000;0,00583903;0,00583903;0,00275;0,48968;3,9495;28,022882;-0,004062;23,973733;23,902324;-0,0009;-0,0964;0,00;0,00;0,00;0,00;0,48;;5,298;5,314;0,0416207;20,94600;0,05700;0,01900;0,0005002;;1673,63;745,00;;;
;;746;20,94700;0,05700;0,004000;125,750;100,49;1635,4900;0,000;100,082;43,000;0,005;302,150;301,250;26,50;317,117;263,145;0,000;42,000;45,500;44,400;302,150;;;;;0,00;0,00;0,00;3,00;3,57;15,294;26,604;0,58;0,58;999998,00;999998,00;999998,00;999998,00;999998,00;999998,00;999998,00;999998,00;999998,00;999998,00;999998,00;999998,00;999998,00;999998,00;999998,00;;;;;;;;;;;;;;;;;3,3832;0,00000;0,0000;0,00583903;0,00583903;0,00420;0,48474;3,9529;27,740300;-0,004095;23,731982;23,661293;-0,0009;-0,0962;0,00;0,00;0,00;0,00;0,44;;5,296;5,314;0,0298940;20,94700;0,05700;0,02500;0,0003639;;1673,62;746,00;;;
;;747;20,94600;0,05600;0,026000;124,900;100,49;1635,4900;0,000;100,082;43,000;0,005;302,150;301,250;26,50;317,083;263,145;0,000;42,000;45,400;44,400;302,150;;;;;0,00;0,00;0,00;3,00;3,57;15,252;26,612;0,58;0,58;999998,00;999998,00;999998,00;999998,00;999998,00;999998,00;999998,00;999998,00;999998,00;999998,00;999998,00;999998,00;999998,00;999998,00;999998,00;;;;;;;;;;;;;;;;;5,0351;0,00000;0,0000;-0,00083415;-0,00083415;0,00052;-3,88896;3,9579;27,646387;-0,004146;23,651639;23,581189;-0,0009;-0,0971;0,00;0,00;0,00;0,00;0,44;;5,295;5,312;0,0444904;20,94700;0,05800;0,01000;0,0005411;;1673,62;747,00;;;
;;748;20,94500;0,05600;0,011000;130,400;100,49;1635,4900;0,000;100,080;43,000;0,005;302,150;301,250;26,50;317,083;263,145;0,000;42,000;45,400;44,400;302,150;;;;;0,00;0,00;0,00;3,00;3,57;15,265;26,614;0,58;0,58;999998,00;999998,00;999998,00;999998,00;999998,00;999998,00;999998,00;999998,00;999998,00;999998,00;999998,00;999998,00;999998,00;999998,00;999998,00;;;;;;;;;;;;;;;;;2,2640;0,00000;0,0000;0,00000000;0,00000000;0,00527;Infinity;3,9602;28,248536;-0,004129;24,166781;24,094797;-0,0009;-0,0988;0,00;0,00;0,01;0,00;0,41;;5,293;5,312;0,0200051;20,94800;0,05800;0,02900;0,0002402;;1673,62;748,00;;;
;;749;20,94700;0,05600;0,005000;124,050;100,49;1635,4900;0,000;100,082;43,000;0,005;302,150;301,250;26,50;317,083;263,145;0,000;42,000;45,400;44,400;302,150;;;;;0,00;0,00;0,00;3,00;3,57;15,246;26,612;0,58;0,58;999998,00;999998,00;999998,00;999998,00;999998,00;999998,00;999998,00;999998,00;999998,00;999998,00;999998,00;999998,00;999998,00;999998,00;999998,00;;;;;;;;;;;;;;;;;4,2206;0,00000;0,0000;0,00000000;0,00000000;0,00101;Infinity;3,9644;27,552153;-0,004128;23,571022;23,500812;-0,0009;-0,0963;0,00;0,00;0,00;0,00;0,40;;5,290;5,311;0,0372929;20,94800;0,05800;0,01200;0,0004554;;1673,62;749,00;;;
;;750;20,94900;0,05600;0,011000;133,050;100,49;1635,4900;0,000;100,082;43,000;0,005;302,150;301,250;26,50;317,083;263,145;0,000;42,000;45,400;44,400;302,150;;;;;0,00;0,00;0,00;3,00;3,57;15,273;26,585;0,58;0,58;999998,00;999998,00;999998,00;999998,00;999998,00;999998,00;999998,00;999998,00;999998,00;999998,00;999998,00;999998,00;999998,00;999998,00;999998,00;;;;;;;;;;;;;;;;;3,6347;0,00000;0,0000;0,00000000;0,00000000;0,00280;Infinity;3,9680;28,534128;-0,004110;24,411107;24,338395;-0,0009;-0,0993;0,00;0,00;0,00;0,00;0,42;;5,288;5,311;0,0321165;20,94800;0,05700;0,01900;0,0003795;;1673,62;750,00;;;
;;751;20,94800;0,05700;0,004000;132,900;100,49;1635,4900;0,000;100,080;43,000;0,005;302,150;301,250;26,50;317,083;263,145;0,000;42,000;45,400;44,400;302,150;;;;;0,00;0,00;0,00;3,00;3,57;15,255;26,617;0,58;0,58;999998,00;999998,00;999998,00;999998,00;999998,00;999998,00;999998,00;999998,00;999998,00;999998,00;999998,00;999998,00;999998,00;999998,00;999998,00;;;;;;;;;;;;;;;;;5,0074;0,00000;0,0000;0,00000000;0,00000000;0,00331;Infinity;3,9730;28,518039;-0,004161;24,397342;24,324671;-0,0009;-0,1005;0,00;0,00;0,00;0,00;0,52;;5,287;5,309;0,0442451;20,94500;0,05800;0,02100;0,0005226;;1673,62;751,00;;;
;;752;20,94800;0,05700;0,007000;126,600;100,49;1635,4900;0,000;100,082;43,000;0,005;302,150;301,250;26,50;317,083;263,145;0,000;42,000;45,400;44,400;302,150;;;;;0,00;0,00;0,00;3,00;3,58;15,259;26,606;0,58;0,58;999998,00;999998,00;999998,00;999998,00;999998,00;999998,00;999998,00;999998,00;999998,00;999998,00;999998,00;999998,00;999998,00;999998,00;999998,00;;;;;;;;;;;;;;;;;5,9943;0,00000;0,0000;0,00000000;0,00000000;-0,00021;Infinity;3,9790;27,833896;-0,004126;23,812055;23,741127;-0,0009;-0,0972;0,00;0,00;0,00;0,00;0,48;;5,287;5,309;0,0529655;20,94600;0,05800;0,00700;0,0006394;;1673,62;752,00;;;
;;753;20,94900;0,05700;0,005000;132,550;100,49;1635,4900;0,000;100,082;43,000;0,005;302,150;301,250;26,50;317,083;263,145;0,000;42,000;45,400;44,400;302,150;;;;;0,00;0,00;0,00;3,00;3,58;15,246;26,614;0,58;0,58;999998,00;999998,00;999998,00;999998,00;999998,00;999998,00;999998,00;999998,00;999998,00;999998,00;999998,00;999998,00;999998,00;999998,00;999998,00;;;;;;;;;;;;;;;;;4,4843;0,00000;0,0000;0,00000000;0,00000000;0,00104;Infinity;3,9835;28,480462;-0,004143;24,365196;24,292620;-0,0009;-0,0999;0,00;0,00;0,00;0,00;0,42;;5,287;5,307;0,0396230;20,94800;0,05700;0,01200;0,0004680;;1673,62;753,00;;;
;;754;20,94800;0,05700;-0,008000;124,525;100,48;1635,4900;0,000;100,090;43,000;0,005;302,150;301,250;26,50;317,083;263,145;0,000;42,000;45,400;44,400;302,150;;;;;0,00;0,00;0,00;3,00;3,58;15,244;26,606;0,58;0,58;999998,00;999998,00;999998,00;999998,00;999998,00;999998,00;999998,00;999998,00;999998,00;999998,00;999998,00;999998,00;999998,00;999998,00;999998,00;;;;;;;;;;;;;;;;;6,0060;0,00000;0,0000;-0,00083415;-0,00083415;-0,00240;-3,37662;3,9895;27,604853;-0,004021;23,616107;23,545763;-0,0008;-0,0940;0,00;0,00;0,00;0,00;0,40;;5,287;5,307;0,0530692;20,94800;0,05700;-0,00200;0,0006452;;1673,62;754,00;;;
;;755;20,94900;0,05700;0,011000;129,875;100,49;1635,4900;0,000;100,080;43,000;0,005;302,150;301,250;26,50;317,050;263,145;0,000;42,000;45,400;44,300;302,150;;;;;0,00;0,00;0,00;3,00;3,58;15,275;26,612;0,58;0,58;999998,00;999998,00;999998,00;999998,00;999998,00;999998,00;999998,00;999998,00;999998,00;999998,00;999998,00;999998,00;999998,00;999998,00;999998,00;;;;;;;;;;;;;;;;;5,8600;0,00000;0,0000;0,00583903;0,00583903;-0,00071;0,49263;3,9954;28,191613;-0,004141;24,118084;24,046244;-0,0009;-0,0988;0,00;0,00;0,00;0,00;0,45;;5,288;5,307;0,0517790;20,94700;0,05700;0,00500;0,0006170;;1673,62;755,00;;;
;;756;20,94800;0,05700;0,019000;128,225;100,49;1635,4800;0,000;100,082;43,000;0,005;302,150;301,250;26,50;317,050;263,145;0,000;42,000;45,400;44,300;302,150;;;;;0,00;0,00;0,00;3,00;3,58;15,255;26,617;0,58;0,58;999998,00;999998,00;999998,00;999998,00;999998,00;999998,00;999998,00;999998,00;999998,00;999998,00;999998,00;999998,00;999998,00;999998,00;999998,00;;;;;;;;;;;;;;;;;2,9665;0,00000;0,0000;0,00583903;0,00583903;0,00399;0,48949;3,9983;28,011961;-0,004174;23,964390;23,893008;-0,0009;-0,0990;0,00;0,00;0,00;0,00;0,41;;5,287;5,307;0,0262118;20,94800;0,05700;0,02400;0,0003162;;1673,61;756,00;;;
;;757;20,94600;0,05800;0,025000;127,975;100,49;1635,4800;0,000;100,076;43,000;0,005;302,150;301,250;26,50;317,017;263,145;0,000;42,000;45,300;44,300;302,150;;;;;0,00;0,00;0,00;3,00;3,58;15,252;26,606;0,58;0,58;999998,00;999998,00;999998,00;999998,00;999998,00;999998,00;999998,00;999998,00;999998,00;999998,00;999998,00;999998,00;999998,00;999998,00;999998,00;;;;;;;;;;;;;;;;;3,3235;0,00000;0,0000;-0,00083415;-0,00083415;0,00349;-2,90962;4,0016;27,984640;-0,004174;23,941017;23,869705;-0,0009;-0,0989;0,00;0,00;0,00;0,00;0,41;;5,284;5,305;0,0293662;20,94800;0,05600;0,02200;0,0003541;;1673,61;757,00;;;
;;758;20,94700;0,05800;0,010000;128,300;100,49;1635,4800;0,000;100,080;43,000;0,005;302,150;301,350;26,50;316,983;263,145;0,000;41,900;45,300;44,300;302,150;;;;;0,00;0,00;0,00;3,00;3,58;15,276;26,617;0,58;0,58;999998,00;999998,00;999998,00;999998,00;999998,00;999998,00;999998,00;999998,00;999998,00;999998,00;999998,00;999998,00;999998,00;999998,00;999998,00;;;;;;;;;;;;;;;;;3,4173;0,00000;0,0000;0,00000000;0,00000000;0,00424;Infinity;4,0051;28,020152;-0,004121;23,971398;23,907929;-0,0009;-0,0978;0,00;0,00;0,00;0,00;0,44;;5,281;5,305;0,0301956;20,94700;0,05700;0,02500;0,0003639;;1673,61;758,00;;;
;;759;20,94700;0,05800;0,029000;126,900;100,49;1635,4800;0,000;100,090;43,000;0,005;302,150;301,350;26,50;316,983;263,145;0,000;41,900;45,300;44,300;302,150;;;;;0,00;0,00;0,00;3,00;3,59;15,259;26,614;0,58;0,58;999998,00;999998,00;999998,00;999998,00;999998,00;999998,00;999998,00;999998,00;999998,00;999998,00;999998,00;999998,00;999998,00;999998,00;999998,00;;;;;;;;;;;;;;;;;3,1906;0,00000;0,0000;0,00000000;0,00000000;0,00348;Infinity;4,0083;27,866855;-0,004172;23,840252;23,777130;-0,0009;-0,0985;0,00;0,00;0,00;0,00;0,41;;5,279;5,300;0,0281919;20,94800;0,05700;0,02200;0,0003415;;1673,61;759,00;;;
;;760;20,94800;0,05700;0,012000;128,575;100,49;1635,4800;0,000;100,080;43,000;0,005;302,150;301,350;26,50;316,983;263,145;0,000;41,900;45,300;44,300;302,150;;;;;0,00;0,00;0,00;3,00;3,59;15,252;26,614;0,58;0,58;999998,00;999998,00;999998,00;999998,00;999998,00;999998,00;999998,00;999998,00;999998,00;999998,00;999998,00;999998,00;999998,00;999998,00;999998,00;;;;;;;;;;;;;;;;;5,0197;0,00000;0,0000;0,00000000;0,00000000;-0,00046;Infinity;4,0133;28,050165;-0,004085;23,997074;23,933537;-0,0009;-0,0971;0,00;0,00;0,00;0,00;0,41;;5,277;5,300;0,0443540;20,94800;0,05800;0,00600;0,0005313;;1673,61;760,00;;;
;;761;20,94800;0,05800;0,019000;130,300;100,49;1635,4800;0,000;100,080;43,000;0,005;302,150;301,350;26,50;317,017;263,145;0,000;42,000;45,300;44,300;302,150;;;;;0,00;0,00;0,00;3,00;3,59;15,246;26,601;0,58;0,58;999998,00;999998,00;999998,00;999998,00;999998,00;999998,00;999998,00;999998,00;999998,00;999998,00;999998,00;999998,00;999998,00;999998,00;999998,00;;;;;;;;;;;;;;;;;5,3845;0,00000;0,0000;0,00000000;0,00000000;0,00028;Infinity;4,0187;28,237703;-0,004119;24,157514;24,093552;-0,0009;-0,0985;0,00;0,00;0,00;0,00;0,45;;5,277;5,297;0,0475779;20,94700;0,05700;0,00900;0,0005664;;1673,61;761,00;;;
;;762;20,94800;0,05800;0,021000;127,125;100,49;1635,4800;0,000;100,080;43,000;0,005;302,150;301,350;26,50;316,983;263,145;0,000;41,900;45,300;44,300;302,150;;;;;0,00;0,00;0,00;3,00;3,59;15,273;26,609;0,58;0,58;999998,00;999998,00;999998,00;999998,00;999998,00;999998,00;999998,00;999998,00;999998,00;999998,00;999998,00;999998,00;999998,00;999998,00;999998,00;;;;;;;;;;;;;;;;;5,7091;0,00000;0,0000;0,00000000;0,00000000;-0,00169;Infinity;4,0244;27,891550;-0,004083;23,861378;23,798200;-0,0009;-0,0965;0,00;0,00;0,00;0,00;0,41;;5,278;5,297;0,0504459;20,94800;0,05700;0,00100;0,0006072;;1673,61;762,00;;;
;;763;20,94500;0,05700;0,007000;133,200;100,48;1635,4800;0,000;100,076;43,000;0,005;302,150;301,350;26,50;316,983;263,145;0,000;41,900;45,300;44,300;302,150;;;;;0,00;0,00;0,00;3,00;3,59;15,290;26,630;0,58;0,58;999998,00;999998,00;999998,00;999998,00;999998,00;999998,00;999998,00;999998,00;999998,00;999998,00;999998,00;999998,00;999998,00;999998,00;999998,00;;;;;;;;;;;;;;;;;6,0891;0,00000;0,0000;0,00000000;0,00000000;-0,00223;Infinity;4,0305;28,550207;-0,004031;24,424863;24,360193;-0,0009;-0,0975;0,00;0,00;0,00;0,00;0,42;;5,278;5,298;0,0538035;20,94800;0,05700;-0,00100;0,0006325;;1673,61;763,00;;;
;;764;20,94600;0,05700;0,012000;133,500;100,48;1635,4800;0,000;100,076;43,000;0,005;302,150;301,350;26,50;316,983;263,151;0,000;41,900;45,300;44,300;302,150;;;;;0,00;0,00;0,00;3,00;3,59;15,231;26,625;0,58;0,58;999998,00;999998,00;999998,00;999998,00;999998,00;999998,00;999998,00;999998,00;999998,00;999998,00;999998,00;999998,00;999998,00;999998,00;999998,00;;;;;;;;;;;;;;;;;6,7994;0,00000;0,0000;-0,00083415;-0,00083415;-0,00224;-2,97177;4,0373;28,582340;-0,004064;24,452353;24,387611;-0,0009;-0,0984;0,00;0,00;0,00;0,00;0,45;;5,280;5,298;0,0600797;20,94700;0,05600;-0,00100;0,0007055;;1673,61;764,00;;;
;;765;20,94800;0,05700;-0,002000;127,100;100,48;1635,4800;0,000;100,082;43,000;0,005;302,150;301,350;26,50;316,950;263,151;0,000;41,900;45,300;44,200;302,150;;;;;0,00;0,00;0,00;3,00;3,60;15,225;26,617;0,58;0,58;999998,00;999998,00;999998,00;999998,00;999998,00;999998,00;999998,00;999998,00;999998,00;999998,00;999998,00;999998,00;999998,00;999998,00;999998,00;;;;;;;;;;;;;;;;;3,2245;0,00000;0,0000;0,00583903;0,00583903;0,00225;0,48734;4,0405;27,888806;-0,004012;23,859031;23,795859;-0,0008;-0,0948;0,00;0,00;0,00;0,00;0,37;;5,280;5,296;0,0284915;20,94900;0,05700;0,01700;0,0003444;;1673,61;765,00;;;
;;766;20,94800;0,05700;0,005000;127,550;100,48;1635,4700;0,000;100,080;43,000;0,005;302,150;301,350;26,50;316,917;263,151;0,000;41,900;45,200;44,200;302,150;;;;;0,00;0,00;0,00;3,00;3,60;15,280;26,604;0,58;0,58;999998,00;999998,00;999998,00;999998,00;999998,00;999998,00;999998,00;999998,00;999998,00;999998,00;999998,00;999998,00;999998,00;999998,00;999998,00;;;;;;;;;;;;;;;;;3,1987;0,00000;0,0000;0,00583903;0,00583903;0,00349;0,48820;4,0437;27,938133;-0,004028;23,901230;23,837947;-0,0008;-0,0953;0,00;0,00;0,00;0,00;0,41;;5,277;5,296;0,0282640;20,94800;0,05700;0,02200;0,0003415;;1673,60;766,00;;;
;;767;20,94700;0,05600;0,024000;123,250;100,48;1635,4700;0,000;100,082;43,000;0,005;302,150;301,350;26,50;316,917;263,151;0,000;41,900;45,200;44,200;302,150;;;;;0,00;0,00;0,00;3,00;3,60;15,246;26,617;0,58;0,58;999998,00;999998,00;999998,00;999998,00;999998,00;999998,00;999998,00;999998,00;999998,00;999998,00;999998,00;999998,00;999998,00;999998,00;999998,00;;;;;;;;;;;;;;;;;4,9709;0,00000;0,0000;-0,00083415;-0,00083415;0,00173;-3,86320;4,0487;27,463167;-0,004062;23,494894;23,432687;-0,0008;-0,0945;0,00;0,00;0,00;0,00;0,47;;5,275;5,293;0,0439232;20,94600;0,05800;0,01500;0,0005382;;1673,60;767,00;;;
;;768;20,94800;0,05700;0,022000;130,125;100,48;1635,4700;0,000;100,080;43,000;0,005;302,150;301,350;26,50;316,917;263,151;0,000;41,900;45,200;44,200;302,150;;;;;0,00;0,00;0,00;3,00;3,60;15,252;26,625;0,58;0,58;999998,00;999998,00;999998,00;999998,00;999998,00;999998,00;999998,00;999998,00;999998,00;999998,00;999998,00;999998,00;999998,00;999998,00;999998,00;;;;;;;;;;;;;;;;;6,0455;0,00000;0,0000;0,00000000;0,00000000;0,00103;Infinity;4,0547;28,218734;-0,003992;24,141286;24,077367;-0,0008;-0,0954;0,00;0,00;0,00;0,00;0,52;;5,276;5,293;0,0534184;20,94500;0,05800;0,01200;0,0006365;;1673,60;768,00;;;
;;769;20,94800;0,05700;0,025000;130,475;100,48;1635,4700;0,000;100,082;43,000;0,005;302,150;301,350;26,50;316,917;263,151;0,000;41,900;45,200;44,200;302,150;;;;;0,00;0,00;0,00;3,00;3,60;15,225;26,606;0,58;0,58;999998,00;999998,00;999998,00;999998,00;999998,00;999998,00;999998,00;999998,00;999998,00;999998,00;999998,00;999998,00;999998,00;999998,00;999998,00;;;;;;;;;;;;;;;;;5,7213;0,00000;0,0000;0,00000000;0,00000000;0,00053;Infinity;4,0604;28,256659;-0,003991;24,173731;24,109726;-0,0008;-0,0955;0,00;0,00;0,00;0,00;0,48;;5,276;5,293;0,0505536;20,94600;0,05800;0,01000;0,0006014;;1673,60;769,00;;;
;;770;20,94700;0,05800;0,022000;130,475;100,48;1635,4700;0,000;100,080;43,000;0,005;302,150;301,350;26,50;316,917;263,151;0,000;41,900;45,200;44,200;302,150;;;;;0,00;0,00;0,00;3,00;3,60;15,238;26,596;0,58;0,58;999998,00;999998,00;999998,00;999998,00;999998,00;999998,00;999998,00;999998,00;999998,00;999998,00;999998,00;999998,00;999998,00;999998,00;999998,00;;;;;;;;;;;;;;;;;6,4177;0,00000;0,0000;0,00000000;0,00000000;0,00028;Infinity;4,0668;28,256659;-0,004007;24,173731;24,109726;-0,0008;-0,0959;0,00;0,00;0,00;0,00;0,52;;5,277;5,293;0,0567065;20,94500;0,05800;0,00900;0,0006745;;1673,60;770,00;;;
;;771;20,94800;0,05700;0,006000;132,475;100,47;1635,4700;0,000;100,082;43,000;0,005;302,150;301,350;26,50;316,883;263,151;0,000;41,800;45,200;44,200;302,150;;;;;0,00;0,00;0,00;3,00;3,60;15,248;26,622;0,58;0,58;999998,00;999998,00;999998,00;999998,00;999998,00;999998,00;999998,00;999998,00;999998,00;999998,00;999998,00;999998,00;999998,00;999998,00;999998,00;;;;;;;;;;;;;;;;;6,0087;0,00000;0,0000;0,00000000;0,00000000;0,00028;Infinity;4,0728;28,472403;-0,003972;24,358301;24,293808;-0,0008;-0,0958;0,00;0,00;0,00;0,00;0,49;;5,279;5,295;0,0530930;20,94600;0,05700;0,00900;0,0006267;;1673,60;771,00;;;
;;772;20,94800;0,05700;0,009000;123,200;100,48;1635,4700;0,000;100,080;43,000;0,005;302,150;301,350;26,50;316,883;263,151;0,000;41,800;45,200;44,200;302,150;;;;;0,00;0,00;0,00;3,00;3,61;15,254;26,633;0,58;0,58;999998,00;999998,00;999998,00;999998,00;999998,00;999998,00;999998,00;999998,00;999998,00;999998,00;999998,00;999998,00;999998,00;999998,00;999998,00;;;;;;;;;;;;;;;;;5,7082;0,00000;0,0000;0,00000000;0,00000000;-0,00094;Infinity;4,0786;27,457596;-0,004023;23,490128;23,427934;-0,0008;-0,0936;0,00;0,00;0,00;0,00;0,44;;5,279;5,295;0,0504378;20,94700;0,05800;0,00400;0,0006170;;1673,60;772,00;;;
;;773;20,94700;0,05700;0,001000;131,100;100,48;1635,4700;0,000;100,080;43,000;0,005;302,150;301,350;26,50;316,850;263,151;0,000;41,800;45,200;44,100;302,150;;;;;0,00;0,00;0,00;3,00;3,61;15,255;26,625;0,58;0,58;999998,00;999998,00;999998,00;999998,00;999998,00;999998,00;999998,00;999998,00;999998,00;999998,00;999998,00;999998,00;999998,00;999998,00;999998,00;;;;;;;;;;;;;;;;;6,2207;0,00000;0,0000;0,00000000;0,00000000;-0,00022;Infinity;4,0848;28,324256;-0,004022;24,231560;24,167403;-0,0009;-0,0965;0,00;0,00;0,00;0,00;0,48;;5,280;5,297;0,0549660;20,94600;0,05700;0,00700;0,0006520;;1673,60;773,00;;;
;;774;20,94800;0,05600;-0,001000;128,425;100,48;1635,4700;0,000;100,080;43,000;0,005;302,150;301,350;26,50;316,883;263,151;0,000;41,800;45,200;44,200;302,150;;;;;0,00;0,00;0,00;3,00;3,61;15,244;26,601;0,58;0,58;999998,00;999998,00;999998,00;999998,00;999998,00;999998,00;999998,00;999998,00;999998,00;999998,00;999998,00;999998,00;999998,00;999998,00;999998,00;;;;;;;;;;;;;;;;;6,3976;0,00000;0,0000;-0,00082397;-0,00082397;-0,00071;-3,47144;4,0912;28,033798;-0,004055;23,983072;23,919572;-0,0009;-0,0963;0,00;0,00;0,00;0,00;0,48;;5,282;5,297;0,0565295;20,94600;0,05700;0,00500;0,0006773;;1673,60;774,00;;;
;;775;20,94800;0,05700;-0,001000;124,700;100,48;1635,4700;0,000;100,080;43,000;0,005;302,150;301,350;26,50;316,850;263,151;0,000;41,800;45,200;44,100;302,150;;;;;0,00;0,00;0,00;3,00;3,61;15,202;26,622;0,58;0,58;999998,00;999998,00;999998,00;999998,00;999998,00;999998,00;999998,00;999998,00;999998,00;999998,00;999998,00;999998,00;999998,00;999998,00;999998,00;;;;;;;;;;;;;;;;;5,0303;0,00000;0,0000;0,00576782;0,00576782;0,00076;0,48867;4,0962;27,624243;-0,004054;23,632695;23,570123;-0,0008;-0,0949;0,00;0,00;0,00;0,00;0,44;;5,282;5,298;0,0444477;20,94700;0,05700;0,01100;0,0005411;;1673,60;775,00;;;
;;776;20,94700;0,05700;0,017000;127,200;100,49;1635,4601;0,000;100,080;43,000;0,005;302,150;301,350;26,50;316,817;263,151;0,000;41,800;45,100;44,100;302,150;;;;;0,00;0,00;0,00;3,00;3,61;15,275;26,633;0,58;0,58;999998,00;999998,00;999998,00;999998,00;999998,00;999998,00;999998,00;999998,00;999998,00;999998,00;999998,00;999998,00;999998,00;999998,00;999998,00;;;;;;;;;;;;;;;;;3,7052;0,00000;0,0000;0,00576782;0,00576782;0,00126;0,49355;4,0999;27,899776;-0,004122;23,868415;23,805219;-0,0009;-0,0974;0,00;0,00;0,00;0,00;0,37;;5,281;5,298;0,0327389;20,94900;0,05700;0,01300;0,0003950;;1673,59;776,00;;;
;;777;20,94900;0,05800;0,022000;128,400;100,49;1635,4601;0,000;100,080;43,000;0,005;302,150;301,350;26,50;316,817;263,151;0,000;41,800;45,100;44,100;302,150;;;;;0,00;0,00;0,00;3,00;3,61;15,217;26,622;0,58;0,58;999998,00;999998,00;999998,00;999998,00;999998,00;999998,00;999998,00;999998,00;999998,00;999998,00;999998,00;999998,00;999998,00;999998,00;999998,00;;;;;;;;;;;;;;;;;2,9685;0,00000;0,0000;-0,00082397;-0,00082397;0,00399;-3,47110;4,1029;28,031069;-0,004087;23,980737;23,917244;-0,0009;-0,0970;0,00;0,00;0,00;0,00;0,41;;5,278;5,294;0,0262297;20,94800;0,05700;0,02400;0,0003162;;1673,59;777,00;;;
;;778;20,94800;0,05800;0,015000;127,375;100,49;1635,4601;0,000;100,080;43,000;0,005;302,150;301,350;26,50;316,817;263,151;0,000;41,800;45,100;44,100;302,150;;;;;0,00;0,00;0,00;3,00;3,61;15,244;26,633;0,58;0,58;999998,00;999998,00;999998,00;999998,00;999998,00;999998,00;999998,00;999998,00;999998,00;999998,00;999998,00;999998,00;999998,00;999998,00;999998,00;;;;;;;;;;;;;;;;;3,7640;0,00000;0,0000;0,00000000;0,00000000;0,00373;Infinity;4,1066;27,918961;-0,004155;23,884828;23,821589;-0,0009;-0,0983;0,00;0,00;0,00;0,00;0,44;;5,276;5,294;0,0332590;20,94700;0,05600;0,02300;0,0004019;;1673,59;778,00;;;
;;779;20,94600;0,05800;0,012000;126,575;100,49;1635,4601;0,000;100,080;43,000;0,005;302,150;301,350;26,50;316,817;263,151;0,000;41,800;45,100;44,100;302,150;;;;;0,00;0,00;0,00;3,00;3,62;15,255;26,625;0,58;0,58;999998,00;999998,00;999998,00;999998,00;999998,00;999998,00;999998,00;999998,00;999998,00;999998,00;999998,00;999998,00;999998,00;999998,00;999998,00;;;;;;;;;;;;;;;;;3,0661;0,00000;0,0000;0,00000000;0,00000000;0,00396;Infinity;4,1097;27,831148;-0,004102;23,809704;23,746663;-0,0009;-0,0967;0,00;0,00;0,00;0,00;0,41;;5,274;5,289;0,0270921;20,94800;0,05600;0,02400;0,0003288;;1673,59;779,00;;;
;;780;20,94500;0,05800;0,010000;131,225;100,49;1635,4601;0,000;100,080;43,000;0,005;302,150;301,350;26,50;316,817;263,151;0,000;41,800;45,100;44,100;302,150;;;;;0,00;0,00;0,00;3,00;3,62;15,254;26,636;0,58;0,58;999998,00;999998,00;999998,00;999998,00;999998,00;999998,00;999998,00;999998,00;999998,00;999998,00;999998,00;999998,00;999998,00;999998,00;999998,00;;;;;;;;;;;;;;;;;5,4346;0,00000;0,0000;0,00000000;0,00000000;-0,00072;Infinity;4,1151;28,337755;-0,004153;24,243109;24,178920;-0,0009;-0,0997;0,00;0,00;0,00;0,00;0,41;;5,272;5,289;0,0480201;20,94800;0,05600;0,00500;0,0005693;;1673,59;780,00;;;
;;781;20,94600;0,05700;0,009000;130,200;100,48;1635,4601;0,000;100,080;43,000;0,005;302,150;301,350;26,50;316,817;263,151;0,000;41,800;45,100;44,100;302,150;;;;;0,00;0,00;0,00;3,00;3,62;15,244;26,617;0,58;0,58;999998,00;999998,00;999998,00;999998,00;999998,00;999998,00;999998,00;999998,00;999998,00;999998,00;999998,00;999998,00;999998,00;999998,00;999998,00;;;;;;;;;;;;;;;;;5,0505;0,00000;0,0000;0,00000000;0,00000000;-0,00022;Infinity;4,1202;28,226865;-0,004049;24,148242;24,084305;-0,0009;-0,0968;0,00;0,00;0,00;0,00;0,41;;5,272;5,285;0,0446262;20,94800;0,05700;0,00700;0,0005313;;1673,59;781,00;;;
;;782;20,94500;0,05800;0,009000;130,975;100,49;1635,4601;0,000;100,082;43,000;0,005;302,150;301,350;26,50;316,817;263,151;0,000;41,800;45,100;44,100;302,150;;;;;0,00;0,00;0,00;3,00;3,62;15,254;26,609;0,58;0,58;999998,00;999998,00;999998,00;999998,00;999998,00;999998,00;999998,00;999998,00;999998,00;999998,00;999998,00;999998,00;999998,00;999998,00;999998,00;;;;;;;;;;;;;;;;;7,0686;0,00000;0,0000;0,00000000;0,00000000;-0,00197;Infinity;4,1273;28,310749;-0,004083;24,220005;24,155878;-0,0009;-0,0979;0,00;0,00;0,00;0,00;0,48;;5,273;5,285;0,0624579;20,94600;0,05700;0,00000;0,0007406;;1673,59;782,00;;;
;;783;20,94600;0,05700;0,004000;127,000;100,48;1635,4601;0,000;100,080;43,000;0,005;302,150;301,350;26,50;316,783;263,151;0,000;41,800;45,100;44,000;302,150;;;;;0,00;0,00;0,00;3,00;3,62;15,248;26,636;0,58;0,58;999998,00;999998,00;999998,00;999998,00;999998,00;999998,00;999998,00;999998,00;999998,00;999998,00;999998,00;999998,00;999998,00;999998,00;999998,00;;;;;;;;;;;;;;;;;7,1425;0,00000;0,0000;0,00000000;0,00000000;-0,00464;Infinity;4,1344;27,877834;-0,004013;23,849643;23,786497;-0,0008;-0,0948;0,00;0,00;0,00;0,00;0,41;;5,276;5,288;0,0631113;20,94800;0,05700;-0,01100;0,0007590;;1673,59;783,00;;;
;;784;20,94700;0,05700;0,007000;129,200;100,48;1635,4601;0,000;100,080;43,000;0,005;302,150;301,350;26,50;316,750;263,151;0,000;41,800;45,000;44,000;302,150;;;;;0,00;0,00;0,00;3,00;3,62;15,225;26,614;0,58;0,58;999998,00;999998,00;999998,00;999998,00;999998,00;999998,00;999998,00;999998,00;999998,00;999998,00;999998,00;999998,00;999998,00;999998,00;999998,00;;;;;;;;;;;;;;;;;6,7213;0,00000;0,0000;-0,00083415;-0,00083415;-0,00369;-3,43944;4,1411;28,118258;-0,004047;24,055328;23,991637;-0,0009;-0,0964;0,00;0,00;0,00;0,00;0,41;;5,278;5,288;0,0593895;20,94800;0,05700;-0,00700;0,0007084;;1673,59;784,00;;;
;;785;20,94600;0,05700;0,005000;131,925;100,48;1635,4601;0,000;100,080;43,000;0,005;302,150;301,350;26,50;316,717;263,151;0,000;41,700;45,000;44,000;302,150;;;;;0,00;0,00;0,00;3,00;3,62;15,236;26,612;0,58;0,58;999998,00;999998,00;999998,00;999998,00;999998,00;999998,00;999998,00;999998,00;999998,00;999998,00;999998,00;999998,00;999998,00;999998,00;999998,00;;;;;;;;;;;;;;;;;5,2059;0,00000;0,0000;0,00583903;0,00583903;-0,00047;0,49650;4,1463;28,413237;-0,004011;24,307684;24,243325;-0,0009;-0,0965;0,00;0,00;0,00;0,00;0,42;;5,279;5,290;0,0459990;20,94800;0,05700;0,00600;0,0005440;;1673,59;785,00;;;
;;786;20,94600;0,05700;0,011000;132,150;100,48;1635,4501;0,000;100,082;43,000;0,005;302,150;301,350;26,50;316,783;263,151;0,000;41,800;45,100;44,000;302,150;;;;;0,00;0,00;0,00;3,00;3,63;15,217;26,630;0,58;0,58;999998,00;999998,00;999998,00;999998,00;999998,00;999998,00;999998,00;999998,00;999998,00;999998,00;999998,00;999998,00;999998,00;999998,00;999998,00;;;;;;;;;;;;;;;;;3,8667;0,00000;0,0000;0,00500488;0,00500488;0,00229;0,57975;4,1502;28,437456;-0,004011;24,328403;24,263989;-0,0009;-0,0966;0,00;0,00;0,00;0,00;0,42;;5,278;5,290;0,0341665;20,94800;0,05700;0,01700;0,0004048;;1673,58;786,00;;;
;;787;20,94700;0,05700;0,013000;125,075;100,48;1635,4501;0,000;100,082;43,000;0,005;302,150;301,350;26,50;316,750;263,151;0,000;41,800;45,000;44,000;302,150;;;;;0,00;0,00;0,00;3,00;3,63;15,238;26,622;0,58;0,58;999998,00;999998,00;999998,00;999998,00;999998,00;999998,00;999998,00;999998,00;999998,00;999998,00;999998,00;999998,00;999998,00;999998,00;999998,00;;;;;;;;;;;;;;;;;3,9987;0,00000;0,0000;0,00417074;0,00417074;0,00199;0,57529;4,1542;27,665748;-0,003993;23,668203;23,605537;-0,0008;-0,0936;0,00;0,00;0,00;0,00;0,40;;5,276;5,288;0,0353325;20,94800;0,05600;0,01600;0,0004301;;1673,58;787,00;;;
;;788;20,94900;0,05600;0,024000;128,575;100,48;1635,4401;0,000;100,080;43,000;0,005;302,150;301,350;26,50;316,750;263,151;0,000;41,800;45,000;44,000;302,150;;;;;0,00;0,00;0,00;3,00;3,63;15,215;26,636;0,58;0,58;999998,00;999998,00;999998,00;999998,00;999998,00;999998,00;999998,00;999998,00;999998,00;999998,00;999998,00;999998,00;999998,00;999998,00;999998,00;;;;;;;;;;;;;;;;;3,8133;0,00000;-72,0855;0,01167806;0,01167806;0,00251;0,20832;4,1580;28,050165;-0,004010;23,997074;23,933537;-0,0008;-0,0953;0,00;0,00;0,00;0,00;0,41;;5,274;5,288;0,0336941;20,94800;0,05600;0,01800;0,0004048;;1673,57;788,00;;;
;;789;20,94800;0,05600;0,023000;121,800;100,48;1635,4301;0,000;100,080;43,000;0,005;302,150;301,350;26,50;316,817;263,151;0,000;42,000;45,000;44,000;302,150;;;;;0,00;0,00;0,00;3,00;3,63;15,267;26,628;0,58;0,58;999998,00;999998,00;999998,00;999998,00;999998,00;999998,00;999998,00;999998,00;999998,00;999998,00;999998,00;999998,00;999998,00;999998,00;999998,00;;;;;;;;;;;;;;;;;4,6197;0,00000;0,0000;0,00500488;0,00500488;0,00148;0,55658;4,1626;27,301141;-0,004061;23,356280;23,294439;-0,0008;-0,0939;0,00;0,00;0,00;0,00;0,43;;5,273;5,286;0,0408197;20,94700;0,05700;0,01400;0,0005031;;1673,56;789,00;;;
;;790;20,94700;0,05600;0,024000;129,050;100,48;1635,4301;0,000;100,080;43,000;0,005;302,150;301,450;26,50;316,817;263,151;0,000;42,000;45,000;44,000;302,150;;;;;0,00;0,00;0,00;3,00;3,63;15,254;26,601;0,58;0,58;999998,00;999998,00;999998,00;999998,00;999998,00;999998,00;999998,00;999998,00;999998,00;999998,00;999998,00;999998,00;999998,00;999998,00;999998,00;;;;;;;;;;;;;;;;;5,3587;0,00000;0,0000;0,00000000;0,00000000;0,00028;Infinity;4,1680;28,101931;-0,004008;24,041360;23,985662;-0,0008;-0,0954;0,00;0,00;0,00;0,00;0,45;;5,273;5,286;0,0473491;20,94700;0,05700;0,00900;0,0005664;;1673,56;790,00;;;
;;791;20,94800;0,05700;0,005000;128,150;100,48;1635,4301;0,000;100,082;43,000;0,005;302,150;301,350;26,50;316,817;263,151;0,000;42,000;45,000;44,000;302,150;;;;;0,00;0,00;0,00;3,00;3,63;15,236;26,638;0,58;0,58;999998,00;999998,00;999998,00;999998,00;999998,00;999998,00;999998,00;999998,00;999998,00;999998,00;999998,00;999998,00;999998,00;999998,00;999998,00;;;;;;;;;;;;;;;;;4,1372;0,00000;0,0000;-0,00583903;-0,00583903;0,00275;-0,48935;4,1721;28,003768;-0,004008;23,957381;23,893949;-0,0008;-0,0951;0,00;0,00;0,00;0,00;0,44;;5,272;5,283;0,0365560;20,94700;0,05700;0,01900;0,0004398;;1673,56;791,00;;;
;;792;20,94800;0,05700;0,007000;127,525;100,48;1635,4401;0,000;100,076;43,000;0,005;302,150;301,350;26,50;316,817;263,151;0,000;42,000;45,000;44,000;302,150;;;;;0,00;0,00;0,00;3,00;3,63;15,269;26,628;0,58;0,58;999998,00;999998,00;999998,00;999998,00;999998,00;999998,00;999998,00;999998,00;999998,00;999998,00;999998,00;999998,00;999998,00;999998,00;999998,00;;;;;;;;;;;;;;;;;4,0385;0,00000;0,0000;-0,00583903;-0,00583903;0,00176;-0,48815;4,1762;27,935395;-0,004042;23,898888;23,835611;-0,0008;-0,0956;0,00;0,00;0,00;0,00;0,41;;5,270;5,283;0,0356840;20,94800;0,05700;0,01500;0,0004301;;1673,57;792,00;;;
;;793;20,94800;0,05700;0,000000;125,250;100,48;1635,4401;0,000;100,082;43,000;0,005;302,150;301,350;26,50;316,817;263,151;0,000;42,000;45,000;44,000;302,150;;;;;0,00;0,00;0,00;3,00;3,64;15,246;26,641;0,58;0,58;999998,00;999998,00;999998,00;999998,00;999998,00;999998,00;999998,00;999998,00;999998,00;999998,00;999998,00;999998,00;999998,00;999998,00;999998,00;;;;;;;;;;;;;;;;;5,7547;0,00000;0,0000;0,00083415;0,00083415;-0,00070;3,38645;4,1819;27,685095;-0,004007;23,684755;23,622045;-0,0008;-0,0940;0,00;0,00;0,00;0,00;0,44;;5,270;5,282;0,0508486;20,94700;0,05700;0,00500;0,0006170;;1673,57;793,00;;;
;;794;20,94600;0,05700;-0,011000;125,525;100,48;1635,4401;0,000;100,080;43,000;0,005;302,150;301,350;26,50;316,750;263,151;0,000;41,900;45,000;43,900;302,150;;;;;0,00;0,00;0,00;3,00;3,64;15,227;26,638;0,58;0,58;999998,00;999998,00;999998,00;999998,00;999998,00;999998,00;999998,00;999998,00;999998,00;999998,00;999998,00;999998,00;999998,00;999998,00;999998,00;;;;;;;;;;;;;;;;;7,3087;0,00000;0,0000;0,00000000;0,00000000;-0,00413;Infinity;4,1892;27,715472;-0,004024;23,710742;23,647963;-0,0008;-0,0945;0,00;0,00;0,00;0,00;0,44;;5,272;5,282;0,0645793;20,94700;0,05800;-0,00900;0,0007814;;1673,57;794,00;;;
;;795;20,94800;0,05700;-0,007000;128,950;100,48;1635,4401;0,000;100,082;43,000;0,005;302,150;301,350;26,50;316,750;263,151;0,000;41,900;45,000;43,900;302,150;;;;;0,00;0,00;0,00;3,00;3,64;15,240;26,638;0,58;0,58;999998,00;999998,00;999998,00;999998,00;999998,00;999998,00;999998,00;999998,00;999998,00;999998,00;999998,00;999998,00;999998,00;999998,00;999998,00;;;;;;;;;;;;;;;;;7,0129;0,00000;0,0000;0,00000000;0,00000000;-0,00170;Infinity;4,1962;28,091041;-0,004041;24,032044;23,968414;-0,0008;-0,0962;0,00;0,00;0,00;0,00;0,48;;5,274;5,285;0,0619660;20,94600;0,05600;0,00100;0,0007406;;1673,57;795,00;;;
;;796;20,94800;0,05700;0,006000;124,550;100,47;1635,4401;0,000;100,082;43,000;0,005;302,150;301,350;26,50;316,717;263,151;0,000;41,900;44,900;43,900;302,150;;;;;0,00;0,00;0,00;3,00;3,64;15,223;26,628;0,58;0,58;999998,00;999998,00;999998,00;999998,00;999998,00;999998,00;999998,00;999998,00;999998,00;999998,00;999998,00;999998,00;999998,00;999998,00;999998,00;;;;;;;;;;;;;;;;;5,5015;0,00000;0,0000;0,00000000;0,00000000;-0,00021;Infinity;4,2017;27,607624;-0,003972;23,618477;23,555943;-0,0008;-0,0929;0,00;0,00;0,00;0,00;0,44;;5,275;5,285;0,0486114;20,94700;0,05700;0,00700;0,0005917;;1673,57;796,00;;;
;;797;20,94800;0,05600;0,017000;126,750;100,48;1635,4401;0,000;100,076;43,000;0,005;302,150;301,350;26,60;316,683;263,151;0,000;41,800;44,900;43,900;302,150;;;;;0,00;0,00;0,00;3,00;3,64;15,217;26,612;0,58;0,58;999998,00;999998,00;999998,00;999998,00;999998,00;999998,00;999998,00;999998,00;999998,00;999998,00;999998,00;999998,00;999998,00;999998,00;999998,00;;;;;;;;;;;;;;;;;5,6695;0,00000;0,0000;-0,00083415;-0,00083415;-0,00046;-3,40667;4,2074;27,850381;-0,004006;23,826157;23,763073;-0,0008;-0,0945;0,00;0,00;0,00;0,00;0,44;;5,276;5,288;0,0500955;20,94700;0,05700;0,00600;0,0006043;;1673,57;797,00;;;
;;798;20,94800;0,05600;0,016000;129,850;100,48;1635,4401;0,000;100,082;43,000;0,005;302,150;301,350;26,50;316,683;263,151;0,000;41,800;44,900;43,900;302,150;;;;;0,00;0,00;0,00;3,00;3,64;15,254;26,622;0,58;0,58;999998,00;999998,00;999998,00;999998,00;999998,00;999998,00;999998,00;999998,00;999998,00;999998,00;999998,00;999998,00;999998,00;999998,00;999998,00;;;;;;;;;;;;;;;;;3,4697;0,00000;0,0000;0,00583903;0,00583903;0,00302;0,49258;4,2109;28,188900;-0,004024;24,115763;24,051912;-0,0008;-0,0961;0,00;0,00;0,00;0,00;0,41;;5,275;5,288;0,0306578;20,94800;0,05700;0,02000;0,0003668;;1673,57;798,00;;;
;;799;20,94800;0,05700;0,018000;134,650;100,48;1635,4301;0,000;100,090;43,000;0,005;302,150;301,350;26,50;316,683;263,151;0,000;41,800;44,900;43,900;302,150;;;;;0,00;0,00;0,00;3,00;3,64;15,236;26,630;0,58;0,58;999998,00;999998,00;999998,00;999998,00;999998,00;999998,00;999998,00;999998,00;999998,00;999998,00;999998,00;999998,00;999998,00;999998,00;999998,00;;;;;;;;;;;;;;;;;3,8386;0,00000;0,0000;0,00583903;0,00583903;0,00485;0,50160;4,2147;28,705184;-0,004006;24,557446;24,492426;-0,0009;-0,0974;0,00;0,00;0,00;0,00;0,49;;5,273;5,287;0,0339175;20,94600;0,05700;0,02700;0,0003990;;1673,56;799,00;;;
;;800;20,94800;0,05700;0,014000;129,400;100,48;1635,4301;0,000;100,080;43,000;0,005;302,150;301,350;26,50;316,683;263,151;0,000;41,800;44,900;43,900;302,150;;;;;0,00;0,00;0,00;3,00;3,65;15,276;26,620;0,58;0,58;999998,00;999998,00;999998,00;999998,00;999998,00;999998,00;999998,00;999998,00;999998,00;999998,00;999998,00;999998,00;999998,00;999998,00;999998,00;;;;;;;;;;;;;;;;;4,3674;0,00000;0,0000;0,00000000;0,00000000;0,00351;Infinity;4,2191;28,140013;-0,004024;24,073939;24,010199;-0,0008;-0,0959;0,00;0,00;0,00;0,00;0,48;;5,271;5,287;0,0385905;20,94600;0,05700;0,02200;0,0004622;;1673,56;800,00;;;
;;801;20,94700;0,05700;0,009000;127,850;100,48;1635,4301;0,000;100,082;43,000;0,005;302,150;301,350;26,50;316,683;263,151;0,000;41,800;44,900;43,900;302,150;;;;;0,00;0,00;0,00;3,00;3,65;15,196;26,628;0,58;0,58;999998,00;999998,00;999998,00;999998,00;999998,00;999998,00;999998,00;999998,00;999998,00;999998,00;999998,00;999998,00;999998,00;999998,00;999998,00;;;;;;;;;;;;;;;;;3,3227;0,00000;0,0000;-0,00667318;-0,00667318;0,00324;-0,42768;4,2224;27,970970;-0,004007;23,929322;23,865965;-0,0008;-0,0949;0,00;0,00;0,00;0,00;0,41;;5,269;5,282;0,0293590;20,94800;0,05700;0,02100;0,0003541;;1673,56;801,00;;;
;;802;20,94700;0,05700;0,019000;131,975;100,47;1635,4401;0,000;100,082;43,000;0,005;302,150;301,350;26,50;316,650;263,151;0,000;41,800;44,900;43,800;302,150;;;;;0,00;0,00;0,00;3,00;3,65;15,223;26,636;0,58;0,58;999998,00;999998,00;999998,00;999998,00;999998,00;999998,00;999998,00;999998,00;999998,00;999998,00;999998,00;999998,00;999998,00;999998,00;999998,00;;;;;;;;;;;;;;;;;5,7852;0,00000;0,0000;0,00000000;0,00000000;-0,00047;Infinity;4,2282;28,418620;-0,003955;24,312290;24,247918;-0,0008;-0,0952;0,00;0,00;0,00;0,00;0,45;;5,268;5,282;0,0511176;20,94700;0,05700;0,00600;0,0006043;;1673,57;802,00;;;
;;803;20,94700;0,05700;0,015000;131,650;100,47;1635,4301;0,000;100,090;43,000;0,005;302,150;301,250;26,50;316,617;263,151;0,000;41,700;44,900;43,800;302,150;;;;;0,00;0,00;0,00;3,00;3,65;15,240;26,641;0,58;0,58;999998,00;999998,00;999998,00;999998,00;999998,00;999998,00;999998,00;999998,00;999998,00;999998,00;999998,00;999998,00;999998,00;999998,00;999998,00;;;;;;;;;;;;;;;;;8,1524;0,00000;0,0000;0,00667318;0,00667318;-0,00322;0,49908;4,2363;28,383607;-0,003956;24,282336;24,210007;-0,0008;-0,0951;0,00;0,00;0,00;0,00;0,52;;5,271;5,283;0,0720346;20,94500;0,05800;-0,00500;0,0008515;;1673,56;803,00;;;
;;804;20,94800;0,05800;0,005000;127,150;100,48;1635,4301;0,000;100,090;43,000;0,005;302,150;301,350;26,50;316,617;263,151;0,000;41,700;44,900;43,800;302,150;;;;;0,00;0,00;0,00;3,00;3,65;15,240;26,652;0,58;0,58;999998,00;999998,00;999998,00;999998,00;999998,00;999998,00;999998,00;999998,00;999998,00;999998,00;999998,00;999998,00;999998,00;999998,00;999998,00;;;;;;;;;;;;;;;;;6,6069;0,00000;0,0000;-0,00166829;-0,00166829;-0,00169;-2,21783;4,2430;27,894292;-0,004008;23,863724;23,800540;-0,0008;-0,0947;0,00;0,00;0,00;0,00;0,48;;5,273;5,283;0,0583789;20,94600;0,05900;0,00100;0,0007026;;1673,56;804,00;;;
;;805;20,94700;0,05600;-0,009000;126,750;100,48;1635,4301;0,000;100,082;43,000;0,005;302,150;301,250;26,50;316,617;263,151;0,000;41,700;44,900;43,800;302,150;;;;;0,00;0,00;0,00;3,00;3,65;15,248;26,644;0,58;0,58;999998,00;999998,00;999998,00;999998,00;999998,00;999998,00;999998,00;999998,00;999998,00;999998,00;999998,00;999998,00;999998,00;999998,00;999998,00;;;;;;;;;;;;;;;;;5,9674;0,00000;0,0000;0,00583903;0,00583903;0,00077;0,63266;4,2489;27,850381;-0,004043;23,826157;23,755187;-0,0008;-0,0953;0,00;0,00;0,00;0,00;0,51;;5,274;5,288;0,0527282;20,94500;0,05900;0,01100;0,0006365;;1673,56;805,00;;;
;;806;20,94700;0,05700;0,001000;133,300;100,48;1635,4200;0,000;100,090;43,000;0,005;302,150;301,350;26,50;316,583;263,151;0,000;41,700;44,800;43,800;302,150;;;;;0,00;0,00;0,00;3,00;3,65;15,255;26,636;0,58;0,58;999998,00;999998,00;999998,00;999998,00;999998,00;999998,00;999998,00;999998,00;999998,00;999998,00;999998,00;999998,00;999998,00;999998,00;999998,00;;;;;;;;;;;;;;;;;6,9142;0,00000;0,0000;0,00583903;0,00583903;0,00155;0,64881;4,2558;28,560922;-0,004044;24,434030;24,369336;-0,0009;-0,0978;0,00;0,00;0,00;0,00;0,60;;5,276;5,288;0,0610936;20,94300;0,05900;0,01400;0,0007193;;1673,55;806,00;;;
;;807;20,94600;0,05700;0,007000;128,425;100,48;1635,4200;0,000;100,090;43,000;0,005;302,150;301,350;26,50;316,583;263,151;0,000;41,700;44,800;43,800;302,150;;;;;0,00;0,00;0,00;3,00;3,66;15,267;26,622;0,58;0,58;999998,00;999998,00;999998,00;999998,00;999998,00;999998,00;999998,00;999998,00;999998,00;999998,00;999998,00;999998,00;999998,00;999998,00;999998,00;;;;;;;;;;;;;;;;;6,4568;0,00000;0,0000;-0,00083415;-0,00083415;0,00102;-4,45784;4,2623;28,033798;-0,004010;23,983072;23,919572;-0,0008;-0,0952;0,00;0,00;0,00;0,00;0,55;;5,278;5,290;0,0570526;20,94400;0,05900;0,01200;0,0006842;;1673,55;807,00;;;
;;808;20,94700;0,05700;0,006000;132,000;100,48;1635,4200;0,000;100,090;43,000;0,005;302,150;301,350;26,50;316,583;263,151;0,000;41,700;44,800;43,800;302,150;;;;;0,00;0,00;0,00;3,00;3,66;15,261;26,636;0,58;0,58;999998,00;999998,00;999998,00;999998,00;999998,00;999998,00;999998,00;999998,00;999998,00;999998,00;999998,00;999998,00;999998,00;999998,00;999998,00;;;;;;;;;;;;;;;;;4,8109;0,00000;0,0000;0,00000000;0,00000000;0,00104;Infinity;4,2671;28,421312;-0,004028;24,314592;24,250215;-0,0009;-0,0970;0,00;0,00;0,00;0,00;0,45;;5,278;5,290;0,0425090;20,94700;0,05900;0,01200;0,0005031;;1673,55;808,00;;;
;;809;20,94700;0,05700;0,020000;128,100;100,48;1635,4200;0,000;100,082;43,000;0,005;302,150;301,350;26,50;316,583;263,151;0,000;41,700;44,800;43,800;302,150;;;;;0,00;0,00;0,00;3,00;3,66;15,276;26,655;0,58;0,58;999998,00;999998,00;999998,00;999998,00;999998,00;999998,00;999998,00;999998,00;999998,00;999998,00;999998,00;999998,00;999998,00;999998,00;999998,00;;;;;;;;;;;;;;;;;3,3541;0,00000;0,0000;0,00000000;0,00000000;0,00596;Infinity;4,2705;27,998303;-0,004081;23,952706;23,889287;-0,0009;-0,0968;0,00;0,00;0,01;0,00;0,51;;5,277;5,289;0,0296365;20,94500;0,06000;0,03200;0,0003581;;1673,55;809,00;;;
;;810;20,94800;0,05700;0,027000;129,025;100,48;1635,4200;0,000;100,090;43,000;0,005;302,150;301,350;26,50;316,583;263,151;0,000;41,700;44,800;43,800;302,150;;;;;0,00;0,00;0,00;3,00;3,66;15,223;26,628;0,58;0,58;999998,00;999998,00;999998,00;999998,00;999998,00;999998,00;999998,00;999998,00;999998,00;999998,00;999998,00;999998,00;999998,00;999998,00;999998,00;;;;;;;;;;;;;;;;;4,5418;0,00000;0,0000;0,00000000;0,00000000;0,00475;Infinity;4,2750;28,099209;-0,004064;24,039031;23,975383;-0,0009;-0,0967;0,00;0,00;0,00;0,00;0,55;;5,275;5,289;0,0401312;20,94400;0,06000;0,02700;0,0004817;;1673,55;810,00;;;
;;811;20,94600;0,05700;0,022000;129,025;100,48;1635,4200;0,000;100,090;43,000;0,005;302,150;301,350;26,50;316,583;263,151;0,000;41,700;44,800;43,800;302,150;;;;;0,00;0,00;0,00;3,00;3,66;15,246;26,644;0,58;0,58;999998,00;999998,00;999998,00;999998,00;999998,00;999998,00;999998,00;999998,00;999998,00;999998,00;999998,00;999998,00;999998,00;999998,00;999998,00;;;;;;;;;;;;;;;;;4,7832;0,00000;0,0000;0,00000000;0,00000000;0,00425;Infinity;4,2798;28,099209;-0,004064;24,039031;23,975383;-0,0009;-0,0967;0,00;0,00;0,00;0,00;0,55;;5,274;5,286;0,0422643;20,94400;0,06000;0,02500;0,0005071;;1673,55;811,00;;;
;;812;20,94600;0,05700;0,021000;125,125;100,48;1635,4200;0,000;100,090;43,000;0,005;302,150;301,350;26,50;316,517;263,151;0,000;41,600;44,800;43,700;302,150;;;;;0,00;0,00;0,00;3,00;3,66;15,246;26,649;0,58;0,58;999998,00;999998,00;999998,00;999998,00;999998,00;999998,00;999998,00;999998,00;999998,00;999998,00;999998,00;999998,00;999998,00;999998,00;999998,00;;;;;;;;;;;;;;;;;8,6311;0,00000;0,0000;0,00000000;0,00000000;-0,00388;Infinity;4,2884;27,671277;-0,004048;23,672933;23,610254;-0,0008;-0,0949;0,00;0,00;0,00;0,00;0,54;;5,276;5,286;0,0762643;20,94400;0,06000;-0,00800;0,0009245;;1673,55;812,00;;;
;;813;20,94800;0,05800;0,006000;128,875;100,48;1635,4200;0,000;100,082;43,000;0,005;302,150;301,350;26,50;316,517;263,151;0,000;41,600;44,800;43,700;302,150;;;;;0,00;0,00;0,00;3,00;3,66;15,284;26,641;0,58;0,58;999998,00;999998,00;999998,00;999998,00;999998,00;999998,00;999998,00;999998,00;999998,00;999998,00;999998,00;999998,00;999998,00;999998,00;999998,00;;;;;;;;;;;;;;;;;7,0726;0,00000;0,0000;0,00000000;0,00000000;-0,00071;Infinity;4,2955;28,082870;-0,004015;24,025053;23,961442;-0,0008;-0,0955;0,00;0,00;0,00;0,00;0,55;;5,279;5,288;0,0624939;20,94400;0,06100;0,00500;0,0007475;;1673,55;813,00;;;
;;814;20,94700;0,05900;-0,005000;128,325;100,48;1635,4200;0,000;100,082;43,000;0,005;302,150;301,350;26,50;316,483;263,151;0,000;41,600;44,700;43,700;302,150;;;;;0,00;0,00;0,00;3,00;3,67;15,225;26,612;0,58;0,58;999998,00;999998,00;999998,00;999998,00;999998,00;999998,00;999998,00;999998,00;999998,00;999998,00;999998,00;999998,00;999998,00;999998,00;999998,00;;;;;;;;;;;;;;;;;8,0504;0,00000;0,0000;0,00000000;0,00000000;-0,00368;Infinity;4,3035;28,022882;-0,004015;23,973733;23,910258;-0,0008;-0,0953;0,00;0,00;0,00;0,00;0,51;;5,282;5,288;0,0711334;20,94500;0,06000;-0,00700;0,0008515;;1673,55;814,00;;;
;;815;20,94500;0,05900;0,001000;126,375;100,48;1635,4200;0,000;100,082;43,000;0,005;302,150;301,350;26,50;316,483;263,151;0,000;41,600;44,700;43,700;302,150;;;;;0,00;0,00;0,00;3,00;3,67;15,215;26,638;0,58;0,58;999998,00;999998,00;999998,00;999998,00;999998,00;999998,00;999998,00;999998,00;999998,00;999998,00;999998,00;999998,00;999998,00;999998,00;999998,00;;;;;;;;;;;;;;;;;7,0029;0,00000;0,0000;0,00000000;0,00000000;-0,00046;Infinity;4,3105;27,809152;-0,004034;23,790886;23,727895;-0,0008;-0,0950;0,00;0,00;0,00;0,00;0,55;;5,285;5,292;0,0618777;20,94400;0,06000;0,00600;0,0007475;;1673,55;815,00;;;
;;816;20,94600;0,05900;0,011000;128,250;100,48;1635,4200;0,000;100,082;43,000;0,005;302,150;301,450;26,50;316,517;263,145;0,000;41,600;44,800;43,700;302,150;;;;;0,00;0,00;0,00;3,00;3,67;15,229;26,671;0,58;0,58;999998,00;999998,00;999998,00;999998,00;999998,00;999998,00;999998,00;999998,00;999998,00;999998,00;999998,00;999998,00;999998,00;999998,00;999998,00;;;;;;;;;;;;;;;;;6,4532;0,00000;0,0000;0,00000000;0,00000000;0,00077;Infinity;4,3170;28,014691;-0,004035;23,966726;23,911201;-0,0008;-0,0958;0,00;0,00;0,00;0,00;0,55;;5,286;5,292;0,0570208;20,94400;0,06000;0,01100;0,0006842;;1673,55;816,00;;;
;;817;20,94500;0,05900;0,014000;131,775;100,48;1635,4200;0,000;100,082;43,000;0,005;302,150;301,350;26,50;316,483;263,145;0,000;41,600;44,700;43,700;302,150;;;;;0,00;0,00;0,00;3,00;3,67;15,223;26,638;0,58;0,58;999998,00;999998,00;999998,00;999998,00;999998,00;999998,00;999998,00;999998,00;999998,00;999998,00;999998,00;999998,00;999998,00;999998,00;999998,00;;;;;;;;;;;;;;;;;5,0779;0,00000;0,0000;-0,00083415;-0,00083415;0,00379;-5,03664;4,3221;28,397079;-0,004054;24,293861;24,229538;-0,0009;-0,0975;0,00;0,00;0,00;0,00;0,56;;5,287;5,294;0,0448679;20,94400;0,06000;0,02300;0,0005324;;1673,55;817,00;;;
;;818;20,94300;0,05900;0,012000;134,425;100,48;1635,4200;0,000;100,082;43,000;0,005;302,150;301,450;26,60;316,483;263,151;0,000;41,600;44,700;43,700;302,150;;;;;0,00;0,00;0,00;3,00;3,67;15,223;26,633;0,58;0,58;999998,00;999998,00;999998,00;999998,00;999998,00;999998,00;999998,00;999998,00;999998,00;999998,00;999998,00;999998,00;999998,00;999998,00;999998,00;;;;;;;;;;;;;;;;;4,5126;0,00000;0,0000;0,00583903;0,00583903;0,00510;0,72672;4,3266;28,681191;-0,004055;24,536920;24,480075;-0,0009;-0,0986;0,00;0,00;0,01;0,00;0,56;;5,286;5,294;0,0398736;20,94400;0,06000;0,02800;0,0004691;;1673,55;818,00;;;
;;819;20,94400;0,06000;0,012000;127,650;100,48;1635,4100;0,000;100,086;43,000;0,005;302,150;301,450;26,50;316,483;263,145;0,000;41,600;44,700;43,700;302,150;;;;;0,00;0,00;0,00;3,00;3,67;15,227;26,652;0,58;0,58;999998,00;999998,00;999998,00;999998,00;999998,00;999998,00;999998,00;999998,00;999998,00;999998,00;999998,00;999998,00;999998,00;999998,00;999998,00;;;;;;;;;;;;;;;;;4,6682;0,00000;0,0000;0,00583903;0,00583903;0,00349;0,63491;4,3312;27,949084;-0,004074;23,910598;23,855204;-0,0009;-0,0965;0,00;0,00;0,00;0,00;0,51;;5,286;5,293;0,0412479;20,94500;0,05900;0,02200;0,0004973;;1673,54;819,00;;;
;;820;20,94700;0,06000;0,032000;130,525;100,49;1635,4100;0,000;100,078;43,000;0,005;302,150;301,450;26,50;316,450;263,145;0,000;41,500;44,700;43,700;302,150;;;;;0,00;0,00;0,00;3,00;3,67;15,223;26,636;0,58;0,58;999998,00;999998,00;999998,00;999998,00;999998,00;999998,00;999998,00;999998,00;999998,00;999998,00;999998,00;999998,00;999998,00;999998,00;999998,00;;;;;;;;;;;;;;;;;4,1142;0,00000;0,0000;-0,00083415;-0,00083415;0,00452;-5,01271;4,3354;28,262072;-0,004093;24,178362;24,122347;-0,0009;-0,0980;0,00;0,00;0,00;0,00;0,52;;5,285;5,293;0,0363532;20,94500;0,06000;0,02600;0,0004340;;1673,54;820,00;;;
;;821;20,94500;0,06000;0,027000;130,325;100,49;1635,4100;0,000;100,090;43,000;0,005;302,150;301,450;26,50;316,483;263,145;0,000;41,600;44,700;43,700;302,150;;;;;0,00;0,00;0,00;3,00;3,68;15,240;26,655;0,58;0,58;999998,00;999998,00;999998,00;999998,00;999998,00;999998,00;999998,00;999998,00;999998,00;999998,00;999998,00;999998,00;999998,00;999998,00;999998,00;;;;;;;;;;;;;;;;;6,3252;0,00000;0,0000;0,00000000;0,00000000;-0,00096;Infinity;4,3417;28,240412;-0,004129;24,159831;24,103859;-0,0009;-0,0988;0,00;0,00;0,00;0,00;0,48;;5,284;5,293;0,0558892;20,94600;0,05900;0,00400;0,0006647;;1673,54;821,00;;;
;;822;20,94400;0,06000;0,025000;128,250;100,49;1635,4100;0,000;100,082;43,000;0,005;302,250;301,450;26,60;316,450;263,145;0,000;41,500;44,700;43,700;302,150;;;;;0,00;0,00;0,00;3,00;3,68;15,170;26,641;0,58;0,58;999998,00;999998,00;999998,00;999998,00;999998,00;999998,00;999998,00;999998,00;999998,00;999998,00;999998,00;999998,00;999998,00;999998,00;999998,00;;;;;;;;;;;;;;;;;7,8063;0,00000;0,0000;0,00000000;0,00000000;-0,00318;Infinity;4,3495;28,010056;-0,004114;23,970691;23,907245;-0,0009;-0,0976;0,00;0,00;0,00;0,00;0,51;;5,287;5,293;0,0689762;20,94500;0,06000;-0,00500;0,0008263;;1673,54;822,00;;;
;;823;20,94400;0,06100;-0,008000;126,600;100,49;1635,4100;0,000;100,082;43,000;0,005;302,150;301,450;26,60;316,417;263,145;0,000;41,500;44,700;43,600;302,150;;;;;0,00;0,00;0,00;3,00;3,68;15,210;26,636;0,58;0,58;999998,00;999998,00;999998,00;999998,00;999998,00;999998,00;999998,00;999998,00;999998,00;999998,00;999998,00;999998,00;999998,00;999998,00;999998,00;;;;;;;;;;;;;;;;;8,3234;0,00000;0,0000;0,00000000;0,00000000;-0,00316;Infinity;4,3578;27,833896;-0,004167;23,812055;23,756889;-0,0009;-0,0983;0,00;0,00;0,00;0,00;0,55;;5,290;5,298;0,0735459;20,94400;0,06000;-0,00500;0,0008866;;1673,54;823,00;;;
;;824;20,94400;0,06000;0,005000;126,000;100,49;1635,4100;0,000;100,090;43,000;0,005;302,150;301,450;26,60;316,417;263,145;0,000;41,500;44,700;43,600;302,150;;;;;0,00;0,00;0,00;3,00;3,68;15,276;26,646;0,58;0,58;999998,00;999998,00;999998,00;999998,00;999998,00;999998,00;999998,00;999998,00;999998,00;999998,00;999998,00;999998,00;999998,00;999998,00;999998,00;;;;;;;;;;;;;;;;;7,1125;0,00000;0,0000;-0,00083415;-0,00083415;-0,00095;-5,43454;4,3649;27,767862;-0,004135;23,755562;23,700526;-0,0009;-0,0973;0,00;0,00;0,00;0,00;0,54;;5,293;5,298;0,0628463;20,94400;0,06100;0,00400;0,0007601;;1673,54;824,00;;;
;;825;20,94400;0,06000;-0,007000;124,975;100,49;1635,4100;0,000;100,078;43,000;0,005;302,150;301,450;26,60;316,383;263,145;0,000;41,500;44,600;43,600;302,150;;;;;0,00;0,00;0,00;3,00;3,68;15,263;26,671;0,58;0,58;999998,00;999998,00;999998,00;999998,00;999998,00;999998,00;999998,00;999998,00;999998,00;999998,00;999998,00;999998,00;999998,00;999998,00;999998,00;;;;;;;;;;;;;;;;;8,0332;0,00000;0,0000;0,00583903;0,00583903;-0,00290;0,77320;4,3730;27,654685;-0,004102;23,658739;23,603928;-0,0008;-0,0961;0,00;0,00;0,00;0,00;0,54;;5,296;5,305;0,0709818;20,94400;0,06100;-0,00400;0,0008613;;1673,54;825,00;;;
;;826;20,94500;0,06000;0,006000;133,450;100,49;1635,4000;0,000;100,090;43,000;0,005;302,150;301,350;26,60;316,383;263,145;0,000;41,500;44,600;43,600;302,150;;;;;0,00;0,00;0,00;3,00;3,68;15,212;26,652;0,58;0,58;999998,00;999998,00;999998,00;999998,00;999998,00;999998,00;999998,00;999998,00;999998,00;999998,00;999998,00;999998,00;999998,00;999998,00;999998,00;;;;;;;;;;;;;;;;;7,1055;0,00000;0,0000;0,00583903;0,00583903;-0,00148;0,72408;4,3801;28,576988;-0,004121;24,447774;24,383043;-0,0009;-0,0998;0,00;0,00;0,00;0,00;0,52;;5,298;5,305;0,0627846;20,94500;0,06000;0,00200;0,0007377;;1673,53;826,00;;;
;;827;20,94400;0,06000;0,011000;129,900;100,49;1635,4000;0,000;100,090;43,000;0,005;302,150;301,450;26,60;316,383;263,145;0,000;41,500;44,600;43,600;302,150;;;;;0,00;0,00;0,00;3,00;3,68;15,231;26,633;0,58;0,58;999998,00;999998,00;999998,00;999998,00;999998,00;999998,00;999998,00;999998,00;999998,00;999998,00;999998,00;999998,00;999998,00;999998,00;999998,00;;;;;;;;;;;;;;;;;7,2209;0,00000;0,0000;-0,00083415;-0,00083415;-0,00071;-5,00069;4,3873;28,194326;-0,004123;24,120405;24,064524;-0,0009;-0,0985;0,00;0,00;0,00;0,00;0,55;;5,301;5,311;0,0638043;20,94400;0,06000;0,00500;0,0007601;;1673,53;827,00;;;
;;828;20,94400;0,06000;0,023000;130,575;100,48;1635,4000;0,000;100,086;43,000;0,005;302,150;301,350;26,60;316,383;263,145;0,000;41,500;44,600;43,600;302,150;;;;;0,00;0,00;0,00;3,00;3,69;15,238;26,620;0,58;0,58;999998,00;999998,00;999998,00;999998,00;999998,00;999998,00;999998,00;999998,00;999998,00;999998,00;999998,00;999998,00;999998,00;999998,00;999998,00;;;;;;;;;;;;;;;;;7,3610;0,00000;0,0000;0,00000000;0,00000000;-0,00096;Infinity;4,3947;28,267485;-0,004074;24,182992;24,118963;-0,0009;-0,0976;0,00;0,00;0,00;0,00;0,55;;5,303;5,311;0,0650421;20,94400;0,06000;0,00400;0,0007728;;1673,53;828,00;;;
;;829;20,94400;0,05900;0,028000;126,150;100,49;1635,4000;0,000;100,090;43,000;0,005;302,150;301,350;26,60;316,383;263,145;0,000;41,500;44,600;43,600;302,150;;;;;0,00;0,00;0,00;3,00;3,69;15,238;26,660;0,58;0,58;999998,00;999998,00;999998,00;999998,00;999998,00;999998,00;999998,00;999998,00;999998,00;999998,00;999998,00;999998,00;999998,00;999998,00;999998,00;;;;;;;;;;;;;;;;;5,4464;0,00000;0,0000;0,00000000;0,00000000;0,00249;Infinity;4,4001;27,784385;-0,004111;23,769698;23,706763;-0,0009;-0,0968;0,00;0,00;0,00;0,00;0,55;;5,304;5,313;0,0481248;20,94400;0,06100;0,01800;0,0005830;;1673,53;829,00;;;
;;830;20,94400;0,06000;0,022000;126,750;100,49;1635,4000;0,000;100,086;43,000;0,005;302,150;301,350;26,60;316,383;263,145;0,000;41,500;44,600;43,600;302,150;;;;;0,00;0,00;0,00;3,00;3,69;15,250;26,655;0,58;0,58;999998,00;999998,00;999998,00;999998,00;999998,00;999998,00;999998,00;999998,00;999998,00;999998,00;999998,00;999998,00;999998,00;999998,00;999998,00;;;;;;;;;;;;;;;;;6,0566;0,00000;0,0000;0,00000000;0,00000000;0,00151;Infinity;4,4062;27,850381;-0,004165;23,826157;23,763073;-0,0009;-0,0983;0,00;0,00;0,00;0,00;0,55;;5,305;5,313;0,0535162;20,94400;0,06000;0,01400;0,0006463;;1673,53;830,00;;;
;;831;20,94500;0,05900;0,026000;131,750;100,49;1635,4000;0,000;100,086;43,000;0,005;302,150;301,350;26,60;316,383;263,145;0,000;41,500;44,600;43,600;302,150;;;;;0,00;0,00;0,00;3,00;3,69;15,227;26,649;0,58;0,58;999998,00;999998,00;999998,00;999998,00;999998,00;999998,00;999998,00;999998,00;999998,00;999998,00;999998,00;999998,00;999998,00;999998,00;999998,00;;;;;;;;;;;;;;;;;4,6214;0,00000;0,0000;0,00000000;0,00000000;0,00354;Infinity;4,4108;28,394386;-0,004082;24,291557;24,227240;-0,0009;-0,0982;0,00;0,00;0,00;0,00;0,52;;5,305;5,313;0,0408346;20,94500;0,06000;0,02200;0,0004846;;1673,53;831,00;;;
;;832;20,94500;0,06000;0,004000;127,050;100,49;1635,4000;0,000;100,078;43,000;0,005;302,150;301,450;26,60;316,383;263,145;0,000;41,500;44,600;43,600;302,150;;;;;0,00;0,00;0,00;3,00;3,69;15,255;26,638;0,58;0,58;999998,00;999998,00;999998,00;999998,00;999998,00;999998,00;999998,00;999998,00;999998,00;999998,00;999998,00;999998,00;999998,00;999998,00;999998,00;;;;;;;;;;;;;;;;;7,9480;0,00000;0,0000;0,00000000;0,00000000;-0,00120;Infinity;4,4187;27,883320;-0,004136;23,854337;23,799073;-0,0009;-0,0977;0,00;0,00;0,00;0,00;0,58;;5,306;5,313;0,0702288;20,94300;0,06000;0,00300;0,0008458;;1673,53;832,00;;;
;;833;20,94600;0,06000;-0,005000;130,700;100,49;1635,4000;0,000;100,082;43,000;0,005;302,150;301,450;26,60;316,317;263,145;0,000;41,400;44,600;43,500;302,150;;;;;0,00;0,00;0,00;3,00;3,69;15,183;26,641;0,58;0,58;999998,00;999998,00;999998,00;999998,00;999998,00;999998,00;999998,00;999998,00;999998,00;999998,00;999998,00;999998,00;999998,00;999998,00;999998,00;;;;;;;;;;;;;;;;;7,8818;0,00000;0,0000;0,00000000;0,00000000;-0,00321;Infinity;4,4266;28,281012;-0,004104;24,194565;24,138512;-0,0009;-0,0983;0,00;0,00;0,00;0,00;0,52;;5,309;5,315;0,0696435;20,94500;0,06000;-0,00500;0,0008263;;1673,53;833,00;;;
;;834;20,94500;0,06100;-0,005000;128,300;100,49;1635,4000;0,000;100,090;43,000;0,005;302,150;301,350;26,60;316,317;263,145;0,000;41,400;44,600;43,500;302,150;;;;;0,00;0,00;0,00;3,00;3,70;15,236;26,633;0,59;0,58;999998,00;999998,00;999998,00;999998,00;999998,00;999998,00;999998,00;999998,00;999998,00;999998,00;999998,00;999998,00;999998,00;999998,00;999998,00;;;;;;;;;;;;;;;;;8,0175;0,00000;0,0000;-0,00083415;-0,00083415;-0,00219;-4,45567;4,4346;28,020152;-0,004158;23,971398;23,907929;-0,0009;-0,0987;0,00;0,00;0,00;0,00;0,55;;5,312;5,315;0,0708428;20,94400;0,05900;-0,00100;0,0008487;;1673,53;834,00;;;
;;835;20,94400;0,06100;0,004000;130,650;100,49;1635,4000;0,000;100,086;43,100;0,005;302,150;301,350;26,60;316,317;263,145;0,000;41,400;44,600;43,500;302,150;;;;;0,00;0,00;0,00;3,00;3,70;15,194;26,628;0,59;0,58;999998,00;999998,00;999998,00;999998,00;999998,00;999998,00;999998,00;999998,00;999998,00;999998,00;999998,00;999998,00;999998,00;999998,00;999998,00;;;;;;;;;;;;;;;;;5,9680;0,00000;0,0000;0,00583903;0,00583903;0,00003;0,56821;4,4406;28,275602;-0,004109;24,189937;24,125889;-0,0009;-0,0984;0,00;0,00;0,00;0,00;0,48;;5,315;5,319;0,0527332;20,94600;0,05800;0,00800;0,0006267;;1673,53;835,00;;;
;;836;20,94400;0,06000;-0,004000;129,800;100,49;1635,3900;0,000;100,078;43,100;0,005;302,150;301,350;26,60;316,317;263,145;0,000;41,400;44,600;43,500;302,150;;;;;0,00;0,00;0,00;3,00;3,70;15,225;26,644;0,59;0,58;999998,00;999998,00;999998,00;999998,00;999998,00;999998,00;999998,00;999998,00;999998,00;999998,00;999998,00;999998,00;999998,00;999998,00;999998,00;;;;;;;;;;;;;;;;;3,1074;0,00000;0,0000;0,00583903;0,00583903;0,00327;0,64023;4,4437;28,183473;-0,004129;24,111120;24,047281;-0,0009;-0,0986;0,00;0,00;0,00;0,00;0,41;;5,314;5,319;0,0274566;20,94800;0,05900;0,02100;0,0003288;;1673,52;836,00;;;
;;837;20,94400;0,06000;0,002000;127,025;100,48;1635,3900;0,000;100,090;43,100;0,005;302,150;301,350;26,60;316,283;263,145;0,000;41,400;44,500;43,500;302,150;;;;;0,00;0,00;0,00;3,00;3,70;15,217;26,649;0,59;0,58;999998,00;999998,00;999998,00;999998,00;999998,00;999998,00;999998,00;999998,00;999998,00;999998,00;999998,00;999998,00;999998,00;999998,00;999998,00;;;;;;;;;;;;;;;;;5,9426;0,00000;0,0000;-0,00083415;-0,00083415;0,00200;-4,43347;4,4496;27,880577;-0,004064;23,851991;23,788838;-0,0008;-0,0960;0,00;0,00;0,00;0,00;0,55;;5,313;5,320;0,0525092;20,94400;0,05900;0,01600;0,0006336;;1673,52;837,00;;;
;;838;20,94500;0,06000;0,005000;130,125;100,48;1635,3900;0,000;100,086;43,100;0,005;302,150;301,350;26,60;316,283;263,145;0,000;41,400;44,500;43,500;302,150;;;;;0,00;0,00;0,00;3,00;3,70;15,238;26,649;0,59;0,58;999998,00;999998,00;999998,00;999998,00;999998,00;999998,00;999998,00;999998,00;999998,00;999998,00;999998,00;999998,00;999998,00;999998,00;999998,00;;;;;;;;;;;;;;;;;3,6547;0,00000;0,0000;0,00000000;0,00000000;0,00427;Infinity;4,4533;28,218734;-0,004067;24,141286;24,077367;-0,0009;-0,0972;0,00;0,00;0,00;0,00;0,48;;5,312;5,320;0,0322931;20,94600;0,06000;0,02500;0,0003863;;1673,52;838,00;;;
;;839;20,94400;0,06100;0,004000;127,500;100,48;1635,3900;0,000;100,090;43,100;0,005;302,150;301,350;26,60;316,283;263,145;0,000;41,400;44,500;43,500;302,150;;;;;0,00;0,00;0,00;3,00;3,70;15,240;26,652;0,59;0,58;999998,00;999998,00;999998,00;999998,00;999998,00;999998,00;999998,00;999998,00;999998,00;999998,00;999998,00;999998,00;999998,00;999998,00;999998,00;;;;;;;;;;;;;;;;;4,5446;0,00000;0,0000;0,00000000;0,00000000;0,00398;Infinity;4,4578;27,932657;-0,004070;23,896545;23,833275;-0,0009;-0,0963;0,00;0,00;0,00;0,00;0,51;;5,311;5,320;0,0401564;20,94500;0,05800;0,02400;0,0004846;;1673,52;839,00;;;
;;840;20,94400;0,06000;0,018000;128,350;100,48;1635,3900;0,000;100,078;43,100;0,005;302,150;301,350;26,60;316,283;263,145;0,000;41,400;44,500;43,500;302,150;;;;;0,00;0,00;0,00;3,00;3,70;15,198;26,652;0,59;0,58;999998,00;999998,00;999998,00;999998,00;999998,00;999998,00;999998,00;999998,00;999998,00;999998,00;999998,00;999998,00;999998,00;999998,00;999998,00;;;;;;;;;;;;;;;;;6,3346;0,00000;0,0000;0,00000000;0,00000000;0,00127;Infinity;4,4642;28,025611;-0,004073;23,976068;23,912587;-0,0009;-0,0967;0,00;0,00;0,00;0,00;0,55;;5,311;5,320;0,0559726;20,94400;0,05900;0,01300;0,0006716;;1673,52;840,00;;;
;;841;20,94400;0,06000;0,014000;128,750;100,48;1635,3900;0,000;100,086;43,100;0,005;302,150;301,350;26,60;316,283;263,145;0,000;41,400;44,500;43,500;302,150;;;;;0,00;0,00;0,00;3,00;3,71;15,261;26,638;0,59;0,58;999998,00;999998,00;999998,00;999998,00;999998,00;999998,00;999998,00;999998,00;999998,00;999998,00;999998,00;999998,00;999998,00;999998,00;999998,00;;;;;;;;;;;;;;;;;6,3751;0,00000;0,0000;0,00000000;0,00000000;0,00028;Infinity;4,4706;28,069247;-0,004024;24,013399;23,949819;-0,0008;-0,0957;0,00;0,00;0,00;0,00;0,52;;5,312;5,320;0,0563304;20,94500;0,05800;0,00900;0,0006745;;1673,52;841,00;;;
;;842;20,94400;0,06000;0,022000;129,975;100,48;1635,3900;0,000;100,090;43,100;0,005;302,150;301,350;26,60;316,283;263,145;0,000;41,400;44,500;43,500;302,150;;;;;0,00;0,00;0,00;3,00;3,71;15,240;26,652;0,59;0,59;999998,00;999998,00;999998,00;999998,00;999998,00;999998,00;999998,00;999998,00;999998,00;999998,00;999998,00;999998,00;999998,00;999998,00;999998,00;;;;;;;;;;;;;;;;;6,4677;0,00000;0,0000;0,00000000;0,00000000;-0,00196;Infinity;4,4770;28,202465;-0,004028;24,127368;24,063486;-0,0009;-0,0962;0,00;0,00;0,00;0,00;0,45;;5,313;5,320;0,0571487;20,94700;0,05700;0,00000;0,0006802;;1673,52;842,00;;;
;;843;20,94500;0,06000;0,003000;129,800;100,49;1635,3900;0,000;100,086;43,100;0,005;302,150;301,350;26,60;316,283;263,145;0,000;41,400;44,500;43,500;302,150;;;;;0,00;0,00;0,00;3,00;3,71;15,198;26,652;0,59;0,59;999998,00;999998,00;999998,00;999998,00;999998,00;999998,00;999998,00;999998,00;999998,00;999998,00;999998,00;999998,00;999998,00;999998,00;999998,00;;;;;;;;;;;;;;;;;8,2151;0,00000;0,0000;-0,00083415;-0,00083415;-0,00320;-3,44741;4,4852;28,183473;-0,004099;24,111120;24,047281;-0,0009;-0,0979;0,00;0,00;0,00;0,00;0,52;;5,316;5,325;0,0725884;20,94500;0,05700;-0,00500;0,0008642;;1673,52;843,00;;;
;;844;20,94300;0,05900;-0,005000;128,825;100,49;1635,3900;0,000;100,078;43,100;0,005;302,150;301,350;26,60;316,283;263,145;0,000;41,400;44,500;43,500;302,150;;;;;0,00;0,00;0,00;3,00;3,71;15,189;26,630;0,59;0,59;999998,00;999998,00;999998,00;999998,00;999998,00;999998,00;999998,00;999998,00;999998,00;999998,00;999998,00;999998,00;999998,00;999998,00;999998,00;;;;;;;;;;;;;;;;;7,9753;0,00000;0,0000;0,00583903;0,00583903;-0,00418;0,56423;4,4932;28,077422;-0,004086;24,020393;23,956794;-0,0009;-0,0972;0,00;0,00;0,00;0,00;0,48;;5,319;5,325;0,0704698;20,94600;0,05800;-0,00900;0,0008418;;1673,52;844,00;;;
;;845;20,94500;0,05800;-0,001000;130,625;100,48;1635,3800;0,000;100,090;43,100;0,005;302,150;301,350;26,60;316,250;263,145;0,000;41,400;44,500;43,400;302,150;;;;;0,00;0,00;0,00;3,00;3,71;15,225;26,649;0,59;0,59;999998,00;999998,00;999998,00;999998,00;999998,00;999998,00;999998,00;999998,00;999998,00;999998,00;999998,00;999998,00;999998,00;999998,00;999998,00;;;;;;;;;;;;;;;;;5,9991;0,00000;0,0000;0,00583903;0,00583903;-0,00121;0,56816;4,4992;28,272897;-0,004056;24,187622;24,123581;-0,0009;-0,0971;0,00;0,00;0,00;0,00;0,45;;5,321;5,329;0,0530082;20,94700;0,05800;0,00300;0,0006296;;1673,51;845,00;;;
;;846;20,94400;0,05900;0,008000;124,325;100,49;1635,3800;0,000;100,086;43,100;0,005;302,150;301,350;26,60;316,283;263,145;0,000;41,400;44,600;43,400;302,150;;;;;0,00;0,00;0,00;3,00;3,71;15,223;26,636;0,59;0,59;999998,00;999998,00;999998,00;999998,00;999998,00;999998,00;999998,00;999998,00;999998,00;999998,00;999998,00;999998,00;999998,00;999998,00;999998,00;;;;;;;;;;;;;;;;;5,0243;0,00000;0,0000;-0,00083415;-0,00083415;0,00028;-4,38610;4,5042;27,582675;-0,004110;23,597133;23,534656;-0,0008;-0,0960;0,00;0,00;0,00;0,00;0,44;;5,321;5,329;0,0443949;20,94700;0,05900;0,00900;0,0005411;;1673,51;846,00;;;
;;847;20,94600;0,05900;0,021000;123,025;100,49;1635,3800;0,000;100,090;43,100;0,005;302,150;301,350;26,50;316,217;263,145;0,000;41,400;44,400;43,400;302,150;;;;;0,00;0,00;0,00;3,00;3,71;15,208;26,638;0,59;0,59;999998,00;999998,00;999998,00;999998,00;999998,00;999998,00;999998,00;999998,00;999998,00;999998,00;999998,00;999998,00;999998,00;999998,00;999998,00;;;;;;;;;;;;;;;;;3,8503;0,00000;0,0000;0,00000000;0,00000000;0,00149;Infinity;4,5081;27,438088;-0,004147;23,473439;23,411289;-0,0009;-0,0964;0,00;0,00;0,00;0,00;0,40;;5,320;5,328;0,0340213;20,94800;0,05900;0,01400;0,0004174;;1673,51;847,00;;;
;;848;20,94800;0,06000;0,016000;130,050;100,49;1635,3800;0,000;100,086;43,100;0,005;302,150;301,350;26,50;316,250;263,145;0,000;41,400;44,500;43,400;302,150;;;;;0,00;0,00;0,00;3,00;3,72;15,240;26,652;0,59;0,59;999998,00;999998,00;999998,00;999998,00;999998,00;999998,00;999998,00;999998,00;999998,00;999998,00;999998,00;999998,00;999998,00;999998,00;999998,00;;;;;;;;;;;;;;;;;5,1387;0,00000;0,0000;0,00000000;0,00000000;0,00028;Infinity;4,5132;28,210600;-0,004100;24,134327;24,070427;-0,0009;-0,0980;0,00;0,00;0,00;0,00;0,45;;5,319;5,328;0,0454056;20,94700;0,05900;0,00900;0,0005411;;1673,51;848,00;;;
;;849;20,94400;0,05800;0,025000;124,075;100,49;1635,3800;0,000;100,086;43,100;0,005;302,150;301,350;26,50;316,183;263,145;0,000;41,300;44,400;43,400;302,150;;;;;0,00;0,00;0,00;3,00;3,72;15,183;26,644;0,59;0,59;999998,00;999998,00;999998,00;999998,00;999998,00;999998,00;999998,00;999998,00;999998,00;999998,00;999998,00;999998,00;999998,00;999998,00;999998,00;;;;;;;;;;;;;;;;;5,1941;0,00000;0,0000;0,00000000;0,00000000;0,00222;Infinity;4,5184;27,554929;-0,004155;23,573397;23,510982;-0,0009;-0,0970;0,00;0,00;0,00;0,00;0,51;;5,319;5,326;0,0458951;20,94500;0,05900;0,01700;0,0005606;;1673,51;849,00;;;
;;850;20,94600;0,05900;0,024000;128,350;100,49;1635,3800;0,000;100,086;43,100;0,005;302,150;301,350;26,50;316,183;263,145;0,000;41,200;44,500;43,400;302,150;;;;;0,00;0,00;0,00;3,00;3,72;15,194;26,638;0,59;0,59;999998,00;999998,00;999998,00;999998,00;999998,00;999998,00;999998,00;999998,00;999998,00;999998,00;999998,00;999998,00;999998,00;999998,00;999998,00;;;;;;;;;;;;;;;;;6,6642;0,00000;0,0000;0,00000000;0,00000000;0,00176;Infinity;4,5251;28,025611;-0,004175;23,976068;23,912587;-0,0009;-0,0991;0,00;0,00;0,00;0,00;0,58;;5,320;5,326;0,0588853;20,94300;0,05900;0,01500;0,0007066;;1673,51;850,00;;;
;;851;20,94500;0,05800;0,013000;133,800;100,49;1635,3800;0,000;100,084;43,100;0,005;302,150;301,350;26,60;316,150;263,145;0,000;41,200;44,400;43,400;302,150;;;;;0,00;0,00;0,00;3,00;3,72;15,212;26,644;0,59;0,59;999998,00;999998,00;999998,00;999998,00;999998,00;999998,00;999998,00;999998,00;999998,00;999998,00;999998,00;999998,00;999998,00;999998,00;999998,00;;;;;;;;;;;;;;;;;7,9099;0,00000;0,0000;0,00000000;0,00000000;-0,00047;Infinity;4,5330;28,614437;-0,004162;24,479812;24,414997;-0,0009;-0,1009;0,00;0,00;0,00;0,00;0,60;;5,322;5,329;0,0698922;20,94300;0,05900;0,00600;0,0008205;;1673,51;851,00;;;
;;852;20,94400;0,05700;0,009000;129,900;100,49;1635,3800;0,000;100,086;43,100;0,005;302,150;301,350;26,50;316,183;263,145;0,000;41,200;44,500;43,400;302,150;;;;;0,00;0,00;0,00;3,00;3,72;15,219;26,638;0,59;0,59;999998,00;999998,00;999998,00;999998,00;999998,00;999998,00;999998,00;999998,00;999998,00;999998,00;999998,00;999998,00;999998,00;999998,00;999998,00;;;;;;;;;;;;;;;;;8,2464;0,00000;0,0000;-0,00083415;-0,00083415;-0,00022;-4,48336;4,5412;28,194326;-0,004166;24,120405;24,056542;-0,0009;-0,0995;0,00;0,00;0,00;0,00;0,62;;5,325;5,329;0,0728655;20,94200;0,05900;0,00700;0,0008682;;1673,51;852,00;;;
;;853;20,94500;0,05700;0,000000;126,225;100,50;1635,3800;0,000;100,086;43,100;0,005;302,150;301,350;26,60;316,183;263,145;0,000;41,200;44,500;43,400;302,150;;;;;0,00;0,00;0,00;3,00;3,72;15,240;26,652;0,59;0,59;999998,00;999998,00;999998,00;999998,00;999998,00;999998,00;999998,00;999998,00;999998,00;999998,00;999998,00;999998,00;999998,00;999998,00;999998,00;;;;;;;;;;;;;;;;;7,5324;0,00000;0,0000;0,00583903;0,00583903;0,00101;0,63136;4,5488;27,792643;-0,004220;23,776762;23,713809;-0,0009;-0,0993;0,00;0,00;0,00;0,00;0,61;;5,328;5,335;0,0665562;20,94200;0,05900;0,01200;0,0008049;;1673,51;853,00;;;
;;854;20,94700;0,05800;-0,005000;128,575;100,50;1635,3700;0,000;100,086;43,100;0,005;302,150;301,350;26,50;316,150;263,145;0,000;41,200;44,500;43,300;302,150;;;;;0,00;0,00;0,00;3,00;3,72;15,204;26,644;0,59;0,59;999998,00;999998,00;999998,00;999998,00;999998,00;999998,00;999998,00;999998,00;999998,00;999998,00;999998,00;999998,00;999998,00;999998,00;999998,00;;;;;;;;;;;;;;;;;10,1296;0,00000;0,0000;0,00750732;0,00750732;-0,00393;0,43842;4,5589;28,050165;-0,004257;23,997074;23,933537;-0,0009;-0,1012;0,00;0,00;0,00;0,00;0,62;;5,332;5,335;0,0895048;20,94200;0,05800;-0,00800;0,0010705;;1673,50;854,00;;;
;;855;20,94500;0,05800;-0,009000;126,625;100,50;1635,3700;0,000;100,086;43,100;0,005;302,150;301,350;26,50;316,150;263,145;0,000;41,200;44,500;43,300;302,150;;;;;0,00;0,00;0,00;3,00;3,73;15,175;26,655;0,59;0,59;999998,00;999998,00;999998,00;999998,00;999998,00;999998,00;999998,00;999998,00;999998,00;999998,00;999998,00;999998,00;999998,00;999998,00;999998,00;;;;;;;;;;;;;;;;;8,5616;0,00000;0,0000;-0,01583862;-0,01583862;-0,00316;-0,20622;4,5675;27,836644;-0,004244;23,814406;23,751352;-0,0009;-0,1001;0,00;0,00;0,00;0,00;0,55;;5,337;5,341;0,0756503;20,94400;0,05800;-0,00500;0,0009119;;1673,50;855,00;;;
;;856;20,94600;0,05900;0,003000;124,450;100,49;1635,3900;0,000;100,086;43,100;0,005;302,150;301,350;26,50;316,150;263,145;0,000;41,200;44,500;43,300;302,150;;;;;0,00;0,00;0,00;3,00;3,73;15,198;26,649;0,59;0,59;999998,00;999998,00;999998,00;999998,00;999998,00;999998,00;999998,00;999998,00;999998,00;999998,00;999998,00;999998,00;999998,00;999998,00;999998,00;;;;;;;;;;;;;;;;;5,8263;0,00000;-69,3956;0,01244100;0,01244100;-0,00045;0,32818;4,5733;27,596538;-0,004180;23,608993;23,546484;-0,0009;-0,0977;0,00;0,00;0,00;0,00;0,47;;5,339;5,341;0,0514808;20,94600;0,06000;0,00600;0,0006267;;1673,52;856,00;;;
;;857;20,94700;0,05900;0,009000;127,250;100,50;1635,3501;0,000;100,086;43,100;0,005;302,150;301,350;26,50;316,117;263,145;0,000;41,100;44,500;43,300;302,150;;;;;0,00;0,00;0,00;3,00;3,73;15,202;26,638;0,59;0,59;999998,00;999998,00;999998,00;999998,00;999998,00;999998,00;999998,00;999998,00;999998,00;999998,00;999998,00;999998,00;999998,00;999998,00;999998,00;;;;;;;;;;;;;;;;;6,9967;0,00000;-46,2681;0,01911418;0,01911418;0,00053;0,23834;4,5803;27,905258;-0,004234;23,873105;23,809897;-0,0009;-0,1001;0,00;0,00;0,00;0,00;0,58;;5,340;5,347;0,0618228;20,94300;0,06100;0,01000;0,0007446;;1673,48;857,00;;;
;;858;20,94700;0,05900;0,014000;129,650;100,49;1635,3601;0,000;100,086;43,100;0,005;302,050;301,250;26,50;316,117;263,145;0,000;41,100;44,500;43,300;302,150;;;;;0,00;0,00;0,00;3,00;3,73;15,191;26,638;0,59;0,59;999998,00;999998,00;999998,00;999998,00;999998,00;999998,00;999998,00;999998,00;999998,00;999998,00;999998,00;999998,00;999998,00;999998,00;999998,00;;;;;;;;;;;;;;;;;9,6305;0,00000;0,0000;-0,00834147;-0,00834147;-0,00146;-0,60305;4,5899;28,171846;-0,004120;24,093196;24,029383;-0,0009;-0,0983;0,00;0,00;0,00;0,01;0,69;;5,344;5,347;0,0850947;20,94000;0,06200;0,00200;0,0010142;;1673,49;858,00;;;
;;859;20,94800;0,05900;0,009000;130,600;100,49;1635,3601;0,000;100,086;43,100;0,005;302,050;301,150;26,50;316,117;263,145;0,000;41,200;44,400;43,300;302,150;;;;;0,00;0,00;0,00;3,00;3,73;15,212;26,652;0,60;0,59;999998,00;999998,00;999998,00;999998,00;999998,00;999998,00;999998,00;999998,00;999998,00;999998,00;999998,00;999998,00;999998,00;999998,00;999998,00;;;;;;;;;;;;;;;;;7,9673;0,00000;0,0000;-0,00493368;-0,00493368;0,00178;-1,11102;4,5979;28,274871;-0,004107;24,181305;24,109254;-0,0009;-0,0983;0,00;0,00;0,00;0,01;0,70;;5,348;5,352;0,0703993;20,94000;0,06300;0,01500;0,0008371;;1673,49;859,00;;;
;;860;20,94700;0,05900;0,017000;126,150;100,48;1635,3700;0,000;100,086;43,100;0,005;302,050;301,150;26,50;316,117;263,145;0,000;41,200;44,400;43,300;302,150;;;;;0,00;0,00;0,00;3,00;3,73;15,189;26,652;0,60;0,59;999998,00;999998,00;999998,00;999998,00;999998,00;999998,00;999998,00;999998,00;999998,00;999998,00;999998,00;999998,00;999998,00;999998,00;999998,00;;;;;;;;;;;;;;;;;6,1909;0,00000;0,0000;-0,00576782;-0,00576782;0,00396;-0,93401;4,6041;27,788984;-0,004026;23,765764;23,694951;-0,0008;-0,0947;0,00;0,00;0,00;0,01;0,65;;5,350;5,352;0,0547030;20,94100;0,06300;0,02400;0,0006629;;1673,50;860,00;;;
;;861;20,94500;0,05900;0,015000;128,650;100,48;1635,3700;0,000;100,086;43,100;0,005;301,950;301,050;26,50;316,083;263,145;0,000;41,100;44,400;43,300;302,050;;;;;0,00;0,00;0,00;3,00;3,73;15,212;26,671;0,60;0,59;999998,00;999998,00;999998,00;999998,00;999998,00;999998,00;999998,00;999998,00;999998,00;999998,00;999998,00;999998,00;999998,00;999998,00;999998,00;;;;;;;;;;;;;;;;;6,3151;0,00000;0,0000;0,00082397;0,00082397;0,00177;6,08229;4,6104;28,067636;-0,003996;23,996126;23,924603;-0,0008;-0,0949;0,00;0,00;0,00;0,01;0,59;;5,351;5,356;0,0558001;20,94300;0,06200;0,01500;0,0006687;;1673,50;861,00;;;
;;862;20,94300;0,05900;0,006000;131,150;100,48;1635,3700;0,000;100,086;43,100;0,005;301,950;301,050;26,50;316,083;263,145;0,000;41,100;44,400;43,300;302,150;;;;;0,00;0,00;0,00;3,00;3,74;15,198;26,663;0,60;0,59;999998,00;999998,00;999998,00;999998,00;999998,00;999998,00;999998,00;999998,00;999998,00;999998,00;999998,00;999998,00;999998,00;999998,00;999998,00;;;;;;;;;;;;;;;;;6,0746;0,00000;0,0000;0,00000000;0,00000000;0,00003;Infinity;4,6165;28,339037;-0,004051;24,228158;24,155943;-0,0009;-0,0971;0,00;0,00;0,00;0,01;0,52;;5,352;5,356;0,0536750;20,94500;0,06200;0,00800;0,0006365;;1673,50;862,00;;;
;;863;20,94300;0,05900;0,007000;126,775;100,48;1635,3700;0,000;100,084;43,100;0,005;301,850;300,950;26,50;316,083;263,145;0,000;41,100;44,400;43,300;302,150;;;;;0,00;0,00;0,00;3,00;3,74;15,191;26,663;0,60;0,59;999998,00;999998,00;999998,00;999998,00;999998,00;999998,00;999998,00;999998,00;999998,00;999998,00;999998,00;999998,00;999998,00;999998,00;999998,00;;;;;;;;;;;;;;;;;6,1807;0,00000;0,0000;0,00000000;0,00000000;0,00102;Infinity;4,6226;27,866965;-0,004054;23,816674;23,745662;-0,0008;-0,0956;0,00;0,00;0,00;0,00;0,55;;5,353;5,358;0,0546126;20,94400;0,06100;0,01200;0,0006589;;1673,50;863,00;;;
;;864;20,94200;0,05800;0,012000;128,375;100,48;1635,3700;0,000;100,086;43,100;0,005;301,850;300,850;26,50;316,083;263,145;0,000;41,100;44,400;43,300;302,150;;;;;0,00;0,00;0,00;3,00;3,74;15,183;26,657;0,60;0,59;999998,00;999998,00;999998,00;999998,00;999998,00;999998,00;999998,00;999998,00;999998,00;999998,00;999998,00;999998,00;999998,00;999998,00;999998,00;;;;;;;;;;;;;;;;;6,7640;0,00000;0,0000;0,00000000;0,00000000;-0,00244;Infinity;4,6294;28,042265;-0,004075;23,966496;23,887097;-0,0009;-0,0966;0,00;0,00;0,00;0,00;0,48;;5,354;5,358;0,0597667;20,94600;0,06100;-0,00200;0,0007153;;1673,50;864,00;;;
;;865;20,94200;0,05800;-0,008000;131,325;100,49;1635,3700;0,000;100,086;43,100;0,005;301,850;300,850;26,50;316,050;263,145;0,000;41,100;44,400;43,200;302,050;;;;;0,00;0,00;0,00;3,00;3,74;15,240;26,655;0,60;0,60;999998,00;999998,00;999998,00;999998,00;999998,00;999998,00;999998,00;999998,00;999998,00;999998,00;999998,00;999998,00;999998,00;999998,00;999998,00;;;;;;;;;;;;;;;;;4,3464;0,00000;0,0000;0,00000000;0,00000000;0,00053;Infinity;4,6338;28,362635;-0,004129;24,240302;24,159996;-0,0009;-0,0990;0,00;0,00;0,00;0,00;0,41;;5,354;5,358;0,0384044;20,94800;0,06000;0,01000;0,0004554;;1673,50;865,00;;;
;;866;20,94200;0,06000;-0,005000;130,925;100,49;1635,3700;0,000;100,086;43,100;0,005;301,750;300,750;26,50;316,050;263,145;0,000;41,100;44,400;43,200;302,150;;;;;0,00;0,00;0,00;3,00;3,74;15,208;26,652;0,60;0,60;999998,00;999998,00;999998,00;999998,00;999998,00;999998,00;999998,00;999998,00;999998,00;999998,00;999998,00;999998,00;999998,00;999998,00;999998,00;;;;;;;;;;;;;;;;;5,4035;0,00000;0,0000;0,00000000;0,00000000;-0,00047;Infinity;4,6392;28,324100;-0,004082;24,199348;24,119151;-0,0009;-0,0978;0,00;0,00;0,00;0,00;0,45;;5,354;5,358;0,0477451;20,94700;0,06000;0,00600;0,0005664;;1673,50;866,00;;;
;;867;20,94400;0,06100;0,006000;128,700;100,49;1635,3700;0,000;100,086;43,100;0,005;301,750;300,750;26,50;316,017;263,145;0,000;41,100;44,300;43,200;302,150;;;;;0,00;0,00;0,00;3,00;3,74;15,250;26,660;0,60;0,60;999998,00;999998,00;999998,00;999998,00;999998,00;999998,00;999998,00;999998,00;999998,00;999998,00;999998,00;999998,00;999998,00;999998,00;999998,00;;;;;;;;;;;;;;;;;6,6515;0,00000;0,0000;0,00000000;0,00000000;-0,00170;Infinity;4,6458;28,082391;-0,004153;23,992839;23,913327;-0,0009;-0,0986;0,00;0,00;0,00;0,00;0,48;;5,355;5,358;0,0587726;20,94600;0,05900;0,00100;0,0007026;;1673,50;867,00;;;
;;868;20,94600;0,06200;0,010000;124,175;100,49;1635,3700;0,000;100,084;43,100;0,005;301,750;300,750;26,50;316,017;263,145;0,000;41,100;44,300;43,200;302,150;;;;;0,00;0,00;0,00;3,00;3,74;15,236;26,641;0,60;0,60;999998,00;999998,00;999998,00;999998,00;999998,00;999998,00;999998,00;999998,00;999998,00;999998,00;999998,00;999998,00;999998,00;999998,00;999998,00;;;;;;;;;;;;;;;;;3,5153;0,00000;0,0000;0,00000000;0,00000000;0,00222;Infinity;4,6493;27,584296;-0,004123;23,567280;23,489178;-0,0008;-0,0962;0,00;0,00;0,00;0,00;0,40;;5,354;5,358;0,0310615;20,94800;0,05900;0,01700;0,0003795;;1673,50;868,00;;;
;;869;20,94300;0,06300;0,002000;130,875;100,49;1635,3700;0,000;100,086;43,100;0,005;301,750;300,650;26,60;315,983;263,145;0,000;41,000;44,300;43,200;302,150;;;;;0,00;0,00;0,00;3,00;3,75;15,204;26,649;0,60;0,60;999998,00;999998,00;999998,00;999998,00;999998,00;999998,00;999998,00;999998,00;999998,00;999998,00;999998,00;999998,00;999998,00;999998,00;999998,00;;;;;;;;;;;;;;;;;4,0049;0,00000;0,0000;0,00000000;0,00000000;0,00053;Infinity;4,6533;28,318690;-0,004161;24,194726;24,106526;-0,0009;-0,0996;0,00;0,00;0,00;0,00;0,38;;5,353;5,358;0,0353874;20,94900;0,05800;0,01000;0,0004203;;1673,50;869,00;;;
;;870;20,94000;0,06300;0,015000;131,100;100,48;1635,3700;0,000;100,086;43,100;0,005;301,650;300,650;26,50;315,983;263,145;0,000;41,000;44,300;43,200;302,050;;;;;0,00;0,00;0,00;3,00;3,75;15,212;26,649;0,60;0,60;999998,00;999998,00;999998,00;999998,00;999998,00;999998,00;999998,00;999998,00;999998,00;999998,00;999998,00;999998,00;999998,00;999998,00;999998,00;;;;;;;;;;;;;;;;;4,1880;0,00000;0,0000;0,00000000;0,00000000;0,00279;Infinity;4,6575;28,347721;-0,004080;24,211503;24,131239;-0,0009;-0,0977;0,00;0,00;0,00;0,00;0,45;;5,351;5,358;0,0370050;20,94700;0,05700;0,01900;0,0004398;;1673,50;870,00;;;
;;871;20,94000;0,06200;0,024000;124,525;100,49;1635,3700;0,000;100,086;43,100;0,005;301,650;300,650;26,50;315,983;263,145;0,000;41,000;44,300;43,200;302,150;;;;;0,00;0,00;0,00;3,00;3,75;15,214;26,687;0,60;0,60;999998,00;999998,00;999998,00;999998,00;999998,00;999998,00;999998,00;999998,00;999998,00;999998,00;999998,00;999998,00;999998,00;999998,00;999998,00;;;;;;;;;;;;;;;;;4,7936;0,00000;0,0000;0,00000000;0,00000000;0,00125;Infinity;4,6623;27,627722;-0,004101;23,596559;23,518334;-0,0008;-0,0957;0,00;0,00;0,00;0,00;0,44;;5,350;5,356;0,0423565;20,94700;0,05700;0,01300;0,0005158;;1673,50;871,00;;;
;;872;20,94100;0,06200;0,015000;135,850;100,48;1635,3700;0,000;100,084;43,100;0,005;301,650;300,550;26,50;315,950;263,145;0,000;40,900;44,300;43,200;302,150;;;;;0,00;0,00;0,00;3,00;3,75;15,168;26,660;0,60;0,60;999998,00;999998,00;999998,00;999998,00;999998,00;999998,00;999998,00;999998,00;999998,00;999998,00;999998,00;999998,00;999998,00;999998,00;999998,00;;;;;;;;;;;;;;;;;5,8151;0,00000;0,0000;0,00000000;0,00000000;-0,00277;Infinity;4,6681;28,856697;-0,004054;24,646214;24,556339;-0,0009;-0,0988;0,00;0,00;0,00;0,00;0,39;;5,350;5,356;0,0513826;20,94900;0,05700;-0,00300;0,0005975;;1673,50;872,00;;;
;;873;20,94300;0,06100;0,008000;131,575;100,49;1635,3700;0,000;100,088;43,100;0,005;301,550;300,550;26,50;315,950;263,145;0,000;40,900;44,300;43,200;302,150;;;;;0,00;0,00;0,00;3,00;3,75;15,238;26,668;0,60;0,60;999998,00;999998,00;999998,00;999998,00;999998,00;999998,00;999998,00;999998,00;999998,00;999998,00;999998,00;999998,00;999998,00;999998,00;999998,00;;;;;;;;;;;;;;;;;4,9921;0,00000;0,0000;0,00000000;0,00000000;-0,00122;Infinity;4,6731;28,403737;-0,004141;24,251304;24,170881;-0,0009;-0,0994;0,00;0,00;0,00;0,00;0,38;;5,350;5,355;0,0441098;20,94900;0,05700;0,00300;0,0005216;;1673,50;873,00;;;
;;874;20,94500;0,06100;0,012000;125,975;100,48;1635,3700;0,000;100,084;43,100;0,005;301,550;300,550;26,50;315,950;263,145;0,000;40,900;44,300;43,200;302,150;;;;;0,00;0,00;0,00;3,00;3,75;15,229;26,671;0,60;0,60;999998,00;999998,00;999998,00;999998,00;999998,00;999998,00;999998,00;999998,00;999998,00;999998,00;999998,00;999998,00;999998,00;999998,00;999998,00;;;;;;;;;;;;;;;;;3,8408;0,00000;0,0000;0,00000000;0,00000000;0,00003;Infinity;4,6770;27,792716;-0,004078;23,729609;23,650917;-0,0008;-0,0957;0,00;0,00;0,00;0,00;0,34;;5,349;5,355;0,0339373;20,95000;0,05600;0,00800;0,0004106;;1673,50;874,00;;;
;;875;20,94400;0,06000;-0,002000;129,300;100,49;1635,3700;0,000;100,084;43,100;0,005;301,550;300,550;26,50;315,950;263,145;0,000;40,900;44,300;43,200;302,150;;;;;0,00;0,00;0,00;3,00;3,75;15,196;26,676;0,60;0,60;999998,00;999998,00;999998,00;999998,00;999998,00;999998,00;999998,00;999998,00;999998,00;999998,00;999998,00;999998,00;999998,00;999998,00;999998,00;;;;;;;;;;;;;;;;;3,6809;0,00000;0,0000;0,00000000;0,00000000;-0,00071;Infinity;4,6806;28,157109;-0,004131;24,040730;23,961007;-0,0009;-0,0983;0,00;0,00;0,00;0,00;0,31;;5,347;5,353;0,0325248;20,95100;0,05600;0,00500;0,0003882;;1673,50;875,00;;;
;;876;20,94600;0,06000;0,010000;129,325;100,49;1635,3700;0,000;100,084;43,100;0,005;301,550;300,450;26,50;315,917;263,145;0,000;40,900;44,300;43,100;302,150;;;;;0,00;0,00;0,00;3,00;3,76;15,219;26,660;0,60;0,60;999998,00;999998,00;999998,00;999998,00;999998,00;999998,00;999998,00;999998,00;999998,00;999998,00;999998,00;999998,00;999998,00;999998,00;999998,00;;;;;;;;;;;;;;;;;5,3735;0,00000;0,0000;0,00000000;0,00000000;-0,00394;Infinity;4,6860;28,159830;-0,004134;24,043054;23,955350;-0,0009;-0,0983;0,00;0,00;0,00;0,00;0,31;;5,346;5,353;0,0474804;20,95100;0,05500;-0,00800;0,0005653;;1673,50;876,00;;;
;;877;20,94800;0,05900;0,006000;129,150;100,50;1635,3700;0,000;100,090;43,100;0,005;301,550;300,450;26,50;315,883;263,145;0,000;40,900;44,200;43,100;302,050;;;;;0,00;0,00;0,00;3,00;3,76;15,221;26,687;0,60;0,60;999998,00;999998,00;999998,00;999998,00;999998,00;999998,00;999998,00;999998,00;999998,00;999998,00;999998,00;999998,00;999998,00;999998,00;999998,00;;;;;;;;;;;;;;;;;4,8550;0,00000;0,0000;0,00000000;0,00000000;-0,00171;Infinity;4,6909;28,140771;-0,004188;24,026782;23,939136;-0,0009;-0,0995;0,00;0,00;0,00;0,00;0,34;;5,346;5,350;0,0428984;20,95000;0,05500;0,00100;0,0005118;;1673,50;877,00;;;
;;878;20,94700;0,05900;0,001000;126,850;100,50;1635,3700;0,000;100,084;43,100;0,005;301,550;300,450;26,50;315,883;263,145;0,000;40,900;44,200;43,100;302,150;;;;;0,00;0,00;0,00;3,00;3,76;15,200;26,676;0,60;0,60;999998,00;999998,00;999998,00;999998,00;999998,00;999998,00;999998,00;999998,00;999998,00;999998,00;999998,00;999998,00;999998,00;999998,00;999998,00;;;;;;;;;;;;;;;;;3,1651;0,00000;0,0000;0,00000000;0,00000000;0,00077;Infinity;4,6940;27,889070;-0,004191;23,811877;23,725016;-0,0009;-0,0987;0,00;0,00;0,00;0,00;0,30;;5,344;5,350;0,0279668;20,95100;0,05400;0,01100;0,0003376;;1673,50;878,00;;;
;;879;20,94600;0,05800;0,017000;128,550;100,49;1635,3700;0,000;100,088;43,100;0,005;301,450;300,450;26,50;315,883;263,145;0,000;40,900;44,200;43,100;302,150;;;;;0,00;0,00;0,00;3,00;3,76;15,152;26,663;0,60;0,60;999998,00;999998,00;999998,00;999998,00;999998,00;999998,00;999998,00;999998,00;999998,00;999998,00;999998,00;999998,00;999998,00;999998,00;999998,00;;;;;;;;;;;;;;;;;1,3189;0,00000;0,0000;0,00000000;0,00000000;0,00251;Infinity;4,6954;28,079984;-0,004178;23,966930;23,887424;-0,0009;-0,0991;0,00;0,00;0,00;0,00;0,23;;5,341;5,345;0,0116542;20,95300;0,05300;0,01800;0,0001409;;1673,50;879,00;;;
;;880;20,94800;0,05700;0,010000;132,650;100,49;1635,3700;0,000;100,088;43,100;0,005;301,450;300,450;26,50;315,883;263,145;0,000;40,900;44,200;43,100;302,150;;;;;0,00;0,00;0,00;3,00;3,76;15,204;26,673;0,60;0,60;999998,00;999998,00;999998,00;999998,00;999998,00;999998,00;999998,00;999998,00;999998,00;999998,00;999998,00;999998,00;999998,00;999998,00;999998,00;;;;;;;;;;;;;;;;;1,7084;0,00000;0,0000;0,00000000;0,00000000;0,00154;Infinity;4,6971;28,524263;-0,004165;24,346133;24,265370;-0,0009;-0,1003;0,00;0,00;0,00;0,00;0,24;;5,337;5,345;0,0150950;20,95300;0,05400;0,01400;0,0001788;;1673,50;880,00;;;
;;881;20,94900;0,05700;0,019000;130,575;100,49;1635,3700;0,000;100,076;43,100;0,005;301,450;300,450;26,50;315,883;263,145;0,000;40,900;44,200;43,100;302,150;;;;;0,00;0,00;0,00;3,00;3,76;15,221;26,676;0,61;0,60;999998,00;999998,00;999998,00;999998,00;999998,00;999998,00;999998,00;999998,00;999998,00;999998,00;999998,00;999998,00;999998,00;999998,00;999998,00;;;;;;;;;;;;;;;;;1,0604;0,00000;0,0000;0,00000000;0,00000000;-0,00047;Infinity;4,6981;28,300286;-0,004135;24,154963;24,074834;-0,0009;-0,0988;0,00;0,00;0,00;0,00;0,13;;5,332;5,336;0,0093695;20,95600;0,05300;0,00600;0,0001116;;1673,50;881,00;;;
;;882;20,94700;0,05700;0,013000;122,475;100,49;1635,3700;0,000;100,088;43,100;0,005;301,450;300,450;26,60;315,850;263,145;0,000;40,800;44,200;43,100;302,150;;;;;0,00;0,00;0,00;3,00;3,76;15,183;26,668;0,61;0,60;999998,00;999998,00;999998,00;999998,00;999998,00;999998,00;999998,00;999998,00;999998,00;999998,00;999998,00;999998,00;999998,00;999998,00;999998,00;;;;;;;;;;;;;;;;;2,7306;0,00000;0,0000;0,00000000;0,00000000;-0,00142;Infinity;4,7008;27,408453;-0,004172;23,393763;23,316159;-0,0009;-0,0966;0,00;0,00;0,00;0,00;0,19;;5,328;5,336;0,0241278;20,95400;0,05200;0,00200;0,0002957;;1673,50;882,00;;;
;;883;20,94700;0,05700;-0,003000;126,575;100,49;1635,3700;0,000;100,088;43,100;0,005;301,450;300,450;26,60;315,850;263,145;0,000;40,800;44,200;43,100;302,050;;;;;0,00;0,00;0,00;3,00;3,77;15,217;26,663;0,61;0,60;999998,00;999998,00;999998,00;999998,00;999998,00;999998,00;999998,00;999998,00;999998,00;999998,00;999998,00;999998,00;999998,00;999998,00;999998,00;;;;;;;;;;;;;;;;;3,3744;0,00000;0,0000;0,00000000;0,00000000;-0,00267;Infinity;4,7042;27,863443;-0,004125;23,782107;23,703215;-0,0009;-0,0971;0,00;0,00;0,00;0,00;0,20;;5,326;5,329;0,0298158;20,95400;0,05200;-0,00300;0,0003589;;1673,50;883,00;;;
;;884;20,94900;0,05600;0,003000;130,300;100,49;1635,3700;0,000;100,084;43,100;0,005;301,450;300,350;26,60;315,817;263,145;0,000;40,800;44,200;43,000;302,150;;;;;0,00;0,00;0,00;3,00;3,77;15,189;26,668;0,61;0,60;999998,00;999998,00;999998,00;999998,00;999998,00;999998,00;999998,00;999998,00;999998,00;999998,00;999998,00;999998,00;999998,00;999998,00;999998,00;;;;;;;;;;;;;;;;;2,8483;0,00000;0,0000;-0,00082397;-0,00082397;-0,00271;-0,87515;4,7071;28,270470;-0,004096;24,129514;24,041465;-0,0009;-0,0978;0,00;0,00;0,00;0,00;0,17;;5,323;5,329;0,0251680;20,95500;0,05200;-0,00300;0,0002986;;1673,50;884,00;;;
;;885;20,94900;0,05600;0,008000;129,450;100,49;1635,3700;0,000;100,088;43,100;0,005;301,450;300,350;26,60;315,817;263,145;0,000;40,800;44,200;43,000;302,150;;;;;0,00;0,00;0,00;3,00;3,77;15,233;26,655;0,61;0,60;999998,00;999998,00;999998,00;999998,00;999998,00;999998,00;999998,00;999998,00;999998,00;999998,00;999998,00;999998,00;999998,00;999998,00;999998,00;;;;;;;;;;;;;;;;;1,4182;0,00000;0,0000;0,00576782;0,00576782;-0,00096;0,12461;4,7085;28,178109;-0,004132;24,050682;23,962921;-0,0009;-0,0983;0,00;0,00;0,00;0,00;0,13;;5,320;5,322;0,0125313;20,95600;0,05200;0,00400;0,0001496;;1673,50;885,00;;;
;;886;20,95000;0,05500;0,005000;129,250;100,49;1635,3601;0,000;100,088;43,100;0,005;301,450;300,450;26,60;315,817;263,145;0,000;40,800;44,200;43,000;302,150;;;;;0,00;0,00;0,00;3,00;3,77;15,198;26,646;0,61;0,60;999998,00;999998,00;999998,00;999998,00;999998,00;999998,00;999998,00;999998,00;999998,00;999998,00;999998,00;999998,00;999998,00;999998,00;999998,00;;;;;;;;;;;;;;;;;2,2004;0,00000;0,0000;0,00576782;0,00576782;-0,00022;0,12452;4,7107;28,156332;-0,004086;24,032095;23,952374;-0,0009;-0,0972;0,00;0,00;0,00;0,00;0,20;;5,316;5,322;0,0194423;20,95400;0,05200;0,00700;0,0002324;;1673,49;886,00;;;
;;887;20,95100;0,05500;-0,008000;132,150;100,49;1635,3601;0,000;100,090;43,100;0,005;301,450;300,350;26,60;315,817;263,145;0,000;40,900;44,100;43,000;302,050;;;;;0,00;0,00;0,00;3,00;3,77;15,217;26,676;0,61;0,60;999998,00;999998,00;999998,00;999998,00;999998,00;999998,00;999998,00;999998,00;999998,00;999998,00;999998,00;999998,00;999998,00;999998,00;999998,00;;;;;;;;;;;;;;;;;1,7678;0,00000;0,0000;-0,00082397;-0,00082397;-0,00047;-0,88135;4,7125;28,470454;-0,004089;24,300206;24,211534;-0,0009;-0,0983;0,00;0,00;0,00;0,00;0,17;;5,312;5,313;0,0156198;20,95500;0,05200;0,00600;0,0001847;;1673,49;887,00;;;
;;888;20,95100;0,05400;0,001000;128,425;100,48;1635,3601;0,000;100,088;43,100;0,005;301,350;300,350;26,60;315,817;263,145;0,000;40,900;44,100;43,000;302,150;;;;;0,00;0,00;0,00;3,00;3,77;15,196;26,663;0,61;0,60;999998,00;999998,00;999998,00;999998,00;999998,00;999998,00;999998,00;999998,00;999998,00;999998,00;999998,00;999998,00;999998,00;999998,00;999998,00;;;;;;;;;;;;;;;;;0,0000;0,00000;0,0000;0,00000000;0,00000000;0,00524;Infinity;4,7125;28,070984;-0,004076;23,951301;23,871821;-0,0009;-0,0966;0,00;0,00;0,01;0,00;0,09;;5,307;5,313;0,0000000;20,95700;0,05100;0,02900;-0,0002147;;1673,49;888,00;;;
;;889;20,95000;0,05300;0,011000;131,350;100,48;1635,3601;0,000;100,088;43,100;0,005;301,350;300,350;26,60;315,783;263,145;0,000;40,800;44,100;43,000;302,150;;;;;0,00;0,00;0,00;3,00;3,78;15,278;26,676;0,61;0,61;999998,00;999998,00;999998,00;999998,00;999998,00;999998,00;999998,00;999998,00;999998,00;999998,00;999998,00;999998,00;999998,00;999998,00;999998,00;;;;;;;;;;;;;;;;;0,0000;0,00000;0,0000;0,00000000;0,00000000;0,00354;Infinity;4,7125;28,388856;-0,004079;24,222522;24,142142;-0,0009;-0,0978;0,00;0,00;0,00;0,00;0,06;;5,301;5,304;0,0000000;20,95800;0,05100;0,02200;-0,0001864;;1673,49;889,00;;;
;;890;20,95100;0,05400;0,018000;127,125;100,49;1635,3601;0,000;100,084;43,100;0,005;301,350;300,450;26,60;315,783;263,145;0,000;40,800;44,100;43,000;302,050;;;;;0,00;0,00;0,00;3,00;3,78;15,206;26,697;0,61;0,61;999998,00;999998,00;999998,00;999998,00;999998,00;999998,00;999998,00;999998,00;999998,00;999998,00;999998,00;999998,00;999998,00;999998,00;999998,00;;;;;;;;;;;;;;;;;0,0000;0,00000;0,0000;0,00000000;0,00000000;0,00373;Infinity;4,7125;27,928548;-0,004082;23,829768;23,758599;-0,0009;-0,0963;0,00;0,00;0,00;0,00;0,16;;5,295;5,304;0,0000000;20,95500;0,05100;0,02300;-0,0000179;;1673,49;890,00;;;
;;891;20,95300;0,05300;0,014000;127,100;100,49;1635,3601;0,000;100,092;43,100;0,005;301,350;300,350;26,60;315,783;263,145;0,000;40,800;44,100;43,000;302,150;;;;;0,00;0,00;0,00;3,00;3,78;15,196;26,660;0,61;0,61;999998,00;999998,00;999998,00;999998,00;999998,00;999998,00;999998,00;999998,00;999998,00;999998,00;999998,00;999998,00;999998,00;999998,00;999998,00;;;;;;;;;;;;;;;;;0,1423;0,00000;0,0000;0,00000000;0,00000000;0,00398;Infinity;4,7126;27,925800;-0,004102;23,827424;23,748355;-0,0009;-0,0967;0,00;0,00;0,00;0,00;0,20;;5,289;5,292;0,0012574;20,95400;0,05200;0,02400;0,0000172;;1673,49;891,00;;;
;;892;20,95300;0,05200;0,006000;124,175;100,49;1635,3601;0,000;100,088;43,100;0,005;301,350;300,350;26,60;315,783;263,145;0,000;40,800;44,100;43,000;302,150;;;;;0,00;0,00;0,00;3,00;3,78;15,200;26,665;0,61;0,61;999998,00;999998,00;999998,00;999998,00;999998,00;999998,00;999998,00;999998,00;999998,00;999998,00;999998,00;999998,00;999998,00;999998,00;999998,00;;;;;;;;;;;;;;;;;1,1520;0,00000;0,0000;0,00082397;0,00082397;-0,00045;0,85448;4,7138;27,602597;-0,004121;23,551654;23,473500;-0,0008;-0,0960;0,00;0,00;0,00;0,00;0,13;;5,284;5,292;0,0101795;20,95600;0,05200;0,00600;0,0001243;;1673,49;892,00;;;
;;893;20,95600;0,05200;0,002000;135,375;100,49;1635,3601;0,000;100,088;43,100;0,005;301,350;300,350;26,60;315,783;263,145;0,000;40,800;44,100;43,000;302,050;;;;;0,00;0,00;0,00;3,00;3,78;15,189;26,679;0,61;0,61;999998,00;999998,00;999998,00;999998,00;999998,00;999998,00;999998,00;999998,00;999998,00;999998,00;999998,00;999998,00;999998,00;999998,00;999998,00;;;;;;;;;;;;;;;;;2,9029;0,00000;0,0000;-0,00576782;-0,00576782;-0,00251;-0,05098;4,7167;28,820539;-0,004140;24,590851;24,509249;-0,0009;-0,1007;0,00;0,00;0,00;0,00;0,17;;5,280;5,283;0,0256504;20,95500;0,05100;-0,00200;0,0002986;;1673,49;893,00;;;
;;894;20,95400;0,05200;-0,003000;127,425;100,49;1635,3700;0,000;100,086;43,100;0,005;301,350;300,350;26,60;315,783;263,145;0,000;40,800;44,100;43,000;302,150;;;;;0,00;0,00;0,00;3,00;3,78;15,219;26,655;0,61;0,61;999998,00;999998,00;999998,00;999998,00;999998,00;999998,00;999998,00;999998,00;999998,00;999998,00;999998,00;999998,00;999998,00;999998,00;999998,00;;;;;;;;;;;;;;;;;5,0978;0,00000;0,0000;-0,00576782;-0,00576782;-0,00712;-0,04946;4,7218;27,961481;-0,004126;23,857868;23,778698;-0,0009;-0,0974;0,00;0,00;-0,01;0,00;0,16;;5,279;5,283;0,0450439;20,95500;0,05100;-0,02100;0,0005390;;1673,50;894,00;;;
;;895;20,95400;0,05200;-0,003000;129,250;100,50;1635,3700;0,000;100,088;43,100;0,005;301,350;300,350;26,60;315,783;263,145;0,000;40,900;44,100;42,900;302,150;;;;;0,00;0,00;0,00;3,00;3,78;15,172;26,681;0,61;0,61;999998,00;999998,00;999998,00;999998,00;999998,00;999998,00;999998,00;999998,00;999998,00;999998,00;999998,00;999998,00;999998,00;999998,00;999998,00;;;;;;;;;;;;;;;;;1,5057;0,00000;0,0000;0,00082397;0,00082397;0,00028;0,34871;4,7233;28,161003;-0,004194;24,028109;23,948374;-0,0009;-0,0997;0,00;0,00;0,00;0,00;0,16;;5,277;5,276;0,0133047;20,95500;0,05100;0,00900;0,0001594;;1673,50;895,00;;;
;;896;20,95500;0,05200;0,004000;129,075;100,49;1635,3700;0,000;100,092;43,100;0,005;301,350;300,350;26,60;315,750;263,145;0,000;40,800;44,100;42,900;302,150;;;;;0,00;0,00;0,00;3,00;3,79;15,172;26,687;0,61;0,61;999998,00;999998,00;999998,00;999998,00;999998,00;999998,00;999998,00;999998,00;999998,00;999998,00;999998,00;999998,00;999998,00;999998,00;999998,00;;;;;;;;;;;;;;;;;2,2619;0,00000;0,0000;0,00000000;0,00000000;-0,00245;Infinity;4,7255;28,141932;-0,004164;24,011837;23,932156;-0,0009;-0,0989;0,00;0,00;0,00;0,00;0,13;;5,273;5,276;0,0199860;20,95600;0,05100;-0,00200;0,0002382;;1673,50;896,00;;;
;;897;20,95600;0,05200;0,007000;133,000;100,50;1635,3700;0,000;100,088;43,100;0,005;301,250;300,350;26,60;315,750;263,145;0,000;40,800;44,100;42,900;302,050;;;;;0,00;0,00;0,00;3,00;3,79;15,200;26,665;0,61;0,61;999998,00;999998,00;999998,00;999998,00;999998,00;999998,00;999998,00;999998,00;999998,00;999998,00;999998,00;999998,00;999998,00;999998,00;999998,00;;;;;;;;;;;;;;;;;0,0000;0,00000;0,0000;-0,00082397;-0,00082397;0,00104;-0,35379;4,7255;28,571349;-0,004216;24,370143;24,297336;-0,0009;-0,1017;0,00;0,00;0,00;0,00;0,06;;5,268;5,266;0,0000000;20,95800;0,05100;0,01200;-0,0000597;;1673,50;897,00;;;
;;898;20,95400;0,05100;0,006000;132,400;100,50;1635,3700;0,000;100,092;43,100;0,005;301,250;300,250;26,60;315,717;263,145;0,000;40,800;44,000;42,900;302,050;;;;;0,00;0,00;0,00;3,00;3,79;15,175;26,671;0,61;0,61;999998,00;999998,00;999998,00;999998,00;999998,00;999998,00;999998,00;999998,00;999998,00;999998,00;999998,00;999998,00;999998,00;999998,00;999998,00;;;;;;;;;;;;;;;;;0,0000;0,00000;0,0000;0,00576782;0,00576782;0,00154;0,05043;4,7255;28,506830;-0,004251;24,315111;24,234397;-0,0009;-0,1023;0,00;0,00;0,00;0,00;0,10;;5,262;5,266;0,0000000;20,95700;0,05100;0,01400;-0,0000247;;1673,50;898,00;;;
;;899;20,95500;0,05100;0,029000;128,075;100,50;1635,3601;0,000;100,086;43,100;0,005;301,250;300,250;26,60;315,717;263,145;0,000;40,800;44,000;42,900;302,050;;;;;0,00;0,00;0,00;3,00;3,79;15,206;26,684;0,61;0,61;999998,00;999998,00;999998,00;999998,00;999998,00;999998,00;999998,00;999998,00;999998,00;999998,00;999998,00;999998,00;999998,00;999998,00;999998,00;;;;;;;;;;;;;;;;;0,8080;0,00000;0,0000;0,00659180;0,00659180;0,00053;0,04340;4,7263;28,037359;-0,004253;23,914672;23,835287;-0,0009;-0,1006;0,00;0,00;0,00;0,00;0,13;;5,257;5,256;0,0071391;20,95600;0,05100;0,01000;0,0000863;;1673,49;899,00;;;
;;900;20,95700;0,05100;0,022000;130,025;100,50;1635,3601;0,000;100,086;43,100;0,005;301,250;300,250;26,60;315,683;263,145;0,000;40,700;44,000;42,900;302,050;;;;;0,00;0,00;0,00;3,00;3,79;15,170;26,695;0,61;0,61;999998,00;999998,00;999998,00;999998,00;999998,00;999998,00;999998,00;999998,00;999998,00;999998,00;999998,00;999998,00;999998,00;999998,00;999998,00;;;;;;;;;;;;;;;;;0,0000;0,00000;0,0000;-0,00659180;-0,00659180;0,00402;-0,04373;4,7263;28,249994;-0,004272;24,096040;24,016054;-0,0009;-0,1019;0,00;0,00;0,00;0,00;0,13;;5,251;5,256;0,0000000;20,95600;0,05100;0,02400;-0,0000909;;1673,49;900,00;;;
;;901;20,95800;0,05200;0,023000;130,175;100,50;1635,3700;0,000;100,088;43,100;0,005;301,250;300,250;26,60;315,683;263,145;0,000;40,700;44,000;42,900;302,150;;;;;0,00;0,00;0,00;3,00;3,79;15,206;26,697;0,61;0,61;999998,00;999998,00;999998,00;999998,00;999998,00;999998,00;999998,00;999998,00;999998,00;999998,00;999998,00;999998,00;999998,00;999998,00;999998,00;;;;;;;;;;;;;;;;;0,8465;0,00000;0,0000;-0,00576782;-0,00576782;-0,00072;-0,05000;4,7272;28,266284;-0,004275;24,109935;24,029902;-0,0009;-0,1020;0,00;0,00;0,00;0,00;0,09;;5,246;5,246;0,0074797;20,95700;0,05100;0,00500;0,0000893;;1673,50;901,00;;;
;;902;20,95500;0,05200;0,024000;128,575;100,51;1635,3700;0,000;100,086;43,100;0,005;301,250;300,250;26,50;315,683;263,145;0,000;40,700;44,000;42,900;302,150;;;;;0,00;0,00;0,00;3,00;3,79;15,227;26,684;0,61;0,61;999998,00;999998,00;999998,00;999998,00;999998,00;999998,00;999998,00;999998,00;999998,00;999998,00;999998,00;999998,00;999998,00;999998,00;999998,00;;;;;;;;;;;;;;;;;0,3584;0,00000;0,0000;0,00082397;0,00082397;0,00028;0,34785;4,7275;28,092034;-0,004326;23,961308;23,881768;-0,0009;-0,1026;0,00;0,00;0,00;0,00;0,09;;5,241;5,246;0,0031670;20,95700;0,05100;0,00900;0,0000386;;1673,50;902,00;;;
;;903;20,95400;0,05100;0,006000;131,250;100,51;1635,3700;0,000;100,088;43,100;0,005;301,250;300,250;26,60;315,683;263,145;0,000;40,700;44,000;42,900;302,150;;;;;0,00;0,00;0,00;3,00;3,80;15,210;26,657;0,61;0,61;999998,00;999998,00;999998,00;999998,00;999998,00;999998,00;999998,00;999998,00;999998,00;999998,00;999998,00;999998,00;999998,00;999998,00;999998,00;;;;;;;;;;;;;;;;;2,1913;0,00000;0,0000;0,00000000;0,00000000;-0,00347;Infinity;4,7297;28,382758;-0,004295;24,209282;24,128920;-0,0009;-0,1029;0,00;0,00;0,00;0,00;0,09;;5,237;5,237;0,0193625;20,95700;0,05100;-0,00600;0,0002285;;1673,50;903,00;;;
;;904;20,95600;0,05100;-0,002000;127,850;100,51;1635,3700;0,000;100,086;43,100;0,005;301,250;300,250;26,60;315,683;263,145;0,000;40,700;44,000;42,900;302,150;;;;;0,00;0,00;0,00;3,00;3,80;15,198;26,700;0,61;0,61;999998,00;999998,00;999998,00;999998,00;999998,00;999998,00;999998,00;999998,00;999998,00;999998,00;999998,00;999998,00;999998,00;999998,00;999998,00;;;;;;;;;;;;;;;;;0,3891;0,00000;0,0000;0,00000000;0,00000000;-0,00096;Infinity;4,7301;28,012721;-0,004281;23,893657;23,814342;-0,0009;-0,1012;0,00;0,00;0,00;0,00;0,06;;5,232;5,237;0,0034380;20,95800;0,05100;0,00400;0,0000415;;1673,50;904,00;;;
;;905;20,95500;0,05100;-0,021000;128,225;100,50;1635,3700;0,000;100,088;43,100;0,005;301,150;300,250;26,60;315,650;263,145;0,000;40,700;44,000;42,800;302,050;;;;;0,00;0,00;0,00;3,00;3,80;15,185;26,687;0,61;0,61;999998,00;999998,00;999998,00;999998,00;999998,00;999998,00;999998,00;999998,00;999998,00;999998,00;999998,00;999998,00;999998,00;999998,00;999998,00;;;;;;;;;;;;;;;;;0,7514;0,00000;0,0000;0,00000000;0,00000000;-0,00170;Infinity;4,7309;28,058430;-0,004234;23,924700;23,853200;-0,0009;-0,1003;0,00;0,00;0,00;0,00;0,06;;5,227;5,229;0,0066396;20,95800;0,05100;0,00100;0,0000795;;1673,50;905,00;;;
;;906;20,95500;0,05100;0,009000;123,725;100,51;1635,3700;0,000;100,086;43,100;0,005;301,150;300,250;26,60;315,650;263,145;0,000;40,700;44,000;42,800;302,050;;;;;0,00;0,00;0,00;3,00;3,80;15,206;26,684;0,61;0,61;999998,00;999998,00;999998,00;999998,00;999998,00;999998,00;999998,00;999998,00;999998,00;999998,00;999998,00;999998,00;999998,00;999998,00;999998,00;;;;;;;;;;;;;;;;;1,5359;0,00000;0,0000;0,00000000;0,00000000;-0,00216;Infinity;4,7324;27,561684;-0,004285;23,501138;23,430904;-0,0009;-0,0997;0,00;0,00;0,00;0,00;0,09;;5,223;5,229;0,0135714;20,95700;0,05100;-0,00100;0,0001652;;1673,50;906,00;;;
;;907;20,95500;0,05100;-0,002000;130,825;100,50;1635,3700;0,000;100,086;43,100;0,005;301,150;300,250;26,50;315,617;263,145;0,000;40,700;43,900;42,800;302,050;;;;;0,00;0,00;0,00;3,00;3,80;15,206;26,676;0,61;0,61;999998,00;999998,00;999998,00;999998,00;999998,00;999998,00;999998,00;999998,00;999998,00;999998,00;999998,00;999998,00;999998,00;999998,00;999998,00;;;;;;;;;;;;;;;;;2,2460;0,00000;0,0000;0,00000000;0,00000000;-0,00122;Infinity;4,7346;28,341471;-0,004189;24,166042;24,093821;-0,0009;-0,1002;0,00;0,00;0,00;0,00;0,17;;5,219;5,221;0,0198453;20,95500;0,05100;0,00300;0,0002353;;1673,50;907,00;;;
;;908;20,95600;0,05100;0,012000;128,925;100,49;1635,3700;0,000;100,088;43,100;0,005;301,150;300,150;26,50;315,617;263,145;0,000;40,700;43,900;42,800;302,050;;;;;0,00;0,00;0,00;3,00;3,80;15,212;26,673;0,61;0,61;999998,00;999998,00;999998,00;999998,00;999998,00;999998,00;999998,00;999998,00;999998,00;999998,00;999998,00;999998,00;999998,00;999998,00;999998,00;;;;;;;;;;;;;;;;;2,5605;0,00000;0,0000;0,00000000;0,00000000;-0,00071;Infinity;4,7372;28,134913;-0,004126;23,989916;23,910255;-0,0009;-0,0979;0,00;0,00;0,00;0,00;0,20;;5,216;5,221;0,0226243;20,95400;0,05100;0,00500;0,0002704;;1673,50;908,00;;;
;;909;20,95800;0,05100;0,014000;129,225;100,50;1635,3700;0,000;100,086;43,100;0,005;301,150;300,250;26,60;315,617;263,145;0,000;40,700;43,900;42,800;302,050;;;;;0,00;0,00;0,00;3,00;3,80;15,128;26,687;0,61;0,61;999998,00;999998,00;999998,00;999998,00;999998,00;999998,00;999998,00;999998,00;999998,00;999998,00;999998,00;999998,00;999998,00;999998,00;999998,00;;;;;;;;;;;;;;;;;0,6907;0,00000;0,0000;0,00000000;0,00000000;0,00078;Infinity;4,7379;28,167629;-0,004193;24,017811;23,946033;-0,0009;-0,0997;0,00;0,00;0,00;0,00;0,13;;5,212;5,213;0,0061028;20,95600;0,05100;0,01100;0,0000737;;1673,50;909,00;;;
;;910;20,95700;0,05100;0,010000;132,475;100,50;1635,3700;0,000;100,086;43,100;0,005;301,150;300,250;26,50;315,617;263,145;0,000;40,700;43,900;42,800;302,050;;;;;0,00;0,00;0,00;3,00;3,81;15,177;26,681;0,61;0,61;999998,00;999998,00;999998,00;999998,00;999998,00;999998,00;999998,00;999998,00;999998,00;999998,00;999998,00;999998,00;999998,00;999998,00;999998,00;;;;;;;;;;;;;;;;;0,0000;0,00000;0,0000;0,00000000;0,00000000;0,00255;Infinity;4,7379;28,519636;-0,004195;24,317959;24,245284;-0,0009;-0,1010;0,00;0,00;0,00;0,00;0,10;;5,206;5,213;0,0000000;20,95700;0,05100;0,01800;-0,0000753;;1673,50;910,00;;;
;;911;20,95600;0,05100;0,024000;128,475;100,49;1635,3700;0,000;100,090;43,100;0,005;301,250;300,250;26,50;315,617;263,138;0,000;40,700;43,900;42,800;302,150;;;;;0,00;0,00;0,00;3,00;3,81;15,181;26,676;0,61;0,61;999998,00;999998,00;999998,00;999998,00;999998,00;999998,00;999998,00;999998,00;999998,00;999998,00;999998,00;999998,00;999998,00;999998,00;999998,00;;;;;;;;;;;;;;;;;0,0000;0,00000;0,0000;0,00000000;0,00000000;0,00573;Infinity;4,7379;28,081108;-0,004148;23,951988;23,872480;-0,0009;-0,0983;0,00;0,00;0,01;0,00;0,13;;5,201;5,202;0,0000000;20,95600;0,05100;0,03100;-0,0001796;;1673,50;911,00;;;
;;912;20,95600;0,05100;0,005000;131,800;100,50;1635,3700;0,000;100,086;43,100;0,005;301,250;300,250;26,50;315,617;263,138;0,000;40,700;43,900;42,800;302,050;;;;;0,00;0,00;0,00;3,00;3,81;15,177;26,687;0,61;0,61;999998,00;999998,00;999998,00;999998,00;999998,00;999998,00;999998,00;999998,00;999998,00;999998,00;999998,00;999998,00;999998,00;999998,00;999998,00;;;;;;;;;;;;;;;;;1,1863;0,00000;0,0000;0,00000000;0,00000000;-0,00022;Infinity;4,7391;28,442164;-0,004198;24,259953;24,179422;-0,0009;-0,1008;0,00;0,00;0,00;0,00;0,13;;5,196;5,202;0,0104818;20,95600;0,05100;0,00700;0,0001243;;1673,50;912,00;;;
;;913;20,95700;0,05100;0,009000;131,800;100,50;1635,3700;0,000;100,086;43,100;0,005;301,250;300,250;26,50;315,617;263,138;0,000;40,700;43,900;42,800;302,150;;;;;0,00;0,00;0,00;3,00;3,81;15,185;26,679;0,61;0,61;999998,00;999998,00;999998,00;999998,00;999998,00;999998,00;999998,00;999998,00;999998,00;999998,00;999998,00;999998,00;999998,00;999998,00;999998,00;;;;;;;;;;;;;;;;;2,0737;0,00000;0,0000;0,00000000;0,00000000;-0,00323;Infinity;4,7412;28,442164;-0,004198;24,259953;24,179422;-0,0009;-0,1008;0,00;0,00;0,00;0,00;0,09;;5,192;5,193;0,0183235;20,95700;0,05100;-0,00500;0,0002158;;1673,50;913,00;;;
;;914;20,95700;0,05100;-0,006000;127,175;100,50;1635,3700;0,000;100,090;43,100;0,005;301,250;300,250;26,60;315,550;263,138;0,000;40,600;43,800;42,800;302,150;;;;;0,00;0,00;0,00;3,00;3,81;15,210;26,676;0,62;0,61;999998,00;999998,00;999998,00;999998,00;999998,00;999998,00;999998,00;999998,00;999998,00;999998,00;999998,00;999998,00;999998,00;999998,00;999998,00;;;;;;;;;;;;;;;;;2,0685;0,00000;0,0000;0,00000000;0,00000000;-0,00441;Infinity;4,7432;27,938675;-0,004232;23,830499;23,751393;-0,0009;-0,0998;0,00;0,00;0,00;0,00;0,06;;5,188;5,193;0,0182775;20,95800;0,05100;-0,01000;0,0002187;;1673,50;914,00;;;
;;915;20,95700;0,05100;0,004000;127,275;100,50;1635,3700;0,000;100,086;43,100;0,005;301,250;300,250;26,60;315,550;263,138;0,000;40,600;43,900;42,700;302,150;;;;;0,00;0,00;0,00;3,00;3,81;15,196;26,665;0,62;0,61;999998,00;999998,00;999998,00;999998,00;999998,00;999998,00;999998,00;999998,00;999998,00;999998,00;999998,00;999998,00;999998,00;999998,00;999998,00;;;;;;;;;;;;;;;;;2,1264;0,00000;0,0000;0,00000000;0,00000000;-0,00219;Infinity;4,7454;27,949656;-0,004250;23,839865;23,760729;-0,0009;-0,1003;0,00;0,00;0,00;0,00;0,13;;5,185;5,186;0,0187885;20,95600;0,05100;-0,00100;0,0002256;;1673,50;915,00;;;
;;916;20,95800;0,05100;0,001000;120,400;100,50;1635,3700;0,000;100,086;43,100;0,005;301,150;300,250;26,50;315,550;263,138;0,000;40,600;43,900;42,700;302,050;;;;;0,00;0,00;0,00;3,00;3,81;15,162;26,671;0,62;0,61;999998,00;999998,00;999998,00;999998,00;999998,00;999998,00;999998,00;999998,00;999998,00;999998,00;999998,00;999998,00;999998,00;999998,00;999998,00;;;;;;;;;;;;;;;;;2,4487;0,00000;0,0000;0,00000000;0,00000000;-0,00381;-Infinity;4,7478;27,188815;-0,004235;23,183202;23,113918;-0,0009;-0,0972;0,00;0,00;0,00;0,00;0,09;;5,182;5,186;0,0216369;20,95700;0,05000;-0,00800;0,0002664;;1673,50;916,00;;;
;;917;20,95800;0,05100;-0,001000;129,575;100,50;1635,3700;0,000;100,086;43,100;0,005;301,250;300,250;26,60;315,517;263,138;0,000;40,600;43,800;42,700;302,050;;;;;0,00;0,00;0,00;3,00;3,82;15,193;26,687;0,62;0,61;999998,00;999998,00;999998,00;999998,00;999998,00;999998,00;999998,00;999998,00;999998,00;999998,00;999998,00;999998,00;999998,00;999998,00;999998,00;;;;;;;;;;;;;;;;;0,9339;0,00000;0,0000;0,00000000;0,00000000;0,00028;Infinity;4,7487;28,201066;-0,004220;24,054307;23,974459;-0,0009;-0,1004;0,00;0,00;0,00;0,00;0,13;;5,178;5,178;0,0082516;20,95600;0,05100;0,00900;0,0000990;;1673,50;917,00;;;
;;918;20,95700;0,05100;0,003000;129,675;100,50;1635,3700;0,000;100,086;43,100;0,005;301,150;300,250;26,60;315,517;263,138;0,000;40,600;43,800;42,700;302,050;;;;;0,00;0,00;0,00;3,00;3,82;15,221;26,687;0,62;0,61;999998,00;999998,00;999998,00;999998,00;999998,00;999998,00;999998,00;999998,00;999998,00;999998,00;999998,00;999998,00;999998,00;999998,00;999998,00;;;;;;;;;;;;;;;;;0,4813;0,00000;0,0000;0,00000000;0,00000000;0,00003;Infinity;4,7492;28,216630;-0,004237;24,059594;23,987690;-0,0009;-0,1009;0,00;0,00;0,00;0,00;0,09;;5,173;5,178;0,0042525;20,95700;0,05100;0,00800;0,0000513;;1673,50;918,00;;;
;;919;20,95500;0,05100;0,005000;128,450;100,51;1635,3700;0,000;100,090;43,100;0,005;301,150;300,250;26,60;315,517;263,138;0,000;40,600;43,800;42,700;302,150;;;;;0,00;0,00;0,00;3,00;3,82;15,181;26,679;0,62;0,61;999998,00;999998,00;999998,00;999998,00;999998,00;999998,00;999998,00;999998,00;999998,00;999998,00;999998,00;999998,00;999998,00;999998,00;999998,00;;;;;;;;;;;;;;;;;0,0000;0,00000;0,0000;0,00000000;0,00000000;0,00102;Infinity;4,7492;28,083038;-0,004303;23,945683;23,874120;-0,0009;-0,1020;0,00;0,00;0,00;0,00;0,09;;5,168;5,168;0,0000000;20,95700;0,05100;0,01200;0,0000006;;1673,50;919,00;;;
;;920;20,95400;0,05100;0,011000;125,850;100,51;1635,3700;0,000;100,090;43,100;0,005;301,150;300,250;26,60;315,517;263,138;0,000;40,600;43,800;42,700;302,150;;;;;0,00;0,00;0,00;3,00;3,82;15,214;26,679;0,62;0,61;999998,00;999998,00;999998,00;999998,00;999998,00;999998,00;999998,00;999998,00;999998,00;999998,00;999998,00;999998,00;999998,00;999998,00;999998,00;;;;;;;;;;;;;;;;;1,6371;0,00000;0,0000;0,00000000;0,00000000;-0,00119;Infinity;4,7509;27,797365;-0,004304;23,702097;23,631262;-0,0009;-0,1010;0,00;0,00;0,00;0,00;0,13;;5,163;5,168;0,0144654;20,95600;0,05100;0,00300;0,0001749;;1673,50;920,00;;;
;;921;20,95600;0,05100;0,018000;128,750;100,51;1635,3700;0,000;100,086;43,100;0,005;301,150;300,250;26,60;315,517;263,138;0,000;40,600;43,800;42,700;302,050;;;;;0,00;0,00;0,00;3,00;3,82;15,172;26,687;0,62;0,61;999998,00;999998,00;999998,00;999998,00;999998,00;999998,00;999998,00;999998,00;999998,00;999998,00;999998,00;999998,00;999998,00;999998,00;999998,00;;;;;;;;;;;;;;;;;2,8003;0,00000;0,0000;0,00000000;0,00000000;-0,00121;Infinity;4,7537;28,115812;-0,004354;23,973628;23,901982;-0,0009;-0,1033;0,00;0,00;0,00;0,00;0,20;;5,160;5,160;0,0247433;20,95400;0,05100;0,00300;0,0002957;;1673,50;921,00;;;
;;922;20,95700;0,05100;0,031000;132,125;100,50;1635,3700;0,000;100,086;43,100;0,005;301,150;300,250;26,60;315,517;263,138;0,000;40,600;43,800;42,700;302,050;;;;;0,00;0,00;0,00;3,00;3,82;15,170;26,700;0,62;0,61;999998,00;999998,00;999998,00;999998,00;999998,00;999998,00;999998,00;999998,00;999998,00;999998,00;999998,00;999998,00;999998,00;999998,00;999998,00;;;;;;;;;;;;;;;;;2,6562;0,00000;0,0000;0,00000000;0,00000000;-0,00323;Infinity;4,7563;28,481937;-0,004257;24,285814;24,213235;-0,0009;-0,1023;0,00;0,00;0,00;0,00;0,13;;5,157;5,160;0,0234706;20,95600;0,05100;-0,00500;0,0002762;;1673,50;922,00;;;
;;923;20,95600;0,05100;0,007000;133,275;100,51;1635,3700;0,000;100,086;43,100;0,005;301,150;300,250;26,60;315,517;263,138;0,000;40,600;43,800;42,700;302,150;;;;;0,00;0,00;0,00;3,00;3,82;15,164;26,700;0,62;0,61;999998,00;999998,00;999998,00;999998,00;999998,00;999998,00;999998,00;999998,00;999998,00;999998,00;999998,00;999998,00;999998,00;999998,00;999998,00;;;;;;;;;;;;;;;;;1,5941;0,00000;0,0000;0,00000000;0,00000000;-0,00224;Infinity;4,7579;28,605620;-0,004372;24,391275;24,318381;-0,0009;-0,1056;0,00;0,00;0,00;0,00;0,10;;5,154;5,153;0,0140854;20,95700;0,05100;-0,00100;0,0001652;;1673,50;923,00;;;
;;924;20,95600;0,05100;-0,005000;133,475;100,51;1635,3700;0,000;100,086;43,100;0,000;301,150;300,250;26,60;315,517;263,138;0,000;40,600;43,800;42,700;302,150;;;;;0,00;0,00;0,00;3,00;3,83;15,189;26,668;0,62;0,61;999998,00;999998,00;999998,00;999998,00;999998,00;999998,00;999998,00;999998,00;999998,00;999998,00;999998,00;999998,00;999998,00;999998,00;999998,00;;;;;;;;;;;;;;;;;0,2746;0,00000;0,0000;0,00000000;0,00000000;-0,00072;Infinity;4,7582;28,627076;-0,004357;24,409570;24,336621;-0,0009;-0,1053;0,00;0,00;0,00;0,00;0,06;;5,149;5,153;0,0024265;20,95800;0,05100;0,00500;0,0000289;;1673,50;924,00;;;
;;925;20,95700;0,05100;-0,010000;125,600;100,51;1635,3700;0,000;100,086;43,100;0,000;301,150;300,250;26,60;315,517;263,138;0,000;40,600;43,800;42,700;302,050;;;;;0,00;0,00;0,00;3,00;3,83;15,177;26,687;0,62;0,61;999998,00;999998,00;999998,00;999998,00;999998,00;999998,00;999998,00;999998,00;999998,00;999998,00;999998,00;999998,00;999998,00;999998,00;999998,00;;;;;;;;;;;;;;;;;0,9510;0,00000;0,0000;0,00000000;0,00000000;-0,00095;Infinity;4,7591;27,769741;-0,004357;23,678543;23,607779;-0,0009;-0,1021;0,00;0,00;0,00;0,00;0,09;;5,144;5,145;0,0084026;20,95700;0,05100;0,00400;0,0001019;;1673,50;925,00;;;
;;926;20,95800;0,05000;-0,001000;126,475;100,51;1635,3700;0,000;100,086;43,100;0,000;301,150;300,150;26,60;315,483;263,138;0,000;40,600;43,800;42,600;302,050;;;;;0,00;0,00;0,00;3,00;3,83;15,154;26,689;0,62;0,61;999998,00;999998,00;999998,00;999998,00;999998,00;999998,00;999998,00;999998,00;999998,00;999998,00;999998,00;999998,00;999998,00;999998,00;999998,00;;;;;;;;;;;;;;;;;0,8030;0,00000;0,0000;0,00000000;0,00000000;0,00052;Infinity;4,7599;27,866304;-0,004358;23,760880;23,681979;-0,0009;-0,1025;0,00;0,00;0,00;0,00;0,13;;5,140;5,145;0,0070956;20,95600;0,05100;0,01000;0,0000863;;1673,50;926,00;;;
;;927;20,95600;0,05100;-0,008000;132,425;100,51;1635,3700;0,000;100,086;43,100;0,005;301,150;300,150;26,60;315,417;263,138;0,000;40,500;43,700;42,600;302,150;;;;;0,00;0,00;0,00;3,00;3,83;15,248;26,692;0,62;0,61;999998,00;999998,00;999998,00;999998,00;999998,00;999998,00;999998,00;999998,00;999998,00;999998,00;999998,00;999998,00;999998,00;999998,00;999998,00;;;;;;;;;;;;;;;;;0,0000;0,00000;0,0000;0,00000000;0,00000000;0,00331;Infinity;4,7599;28,514254;-0,004309;24,313370;24,232635;-0,0009;-0,1037;0,00;0,00;0,00;0,00;0,13;;5,135;5,135;0,0000000;20,95600;0,05100;0,02100;-0,0000529;;1673,50;927,00;;;
;;928;20,95700;0,05100;0,009000;128,550;100,50;1635,3700;0,000;100,086;43,100;0,005;301,150;300,150;26,60;315,417;263,138;0,000;40,500;43,700;42,600;302,150;;;;;0,00;0,00;0,00;3,00;3,83;15,219;26,695;0,62;0,61;999998,00;999998,00;999998,00;999998,00;999998,00;999998,00;999998,00;999998,00;999998,00;999998,00;999998,00;999998,00;999998,00;999998,00;999998,00;;;;;;;;;;;;;;;;;1,0510;0,00000;0,0000;0,00000000;0,00000000;0,00003;Infinity;4,7610;28,093966;-0,004213;23,955001;23,875456;-0,0009;-0,0998;0,00;0,00;0,00;0,00;0,13;;5,130;5,135;0,0092869;20,95600;0,05100;0,00800;0,0001116;;1673,50;928,00;;;
;;929;20,95600;0,05100;0,008000;127,050;100,50;1635,3700;0,000;100,086;43,100;0,000;301,150;300,150;26,60;315,417;263,138;0,000;40,500;43,700;42,600;302,050;;;;;0,00;0,00;0,00;3,00;3,83;15,185;26,703;0,62;0,61;999998,00;999998,00;999998,00;999998,00;999998,00;999998,00;999998,00;999998,00;999998,00;999998,00;999998,00;999998,00;999998,00;999998,00;999998,00;;;;;;;;;;;;;;;;;0,0000;0,00000;0,0000;0,00000000;0,00000000;0,00595;Infinity;4,7610;27,929577;-0,004213;23,814830;23,735751;-0,0009;-0,0993;0,00;0,00;0,01;0,00;0,16;;5,125;5,124;0,0000000;20,95500;0,05100;0,03200;-0,0001319;;1673,50;929,00;;;
;;930;20,95700;0,05100;0,012000;122,850;100,50;1635,3700;0,000;100,086;43,100;0,000;301,150;300,150;26,60;315,417;263,138;0,000;40,500;43,700;42,600;302,050;;;;;0,00;0,00;0,00;3,00;3,83;15,210;26,676;0,62;0,61;999998,00;999998,00;999998,00;999998,00;999998,00;999998,00;999998,00;999998,00;999998,00;999998,00;999998,00;999998,00;999998,00;999998,00;999998,00;;;;;;;;;;;;;;;;;0,3193;0,00000;0,0000;0,00000000;0,00000000;0,00149;Infinity;4,7613;27,464052;-0,004213;23,417889;23,340128;-0,0009;-0,0976;0,00;0,00;0,00;0,00;0,13;;5,120;5,124;0,0028217;20,95600;0,05100;0,01400;0,0000357;;1673,50;930,00;;;
;;931;20,95700;0,05100;0,003000;130,825;100,50;1635,3700;0,000;100,086;43,100;0,000;301,150;300,150;26,60;315,417;263,138;0,000;40,500;43,700;42,600;302,050;;;;;0,00;0,00;0,00;3,00;3,84;15,210;26,676;0,62;0,61;999998,00;999998,00;999998,00;999998,00;999998,00;999998,00;999998,00;999998,00;999998,00;999998,00;999998,00;999998,00;999998,00;999998,00;999998,00;;;;;;;;;;;;;;;;;0,0000;0,00000;0,0000;0,00000000;0,00000000;0,00329;Infinity;4,7613;28,341471;-0,004197;24,166042;24,085796;-0,0009;-0,1004;0,00;0,00;0,00;0,00;0,09;;5,114;5,113;0,0000000;20,95700;0,05100;0,02100;-0,0001133;;1673,50;931,00;;;
;;932;20,95600;0,05100;0,003000;130,100;100,49;1635,3700;0,000;100,086;43,100;0,005;301,050;300,150;26,60;315,417;263,138;0,000;40,500;43,700;42,600;302,050;;;;;0,00;0,00;0,00;3,00;3,84;15,172;26,687;0,62;0,61;999998,00;999998,00;999998,00;999998,00;999998,00;999998,00;999998,00;999998,00;999998,00;999998,00;999998,00;999998,00;999998,00;999998,00;999998,00;;;;;;;;;;;;;;;;;0,0000;0,00000;0,0000;0,00000000;0,00000000;0,00403;Infinity;4,7613;28,267526;-0,004165;24,094987;24,022954;-0,0009;-0,0993;0,00;0,00;0,00;0,00;0,09;;5,109;5,113;0,0000000;20,95700;0,05200;0,02400;-0,0001640;;1673,50;932,00;;;
;;933;20,95400;0,05100;-0,005000;134,625;100,49;1635,3700;0,000;100,084;43,100;0,005;301,050;300,150;26,60;315,417;263,138;0,000;40,500;43,700;42,600;302,050;;;;;0,00;0,00;0,00;3,00;3,84;15,198;26,700;0,62;0,61;999998,00;999998,00;999998,00;999998,00;999998,00;999998,00;999998,00;999998,00;999998,00;999998,00;999998,00;999998,00;999998,00;999998,00;999998,00;;;;;;;;;;;;;;;;;1,4789;0,00000;0,0000;0,00000000;0,00000000;-0,00200;Infinity;4,7628;28,754909;-0,004149;24,510428;24,437153;-0,0009;-0,1007;0,00;0,00;0,00;0,00;0,10;;5,104;5,103;0,0130674;20,95700;0,05100;0,00000;0,0001525;;1673,50;933,00;;;
;;934;20,95600;0,05100;-0,001000;128,700;100,49;1635,3700;0,000;100,086;43,100;0,000;301,050;300,150;26,60;315,417;263,138;0,000;40,500;43,700;42,600;302,050;;;;;0,00;0,00;0,00;3,00;3,84;15,202;26,703;0,62;0,61;999998,00;999998,00;999998,00;999998,00;999998,00;999998,00;999998,00;999998,00;999998,00;999998,00;999998,00;999998,00;999998,00;999998,00;999998,00;;;;;;;;;;;;;;;;;3,1941;0,00000;0,0000;0,00000000;0,00000000;-0,00319;Infinity;4,7660;28,115021;-0,004149;23,964993;23,893349;-0,0009;-0,0984;0,00;0,00;0,00;0,00;0,16;;5,101;5,103;0,0282235;20,95500;0,05100;-0,00500;0,0003365;;1673,50;934,00;;;
;;935;20,95700;0,05100;0,005000;127,850;100,50;1635,3700;0,000;100,086;43,100;0,000;301,050;300,150;26,60;315,417;263,138;0,000;40,500;43,700;42,600;302,150;;;;;0,00;0,00;0,00;3,00;3,84;15,191;26,692;0,62;0,61;999998,00;999998,00;999998,00;999998,00;999998,00;999998,00;999998,00;999998,00;999998,00;999998,00;999998,00;999998,00;999998,00;999998,00;999998,00;;;;;;;;;;;;;;;;;2,0431;0,00000;0,0000;0,00000000;0,00000000;-0,00318;Infinity;4,7680;28,022024;-0,004198;23,885724;23,814317;-0,0009;-0,0992;0,00;0,00;0,00;0,00;0,09;;5,098;5,096;0,0180528;20,95700;0,05100;-0,00500;0,0002158;;1673,50;935,00;;;
;;936;20,95800;0,05100;0,004000;125,700;100,49;1635,3700;0,000;100,088;43,100;0,000;301,050;300,150;26,60;315,383;263,138;0,000;40,500;43,600;42,600;302,050;;;;;0,00;0,00;0,00;3,00;3,84;15,200;26,671;0,62;0,61;999998,00;999998,00;999998,00;999998,00;999998,00;999998,00;999998,00;999998,00;999998,00;999998,00;999998,00;999998,00;999998,00;999998,00;999998,00;;;;;;;;;;;;;;;;;0,7127;0,00000;0,0000;0,00000000;0,00000000;-0,00046;Infinity;4,7687;27,785408;-0,004165;23,684034;23,613230;-0,0009;-0,0976;0,00;0,00;0,00;0,00;0,09;;5,094;5,096;0,0062975;20,95700;0,05100;0,00600;0,0000766;;1673,50;936,00;;;
;;937;20,95700;0,05100;0,010000;129,050;100,49;1635,3700;0,000;100,084;43,100;0,000;301,050;300,150;26,60;315,350;263,138;0,000;40,500;43,600;42,500;302,050;;;;;0,00;0,00;0,00;3,00;3,85;15,191;26,687;0,62;0,61;999998,00;999998,00;999998,00;999998,00;999998,00;999998,00;999998,00;999998,00;999998,00;999998,00;999998,00;999998,00;999998,00;999998,00;999998,00;;;;;;;;;;;;;;;;;2,9566;0,00000;0,0000;0,00000000;0,00000000;-0,00270;Infinity;4,7717;28,153224;-0,004165;23,997558;23,925816;-0,0009;-0,0989;0,00;0,00;0,00;0,00;0,16;;5,091;5,091;0,0261250;20,95500;0,05100;-0,00300;0,0003112;;1673,50;937,00;;;
;;938;20,95600;0,05100;0,021000;127,550;100,49;1635,3700;0,000;100,088;43,100;0,000;301,050;300,150;26,60;315,350;263,138;0,000;40,500;43,600;42,500;302,050;;;;;0,00;0,00;0,00;3,00;3,85;15,206;26,697;0,62;0,61;999998,00;999998,00;999998,00;999998,00;999998,00;999998,00;999998,00;999998,00;999998,00;999998,00;999998,00;999998,00;999998,00;999998,00;999998,00;;;;;;;;;;;;;;;;;2,4893;0,00000;0,0000;0,00000000;0,00000000;-0,00268;-Infinity;4,7742;27,989128;-0,004164;23,857683;23,786360;-0,0009;-0,0983;0,00;0,00;0,00;0,00;0,13;;5,088;5,091;0,0219950;20,95600;0,05000;-0,00300;0,0002635;;1673,50;938,00;;;
;;939;20,95600;0,05100;0,008000;126,650;100,50;1635,3700;0,000;100,090;43,100;0,000;301,050;300,050;26,60;315,350;263,138;0,000;40,500;43,600;42,500;302,050;;;;;0,00;0,00;0,00;3,00;3,85;15,200;26,700;0,62;0,61;999998,00;999998,00;999998,00;999998,00;999998,00;999998,00;999998,00;999998,00;999998,00;999998,00;999998,00;999998,00;999998,00;999998,00;999998,00;;;;;;;;;;;;;;;;;0,7714;0,00000;0,0000;0,00000000;0,00000000;0,00200;-Infinity;4,7750;27,890207;-0,004212;23,773364;23,694396;-0,0009;-0,0991;0,00;0,00;0,00;0,00;0,16;;5,085;5,084;0,0068160;20,95500;0,05000;0,01600;0,0000834;;1673,50;939,00;;;
;;940;20,95600;0,05100;0,032000;130,250;100,50;1635,3700;0,000;100,086;43,100;0,000;301,050;300,050;26,60;315,350;263,138;0,000;40,500;43,600;42,500;302,050;;;;;0,00;0,00;0,00;3,00;3,85;15,189;26,673;0,62;0,61;999998,00;999998,00;999998,00;999998,00;999998,00;999998,00;999998,00;999998,00;999998,00;999998,00;999998,00;999998,00;999998,00;999998,00;999998,00;;;;;;;;;;;;;;;;;0,0000;0,00000;0,0000;0,00000000;0,00000000;0,00228;-Infinity;4,7750;28,283817;-0,004261;24,108873;24,028791;-0,0009;-0,1016;0,00;0,00;0,00;0,00;0,09;;5,080;5,084;0,0000000;20,95700;0,05000;0,01700;-0,0000500;;1673,50;940,00;;;
;;941;20,95500;0,05100;0,014000;132,175;100,50;1635,3700;0,000;100,088;43,100;0,000;301,050;300,050;26,60;315,350;263,138;0,000;40,500;43,600;42,500;302,050;;;;;0,00;0,00;0,00;3,00;3,85;15,200;26,692;0,62;0,61;999998,00;999998,00;999998,00;999998,00;999998,00;999998,00;999998,00;999998,00;999998,00;999998,00;999998,00;999998,00;999998,00;999998,00;999998,00;;;;;;;;;;;;;;;;;0,0864;0,00000;0,0000;0,00000000;0,00000000;0,00205;Infinity;4,7750;28,492056;-0,004227;24,286375;24,205703;-0,0009;-0,1016;0,00;0,00;0,00;0,00;0,13;;5,074;5,074;0,0007634;20,95600;0,05100;0,01600;0,0000104;;1673,50;941,00;;;
;;942;20,95600;0,05200;0,021000;133,125;100,51;1635,3700;0,000;100,084;43,100;0,000;301,050;300,050;26,60;315,317;263,138;0,000;40,400;43,600;42,500;302,050;;;;;0,00;0,00;0,00;3,00;3,85;15,240;26,705;0,62;0,61;999998,00;999998,00;999998,00;999998,00;999998,00;999998,00;999998,00;999998,00;999998,00;999998,00;999998,00;999998,00;999998,00;999998,00;999998,00;;;;;;;;;;;;;;;;;4,0760;0,00000;0,0000;0,00000000;0,00000000;-0,00375;Infinity;4,7791;28,594266;-0,004308;24,373497;24,292536;-0,0009;-0,1039;0,00;0,00;0,00;0,00;0,20;;5,071;5,074;0,0360160;20,95400;0,05100;-0,00700;0,0004222;;1673,50;942,00;;;
;;943;20,95700;0,05100;0,024000;129,475;100,50;1635,3700;0,000;100,086;43,100;0,000;301,050;300,050;26,60;315,317;263,138;0,000;40,400;43,600;42,500;302,050;;;;;0,00;0,00;0,00;3,00;3,85;15,177;26,684;0,62;0,61;999998,00;999998,00;999998,00;999998,00;999998,00;999998,00;999998,00;999998,00;999998,00;999998,00;999998,00;999998,00;999998,00;999998,00;999998,00;;;;;;;;;;;;;;;;;3,2038;0,00000;0,0000;0,00000000;0,00000000;-0,00320;Infinity;4,7823;28,199545;-0,004275;24,037041;23,957197;-0,0009;-0,1017;0,00;0,00;0,00;0,00;0,16;;5,070;5,067;0,0283084;20,95500;0,05100;-0,00500;0,0003365;;1673,50;943,00;;;
;;944;20,95700;0,05100;0,000000;127,650;100,50;1635,3700;0,000;100,084;43,100;0,000;300,950;300,050;26,60;315,317;263,138;0,000;40,400;43,600;42,500;302,150;;;;;0,00;0,00;0,00;3,00;3,86;15,151;26,716;0,62;0,61;999998,00;999998,00;999998,00;999998,00;999998,00;999998,00;999998,00;999998,00;999998,00;999998,00;999998,00;999998,00;999998,00;999998,00;999998,00;;;;;;;;;;;;;;;;;3,2131;0,00000;0,0000;0,00000000;0,00000000;-0,00442;Infinity;4,7855;28,004750;-0,004273;23,863070;23,791707;-0,0009;-0,1009;0,00;0,00;0,00;0,00;0,13;;5,068;5,067;0,0283914;20,95600;0,05100;-0,01000;0,0003395;;1673,50;944,00;;;
;;945;20,95700;0,05100;-0,005000;129,375;100,51;1635,3700;0,000;100,088;43,100;0,000;300,950;300,050;26,60;315,283;263,138;0,000;40,400;43,500;42,500;302,150;;;;;0,00;0,00;0,00;3,00;3,86;15,193;26,687;0,62;0,61;999998,00;999998,00;999998,00;999998,00;999998,00;999998,00;999998,00;999998,00;999998,00;999998,00;999998,00;999998,00;999998,00;999998,00;999998,00;;;;;;;;;;;;;;;;;2,4773;0,00000;0,0000;0,00000000;0,00000000;-0,00196;Infinity;4,7880;28,193336;-0,004354;24,023765;23,951922;-0,0009;-0,1035;0,00;0,00;0,00;0,00;0,16;;5,065;5,062;0,0218891;20,95500;0,05200;0,00000;0,0002606;;1673,50;945,00;;;
;;946;20,95500;0,05100;-0,005000;127,925;100,50;1635,3700;0,000;100,088;43,100;0,000;301,050;300,050;26,60;315,250;263,138;0,000;40,400;43,500;42,400;302,050;;;;;0,00;0,00;0,00;3,00;3,86;15,198;26,711;0,62;0,61;999998,00;999998,00;999998,00;999998,00;999998,00;999998,00;999998,00;999998,00;999998,00;999998,00;999998,00;999998,00;999998,00;999998,00;999998,00;;;;;;;;;;;;;;;;;2,0129;0,00000;0,0000;0,00000000;0,00000000;-0,00219;Infinity;4,7900;28,030242;-0,004255;23,892728;23,813364;-0,0009;-0,1006;0,00;0,00;0,00;0,00;0,13;;5,062;5,062;0,0177859;20,95600;0,05200;-0,00100;0,0002129;;1673,50;946,00;;;
;;947;20,95700;0,05100;0,006000;130,825;100,50;1635,3700;0,000;100,088;43,200;0,000;300,950;300,050;26,60;315,250;263,138;0,000;40,400;43,500;42,400;302,050;;;;;0,00;0,00;0,00;3,00;3,86;15,208;26,719;0,62;0,61;999998,00;999998,00;999998,00;999998,00;999998,00;999998,00;999998,00;999998,00;999998,00;999998,00;999998,00;999998,00;999998,00;999998,00;999998,00;;;;;;;;;;;;;;;;;0,2086;0,00000;0,0000;0,00000000;0,00000000;0,00153;Infinity;4,7902;28,350887;-0,004254;24,158016;24,085771;-0,0009;-0,1017;0,00;0,00;0,00;0,00;0,13;;5,058;5,054;0,0018435;20,95600;0,05200;0,01400;0,0000230;;1673,50;947,00;;;
;;948;20,95700;0,05000;-0,003000;125,850;100,50;1635,3700;0,000;100,090;43,200;0,000;300,950;300,050;26,60;315,250;263,138;0,000;40,400;43,500;42,400;302,050;;;;;0,00;0,00;0,00;3,00;3,86;15,175;26,673;0,62;0,61;999998,00;999998,00;999998,00;999998,00;999998,00;999998,00;999998,00;999998,00;999998,00;999998,00;999998,00;999998,00;999998,00;999998,00;999998,00;;;;;;;;;;;;;;;;;1,7265;0,00000;0,0000;0,00000000;0,00000000;-0,00046;Infinity;4,7920;27,806600;-0,004268;23,694225;23,623367;-0,0009;-0,1001;0,00;0,00;0,00;0,00;0,16;;5,054;5,054;0,0152556;20,95500;0,05200;0,00600;0,0001847;;1673,50;948,00;;;
;;949;20,95500;0,05000;-0,003000;131,250;100,50;1635,3700;0,000;100,086;43,200;0,000;300,950;299,950;26,60;315,250;263,138;0,000;40,400;43,500;42,400;302,050;;;;;0,00;0,00;0,00;3,00;3,86;15,172;26,687;0,62;0,61;999998,00;999998,00;999998,00;999998,00;999998,00;999998,00;999998,00;999998,00;999998,00;999998,00;999998,00;999998,00;999998,00;999998,00;999998,00;;;;;;;;;;;;;;;;;0,0000;0,00000;0,0000;0,00000000;0,00000000;0,00379;Infinity;4,7920;28,396901;-0,004251;24,197225;24,116822;-0,0009;-0,1018;0,00;0,00;0,00;0,00;0,17;;5,049;5,044;0,0000000;20,95500;0,05300;0,02300;-0,0000432;;1673,50;949,00;;;
;;950;20,95600;0,05000;0,016000;130,225;100,50;1635,3700;0,000;100,088;43,200;0,000;300,950;300,050;26,60;315,217;263,145;0,000;40,300;43,500;42,400;302,150;;;;;0,00;0,00;0,00;3,00;3,86;15,198;26,708;0,62;0,61;999998,00;999998,00;999998,00;999998,00;999998,00;999998,00;999998,00;999998,00;999998,00;999998,00;999998,00;999998,00;999998,00;999998,00;999998,00;;;;;;;;;;;;;;;;;0,1770;0,00000;0,0000;0,00000000;0,00000000;0,00253;Infinity;4,7921;28,285799;-0,004249;24,102555;24,030475;-0,0009;-0,1014;0,00;0,00;0,00;0,00;0,17;;5,044;5,044;0,0015636;20,95500;0,05300;0,01800;0,0000201;;1673,50;950,00;;;
;;951;20,95500;0,05100;0,017000;127,375;100,50;1635,3700;0,000;100,090;43,100;0,005;300,950;299,950;26,60;315,217;263,145;0,000;40,300;43,500;42,400;302,050;;;;;0,00;0,00;0,00;3,00;3,87;15,183;26,703;0,61;0,61;999998,00;999998,00;999998,00;999998,00;999998,00;999998,00;999998,00;999998,00;999998,00;999998,00;999998,00;999998,00;999998,00;999998,00;999998,00;;;;;;;;;;;;;;;;;0,0000;0,00000;0,0000;0,00000000;0,00000000;0,00349;Infinity;4,7921;27,974567;-0,004231;23,837351;23,758144;-0,0009;-0,0998;0,00;0,00;0,00;0,00;0,16;;5,039;5,033;0,0000000;20,95500;0,05300;0,02200;-0,0000306;;1673,50;951,00;;;
;;952;20,95700;0,05100;0,016000;129,525;100,50;1635,3700;0,000;100,088;43,100;0,005;300,950;299,950;26,60;315,217;263,145;0,000;40,300;43,500;42,400;302,050;;;;;0,00;0,00;0,00;3,00;3,87;15,164;26,692;0,61;0,61;999998,00;999998,00;999998,00;999998,00;999998,00;999998,00;999998,00;999998,00;999998,00;999998,00;999998,00;999998,00;999998,00;999998,00;999998,00;;;;;;;;;;;;;;;;;0,9350;0,00000;0,0000;0,00000000;0,00000000;0,00003;Infinity;4,7931;28,209675;-0,004196;24,037688;23,957815;-0,0009;-0,0998;0,00;0,00;0,00;0,00;0,13;;5,034;5,033;0,0082613;20,95600;0,05200;0,00800;0,0000990;;1673,50;952,00;;;
;;953;20,95600;0,05100;-0,007000;131,775;100,50;1635,3700;0,000;100,084;43,200;0,000;300,950;299,950;26,60;315,250;263,145;0,000;40,400;43,500;42,400;302,050;;;;;0,00;0,00;0,00;3,00;3,87;15,177;26,700;0,61;0,61;999998,00;999998,00;999998,00;999998,00;999998,00;999998,00;999998,00;999998,00;999998,00;999998,00;999998,00;999998,00;999998,00;999998,00;999998,00;;;;;;;;;;;;;;;;;2,5590;0,00000;0,0000;0,00000000;0,00000000;0,00003;Infinity;4,7956;28,453638;-0,004211;24,245571;24,165008;-0,0009;-0,1010;0,00;0,00;0,00;0,00;0,24;;5,031;5,025;0,0226117;20,95300;0,05300;0,00800;0,0002674;;1673,50;953,00;;;
;;954;20,95400;0,05100;-0,005000;124,375;100,50;1635,3700;0,000;100,088;43,200;0,000;300,950;299,950;26,60;315,250;263,145;0,000;40,400;43,500;42,400;302,150;;;;;0,00;0,00;0,00;3,00;3,87;15,198;26,687;0,61;0,61;999998,00;999998,00;999998,00;999998,00;999998,00;999998,00;999998,00;999998,00;999998,00;999998,00;999998,00;999998,00;999998,00;999998,00;999998,00;;;;;;;;;;;;;;;;;3,7046;0,00000;0,0000;0,00000000;0,00000000;-0,00363;Infinity;4,7993;27,643169;-0,004274;23,554964;23,476696;-0,0009;-0,0996;0,00;0,00;0,00;0,00;0,20;;5,029;5,025;0,0327342;20,95400;0,05300;-0,00700;0,0003969;;1673,50;954,00;;;
;;955;20,95500;0,05200;-0,010000;126,600;100,50;1635,3700;0,000;100,090;43,200;0,000;300,950;299,950;26,60;315,250;263,145;0,000;40,400;43,500;42,400;302,050;;;;;0,00;0,00;0,00;3,00;3,87;15,172;26,697;0,61;0,61;999998,00;999998,00;999998,00;999998,00;999998,00;999998,00;999998,00;999998,00;999998,00;999998,00;999998,00;999998,00;999998,00;999998,00;999998,00;;;;;;;;;;;;;;;;;1,2838;0,00000;0,0000;0,00000000;0,00000000;-0,00071;Infinity;4,8006;27,889333;-0,004239;23,764722;23,685757;-0,0009;-0,0997;0,00;0,00;0,00;0,00;0,13;;5,026;5,019;0,0113441;20,95600;0,05200;0,00500;0,0001370;;1673,50;955,00;;;
;;956;20,95600;0,05200;0,000000;129,550;100,50;1635,3700;0,000;100,088;43,200;0,000;300,950;299,950;26,60;315,217;263,145;0,000;40,400;43,400;42,400;302,050;;;;;0,00;0,00;0,00;3,00;3,87;15,183;26,703;0,61;0,61;999998,00;999998,00;999998,00;999998,00;999998,00;999998,00;999998,00;999998,00;999998,00;999998,00;999998,00;999998,00;999998,00;999998,00;999998,00;;;;;;;;;;;;;;;;;2,0260;0,00000;0,0000;0,00000000;0,00000000;-0,00221;Infinity;4,8026;28,212397;-0,004204;24,040008;23,960127;-0,0009;-0,1000;0,00;0,00;0,00;0,00;0,13;;5,023;5,019;0,0179015;20,95600;0,05200;-0,00100;0,0002129;;1673,50;956,00;;;
;;957;20,95500;0,05200;-0,001000;129,900;100,50;1635,3700;0,000;100,084;43,200;0,000;300,950;299,950;26,60;315,217;263,145;0,000;40,500;43,400;42,300;302,050;;;;;0,00;0,00;0,00;3,00;3,87;15,219;26,697;0,61;0,61;999998,00;999998,00;999998,00;999998,00;999998,00;999998,00;999998,00;999998,00;999998,00;999998,00;999998,00;999998,00;999998,00;999998,00;999998,00;;;;;;;;;;;;;;;;;1,7541;0,00000;0,0000;0,00000000;0,00000000;-0,00047;Infinity;4,8044;28,250481;-0,004234;24,072460;23,992471;-0,0009;-0,1009;0,00;0,00;0,00;0,00;0,17;;5,019;5,011;0,0154992;20,95500;0,05200;0,00600;0,0001847;;1673,50;957,00;;;
;;958;20,95600;0,05200;0,014000;131,150;100,50;1635,3700;0,000;100,090;43,200;0,000;300,950;299,950;26,60;315,217;263,145;0,000;40,500;43,400;42,300;302,050;;;;;0,00;0,00;0,00;3,00;3,88;15,164;26,697;0,61;0,61;999998,00;999998,00;999998,00;999998,00;999998,00;999998,00;999998,00;999998,00;999998,00;999998,00;999998,00;999998,00;999998,00;999998,00;999998,00;;;;;;;;;;;;;;;;;1,5186;0,00000;0,0000;0,00000000;0,00000000;0,00003;Infinity;4,8059;28,386080;-0,004232;24,188005;24,107633;-0,0009;-0,1013;0,00;0,00;0,00;0,00;0,17;;5,016;5,011;0,0134183;20,95500;0,05200;0,00800;0,0001594;;1673,50;958,00;;;
;;959;20,95600;0,05300;0,006000;126,825;100,50;1635,3700;0,000;100,084;43,200;0,000;300,950;299,950;26,60;315,217;263,145;0,000;40,500;43,400;42,300;302,050;;;;;0,00;0,00;0,00;3,00;3,88;15,206;26,700;0,61;0,61;999998,00;999998,00;999998,00;999998,00;999998,00;999998,00;999998,00;999998,00;999998,00;999998,00;999998,00;999998,00;999998,00;999998,00;999998,00;;;;;;;;;;;;;;;;;0,1738;0,00000;0,0000;0,00000000;0,00000000;0,00274;Infinity;4,8061;27,914106;-0,004229;23,785832;23,706796;-0,0009;-0,0995;0,00;0,00;0,00;0,00;0,16;;5,011;5,003;0,0015360;20,95500;0,05200;0,01900;0,0000201;;1673,50;959,00;;;
;;960;20,95500;0,05300;0,023000;131,450;100,50;1635,3700;0,000;100,088;43,200;0,000;300,950;299,950;26,60;315,183;263,145;0,000;40,400;43,400;42,300;302,050;;;;;0,00;0,00;0,00;3,00;3,88;15,191;26,695;0,61;0,61;999998,00;999998,00;999998,00;999998,00;999998,00;999998,00;999998,00;999998,00;999998,00;999998,00;999998,00;999998,00;999998,00;999998,00;999998,00;;;;;;;;;;;;;;;;;1,5203;0,00000;0,0000;-0,00082397;-0,00082397;0,00003;-0,87973;4,8076;28,418528;-0,004227;24,215654;24,135190;-0,0009;-0,1013;0,00;0,00;0,00;0,00;0,17;;5,007;5,003;0,0134336;20,95500;0,05200;0,00800;0,0001594;;1673,50;960,00;;;
;;961;20,95500;0,05300;0,018000;127,750;100,49;1635,3700;0,000;100,084;43,100;0,000;300,950;299,950;26,60;315,183;263,145;0,000;40,400;43,400;42,300;302,050;;;;;0,00;0,00;0,00;3,00;3,88;15,194;26,713;0,61;0,61;999998,00;999998,00;999998,00;999998,00;999998,00;999998,00;999998,00;999998,00;999998,00;999998,00;999998,00;999998,00;999998,00;999998,00;999998,00;;;;;;;;;;;;;;;;;2,6700;0,00000;0,0000;0,00576782;0,00576782;-0,00096;0,04956;4,8103;28,015716;-0,004142;23,872415;23,793091;-0,0009;-0,0978;0,00;0,00;0,00;0,00;0,20;;5,004;4,995;0,0235918;20,95400;0,05100;0,00400;0,0002830;;1673,50;961,00;;;
;;962;20,95500;0,05200;0,022000;129,225;100,49;1635,3601;0,000;100,084;43,100;0,000;300,950;299,950;26,60;315,183;263,145;0,000;40,400;43,400;42,300;302,050;;;;;0,00;0,00;0,00;3,00;3,88;15,187;26,711;0,61;0,61;999998,00;999998,00;999998,00;999998,00;999998,00;999998,00;999998,00;999998,00;999998,00;999998,00;999998,00;999998,00;999998,00;999998,00;999998,00;;;;;;;;;;;;;;;;;2,8064;0,00000;0,0000;0,00576782;0,00576782;-0,00121;0,04984;4,8131;28,176987;-0,004172;24,009834;23,930054;-0,0009;-0,0991;0,00;0,00;0,00;0,00;0,20;;5,002;4,995;0,0247971;20,95400;0,05100;0,00300;0,0002957;;1673,49;962,00;;;
;;963;20,95500;0,05300;0,008000;132,325;100,49;1635,3601;0,000;100,086;43,100;0,005;300,850;299,950;26,60;315,183;263,138;0,000;40,400;43,400;42,300;302,050;;;;;0,00;0,00;0,00;3,00;3,88;15,185;26,705;0,61;0,61;999998,00;999998,00;999998,00;999998,00;999998,00;999998,00;999998,00;999998,00;999998,00;999998,00;999998,00;999998,00;999998,00;999998,00;999998,00;;;;;;;;;;;;;;;;;3,5761;0,00000;0,0000;-0,00082397;-0,00082397;-0,00299;-0,88280;4,8167;28,517693;-0,004169;24,292079;24,219408;-0,0009;-0,1002;0,00;0,00;0,00;0,00;0,20;;5,000;4,992;0,0315981;20,95400;0,05200;-0,00400;0,0003716;;1673,49;963,00;;;
;;964;20,95600;0,05300;0,008000;125,500;100,49;1635,3601;0,000;100,084;43,100;0,005;300,950;299,950;26,60;315,150;263,145;0,000;40,300;43,400;42,300;302,050;;;;;0,00;0,00;0,00;3,00;3,88;15,200;26,689;0,61;0,61;999998,00;999998,00;999998,00;999998,00;999998,00;999998,00;999998,00;999998,00;999998,00;999998,00;999998,00;999998,00;999998,00;999998,00;999998,00;;;;;;;;;;;;;;;;;3,4820;0,00000;0,0000;0,00082397;0,00082397;-0,00291;0,85958;4,8201;27,767907;-0,004166;23,661255;23,582633;-0,0009;-0,0975;0,00;0,00;0,00;0,00;0,20;;4,998;4,992;0,0307674;20,95400;0,05200;-0,00400;0,0003716;;1673,49;964,00;;;
;;965;20,95300;0,05200;-0,007000;132,800;100,49;1635,3601;0,000;100,088;43,200;0,005;300,950;299,950;26,60;315,150;263,145;0,000;40,300;43,400;42,300;302,050;;;;;0,00;0,00;0,00;3,00;3,89;15,177;26,692;0,61;0,61;999998,00;999998,00;999998,00;999998,00;999998,00;999998,00;999998,00;999998,00;999998,00;999998,00;999998,00;999998,00;999998,00;999998,00;999998,00;;;;;;;;;;;;;;;;;3,5819;0,00000;0,0000;-0,00576782;-0,00576782;-0,00299;-0,12632;4,8237;28,564085;-0,004129;24,339684;24,258808;-0,0009;-0,0994;0,00;0,00;0,00;0,00;0,20;;4,997;4,989;0,0316495;20,95400;0,05200;-0,00400;0,0003716;;1673,49;965,00;;;
;;966;20,95400;0,05200;0,005000;128,175;100,49;1635,3700;0,000;100,084;43,200;0,005;300,950;299,950;26,60;315,117;263,145;0,000;40,300;43,300;42,300;302,050;;;;;0,00;0,00;0,00;3,00;3,89;15,164;26,689;0,61;0,61;999998,00;999998,00;999998,00;999998,00;999998,00;999998,00;999998,00;999998,00;999998,00;999998,00;999998,00;999998,00;999998,00;999998,00;999998,00;;;;;;;;;;;;;;;;;3,5190;0,00000;0,0000;-0,00576782;-0,00576782;-0,00294;-0,12410;4,8272;28,062280;-0,004110;23,912092;23,832636;-0,0009;-0,0972;0,00;0,00;0,00;0,00;0,20;;4,995;4,989;0,0310935;20,95400;0,05200;-0,00400;0,0003716;;1673,50;966,00;;;
;;967;20,95600;0,05200;-0,001000;130,400;100,50;1635,3700;0,000;100,084;43,200;0,005;300,850;299,950;26,60;315,083;263,145;0,000;40,200;43,300;42,300;302,050;;;;;0,00;0,00;0,00;3,00;3,89;15,202;26,729;0,61;0,61;999998,00;999998,00;999998,00;999998,00;999998,00;999998,00;999998,00;999998,00;999998,00;999998,00;999998,00;999998,00;999998,00;999998,00;999998,00;;;;;;;;;;;;;;;;;3,5500;0,00000;0,0000;0,00082397;0,00082397;-0,00297;0,87635;4,8308;28,309502;-0,004204;24,114737;24,042597;-0,0009;-0,1004;0,00;0,00;0,00;0,00;0,20;;4,994;4,986;0,0313675;20,95400;0,05200;-0,00400;0,0003716;;1673,50;967,00;;;
;;968;20,95600;0,05200;0,006000;124,525;100,50;1635,3700;0,000;100,090;43,200;0,000;300,850;299,950;26,50;315,050;263,145;0,000;40,200;43,300;42,200;302,050;;;;;0,00;0,00;0,00;3,00;3,89;15,187;26,716;0,61;0,61;999998,00;999998,00;999998,00;999998,00;999998,00;999998,00;999998,00;999998,00;999998,00;999998,00;999998,00;999998,00;999998,00;999998,00;999998,00;;;;;;;;;;;;;;;;;3,4691;0,00000;0,0000;0,00000000;0,00000000;-0,00290;Infinity;4,8343;27,664430;-0,004184;23,565248;23,494752;-0,0009;-0,0976;0,00;0,00;0,00;0,00;0,20;;4,992;4,986;0,0306527;20,95400;0,05200;-0,00400;0,0003716;;1673,50;968,00;;;
;;969;20,95500;0,05200;0,008000;127,650;100,49;1635,3700;0,000;100,080;43,200;0,000;300,850;299,950;26,60;315,050;263,145;0,000;40,200;43,300;42,200;302,050;;;;;0,00;0,00;0,00;3,00;3,89;15,154;26,713;0,61;0,61;999998,00;999998,00;999998,00;999998,00;999998,00;999998,00;999998,00;999998,00;999998,00;999998,00;999998,00;999998,00;999998,00;999998,00;999998,00;;;;;;;;;;;;;;;;;3,5123;0,00000;0,0000;0,00000000;0,00000000;-0,00293;Infinity;4,8378;28,009404;-0,004147;23,859105;23,787730;-0,0009;-0,0979;0,00;0,00;0,00;0,00;0,20;;4,991;4,983;0,0310349;20,95400;0,05200;-0,00400;0,0003716;;1673,50;969,00;;;
;;970;20,95500;0,05200;0,019000;130,300;100,50;1635,3700;0,000;100,084;43,200;0,000;300,850;299,950;26,50;315,050;263,145;0,000;40,200;43,300;42,200;302,050;;;;;0,00;0,00;0,00;3,00;3,89;15,185;26,703;0,61;0,61;999998,00;999998,00;999998,00;999998,00;999998,00;999998,00;999998,00;999998,00;999998,00;999998,00;999998,00;999998,00;999998,00;999998,00;999998,00;;;;;;;;;;;;;;;;;3,5486;0,00000;0,0000;0,00000000;0,00000000;-0,00296;Infinity;4,8413;28,298646;-0,004193;24,105489;24,033377;-0,0009;-0,1000;0,00;0,00;0,00;0,00;0,20;;4,989;4,983;0,0313554;20,95400;0,05200;-0,00400;0,0003716;;1673,50;970,00;;;
;;971;20,95500;0,05100;0,008000;125,450;100,49;1635,3700;0,000;100,084;43,200;0,000;300,950;299,950;26,50;315,050;263,145;0,000;40,200;43,300;42,200;302,050;;;;;0,00;0,00;0,00;3,00;3,89;15,185;26,697;0,61;0,60;999998,00;999998,00;999998,00;999998,00;999998,00;999998,00;999998,00;999998,00;999998,00;999998,00;999998,00;999998,00;999998,00;999998,00;999998,00;;;;;;;;;;;;;;;;;3,4814;0,00000;0,0000;0,00000000;0,00000000;-0,00291;Infinity;4,8448;27,762374;-0,004139;23,656540;23,577934;-0,0009;-0,0969;0,00;0,00;0,00;0,00;0,20;;4,988;4,980;0,0307612;20,95400;0,05200;-0,00400;0,0003716;;1673,50;971,00;;;
;;972;20,95500;0,05100;0,004000;127,900;100,50;1635,3700;0,000;100,088;43,200;0,000;300,850;299,950;26,50;315,050;263,145;0,000;40,200;43,300;42,200;302,050;;;;;0,00;0,00;0,00;3,00;3,90;15,231;26,713;0,61;0,60;999998,00;999998,00;999998,00;999998,00;999998,00;999998,00;999998,00;999998,00;999998,00;999998,00;999998,00;999998,00;999998,00;999998,00;999998,00;;;;;;;;;;;;;;;;;3,5158;0,00000;0,0000;0,00000000;0,00000000;-0,00294;Infinity;4,8483;28,036817;-0,004184;23,882457;23,811012;-0,0009;-0,0989;0,00;0,00;0,00;0,00;0,20;;4,986;4,980;0,0310653;20,95400;0,05200;-0,00400;0,0003716;;1673,50;972,00;;;
;;973;20,95400;0,05200;0,003000;130,875;100,50;1635,3700;0,000;100,088;43,200;0,000;300,950;299,950;26,50;315,050;263,145;0,000;40,200;43,300;42,200;302,050;;;;;0,00;0,00;0,00;3,00;3,90;15,185;26,705;0,61;0,60;999998,00;999998,00;999998,00;999998,00;999998,00;999998,00;999998,00;999998,00;999998,00;999998,00;999998,00;999998,00;999998,00;999998,00;999998,00;;;;;;;;;;;;;;;;;;;;;;;;;28,356304;-0,004120;24,162632;24,082344;;;;;;;;;;;;20,95400;0,05200;-0,00400;0,0003716;;1673,50;973,00;;;
;;974;20,95400;0,05200;-0,004000;133,700;100,50;1635,3700;0,000;100,084;43,200;0,000;300,950;300,050;26,50;315,050;263,145;0,000;40,200;43,300;42,200;302,050;;;;;0,00;0,00;0,00;3,00;3,90;15,164;26,687;0,61;0,60;999998,00;999998,00;999998,00;999998,00;999998,00;999998,00;999998,00;999998,00;999998,00;999998,00;999998,00;999998,00;999998,00;999998,00;999998,00;;;;;;;;;;;;;;;;;;;;;;;;;28,660712;-0,004098;24,422021;24,348986;;;;;;;;;;;;20,95400;0,05200;-0,00400;0,0003716;;1673,50;974,00;;;
