s,C,C,C,C,C,C,C,C,C,C,C,C,C,C,C,C,C,C,C,C,C,C,C,C,C,C,C,C,C,C,C,C,C,C,C,C,C,C,C,kW,mol/mol,Pa,m,C,C,m,C,C,m,C,C
Time,T1,T2,T3,T5,T9,T10,T11,rk_x075_z020,rk_x075_z035,rk_x075_z050,rk_x075_z070,rk_x075_z100,rk_x090_z020,rk_x090_z035,rk_x090_z050,rk_x090_z070,rk_x090_z100,rk_x105_z020,rk_x105_z035,rk_x105_z050,rk_x105_z070,rk_x105_z100,rk_x120_z020,rk_x120_z035,rk_x120_z050,rk_x120_z070,rk_x120_z100,rk_x135_z020,rk_x135_z035,rk_x135_z050,rk_x135_z070,rk_x135_z100,rk_x150_z020,rk_x150_z035,rk_x150_z050,rk_x150_z070,rk_x150_z100,Tmax_core,Tmax_T1cell,HRR,O2_room,p_box,zint_fire,Tupp_fire,Tlow_fire,zint_mid,Tupp_mid,Tlow_mid,zint_door,Tupp_door,Tlow_door
 0.00000E+000, 2.50000E+001, 2.50000E+001, 2.50000E+001, 2.50000E+001, 2.50000E+001, 2.50000E+001, 2.50000E+001, 2.50000E+001, 2.50000E+001, 2.50000E+001, 2.50000E+001, 2.50000E+001, 2.50000E+001, 2.50000E+001, 2.50000E+001, 2.50000E+001, 2.50000E+001, 2.50000E+001, 2.50000E+001, 2.50000E+001, 2.50000E+001, 2.50000E+001, 2.50000E+001, 2.50000E+001, 2.50000E+001, 2.50000E+001, 2.50000E+001, 2.50000E+001, 2.50000E+001, 2.50000E+001, 2.50000E+001, 2.50000E+001, 2.50000E+001, 2.50000E+001, 2.50000E+001, 2.50000E+001, 2.50000E+001, 2.50000E+001, 2.50000E+001, 0.00000E+000, 2.06860E-001,-7.53443E-006, 2.30000E-001, 2.50000E+001, 2.50000E+001, 2.30000E-001, 2.50000E+001, 2.50000E+001, 2.30000E-001, 2.50000E+001, 2.50000E+001
 1.00307E+000, 2.50000E+001, 2.50000E+001, 2.50000E+001, 2.50000E+001, 2.50000E+001, 2.50000E+001, 2.50000E+001, 2.50126E+001, 2.50001E+001, 2.50000E+001, 2.50000E+001, 2.50000E+001, 2.50158E+001, 2.50001E+001, 2.50000E+001, 2.50000E+001, 2.50000E+001, 2.50214E+001, 2.50001E+001, 2.50000E+001, 2.50000E+001, 2.50000E+001, 2.50003E+001, 2.50000E+001, 2.50000E+001, 2.50000E+001, 2.50000E+001, 2.50000E+001, 2.50000E+001, 2.50000E+001, 2.50000E+001, 2.50000E+001, 2.50000E+001, 2.50000E+001, 2.50000E+001, 2.50000E+001, 2.50000E+001, 2.51504E+001, 2.50007E+001, 1.80057E-005, 2.06860E-001, 4.91495E-003, 2.30000E-001, 2.50010E+001, 2.50010E+001, 2.30000E-001, 2.50000E+001, 2.50000E+001, 2.30000E-001, 2.50000E+001, 2.50000E+001
 2.00163E+000, 2.50001E+001, 2.50001E+001, 2.50000E+001, 2.50000E+001, 2.50001E+001, 2.50000E+001, 2.50000E+001, 2.52969E+001, 2.50051E+001, 2.50001E+001, 2.50001E+001, 2.50000E+001, 2.53987E+001, 2.50074E+001, 2.50002E+001, 2.50001E+001, 2.50001E+001, 2.53567E+001, 2.50060E+001, 2.50001E+001, 2.50001E+001, 2.50000E+001, 2.50109E+001, 2.50005E+001, 2.50001E+001, 2.50001E+001, 2.50001E+001, 2.50015E+001, 2.50001E+001, 2.50001E+001, 2.50001E+001, 2.50000E+001, 2.50001E+001, 2.50001E+001, 2.50001E+001, 2.50001E+001, 2.50001E+001, 2.63493E+001, 2.50359E+001, 1.30704E-004, 2.06860E-001, 5.77887E-002, 2.30000E-001, 2.50214E+001, 2.50214E+001, 2.30000E-001, 2.50000E+001, 2.50000E+001, 2.30000E-001, 2.30066E+001, 2.50000E+001
 3.00020E+000, 2.50005E+001, 2.50002E+001, 2.50002E+001, 2.50001E+001, 2.50002E+001, 2.50002E+001, 2.50002E+001, 2.66573E+001, 2.51407E+001, 2.50021E+001, 2.50003E+001, 2.50002E+001, 2.79508E+001, 2.53140E+001, 2.50032E+001, 2.50003E+001, 2.50002E+001, 2.67002E+001, 2.51424E+001, 2.50021E+001, 2.50003E+001, 2.50002E+001, 2.50657E+001, 2.50074E+001, 2.50005E+001, 2.50003E+001, 2.50002E+001, 2.50113E+001, 2.50016E+001, 2.50003E+001, 2.50003E+001, 2.50002E+001, 2.50006E+001, 2.50003E+001, 2.50003E+001, 2.50002E+001, 2.50002E+001, 2.92640E+001, 2.60360E+001, 3.58290E-004, 2.06860E-001, 2.19714E-001, 2.30000E-001, 2.50667E+001, 2.50667E+001, 2.30000E-001, 2.50002E+001, 2.50001E+001, 2.30000E-001, 2.50002E+001, 2.50001E+001
 4.00327E+000, 2.50172E+001, 2.50006E+001, 2.50005E+001, 2.50004E+001, 2.50005E+001, 2.50005E+001, 2.50005E+001, 2.74842E+001, 2.64816E+001, 2.58215E+001, 2.52366E+001, 2.50007E+001, 3.14507E+001, 2.93528E+001, 2.72479E+001, 2.58553E+001, 2.50007E+001, 2.74455E+001, 2.64694E+001, 2.57813E+001, 2.52105E+001, 2.50006E+001, 2.51086E+001, 2.50786E+001, 2.50172E+001, 2.50016E+001, 2.50006E+001, 2.50254E+001, 2.50133E+001, 2.50024E+001, 2.50008E+001, 2.50006E+001, 2.50019E+001, 2.50011E+001, 2.50007E+001, 2.50007E+001, 2.50006E+001, 3.28670E+001, 3.03148E+001, 7.02095E-004, 2.06860E-001, 6.02631E-001, 2.30000E-001, 2.50838E+001, 2.50838E+001, 2.30000E-001, 2.50005E+001, 2.50003E+001, 2.30000E-001, 2.50005E+001, 2.50003E+001
 5.00183E+000, 2.50881E+001, 2.50012E+001, 2.50010E+001, 2.50007E+001, 2.50010E+001, 2.50011E+001, 2.50010E+001, 2.77572E+001, 2.62624E+001, 2.60935E+001, 2.62214E+001, 2.58318E+001, 3.53649E+001, 3.21395E+001, 3.03412E+001, 2.92699E+001, 2.73238E+001, 2.77191E+001, 2.62012E+001, 2.60501E+001, 2.61675E+001, 2.57810E+001, 2.50939E+001, 2.50881E+001, 2.50881E+001, 2.50724E+001, 2.50273E+001, 2.50244E+001, 2.50240E+001, 2.50174E+001, 2.50111E+001, 2.50034E+001, 2.50035E+001, 2.50027E+001, 2.50019E+001, 2.50015E+001, 2.50013E+001, 3.77805E+001, 3.34580E+001, 1.16156E-003, 2.06860E-001, 1.27898E+000, 2.30000E-001, 2.51035E+001, 2.51035E+001, 2.30000E-001, 2.50011E+001, 2.50007E+001, 2.30000E-001, 2.50010E+001, 2.50007E+001
 6.00040E+000, 2.50768E+001, 2.50509E+001, 2.50115E+001, 2.50012E+001, 2.50017E+001, 2.50019E+001, 2.50018E+001, 2.82916E+001, 2.66703E+001, 2.64030E+001, 2.62790E+001, 2.61429E+001, 3.98746E+001, 3.55298E+001, 3.31043E+001, 3.15812E+001, 2.96834E+001, 2.80347E+001, 2.65217E+001, 2.62617E+001, 2.61327E+001, 2.60086E+001, 2.51031E+001, 2.50772E+001, 2.50768E+001, 2.50808E+001, 2.50955E+001, 2.50255E+001, 2.50231E+001, 2.50224E+001, 2.50224E+001, 2.50216E+001, 2.50050E+001, 2.50045E+001, 2.50038E+001, 2.50033E+001, 2.50027E+001, 4.42815E+001, 3.73868E+001, 1.73585E-003, 2.06860E-001, 2.30763E+000, 2.30000E-001, 2.51392E+001, 2.51392E+001, 2.30000E-001, 2.50019E+001, 2.50012E+001, 2.30000E-001, 2.50019E+001, 2.50011E+001
 7.00347E+000, 2.50830E+001, 2.51182E+001, 2.62442E+001, 2.50018E+001, 2.50026E+001, 2.50031E+001, 2.50029E+001, 2.93465E+001, 2.70968E+001, 2.68584E+001, 2.67506E+001, 2.66150E+001, 4.51586E+001, 3.92123E+001, 3.61092E+001, 3.41811E+001, 3.17789E+001, 2.88951E+001, 2.68682E+001, 2.66131E+001, 2.64929E+001, 2.63371E+001, 2.51215E+001, 2.50824E+001, 2.50830E+001, 2.50875E+001, 2.51005E+001, 2.50292E+001, 2.50244E+001, 2.50248E+001, 2.50263E+001, 2.50308E+001, 2.50070E+001, 2.50064E+001, 2.50059E+001, 2.50056E+001, 2.50053E+001, 5.19716E+001, 4.15408E+001, 2.42857E-003, 2.06860E-001, 3.75335E+000, 2.30000E-001, 2.51788E+001, 2.51788E+001, 2.30000E-001, 2.50031E+001, 2.50018E+001, 2.30000E-001, 2.50030E+001, 2.50017E+001
 8.00203E+000, 2.50919E+001, 2.51350E+001, 2.68297E+001, 2.50025E+001, 2.50037E+001, 2.50044E+001, 2.50042E+001, 3.06269E+001, 2.76593E+001, 2.73730E+001, 2.72511E+001, 2.71125E+001, 5.08213E+001, 4.30036E+001, 3.92294E+001, 3.68723E+001, 3.38861E+001, 2.99646E+001, 2.73201E+001, 2.70000E+001, 2.68564E+001, 2.66889E+001, 2.51427E+001, 2.50918E+001, 2.50919E+001, 2.50988E+001, 2.51148E+001, 2.50338E+001, 2.50269E+001, 2.50275E+001, 2.50299E+001, 2.50362E+001, 2.50094E+001, 2.50086E+001, 2.50081E+001, 2.50080E+001, 2.50079E+001, 6.05895E+001, 4.60329E+001, 3.24039E-003, 2.06860E-001, 5.49450E+000, 2.30000E-001, 2.52151E+001, 2.52151E+001, 2.30000E-001, 2.50045E+001, 2.50025E+001, 2.30000E-001, 2.50044E+001, 2.50024E+001
 9.00060E+000, 2.51016E+001, 2.51586E+001, 2.74208E+001, 2.50033E+001, 2.50048E+001, 2.50060E+001, 2.50056E+001, 3.21041E+001, 2.81962E+001, 2.78499E+001, 2.77413E+001, 2.76315E+001, 5.65532E+001, 4.72429E+001, 4.25923E+001, 3.97274E+001, 3.61591E+001, 3.11641E+001, 2.77272E+001, 2.73461E+001, 2.71977E+001, 2.70331E+001, 2.51612E+001, 2.51022E+001, 2.51016E+001, 2.51096E+001, 2.51284E+001, 2.50383E+001, 2.50301E+001, 2.50305E+001, 2.50332E+001, 2.50402E+001, 2.50121E+001, 2.50111E+001, 2.50105E+001, 2.50104E+001, 2.50104E+001, 7.02121E+001, 5.12220E+001, 4.16990E-003, 2.06860E-001, 7.51448E+000, 2.30000E-001, 2.52506E+001, 2.52506E+001, 2.30000E-001, 2.50062E+001, 2.50032E+001, 2.30000E-001, 2.50060E+001, 2.50031E+001
 1.00037E+001, 2.51096E+001, 2.51792E+001, 2.79896E+001, 2.50041E+001, 2.50061E+001, 2.50078E+001, 2.50071E+001, 3.31458E+001, 2.88259E+001, 2.84468E+001, 2.83132E+001, 2.82249E+001, 6.26113E+001, 5.17409E+001, 4.62427E+001, 4.28684E+001, 3.86331E+001, 3.20198E+001, 2.81578E+001, 2.77079E+001, 2.75331E+001, 2.73512E+001, 2.51629E+001, 2.51105E+001, 2.51096E+001, 2.51185E+001, 2.51395E+001, 2.50418E+001, 2.50333E+001, 2.50335E+001, 2.50363E+001, 2.50433E+001, 2.50152E+001, 2.50141E+001, 2.50133E+001, 2.50130E+001, 2.50129E+001, 8.08566E+001, 5.76495E+001, 5.22474E-003, 2.06860E-001, 9.82907E+000, 2.30000E-001, 2.52159E+001, 2.52159E+001, 2.30000E-001, 2.50081E+001, 2.50040E+001, 2.30000E-001, 2.50079E+001, 2.50038E+001
 1.10022E+001, 2.51161E+001, 2.51947E+001, 2.85692E+001, 2.50050E+001, 2.50074E+001, 2.50097E+001, 2.50088E+001, 3.44304E+001, 2.95114E+001, 2.90482E+001, 2.89262E+001, 2.88543E+001, 6.76309E+001, 5.54831E+001, 4.93281E+001, 4.55816E+001, 4.08178E+001, 3.25261E+001, 2.85822E+001, 2.81200E+001, 2.79011E+001, 2.76973E+001, 2.51338E+001, 2.51129E+001, 2.51161E+001, 2.51265E+001, 2.51492E+001, 2.50403E+001, 2.50359E+001, 2.50364E+001, 2.50391E+001, 2.50460E+001, 2.50187E+001, 2.50174E+001, 2.50164E+001, 2.50159E+001, 2.50156E+001, 9.27819E+001, 6.42816E+001, 6.40188E-003, 2.06860E-001, 1.24127E+001, 2.30000E-001, 2.51144E+001, 2.51144E+001, 2.30000E-001, 2.50102E+001, 2.50049E+001, 2.30000E-001, 2.50099E+001, 2.50046E+001
 1.20008E+001, 2.51200E+001, 2.52081E+001, 2.91444E+001, 2.50060E+001, 2.50089E+001, 2.50120E+001, 2.50107E+001, 3.59504E+001, 3.01448E+001, 2.97209E+001, 2.96421E+001, 2.95908E+001, 7.47595E+001, 6.07783E+001, 5.35105E+001, 4.90920E+001, 4.35241E+001, 3.39663E+001, 2.90883E+001, 2.85379E+001, 2.82705E+001, 2.80501E+001, 2.51365E+001, 2.51143E+001, 2.51200E+001, 2.51316E+001, 2.51578E+001, 2.50419E+001, 2.50383E+001, 2.50389E+001, 2.50416E+001, 2.50485E+001, 2.50226E+001, 2.50212E+001, 2.50199E+001, 2.50192E+001, 2.50185E+001, 1.05206E+002, 7.15974E+001, 7.70560E-003, 2.06860E-001, 1.54251E+001, 2.30000E-001, 2.51088E+001, 2.51088E+001, 2.30000E-001, 2.50126E+001, 2.50059E+001, 2.30000E-001, 2.50122E+001, 2.50055E+001
 1.30039E+001, 2.51254E+001, 2.52151E+001, 2.97782E+001, 2.50072E+001, 2.50106E+001, 2.50146E+001, 2.50130E+001, 3.79536E+001, 3.10747E+001, 3.04261E+001, 3.03198E+001, 3.02859E+001, 8.23932E+001, 6.65307E+001, 5.80817E+001, 5.29836E+001, 4.65655E+001, 3.62662E+001, 2.96791E+001, 2.89507E+001, 2.86452E+001, 2.84078E+001, 2.51622E+001, 2.51212E+001, 2.51254E+001, 2.51364E+001, 2.51624E+001, 2.50479E+001, 2.50422E+001, 2.50421E+001, 2.50442E+001, 2.50503E+001, 2.50270E+001, 2.50255E+001, 2.50239E+001, 2.50229E+001, 2.50218E+001, 1.18516E+002, 7.96806E+001, 9.13836E-003, 2.06860E-001, 1.89835E+001, 2.30000E-001, 2.51666E+001, 2.51666E+001, 2.30000E-001, 2.50155E+001, 2.50071E+001, 2.30000E-001, 2.50150E+001, 2.50066E+001
 1.40029E+001, 2.51328E+001, 2.52167E+001, 3.04262E+001, 2.50084E+001, 2.50126E+001, 2.50176E+001, 2.50155E+001, 3.99324E+001, 3.21231E+001, 3.13850E+001, 3.12881E+001, 3.12902E+001, 9.04047E+001, 7.24452E+001, 6.20591E+001, 5.63571E+001, 4.92801E+001, 3.79699E+001, 3.02675E+001, 2.94034E+001, 2.90212E+001, 2.86930E+001, 2.51925E+001, 2.51318E+001, 2.51328E+001, 2.51418E+001, 2.51646E+001, 2.50554E+001, 2.50473E+001, 2.50463E+001, 2.50474E+001, 2.50521E+001, 2.50318E+001, 2.50303E+001, 2.50285E+001, 2.50272E+001, 2.50257E+001, 1.32453E+002, 8.76172E+001, 1.06990E-002, 2.06860E-001, 2.30428E+001, 2.30000E-001, 2.52284E+001, 2.52284E+001, 2.30000E-001, 2.50188E+001, 2.50085E+001, 2.30000E-001, 2.50181E+001, 2.50078E+001
 1.50027E+001, 2.51357E+001, 2.52094E+001, 3.10840E+001, 2.50099E+001, 2.50148E+001, 2.50209E+001, 2.50184E+001, 4.21074E+001, 3.28075E+001, 3.22965E+001, 3.22473E+001, 3.23655E+001, 9.82006E+001, 7.85569E+001, 6.68401E+001, 6.04035E+001, 5.24161E+001, 3.94250E+001, 3.07624E+001, 2.97382E+001, 2.93014E+001, 2.89249E+001, 2.52160E+001, 2.51381E+001, 2.51357E+001, 2.51434E+001, 2.51641E+001, 2.50624E+001, 2.50523E+001, 2.50503E+001, 2.50507E+001, 2.50540E+001, 2.50369E+001, 2.50356E+001, 2.50335E+001, 2.50319E+001, 2.50300E+001, 1.46752E+002, 9.60392E+001, 1.23873E-002, 2.06860E-001, 2.76521E+001, 2.30000E-001, 2.52808E+001, 2.52808E+001, 2.30000E-001, 2.50225E+001, 2.50100E+001, 2.30000E-001, 2.50217E+001, 2.50091E+001
 1.60008E+001, 2.51355E+001, 2.51932E+001, 3.17269E+001, 2.50200E+001, 2.50171E+001, 2.50246E+001, 2.50215E+001, 4.44384E+001, 3.41175E+001, 3.34645E+001, 3.34144E+001, 3.35787E+001, 1.05978E+002, 8.45896E+001, 7.11897E+001, 6.39683E+001, 5.51957E+001, 4.07179E+001, 3.09956E+001, 2.99263E+001, 2.94535E+001, 2.90263E+001, 2.52317E+001, 2.51415E+001, 2.51355E+001, 2.51410E+001, 2.51576E+001, 2.50687E+001, 2.50573E+001, 2.50544E+001, 2.50538E+001, 2.50554E+001, 2.50422E+001, 2.50411E+001, 2.50390E+001, 2.50372E+001, 2.50348E+001, 1.61343E+002, 1.04265E+002, 1.41939E-002, 2.06860E-001, 3.27823E+001, 2.30000E-001, 2.53309E+001, 2.53309E+001, 2.30000E-001, 2.50379E+001, 2.50116E+001, 2.30000E-001, 2.50256E+001, 2.50105E+001
 1.70025E+001, 2.51362E+001, 2.51646E+001, 3.23488E+001, 2.51017E+001, 2.50196E+001, 2.50286E+001, 2.50247E+001, 4.69527E+001, 3.58243E+001, 3.49288E+001, 3.49253E+001, 3.52487E+001, 1.13740E+002, 9.06781E+001, 7.55654E+001, 6.74951E+001, 5.78201E+001, 4.20085E+001, 3.10027E+001, 2.99002E+001, 2.93965E+001, 2.88520E+001, 2.52505E+001, 2.51521E+001, 2.51362E+001, 2.51328E+001, 2.51431E+001, 2.50757E+001, 2.50633E+001, 2.50591E+001, 2.50569E+001, 2.50565E+001, 2.50479E+001, 2.50472E+001, 2.50450E+001, 2.50429E+001, 2.50401E+001, 1.76240E+002, 1.12699E+002, 1.61354E-002, 2.06860E-001, 3.83670E+001, 2.30000E-001, 2.53745E+001, 2.53745E+001, 2.30000E-001, 2.51661E+001, 2.50134E+001, 2.30000E-001, 2.50298E+001, 2.50120E+001
 1.80019E+001, 2.51455E+001, 2.51302E+001, 3.30591E+001, 2.52830E+001, 2.50223E+001, 2.50329E+001, 2.50283E+001, 4.89948E+001, 3.75487E+001, 3.65919E+001, 3.66539E+001, 3.71147E+001, 1.21819E+002, 9.70150E+001, 8.04475E+001, 7.13482E+001, 6.07234E+001, 4.29000E+001, 3.11552E+001, 2.99643E+001, 2.93922E+001, 2.87267E+001, 2.52677E+001, 2.51716E+001, 2.51455E+001, 2.51323E+001, 2.51294E+001, 2.50830E+001, 2.50712E+001, 2.50653E+001, 2.50612E+001, 2.50583E+001, 2.50537E+001, 2.50535E+001, 2.50514E+001, 2.50490E+001, 2.50459E+001, 1.91466E+002, 1.20959E+002, 1.82144E-002, 2.06860E-001, 4.45974E+001, 2.30000E-001, 2.54155E+001, 2.54155E+001, 2.30000E-001, 2.53394E+001, 2.50153E+001, 2.30000E-001, 2.50345E+001, 2.50136E+001
 1.90024E+001, 2.51523E+001, 2.51074E+001, 3.38104E+001, 2.54879E+001, 2.50250E+001, 2.50376E+001, 2.50320E+001, 5.02063E+001, 3.84984E+001, 3.78652E+001, 3.81125E+001, 3.88535E+001, 1.30533E+002, 1.04360E+002, 8.61531E+001, 7.54352E+001, 6.35192E+001, 4.23748E+001, 3.11155E+001, 2.99401E+001, 2.93592E+001, 2.85286E+001, 2.53052E+001, 2.51846E+001, 2.51523E+001, 2.51389E+001, 2.51248E+001, 2.50921E+001, 2.50789E+001, 2.50721E+001, 2.50674E+001, 2.50621E+001, 2.50596E+001, 2.50601E+001, 2.50582E+001, 2.50557E+001, 2.50522E+001, 2.06535E+002, 1.29059E+002, 2.04188E-002, 2.06860E-001, 5.13001E+001, 2.30000E-001, 2.54545E+001, 2.54545E+001, 2.30000E-001, 2.54345E+001, 2.50173E+001, 2.30000E-001, 2.50395E+001, 2.50153E+001
 2.00007E+001, 2.51592E+001, 2.51058E+001, 3.46983E+001, 2.57703E+001, 2.50279E+001, 2.50425E+001, 2.50358E+001, 5.36874E+001, 4.02963E+001, 3.90401E+001, 3.92913E+001, 4.01181E+001, 1.39831E+002, 1.11425E+002, 9.16432E+001, 7.95416E+001, 6.64864E+001, 3.96251E+001, 3.10310E+001, 2.99263E+001, 2.93563E+001, 2.83197E+001, 2.53230E+001, 2.51917E+001, 2.51592E+001, 2.51455E+001, 2.51284E+001, 2.51008E+001, 2.50861E+001, 2.50791E+001, 2.50743E+001, 2.50680E+001, 2.50656E+001, 2.50669E+001, 2.50653E+001, 2.50628E+001, 2.50589E+001, 2.21648E+002, 1.36363E+002, 2.27395E-002, 2.06860E-001, 5.85085E+001, 2.30000E-001, 2.55041E+001, 2.55041E+001, 2.30000E-001, 2.55514E+001, 2.50195E+001, 2.30000E-001, 2.50449E+001, 2.50170E+001
 2.10019E+001, 2.51618E+001, 2.52497E+001, 3.56033E+001, 2.62509E+001, 2.50310E+001, 2.50478E+001, 2.50398E+001, 5.58097E+001, 4.11228E+001, 3.97614E+001, 4.02973E+001, 4.14096E+001, 1.50028E+002, 1.19248E+002, 9.78283E+001, 8.44175E+001, 6.98006E+001, 3.64894E+001, 3.08238E+001, 2.96955E+001, 2.91798E+001, 2.80252E+001, 2.53035E+001, 2.51861E+001, 2.51618E+001, 2.51501E+001, 2.51307E+001, 2.51058E+001, 2.50917E+001, 2.50860E+001, 2.50814E+001, 2.50746E+001, 2.50721E+001, 2.50740E+001, 2.50728E+001, 2.50702E+001, 2.50661E+001, 2.36738E+002, 1.44314E+002, 2.51726E-002, 2.06860E-001, 6.62929E+001, 2.30000E-001, 2.55723E+001, 2.55723E+001, 2.30000E-001, 2.57832E+001, 2.50217E+001, 2.30000E-001, 2.50507E+001, 2.50188E+001
 2.20004E+001, 2.51654E+001, 2.56127E+001, 3.65926E+001, 2.66962E+001, 2.50342E+001, 2.50534E+001, 2.50440E+001, 5.72903E+001, 4.19882E+001, 4.06323E+001, 4.12511E+001, 4.23395E+001, 1.59998E+002, 1.27514E+002, 1.04366E+002, 8.90169E+001, 7.27148E+001, 3.60610E+001, 3.08850E+001, 2.97280E+001, 2.91826E+001, 2.80158E+001, 2.52827E+001, 2.51874E+001, 2.51654E+001, 2.51549E+001, 2.51324E+001, 2.51107E+001, 2.50981E+001, 2.50934E+001, 2.50890E+001, 2.50815E+001, 2.50790E+001, 2.50816E+001, 2.50808E+001, 2.50783E+001, 2.50739E+001, 2.51393E+002, 1.51597E+002, 2.77665E-002, 2.06859E-001, 7.46925E+001, 2.30000E-001, 2.56096E+001, 2.56096E+001, 1.94324E-001, 2.60283E+001, 2.50241E+001, 2.30000E-001, 2.50568E+001, 2.50208E+001
 2.30015E+001, 2.51684E+001, 2.57798E+001, 3.68574E+001, 2.71200E+001, 2.50377E+001, 2.50595E+001, 2.50483E+001, 5.88303E+001, 4.25206E+001, 4.18315E+001, 4.24531E+001, 4.40998E+001, 1.69870E+002, 1.35686E+002, 1.10597E+002, 9.34149E+001, 7.34522E+001, 3.54221E+001, 3.07214E+001, 2.96495E+001, 2.91052E+001, 2.86897E+001, 2.52219E+001, 2.51837E+001, 2.51684E+001, 2.51554E+001, 2.51261E+001, 2.51123E+001, 2.51048E+001, 2.51016E+001, 2.50969E+001, 2.50882E+001, 2.50867E+001, 2.50898E+001, 2.50895E+001, 2.50870E+001, 2.50824E+001, 2.66580E+002, 1.60960E+002, 3.04928E-002, 2.06854E-001, 8.38306E+001, 2.30000E-001, 2.56183E+001, 2.56183E+001, 1.62151E-001, 2.63028E+001, 2.50267E+001, 2.30000E-001, 2.50635E+001, 2.50230E+001
 2.40000E+001, 2.51694E+001, 2.58858E+001, 3.72112E+001, 2.74461E+001, 2.50416E+001, 2.50662E+001, 2.50527E+001, 6.00698E+001, 4.28248E+001, 4.26233E+001, 4.32032E+001, 4.53808E+001, 1.81086E+002, 1.45632E+002, 1.18284E+002, 9.88546E+001, 7.43153E+001, 3.65657E+001, 3.09920E+001, 2.97922E+001, 2.91864E+001, 2.98961E+001, 2.52400E+001, 2.51891E+001, 2.51694E+001, 2.51501E+001, 2.51495E+001, 2.51212E+001, 2.51130E+001, 2.51100E+001, 2.51048E+001, 2.50982E+001, 2.50948E+001, 2.50986E+001, 2.50988E+001, 2.50963E+001, 2.50920E+001, 2.82510E+002, 1.73209E+002, 3.33496E-002, 2.06845E-001, 9.38649E+001, 2.30000E-001, 2.56699E+001, 2.56699E+001, 1.59195E-001, 2.65007E+001, 2.50295E+001, 2.30000E-001, 2.50709E+001, 2.50254E+001
 2.50003E+001, 2.51858E+001, 2.59231E+001, 3.90481E+001, 2.69925E+001, 2.50457E+001, 2.50733E+001, 2.50570E+001, 6.14593E+001, 4.29282E+001, 4.28248E+001, 4.35421E+001, 4.62817E+001, 1.92443E+002, 1.55758E+002, 1.26731E+002, 1.05486E+002, 7.80581E+001, 3.80661E+001, 3.18550E+001, 3.04544E+001, 2.98953E+001, 3.07416E+001, 2.52780E+001, 2.52096E+001, 2.51858E+001, 2.51643E+001, 2.51817E+001, 2.51333E+001, 2.51235E+001, 2.51205E+001, 2.51148E+001, 2.51128E+001, 2.51033E+001, 2.51077E+001, 2.51087E+001, 2.51064E+001, 2.51034E+001, 3.04405E+002, 1.85750E+002, 3.63384E-002, 2.06839E-001, 1.04691E+002, 2.30000E-001, 2.57425E+001, 2.57425E+001, 1.51245E-001, 2.64233E+001, 2.50324E+001, 2.30000E-001, 2.50787E+001, 2.50280E+001
 2.60016E+001, 2.52044E+001, 2.60611E+001, 3.91550E+001, 2.72532E+001, 2.50497E+001, 2.50805E+001, 2.50606E+001, 6.29054E+001, 4.37729E+001, 4.31326E+001, 4.37357E+001, 4.66979E+001, 1.98841E+002, 1.61349E+002, 1.31498E+002, 1.09955E+002, 8.09352E+001, 3.92500E+001, 3.26215E+001, 3.10403E+001, 3.04328E+001, 3.15279E+001, 2.53156E+001, 2.52328E+001, 2.52044E+001, 2.51838E+001, 2.52084E+001, 2.51455E+001, 2.51344E+001, 2.51315E+001, 2.51261E+001, 2.51278E+001, 2.51117E+001, 2.51168E+001, 2.51187E+001, 2.51166E+001, 2.51169E+001, 3.13346E+002, 1.92943E+002, 3.79591E-002, 2.06835E-001, 1.15825E+002, 2.30000E-001, 2.58138E+001, 2.58138E+001, 1.51930E-001, 2.66611E+001, 2.50351E+001, 2.30000E-001, 2.50864E+001, 2.50304E+001
 2.70006E+001, 2.52195E+001, 2.61667E+001, 3.90242E+001, 2.77670E+001, 2.50525E+001, 2.50863E+001, 2.50620E+001, 6.23085E+001, 4.30345E+001, 4.29977E+001, 4.34979E+001, 4.67835E+001, 1.98772E+002, 1.61563E+002, 1.31922E+002, 1.10694E+002, 8.19255E+001, 3.99281E+001, 3.30411E+001, 3.13899E+001, 3.06913E+001, 3.15135E+001, 2.53417E+001, 2.52484E+001, 2.52195E+001, 2.51999E+001, 2.52240E+001, 2.51551E+001, 2.51429E+001, 2.51407E+001, 2.51359E+001, 2.51392E+001, 2.51183E+001, 2.51241E+001, 2.51270E+001, 2.51256E+001, 2.51277E+001, 3.13556E+002, 1.93235E+002, 3.79764E-002, 2.06833E-001, 1.25660E+002, 2.30000E-001, 2.58565E+001, 2.58565E+001, 1.53816E-001, 2.68100E+001, 2.50365E+001, 2.30000E-001, 2.50923E+001, 2.50318E+001
 2.80019E+001, 2.52330E+001, 2.62080E+001, 3.78972E+001, 2.76123E+001, 2.50544E+001, 2.50910E+001, 2.50613E+001, 6.15640E+001, 4.20615E+001, 4.24378E+001, 4.29130E+001, 4.55219E+001, 1.98825E+002, 1.61827E+002, 1.32196E+002, 1.11298E+002, 8.37074E+001, 4.05257E+001, 3.35013E+001, 3.18839E+001, 3.09343E+001, 3.14953E+001, 2.53599E+001, 2.52620E+001, 2.52330E+001, 2.52131E+001, 2.52317E+001, 2.51628E+001, 2.51496E+001, 2.51483E+001, 2.51444E+001, 2.51464E+001, 2.51236E+001, 2.51298E+001, 2.51339E+001, 2.51332E+001, 2.51349E+001, 3.13609E+002, 1.93358E+002, 3.79865E-002, 2.06834E-001, 1.34350E+002, 2.30000E-001, 2.58818E+001, 2.58818E+001, 1.54615E-001, 2.69220E+001, 2.50373E+001, 2.30000E-001, 2.50944E+001, 2.50327E+001
 2.90008E+001, 2.52466E+001, 2.60950E+001, 3.70184E+001, 2.75953E+001, 2.50560E+001, 2.50949E+001, 2.50558E+001, 6.07727E+001, 4.11210E+001, 4.18064E+001, 4.22900E+001, 4.46781E+001, 1.98458E+002, 1.61728E+002, 1.32359E+002, 1.11663E+002, 8.47605E+001, 4.28409E+001, 3.41546E+001, 3.24178E+001, 3.14896E+001, 3.16449E+001, 2.53834E+001, 2.52778E+001, 2.52466E+001, 2.52255E+001, 2.52408E+001, 2.51700E+001, 2.51556E+001, 2.51549E+001, 2.51518E+001, 2.51523E+001, 2.51281E+001, 2.51345E+001, 2.51396E+001, 2.51399E+001, 2.51407E+001, 3.13384E+002, 1.92798E+002, 3.80059E-002, 2.06836E-001, 1.42285E+002, 2.30000E-001, 2.58976E+001, 2.58976E+001, 1.55670E-001, 2.71270E+001, 2.50379E+001, 2.30000E-001, 2.51490E+001, 2.50334E+001
 3.00021E+001, 2.52645E+001, 2.58971E+001, 3.73061E+001, 2.76309E+001, 2.50575E+001, 2.50954E+001, 2.50435E+001, 6.03473E+001, 4.06300E+001, 4.12973E+001, 4.18130E+001, 4.33780E+001, 1.95860E+002, 1.60519E+002, 1.31985E+002, 1.11843E+002, 8.68619E+001, 4.96948E+001, 3.50097E+001, 3.33437E+001, 3.22807E+001, 3.17168E+001, 2.54244E+001, 2.53020E+001, 2.52645E+001, 2.52432E+001, 2.52486E+001, 2.51775E+001, 2.51618E+001, 2.51611E+001, 2.51587E+001, 2.51581E+001, 2.51320E+001, 2.51383E+001, 2.51444E+001, 2.51457E+001, 2.51461E+001, 3.13369E+002, 1.90758E+002, 3.80643E-002, 2.06838E-001, 1.49502E+002, 2.30000E-001, 2.58788E+001, 2.58788E+001, 1.55369E-001, 2.72539E+001, 2.50383E+001, 2.30000E-001, 2.57975E+001, 2.50341E+001
 3.10018E+001, 2.52866E+001, 2.57061E+001, 3.73692E+001, 2.78849E+001, 2.50602E+001, 2.50753E+001, 2.50490E+001, 6.01246E+001, 4.04169E+001, 4.10693E+001, 4.15115E+001, 4.24761E+001, 1.91719E+002, 1.57539E+002, 1.30690E+002, 1.11326E+002, 8.88471E+001, 5.80279E+001, 3.62478E+001, 3.43527E+001, 3.32439E+001, 3.17418E+001, 2.54468E+001, 2.53411E+001, 2.52866E+001, 2.52663E+001, 2.52549E+001, 2.51836E+001, 2.51694E+001, 2.51673E+001, 2.51657E+001, 2.51632E+001, 2.51355E+001, 2.51416E+001, 2.51484E+001, 2.51508E+001, 2.51513E+001, 3.13314E+002, 1.87867E+002, 3.81194E-002, 2.06841E-001, 1.56111E+002, 2.30000E-001, 2.58652E+001, 2.58652E+001, 1.56147E-001, 2.74730E+001, 2.50385E+001, 2.30000E-001, 2.59833E+001, 2.50353E+001
 3.20002E+001, 2.53088E+001, 2.56029E+001, 3.84790E+001, 2.80298E+001, 2.50730E+001, 2.51372E+001, 2.50916E+001, 6.05408E+001, 4.06398E+001, 4.12873E+001, 4.16258E+001, 4.24812E+001, 1.90382E+002, 1.55062E+002, 1.28869E+002, 1.10237E+002, 8.94805E+001, 5.84797E+001, 3.81397E+001, 3.53658E+001, 3.38457E+001, 3.20441E+001, 2.54252E+001, 2.53422E+001, 2.53088E+001, 2.52880E+001, 2.52577E+001, 2.51824E+001, 2.51728E+001, 2.51730E+001, 2.51720E+001, 2.51675E+001, 2.51386E+001, 2.51443E+001, 2.51518E+001, 2.51550E+001, 2.51562E+001, 3.13510E+002, 1.87757E+002, 3.81224E-002, 2.06843E-001, 1.62112E+002, 2.30000E-001, 2.58910E+001, 2.58910E+001, 1.55610E-001, 2.75709E+001, 2.50386E+001, 2.30000E-001, 2.59555E+001, 2.50403E+001
 3.30006E+001, 2.52912E+001, 2.55230E+001, 3.89920E+001, 2.76477E+001, 2.51140E+001, 2.53542E+001, 2.52604E+001, 6.03471E+001, 4.07552E+001, 4.14863E+001, 4.19082E+001, 4.29678E+001, 1.89449E+002, 1.55008E+002, 1.29220E+002, 1.10527E+002, 8.94139E+001, 6.04019E+001, 3.75637E+001, 3.45417E+001, 3.33389E+001, 3.17838E+001, 2.54245E+001, 2.53477E+001, 2.52912E+001, 2.52756E+001, 2.52564E+001, 2.51833E+001, 2.51730E+001, 2.51735E+001, 2.51744E+001, 2.51721E+001, 2.51417E+001, 2.51470E+001, 2.51547E+001, 2.51587E+001, 2.51606E+001, 3.13451E+002, 1.87767E+002, 3.81239E-002, 2.06845E-001, 1.67675E+002, 2.30000E-001, 2.58837E+001, 2.58837E+001, 1.54444E-001, 2.75540E+001, 2.50387E+001, 2.30000E-001, 2.60734E+001, 2.51907E+001
 3.40007E+001, 2.53148E+001, 2.55200E+001, 3.85692E+001, 2.74951E+001, 2.51818E+001, 2.57597E+001, 2.56493E+001, 6.04534E+001, 4.09074E+001, 4.14595E+001, 4.18343E+001, 4.27501E+001, 1.90539E+002, 1.55614E+002, 1.29269E+002, 1.10533E+002, 8.95531E+001, 5.83917E+001, 3.74309E+001, 3.53499E+001, 3.39005E+001, 3.19496E+001, 2.54357E+001, 2.53358E+001, 2.53148E+001, 2.52987E+001, 2.52588E+001, 2.51882E+001, 2.51766E+001, 2.51790E+001, 2.51796E+001, 2.51758E+001, 2.51445E+001, 2.51491E+001, 2.51574E+001, 2.51621E+001, 2.51649E+001, 3.13492E+002, 1.87719E+002, 3.81033E-002, 2.06846E-001, 1.73042E+002, 2.30000E-001, 2.59066E+001, 2.59066E+001, 1.53513E-001, 2.74730E+001, 2.50388E+001, 2.30000E-001, 2.63739E+001, 2.54552E+001
 3.50020E+001, 2.53230E+001, 2.55522E+001, 3.90757E+001, 2.81434E+001, 2.52966E+001, 2.61721E+001, 2.56650E+001, 6.02928E+001, 4.06548E+001, 4.12722E+001, 4.16834E+001, 4.25370E+001, 1.90171E+002, 1.55152E+002, 1.29072E+002, 1.10400E+002, 8.92672E+001, 6.01497E+001, 3.89236E+001, 3.53361E+001, 3.33692E+001, 3.16407E+001, 2.54428E+001, 2.54103E+001, 2.53230E+001, 2.52867E+001, 2.52538E+001, 2.51926E+001, 2.51834E+001, 2.51807E+001, 2.51807E+001, 2.51793E+001, 2.51472E+001, 2.51512E+001, 2.51597E+001, 2.51651E+001, 2.51690E+001, 3.13490E+002, 1.88170E+002, 3.81138E-002, 2.06847E-001, 1.78094E+002, 2.30000E-001, 2.59085E+001, 2.59085E+001, 1.55204E-001, 2.76559E+001, 2.50390E+001, 2.30000E-001, 2.65404E+001, 2.56024E+001
 3.60005E+001, 2.53013E+001, 2.56295E+001, 3.88729E+001, 2.79918E+001, 2.52671E+001, 2.62492E+001, 2.56941E+001, 6.06400E+001, 4.10784E+001, 4.17559E+001, 4.22385E+001, 4.30800E+001, 1.88542E+002, 1.54469E+002, 1.28714E+002, 1.10093E+002, 8.91377E+001, 6.04925E+001, 3.62790E+001, 3.46844E+001, 3.35016E+001, 3.18275E+001, 2.54529E+001, 2.53370E+001, 2.53013E+001, 2.52930E+001, 2.52690E+001, 2.51948E+001, 2.51790E+001, 2.51819E+001, 2.51846E+001, 2.51840E+001, 2.51497E+001, 2.51529E+001, 2.51617E+001, 2.51677E+001, 2.51729E+001, 3.13408E+002, 1.87311E+002, 3.81220E-002, 2.06845E-001, 1.82863E+002, 2.30000E-001, 2.59031E+001, 2.59031E+001, 1.54468E-001, 2.76741E+001, 2.50392E+001, 1.00276E-001, 2.65539E+001, 2.55055E+001
 3.70011E+001, 2.53435E+001, 2.57446E+001, 3.88001E+001, 2.84314E+001, 2.52066E+001, 2.62111E+001, 2.59934E+001, 6.04857E+001, 4.09569E+001, 4.14945E+001, 4.18265E+001, 4.28005E+001, 1.90226E+002, 1.55008E+002, 1.28709E+002, 1.10174E+002, 8.92001E+001, 5.87466E+001, 3.76599E+001, 3.58786E+001, 3.42041E+001, 3.18395E+001, 2.54551E+001, 2.53808E+001, 2.53435E+001, 2.53140E+001, 2.52630E+001, 2.51991E+001, 2.51864E+001, 2.51872E+001, 2.51878E+001, 2.51866E+001, 2.51519E+001, 2.51545E+001, 2.51635E+001, 2.51702E+001, 2.51766E+001, 3.13544E+002, 1.87817E+002, 3.81062E-002, 2.06839E-001, 1.87406E+002, 2.30000E-001, 2.59322E+001, 2.59322E+001, 1.53643E-001, 2.79397E+001, 2.50396E+001, 2.86370E-002, 2.65341E+001, 2.52648E+001
 3.80008E+001, 2.53253E+001, 2.58110E+001, 3.98577E+001, 2.78835E+001, 2.51674E+001, 2.62045E+001, 2.62192E+001, 6.03920E+001, 4.07512E+001, 4.13549E+001, 4.17190E+001, 4.26838E+001, 1.89504E+002, 1.54706E+002, 1.28876E+002, 1.10296E+002, 8.90246E+001, 6.06665E+001, 3.90423E+001, 3.53374E+001, 3.31798E+001, 3.18651E+001, 2.54562E+001, 2.54234E+001, 2.53253E+001, 2.52843E+001, 2.52634E+001, 2.52008E+001, 2.51884E+001, 2.51857E+001, 2.51872E+001, 2.51901E+001, 2.51541E+001, 2.51559E+001, 2.51651E+001, 2.51723E+001, 2.51803E+001, 3.13442E+002, 1.88113E+002, 3.81143E-002, 2.06820E-001, 1.91763E+002, 2.30000E-001, 2.59279E+001, 2.59279E+001, 1.47544E-001, 2.78019E+001, 2.50402E+001, 4.72781E-002, 2.65469E+001, 2.51226E+001
 3.90009E+001, 2.53110E+001, 2.58750E+001, 3.99832E+001, 2.80904E+001, 2.51116E+001, 2.61755E+001, 2.63097E+001, 6.06843E+001, 4.11332E+001, 4.16720E+001, 4.21236E+001, 4.30327E+001, 1.88772E+002, 1.54276E+002, 1.28612E+002, 1.10137E+002, 8.90698E+001, 6.12847E+001, 3.69185E+001, 3.49271E+001, 3.37599E+001, 3.20559E+001, 2.54585E+001, 2.53561E+001, 2.53110E+001, 2.52974E+001, 2.52742E+001, 2.52031E+001, 2.51849E+001, 2.51874E+001, 2.51907E+001, 2.51938E+001, 2.51563E+001, 2.51573E+001, 2.51665E+001, 2.51743E+001, 2.51839E+001, 3.13375E+002, 1.87404E+002, 3.81196E-002, 2.06769E-001, 1.96011E+002, 2.30000E-001, 2.59278E+001, 2.59278E+001, 1.39549E-001, 2.78472E+001, 2.50411E+001, 5.82685E-002, 2.66349E+001, 2.50797E+001
 4.00021E+001, 2.53576E+001, 2.59023E+001, 3.90447E+001, 2.87523E+001, 2.50736E+001, 2.60516E+001, 2.62174E+001, 6.04899E+001, 4.10965E+001, 4.14206E+001, 4.16907E+001, 4.25984E+001, 1.88753E+002, 1.54176E+002, 1.28352E+002, 1.10061E+002, 8.93685E+001, 6.03110E+001, 3.76883E+001, 3.60047E+001, 3.43307E+001, 3.22772E+001, 2.54657E+001, 2.53852E+001, 2.53576E+001, 2.53267E+001, 2.52787E+001, 2.52068E+001, 2.51908E+001, 2.51931E+001, 2.51946E+001, 2.51972E+001, 2.51587E+001, 2.51588E+001, 2.51680E+001, 2.51762E+001, 2.51877E+001, 3.13486E+002, 1.88092E+002, 3.81173E-002, 2.06683E-001, 2.00025E+002, 2.30000E-001, 2.59547E+001, 2.59547E+001, 1.28677E-001, 2.78274E+001, 2.50421E+001, 6.59921E-002, 2.65570E+001, 2.50599E+001
 4.10007E+001, 2.53727E+001, 2.59652E+001, 4.06542E+001, 2.82676E+001, 2.50560E+001, 2.57898E+001, 2.57709E+001, 6.05061E+001, 4.12912E+001, 4.12520E+001, 4.16248E+001, 4.24097E+001, 1.89851E+002, 1.54169E+002, 1.28234E+002, 1.09957E+002, 8.93238E+001, 6.07732E+001, 3.86560E+001, 3.67563E+001, 3.46300E+001, 3.19838E+001, 2.54791E+001, 2.54130E+001, 2.53727E+001, 2.53226E+001, 2.52825E+001, 2.52101E+001, 2.51941E+001, 2.51954E+001, 2.51960E+001, 2.52022E+001, 2.51616E+001, 2.51609E+001, 2.51700E+001, 2.51786E+001, 2.51925E+001, 3.13486E+002, 1.88184E+002, 3.81116E-002, 2.06605E-001, 2.03899E+002, 2.30000E-001, 2.59706E+001, 2.59706E+001, 1.15992E-001, 2.75496E+001, 2.50431E+001, 7.09127E-002, 2.63736E+001, 2.50456E+001
 4.20016E+001, 2.53623E+001, 2.61221E+001, 3.99588E+001, 2.81005E+001, 2.50479E+001, 2.54953E+001, 2.58721E+001, 6.04880E+001, 4.10176E+001, 4.09808E+001, 4.13246E+001, 4.21257E+001, 1.88076E+002, 1.52898E+002, 1.27602E+002, 1.09647E+002, 8.94513E+001, 6.16638E+001, 3.86964E+001, 3.68436E+001, 3.49319E+001, 3.29652E+001, 2.55079E+001, 2.53819E+001, 2.53623E+001, 2.53291E+001, 2.53069E+001, 2.52161E+001, 2.51945E+001, 2.51981E+001, 2.52009E+001, 2.52108E+001, 2.51655E+001, 2.51640E+001, 2.51731E+001, 2.51822E+001, 2.52010E+001, 3.13450E+002, 1.88381E+002, 3.81193E-002, 2.06586E-001, 2.07552E+002, 2.30000E-001, 2.59797E+001, 2.59797E+001, 1.15413E-001, 2.75100E+001, 2.50437E+001, 7.70301E-002, 2.63065E+001, 2.50368E+001
 4.30003E+001, 2.53885E+001, 2.64793E+001, 4.06152E+001, 2.83311E+001, 2.50442E+001, 2.59619E+001, 2.63264E+001, 6.00522E+001, 4.06843E+001, 4.07613E+001, 4.09873E+001, 4.17465E+001, 1.88544E+002, 1.52957E+002, 1.27202E+002, 1.09219E+002, 8.91488E+001, 6.40178E+001, 3.93986E+001, 3.67628E+001, 3.58724E+001, 3.38986E+001, 2.55467E+001, 2.53940E+001, 2.53885E+001, 2.53772E+001, 2.53416E+001, 2.52258E+001, 2.52002E+001, 2.52057E+001, 2.52098E+001, 2.52270E+001, 2.51708E+001, 2.51686E+001, 2.51780E+001, 2.51877E+001, 2.52186E+001, 3.13410E+002, 1.88531E+002, 3.81165E-002, 2.06619E-001, 2.11055E+002, 2.30000E-001, 2.59934E+001, 2.59934E+001, 1.21206E-001, 2.75475E+001, 2.50438E+001, 7.86856E-002, 2.62527E+001, 2.50324E+001
 4.40011E+001, 2.54193E+001, 2.69305E+001, 4.09827E+001, 2.83208E+001, 2.50418E+001, 2.60968E+001, 2.64267E+001, 5.95294E+001, 3.97264E+001, 3.98853E+001, 4.01722E+001, 4.06386E+001, 1.87639E+002, 1.51453E+002, 1.25733E+002, 1.08012E+002, 8.82101E+001, 6.41773E+001, 4.24838E+001, 3.89347E+001, 3.64399E+001, 3.60357E+001, 2.55906E+001, 2.54705E+001, 2.54193E+001, 2.54176E+001, 2.55336E+001, 2.52393E+001, 2.52123E+001, 2.52158E+001, 2.52233E+001, 2.52786E+001, 2.51776E+001, 2.51748E+001, 2.51846E+001, 2.51957E+001, 2.52705E+001, 3.13514E+002, 1.88759E+002, 3.80943E-002, 2.06628E-001, 2.14399E+002, 2.30000E-001, 2.60143E+001, 2.60143E+001, 1.24059E-001, 2.76061E+001, 2.50436E+001, 7.69751E-002, 2.62125E+001, 2.50298E+001
 4.50020E+001, 2.54980E+001, 2.74593E+001, 4.10030E+001, 2.83358E+001, 2.50402E+001, 2.60743E+001, 2.59610E+001, 5.93473E+001, 3.92948E+001, 3.91829E+001, 3.91697E+001, 4.00995E+001, 1.87401E+002, 1.51831E+002, 1.26004E+002, 1.07875E+002, 8.81486E+001, 6.60761E+001, 4.12566E+001, 3.93122E+001, 3.89132E+001, 3.60469E+001, 2.56443E+001, 2.54913E+001, 2.54980E+001, 2.55076E+001, 2.57500E+001, 2.52560E+001, 2.52274E+001, 2.52324E+001, 2.52438E+001, 2.53974E+001, 2.51861E+001, 2.51819E+001, 2.51921E+001, 2.52066E+001, 2.53856E+001, 3.13342E+002, 1.88625E+002, 3.81100E-002, 2.06555E-001, 2.17566E+002, 2.30000E-001, 2.60396E+001, 2.60396E+001, 1.20253E-001, 2.76387E+001, 2.50434E+001, 7.73605E-002, 2.63539E+001, 2.50272E+001
 4.60007E+001, 2.55251E+001, 2.73770E+001, 4.17940E+001, 2.92245E+001, 2.50389E+001, 2.60063E+001, 2.58470E+001, 5.91624E+001, 3.81851E+001, 3.82574E+001, 3.80888E+001, 3.84318E+001, 1.87957E+002, 1.51573E+002, 1.25766E+002, 1.08116E+002, 8.91497E+001, 6.69580E+001, 4.36115E+001, 4.07178E+001, 3.91168E+001, 3.77673E+001, 2.57214E+001, 2.55465E+001, 2.55251E+001, 2.55442E+001, 2.59784E+001, 2.52741E+001, 2.52447E+001, 2.52468E+001, 2.52686E+001, 2.55373E+001, 2.51951E+001, 2.51890E+001, 2.51994E+001, 2.52218E+001, 2.54944E+001, 3.13478E+002, 1.88755E+002, 3.81104E-002, 2.06485E-001, 2.20330E+002, 2.30000E-001, 2.60624E+001, 2.60624E+001, 1.22297E-001, 2.78682E+001, 2.50432E+001, 8.00257E-002, 2.65314E+001, 2.50253E+001
 4.70015E+001, 2.55571E+001, 2.72274E+001, 4.25651E+001, 2.93113E+001, 2.50384E+001, 2.63026E+001, 2.58127E+001, 5.92497E+001, 3.80232E+001, 3.80013E+001, 3.77635E+001, 3.77170E+001, 1.88778E+002, 1.52177E+002, 1.26157E+002, 1.08382E+002, 8.95421E+001, 6.65970E+001, 4.33093E+001, 4.03441E+001, 3.93237E+001, 3.82837E+001, 2.57603E+001, 2.55543E+001, 2.55571E+001, 2.56156E+001, 2.59203E+001, 2.52872E+001, 2.52565E+001, 2.52598E+001, 2.52920E+001, 2.55873E+001, 2.52030E+001, 2.51952E+001, 2.52055E+001, 2.52362E+001, 2.55282E+001, 3.13558E+002, 1.88912E+002, 3.81015E-002, 2.06443E-001, 2.22662E+002, 2.30000E-001, 2.60744E+001, 2.60744E+001, 1.21410E-001, 2.78133E+001, 2.50429E+001, 7.34085E-002, 2.64758E+001, 2.50249E+001
 4.80002E+001, 2.55503E+001, 2.71586E+001, 4.18754E+001, 2.89864E+001, 2.50384E+001, 2.65205E+001, 2.57230E+001, 5.94789E+001, 3.82091E+001, 3.79585E+001, 3.76584E+001, 3.74956E+001, 1.89156E+002, 1.52660E+002, 1.26580E+002, 1.08653E+002, 8.96546E+001, 6.61672E+001, 4.34162E+001, 4.00118E+001, 3.94057E+001, 3.84964E+001, 2.57599E+001, 2.55541E+001, 2.55503E+001, 2.56356E+001, 2.58705E+001, 2.52929E+001, 2.52613E+001, 2.52656E+001, 2.53067E+001, 2.55774E+001, 2.52086E+001, 2.51999E+001, 2.52095E+001, 2.52446E+001, 2.55147E+001, 3.13609E+002, 1.88844E+002, 3.81009E-002, 2.06375E-001, 2.24720E+002, 2.30000E-001, 2.60781E+001, 2.60781E+001, 1.18760E-001, 2.76976E+001, 2.50428E+001, 6.18434E-002, 2.64820E+001, 2.50243E+001
 4.90011E+001, 2.55426E+001, 2.70613E+001, 4.18393E+001, 2.89092E+001, 2.50376E+001, 2.64136E+001, 2.58258E+001, 5.96866E+001, 3.85100E+001, 3.82828E+001, 3.79421E+001, 3.76838E+001, 1.89240E+002, 1.52908E+002, 1.26890E+002, 1.08981E+002, 8.99037E+001, 6.55262E+001, 4.29247E+001, 3.98282E+001, 3.91698E+001, 3.79906E+001, 2.57456E+001, 2.55440E+001, 2.55426E+001, 2.56447E+001, 2.58760E+001, 2.52940E+001, 2.52625E+001, 2.52671E+001, 2.53151E+001, 2.55673E+001, 2.52116E+001, 2.52031E+001, 2.52119E+001, 2.52481E+001, 2.54987E+001, 3.13618E+002, 1.88605E+002, 3.80858E-002, 2.06250E-001, 2.26436E+002, 2.30000E-001, 2.60777E+001, 2.60777E+001, 1.19440E-001, 2.76872E+001, 2.50426E+001, 5.61316E-002, 2.64766E+001, 2.50228E+001
 5.00019E+001, 2.55295E+001, 2.69980E+001, 4.22553E+001, 2.90354E+001, 2.50356E+001, 2.61065E+001, 2.61138E+001, 5.99926E+001, 3.88745E+001, 3.87396E+001, 3.84549E+001, 3.80920E+001, 1.89478E+002, 1.53413E+002, 1.27406E+002, 1.09364E+002, 9.01081E+001, 6.45442E+001, 4.20985E+001, 3.94574E+001, 3.87709E+001, 3.76704E+001, 2.57206E+001, 2.55262E+001, 2.55295E+001, 2.56298E+001, 2.58661E+001, 2.52917E+001, 2.52612E+001, 2.52662E+001, 2.53148E+001, 2.55616E+001, 2.52125E+001, 2.52048E+001, 2.52131E+001, 2.52489E+001, 2.54938E+001, 3.13443E+002, 1.88307E+002, 3.80833E-002, 2.06119E-001, 2.27898E+002, 2.30000E-001, 2.60763E+001, 2.60763E+001, 1.22559E-001, 2.78115E+001, 2.50425E+001, 6.23315E-002, 2.65833E+001, 2.50221E+001
 5.10006E+001, 2.55166E+001, 2.68717E+001, 4.20812E+001, 2.93909E+001, 2.50334E+001, 2.60569E+001, 2.62447E+001, 6.02956E+001, 3.90392E+001, 3.88936E+001, 3.87516E+001, 3.85466E+001, 1.89943E+002, 1.53939E+002, 1.27853E+002, 1.09645E+002, 9.01682E+001, 6.35375E+001, 4.10178E+001, 3.91490E+001, 3.86001E+001, 3.72299E+001, 2.56943E+001, 2.55081E+001, 2.55166E+001, 2.56104E+001, 2.58404E+001, 2.52882E+001, 2.52593E+001, 2.52647E+001, 2.53116E+001, 2.55555E+001, 2.52121E+001, 2.52058E+001, 2.52142E+001, 2.52497E+001, 2.54920E+001, 3.13323E+002, 1.88137E+002, 3.80804E-002, 2.06072E-001, 2.29248E+002, 2.30000E-001, 2.60727E+001, 2.60727E+001, 1.23816E-001, 2.79540E+001, 2.50423E+001, 7.72449E-002, 2.67569E+001, 2.50220E+001
 5.20015E+001, 2.55001E+001, 2.68258E+001, 4.20234E+001, 2.94244E+001, 2.50323E+001, 2.62015E+001, 2.63043E+001, 6.06751E+001, 3.97071E+001, 3.92331E+001, 3.90423E+001, 3.89192E+001, 1.89928E+002, 1.53710E+002, 1.27611E+002, 1.09506E+002, 9.01528E+001, 6.25718E+001, 4.02392E+001, 3.86492E+001, 3.78474E+001, 3.69368E+001, 2.56768E+001, 2.54927E+001, 2.55001E+001, 2.55865E+001, 2.58382E+001, 2.52852E+001, 2.52575E+001, 2.52637E+001, 2.53103E+001, 2.55606E+001, 2.52113E+001, 2.52065E+001, 2.52159E+001, 2.52525E+001, 2.55001E+001, 3.13206E+002, 1.87847E+002, 3.80787E-002, 2.05989E-001, 2.30555E+002, 2.30000E-001, 2.60682E+001, 2.60682E+001, 1.22835E-001, 2.79978E+001, 2.50422E+001, 7.55206E-002, 2.64773E+001, 2.50217E+001
 5.30001E+001, 2.54872E+001, 2.68324E+001, 4.19455E+001, 2.91718E+001, 2.50318E+001, 2.62262E+001, 2.66634E+001, 6.12172E+001, 4.03797E+001, 3.97300E+001, 3.96224E+001, 3.93835E+001, 1.89473E+002, 1.53232E+002, 1.27159E+002, 1.09089E+002, 8.98486E+001, 6.14808E+001, 3.92494E+001, 3.83298E+001, 3.75097E+001, 3.62193E+001, 2.56557E+001, 2.54761E+001, 2.54872E+001, 2.55692E+001, 2.58304E+001, 2.52819E+001, 2.52559E+001, 2.52638E+001, 2.53126E+001, 2.55749E+001, 2.52105E+001, 2.52074E+001, 2.52188E+001, 2.52584E+001, 2.55173E+001, 3.13216E+002, 1.87524E+002, 3.80776E-002, 2.05942E-001, 2.31847E+002, 2.30000E-001, 2.60640E+001, 2.60640E+001, 1.20767E-001, 2.79677E+001, 2.50422E+001, 7.73884E-002, 2.65917E+001, 2.50213E+001
 5.40010E+001, 2.54702E+001, 2.68352E+001, 4.20532E+001, 2.91837E+001, 2.50314E+001, 2.61142E+001, 2.64885E+001, 6.25243E+001, 4.20399E+001, 4.04769E+001, 4.03706E+001, 4.01073E+001, 1.88709E+002, 1.52568E+002, 1.26659E+002, 1.08640E+002, 8.93609E+001, 6.04910E+001, 3.83256E+001, 3.75574E+001, 3.68501E+001, 3.56873E+001, 2.56293E+001, 2.54559E+001, 2.54702E+001, 2.55569E+001, 2.58277E+001, 2.52783E+001, 2.52542E+001, 2.52651E+001, 2.53192E+001, 2.55892E+001, 2.52101E+001, 2.52090E+001, 2.52230E+001, 2.52679E+001, 2.55311E+001, 3.13523E+002, 1.87288E+002, 3.80785E-002, 2.05925E-001, 2.33138E+002, 2.30000E-001, 2.60593E+001, 2.60593E+001, 1.20177E-001, 2.80040E+001, 2.50423E+001, 7.50150E-002, 2.66187E+001, 2.50208E+001
 5.50019E+001, 2.54531E+001, 2.68630E+001, 4.16789E+001, 2.91905E+001, 2.50308E+001, 2.57388E+001, 2.64686E+001, 6.38928E+001, 4.33449E+001, 4.12262E+001, 4.11805E+001, 4.11057E+001, 1.87924E+002, 1.51701E+002, 1.25914E+002, 1.08063E+002, 8.88895E+001, 5.98736E+001, 3.80246E+001, 3.69454E+001, 3.60153E+001, 3.51765E+001, 2.56033E+001, 2.54404E+001, 2.54531E+001, 2.55437E+001, 2.58185E+001, 2.52751E+001, 2.52532E+001, 2.52681E+001, 2.53300E+001, 2.55950E+001, 2.52102E+001, 2.52114E+001, 2.52290E+001, 2.52809E+001, 2.55327E+001, 3.13588E+002, 1.86871E+002, 3.80806E-002, 2.05907E-001, 2.34384E+002, 2.30000E-001, 2.60535E+001, 2.60535E+001, 1.20595E-001, 2.80203E+001, 2.50424E+001, 7.92114E-002, 2.67264E+001, 2.50201E+001
 5.60005E+001, 2.54494E+001, 2.68845E+001, 4.19531E+001, 2.91906E+001, 2.50301E+001, 2.54067E+001, 2.64915E+001, 6.50146E+001, 4.46170E+001, 4.20614E+001, 4.19691E+001, 4.19711E+001, 1.87730E+002, 1.51567E+002, 1.25688E+002, 1.07813E+002, 8.85804E+001, 5.93649E+001, 3.78027E+001, 3.66485E+001, 3.55353E+001, 3.45955E+001, 2.55807E+001, 2.54304E+001, 2.54494E+001, 2.55377E+001, 2.57922E+001, 2.52725E+001, 2.52537E+001, 2.52746E+001, 2.53437E+001, 2.55837E+001, 2.52107E+001, 2.52146E+001, 2.52368E+001, 2.52959E+001, 2.55195E+001, 3.13663E+002, 1.86604E+002, 3.80826E-002, 2.05887E-001, 2.35594E+002, 2.30000E-001, 2.60493E+001, 2.60493E+001, 1.22582E-001, 2.80373E+001, 2.50425E+001, 7.91111E-002, 2.69444E+001, 2.50198E+001
 5.70014E+001, 2.54653E+001, 2.69362E+001, 4.18280E+001, 2.91972E+001, 2.50295E+001, 2.58830E+001, 2.62410E+001, 6.59267E+001, 4.53268E+001, 4.26578E+001, 4.25746E+001, 4.26600E+001, 1.87905E+002, 1.51720E+002, 1.25677E+002, 1.07713E+002, 8.83984E+001, 5.88997E+001, 3.76984E+001, 3.65273E+001, 3.52534E+001, 3.42192E+001, 2.55621E+001, 2.54313E+001, 2.54653E+001, 2.55438E+001, 2.57622E+001, 2.52709E+001, 2.52567E+001, 2.52855E+001, 2.53589E+001, 2.55651E+001, 2.52117E+001, 2.52186E+001, 2.52462E+001, 2.53108E+001, 2.55052E+001, 3.13746E+002, 1.86573E+002, 3.80830E-002, 2.05881E-001, 2.36779E+002, 2.30000E-001, 2.60478E+001, 2.60478E+001, 1.23971E-001, 2.80364E+001, 2.50427E+001, 7.76232E-002, 2.71801E+001, 2.50200E+001
 5.80001E+001, 2.54791E+001, 2.69870E+001, 4.14985E+001, 2.91564E+001, 2.50291E+001, 2.65528E+001, 2.63745E+001, 6.64014E+001, 4.56517E+001, 4.30257E+001, 4.29270E+001, 4.30549E+001, 1.87805E+002, 1.51513E+002, 1.25420E+002, 1.07440E+002, 8.81116E+001, 5.85264E+001, 3.79545E+001, 3.61036E+001, 3.46034E+001, 3.40124E+001, 2.55463E+001, 2.54437E+001, 2.54791E+001, 2.55524E+001, 2.57470E+001, 2.52704E+001, 2.52624E+001, 2.52981E+001, 2.53737E+001, 2.55555E+001, 2.52129E+001, 2.52234E+001, 2.52569E+001, 2.53244E+001, 2.54989E+001, 3.13798E+002, 1.86602E+002, 3.80829E-002, 2.05877E-001, 2.37889E+002, 2.30000E-001, 2.60457E+001, 2.60457E+001, 1.24040E-001, 2.79903E+001, 2.50430E+001, 7.67673E-002, 2.72648E+001, 2.50199E+001
 5.90009E+001, 2.54826E+001, 2.69803E+001, 4.13308E+001, 2.94018E+001, 2.50286E+001, 2.62925E+001, 2.64043E+001, 6.69318E+001, 4.61501E+001, 4.34344E+001, 4.33731E+001, 4.34094E+001, 1.87255E+002, 1.51069E+002, 1.25100E+002, 1.07090E+002, 8.77670E+001, 5.86534E+001, 3.72830E+001, 3.51321E+001, 3.43638E+001, 3.38217E+001, 2.55350E+001, 2.54450E+001, 2.54826E+001, 2.55679E+001, 2.57486E+001, 2.52708E+001, 2.52687E+001, 2.53118E+001, 2.53881E+001, 2.55577E+001, 2.52144E+001, 2.52292E+001, 2.52687E+001, 2.53363E+001, 2.55018E+001, 3.13791E+002, 1.86354E+002, 3.80813E-002, 2.05860E-001, 2.38922E+002, 2.30000E-001, 2.60375E+001, 2.60375E+001, 1.25723E-001, 2.80485E+001, 2.50435E+001, 7.75900E-002, 2.71518E+001, 2.50192E+001
 6.00018E+001, 2.55198E+001, 2.70027E+001, 4.14906E+001, 2.95012E+001, 2.50276E+001, 2.58691E+001, 2.67853E+001, 6.74362E+001, 4.69249E+001, 4.39664E+001, 4.37137E+001, 4.35818E+001, 1.87151E+002, 1.51235E+002, 1.24783E+002, 1.06758E+002, 8.76785E+001, 5.75754E+001, 3.63020E+001, 3.52797E+001, 3.44335E+001, 3.38955E+001, 2.55332E+001, 2.54474E+001, 2.55198E+001, 2.55918E+001, 2.57509E+001, 2.52726E+001, 2.52778E+001, 2.53293E+001, 2.54017E+001, 2.55689E+001, 2.52161E+001, 2.52363E+001, 2.52817E+001, 2.53478E+001, 2.55132E+001, 3.13766E+002, 1.85939E+002, 3.80783E-002, 2.05843E-001, 2.39836E+002, 2.30000E-001, 2.60422E+001, 2.60422E+001, 1.26529E-001, 2.81135E+001, 2.50440E+001, 8.22385E-002, 2.70451E+001, 2.50188E+001
 6.10005E+001, 2.55402E+001, 2.70722E+001, 4.16228E+001, 2.94646E+001, 2.50267E+001, 2.59645E+001, 2.68265E+001, 6.75336E+001, 4.68478E+001, 4.37094E+001, 4.35344E+001, 4.36330E+001, 1.86994E+002, 1.50566E+002, 1.24539E+002, 1.06691E+002, 8.75398E+001, 5.77216E+001, 3.77931E+001, 3.53324E+001, 3.40766E+001, 3.33955E+001, 2.55334E+001, 2.55195E+001, 2.55402E+001, 2.55892E+001, 2.57658E+001, 2.52763E+001, 2.52924E+001, 2.53430E+001, 2.54122E+001, 2.55892E+001, 2.52187E+001, 2.52446E+001, 2.52951E+001, 2.53595E+001, 2.55332E+001, 3.13852E+002, 1.86525E+002, 3.80768E-002, 2.05830E-001, 2.40701E+002, 2.30000E-001, 2.60428E+001, 2.60428E+001, 1.27173E-001, 2.81451E+001, 2.50445E+001, 8.02924E-002, 2.68453E+001, 2.50190E+001
 6.20013E+001, 2.55336E+001, 2.71060E+001, 4.14107E+001, 2.91428E+001, 2.50262E+001, 2.60075E+001, 2.67529E+001, 6.75182E+001, 4.69713E+001, 4.40912E+001, 4.40081E+001, 4.41035E+001, 1.86300E+002, 1.51055E+002, 1.24904E+002, 1.06843E+002, 8.75659E+001, 5.83890E+001, 3.55277E+001, 3.43442E+001, 3.40065E+001, 3.35861E+001, 2.55450E+001, 2.54780E+001, 2.55336E+001, 2.56235E+001, 2.58062E+001, 2.52797E+001, 2.52980E+001, 2.53577E+001, 2.54295E+001, 2.56166E+001, 2.52222E+001, 2.52537E+001, 2.53080E+001, 2.53710E+001, 2.55571E+001, 3.13712E+002, 1.85739E+002, 3.80762E-002, 2.05797E-001, 2.41595E+002, 2.30000E-001, 2.60272E+001, 2.60272E+001, 1.26393E-001, 2.81118E+001, 2.50452E+001, 6.16552E-002, 2.66518E+001, 2.50193E+001
 6.30000E+001, 2.56042E+001, 2.71160E+001, 4.15302E+001, 2.89421E+001, 2.50257E+001, 2.58588E+001, 2.67971E+001, 6.75776E+001, 4.71327E+001, 4.38962E+001, 4.36265E+001, 4.35080E+001, 1.87761E+002, 1.51258E+002, 1.24699E+002, 1.06717E+002, 8.76606E+001, 5.64535E+001, 3.70890E+001, 3.54864E+001, 3.45043E+001, 3.37351E+001, 2.55439E+001, 2.55470E+001, 2.56042E+001, 2.56503E+001, 2.58240E+001, 2.52849E+001, 2.53164E+001, 2.53757E+001, 2.54412E+001, 2.56381E+001, 2.52260E+001, 2.52627E+001, 2.53194E+001, 2.53814E+001, 2.55758E+001, 3.13908E+002, 1.86445E+002, 3.80724E-002, 2.05751E-001, 2.42509E+002, 2.30000E-001, 2.60534E+001, 2.60534E+001, 1.25201E-001, 2.80988E+001, 2.50459E+001, 5.66948E-002, 2.67275E+001, 2.50187E+001
 6.40009E+001, 2.55538E+001, 2.71126E+001, 4.14098E+001, 2.87085E+001, 2.50252E+001, 2.55703E+001, 2.65732E+001, 6.74390E+001, 4.68249E+001, 4.38313E+001, 4.38044E+001, 4.41012E+001, 1.86543E+002, 1.51396E+002, 1.25260E+002, 1.07163E+002, 8.77585E+001, 5.83893E+001, 3.57701E+001, 3.41275E+001, 3.36164E+001, 3.35411E+001, 2.55683E+001, 2.55343E+001, 2.55538E+001, 2.56385E+001, 2.58573E+001, 2.52898E+001, 2.53195E+001, 2.53793E+001, 2.54519E+001, 2.56527E+001, 2.52299E+001, 2.52703E+001, 2.53286E+001, 2.53907E+001, 2.55848E+001, 3.13871E+002, 1.86174E+002, 3.80759E-002, 2.05718E-001, 2.43453E+002, 2.30000E-001, 2.60212E+001, 2.60212E+001, 1.24378E-001, 2.80794E+001, 2.50465E+001, 6.30086E-002, 2.68548E+001, 2.50180E+001
 6.50018E+001, 2.56152E+001, 2.70857E+001, 4.10503E+001, 2.86950E+001, 2.50248E+001, 2.53248E+001, 2.67170E+001, 6.79093E+001, 4.76337E+001, 4.43860E+001, 4.41661E+001, 4.39393E+001, 1.88276E+002, 1.51840E+002, 1.24991E+002, 1.06885E+002, 8.77059E+001, 5.58686E+001, 3.64660E+001, 3.48890E+001, 3.42390E+001, 3.36426E+001, 2.55443E+001, 2.55360E+001, 2.56152E+001, 2.56760E+001, 2.58597E+001, 2.52915E+001, 2.53296E+001, 2.53945E+001, 2.54622E+001, 2.56557E+001, 2.52330E+001, 2.52769E+001, 2.53367E+001, 2.53993E+001, 2.55892E+001, 3.13924E+002, 1.86060E+002, 3.80722E-002, 2.05723E-001, 2.44369E+002, 2.30000E-001, 2.60554E+001, 2.60554E+001, 1.24990E-001, 2.81151E+001, 2.50470E+001, 6.22287E-002, 2.65785E+001, 2.50178E+001
 6.60004E+001, 2.55691E+001, 2.70741E+001, 4.13635E+001, 2.87373E+001, 2.50243E+001, 2.53144E+001, 2.63159E+001, 6.76940E+001, 4.72885E+001, 4.42069E+001, 4.41916E+001, 4.45366E+001, 1.86856E+002, 1.51982E+002, 1.25660E+002, 1.07398E+002, 8.78209E+001, 5.74760E+001, 3.52097E+001, 3.39355E+001, 3.33550E+001, 3.32116E+001, 2.55846E+001, 2.55477E+001, 2.55691E+001, 2.56454E+001, 2.58588E+001, 2.52965E+001, 2.53323E+001, 2.53941E+001, 2.54677E+001, 2.56621E+001, 2.52358E+001, 2.52824E+001, 2.53441E+001, 2.54084E+001, 2.55985E+001, 3.13968E+002, 1.85858E+002, 3.80766E-002, 2.05751E-001, 2.45227E+002, 2.30000E-001, 2.60211E+001, 2.60211E+001, 1.25707E-001, 2.81458E+001, 2.50473E+001, 7.29311E-002, 2.64512E+001, 2.50179E+001
 6.70013E+001, 2.56119E+001, 2.70930E+001, 4.07434E+001, 2.87271E+001, 2.50236E+001, 2.53552E+001, 2.61453E+001, 6.83615E+001, 4.81516E+001, 4.46567E+001, 4.44478E+001, 4.44313E+001, 1.87600E+002, 1.51260E+002, 1.24727E+002, 1.06757E+002, 8.76776E+001, 5.69259E+001, 3.61587E+001, 3.41935E+001, 3.37646E+001, 3.33443E+001, 2.55435E+001, 2.55554E+001, 2.56119E+001, 2.56837E+001, 2.58643E+001, 2.52977E+001, 2.53408E+001, 2.54076E+001, 2.54803E+001, 2.56731E+001, 2.52382E+001, 2.52880E+001, 2.53524E+001, 2.54187E+001, 2.56123E+001, 3.13952E+002, 1.85785E+002, 3.80722E-002, 2.05747E-001, 2.46048E+002, 2.30000E-001, 2.60447E+001, 2.60447E+001, 1.25177E-001, 2.81503E+001, 2.50475E+001, 8.16256E-002, 2.69244E+001, 2.50181E+001
 6.80022E+001, 2.55822E+001, 2.70813E+001, 4.11963E+001, 2.88715E+001, 2.50231E+001, 2.60317E+001, 2.60172E+001, 6.86506E+001, 4.84772E+001, 4.49915E+001, 4.49156E+001, 4.51345E+001, 1.86494E+002, 1.51573E+002, 1.25053E+002, 1.06828E+002, 8.74444E+001, 5.66354E+001, 3.45468E+001, 3.34595E+001, 3.30590E+001, 3.28058E+001, 2.55804E+001, 2.55336E+001, 2.55822E+001, 2.56727E+001, 2.58688E+001, 2.52998E+001, 2.53414E+001, 2.54106E+001, 2.54901E+001, 2.56872E+001, 2.52410E+001, 2.52929E+001, 2.53607E+001, 2.54297E+001, 2.56266E+001, 3.14144E+002, 1.85109E+002, 3.80794E-002, 2.05711E-001, 2.46782E+002, 2.30000E-001, 2.60301E+001, 2.60301E+001, 1.24532E-001, 2.81984E+001, 2.50477E+001, 7.64267E-002, 2.72579E+001, 2.50180E+001
 6.90008E+001, 2.56192E+001, 2.70736E+001, 4.07431E+001, 2.86265E+001, 2.50227E+001, 2.65795E+001, 2.61763E+001, 6.85993E+001, 4.85173E+001, 4.49033E+001, 4.47074E+001, 4.50102E+001, 1.85496E+002, 1.50783E+002, 1.24631E+002, 1.06617E+002, 8.73953E+001, 5.70382E+001, 3.49961E+001, 3.37972E+001, 3.33420E+001, 3.29291E+001, 2.55931E+001, 2.55748E+001, 2.56192E+001, 2.56940E+001, 2.58713E+001, 2.53080E+001, 2.53523E+001, 2.54237E+001, 2.55019E+001, 2.56993E+001, 2.52432E+001, 2.52981E+001, 2.53694E+001, 2.54405E+001, 2.56387E+001, 3.14073E+002, 1.85340E+002, 3.80800E-002, 2.05686E-001, 2.47507E+002, 2.30000E-001, 2.60281E+001, 2.60281E+001, 1.23201E-001, 2.81467E+001, 2.50477E+001, 6.54512E-002, 2.72958E+001, 2.50178E+001
 7.00017E+001, 2.56149E+001, 2.70750E+001, 4.07479E+001, 2.88183E+001, 2.50222E+001, 2.63984E+001, 2.62259E+001, 6.91066E+001, 4.90538E+001, 4.53574E+001, 4.52237E+001, 4.53600E+001, 1.85235E+002, 1.50522E+002, 1.24332E+002, 1.06376E+002, 8.71727E+001, 5.71408E+001, 3.48593E+001, 3.35380E+001, 3.31611E+001, 3.27779E+001, 2.55796E+001, 2.55633E+001, 2.56149E+001, 2.57055E+001, 2.58820E+001, 2.53078E+001, 2.53554E+001, 2.54307E+001, 2.55131E+001, 2.57086E+001, 2.52455E+001, 2.53030E+001, 2.53775E+001, 2.54499E+001, 2.56457E+001, 3.14158E+002, 1.85156E+002, 3.80811E-002, 2.05685E-001, 2.48222E+002, 2.30000E-001, 2.60347E+001, 2.60347E+001, 1.24242E-001, 2.81972E+001, 2.50477E+001, 5.57834E-002, 2.70828E+001, 2.50169E+001
 7.10004E+001, 2.56211E+001, 2.70875E+001, 4.09340E+001, 2.87515E+001, 2.50218E+001, 2.62833E+001, 2.60899E+001, 6.92032E+001, 4.92790E+001, 4.56334E+001, 4.54040E+001, 4.56409E+001, 1.85483E+002, 1.50911E+002, 1.24652E+002, 1.06575E+002, 8.72360E+001, 5.69770E+001, 3.47318E+001, 3.35110E+001, 3.30491E+001, 3.26886E+001, 2.55846E+001, 2.55712E+001, 2.56211E+001, 2.57045E+001, 2.58788E+001, 2.53097E+001, 2.53602E+001, 2.54375E+001, 2.55190E+001, 2.57121E+001, 2.52477E+001, 2.53074E+001, 2.53844E+001, 2.54573E+001, 2.56506E+001, 3.14211E+002, 1.85012E+002, 3.80808E-002, 2.05668E-001, 2.48932E+002, 2.30000E-001, 2.60320E+001, 2.60320E+001, 1.24874E-001, 2.81874E+001, 2.50477E+001, 5.69734E-002, 2.67101E+001, 2.50165E+001
 7.20012E+001, 2.56235E+001, 2.70754E+001, 4.06559E+001, 2.88612E+001, 2.50214E+001, 2.64945E+001, 2.62996E+001, 6.93502E+001, 4.94948E+001, 4.58489E+001, 4.57583E+001, 4.61621E+001, 1.86172E+002, 1.51267E+002, 1.24664E+002, 1.06455E+002, 8.73190E+001, 5.54928E+001, 3.43495E+001, 3.32646E+001, 3.28591E+001, 3.23992E+001, 2.56020E+001, 2.55673E+001, 2.56235E+001, 2.57068E+001, 2.58744E+001, 2.53132E+001, 2.53631E+001, 2.54433E+001, 2.55239E+001, 2.57132E+001, 2.52496E+001, 2.53113E+001, 2.53902E+001, 2.54629E+001, 2.56535E+001, 3.14131E+002, 1.84614E+002, 3.80796E-002, 2.05618E-001, 2.49635E+002, 2.30000E-001, 2.60344E+001, 2.60344E+001, 1.23895E-001, 2.81947E+001, 2.50477E+001, 6.34413E-002, 2.64313E+001, 2.50165E+001
 7.30021E+001, 2.56247E+001, 2.70560E+001, 4.07340E+001, 2.89023E+001, 2.50212E+001, 2.64002E+001, 2.60852E+001, 6.93025E+001, 4.95988E+001, 4.55630E+001, 4.57618E+001, 4.64358E+001, 1.88143E+002, 1.52138E+002, 1.24955E+002, 1.06522E+002, 8.75409E+001, 5.21997E+001, 3.46090E+001, 3.30308E+001, 3.25535E+001, 3.21169E+001, 2.56142E+001, 2.55624E+001, 2.56247E+001, 2.57030E+001, 2.58615E+001, 2.53165E+001, 2.53653E+001, 2.54480E+001, 2.55270E+001, 2.57112E+001, 2.52512E+001, 2.53150E+001, 2.53954E+001, 2.54673E+001, 2.56548E+001, 3.14020E+002, 1.84313E+002, 3.80803E-002, 2.05569E-001, 2.50331E+002, 2.30000E-001, 2.60433E+001, 2.60433E+001, 1.22861E-001, 2.81835E+001, 2.50479E+001, 7.44253E-002, 2.67184E+001, 2.50165E+001
 7.40008E+001, 2.56189E+001, 2.70615E+001, 4.06150E+001, 2.88945E+001, 2.50208E+001, 2.61513E+001, 2.62469E+001, 6.94316E+001, 4.99445E+001, 4.58633E+001, 4.60886E+001, 4.69404E+001, 1.90693E+002, 1.53420E+002, 1.25492E+002, 1.06724E+002, 8.76418E+001, 4.80474E+001, 3.40292E+001, 3.25677E+001, 3.21847E+001, 3.16925E+001, 2.55952E+001, 2.55453E+001, 2.56189E+001, 2.56964E+001, 2.58476E+001, 2.53169E+001, 2.53661E+001, 2.54518E+001, 2.55294E+001, 2.57096E+001, 2.52530E+001, 2.53187E+001, 2.54002E+001, 2.54711E+001, 2.56570E+001, 3.13947E+002, 1.84200E+002, 3.80485E-002, 2.05507E-001, 2.51053E+002, 2.30000E-001, 2.60595E+001, 2.60595E+001, 1.22633E-001, 2.81884E+001, 2.50482E+001, 7.50137E-002, 2.71030E+001, 2.50163E+001
 7.50016E+001, 2.56082E+001, 2.70812E+001, 4.06494E+001, 2.89893E+001, 2.50206E+001, 2.59144E+001, 2.66434E+001, 6.95128E+001, 5.02492E+001, 4.60074E+001, 4.64240E+001, 4.74808E+001, 1.92070E+002, 1.53919E+002, 1.25630E+002, 1.06689E+002, 8.73736E+001, 4.46683E+001, 3.34089E+001, 3.20351E+001, 3.16356E+001, 3.11707E+001, 2.55714E+001, 2.55275E+001, 2.56082E+001, 2.56822E+001, 2.58341E+001, 2.53163E+001, 2.53667E+001, 2.54543E+001, 2.55302E+001, 2.57099E+001, 2.52549E+001, 2.53223E+001, 2.54042E+001, 2.54742E+001, 2.56598E+001, 3.14086E+002, 1.84792E+002, 3.80206E-002, 2.05422E-001, 2.51727E+002, 2.30000E-001, 2.60798E+001, 2.60798E+001, 1.21231E-001, 2.82107E+001, 2.50484E+001, 7.21974E-002, 2.70104E+001, 2.50161E+001
 7.60003E+001, 2.56013E+001, 2.71470E+001, 4.00520E+001, 2.87515E+001, 2.50204E+001, 2.60998E+001, 2.66342E+001, 6.92811E+001, 5.03285E+001, 4.61169E+001, 4.64891E+001, 4.74669E+001, 1.92694E+002, 1.54279E+002, 1.25888E+002, 1.06833E+002, 8.69706E+001, 4.30614E+001, 3.31753E+001, 3.17879E+001, 3.13972E+001, 3.08597E+001, 2.55597E+001, 2.55202E+001, 2.56013E+001, 2.56714E+001, 2.58214E+001, 2.53165E+001, 2.53680E+001, 2.54561E+001, 2.55298E+001, 2.57101E+001, 2.52567E+001, 2.53255E+001, 2.54070E+001, 2.54760E+001, 2.56639E+001, 3.14157E+002, 1.85301E+002, 3.80075E-002, 2.05369E-001, 2.52403E+002, 2.30000E-001, 2.60907E+001, 2.60907E+001, 1.20408E-001, 2.81833E+001, 2.50487E+001, 7.72304E-002, 2.68086E+001, 2.50163E+001
 7.70014E+001, 2.55936E+001, 2.71615E+001, 4.03402E+001, 2.89205E+001, 2.50201E+001, 2.62638E+001, 2.59770E+001, 6.94817E+001, 5.06297E+001, 4.63603E+001, 4.68272E+001, 4.83961E+001, 1.93215E+002, 1.54350E+002, 1.25813E+002, 1.06544E+002, 8.52327E+001, 4.04106E+001, 3.27915E+001, 3.14576E+001, 3.10411E+001, 3.07590E+001, 2.55425E+001, 2.55124E+001, 2.55936E+001, 2.56600E+001, 2.58202E+001, 2.53163E+001, 2.53690E+001, 2.54563E+001, 2.55279E+001, 2.57117E+001, 2.52583E+001, 2.53279E+001, 2.54083E+001, 2.54766E+001, 2.56656E+001, 3.14098E+002, 1.85575E+002, 3.79905E-002, 2.05349E-001, 2.53166E+002, 2.30000E-001, 2.61057E+001, 2.61057E+001, 1.22307E-001, 2.82503E+001, 2.50488E+001, 7.88028E-002, 2.68491E+001, 2.50165E+001
 7.80003E+001, 2.55811E+001, 2.71924E+001, 4.03559E+001, 2.86529E+001, 2.50201E+001, 2.63601E+001, 2.60093E+001, 6.97968E+001, 5.09956E+001, 4.67298E+001, 4.71839E+001, 4.94422E+001, 1.93641E+002, 1.54441E+002, 1.25663E+002, 1.06044E+002, 8.23073E+001, 3.90012E+001, 3.23644E+001, 3.10391E+001, 3.05930E+001, 3.10676E+001, 2.55232E+001, 2.55035E+001, 2.55811E+001, 2.56439E+001, 2.58238E+001, 2.53156E+001, 2.53694E+001, 2.54552E+001, 2.55252E+001, 2.57149E+001, 2.52600E+001, 2.53301E+001, 2.54092E+001, 2.54776E+001, 2.56687E+001, 3.14219E+002, 1.85959E+002, 3.79815E-002, 2.05343E-001, 2.53968E+002, 2.30000E-001, 2.61076E+001, 2.61076E+001, 1.20881E-001, 2.81902E+001, 2.50487E+001, 7.87401E-002, 2.68950E+001, 2.50165E+001
 7.90012E+001, 2.55684E+001, 2.72249E+001, 4.12092E+001, 2.88180E+001, 2.50203E+001, 2.65869E+001, 2.63666E+001, 6.99604E+001, 5.12790E+001, 4.71179E+001, 4.78846E+001, 5.00842E+001, 1.93533E+002, 1.54098E+002, 1.25255E+002, 1.04631E+002, 7.94193E+001, 3.84312E+001, 3.20087E+001, 3.06564E+001, 3.04147E+001, 3.11585E+001, 2.55108E+001, 2.54950E+001, 2.55684E+001, 2.56453E+001, 2.58334E+001, 2.53151E+001, 2.53701E+001, 2.54543E+001, 2.55256E+001, 2.57295E+001, 2.52618E+001, 2.53325E+001, 2.54105E+001, 2.54793E+001, 2.56883E+001, 3.17835E+002, 1.85915E+002, 3.79746E-002, 2.05370E-001, 2.54813E+002, 2.30000E-001, 2.60961E+001, 2.60961E+001, 1.21303E-001, 2.82501E+001, 2.50485E+001, 7.79008E-002, 2.69048E+001, 2.50165E+001
 8.00007E+001, 2.55631E+001, 2.72136E+001, 4.19347E+001, 2.90690E+001, 2.50206E+001, 2.65087E+001, 2.64960E+001, 7.04085E+001, 5.16852E+001, 4.75421E+001, 4.81632E+001, 5.19680E+001, 1.93510E+002, 1.53944E+002, 1.24730E+002, 1.03938E+002, 7.77032E+001, 3.79183E+001, 3.16513E+001, 3.03956E+001, 3.02836E+001, 3.15767E+001, 2.55000E+001, 2.54874E+001, 2.55631E+001, 2.56521E+001, 2.58507E+001, 2.53150E+001, 2.53709E+001, 2.54545E+001, 2.55289E+001, 2.57504E+001, 2.52636E+001, 2.53348E+001, 2.54124E+001, 2.54827E+001, 2.57106E+001, 3.15081E+002, 1.86074E+002, 3.79620E-002, 2.05409E-001, 2.55698E+002, 2.30000E-001, 2.60841E+001, 2.60841E+001, 1.22335E-001, 2.82914E+001, 2.50485E+001, 7.19043E-002, 2.68374E+001, 2.50166E+001
 8.10020E+001, 2.55573E+001, 2.72330E+001, 4.27846E+001, 2.97705E+001, 2.50209E+001, 2.62584E+001, 2.65835E+001, 7.07452E+001, 5.20885E+001, 4.81310E+001, 4.88016E+001, 5.17506E+001, 1.93276E+002, 1.53335E+002, 1.24131E+002, 1.02433E+002, 7.65940E+001, 3.74189E+001, 3.13034E+001, 2.99980E+001, 3.01415E+001, 3.10215E+001, 2.54871E+001, 2.54792E+001, 2.55573E+001, 2.56429E+001, 2.58507E+001, 2.53141E+001, 2.53717E+001, 2.54554E+001, 2.55323E+001, 2.57564E+001, 2.52650E+001, 2.53369E+001, 2.54156E+001, 2.54885E+001, 2.57119E+001, 3.14814E+002, 1.86098E+002, 3.79541E-002, 2.05413E-001, 2.56591E+002, 2.30000E-001, 2.60653E+001, 2.60653E+001, 1.23427E-001, 2.83863E+001, 2.50486E+001, 6.95693E-002, 2.67460E+001, 2.50168E+001
 8.20003E+001, 2.55531E+001, 2.72687E+001, 4.24620E+001, 3.01045E+001, 2.50210E+001, 2.58181E+001, 2.62130E+001, 7.10917E+001, 5.25504E+001, 4.85355E+001, 4.92931E+001, 5.24572E+001, 1.93168E+002, 1.53224E+002, 1.23620E+002, 1.01548E+002, 7.60269E+001, 3.70722E+001, 3.09751E+001, 2.98125E+001, 2.98809E+001, 3.08637E+001, 2.54756E+001, 2.54735E+001, 2.55531E+001, 2.56327E+001, 2.58362E+001, 2.53132E+001, 2.53729E+001, 2.54575E+001, 2.55338E+001, 2.57470E+001, 2.52663E+001, 2.53396E+001, 2.54195E+001, 2.54909E+001, 2.57028E+001, 3.14280E+002, 1.86183E+002, 3.79446E-002, 2.05382E-001, 2.57460E+002, 2.30000E-001, 2.60447E+001, 2.60447E+001, 1.22870E-001, 2.83823E+001, 2.50490E+001, 7.68744E-002, 2.69117E+001, 2.50175E+001
 8.30009E+001, 2.55496E+001, 2.72407E+001, 4.22243E+001, 2.98379E+001, 2.50212E+001, 2.59634E+001, 2.62068E+001, 7.10970E+001, 5.26636E+001, 4.86782E+001, 4.93893E+001, 5.30969E+001, 1.92915E+002, 1.53108E+002, 1.23086E+002, 1.01131E+002, 7.58045E+001, 3.68637E+001, 3.07274E+001, 2.96574E+001, 2.97203E+001, 3.07686E+001, 2.54688E+001, 2.54708E+001, 2.55496E+001, 2.56225E+001, 2.58162E+001, 2.53134E+001, 2.53753E+001, 2.54589E+001, 2.55301E+001, 2.57321E+001, 2.52679E+001, 2.53421E+001, 2.54207E+001, 2.54870E+001, 2.56918E+001, 3.14315E+002, 1.86507E+002, 3.79396E-002, 2.05353E-001, 2.58284E+002, 2.30000E-001, 2.60312E+001, 2.60312E+001, 1.21661E-001, 2.83189E+001, 2.50497E+001, 8.34289E-002, 2.67323E+001, 2.50183E+001
 8.40015E+001, 2.55455E+001, 2.72178E+001, 4.19243E+001, 2.98655E+001, 2.50214E+001, 2.64474E+001, 2.63151E+001, 7.13096E+001, 5.29312E+001, 4.90062E+001, 4.97108E+001, 5.33575E+001, 1.92582E+002, 1.52726E+002, 1.22496E+002, 1.00779E+002, 7.56000E+001, 3.66568E+001, 3.04784E+001, 2.95033E+001, 2.95727E+001, 3.04527E+001, 2.54638E+001, 2.54688E+001, 2.55455E+001, 2.56112E+001, 2.57999E+001, 2.53144E+001, 2.53774E+001, 2.54579E+001, 2.55238E+001, 2.57246E+001, 2.52687E+001, 2.53423E+001, 2.54183E+001, 2.54811E+001, 2.56923E+001, 3.14394E+002, 1.87103E+002, 3.79369E-002, 2.05334E-001, 2.59093E+002, 2.30000E-001, 2.60205E+001, 2.60205E+001, 1.22608E-001, 2.83910E+001, 2.50506E+001, 8.15114E-002, 2.68349E+001, 2.50185E+001
 8.50021E+001, 2.55386E+001, 2.71992E+001, 4.12715E+001, 2.98638E+001, 2.50217E+001, 2.66066E+001, 2.62058E+001, 7.16910E+001, 5.33807E+001, 4.95269E+001, 5.04308E+001, 5.39148E+001, 1.92337E+002, 1.52513E+002, 1.21940E+002, 1.00218E+002, 7.56291E+001, 3.64032E+001, 3.01842E+001, 2.93557E+001, 2.93285E+001, 3.00697E+001, 2.54572E+001, 2.54640E+001, 2.55386E+001, 2.56003E+001, 2.57928E+001, 2.53139E+001, 2.53771E+001, 2.54549E+001, 2.55190E+001, 2.57273E+001, 2.52667E+001, 2.53399E+001, 2.54146E+001, 2.54783E+001, 2.56996E+001, 3.14479E+002, 1.87301E+002, 3.79329E-002, 2.05306E-001, 2.59870E+002, 2.30000E-001, 2.60089E+001, 2.60089E+001, 1.23306E-001, 2.84416E+001, 2.50516E+001, 8.16198E-002, 2.71361E+001, 2.50183E+001
 8.60004E+001, 2.55302E+001, 2.71648E+001, 4.07011E+001, 2.97138E+001, 2.50221E+001, 2.65925E+001, 2.69075E+001, 7.21729E+001, 5.40450E+001, 5.01925E+001, 5.13113E+001, 5.43110E+001, 1.92208E+002, 1.52453E+002, 1.21542E+002, 9.93821E+001, 7.55783E+001, 3.59666E+001, 2.98934E+001, 2.91094E+001, 2.91482E+001, 2.96013E+001, 2.54474E+001, 2.54568E+001, 2.55302E+001, 2.55913E+001, 2.57894E+001, 2.53109E+001, 2.53747E+001, 2.54519E+001, 2.55177E+001, 2.57293E+001, 2.52625E+001, 2.53367E+001, 2.54124E+001, 2.54794E+001, 2.56986E+001, 3.14560E+002, 1.86789E+002, 3.79300E-002, 2.05255E-001, 2.60629E+002, 2.30000E-001, 2.59968E+001, 2.59968E+001, 1.21594E-001, 2.83908E+001, 2.50527E+001, 7.24914E-002, 2.67654E+001, 2.50183E+001
 8.70010E+001, 2.55229E+001, 2.71579E+001, 4.09885E+001, 2.90549E+001, 2.50225E+001, 2.60992E+001, 2.68422E+001, 7.31330E+001, 5.50994E+001, 5.16045E+001, 5.26145E+001, 5.57096E+001, 1.91997E+002, 1.52830E+002, 1.20732E+002, 9.91302E+001, 7.44223E+001, 3.50260E+001, 2.94873E+001, 2.89207E+001, 2.90094E+001, 2.96038E+001, 2.54348E+001, 2.54489E+001, 2.55229E+001, 2.55837E+001, 2.57839E+001, 2.53068E+001, 2.53717E+001, 2.54504E+001, 2.55183E+001, 2.57257E+001, 2.52583E+001, 2.53341E+001, 2.54121E+001, 2.54818E+001, 2.56930E+001, 3.14605E+002, 1.85630E+002, 3.79283E-002, 2.05218E-001, 2.61392E+002, 2.30000E-001, 2.59949E+001, 2.59949E+001, 1.19970E-001, 2.82738E+001, 2.50536E+001, 7.07619E-002, 2.66451E+001, 2.50186E+001
 8.80015E+001, 2.55146E+001, 2.71909E+001, 4.15069E+001, 2.85983E+001, 2.50225E+001, 2.56391E+001, 2.68573E+001, 7.41701E+001, 5.62835E+001, 5.27128E+001, 5.41524E+001, 5.71809E+001, 1.91180E+002, 1.51704E+002, 1.19274E+002, 9.70182E+001, 7.38475E+001, 3.46654E+001, 2.92507E+001, 2.86973E+001, 2.89213E+001, 2.92178E+001, 2.54205E+001, 2.54412E+001, 2.55146E+001, 2.55795E+001, 2.57794E+001, 2.53030E+001, 2.53693E+001, 2.54501E+001, 2.55198E+001, 2.57255E+001, 2.52558E+001, 2.53333E+001, 2.54134E+001, 2.54849E+001, 2.56943E+001, 3.14532E+002, 1.84692E+002, 3.79247E-002, 2.05205E-001, 2.62134E+002, 2.30000E-001, 2.59955E+001, 2.59955E+001, 1.18909E-001, 2.82056E+001, 2.50542E+001, 7.86776E-002, 2.68946E+001, 2.50184E+001
 8.90021E+001, 2.55147E+001, 2.72130E+001, 4.13969E+001, 2.88178E+001, 2.50225E+001, 2.52839E+001, 2.68001E+001, 7.37168E+001, 5.59119E+001, 5.25132E+001, 5.36242E+001, 5.68967E+001, 1.91323E+002, 1.52189E+002, 1.20183E+002, 9.82006E+001, 7.50714E+001, 3.45826E+001, 2.92315E+001, 2.87608E+001, 2.87412E+001, 2.92561E+001, 2.54161E+001, 2.54400E+001, 2.55147E+001, 2.55800E+001, 2.57865E+001, 2.53011E+001, 2.53688E+001, 2.54519E+001, 2.55233E+001, 2.57341E+001, 2.52560E+001, 2.53349E+001, 2.54166E+001, 2.54896E+001, 2.57042E+001, 3.14490E+002, 1.84239E+002, 3.79237E-002, 2.05167E-001, 2.62882E+002, 2.30000E-001, 2.59753E+001, 2.59753E+001, 1.17767E-001, 2.82621E+001, 2.50545E+001, 7.73086E-002, 2.73183E+001, 2.50185E+001
 9.00004E+001, 2.55241E+001, 2.71840E+001, 4.15541E+001, 3.03472E+001, 2.50225E+001, 2.55976E+001, 2.69364E+001, 7.41483E+001, 5.62758E+001, 5.29677E+001, 5.42914E+001, 5.68929E+001, 1.91108E+002, 1.52099E+002, 1.20694E+002, 1.00187E+002, 7.71907E+001, 3.41028E+001, 2.90656E+001, 2.86296E+001, 2.86232E+001, 2.88530E+001, 2.54155E+001, 2.54423E+001, 2.55241E+001, 2.55814E+001, 2.57913E+001, 2.53019E+001, 2.53702E+001, 2.54554E+001, 2.55273E+001, 2.57431E+001, 2.52573E+001, 2.53376E+001, 2.54211E+001, 2.54949E+001, 2.57153E+001, 3.14595E+002, 1.83778E+002, 3.79227E-002, 2.05128E-001, 2.63604E+002, 2.30000E-001, 2.59837E+001, 2.59837E+001, 1.21839E-001, 2.85061E+001, 2.50545E+001, 7.63852E-002, 2.72576E+001, 2.50191E+001
 9.10010E+001, 2.55248E+001, 2.71672E+001, 4.02546E+001, 3.00421E+001, 2.50222E+001, 2.64523E+001, 2.66745E+001, 7.48391E+001, 5.67157E+001, 5.34123E+001, 5.48033E+001, 5.70153E+001, 1.91476E+002, 1.52515E+002, 1.20764E+002, 9.99883E+001, 7.89331E+001, 3.39409E+001, 2.90213E+001, 2.84479E+001, 2.86337E+001, 2.86662E+001, 2.54154E+001, 2.54444E+001, 2.55248E+001, 2.55885E+001, 2.57948E+001, 2.53038E+001, 2.53730E+001, 2.54586E+001, 2.55322E+001, 2.57471E+001, 2.52593E+001, 2.53407E+001, 2.54250E+001, 2.55006E+001, 2.57198E+001, 3.14616E+002, 1.83618E+002, 3.79202E-002, 2.05143E-001, 2.64161E+002, 2.30000E-001, 2.59853E+001, 2.59853E+001, 1.21840E-001, 2.83495E+001, 2.50544E+001, 7.71356E-002, 2.73553E+001, 2.50194E+001
 9.20016E+001, 2.55260E+001, 2.71712E+001, 4.03211E+001, 2.96715E+001, 2.50220E+001, 2.68687E+001, 2.66217E+001, 7.61680E+001, 5.74667E+001, 5.43381E+001, 5.53522E+001, 5.79520E+001, 1.91967E+002, 1.53087E+002, 1.21042E+002, 9.97662E+001, 7.75297E+001, 3.38679E+001, 2.89523E+001, 2.85452E+001, 2.85497E+001, 2.91120E+001, 2.54168E+001, 2.54461E+001, 2.55260E+001, 2.55906E+001, 2.58002E+001, 2.53063E+001, 2.53764E+001, 2.54632E+001, 2.55385E+001, 2.57520E+001, 2.52616E+001, 2.53441E+001, 2.54292E+001, 2.55064E+001, 2.57234E+001, 3.14614E+002, 1.84115E+002, 3.79177E-002, 2.05155E-001, 2.64838E+002, 2.30000E-001, 2.59868E+001, 2.59868E+001, 1.23104E-001, 2.83508E+001, 2.50546E+001, 7.10522E-002, 2.73838E+001, 2.50189E+001
 9.30010E+001, 2.55304E+001, 2.72037E+001, 4.02962E+001, 2.94349E+001, 2.50216E+001, 2.65615E+001, 2.71851E+001, 7.67973E+001, 5.75976E+001, 5.43436E+001, 5.56129E+001, 5.83149E+001, 1.92036E+002, 1.53124E+002, 1.20956E+002, 9.97793E+001, 7.67364E+001, 3.39906E+001, 2.89389E+001, 2.85067E+001, 2.85847E+001, 2.89443E+001, 2.54198E+001, 2.54484E+001, 2.55304E+001, 2.55965E+001, 2.58068E+001, 2.53088E+001, 2.53795E+001, 2.54683E+001, 2.55446E+001, 2.57616E+001, 2.52632E+001, 2.53465E+001, 2.54336E+001, 2.55109E+001, 2.57308E+001, 3.15069E+002, 1.84328E+002, 3.79149E-002, 2.05151E-001, 2.65556E+002, 2.30000E-001, 2.59876E+001, 2.59876E+001, 1.24068E-001, 2.84492E+001, 2.50551E+001, 6.75702E-002, 2.71443E+001, 2.50184E+001
 9.40011E+001, 2.55337E+001, 2.72279E+001, 4.04199E+001, 2.98275E+001, 2.50212E+001, 2.58161E+001, 2.72502E+001, 7.66348E+001, 5.77494E+001, 5.43707E+001, 5.58591E+001, 5.81873E+001, 1.91508E+002, 1.52429E+002, 1.19987E+002, 9.84325E+001, 7.56817E+001, 3.41596E+001, 2.89503E+001, 2.84891E+001, 2.86386E+001, 2.91166E+001, 2.54217E+001, 2.54493E+001, 2.55337E+001, 2.56018E+001, 2.58162E+001, 2.53098E+001, 2.53808E+001, 2.54719E+001, 2.55487E+001, 2.57675E+001, 2.52630E+001, 2.53468E+001, 2.54366E+001, 2.55143E+001, 2.57331E+001, 3.14771E+002, 1.83617E+002, 3.79124E-002, 2.05162E-001, 2.66142E+002, 2.30000E-001, 2.59881E+001, 2.59881E+001, 1.25129E-001, 2.85415E+001, 2.50558E+001, 6.94184E-002, 2.70235E+001, 2.50180E+001
 9.50011E+001, 2.55352E+001, 2.72730E+001, 4.05346E+001, 2.94479E+001, 2.50207E+001, 2.61935E+001, 2.70775E+001, 7.65697E+001, 5.75031E+001, 5.42392E+001, 5.53699E+001, 5.79787E+001, 1.91307E+002, 1.51859E+002, 1.19164E+002, 9.72714E+001, 7.48894E+001, 3.45495E+001, 2.89985E+001, 2.85163E+001, 2.86679E+001, 2.90851E+001, 2.54232E+001, 2.54487E+001, 2.55352E+001, 2.56039E+001, 2.58168E+001, 2.53093E+001, 2.53804E+001, 2.54741E+001, 2.55517E+001, 2.57685E+001, 2.52621E+001, 2.53467E+001, 2.54392E+001, 2.55179E+001, 2.57336E+001, 3.14881E+002, 1.83390E+002, 3.79127E-002, 2.05185E-001, 2.66717E+002, 2.30000E-001, 2.59900E+001, 2.59900E+001, 1.24190E-001, 2.84323E+001, 2.50567E+001, 7.75886E-002, 2.68873E+001, 2.50180E+001
 9.60006E+001, 2.55384E+001, 2.73572E+001, 4.08186E+001, 2.95590E+001, 2.50203E+001, 2.64417E+001, 2.64368E+001, 7.53664E+001, 5.66630E+001, 5.29914E+001, 5.43915E+001, 5.74473E+001, 1.91643E+002, 1.52045E+002, 1.19263E+002, 9.66166E+001, 7.38737E+001, 3.54574E+001, 2.92186E+001, 2.86771E+001, 2.89571E+001, 2.92787E+001, 2.54275E+001, 2.54501E+001, 2.55384E+001, 2.56121E+001, 2.58256E+001, 2.53090E+001, 2.53813E+001, 2.54779E+001, 2.55572E+001, 2.57773E+001, 2.52625E+001, 2.53487E+001, 2.54435E+001, 2.55238E+001, 2.57461E+001, 3.14858E+002, 1.83759E+002, 3.79106E-002, 2.05190E-001, 2.67311E+002, 2.30000E-001, 2.59904E+001, 2.59904E+001, 1.24346E-001, 2.84472E+001, 2.50574E+001, 8.00536E-002, 2.69038E+001, 2.50180E+001
 9.70011E+001, 2.55474E+001, 2.73586E+001, 4.06357E+001, 2.95747E+001, 2.50202E+001, 2.63122E+001, 2.65036E+001, 7.42756E+001, 5.58721E+001, 5.19923E+001, 5.28764E+001, 5.60357E+001, 1.92265E+002, 1.52614E+002, 1.20422E+002, 9.77069E+001, 7.47773E+001, 3.58727E+001, 2.95392E+001, 2.89887E+001, 2.91558E+001, 3.00250E+001, 2.54376E+001, 2.54577E+001, 2.55474E+001, 2.56231E+001, 2.58485E+001, 2.53107E+001, 2.53850E+001, 2.54834E+001, 2.55638E+001, 2.57933E+001, 2.52650E+001, 2.53534E+001, 2.54496E+001, 2.55305E+001, 2.57637E+001, 3.14904E+002, 1.84088E+002, 3.79245E-002, 2.05168E-001, 2.68032E+002, 2.30000E-001, 2.60042E+001, 2.60042E+001, 1.22800E-001, 2.83756E+001, 2.50582E+001, 7.38509E-002, 2.67920E+001, 2.50178E+001
 9.80015E+001, 2.55572E+001, 2.73442E+001, 3.99175E+001, 2.98656E+001, 2.50203E+001, 2.62998E+001, 2.65669E+001, 7.38077E+001, 5.51299E+001, 5.10955E+001, 5.17196E+001, 5.46387E+001, 1.91735E+002, 1.52058E+002, 1.20500E+002, 9.90682E+001, 7.54193E+001, 3.60254E+001, 2.97204E+001, 2.91853E+001, 2.91147E+001, 3.01358E+001, 2.54469E+001, 2.54679E+001, 2.55572E+001, 2.56258E+001, 2.58519E+001, 2.53146E+001, 2.53907E+001, 2.54886E+001, 2.55679E+001, 2.57994E+001, 2.52692E+001, 2.53598E+001, 2.54557E+001, 2.55356E+001, 2.57709E+001, 3.15095E+002, 1.84860E+002, 3.79273E-002, 2.05107E-001, 2.68865E+002, 2.30000E-001, 2.60189E+001, 2.60189E+001, 1.22573E-001, 2.84381E+001, 2.50589E+001, 6.89839E-002, 2.66661E+001, 2.50178E+001
 9.90020E+001, 2.55580E+001, 2.72859E+001, 4.11865E+001, 2.98843E+001, 2.50201E+001, 2.62848E+001, 2.60682E+001, 7.35111E+001, 5.47440E+001, 5.06544E+001, 5.13727E+001, 5.37245E+001, 1.90471E+002, 1.50281E+002, 1.19314E+002, 9.81077E+001, 7.46177E+001, 3.65445E+001, 2.98806E+001, 2.90396E+001, 2.90788E+001, 2.97175E+001, 2.54562E+001, 2.54766E+001, 2.55580E+001, 2.56231E+001, 2.58432E+001, 2.53191E+001, 2.53971E+001, 2.54915E+001, 2.55684E+001, 2.57941E+001, 2.52746E+001, 2.53669E+001, 2.54603E+001, 2.55389E+001, 2.57701E+001, 3.15085E+002, 1.85130E+002, 3.79281E-002, 2.05025E-001, 2.69566E+002, 2.30000E-001, 2.60412E+001, 2.60412E+001, 1.20467E-001, 2.84428E+001, 2.50594E+001, 7.47079E-002, 2.69032E+001, 2.50176E+001
 1.00000E+002, 2.55603E+001, 2.72210E+001, 4.10728E+001, 3.00839E+001, 2.50198E+001, 2.62451E+001, 2.66144E+001, 7.37242E+001, 5.49796E+001, 5.05767E+001, 5.12321E+001, 5.38085E+001, 1.89730E+002, 1.48590E+002, 1.18409E+002, 9.67997E+001, 7.36912E+001, 3.65821E+001, 2.99902E+001, 2.90213E+001, 2.88685E+001, 2.91455E+001, 2.54668E+001, 2.54858E+001, 2.55603E+001, 2.56219E+001, 2.58301E+001, 2.53247E+001, 2.54047E+001, 2.54961E+001, 2.55705E+001, 2.57866E+001, 2.52815E+001, 2.53756E+001, 2.54651E+001, 2.55418E+001, 2.57626E+001, 3.15150E+002, 1.85751E+002, 3.79259E-002, 2.04958E-001, 2.70235E+002, 2.30000E-001, 2.60591E+001, 2.60591E+001, 1.21290E-001, 2.85885E+001, 2.50599E+001, 7.61226E-002, 2.69040E+001, 2.50175E+001
 1.01001E+002, 2.55627E+001, 2.72080E+001, 4.08991E+001, 2.95283E+001, 2.50195E+001, 2.60845E+001, 2.65465E+001, 7.55966E+001, 5.57393E+001, 5.12805E+001, 5.17609E+001, 5.37882E+001, 1.88720E+002, 1.47226E+002, 1.16627E+002, 9.56148E+001, 7.24156E+001, 3.65367E+001, 2.98986E+001, 2.89840E+001, 2.88146E+001, 2.92894E+001, 2.54752E+001, 2.54935E+001, 2.55627E+001, 2.56248E+001, 2.58299E+001, 2.53327E+001, 2.54148E+001, 2.55025E+001, 2.55750E+001, 2.57833E+001, 2.52898E+001, 2.53867E+001, 2.54725E+001, 2.55459E+001, 2.57588E+001, 3.16187E+002, 1.86064E+002, 3.79241E-002, 2.04938E-001, 2.70949E+002, 2.30000E-001, 2.60657E+001, 2.60657E+001, 1.20442E-001, 2.84997E+001, 2.50603E+001, 7.27333E-002, 2.71960E+001, 2.50177E+001
 1.02002E+002, 2.55675E+001, 2.72303E+001, 4.06652E+001, 2.97455E+001, 2.50190E+001, 2.56495E+001, 2.64595E+001, 7.67346E+001, 5.67569E+001, 5.19768E+001, 5.23533E+001, 5.42582E+001, 1.88072E+002, 1.46196E+002, 1.15844E+002, 9.43612E+001, 7.14449E+001, 3.64122E+001, 2.98100E+001, 2.88052E+001, 2.88206E+001, 2.87508E+001, 2.54834E+001, 2.55019E+001, 2.55675E+001, 2.56288E+001, 2.58281E+001, 2.53427E+001, 2.54265E+001, 2.55095E+001, 2.55793E+001, 2.57853E+001, 2.52972E+001, 2.53960E+001, 2.54786E+001, 2.55488E+001, 2.57586E+001, 3.16056E+002, 1.85637E+002, 3.79198E-002, 2.04984E-001, 2.71458E+002, 2.30000E-001, 2.60663E+001, 2.60663E+001, 1.21911E-001, 2.85102E+001, 2.50605E+001, 6.88097E-002, 2.74076E+001, 2.50179E+001
 1.03002E+002, 2.55702E+001, 2.72412E+001, 4.08386E+001, 2.97537E+001, 2.50186E+001, 2.54006E+001, 2.67799E+001, 7.73570E+001, 5.71749E+001, 5.24304E+001, 5.29486E+001, 5.46601E+001, 1.87874E+002, 1.46186E+002, 1.15678E+002, 9.44387E+001, 7.15131E+001, 3.63401E+001, 2.97497E+001, 2.87764E+001, 2.86384E+001, 2.87816E+001, 2.54896E+001, 2.55077E+001, 2.55702E+001, 2.56306E+001, 2.58332E+001, 2.53496E+001, 2.54321E+001, 2.55126E+001, 2.55811E+001, 2.57874E+001, 2.52985E+001, 2.53961E+001, 2.54789E+001, 2.55491E+001, 2.57561E+001, 3.15400E+002, 1.85524E+002, 3.79149E-002, 2.05008E-001, 2.71853E+002, 2.30000E-001, 2.60634E+001, 2.60634E+001, 1.22157E-001, 2.84557E+001, 2.50609E+001, 7.33920E-002, 2.73009E+001, 2.50179E+001
 1.04002E+002, 2.55710E+001, 2.72341E+001, 4.06731E+001, 2.98952E+001, 2.50182E+001, 2.52141E+001, 2.69042E+001, 7.69360E+001, 5.71750E+001, 5.28147E+001, 5.32196E+001, 5.50267E+001, 1.88653E+002, 1.47591E+002, 1.16481E+002, 9.50858E+001, 7.18935E+001, 3.62915E+001, 2.97042E+001, 2.88680E+001, 2.86628E+001, 2.87712E+001, 2.54881E+001, 2.55055E+001, 2.55710E+001, 2.56301E+001, 2.58285E+001, 2.53479E+001, 2.54282E+001, 2.55113E+001, 2.55805E+001, 2.57833E+001, 2.52948E+001, 2.53897E+001, 2.54758E+001, 2.55475E+001, 2.57481E+001, 3.15375E+002, 1.85221E+002, 3.79161E-002, 2.04989E-001, 2.72259E+002, 2.30000E-001, 2.60585E+001, 2.60585E+001, 1.22530E-001, 2.84432E+001, 2.50616E+001, 8.25111E-002, 2.70819E+001, 2.50177E+001
 1.05001E+002, 2.55694E+001, 2.72692E+001, 4.13178E+001, 2.97651E+001, 2.50179E+001, 2.51521E+001, 2.66481E+001, 7.64386E+001, 5.67191E+001, 5.27547E+001, 5.34341E+001, 5.57580E+001, 1.90781E+002, 1.50515E+002, 1.18450E+002, 9.67625E+001, 7.25949E+001, 3.60512E+001, 2.96474E+001, 2.89021E+001, 2.89178E+001, 2.94394E+001, 2.54796E+001, 2.54977E+001, 2.55694E+001, 2.56292E+001, 2.58323E+001, 2.53430E+001, 2.54212E+001, 2.55088E+001, 2.55795E+001, 2.57812E+001, 2.52923E+001, 2.53851E+001, 2.54737E+001, 2.55470E+001, 2.57480E+001, 3.15327E+002, 1.84659E+002, 3.79174E-002, 2.04979E-001, 2.72761E+002, 2.30000E-001, 2.60460E+001, 2.60460E+001, 1.22755E-001, 2.84265E+001, 2.50626E+001, 8.94312E-002, 2.70064E+001, 2.50175E+001
 1.06001E+002, 2.55690E+001, 2.73310E+001, 4.12476E+001, 2.99938E+001, 2.50179E+001, 2.52281E+001, 2.67353E+001, 7.51099E+001, 5.62903E+001, 5.24133E+001, 5.34065E+001, 5.59969E+001, 1.92142E+002, 1.52633E+002, 1.20302E+002, 9.78853E+001, 7.45039E+001, 3.51669E+001, 2.95125E+001, 2.89133E+001, 2.92253E+001, 2.99112E+001, 2.54686E+001, 2.54911E+001, 2.55690E+001, 2.56333E+001, 2.58465E+001, 2.53424E+001, 2.54186E+001, 2.55086E+001, 2.55815E+001, 2.57926E+001, 2.52952E+001, 2.53868E+001, 2.54753E+001, 2.55501E+001, 2.57615E+001, 3.15299E+002, 1.84447E+002, 3.79180E-002, 2.04977E-001, 2.73408E+002, 2.30000E-001, 2.60279E+001, 2.60279E+001, 1.25094E-001, 2.85475E+001, 2.50638E+001, 9.35893E-002, 2.72434E+001, 2.50178E+001
 1.07001E+002, 2.55708E+001, 2.73590E+001, 3.97887E+001, 2.98792E+001, 2.50179E+001, 2.55503E+001, 2.66766E+001, 7.43528E+001, 5.62718E+001, 5.24764E+001, 5.38749E+001, 5.73791E+001, 1.91457E+002, 1.52273E+002, 1.19845E+002, 9.70843E+001, 7.40538E+001, 3.43946E+001, 2.93215E+001, 2.88860E+001, 2.89574E+001, 2.99567E+001, 2.54624E+001, 2.54903E+001, 2.55708E+001, 2.56404E+001, 2.58713E+001, 2.53465E+001, 2.54214E+001, 2.55121E+001, 2.55880E+001, 2.58128E+001, 2.53010E+001, 2.53922E+001, 2.54805E+001, 2.55571E+001, 2.57820E+001, 3.15224E+002, 1.83940E+002, 3.79193E-002, 2.04934E-001, 2.74187E+002, 2.30000E-001, 2.60383E+001, 2.60383E+001, 1.25097E-001, 2.85356E+001, 2.50649E+001, 8.47199E-002, 2.73790E+001, 2.50180E+001
 1.08000E+002, 2.55809E+001, 2.73543E+001, 4.07824E+001, 2.96864E+001, 2.50179E+001, 2.59979E+001, 2.68162E+001, 7.40397E+001, 5.58879E+001, 5.24980E+001, 5.36839E+001, 5.66969E+001, 1.92323E+002, 1.53951E+002, 1.21897E+002, 1.00175E+002, 7.56550E+001, 3.44670E+001, 2.93228E+001, 2.88428E+001, 2.87594E+001, 2.95588E+001, 2.54660E+001, 2.54958E+001, 2.55809E+001, 2.56500E+001, 2.58780E+001, 2.53514E+001, 2.54261E+001, 2.55180E+001, 2.55956E+001, 2.58250E+001, 2.53058E+001, 2.53968E+001, 2.54864E+001, 2.55641E+001, 2.57954E+001, 3.15175E+002, 1.84792E+002, 3.79205E-002, 2.04823E-001, 2.74947E+002, 2.30000E-001, 2.60455E+001, 2.60455E+001, 1.22089E-001, 2.85279E+001, 2.50655E+001, 7.50414E-002, 2.73944E+001, 2.50175E+001
 1.09002E+002, 2.55865E+001, 2.73891E+001, 3.96820E+001, 2.95249E+001, 2.50180E+001, 2.63188E+001, 2.70625E+001, 7.49548E+001, 5.64985E+001, 5.31037E+001, 5.44728E+001, 5.70258E+001, 1.92552E+002, 1.54085E+002, 1.22218E+002, 1.00787E+002, 7.77924E+001, 3.42707E+001, 2.92940E+001, 2.86390E+001, 2.87553E+001, 2.92358E+001, 2.54684E+001, 2.54996E+001, 2.55865E+001, 2.56557E+001, 2.58780E+001, 2.53536E+001, 2.54284E+001, 2.55212E+001, 2.56003E+001, 2.58233E+001, 2.53070E+001, 2.53979E+001, 2.54893E+001, 2.55688E+001, 2.57938E+001, 3.15166E+002, 1.84950E+002, 3.79187E-002, 2.04792E-001, 2.75678E+002, 2.30000E-001, 2.60509E+001, 2.60509E+001, 1.17336E-001, 2.84612E+001, 2.50657E+001, 6.83625E-002, 2.73579E+001, 2.50171E+001
 1.10002E+002, 2.55843E+001, 2.73698E+001, 3.99572E+001, 2.96801E+001, 2.50179E+001, 2.64245E+001, 2.67489E+001, 7.57582E+001, 5.72231E+001, 5.39744E+001, 5.51102E+001, 5.80616E+001, 1.92694E+002, 1.54198E+002, 1.22192E+002, 1.00525E+002, 7.78547E+001, 3.41154E+001, 2.91620E+001, 2.86446E+001, 2.86328E+001, 2.92764E+001, 2.54647E+001, 2.54972E+001, 2.55843E+001, 2.56577E+001, 2.58681E+001, 2.53521E+001, 2.54274E+001, 2.55219E+001, 2.56031E+001, 2.58146E+001, 2.53053E+001, 2.53968E+001, 2.54898E+001, 2.55720E+001, 2.57849E+001, 3.15152E+002, 1.85152E+002, 3.79154E-002, 2.04743E-001, 2.76394E+002, 2.30000E-001, 2.60493E+001, 2.60493E+001, 1.17195E-001, 2.84947E+001, 2.50657E+001, 6.68810E-002, 2.73110E+001, 2.50170E+001
 1.11002E+002, 2.55833E+001, 2.73413E+001, 4.00644E+001, 2.95292E+001, 2.50177E+001, 2.59012E+001, 2.68562E+001, 7.69596E+001, 5.79225E+001, 5.45006E+001, 5.59606E+001, 5.86842E+001, 1.92334E+002, 1.53661E+002, 1.21366E+002, 1.00089E+002, 7.67798E+001, 3.39847E+001, 2.89940E+001, 2.84983E+001, 2.86617E+001, 2.91157E+001, 2.54596E+001, 2.54924E+001, 2.55833E+001, 2.56598E+001, 2.58576E+001, 2.53498E+001, 2.54257E+001, 2.55234E+001, 2.56067E+001, 2.58076E+001, 2.53036E+001, 2.53964E+001, 2.54915E+001, 2.55749E+001, 2.57786E+001, 3.15221E+002, 1.84699E+002, 3.79126E-002, 2.04706E-001, 2.77011E+002, 2.30000E-001, 2.60462E+001, 2.60462E+001, 1.18768E-001, 2.84982E+001, 2.50656E+001, 6.79959E-002, 2.71443E+001, 2.50169E+001
 1.12001E+002, 2.55862E+001, 2.72983E+001, 4.04819E+001, 2.97131E+001, 2.50172E+001, 2.53111E+001, 2.68320E+001, 7.76025E+001, 5.83721E+001, 5.51090E+001, 5.66836E+001, 5.89784E+001, 1.92153E+002, 1.53426E+002, 1.20935E+002, 9.93933E+001, 7.67528E+001, 3.39458E+001, 2.89227E+001, 2.84318E+001, 2.86619E+001, 2.89487E+001, 2.54568E+001, 2.54905E+001, 2.55862E+001, 2.56660E+001, 2.58556E+001, 2.53492E+001, 2.54261E+001, 2.55273E+001, 2.56122E+001, 2.58088E+001, 2.53033E+001, 2.53975E+001, 2.54954E+001, 2.55791E+001, 2.57805E+001, 3.15402E+002, 1.84461E+002, 3.79106E-002, 2.04705E-001, 2.77489E+002, 2.30000E-001, 2.60448E+001, 2.60448E+001, 1.20197E-001, 2.85326E+001, 2.50654E+001, 7.17852E-002, 2.71343E+001, 2.50171E+001
 1.13000E+002, 2.55922E+001, 2.72591E+001, 3.98357E+001, 2.97402E+001, 2.50170E+001, 2.52001E+001, 2.68693E+001, 7.77937E+001, 5.86282E+001, 5.48526E+001, 5.63362E+001, 5.90288E+001, 1.92389E+002, 1.53555E+002, 1.20909E+002, 9.89952E+001, 7.69060E+001, 3.40492E+001, 2.89606E+001, 2.84690E+001, 2.86727E+001, 2.89647E+001, 2.54573E+001, 2.54916E+001, 2.55922E+001, 2.56730E+001, 2.58630E+001, 2.53495E+001, 2.54270E+001, 2.55319E+001, 2.56177E+001, 2.58168E+001, 2.53028E+001, 2.53971E+001, 2.54989E+001, 2.55831E+001, 2.57855E+001, 3.16604E+002, 1.84785E+002, 3.79093E-002, 2.04749E-001, 2.77887E+002, 2.30000E-001, 2.60457E+001, 2.60457E+001, 1.22131E-001, 2.85570E+001, 2.50654E+001, 8.02222E-002, 2.73404E+001, 2.50174E+001
 1.14001E+002, 2.55982E+001, 2.72830E+001, 4.03012E+001, 2.95292E+001, 2.50168E+001, 2.53411E+001, 2.66585E+001, 7.79276E+001, 5.80980E+001, 5.47045E+001, 5.61290E+001, 5.85064E+001, 1.92687E+002, 1.53773E+002, 1.20904E+002, 9.83710E+001, 7.66191E+001, 3.42280E+001, 2.90894E+001, 2.85948E+001, 2.87671E+001, 2.91695E+001, 2.54574E+001, 2.54916E+001, 2.55982E+001, 2.56788E+001, 2.58710E+001, 2.53482E+001, 2.54257E+001, 2.55355E+001, 2.56218E+001, 2.58212E+001, 2.53011E+001, 2.53956E+001, 2.55014E+001, 2.55855E+001, 2.57845E+001, 3.16631E+002, 1.85226E+002, 3.79109E-002, 2.04781E-001, 2.78309E+002, 2.30000E-001, 2.60477E+001, 2.60477E+001, 1.23272E-001, 2.85090E+001, 2.50657E+001, 8.80091E-002, 2.75664E+001, 2.50177E+001
 1.15002E+002, 2.56011E+001, 2.73470E+001, 3.97386E+001, 2.91611E+001, 2.50167E+001, 2.55116E+001, 2.64382E+001, 7.73986E+001, 5.77452E+001, 5.40990E+001, 5.53780E+001, 5.82520E+001, 1.93049E+002, 1.53937E+002, 1.20664E+002, 9.75128E+001, 7.55586E+001, 3.46195E+001, 2.91924E+001, 2.87827E+001, 2.90600E+001, 2.98208E+001, 2.54575E+001, 2.54911E+001, 2.56011E+001, 2.56838E+001, 2.58752E+001, 2.53469E+001, 2.54251E+001, 2.55380E+001, 2.56234E+001, 2.58173E+001, 2.53012E+001, 2.53970E+001, 2.55037E+001, 2.55858E+001, 2.57779E+001, 3.15505E+002, 1.85791E+002, 3.79154E-002, 2.04763E-001, 2.78837E+002, 2.30000E-001, 2.60481E+001, 2.60481E+001, 1.22276E-001, 2.84030E+001, 2.50665E+001, 8.61513E-002, 2.74089E+001, 2.50176E+001
 1.16002E+002, 2.56058E+001, 2.73941E+001, 3.99008E+001, 2.91707E+001, 2.50167E+001, 2.56550E+001, 2.70039E+001, 7.60527E+001, 5.64317E+001, 5.30173E+001, 5.40420E+001, 5.72966E+001, 1.93550E+002, 1.54476E+002, 1.21302E+002, 9.86309E+001, 7.54859E+001, 3.53841E+001, 2.93852E+001, 2.90738E+001, 2.92693E+001, 3.04400E+001, 2.54621E+001, 2.54964E+001, 2.56058E+001, 2.56861E+001, 2.58844E+001, 2.53491E+001, 2.54292E+001, 2.55412E+001, 2.56227E+001, 2.58201E+001, 2.53062E+001, 2.54038E+001, 2.55069E+001, 2.55835E+001, 2.57826E+001, 3.16327E+002, 1.86284E+002, 3.79156E-002, 2.04722E-001, 2.79513E+002, 2.30000E-001, 2.60420E+001, 2.60420E+001, 1.21876E-001, 2.84524E+001, 2.50676E+001, 7.57563E-002, 2.71111E+001, 2.50174E+001
 1.17001E+002, 2.56141E+001, 2.74342E+001, 3.95158E+001, 2.95496E+001, 2.50165E+001, 2.58873E+001, 2.74185E+001, 7.46285E+001, 5.58410E+001, 5.20107E+001, 5.31446E+001, 5.64381E+001, 1.93004E+002, 1.53658E+002, 1.20951E+002, 9.90738E+001, 7.61158E+001, 3.53012E+001, 2.94316E+001, 2.90798E+001, 2.91644E+001, 2.99153E+001, 2.54711E+001, 2.55083E+001, 2.56141E+001, 2.56839E+001, 2.58907E+001, 2.53570E+001, 2.54394E+001, 2.55459E+001, 2.56216E+001, 2.58330E+001, 2.53162E+001, 2.54159E+001, 2.55115E+001, 2.55833E+001, 2.58017E+001, 3.15767E+002, 1.85265E+002, 3.79143E-002, 2.04674E-001, 2.80120E+002, 2.30000E-001, 2.60441E+001, 2.60441E+001, 1.22339E-001, 2.85990E+001, 2.50686E+001, 6.77068E-002, 2.70172E+001, 2.50172E+001
 1.18001E+002, 2.56166E+001, 2.74651E+001, 3.96967E+001, 2.96166E+001, 2.50163E+001, 2.55597E+001, 2.68989E+001, 7.39122E+001, 5.57387E+001, 5.22127E+001, 5.31004E+001, 5.57806E+001, 1.91924E+002, 1.52475E+002, 1.20005E+002, 9.84263E+001, 7.58627E+001, 3.49911E+001, 2.93559E+001, 2.88891E+001, 2.89754E+001, 2.95639E+001, 2.54813E+001, 2.55216E+001, 2.56166E+001, 2.56825E+001, 2.58966E+001, 2.53700E+001, 2.54540E+001, 2.55511E+001, 2.56236E+001, 2.58480E+001, 2.53278E+001, 2.54289E+001, 2.55171E+001, 2.55883E+001, 2.58251E+001, 3.15823E+002, 1.83981E+002, 3.79140E-002, 2.04643E-001, 2.80592E+002, 2.30000E-001, 2.60565E+001, 2.60565E+001, 1.21307E-001, 2.85770E+001, 2.50695E+001, 6.84442E-002, 2.70972E+001, 2.50170E+001
 1.19001E+002, 2.56183E+001, 2.74410E+001, 3.97034E+001, 2.93341E+001, 2.50161E+001, 2.52418E+001, 2.71071E+001, 7.38590E+001, 5.52122E+001, 5.11612E+001, 5.23279E+001, 5.55236E+001, 1.91697E+002, 1.52256E+002, 1.19834E+002, 9.81663E+001, 7.52487E+001, 3.53586E+001, 2.94019E+001, 2.88851E+001, 2.89323E+001, 2.95595E+001, 2.54932E+001, 2.55352E+001, 2.56183E+001, 2.56855E+001, 2.59080E+001, 2.53819E+001, 2.54666E+001, 2.55560E+001, 2.56287E+001, 2.58623E+001, 2.53326E+001, 2.54344E+001, 2.55204E+001, 2.55954E+001, 2.58403E+001, 3.15988E+002, 1.83694E+002, 3.79136E-002, 2.04666E-001, 2.81007E+002, 2.30000E-001, 2.60567E+001, 2.60567E+001, 1.20957E-001, 2.84798E+001, 2.50701E+001, 7.46944E-002, 2.72846E+001, 2.50169E+001
 1.20001E+002, 2.56229E+001, 2.74044E+001, 4.00126E+001, 2.97057E+001, 2.50160E+001, 2.53511E+001, 2.70471E+001, 7.41802E+001, 5.55751E+001, 5.19376E+001, 5.26033E+001, 5.46564E+001, 1.91922E+002, 1.52687E+002, 1.21011E+002, 9.97438E+001, 7.66709E+001, 3.51810E+001, 2.94776E+001, 2.88304E+001, 2.88459E+001, 2.94732E+001, 2.54985E+001, 2.55414E+001, 2.56229E+001, 2.56889E+001, 2.59117E+001, 2.53823E+001, 2.54682E+001, 2.55583E+001, 2.56348E+001, 2.58629E+001, 2.53294E+001, 2.54322E+001, 2.55225E+001, 2.56029E+001, 2.58362E+001, 3.15933E+002, 1.83661E+002, 3.79130E-002, 2.04659E-001, 2.81461E+002, 2.30000E-001, 2.60571E+001, 2.60571E+001, 1.22310E-001, 2.85368E+001, 2.50708E+001, 8.06339E-002, 2.72409E+001, 2.50173E+001
 1.21000E+002, 2.56270E+001, 2.73118E+001, 3.98249E+001, 2.98407E+001, 2.50158E+001, 2.55971E+001, 2.63189E+001, 7.53336E+001, 5.67412E+001, 5.25297E+001, 5.35589E+001, 5.60600E+001, 1.91437E+002, 1.52540E+002, 1.20734E+002, 9.98035E+001, 7.85339E+001, 3.41428E+001, 2.92107E+001, 2.86647E+001, 2.87059E+001, 2.85957E+001, 2.54893E+001, 2.55374E+001, 2.56270E+001, 2.56938E+001, 2.58855E+001, 2.53783E+001, 2.54647E+001, 2.55603E+001, 2.56391E+001, 2.58449E+001, 2.53278E+001, 2.54315E+001, 2.55268E+001, 2.56083E+001, 2.58182E+001, 3.15998E+002, 1.83544E+002, 3.79117E-002, 2.04620E-001, 2.81806E+002, 2.30000E-001, 2.60664E+001, 2.60664E+001, 1.22080E-001, 2.85897E+001, 2.50715E+001, 8.49305E-002, 2.73610E+001, 2.50174E+001
 1.22002E+002, 2.56244E+001, 2.72406E+001, 4.01003E+001, 2.96074E+001, 2.50155E+001, 2.58201E+001, 2.61552E+001, 7.61299E+001, 5.69270E+001, 5.33995E+001, 5.42352E+001, 5.63691E+001, 1.91617E+002, 1.52750E+002, 1.20664E+002, 9.96953E+001, 7.78725E+001, 3.41007E+001, 2.91051E+001, 2.85371E+001, 2.86374E+001, 2.87229E+001, 2.54813E+001, 2.55322E+001, 2.56244E+001, 2.56937E+001, 2.58690E+001, 2.53776E+001, 2.54637E+001, 2.55625E+001, 2.56405E+001, 2.58263E+001, 2.53283E+001, 2.54329E+001, 2.55301E+001, 2.56083E+001, 2.57990E+001, 3.15939E+002, 1.83670E+002, 3.79109E-002, 2.04591E-001, 2.82063E+002, 2.30000E-001, 2.60658E+001, 2.60658E+001, 1.19902E-001, 2.85160E+001, 2.50722E+001, 7.70672E-002, 2.71440E+001, 2.50170E+001
 1.23002E+002, 2.56271E+001, 2.72245E+001, 3.98871E+001, 2.95014E+001, 2.50155E+001, 2.65787E+001, 2.67523E+001, 7.62105E+001, 5.73575E+001, 5.34947E+001, 5.45112E+001, 5.70006E+001, 1.92107E+002, 1.53372E+002, 1.20988E+002, 9.99582E+001, 7.86947E+001, 3.39353E+001, 2.91158E+001, 2.86299E+001, 2.86462E+001, 2.86308E+001, 2.54813E+001, 2.55307E+001, 2.56271E+001, 2.56919E+001, 2.58619E+001, 2.53765E+001, 2.54624E+001, 2.55638E+001, 2.56397E+001, 2.58184E+001, 2.53260E+001, 2.54297E+001, 2.55287E+001, 2.56041E+001, 2.57894E+001, 3.15869E+002, 1.84443E+002, 3.79080E-002, 2.04576E-001, 2.82476E+002, 2.30000E-001, 2.60686E+001, 2.60686E+001, 1.19862E-001, 2.85235E+001, 2.50728E+001, 6.44737E-002, 2.70660E+001, 2.50169E+001
 1.24002E+002, 2.56296E+001, 2.72793E+001, 4.05308E+001, 2.94883E+001, 2.50154E+001, 2.62913E+001, 2.65939E+001, 7.65552E+001, 5.69085E+001, 5.35985E+001, 5.46721E+001, 5.70323E+001, 1.92391E+002, 1.53527E+002, 1.20868E+002, 9.96460E+001, 7.83276E+001, 3.40115E+001, 2.91459E+001, 2.87073E+001, 2.88475E+001, 2.86948E+001, 2.54778E+001, 2.55269E+001, 2.56296E+001, 2.56971E+001, 2.58801E+001, 2.53724E+001, 2.54577E+001, 2.55631E+001, 2.56389E+001, 2.58257E+001, 2.53227E+001, 2.54244E+001, 2.55261E+001, 2.56014E+001, 2.57995E+001, 3.15925E+002, 1.84884E+002, 3.79067E-002, 2.04560E-001, 2.82970E+002, 2.30000E-001, 2.60680E+001, 2.60680E+001, 1.20764E-001, 2.85842E+001, 2.50732E+001, 6.65953E-002, 2.71374E+001, 2.50169E+001
 1.25001E+002, 2.56296E+001, 2.73452E+001, 4.06807E+001, 2.97659E+001, 2.50152E+001, 2.65822E+001, 2.63715E+001, 7.60549E+001, 5.67463E+001, 5.29527E+001, 5.42507E+001, 5.71359E+001, 1.92386E+002, 1.53159E+002, 1.20330E+002, 9.88614E+001, 7.72861E+001, 3.41982E+001, 2.91651E+001, 2.87644E+001, 2.89053E+001, 2.90021E+001, 2.54755E+001, 2.55225E+001, 2.56296E+001, 2.57008E+001, 2.59136E+001, 2.53694E+001, 2.54533E+001, 2.55621E+001, 2.56397E+001, 2.58475E+001, 2.53215E+001, 2.54218E+001, 2.55249E+001, 2.56027E+001, 2.58178E+001, 3.16019E+002, 1.84975E+002, 3.79074E-002, 2.04554E-001, 2.83414E+002, 2.30000E-001, 2.60712E+001, 2.60712E+001, 1.21155E-001, 2.86336E+001, 2.50732E+001, 7.32806E-002, 2.72144E+001, 2.50166E+001
 1.26001E+002, 2.56277E+001, 2.73782E+001, 4.05701E+001, 2.99790E+001, 2.50150E+001, 2.62765E+001, 2.65360E+001, 7.52539E+001, 5.60408E+001, 5.27511E+001, 5.39452E+001, 5.67553E+001, 1.92230E+002, 1.52608E+002, 1.19636E+002, 9.79696E+001, 7.59291E+001, 3.45953E+001, 2.92100E+001, 2.88347E+001, 2.89963E+001, 2.95735E+001, 2.54759E+001, 2.55206E+001, 2.56277E+001, 2.57022E+001, 2.59300E+001, 2.53694E+001, 2.54527E+001, 2.55624E+001, 2.56430E+001, 2.58628E+001, 2.53232E+001, 2.54231E+001, 2.55255E+001, 2.56067E+001, 2.58273E+001, 3.16080E+002, 1.84647E+002, 3.79091E-002, 2.04553E-001, 2.83844E+002, 2.30000E-001, 2.60721E+001, 2.60721E+001, 1.21052E-001, 2.86105E+001, 2.50732E+001, 7.77099E-002, 2.70465E+001, 2.50167E+001
 1.27001E+002, 2.56275E+001, 2.73755E+001, 3.98200E+001, 2.95648E+001, 2.50150E+001, 2.56081E+001, 2.64435E+001, 7.40491E+001, 5.51192E+001, 5.18966E+001, 5.30437E+001, 5.61967E+001, 1.92462E+002, 1.53065E+002, 1.20356E+002, 9.86074E+001, 7.58906E+001, 3.52196E+001, 2.93780E+001, 2.89320E+001, 2.90404E+001, 2.94491E+001, 2.54810E+001, 2.55238E+001, 2.56275E+001, 2.57034E+001, 2.59192E+001, 2.53714E+001, 2.54550E+001, 2.55634E+001, 2.56467E+001, 2.58664E+001, 2.53263E+001, 2.54264E+001, 2.55278E+001, 2.56114E+001, 2.58302E+001, 3.16161E+002, 1.84670E+002, 3.79116E-002, 2.04531E-001, 2.84264E+002, 2.30000E-001, 2.60670E+001, 2.60670E+001, 1.20256E-001, 2.85295E+001, 2.50733E+001, 8.15732E-002, 2.69624E+001, 2.50171E+001
 1.28000E+002, 2.56313E+001, 2.73597E+001, 3.93876E+001, 2.95542E+001, 2.50148E+001, 2.59346E+001, 2.65571E+001, 7.31790E+001, 5.51465E+001, 5.17436E+001, 5.29902E+001, 5.58406E+001, 1.92212E+002, 1.53092E+002, 1.21002E+002, 9.96157E+001, 7.73596E+001, 3.47146E+001, 2.93747E+001, 2.88424E+001, 2.88683E+001, 2.90098E+001, 2.54852E+001, 2.55283E+001, 2.56313E+001, 2.57045E+001, 2.59121E+001, 2.53745E+001, 2.54583E+001, 2.55653E+001, 2.56492E+001, 2.58666E+001, 2.53300E+001, 2.54306E+001, 2.55313E+001, 2.56157E+001, 2.58331E+001, 3.16362E+002, 1.84211E+002, 3.79121E-002, 2.04500E-001, 2.84641E+002, 2.30000E-001, 2.60743E+001, 2.60743E+001, 1.20276E-001, 2.85263E+001, 2.50737E+001, 8.48990E-002, 2.71417E+001, 2.50173E+001
 1.29000E+002, 2.56301E+001, 2.73636E+001, 3.95232E+001, 2.95482E+001, 2.50146E+001, 2.59626E+001, 2.61181E+001, 7.40687E+001, 5.59920E+001, 5.24280E+001, 5.35311E+001, 5.61461E+001, 1.90717E+002, 1.51167E+002, 1.18830E+002, 9.76819E+001, 7.62546E+001, 3.43968E+001, 2.91586E+001, 2.86343E+001, 2.86811E+001, 2.87851E+001, 2.54832E+001, 2.55289E+001, 2.56301E+001, 2.57041E+001, 2.59063E+001, 2.53783E+001, 2.54619E+001, 2.55675E+001, 2.56504E+001, 2.58638E+001, 2.53338E+001, 2.54355E+001, 2.55353E+001, 2.56193E+001, 2.58349E+001, 3.16497E+002, 1.82760E+002, 3.79124E-002, 2.04485E-001, 2.84942E+002, 2.30000E-001, 2.60882E+001, 2.60882E+001, 1.20001E-001, 2.85199E+001, 2.50744E+001, 8.35434E-002, 2.73289E+001, 2.50171E+001
 1.30002E+002, 2.56276E+001, 2.73574E+001, 4.08021E+001, 2.93863E+001, 2.50146E+001, 2.62164E+001, 2.65008E+001, 7.40020E+001, 5.56572E+001, 5.19989E+001, 5.29573E+001, 5.56159E+001, 1.91145E+002, 1.51718E+002, 1.19301E+002, 9.78426E+001, 7.48884E+001, 3.49774E+001, 2.92210E+001, 2.86072E+001, 2.86206E+001, 2.92147E+001, 2.54864E+001, 2.55307E+001, 2.56276E+001, 2.57009E+001, 2.59123E+001, 2.53815E+001, 2.54663E+001, 2.55706E+001, 2.56529E+001, 2.58666E+001, 2.53376E+001, 2.54411E+001, 2.55393E+001, 2.56219E+001, 2.58347E+001, 3.16495E+002, 1.83077E+002, 3.79117E-002, 2.04494E-001, 2.85243E+002, 2.30000E-001, 2.60800E+001, 2.60800E+001, 1.20090E-001, 2.85244E+001, 2.50753E+001, 8.02560E-002, 2.74064E+001, 2.50170E+001
 1.31002E+002, 2.56331E+001, 2.73354E+001, 4.03887E+001, 2.98203E+001, 2.50147E+001, 2.67832E+001, 2.71724E+001, 7.48887E+001, 5.63861E+001, 5.25532E+001, 5.35667E+001, 5.61595E+001, 1.91219E+002, 1.51882E+002, 1.19887E+002, 9.86830E+001, 7.62432E+001, 3.44813E+001, 2.92092E+001, 2.86126E+001, 2.85620E+001, 2.89490E+001, 2.54928E+001, 2.55366E+001, 2.56331E+001, 2.57021E+001, 2.59149E+001, 2.53862E+001, 2.54722E+001, 2.55749E+001, 2.56562E+001, 2.58707E+001, 2.53415E+001, 2.54473E+001, 2.55439E+001, 2.56248E+001, 2.58411E+001, 3.16487E+002, 1.83052E+002, 3.79107E-002, 2.04514E-001, 2.85648E+002, 2.30000E-001, 2.60922E+001, 2.60922E+001, 1.22247E-001, 2.86351E+001, 2.50763E+001, 7.27280E-002, 2.73211E+001, 2.50172E+001
 1.32001E+002, 2.56366E+001, 2.73322E+001, 4.01302E+001, 3.02605E+001, 2.50147E+001, 2.64850E+001, 2.74190E+001, 7.53857E+001, 5.68400E+001, 5.27561E+001, 5.35598E+001, 5.60113E+001, 1.89636E+002, 1.49744E+002, 1.17703E+002, 9.65935E+001, 7.46272E+001, 3.46683E+001, 2.91484E+001, 2.85716E+001, 2.86363E+001, 2.87065E+001, 2.54948E+001, 2.55426E+001, 2.56366E+001, 2.57084E+001, 2.59159E+001, 2.53915E+001, 2.54788E+001, 2.55796E+001, 2.56598E+001, 2.58758E+001, 2.53458E+001, 2.54533E+001, 2.55489E+001, 2.56295E+001, 2.58492E+001, 3.16520E+002, 1.83364E+002, 3.79118E-002, 2.04517E-001, 2.86020E+002, 2.30000E-001, 2.60974E+001, 2.60974E+001, 1.23913E-001, 2.87324E+001, 2.50772E+001, 6.20602E-002, 2.69683E+001, 2.50173E+001
 1.33001E+002, 2.56380E+001, 2.73469E+001, 4.12659E+001, 2.98830E+001, 2.50147E+001, 2.60099E+001, 2.71391E+001, 7.50938E+001, 5.63852E+001, 5.25662E+001, 5.35991E+001, 5.60740E+001, 1.90960E+002, 1.51240E+002, 1.18943E+002, 9.71988E+001, 7.34752E+001, 3.52959E+001, 2.92965E+001, 2.86304E+001, 2.86317E+001, 2.93425E+001, 2.55039E+001, 2.55475E+001, 2.56380E+001, 2.57106E+001, 2.59311E+001, 2.53954E+001, 2.54840E+001, 2.55833E+001, 2.56641E+001, 2.58823E+001, 2.53483E+001, 2.54572E+001, 2.55522E+001, 2.56338E+001, 2.58524E+001, 3.16475E+002, 1.82795E+002, 3.79106E-002, 2.04493E-001, 2.86387E+002, 2.30000E-001, 2.60945E+001, 2.60945E+001, 1.22585E-001, 2.86132E+001, 2.50781E+001, 6.33749E-002, 2.69238E+001, 2.50174E+001
 1.34001E+002, 2.56427E+001, 2.73301E+001, 4.08854E+001, 3.00213E+001, 2.50147E+001, 2.53090E+001, 2.69636E+001, 7.50683E+001, 5.67919E+001, 5.28253E+001, 5.36671E+001, 5.61290E+001, 1.90897E+002, 1.51152E+002, 1.19144E+002, 9.81021E+001, 7.57952E+001, 3.44642E+001, 2.91864E+001, 2.86076E+001, 2.86317E+001, 2.89938E+001, 2.55057E+001, 2.55511E+001, 2.56427E+001, 2.57140E+001, 2.59268E+001, 2.53973E+001, 2.54862E+001, 2.55854E+001, 2.56670E+001, 2.58801E+001, 2.53487E+001, 2.54577E+001, 2.55532E+001, 2.56352E+001, 2.58464E+001, 3.16549E+002, 1.83272E+002, 3.79109E-002, 2.04422E-001, 2.86858E+002, 2.30000E-001, 2.60972E+001, 2.60972E+001, 1.21958E-001, 2.86682E+001, 2.50789E+001, 7.05648E-002, 2.70335E+001, 2.50177E+001
 1.35001E+002, 2.56388E+001, 2.73285E+001, 4.08519E+001, 3.01840E+001, 2.50146E+001, 2.51652E+001, 2.66776E+001, 7.52567E+001, 5.70624E+001, 5.32280E+001, 5.44423E+001, 5.69922E+001, 1.89315E+002, 1.49107E+002, 1.16697E+002, 9.51721E+001, 7.28800E+001, 3.48599E+001, 2.90653E+001, 2.85005E+001, 2.85639E+001, 2.87203E+001, 2.54998E+001, 2.55473E+001, 2.56388E+001, 2.57136E+001, 2.59155E+001, 2.53965E+001, 2.54846E+001, 2.55845E+001, 2.56661E+001, 2.58718E+001, 2.53478E+001, 2.54561E+001, 2.55528E+001, 2.56350E+001, 2.58410E+001, 3.16565E+002, 1.82994E+002, 3.79107E-002, 2.04392E-001, 2.87259E+002, 2.30000E-001, 2.61010E+001, 2.61010E+001, 1.22192E-001, 2.86572E+001, 2.50795E+001, 7.48734E-002, 2.70754E+001, 2.50176E+001
 1.36000E+002, 2.56338E+001, 2.73710E+001, 4.14877E+001, 3.01627E+001, 2.50146E+001, 2.53153E+001, 2.68710E+001, 7.48070E+001, 5.66650E+001, 5.30202E+001, 5.41260E+001, 5.70467E+001, 1.91423E+002, 1.51637E+002, 1.19145E+002, 9.71016E+001, 7.33204E+001, 3.47931E+001, 2.91468E+001, 2.85749E+001, 2.86044E+001, 2.92472E+001, 2.54989E+001, 2.55428E+001, 2.56338E+001, 2.57095E+001, 2.59189E+001, 2.53937E+001, 2.54814E+001, 2.55825E+001, 2.56649E+001, 2.58709E+001, 2.53463E+001, 2.54536E+001, 2.55512E+001, 2.56341E+001, 2.58413E+001, 3.16490E+002, 1.83318E+002, 3.79092E-002, 2.04393E-001, 2.87573E+002, 2.30000E-001, 2.60901E+001, 2.60901E+001, 1.22508E-001, 2.86055E+001, 2.50797E+001, 7.95950E-002, 2.72684E+001, 2.50178E+001
 1.37002E+002, 2.56317E+001, 2.73238E+001, 4.05251E+001, 3.00837E+001, 2.50147E+001, 2.57295E+001, 2.63363E+001, 7.58718E+001, 5.78696E+001, 5.38625E+001, 5.51319E+001, 5.81962E+001, 1.89613E+002, 1.48899E+002, 1.16032E+002, 9.43601E+001, 7.35195E+001, 3.40024E+001, 2.89060E+001, 2.84805E+001, 2.86062E+001, 2.87123E+001, 2.54900E+001, 2.55365E+001, 2.56317E+001, 2.57093E+001, 2.59142E+001, 2.53914E+001, 2.54779E+001, 2.55808E+001, 2.56645E+001, 2.58722E+001, 2.53450E+001, 2.54511E+001, 2.55500E+001, 2.56335E+001, 2.58419E+001, 3.16575E+002, 1.82924E+002, 3.79075E-002, 2.04384E-001, 2.87978E+002, 2.30000E-001, 2.60970E+001, 2.60970E+001, 1.22126E-001, 2.86358E+001, 2.50798E+001, 7.73142E-002, 2.72416E+001, 2.50179E+001
 1.38002E+002, 2.56254E+001, 2.72908E+001, 4.12025E+001, 3.03666E+001, 2.50147E+001, 2.58985E+001, 2.61389E+001, 7.48646E+001, 5.70629E+001, 5.32966E+001, 5.48521E+001, 5.82373E+001, 1.90593E+002, 1.50366E+002, 1.16236E+002, 9.35384E+001, 7.16216E+001, 3.46841E+001, 2.90310E+001, 2.84635E+001, 2.86607E+001, 2.91504E+001, 2.54873E+001, 2.55310E+001, 2.56254E+001, 2.57090E+001, 2.59202E+001, 2.53897E+001, 2.54750E+001, 2.55792E+001, 2.56643E+001, 2.58737E+001, 2.53446E+001, 2.54491E+001, 2.55496E+001, 2.56340E+001, 2.58456E+001, 3.16575E+002, 1.83110E+002, 3.79095E-002, 2.04385E-001, 2.88384E+002, 2.30000E-001, 2.60904E+001, 2.60904E+001, 1.23297E-001, 2.86938E+001, 2.50798E+001, 8.46997E-002, 2.73495E+001, 2.50180E+001
 1.39002E+002, 2.56265E+001, 2.72769E+001, 4.06928E+001, 3.01971E+001, 2.50149E+001, 2.63201E+001, 2.63232E+001, 7.54752E+001, 5.73953E+001, 5.37198E+001, 5.54956E+001, 5.80003E+001, 1.90553E+002, 1.50255E+002, 1.15691E+002, 9.41070E+001, 7.21227E+001, 3.39747E+001, 2.89828E+001, 2.86459E+001, 2.88119E+001, 2.93999E+001, 2.54862E+001, 2.55291E+001, 2.56265E+001, 2.57087E+001, 2.59242E+001, 2.53891E+001, 2.54729E+001, 2.55785E+001, 2.56638E+001, 2.58756E+001, 2.53442E+001, 2.54470E+001, 2.55481E+001, 2.56332E+001, 2.58485E+001, 3.16670E+002, 1.83697E+002, 3.79109E-002, 2.04360E-001, 2.88875E+002, 2.30000E-001, 2.60986E+001, 2.60986E+001, 1.22500E-001, 2.86333E+001, 2.50799E+001, 8.67959E-002, 2.75507E+001, 2.50183E+001
 1.40001E+002, 2.56227E+001, 2.73120E+001, 4.09352E+001, 3.03623E+001, 2.50149E+001, 2.66596E+001, 2.67794E+001, 7.50179E+001, 5.72426E+001, 5.37827E+001, 5.51791E+001, 5.79492E+001, 1.89968E+002, 1.48732E+002, 1.13678E+002, 9.17653E+001, 7.00370E+001, 3.45444E+001, 2.89770E+001, 2.87860E+001, 2.87348E+001, 2.96247E+001, 2.54822E+001, 2.55256E+001, 2.56227E+001, 2.57102E+001, 2.59344E+001, 2.53881E+001, 2.54708E+001, 2.55769E+001, 2.56636E+001, 2.58853E+001, 2.53440E+001, 2.54451E+001, 2.55470E+001, 2.56334E+001, 2.58597E+001, 3.16630E+002, 1.84786E+002, 3.79103E-002, 2.04309E-001, 2.89387E+002, 2.30000E-001, 2.60940E+001, 2.60940E+001, 1.22222E-001, 2.86977E+001, 2.50801E+001, 8.13660E-002, 2.73607E+001, 2.50182E+001
 1.41001E+002, 2.56212E+001, 2.73329E+001, 4.14507E+001, 2.99257E+001, 2.50149E+001, 2.64666E+001, 2.75759E+001, 7.46761E+001, 5.69113E+001, 5.31741E+001, 5.45683E+001, 5.75300E+001, 1.91424E+002, 1.49793E+002, 1.15180E+002, 9.25915E+001, 7.07824E+001, 3.49232E+001, 2.92028E+001, 2.88301E+001, 2.87553E+001, 2.94747E+001, 2.54875E+001, 2.55249E+001, 2.56212E+001, 2.57090E+001, 2.59422E+001, 2.53873E+001, 2.54692E+001, 2.55757E+001, 2.56642E+001, 2.58962E+001, 2.53434E+001, 2.54439E+001, 2.55465E+001, 2.56362E+001, 2.58707E+001, 3.16686E+002, 1.84134E+002, 3.79084E-002, 2.04259E-001, 2.89854E+002, 2.30000E-001, 2.61049E+001, 2.61049E+001, 1.19951E-001, 2.86008E+001, 2.50804E+001, 7.50841E-002, 2.69984E+001, 2.50180E+001
 1.42001E+002, 2.56232E+001, 2.73333E+001, 4.09391E+001, 3.01568E+001, 2.50148E+001, 2.58823E+001, 2.74841E+001, 7.42007E+001, 5.61799E+001, 5.26786E+001, 5.44218E+001, 5.83201E+001, 1.89705E+002, 1.47959E+002, 1.14380E+002, 9.20776E+001, 7.09120E+001, 3.44655E+001, 2.92343E+001, 2.87870E+001, 2.88892E+001, 2.95520E+001, 2.54860E+001, 2.55258E+001, 2.56232E+001, 2.57140E+001, 2.59481E+001, 2.53870E+001, 2.54694E+001, 2.55766E+001, 2.56683E+001, 2.59005E+001, 2.53440E+001, 2.54463E+001, 2.55503E+001, 2.56427E+001, 2.58749E+001, 3.16706E+002, 1.84668E+002, 3.79091E-002, 2.04217E-001, 2.90224E+002, 2.30000E-001, 2.61088E+001, 2.61088E+001, 1.20645E-001, 2.86573E+001, 2.50807E+001, 7.42403E-002, 2.69049E+001, 2.50179E+001
 1.43000E+002, 2.56240E+001, 2.73406E+001, 4.18185E+001, 3.03610E+001, 2.50148E+001, 2.53727E+001, 2.68391E+001, 7.38360E+001, 5.57650E+001, 5.19976E+001, 5.40092E+001, 5.72331E+001, 1.89423E+002, 1.48550E+002, 1.14009E+002, 9.17256E+001, 6.90276E+001, 3.54980E+001, 2.91945E+001, 2.86547E+001, 2.87724E+001, 2.89088E+001, 2.54903E+001, 2.55289E+001, 2.56240E+001, 2.57166E+001, 2.59495E+001, 2.53893E+001, 2.54748E+001, 2.55818E+001, 2.56748E+001, 2.59056E+001, 2.53479E+001, 2.54542E+001, 2.55585E+001, 2.56512E+001, 2.58800E+001, 3.16728E+002, 1.84579E+002, 3.79127E-002, 2.04188E-001, 2.90641E+002, 2.30000E-001, 2.61140E+001, 2.61140E+001, 1.20466E-001, 2.86751E+001, 2.50813E+001, 7.91911E-002, 2.70218E+001, 2.50179E+001
 1.44000E+002, 2.56353E+001, 2.73667E+001, 4.16130E+001, 3.00632E+001, 2.50151E+001, 2.52245E+001, 2.66584E+001, 7.41246E+001, 5.57528E+001, 5.27360E+001, 5.42870E+001, 5.65382E+001, 1.90439E+002, 1.49596E+002, 1.15669E+002, 9.39722E+001, 7.10023E+001, 3.52053E+001, 2.91424E+001, 2.86961E+001, 2.87650E+001, 2.93875E+001, 2.55016E+001, 2.55403E+001, 2.56353E+001, 2.57235E+001, 2.59456E+001, 2.53954E+001, 2.54846E+001, 2.55910E+001, 2.56819E+001, 2.59053E+001, 2.53531E+001, 2.54634E+001, 2.55676E+001, 2.56581E+001, 2.58805E+001, 3.16793E+002, 1.85066E+002, 3.79111E-002, 2.04200E-001, 2.91221E+002, 2.30000E-001, 2.61181E+001, 2.61181E+001, 1.20173E-001, 2.86132E+001, 2.50820E+001, 7.81535E-002, 2.72202E+001, 2.50180E+001
 1.45002E+002, 2.56408E+001, 2.73009E+001, 4.12509E+001, 3.03736E+001, 2.50155E+001, 2.55054E+001, 2.62799E+001, 7.54373E+001, 5.71930E+001, 5.30484E+001, 5.41498E+001, 5.76698E+001, 1.89109E+002, 1.47910E+002, 1.13959E+002, 9.20039E+001, 6.89513E+001, 3.49427E+001, 2.89372E+001, 2.86202E+001, 2.85550E+001, 2.89779E+001, 2.55045E+001, 2.55468E+001, 2.56408E+001, 2.57281E+001, 2.59431E+001, 2.54014E+001, 2.54925E+001, 2.55982E+001, 2.56868E+001, 2.59030E+001, 2.53546E+001, 2.54671E+001, 2.55727E+001, 2.56611E+001, 2.58789E+001, 3.16755E+002, 1.84700E+002, 3.79081E-002, 2.04231E-001, 2.91757E+002, 2.30000E-001, 2.61240E+001, 2.61240E+001, 1.22173E-001, 2.86452E+001, 2.50825E+001, 7.81072E-002, 2.72832E+001, 2.50184E+001
 1.46002E+002, 2.56439E+001, 2.73212E+001, 4.02560E+001, 3.04345E+001, 2.50158E+001, 2.63118E+001, 2.64399E+001, 7.48869E+001, 5.67204E+001, 5.32937E+001, 5.51460E+001, 5.73309E+001, 1.88936E+002, 1.47369E+002, 1.13531E+002, 9.14549E+001, 6.93487E+001, 3.55683E+001, 2.90777E+001, 2.86017E+001, 2.86559E+001, 2.89111E+001, 2.55067E+001, 2.55498E+001, 2.56439E+001, 2.57330E+001, 2.59430E+001, 2.54005E+001, 2.54942E+001, 2.56020E+001, 2.56909E+001, 2.59060E+001, 2.53504E+001, 2.54631E+001, 2.55726E+001, 2.56616E+001, 2.58793E+001, 3.16673E+002, 1.84775E+002, 3.79074E-002, 2.04244E-001, 2.92278E+002, 2.30000E-001, 2.61187E+001, 2.61187E+001, 1.23667E-001, 2.86837E+001, 2.50828E+001, 7.84680E-002, 2.71247E+001, 2.50188E+001
 1.47001E+002, 2.56453E+001, 2.74349E+001, 4.10962E+001, 2.97055E+001, 2.50161E+001, 2.64060E+001, 2.65252E+001, 7.48642E+001, 5.71891E+001, 5.34863E+001, 5.50298E+001, 5.85907E+001, 1.89966E+002, 1.48379E+002, 1.14513E+002, 9.16648E+001, 6.90989E+001, 3.51848E+001, 2.90607E+001, 2.85151E+001, 2.85501E+001, 2.89876E+001, 2.55020E+001, 2.55451E+001, 2.56453E+001, 2.57333E+001, 2.59504E+001, 2.53937E+001, 2.54870E+001, 2.56003E+001, 2.56910E+001, 2.59072E+001, 2.53440E+001, 2.54545E+001, 2.55692E+001, 2.56597E+001, 2.58788E+001, 3.17264E+002, 1.84128E+002, 3.79062E-002, 2.04206E-001, 2.92763E+002, 2.30000E-001, 2.61155E+001, 2.61155E+001, 1.20731E-001, 2.85412E+001, 2.50829E+001, 7.75795E-002, 2.74537E+001, 2.50190E+001
 1.48001E+002, 2.56411E+001, 2.74579E+001, 4.08543E+001, 2.96923E+001, 2.50161E+001, 2.63539E+001, 2.65546E+001, 7.47345E+001, 5.69835E+001, 5.40248E+001, 5.63804E+001, 5.92174E+001, 1.89743E+002, 1.48308E+002, 1.13183E+002, 9.11530E+001, 6.86619E+001, 3.48003E+001, 2.89667E+001, 2.84916E+001, 2.86922E+001, 2.84238E+001, 2.54900E+001, 2.55338E+001, 2.56411E+001, 2.57299E+001, 2.59400E+001, 2.53880E+001, 2.54777E+001, 2.55955E+001, 2.56870E+001, 2.59046E+001, 2.53407E+001, 2.54490E+001, 2.55646E+001, 2.56556E+001, 2.58783E+001, 3.16826E+002, 1.83886E+002, 3.79093E-002, 2.04247E-001, 2.93112E+002, 2.30000E-001, 2.61128E+001, 2.61128E+001, 1.21152E-001, 2.85501E+001, 2.50831E+001, 7.05491E-002, 2.72727E+001, 2.50189E+001
 1.49001E+002, 2.56392E+001, 2.74894E+001, 4.14171E+001, 2.99614E+001, 2.50163E+001, 2.66003E+001, 2.72465E+001, 7.44667E+001, 5.67093E+001, 5.36687E+001, 5.60502E+001, 5.92832E+001, 1.90690E+002, 1.49617E+002, 1.14200E+002, 9.23104E+001, 6.89706E+001, 3.50206E+001, 2.88797E+001, 2.86682E+001, 2.85966E+001, 2.84652E+001, 2.54857E+001, 2.55283E+001, 2.56392E+001, 2.57254E+001, 2.59390E+001, 2.53869E+001, 2.54737E+001, 2.55925E+001, 2.56831E+001, 2.59070E+001, 2.53424E+001, 2.54495E+001, 2.55624E+001, 2.56529E+001, 2.58877E+001, 3.16739E+002, 1.84711E+002, 3.79076E-002, 2.04235E-001, 2.93562E+002, 2.30000E-001, 2.61135E+001, 2.61135E+001, 1.22074E-001, 2.85878E+001, 2.50837E+001, 6.70066E-002, 2.70727E+001, 2.50189E+001
 1.50002E+002, 2.56404E+001, 2.74636E+001, 4.15580E+001, 2.99952E+001, 2.50164E+001, 2.59651E+001, 2.69072E+001, 7.38868E+001, 5.69746E+001, 5.40732E+001, 5.61428E+001, 5.97078E+001, 1.91206E+002, 1.49612E+002, 1.15325E+002, 9.31685E+001, 7.07947E+001, 3.42681E+001, 2.88880E+001, 2.86157E+001, 2.85631E+001, 2.87006E+001, 2.54868E+001, 2.55297E+001, 2.56404E+001, 2.57262E+001, 2.59466E+001, 2.53902E+001, 2.54757E+001, 2.55927E+001, 2.56829E+001, 2.59166E+001, 2.53470E+001, 2.54544E+001, 2.55640E+001, 2.56546E+001, 2.59015E+001, 3.16655E+002, 1.84237E+002, 3.79154E-002, 2.04118E-001, 2.94057E+002, 2.30000E-001, 2.61149E+001, 2.61149E+001, 1.21364E-001, 2.85968E+001, 2.50845E+001, 7.41180E-002, 2.70576E+001, 2.50192E+001
 1.51001E+002, 2.56431E+001, 2.73825E+001, 4.10834E+001, 2.99532E+001, 2.50165E+001, 2.52776E+001, 2.65752E+001, 7.45307E+001, 5.75149E+001, 5.45043E+001, 5.67562E+001, 6.03609E+001, 1.89506E+002, 1.48591E+002, 1.14966E+002, 9.36291E+001, 7.27011E+001, 3.39628E+001, 2.87887E+001, 2.83602E+001, 2.83231E+001, 2.84521E+001, 2.54881E+001, 2.55345E+001, 2.56431E+001, 2.57259E+001, 2.59507E+001, 2.53961E+001, 2.54810E+001, 2.55952E+001, 2.56854E+001, 2.59210E+001, 2.53535E+001, 2.54618E+001, 2.55680E+001, 2.56591E+001, 2.59038E+001, 3.16790E+002, 1.83212E+002, 3.79172E-002, 2.04055E-001, 2.94568E+002, 2.30000E-001, 2.61212E+001, 2.61212E+001, 1.19817E-001, 2.85999E+001, 2.50855E+001, 8.33221E-002, 2.68485E+001, 2.50193E+001
 1.52000E+002, 2.56522E+001, 2.73923E+001, 4.08928E+001, 2.98811E+001, 2.50167E+001, 2.51942E+001, 2.66173E+001, 7.41631E+001, 5.70156E+001, 5.47460E+001, 5.72527E+001, 6.04776E+001, 1.89952E+002, 1.48993E+002, 1.15552E+002, 9.49224E+001, 7.31541E+001, 3.37520E+001, 2.86543E+001, 2.84405E+001, 2.85310E+001, 2.82400E+001, 2.54949E+001, 2.55435E+001, 2.56522E+001, 2.57320E+001, 2.59446E+001, 2.54023E+001, 2.54884E+001, 2.55999E+001, 2.56890E+001, 2.59153E+001, 2.53591E+001, 2.54693E+001, 2.55733E+001, 2.56640E+001, 2.58971E+001, 3.16746E+002, 1.83332E+002, 3.79161E-002, 2.04065E-001, 2.95061E+002, 2.30000E-001, 2.61268E+001, 2.61268E+001, 1.20447E-001, 2.86694E+001, 2.50865E+001, 8.57092E-002, 2.69669E+001, 2.50196E+001
 1.53002E+002, 2.56522E+001, 2.74223E+001, 4.12841E+001, 2.99080E+001, 2.50168E+001, 2.55605E+001, 2.65740E+001, 7.47365E+001, 5.83060E+001, 5.51580E+001, 5.73595E+001, 6.10935E+001, 1.89368E+002, 1.48572E+002, 1.15488E+002, 9.45828E+001, 7.37116E+001, 3.36531E+001, 2.86064E+001, 2.82921E+001, 2.83422E+001, 2.84410E+001, 2.54984E+001, 2.55486E+001, 2.56522E+001, 2.57328E+001, 2.59386E+001, 2.54070E+001, 2.54948E+001, 2.56037E+001, 2.56918E+001, 2.59080E+001, 2.53624E+001, 2.54743E+001, 2.55769E+001, 2.56662E+001, 2.58884E+001, 3.16769E+002, 1.81835E+002, 3.79122E-002, 2.04039E-001, 2.95415E+002, 2.30000E-001, 2.61299E+001, 2.61299E+001, 1.20512E-001, 2.86642E+001, 2.50874E+001, 8.37264E-002, 2.74238E+001, 2.50197E+001
 1.54001E+002, 2.56548E+001, 2.73478E+001, 4.07430E+001, 2.97434E+001, 2.50169E+001, 2.60954E+001, 2.61627E+001, 7.47569E+001, 5.79044E+001, 5.50765E+001, 5.77117E+001, 6.09669E+001, 1.88756E+002, 1.47381E+002, 1.14660E+002, 9.42369E+001, 7.38269E+001, 3.36257E+001, 2.85182E+001, 2.82956E+001, 2.83795E+001, 2.82914E+001, 2.55008E+001, 2.55521E+001, 2.56548E+001, 2.57329E+001, 2.59311E+001, 2.54093E+001, 2.54980E+001, 2.56061E+001, 2.56928E+001, 2.58992E+001, 2.53638E+001, 2.54764E+001, 2.55781E+001, 2.56648E+001, 2.58786E+001, 3.16758E+002, 1.83426E+002, 3.79132E-002, 2.03959E-001, 2.95761E+002, 2.30000E-001, 2.61276E+001, 2.61276E+001, 1.19779E-001, 2.86395E+001, 2.50881E+001, 7.48854E-002, 2.75502E+001, 2.50196E+001
 1.55000E+002, 2.56553E+001, 2.72747E+001, 4.06705E+001, 2.98967E+001, 2.50170E+001, 2.66804E+001, 2.63103E+001, 7.49636E+001, 5.85200E+001, 5.56767E+001, 5.81661E+001, 6.15189E+001, 1.89099E+002, 1.47804E+002, 1.14698E+002, 9.38064E+001, 7.30434E+001, 3.39126E+001, 2.85253E+001, 2.82017E+001, 2.83382E+001, 2.83256E+001, 2.55040E+001, 2.55525E+001, 2.56553E+001, 2.57344E+001, 2.59245E+001, 2.54105E+001, 2.54990E+001, 2.56064E+001, 2.56922E+001, 2.58909E+001, 2.53649E+001, 2.54773E+001, 2.55788E+001, 2.56637E+001, 2.58712E+001, 3.16821E+002, 1.82062E+002, 3.79107E-002, 2.03970E-001, 2.96038E+002, 2.30000E-001, 2.61359E+001, 2.61359E+001, 1.19604E-001, 2.86300E+001, 2.50886E+001, 6.67491E-002, 2.72689E+001, 2.50195E+001
 1.56002E+002, 2.56548E+001, 2.72816E+001, 4.11179E+001, 2.95605E+001, 2.50169E+001, 2.67765E+001, 2.73442E+001, 7.52065E+001, 5.77437E+001, 5.52651E+001, 5.79221E+001, 6.15968E+001, 1.89148E+002, 1.47701E+002, 1.15009E+002, 9.40238E+001, 7.28907E+001, 3.39031E+001, 2.85275E+001, 2.82531E+001, 2.83718E+001, 2.82701E+001, 2.55067E+001, 2.55544E+001, 2.56548E+001, 2.57351E+001, 2.59240E+001, 2.54128E+001, 2.55013E+001, 2.56082E+001, 2.56939E+001, 2.58906E+001, 2.53673E+001, 2.54800E+001, 2.55810E+001, 2.56657E+001, 2.58700E+001, 3.16880E+002, 1.82331E+002, 3.79114E-002, 2.04014E-001, 2.96295E+002, 2.30000E-001, 2.61328E+001, 2.61328E+001, 1.19338E-001, 2.85715E+001, 2.50888E+001, 6.57162E-002, 2.71180E+001, 2.50197E+001
 1.57001E+002, 2.56604E+001, 2.72927E+001, 4.11094E+001, 2.96789E+001, 2.50167E+001, 2.60980E+001, 2.72668E+001, 7.48714E+001, 5.78150E+001, 5.50263E+001, 5.75271E+001, 6.09620E+001, 1.88636E+002, 1.46976E+002, 1.14310E+002, 9.34489E+001, 7.26226E+001, 3.40826E+001, 2.85359E+001, 2.82224E+001, 2.82889E+001, 2.82683E+001, 2.55104E+001, 2.55579E+001, 2.56604E+001, 2.57397E+001, 2.59332E+001, 2.54156E+001, 2.55043E+001, 2.56124E+001, 2.56988E+001, 2.58997E+001, 2.53694E+001, 2.54824E+001, 2.55843E+001, 2.56699E+001, 2.58791E+001, 3.16935E+002, 1.83028E+002, 3.79095E-002, 2.04020E-001, 2.96586E+002, 2.30000E-001, 2.61371E+001, 2.61371E+001, 1.20888E-001, 2.86145E+001, 2.50891E+001, 6.56672E-002, 2.71376E+001, 2.50195E+001
 1.58002E+002, 2.56643E+001, 2.73156E+001, 4.10926E+001, 2.98961E+001, 2.50165E+001, 2.56875E+001, 2.66574E+001, 7.45709E+001, 5.74693E+001, 5.43897E+001, 5.70385E+001, 6.04947E+001, 1.89666E+002, 1.48295E+002, 1.15379E+002, 9.43392E+001, 7.23365E+001, 3.44771E+001, 2.86185E+001, 2.82359E+001, 2.83890E+001, 2.83795E+001, 2.55154E+001, 2.55606E+001, 2.56643E+001, 2.57458E+001, 2.59499E+001, 2.54169E+001, 2.55059E+001, 2.56152E+001, 2.57030E+001, 2.59102E+001, 2.53698E+001, 2.54819E+001, 2.55864E+001, 2.56741E+001, 2.58882E+001, 3.16992E+002, 1.82261E+002, 3.79096E-002, 2.03974E-001, 2.96923E+002, 2.30000E-001, 2.61419E+001, 2.61419E+001, 1.20801E-001, 2.86270E+001, 2.50894E+001, 7.41155E-002, 2.72980E+001, 2.50193E+001
 1.59001E+002, 2.56654E+001, 2.73012E+001, 4.14506E+001, 2.97166E+001, 2.50164E+001, 2.53683E+001, 2.64390E+001, 7.43477E+001, 5.69147E+001, 5.37910E+001, 5.63874E+001, 5.97044E+001, 1.89427E+002, 1.47822E+002, 1.15272E+002, 9.43727E+001, 7.31632E+001, 3.45531E+001, 2.86957E+001, 2.82515E+001, 2.83919E+001, 2.85495E+001, 2.55160E+001, 2.55608E+001, 2.56654E+001, 2.57500E+001, 2.59549E+001, 2.54159E+001, 2.55047E+001, 2.56161E+001, 2.57059E+001, 2.59113E+001, 2.53691E+001, 2.54803E+001, 2.55869E+001, 2.56765E+001, 2.58846E+001, 3.17020E+002, 1.83298E+002, 3.79102E-002, 2.03944E-001, 2.97180E+002, 2.30000E-001, 2.61413E+001, 2.61413E+001, 1.19750E-001, 2.85624E+001, 2.50897E+001, 7.39013E-002, 2.74563E+001, 2.50194E+001
 1.60000E+002, 2.56653E+001, 2.73028E+001, 4.12342E+001, 3.00846E+001, 2.50165E+001, 2.52669E+001, 2.65171E+001, 7.44360E+001, 5.72075E+001, 5.39776E+001, 5.63330E+001, 5.96760E+001, 1.89191E+002, 1.47855E+002, 1.15226E+002, 9.42032E+001, 7.26710E+001, 3.49482E+001, 2.86743E+001, 2.81866E+001, 2.83398E+001, 2.82164E+001, 2.55160E+001, 2.55586E+001, 2.56653E+001, 2.57506E+001, 2.59465E+001, 2.54150E+001, 2.55032E+001, 2.56166E+001, 2.57075E+001, 2.59068E+001, 2.53689E+001, 2.54800E+001, 2.55876E+001, 2.56773E+001, 2.58788E+001, 3.17041E+002, 1.82647E+002, 3.79088E-002, 2.03955E-001, 2.97473E+002, 2.30000E-001, 2.61459E+001, 2.61459E+001, 1.21722E-001, 2.86543E+001, 2.50902E+001, 7.12560E-002, 2.73559E+001, 2.50200E+001
 1.61002E+002, 2.56666E+001, 2.73475E+001, 4.11064E+001, 3.00580E+001, 2.50166E+001, 2.54643E+001, 2.65073E+001, 7.43895E+001, 5.67091E+001, 5.32439E+001, 5.54706E+001, 5.89766E+001, 1.89902E+002, 1.48273E+002, 1.15677E+002, 9.46857E+001, 7.33865E+001, 3.50806E+001, 2.87539E+001, 2.82254E+001, 2.83678E+001, 2.83759E+001, 2.55182E+001, 2.55600E+001, 2.56666E+001, 2.57536E+001, 2.59515E+001, 2.54151E+001, 2.55039E+001, 2.56180E+001, 2.57083E+001, 2.59076E+001, 2.53690E+001, 2.54807E+001, 2.55888E+001, 2.56772E+001, 2.58806E+001, 3.17155E+002, 1.83042E+002, 3.79085E-002, 2.03939E-001, 2.97889E+002, 2.30000E-001, 2.61449E+001, 2.61449E+001, 1.22289E-001, 2.86558E+001, 2.50907E+001, 7.56327E-002, 2.72561E+001, 2.50206E+001
 1.62001E+002, 2.56675E+001, 2.73918E+001, 4.10962E+001, 2.99227E+001, 2.50166E+001, 2.56433E+001, 2.68188E+001, 7.41688E+001, 5.68280E+001, 5.37245E+001, 5.58331E+001, 5.92806E+001, 1.88997E+002, 1.47636E+002, 1.15015E+002, 9.41758E+001, 7.32181E+001, 3.50162E+001, 2.86878E+001, 2.82202E+001, 2.83094E+001, 2.82244E+001, 2.55183E+001, 2.55600E+001, 2.56675E+001, 2.57520E+001, 2.59594E+001, 2.54152E+001, 2.55048E+001, 2.56192E+001, 2.57081E+001, 2.59169E+001, 2.53682E+001, 2.54807E+001, 2.55892E+001, 2.56765E+001, 2.58894E+001, 3.17243E+002, 1.83153E+002, 3.79082E-002, 2.03885E-001, 2.98218E+002, 2.30000E-001, 2.61487E+001, 2.61487E+001, 1.21320E-001, 2.85949E+001, 2.50910E+001, 8.33362E-002, 2.71196E+001, 2.50210E+001
 1.63002E+002, 2.56680E+001, 2.73990E+001, 4.13079E+001, 2.98806E+001, 2.50166E+001, 2.54855E+001, 2.69496E+001, 7.40703E+001, 5.64425E+001, 5.28902E+001, 5.50887E+001, 5.86361E+001, 1.89402E+002, 1.47961E+002, 1.15271E+002, 9.42966E+001, 7.26156E+001, 3.52377E+001, 2.87540E+001, 2.82083E+001, 2.83584E+001, 2.83530E+001, 2.55182E+001, 2.55614E+001, 2.56680E+001, 2.57512E+001, 2.59670E+001, 2.54138E+001, 2.55050E+001, 2.56198E+001, 2.57086E+001, 2.59266E+001, 2.53659E+001, 2.54785E+001, 2.55884E+001, 2.56769E+001, 2.58983E+001, 3.17320E+002, 1.82450E+002, 3.79082E-002, 2.03851E-001, 2.98546E+002, 2.30000E-001, 2.61502E+001, 2.61502E+001, 1.21785E-001, 2.86143E+001, 2.50912E+001, 8.01417E-002, 2.70639E+001, 2.50214E+001
 1.64001E+002, 2.56679E+001, 2.73840E+001, 4.14352E+001, 2.99475E+001, 2.50165E+001, 2.52816E+001, 2.69029E+001, 7.35258E+001, 5.57057E+001, 5.27742E+001, 5.50369E+001, 5.85437E+001, 1.89563E+002, 1.48081E+002, 1.15288E+002, 9.42074E+001, 7.31266E+001, 3.50721E+001, 2.87790E+001, 2.82767E+001, 2.82559E+001, 2.84844E+001, 2.55160E+001, 2.55606E+001, 2.56679E+001, 2.57515E+001, 2.59685E+001, 2.54109E+001, 2.55033E+001, 2.56192E+001, 2.57098E+001, 2.59296E+001, 2.53623E+001, 2.54745E+001, 2.55869E+001, 2.56792E+001, 2.59015E+001, 3.17463E+002, 1.83414E+002, 3.79096E-002, 2.03839E-001, 2.98909E+002, 2.30000E-001, 2.61510E+001, 2.61510E+001, 1.22132E-001, 2.86312E+001, 2.50915E+001, 7.27673E-002, 2.71225E+001, 2.50208E+001
 1.65001E+002, 2.56669E+001, 2.73514E+001, 4.11266E+001, 2.99389E+001, 2.50167E+001, 2.52169E+001, 2.70245E+001, 7.34481E+001, 5.57020E+001, 5.22869E+001, 5.40195E+001, 5.78298E+001, 1.89420E+002, 1.48306E+002, 1.15265E+002, 9.39806E+001, 7.21136E+001, 3.52036E+001, 2.87837E+001, 2.83195E+001, 2.83915E+001, 2.83547E+001, 2.55125E+001, 2.55587E+001, 2.56669E+001, 2.57533E+001, 2.59686E+001, 2.54080E+001, 2.55010E+001, 2.56190E+001, 2.57128E+001, 2.59306E+001, 2.53600E+001, 2.54722E+001, 2.55871E+001, 2.56836E+001, 2.59043E+001, 3.17446E+002, 1.82896E+002, 3.79077E-002, 2.03786E-001, 2.99366E+002, 2.30000E-001, 2.61515E+001, 2.61515E+001, 1.21130E-001, 2.86291E+001, 2.50919E+001, 6.84746E-002, 2.69947E+001, 2.50206E+001
 1.66002E+002, 2.56676E+001, 2.73317E+001, 4.09354E+001, 2.97900E+001, 2.50168E+001, 2.52527E+001, 2.68811E+001, 7.35823E+001, 5.51608E+001, 5.18295E+001, 5.40069E+001, 5.76892E+001, 1.89654E+002, 1.47435E+002, 1.14458E+002, 9.29291E+001, 7.11475E+001, 3.51676E+001, 2.88688E+001, 2.82943E+001, 2.83742E+001, 2.85091E+001, 2.55110E+001, 2.55585E+001, 2.56676E+001, 2.57582E+001, 2.59717E+001, 2.54073E+001, 2.55012E+001, 2.56218E+001, 2.57190E+001, 2.59349E+001, 2.53617E+001, 2.54754E+001, 2.55921E+001, 2.56916E+001, 2.59112E+001, 3.17511E+002, 1.83242E+002, 3.79074E-002, 2.03706E-001, 2.99906E+002, 2.30000E-001, 2.61529E+001, 2.61529E+001, 1.19725E-001, 2.86096E+001, 2.50925E+001, 7.50715E-002, 2.70406E+001, 2.50207E+001
 1.67001E+002, 2.56721E+001, 2.73528E+001, 4.12993E+001, 2.97377E+001, 2.50170E+001, 2.54214E+001, 2.71356E+001, 7.31336E+001, 5.53236E+001, 5.21429E+001, 5.37976E+001, 5.70617E+001, 1.88715E+002, 1.47103E+002, 1.13574E+002, 9.21319E+001, 6.97211E+001, 3.52619E+001, 2.88858E+001, 2.83231E+001, 2.85541E+001, 2.84334E+001, 2.55143E+001, 2.55620E+001, 2.56721E+001, 2.57672E+001, 2.59812E+001, 2.54114E+001, 2.55065E+001, 2.56283E+001, 2.57276E+001, 2.59411E+001, 2.53684E+001, 2.54845E+001, 2.56015E+001, 2.57012E+001, 2.59162E+001, 3.17578E+002, 1.83994E+002, 3.79063E-002, 2.03661E-001, 3.00536E+002, 2.30000E-001, 2.61567E+001, 2.61567E+001, 1.18858E-001, 2.85981E+001, 2.50931E+001, 8.74370E-002, 2.71390E+001, 2.50209E+001
 1.68001E+002, 2.56769E+001, 2.73739E+001, 4.09418E+001, 2.96379E+001, 2.50173E+001, 2.59640E+001, 2.62920E+001, 7.37715E+001, 5.51470E+001, 5.17395E+001, 5.35496E+001, 5.74336E+001, 1.88858E+002, 1.46764E+002, 1.12223E+002, 9.07568E+001, 6.82288E+001, 3.54722E+001, 2.88738E+001, 2.85325E+001, 2.84848E+001, 2.91059E+001, 2.55201E+001, 2.55682E+001, 2.56769E+001, 2.57744E+001, 2.59887E+001, 2.54188E+001, 2.55151E+001, 2.56357E+001, 2.57347E+001, 2.59440E+001, 2.53776E+001, 2.54960E+001, 2.56104E+001, 2.57073E+001, 2.59155E+001, 3.20253E+002, 1.84206E+002, 3.79074E-002, 2.03671E-001, 3.01247E+002, 2.30000E-001, 2.61624E+001, 2.61624E+001, 1.17970E-001, 2.85622E+001, 2.50938E+001, 8.90026E-002, 2.73183E+001, 2.50211E+001
 1.69001E+002, 2.56806E+001, 2.73433E+001, 4.11677E+001, 2.99811E+001, 2.50176E+001, 2.68013E+001, 2.65362E+001, 7.38054E+001, 5.52371E+001, 5.18993E+001, 5.37162E+001, 5.64160E+001, 1.88122E+002, 1.45487E+002, 1.11723E+002, 9.01772E+001, 6.84074E+001, 3.55132E+001, 2.89859E+001, 2.85733E+001, 2.85399E+001, 2.84847E+001, 2.55275E+001, 2.55751E+001, 2.56806E+001, 2.57774E+001, 2.59780E+001, 2.54264E+001, 2.55234E+001, 2.56401E+001, 2.57363E+001, 2.59383E+001, 2.53842E+001, 2.55041E+001, 2.56149E+001, 2.57081E+001, 2.59082E+001, 3.18505E+002, 1.85361E+002, 3.78964E-002, 2.03698E-001, 3.01905E+002, 2.30000E-001, 2.61656E+001, 2.61656E+001, 1.19619E-001, 2.86336E+001, 2.50945E+001, 7.48885E-002, 2.73486E+001, 2.50210E+001
 1.70001E+002, 2.56817E+001, 2.73542E+001, 4.07994E+001, 3.00619E+001, 2.50177E+001, 2.68845E+001, 2.65611E+001, 7.36935E+001, 5.60184E+001, 5.23319E+001, 5.41454E+001, 5.71468E+001, 1.88297E+002, 1.45819E+002, 1.11842E+002, 8.95173E+001, 6.72485E+001, 3.55053E+001, 2.90761E+001, 2.84381E+001, 2.85553E+001, 2.88546E+001, 2.55336E+001, 2.55793E+001, 2.56817E+001, 2.57775E+001, 2.59738E+001, 2.54313E+001, 2.55280E+001, 2.56419E+001, 2.57355E+001, 2.59305E+001, 2.53870E+001, 2.55072E+001, 2.56163E+001, 2.57065E+001, 2.59029E+001, 3.18605E+002, 1.83921E+002, 3.78978E-002, 2.03650E-001, 3.02586E+002, 2.30000E-001, 2.61681E+001, 2.61681E+001, 1.18187E-001, 2.86427E+001, 2.50952E+001, 6.87499E-002, 2.70282E+001, 2.50210E+001
 1.71001E+002, 2.56838E+001, 2.73876E+001, 4.09867E+001, 2.96743E+001, 2.50176E+001, 2.64032E+001, 2.65726E+001, 7.38226E+001, 5.51810E+001, 5.25239E+001, 5.48891E+001, 5.77352E+001, 1.88596E+002, 1.46696E+002, 1.10920E+002, 8.96273E+001, 6.70431E+001, 3.54673E+001, 2.90066E+001, 2.86920E+001, 2.88109E+001, 2.87198E+001, 2.55347E+001, 2.55809E+001, 2.56838E+001, 2.57759E+001, 2.59735E+001, 2.54338E+001, 2.55300E+001, 2.56428E+001, 2.57338E+001, 2.59301E+001, 2.53884E+001, 2.55082E+001, 2.56163E+001, 2.57043E+001, 2.59027E+001, 3.17887E+002, 1.84560E+002, 3.79077E-002, 2.03596E-001, 3.03305E+002, 2.30000E-001, 2.61640E+001, 2.61640E+001, 1.15597E-001, 2.85897E+001, 2.50960E+001, 6.75941E-002, 2.72157E+001, 2.50211E+001
 1.72001E+002, 2.56834E+001, 2.74066E+001, 4.16505E+001, 3.01943E+001, 2.50178E+001, 2.61199E+001, 2.69651E+001, 7.35367E+001, 5.57227E+001, 5.30785E+001, 5.45353E+001, 5.82713E+001, 1.89706E+002, 1.47041E+002, 1.11570E+002, 8.93436E+001, 6.69672E+001, 3.53045E+001, 2.90763E+001, 2.89841E+001, 2.85988E+001, 2.89299E+001, 2.55330E+001, 2.55816E+001, 2.56834E+001, 2.57764E+001, 2.59770E+001, 2.54355E+001, 2.55311E+001, 2.56429E+001, 2.57327E+001, 2.59358E+001, 2.53895E+001, 2.55085E+001, 2.56158E+001, 2.57023E+001, 2.59059E+001, 3.17393E+002, 1.84060E+002, 3.79041E-002, 2.03675E-001, 3.04042E+002, 2.30000E-001, 2.61561E+001, 2.61561E+001, 1.20019E-001, 2.87073E+001, 2.50967E+001, 7.49418E-002, 2.74321E+001, 2.50215E+001
 1.73001E+002, 2.56863E+001, 2.74103E+001, 4.19808E+001, 3.00531E+001, 2.50178E+001, 2.57078E+001, 2.70952E+001, 7.39158E+001, 5.59198E+001, 5.27279E+001, 5.45870E+001, 5.88261E+001, 1.90227E+002, 1.46523E+002, 1.11268E+002, 8.87105E+001, 6.73317E+001, 3.51482E+001, 2.92964E+001, 2.89382E+001, 2.90453E+001, 2.91083E+001, 2.55319E+001, 2.55814E+001, 2.56863E+001, 2.57798E+001, 2.59892E+001, 2.54363E+001, 2.55309E+001, 2.56436E+001, 2.57329E+001, 2.59421E+001, 2.53902E+001, 2.55078E+001, 2.56159E+001, 2.57023E+001, 2.59135E+001, 3.17435E+002, 1.82797E+002, 3.79020E-002, 2.03716E-001, 3.04714E+002, 2.30000E-001, 2.61535E+001, 2.61535E+001, 1.20000E-001, 2.85812E+001, 2.50969E+001, 8.26632E-002, 2.72885E+001, 2.50223E+001
 1.74000E+002, 2.56887E+001, 2.74498E+001, 4.09970E+001, 3.05434E+001, 2.50179E+001, 2.53944E+001, 2.70362E+001, 7.34782E+001, 5.48669E+001, 5.35833E+001, 5.62506E+001, 5.90822E+001, 1.90100E+002, 1.47983E+002, 1.10494E+002, 8.87420E+001, 6.73940E+001, 3.52497E+001, 2.92676E+001, 2.88924E+001, 2.88352E+001, 2.94083E+001, 2.55311E+001, 2.55808E+001, 2.56887E+001, 2.57817E+001, 2.60023E+001, 2.54364E+001, 2.55298E+001, 2.56444E+001, 2.57339E+001, 2.59506E+001, 2.53906E+001, 2.55072E+001, 2.56167E+001, 2.57029E+001, 2.59160E+001, 3.17458E+002, 1.84218E+002, 3.79129E-002, 2.03653E-001, 3.05367E+002, 2.30000E-001, 2.61567E+001, 2.61567E+001, 1.22379E-001, 2.87611E+001, 2.50968E+001, 8.65188E-002, 2.71960E+001, 2.50225E+001
 1.75000E+002, 2.56901E+001, 2.74119E+001, 4.19170E+001, 3.01789E+001, 2.50179E+001, 2.53864E+001, 2.67384E+001, 7.31294E+001, 5.60274E+001, 5.40482E+001, 5.55931E+001, 5.80756E+001, 1.91286E+002, 1.47826E+002, 1.11300E+002, 8.95324E+001, 6.79360E+001, 3.48037E+001, 2.90977E+001, 2.92129E+001, 2.86791E+001, 2.89521E+001, 2.55296E+001, 2.55804E+001, 2.56901E+001, 2.57783E+001, 2.59916E+001, 2.54366E+001, 2.55289E+001, 2.56445E+001, 2.57326E+001, 2.59433E+001, 2.53919E+001, 2.55081E+001, 2.56170E+001, 2.57015E+001, 2.59026E+001, 3.17388E+002, 1.84240E+002, 3.79072E-002, 2.03544E-001, 3.06046E+002, 2.30000E-001, 2.61613E+001, 2.61613E+001, 1.19622E-001, 2.87102E+001, 2.50965E+001, 8.55844E-002, 2.71675E+001, 2.50224E+001
 1.76002E+002, 2.56881E+001, 2.73987E+001, 4.11345E+001, 3.06257E+001, 2.50179E+001, 2.54667E+001, 2.64963E+001, 7.38524E+001, 5.56632E+001, 5.31398E+001, 5.54839E+001, 6.01203E+001, 1.90788E+002, 1.46066E+002, 1.11026E+002, 8.88049E+001, 6.79603E+001, 3.43123E+001, 2.92597E+001, 2.87702E+001, 2.85478E+001, 2.91609E+001, 2.55265E+001, 2.55792E+001, 2.56881E+001, 2.57747E+001, 2.59723E+001, 2.54387E+001, 2.55300E+001, 2.56451E+001, 2.57302E+001, 2.59254E+001, 2.53948E+001, 2.55115E+001, 2.56185E+001, 2.57001E+001, 2.58924E+001, 3.17432E+002, 1.83029E+002, 3.79033E-002, 2.03489E-001, 3.06583E+002, 2.30000E-001, 2.61655E+001, 2.61655E+001, 1.20142E-001, 2.88370E+001, 2.50966E+001, 8.42099E-002, 2.72261E+001, 2.50221E+001
 1.77002E+002, 2.56931E+001, 2.74331E+001, 4.16707E+001, 2.97795E+001, 2.50179E+001, 2.55940E+001, 2.63762E+001, 7.30136E+001, 5.52770E+001, 5.31958E+001, 5.54720E+001, 5.92706E+001, 1.91388E+002, 1.49587E+002, 1.12282E+002, 9.02235E+001, 6.85291E+001, 3.47912E+001, 2.90214E+001, 2.87907E+001, 2.87241E+001, 2.89132E+001, 2.55327E+001, 2.55849E+001, 2.56931E+001, 2.57741E+001, 2.59760E+001, 2.54424E+001, 2.55350E+001, 2.56492E+001, 2.57312E+001, 2.59333E+001, 2.53969E+001, 2.55151E+001, 2.56217E+001, 2.57013E+001, 2.59101E+001, 3.17513E+002, 1.84356E+002, 3.79138E-002, 2.03492E-001, 3.07106E+002, 2.30000E-001, 2.61645E+001, 2.61645E+001, 1.17304E-001, 2.85766E+001, 2.50969E+001, 7.93546E-002, 2.73726E+001, 2.50219E+001
 1.78002E+002, 2.56990E+001, 2.74265E+001, 4.08733E+001, 2.96267E+001, 2.50179E+001, 2.59357E+001, 2.62452E+001, 7.36245E+001, 5.58001E+001, 5.35553E+001, 5.55924E+001, 5.89172E+001, 1.91720E+002, 1.47786E+002, 1.12302E+002, 9.00746E+001, 6.86724E+001, 3.41197E+001, 2.90325E+001, 2.89548E+001, 2.85405E+001, 2.91757E+001, 2.55343E+001, 2.55909E+001, 2.56990E+001, 2.57810E+001, 2.59946E+001, 2.54442E+001, 2.55390E+001, 2.56538E+001, 2.57362E+001, 2.59549E+001, 2.53955E+001, 2.55145E+001, 2.56245E+001, 2.57057E+001, 2.59298E+001, 3.17468E+002, 1.83880E+002, 3.79060E-002, 2.03490E-001, 3.07616E+002, 2.30000E-001, 2.61687E+001, 2.61687E+001, 1.17856E-001, 2.85969E+001, 2.50971E+001, 7.75105E-002, 2.70517E+001, 2.50219E+001
 1.79002E+002, 2.57038E+001, 2.73634E+001, 4.08184E+001, 2.95981E+001, 2.50178E+001, 2.59115E+001, 2.62968E+001, 7.37182E+001, 5.56057E+001, 5.29645E+001, 5.49386E+001, 5.92950E+001, 1.90526E+002, 1.47873E+002, 1.12259E+002, 8.95746E+001, 6.88613E+001, 3.48607E+001, 2.92353E+001, 2.86806E+001, 2.86410E+001, 2.88845E+001, 2.55329E+001, 2.55915E+001, 2.57038E+001, 2.57869E+001, 2.60052E+001, 2.54400E+001, 2.55374E+001, 2.56564E+001, 2.57410E+001, 2.59603E+001, 2.53880E+001, 2.55068E+001, 2.56235E+001, 2.57082E+001, 2.59315E+001, 3.17608E+002, 1.82638E+002, 3.79055E-002, 2.03466E-001, 3.08108E+002, 2.30000E-001, 2.61714E+001, 2.61714E+001, 1.17784E-001, 2.86847E+001, 2.50974E+001, 8.42681E-002, 2.74648E+001, 2.50220E+001
 1.80001E+002, 2.57048E+001, 2.73375E+001, 4.11533E+001, 3.00340E+001, 2.50178E+001, 2.58039E+001, 2.68392E+001, 7.32063E+001, 5.46956E+001, 5.21988E+001, 5.47145E+001, 5.82150E+001, 1.91149E+002, 1.49807E+002, 1.13546E+002, 9.13545E+001, 6.90441E+001, 3.53634E+001, 2.91881E+001, 2.89920E+001, 2.89589E+001, 2.92153E+001, 2.55320E+001, 2.55889E+001, 2.57048E+001, 2.57883E+001, 2.60050E+001, 2.54305E+001, 2.55288E+001, 2.56533E+001, 2.57401E+001, 2.59558E+001, 2.53780E+001, 2.54965E+001, 2.56185E+001, 2.57060E+001, 2.59254E+001, 3.17735E+002, 1.84514E+002, 3.79127E-002, 2.03470E-001, 3.08594E+002, 2.30000E-001, 2.61753E+001, 2.61753E+001, 1.18564E-001, 2.87274E+001, 2.50978E+001, 8.03013E-002, 2.75128E+001, 2.50221E+001
 1.81001E+002, 2.56994E+001, 2.74092E+001, 4.10459E+001, 2.99228E+001, 2.50176E+001, 2.58647E+001, 2.74981E+001, 7.36616E+001, 5.60820E+001, 5.29381E+001, 5.41161E+001, 5.70895E+001, 1.89754E+002, 1.47671E+002, 1.12987E+002, 9.13251E+001, 6.96371E+001, 3.45700E+001, 2.90614E+001, 2.88763E+001, 2.87140E+001, 2.97760E+001, 2.55226E+001, 2.55821E+001, 2.56994E+001, 2.57856E+001, 2.60040E+001, 2.54230E+001, 2.55213E+001, 2.56477E+001, 2.57372E+001, 2.59549E+001, 2.53736E+001, 2.54922E+001, 2.56143E+001, 2.57034E+001, 2.59252E+001, 3.18390E+002, 1.84586E+002, 3.79069E-002, 2.03510E-001, 3.08909E+002, 2.30000E-001, 2.61799E+001, 2.61799E+001, 1.17970E-001, 2.86269E+001, 2.50983E+001, 7.48365E-002, 2.70641E+001, 2.50222E+001
 1.82002E+002, 2.56923E+001, 2.74672E+001, 4.17172E+001, 3.02453E+001, 2.50173E+001, 2.56419E+001, 2.70251E+001, 7.40635E+001, 5.54650E+001, 5.14804E+001, 5.32784E+001, 5.66634E+001, 1.88150E+002, 1.45540E+002, 1.12593E+002, 9.07113E+001, 6.92341E+001, 3.54846E+001, 2.92585E+001, 2.86277E+001, 2.86612E+001, 2.89742E+001, 2.55219E+001, 2.55806E+001, 2.56923E+001, 2.57806E+001, 2.59981E+001, 2.54230E+001, 2.55220E+001, 2.56439E+001, 2.57335E+001, 2.59536E+001, 2.53785E+001, 2.54975E+001, 2.56129E+001, 2.57017E+001, 2.59265E+001, 3.20577E+002, 1.83674E+002, 3.79049E-002, 2.03596E-001, 3.09189E+002, 2.30000E-001, 2.61818E+001, 2.61818E+001, 1.20107E-001, 2.86908E+001, 2.50989E+001, 7.64461E-002, 2.69948E+001, 2.50221E+001
 1.83000E+002, 2.56925E+001, 2.74243E+001, 4.17103E+001, 3.00107E+001, 2.50171E+001, 2.54385E+001, 2.67534E+001, 7.49293E+001, 5.65425E+001, 5.26896E+001, 5.35939E+001, 5.56814E+001, 1.87636E+002, 1.45693E+002, 1.12945E+002, 9.18182E+001, 6.93281E+001, 3.54490E+001, 2.91148E+001, 2.85134E+001, 2.85367E+001, 2.87012E+001, 2.55349E+001, 2.55893E+001, 2.56925E+001, 2.57736E+001, 2.59889E+001, 2.54296E+001, 2.55301E+001, 2.56435E+001, 2.57297E+001, 2.59509E+001, 2.53871E+001, 2.55057E+001, 2.56127E+001, 2.57001E+001, 2.59239E+001, 3.19869E+002, 1.84510E+002, 3.79035E-002, 2.03675E-001, 3.09583E+002, 2.30000E-001, 2.61923E+001, 2.61923E+001, 1.20214E-001, 2.86366E+001, 2.50993E+001, 7.80861E-002, 2.73703E+001, 2.50219E+001
 1.84001E+002, 2.56899E+001, 2.73917E+001, 4.07947E+001, 3.02181E+001, 2.50169E+001, 2.56179E+001, 2.68018E+001, 7.67195E+001, 5.72635E+001, 5.29859E+001, 5.37738E+001, 5.66607E+001, 1.87278E+002, 1.44614E+002, 1.12381E+002, 9.13923E+001, 6.96424E+001, 3.53803E+001, 2.90143E+001, 2.84588E+001, 2.81791E+001, 2.85352E+001, 2.55402E+001, 2.55944E+001, 2.56899E+001, 2.57686E+001, 2.59828E+001, 2.54358E+001, 2.55359E+001, 2.56432E+001, 2.57281E+001, 2.59478E+001, 2.53884E+001, 2.55067E+001, 2.56118E+001, 2.56992E+001, 2.59221E+001, 3.20138E+002, 1.82615E+002, 3.78957E-002, 2.03694E-001, 3.09804E+002, 2.30000E-001, 2.61855E+001, 2.61855E+001, 1.22011E-001, 2.87495E+001, 2.50993E+001, 7.53133E-002, 2.72241E+001, 2.50219E+001
 1.85002E+002, 2.56875E+001, 2.74141E+001, 4.05265E+001, 3.02102E+001, 2.50168E+001, 2.57830E+001, 2.66080E+001, 7.60577E+001, 5.79680E+001, 5.39412E+001, 5.49725E+001, 5.72258E+001, 1.87508E+002, 1.45681E+002, 1.13364E+002, 9.17995E+001, 6.96555E+001, 3.52420E+001, 2.88744E+001, 2.82281E+001, 2.82155E+001, 2.81022E+001, 2.55383E+001, 2.55938E+001, 2.56875E+001, 2.57667E+001, 2.59839E+001, 2.54358E+001, 2.55357E+001, 2.56438E+001, 2.57299E+001, 2.59516E+001, 2.53872E+001, 2.55066E+001, 2.56129E+001, 2.57010E+001, 2.59246E+001, 3.20157E+002, 1.81273E+002, 3.78966E-002, 2.03693E-001, 3.09994E+002, 2.30000E-001, 2.61738E+001, 2.61738E+001, 1.22562E-001, 2.87641E+001, 2.50991E+001, 8.06034E-002, 2.70878E+001, 2.50218E+001
 1.86001E+002, 2.56896E+001, 2.74918E+001, 4.08968E+001, 2.98923E+001, 2.50168E+001, 2.54606E+001, 2.62528E+001, 7.60240E+001, 5.71822E+001, 5.35401E+001, 5.51179E+001, 5.77820E+001, 1.88324E+002, 1.46255E+002, 1.13533E+002, 9.25738E+001, 7.05016E+001, 3.48481E+001, 2.86786E+001, 2.81754E+001, 2.81417E+001, 2.80731E+001, 2.55330E+001, 2.55924E+001, 2.56896E+001, 2.57684E+001, 2.59892E+001, 2.54362E+001, 2.55361E+001, 2.56462E+001, 2.57337E+001, 2.59589E+001, 2.53881E+001, 2.55082E+001, 2.56158E+001, 2.57050E+001, 2.59343E+001, 3.19968E+002, 1.80023E+002, 3.78961E-002, 2.03682E-001, 3.10148E+002, 2.30000E-001, 2.61590E+001, 2.61590E+001, 1.21651E-001, 2.86439E+001, 2.50989E+001, 8.20897E-002, 2.70921E+001, 2.50215E+001
 1.87001E+002, 2.56916E+001, 2.75256E+001, 4.09822E+001, 2.99162E+001, 2.50168E+001, 2.58284E+001, 2.63062E+001, 7.50421E+001, 5.75188E+001, 5.39025E+001, 5.49296E+001, 5.78600E+001, 1.88613E+002, 1.47033E+002, 1.13996E+002, 9.27705E+001, 7.17133E+001, 3.39982E+001, 2.85123E+001, 2.81917E+001, 2.81704E+001, 2.79115E+001, 2.55265E+001, 2.55897E+001, 2.56916E+001, 2.57722E+001, 2.59958E+001, 2.54352E+001, 2.55353E+001, 2.56478E+001, 2.57370E+001, 2.59680E+001, 2.53858E+001, 2.55061E+001, 2.56172E+001, 2.57090E+001, 2.59477E+001, 3.19375E+002, 1.80149E+002, 3.78971E-002, 2.03643E-001, 3.10291E+002, 2.30000E-001, 2.61579E+001, 2.61579E+001, 1.21488E-001, 2.86284E+001, 2.50991E+001, 8.58574E-002, 2.72798E+001, 2.50215E+001
 1.88002E+002, 2.56918E+001, 2.74672E+001, 4.08232E+001, 3.01321E+001, 2.50166E+001, 2.63037E+001, 2.63995E+001, 7.46558E+001, 5.66459E+001, 5.34338E+001, 5.51577E+001, 5.78486E+001, 1.88060E+002, 1.46252E+002, 1.12312E+002, 9.13966E+001, 6.97662E+001, 3.46315E+001, 2.86323E+001, 2.82543E+001, 2.84256E+001, 2.83334E+001, 2.55201E+001, 2.55858E+001, 2.56918E+001, 2.57783E+001, 2.60066E+001, 2.54311E+001, 2.55322E+001, 2.56498E+001, 2.57421E+001, 2.59760E+001, 2.53839E+001, 2.55044E+001, 2.56193E+001, 2.57138E+001, 2.59558E+001, 3.19019E+002, 1.81393E+002, 3.78992E-002, 2.03544E-001, 3.10500E+002, 2.30000E-001, 2.61574E+001, 2.61574E+001, 1.20364E-001, 2.86939E+001, 2.50997E+001, 8.80620E-002, 2.71885E+001, 2.50218E+001
 1.89002E+002, 2.56970E+001, 2.73936E+001, 4.05348E+001, 3.00722E+001, 2.50165E+001, 2.61105E+001, 2.64719E+001, 7.43402E+001, 5.64792E+001, 5.24694E+001, 5.37221E+001, 5.72681E+001, 1.89145E+002, 1.47053E+002, 1.14046E+002, 9.19766E+001, 7.00077E+001, 3.49652E+001, 2.88671E+001, 2.84371E+001, 2.83231E+001, 2.85688E+001, 2.55237E+001, 2.55894E+001, 2.56970E+001, 2.57867E+001, 2.60138E+001, 2.54314E+001, 2.55339E+001, 2.56547E+001, 2.57487E+001, 2.59808E+001, 2.53883E+001, 2.55102E+001, 2.56257E+001, 2.57204E+001, 2.59582E+001, 3.19052E+002, 1.81878E+002, 3.78994E-002, 2.03401E-001, 3.10803E+002, 2.30000E-001, 2.61574E+001, 2.61574E+001, 1.17535E-001, 2.86866E+001, 2.51009E+001, 7.95035E-002, 2.69935E+001, 2.50216E+001
 1.90000E+002, 2.57035E+001, 2.73928E+001, 4.08291E+001, 2.95963E+001, 2.50165E+001, 2.55926E+001, 2.63798E+001, 7.46863E+001, 5.59616E+001, 5.33825E+001, 5.49587E+001, 5.72824E+001, 1.88257E+002, 1.46223E+002, 1.12226E+002, 9.13770E+001, 6.95874E+001, 3.49703E+001, 2.88438E+001, 2.83868E+001, 2.86279E+001, 2.87518E+001, 2.55297E+001, 2.55957E+001, 2.57035E+001, 2.57915E+001, 2.60144E+001, 2.54381E+001, 2.55420E+001, 2.56600E+001, 2.57522E+001, 2.59789E+001, 2.53942E+001, 2.55186E+001, 2.56322E+001, 2.57245E+001, 2.59574E+001, 3.19696E+002, 1.83021E+002, 3.78975E-002, 2.03336E-001, 3.11264E+002, 2.30000E-001, 2.61619E+001, 2.61619E+001, 1.16629E-001, 2.86726E+001, 2.51023E+001, 7.27481E-002, 2.71880E+001, 2.50216E+001
 1.91002E+002, 2.57051E+001, 2.74034E+001, 4.04945E+001, 3.00258E+001, 2.50167E+001, 2.57823E+001, 2.63882E+001, 7.48338E+001, 5.67035E+001, 5.25265E+001, 5.34811E+001, 5.68729E+001, 1.88296E+002, 1.46186E+002, 1.13240E+002, 9.13299E+001, 6.91957E+001, 3.51887E+001, 2.89138E+001, 2.85710E+001, 2.84276E+001, 2.85428E+001, 2.55380E+001, 2.56035E+001, 2.57051E+001, 2.57921E+001, 2.60116E+001, 2.54433E+001, 2.55485E+001, 2.56631E+001, 2.57530E+001, 2.59786E+001, 2.53957E+001, 2.55216E+001, 2.56338E+001, 2.57256E+001, 2.59583E+001, 3.19645E+002, 1.82443E+002, 3.78979E-002, 2.03376E-001, 3.11775E+002, 2.30000E-001, 2.61704E+001, 2.61704E+001, 1.18586E-001, 2.87376E+001, 2.51034E+001, 6.84532E-002, 2.71071E+001, 2.50221E+001
 1.92001E+002, 2.57049E+001, 2.74253E+001, 4.08512E+001, 2.98620E+001, 2.50169E+001, 2.64007E+001, 2.65313E+001, 7.54381E+001, 5.60237E+001, 5.29728E+001, 5.45653E+001, 5.70060E+001, 1.88026E+002, 1.45697E+002, 1.12413E+002, 9.12854E+001, 6.95082E+001, 3.51966E+001, 2.89390E+001, 2.82696E+001, 2.85217E+001, 2.87637E+001, 2.55419E+001, 2.56057E+001, 2.57049E+001, 2.57912E+001, 2.60172E+001, 2.54432E+001, 2.55491E+001, 2.56628E+001, 2.57533E+001, 2.59826E+001, 2.53933E+001, 2.55203E+001, 2.56334E+001, 2.57267E+001, 2.59608E+001, 3.19739E+002, 1.83154E+002, 3.78946E-002, 2.03393E-001, 3.12334E+002, 2.30000E-001, 2.61749E+001, 2.61749E+001, 1.17127E-001, 2.85922E+001, 2.51043E+001, 6.72783E-002, 2.73037E+001, 2.50227E+001
 1.93000E+002, 2.57043E+001, 2.74705E+001, 4.06069E+001, 3.00336E+001, 2.50171E+001, 2.65684E+001, 2.72127E+001, 7.49850E+001, 5.70825E+001, 5.28547E+001, 5.36281E+001, 5.68443E+001, 1.88965E+002, 1.47526E+002, 1.14620E+002, 9.30706E+001, 7.03279E+001, 3.51970E+001, 2.88793E+001, 2.85275E+001, 2.83438E+001, 2.83777E+001, 2.55408E+001, 2.56042E+001, 2.57043E+001, 2.57893E+001, 2.60138E+001, 2.54417E+001, 2.55463E+001, 2.56612E+001, 2.57531E+001, 2.59816E+001, 2.53926E+001, 2.55185E+001, 2.56332E+001, 2.57276E+001, 2.59565E+001, 3.19202E+002, 1.82399E+002, 3.78921E-002, 2.03364E-001, 3.12845E+002, 2.30000E-001, 2.61739E+001, 2.61739E+001, 1.18200E-001, 2.86554E+001, 2.51052E+001, 6.47074E-002, 2.73154E+001, 2.50225E+001
 1.94001E+002, 2.57013E+001, 2.74794E+001, 4.11960E+001, 2.99518E+001, 2.50171E+001, 2.66658E+001, 2.66159E+001, 7.50571E+001, 5.57907E+001, 5.29644E+001, 5.47355E+001, 5.76678E+001, 1.89620E+002, 1.47518E+002, 1.14120E+002, 9.24887E+001, 7.11617E+001, 3.49998E+001, 2.88668E+001, 2.82111E+001, 2.83348E+001, 2.82416E+001, 2.55383E+001, 2.55995E+001, 2.57013E+001, 2.57874E+001, 2.60052E+001, 2.54415E+001, 2.55429E+001, 2.56595E+001, 2.57520E+001, 2.59725E+001, 2.53934E+001, 2.55174E+001, 2.56320E+001, 2.57261E+001, 2.59470E+001, 3.19185E+002, 1.82854E+002, 3.78950E-002, 2.03371E-001, 3.13291E+002, 2.30000E-001, 2.61724E+001, 2.61724E+001, 1.19094E-001, 2.86512E+001, 2.51057E+001, 6.98726E-002, 2.71846E+001, 2.50220E+001
 1.95001E+002, 2.56992E+001, 2.74662E+001, 4.12282E+001, 3.00816E+001, 2.50170E+001, 2.65389E+001, 2.65699E+001, 7.46879E+001, 5.69761E+001, 5.31426E+001, 5.40604E+001, 5.76635E+001, 1.89913E+002, 1.49167E+002, 1.15728E+002, 9.45217E+001, 7.15583E+001, 3.45892E+001, 2.86304E+001, 2.83729E+001, 2.83033E+001, 2.82498E+001, 2.55351E+001, 2.55938E+001, 2.56992E+001, 2.57827E+001, 2.59955E+001, 2.54409E+001, 2.55390E+001, 2.56565E+001, 2.57487E+001, 2.59634E+001, 2.53925E+001, 2.55143E+001, 2.56290E+001, 2.57223E+001, 2.59405E+001, 3.18508E+002, 1.82958E+002, 3.78931E-002, 2.03394E-001, 3.13653E+002, 2.30000E-001, 2.61723E+001, 2.61723E+001, 1.21095E-001, 2.86906E+001, 2.51055E+001, 7.64302E-002, 2.70452E+001, 2.50217E+001
 1.96001E+002, 2.56942E+001, 2.74514E+001, 4.08191E+001, 3.00526E+001, 2.50172E+001, 2.58453E+001, 2.65532E+001, 7.52818E+001, 5.57535E+001, 5.30642E+001, 5.51850E+001, 5.83432E+001, 1.89827E+002, 1.47830E+002, 1.14111E+002, 9.22126E+001, 7.12337E+001, 3.39354E+001, 2.87493E+001, 2.82152E+001, 2.85533E+001, 2.80660E+001, 2.55272E+001, 2.55856E+001, 2.56942E+001, 2.57824E+001, 2.59912E+001, 2.54381E+001, 2.55331E+001, 2.56532E+001, 2.57466E+001, 2.59615E+001, 2.53896E+001, 2.55095E+001, 2.56255E+001, 2.57194E+001, 2.59394E+001, 3.18439E+002, 1.83192E+002, 3.78952E-002, 2.03360E-001, 3.14109E+002, 2.30000E-001, 2.61765E+001, 2.61765E+001, 1.20864E-001, 2.86662E+001, 2.51052E+001, 8.57641E-002, 2.75658E+001, 2.50222E+001
 1.97000E+002, 2.56907E+001, 2.74079E+001, 4.11055E+001, 2.97804E+001, 2.50173E+001, 2.56497E+001, 2.64936E+001, 7.53668E+001, 5.75061E+001, 5.36310E+001, 5.45031E+001, 5.78273E+001, 1.89392E+002, 1.48717E+002, 1.13860E+002, 9.32320E+001, 7.02289E+001, 3.45575E+001, 2.85830E+001, 2.84758E+001, 2.84838E+001, 2.86774E+001, 2.55229E+001, 2.55793E+001, 2.56907E+001, 2.57819E+001, 2.60032E+001, 2.54348E+001, 2.55285E+001, 2.56511E+001, 2.57461E+001, 2.59672E+001, 2.53873E+001, 2.55059E+001, 2.56238E+001, 2.57185E+001, 2.59447E+001, 3.18806E+002, 1.84298E+002, 3.79040E-002, 2.03302E-001, 3.14553E+002, 2.30000E-001, 2.61747E+001, 2.61747E+001, 1.19245E-001, 2.86496E+001, 2.51053E+001, 8.78258E-002, 2.75208E+001, 2.50229E+001
 1.98001E+002, 2.56902E+001, 2.74320E+001, 4.05843E+001, 3.00579E+001, 2.50176E+001, 2.62104E+001, 2.74360E+001, 7.61021E+001, 5.58990E+001, 5.28686E+001, 5.49425E+001, 5.83251E+001, 1.91306E+002, 1.48695E+002, 1.14352E+002, 9.10575E+001, 7.07197E+001, 3.43932E+001, 2.91358E+001, 2.85365E+001, 2.86115E+001, 2.92189E+001, 2.55211E+001, 2.55776E+001, 2.56902E+001, 2.57874E+001, 2.60105E+001, 2.54331E+001, 2.55264E+001, 2.56508E+001, 2.57470E+001, 2.59746E+001, 2.53870E+001, 2.55050E+001, 2.56238E+001, 2.57192E+001, 2.59500E+001, 3.18650E+002, 1.84726E+002, 3.79000E-002, 2.03281E-001, 3.15055E+002, 2.30000E-001, 2.61666E+001, 2.61666E+001, 1.19667E-001, 2.87460E+001, 2.51058E+001, 8.82886E-002, 2.74489E+001, 2.50235E+001
 1.99001E+002, 2.56942E+001, 2.74547E+001, 4.14103E+001, 2.98557E+001, 2.50180E+001, 2.59970E+001, 2.73958E+001, 7.55154E+001, 5.77157E+001, 5.47905E+001, 5.54066E+001, 5.71964E+001, 1.88970E+002, 1.47541E+002, 1.11071E+002, 9.04421E+001, 6.84911E+001, 3.43799E+001, 2.88082E+001, 2.90491E+001, 2.92684E+001, 2.95398E+001, 2.55195E+001, 2.55764E+001, 2.56942E+001, 2.57904E+001, 2.60259E+001, 2.54346E+001, 2.55276E+001, 2.56524E+001, 2.57486E+001, 2.59787E+001, 2.53888E+001, 2.55068E+001, 2.56261E+001, 2.57222E+001, 2.59567E+001, 3.21068E+002, 1.84870E+002, 3.79005E-002, 2.03274E-001, 3.15765E+002, 2.30000E-001, 2.61715E+001, 2.61715E+001, 1.18265E-001, 2.86410E+001, 2.51065E+001, 8.52535E-002, 2.73118E+001, 2.50237E+001
 2.00002E+002, 2.56963E+001, 2.74446E+001, 4.12481E+001, 2.98822E+001, 2.50183E+001, 2.53902E+001, 2.72916E+001, 7.62666E+001, 5.61857E+001, 5.23112E+001, 5.46757E+001, 5.88385E+001, 1.91015E+002, 1.48173E+002, 1.13458E+002, 8.98012E+001, 6.92668E+001, 3.49575E+001, 2.95104E+001, 2.89349E+001, 2.88842E+001, 3.01084E+001, 2.55255E+001, 2.55823E+001, 2.56963E+001, 2.57987E+001, 2.60441E+001, 2.54365E+001, 2.55312E+001, 2.56565E+001, 2.57541E+001, 2.59895E+001, 2.53904E+001, 2.55096E+001, 2.56307E+001, 2.57277E+001, 2.59663E+001, 3.19038E+002, 1.84212E+002, 3.79072E-002, 2.03242E-001, 3.16354E+002, 2.30000E-001, 2.61737E+001, 2.61737E+001, 1.18373E-001, 2.86761E+001, 2.51069E+001, 8.01475E-002, 2.71820E+001, 2.50233E+001
 2.01001E+002, 2.57028E+001, 2.74557E+001, 4.10468E+001, 2.97108E+001, 2.50186E+001, 2.55502E+001, 2.72508E+001, 7.56245E+001, 5.71751E+001, 5.43105E+001, 5.50418E+001, 5.65853E+001, 1.89533E+002, 1.48798E+002, 1.14068E+002, 9.28058E+001, 6.95875E+001, 3.48423E+001, 2.90280E+001, 2.91325E+001, 2.91957E+001, 2.92527E+001, 2.55299E+001, 2.55881E+001, 2.57028E+001, 2.57971E+001, 2.60454E+001, 2.54367E+001, 2.55336E+001, 2.56592E+001, 2.57570E+001, 2.59953E+001, 2.53887E+001, 2.55099E+001, 2.56340E+001, 2.57317E+001, 2.59707E+001, 3.18694E+002, 1.86166E+002, 3.78949E-002, 2.03195E-001, 3.16949E+002, 2.30000E-001, 2.61780E+001, 2.61780E+001, 1.18299E-001, 2.86854E+001, 2.51073E+001, 7.45943E-002, 2.70807E+001, 2.50234E+001
 2.02000E+002, 2.57047E+001, 2.73873E+001, 4.11941E+001, 3.06225E+001, 2.50188E+001, 2.62725E+001, 2.73533E+001, 7.56367E+001, 5.64478E+001, 5.20611E+001, 5.39340E+001, 5.80344E+001, 1.89321E+002, 1.47164E+002, 1.12966E+002, 9.06108E+001, 6.90406E+001, 3.48588E+001, 2.92180E+001, 2.86900E+001, 2.89325E+001, 2.88322E+001, 2.55277E+001, 2.55898E+001, 2.57047E+001, 2.57992E+001, 2.60254E+001, 2.54347E+001, 2.55342E+001, 2.56610E+001, 2.57582E+001, 2.59907E+001, 2.53863E+001, 2.55090E+001, 2.56342E+001, 2.57321E+001, 2.59615E+001, 3.19436E+002, 1.84082E+002, 3.79073E-002, 2.03141E-001, 3.17485E+002, 2.30000E-001, 2.61832E+001, 2.61832E+001, 1.20459E-001, 2.88182E+001, 2.51074E+001, 8.22678E-002, 2.71701E+001, 2.50239E+001
 2.03001E+002, 2.57034E+001, 2.74820E+001, 4.10734E+001, 3.01620E+001, 2.50189E+001, 2.61508E+001, 2.72454E+001, 7.60472E+001, 5.67256E+001, 5.38904E+001, 5.44634E+001, 5.60580E+001, 1.88586E+002, 1.46334E+002, 1.12692E+002, 9.18079E+001, 6.98214E+001, 3.51102E+001, 2.90593E+001, 2.87576E+001, 2.86370E+001, 2.96265E+001, 2.55281E+001, 2.55912E+001, 2.57034E+001, 2.57979E+001, 2.60242E+001, 2.54338E+001, 2.55355E+001, 2.56614E+001, 2.57577E+001, 2.59824E+001, 2.53886E+001, 2.55116E+001, 2.56338E+001, 2.57310E+001, 2.59573E+001, 3.23409E+002, 1.84197E+002, 3.79007E-002, 2.03085E-001, 3.17821E+002, 2.30000E-001, 2.61900E+001, 2.61900E+001, 1.18070E-001, 2.86337E+001, 2.51074E+001, 8.20931E-002, 2.69709E+001, 2.50235E+001
 2.04001E+002, 2.57057E+001, 2.74081E+001, 4.15258E+001, 3.02705E+001, 2.50191E+001, 2.57703E+001, 2.70263E+001, 7.60566E+001, 5.73184E+001, 5.30248E+001, 5.42258E+001, 5.77131E+001, 1.88516E+002, 1.47266E+002, 1.13744E+002, 9.17944E+001, 6.97653E+001, 3.50217E+001, 2.90021E+001, 2.84990E+001, 2.86082E+001, 2.82825E+001, 2.55311E+001, 2.55951E+001, 2.57057E+001, 2.57928E+001, 2.60141E+001, 2.54383E+001, 2.55397E+001, 2.56618E+001, 2.57551E+001, 2.59796E+001, 2.53948E+001, 2.55179E+001, 2.56350E+001, 2.57299E+001, 2.59565E+001, 3.20244E+002, 1.83322E+002, 3.79019E-002, 2.03056E-001, 3.18133E+002, 2.30000E-001, 2.61917E+001, 2.61917E+001, 1.18127E-001, 2.86205E+001, 2.51073E+001, 7.31584E-002, 2.69732E+001, 2.50235E+001
 2.05002E+002, 2.57047E+001, 2.73870E+001, 4.13973E+001, 3.05661E+001, 2.50192E+001, 2.55099E+001, 2.68229E+001, 7.71796E+001, 5.67903E+001, 5.33412E+001, 5.43339E+001, 5.65469E+001, 1.87384E+002, 1.44446E+002, 1.12346E+002, 9.15245E+001, 6.94588E+001, 3.50756E+001, 2.90058E+001, 2.85798E+001, 2.82858E+001, 2.86479E+001, 2.55365E+001, 2.55995E+001, 2.57047E+001, 2.57897E+001, 2.60108E+001, 2.54437E+001, 2.55451E+001, 2.56628E+001, 2.57544E+001, 2.59789E+001, 2.53987E+001, 2.55220E+001, 2.56360E+001, 2.57300E+001, 2.59588E+001, 3.20561E+002, 1.82891E+002, 3.78946E-002, 2.03048E-001, 3.18414E+002, 2.30000E-001, 2.61972E+001, 2.61972E+001, 1.19723E-001, 2.87203E+001, 2.51072E+001, 7.66623E-002, 2.73605E+001, 2.50237E+001
 2.06002E+002, 2.57049E+001, 2.73591E+001, 4.06880E+001, 3.02801E+001, 2.50193E+001, 2.59875E+001, 2.67567E+001, 7.63219E+001, 5.83843E+001, 5.39055E+001, 5.47164E+001, 5.73605E+001, 1.87552E+002, 1.45972E+002, 1.12980E+002, 9.16227E+001, 6.87923E+001, 3.52456E+001, 2.88408E+001, 2.82929E+001, 2.83269E+001, 2.81881E+001, 2.55446E+001, 2.56034E+001, 2.57049E+001, 2.57907E+001, 2.60136E+001, 2.54473E+001, 2.55489E+001, 2.56645E+001, 2.57560E+001, 2.59827E+001, 2.54007E+001, 2.55243E+001, 2.56371E+001, 2.57310E+001, 2.59622E+001, 3.20373E+002, 1.82278E+002, 3.78965E-002, 2.03042E-001, 3.18750E+002, 2.30000E-001, 2.62045E+001, 2.62045E+001, 1.18389E-001, 2.86793E+001, 2.51072E+001, 7.48032E-002, 2.72868E+001, 2.50240E+001
 2.07002E+002, 2.57082E+001, 2.73471E+001, 4.06468E+001, 3.03057E+001, 2.50194E+001, 2.66005E+001, 2.72082E+001, 7.61735E+001, 5.65966E+001, 5.32211E+001, 5.45485E+001, 5.76006E+001, 1.87401E+002, 1.45063E+002, 1.13365E+002, 9.24829E+001, 7.16909E+001, 3.51583E+001, 2.88628E+001, 2.81401E+001, 2.80886E+001, 2.82600E+001, 2.55490E+001, 2.56071E+001, 2.57082E+001, 2.57929E+001, 2.60138E+001, 2.54504E+001, 2.55516E+001, 2.56665E+001, 2.57588E+001, 2.59837E+001, 2.54035E+001, 2.55271E+001, 2.56394E+001, 2.57337E+001, 2.59621E+001, 3.23559E+002, 1.82322E+002, 3.78942E-002, 2.03022E-001, 3.19150E+002, 2.30000E-001, 2.62064E+001, 2.62064E+001, 1.18453E-001, 2.87107E+001, 2.51075E+001, 7.14990E-002, 2.71409E+001, 2.50242E+001
 2.08001E+002, 2.57148E+001, 2.73527E+001, 4.04215E+001, 2.98184E+001, 2.50195E+001, 2.61403E+001, 2.70973E+001, 7.47842E+001, 5.72734E+001, 5.32097E+001, 5.41601E+001, 5.69713E+001, 1.88415E+002, 1.46586E+002, 1.13887E+002, 9.25762E+001, 7.03226E+001, 3.52014E+001, 2.87824E+001, 2.82599E+001, 2.82648E+001, 2.80715E+001, 2.55529E+001, 2.56123E+001, 2.57148E+001, 2.57989E+001, 2.60139E+001, 2.54547E+001, 2.55564E+001, 2.56712E+001, 2.57638E+001, 2.59838E+001, 2.54073E+001, 2.55324E+001, 2.56443E+001, 2.57384E+001, 2.59613E+001, 3.20033E+002, 1.81020E+002, 3.78961E-002, 2.03027E-001, 3.19536E+002, 2.30000E-001, 2.62075E+001, 2.62075E+001, 1.18191E-001, 2.86753E+001, 2.51080E+001, 6.81566E-002, 2.71099E+001, 2.50239E+001
 2.09000E+002, 2.57209E+001, 2.74063E+001, 4.07164E+001, 2.98511E+001, 2.50196E+001, 2.54497E+001, 2.66964E+001, 7.45475E+001, 5.57153E+001, 5.31119E+001, 5.52117E+001, 5.78363E+001, 1.88263E+002, 1.45974E+002, 1.13083E+002, 9.19253E+001, 6.97561E+001, 3.49929E+001, 2.88301E+001, 2.81908E+001, 2.83157E+001, 2.84427E+001, 2.55553E+001, 2.56184E+001, 2.57209E+001, 2.58067E+001, 2.60268E+001, 2.54594E+001, 2.55629E+001, 2.56781E+001, 2.57716E+001, 2.59927E+001, 2.54109E+001, 2.55380E+001, 2.56504E+001, 2.57443E+001, 2.59689E+001, 3.19825E+002, 1.82790E+002, 3.78958E-002, 2.03071E-001, 3.19972E+002, 2.30000E-001, 2.62052E+001, 2.62052E+001, 1.18958E-001, 2.86676E+001, 2.51085E+001, 7.55127E-002, 2.72966E+001, 2.50239E+001
 2.10002E+002, 2.57273E+001, 2.75503E+001, 4.04006E+001, 2.97227E+001, 2.50197E+001, 2.53291E+001, 2.67146E+001, 7.46091E+001, 5.70147E+001, 5.32709E+001, 5.44704E+001, 5.79524E+001, 1.89086E+002, 1.47709E+002, 1.14709E+002, 9.30955E+001, 7.06447E+001, 3.47670E+001, 2.87374E+001, 2.84287E+001, 2.83199E+001, 2.80861E+001, 2.55552E+001, 2.56222E+001, 2.57273E+001, 2.58136E+001, 2.60373E+001, 2.54617E+001, 2.55668E+001, 2.56834E+001, 2.57778E+001, 2.60071E+001, 2.54109E+001, 2.55386E+001, 2.56536E+001, 2.57488E+001, 2.59817E+001, 3.19503E+002, 1.82323E+002, 3.78958E-002, 2.03089E-001, 3.20461E+002, 2.30000E-001, 2.61984E+001, 2.61984E+001, 1.18858E-001, 2.86492E+001, 2.51092E+001, 7.96325E-002, 2.74410E+001, 2.50244E+001
 2.11001E+002, 2.57258E+001, 2.76214E+001, 4.15227E+001, 2.97913E+001, 2.50198E+001, 2.55485E+001, 2.65731E+001, 7.45025E+001, 5.54700E+001, 5.32551E+001, 5.55878E+001, 5.88732E+001, 1.89444E+002, 1.47216E+002, 1.13251E+002, 9.18799E+001, 7.03801E+001, 3.47102E+001, 2.88135E+001, 2.82797E+001, 2.84550E+001, 2.86140E+001, 2.55489E+001, 2.56183E+001, 2.57258E+001, 2.58189E+001, 2.60494E+001, 2.54584E+001, 2.55634E+001, 2.56835E+001, 2.57810E+001, 2.60123E+001, 2.54063E+001, 2.55324E+001, 2.56522E+001, 2.57509E+001, 2.59866E+001, 3.19197E+002, 1.83358E+002, 3.78967E-002, 2.03057E-001, 3.20978E+002, 2.30000E-001, 2.61889E+001, 2.61889E+001, 1.18820E-001, 2.87137E+001, 2.51100E+001, 8.10557E-002, 2.74515E+001, 2.50249E+001
 2.12000E+002, 2.57249E+001, 2.75752E+001, 4.07769E+001, 2.97476E+001, 2.50198E+001, 2.60971E+001, 2.62932E+001, 7.45704E+001, 5.69952E+001, 5.34545E+001, 5.44272E+001, 5.76225E+001, 1.89960E+002, 1.48777E+002, 1.14549E+002, 9.29253E+001, 7.02353E+001, 3.45520E+001, 2.87490E+001, 2.85610E+001, 2.86494E+001, 2.87640E+001, 2.55413E+001, 2.56113E+001, 2.57249E+001, 2.58208E+001, 2.60433E+001, 2.54527E+001, 2.55555E+001, 2.56803E+001, 2.57807E+001, 2.60077E+001, 2.54023E+001, 2.55254E+001, 2.56485E+001, 2.57497E+001, 2.59791E+001, 3.18640E+002, 1.84816E+002, 3.78961E-002, 2.03021E-001, 3.21559E+002, 2.30000E-001, 2.61845E+001, 2.61845E+001, 1.17229E-001, 2.86330E+001, 2.51110E+001, 8.16134E-002, 2.74574E+001, 2.50250E+001
 2.13001E+002, 2.57194E+001, 2.75098E+001, 4.07996E+001, 2.96324E+001, 2.50200E+001, 2.68179E+001, 2.65141E+001, 7.51574E+001, 5.56262E+001, 5.31916E+001, 5.63541E+001, 5.98397E+001, 1.90173E+002, 1.46917E+002, 1.10966E+002, 8.88864E+001, 6.91112E+001, 3.39479E+001, 2.89529E+001, 2.84822E+001, 2.86876E+001, 2.92628E+001, 2.55337E+001, 2.56023E+001, 2.57194E+001, 2.58229E+001, 2.60391E+001, 2.54515E+001, 2.55507E+001, 2.56776E+001, 2.57803E+001, 2.59977E+001, 2.54046E+001, 2.55255E+001, 2.56479E+001, 2.57494E+001, 2.59728E+001, 3.18964E+002, 1.84414E+002, 3.79010E-002, 2.03018E-001, 3.22255E+002, 2.30000E-001, 2.61794E+001, 2.61794E+001, 1.16925E-001, 2.85682E+001, 2.51119E+001, 8.06928E-002, 2.73951E+001, 2.50252E+001
 2.14002E+002, 2.57216E+001, 2.74480E+001, 4.10802E+001, 2.96363E+001, 2.50201E+001, 2.67756E+001, 2.67288E+001, 7.53924E+001, 5.76192E+001, 5.50359E+001, 5.58431E+001, 5.82106E+001, 1.89065E+002, 1.45311E+002, 1.10182E+002, 8.89432E+001, 6.72914E+001, 3.43781E+001, 2.89036E+001, 2.88287E+001, 2.85644E+001, 2.89830E+001, 2.55342E+001, 2.56031E+001, 2.57216E+001, 2.58219E+001, 2.60460E+001, 2.54568E+001, 2.55544E+001, 2.56805E+001, 2.57814E+001, 2.60010E+001, 2.54134E+001, 2.55354E+001, 2.56536E+001, 2.57519E+001, 2.59763E+001, 3.19247E+002, 1.85316E+002, 3.78908E-002, 2.03064E-001, 3.22974E+002, 2.30000E-001, 2.61788E+001, 2.61788E+001, 1.19229E-001, 2.86777E+001, 2.51129E+001, 7.99706E-002, 2.75066E+001, 2.50254E+001
 2.15002E+002, 2.57300E+001, 2.74090E+001, 4.07495E+001, 3.03967E+001, 2.50202E+001, 2.61245E+001, 2.66398E+001, 7.46235E+001, 5.56790E+001, 5.36310E+001, 5.71305E+001, 6.06749E+001, 1.90623E+002, 1.47176E+002, 1.09567E+002, 8.73623E+001, 6.71028E+001, 3.46116E+001, 2.90979E+001, 2.87270E+001, 2.90071E+001, 2.93470E+001, 2.55461E+001, 2.56140E+001, 2.57300E+001, 2.58298E+001, 2.60444E+001, 2.54668E+001, 2.55657E+001, 2.56879E+001, 2.57850E+001, 2.60054E+001, 2.54237E+001, 2.55499E+001, 2.56625E+001, 2.57556E+001, 2.59792E+001, 3.20068E+002, 1.84273E+002, 3.79005E-002, 2.03084E-001, 3.23776E+002, 2.30000E-001, 2.61810E+001, 2.61810E+001, 1.20843E-001, 2.88374E+001, 2.51136E+001, 7.92316E-002, 2.72760E+001, 2.50255E+001
 2.16001E+002, 2.57358E+001, 2.74389E+001, 4.15832E+001, 3.01256E+001, 2.50202E+001, 2.57702E+001, 2.73537E+001, 7.46490E+001, 5.73807E+001, 5.53433E+001, 5.72556E+001, 5.98603E+001, 1.87881E+002, 1.41469E+002, 1.07742E+002, 8.65099E+001, 6.68098E+001, 3.36133E+001, 2.91592E+001, 2.88945E+001, 2.86330E+001, 2.97504E+001, 2.55488E+001, 2.56246E+001, 2.57358E+001, 2.58365E+001, 2.60723E+001, 2.54748E+001, 2.55780E+001, 2.56956E+001, 2.57898E+001, 2.60112E+001, 2.54288E+001, 2.55592E+001, 2.56691E+001, 2.57587E+001, 2.59808E+001, 3.18775E+002, 1.84096E+002, 3.78927E-002, 2.03047E-001, 3.24436E+002, 2.30000E-001, 2.61842E+001, 2.61842E+001, 1.18910E-001, 2.87379E+001, 2.51139E+001, 7.56671E-002, 2.68608E+001, 2.50256E+001
 2.17001E+002, 2.57402E+001, 2.74746E+001, 4.10278E+001, 3.03647E+001, 2.50202E+001, 2.55843E+001, 2.70358E+001, 7.42124E+001, 5.63776E+001, 5.46432E+001, 5.72586E+001, 6.07503E+001, 1.88750E+002, 1.45327E+002, 1.08745E+002, 8.73153E+001, 6.42300E+001, 3.48198E+001, 2.86981E+001, 2.88686E+001, 2.84125E+001, 2.83348E+001, 2.55547E+001, 2.56316E+001, 2.57402E+001, 2.58251E+001, 2.60525E+001, 2.54764E+001, 2.55836E+001, 2.56992E+001, 2.57905E+001, 2.60163E+001, 2.54276E+001, 2.55591E+001, 2.56705E+001, 2.57595E+001, 2.59850E+001, 3.19280E+002, 1.83838E+002, 3.79039E-002, 2.02986E-001, 3.25005E+002, 2.30000E-001, 2.61952E+001, 2.61952E+001, 1.20138E-001, 2.88452E+001, 2.51137E+001, 7.47222E-002, 2.68618E+001, 2.50258E+001
 2.18001E+002, 2.57426E+001, 2.75229E+001, 4.13578E+001, 2.98648E+001, 2.50201E+001, 2.53909E+001, 2.63772E+001, 7.40595E+001, 5.60394E+001, 5.37980E+001, 5.59311E+001, 6.05283E+001, 1.89065E+002, 1.43817E+002, 1.08923E+002, 8.65644E+001, 6.67050E+001, 3.39791E+001, 2.92455E+001, 2.88163E+001, 2.96251E+001, 2.90745E+001, 2.55504E+001, 2.56294E+001, 2.57426E+001, 2.58440E+001, 2.60712E+001, 2.54729E+001, 2.55812E+001, 2.56997E+001, 2.57939E+001, 2.60240E+001, 2.54240E+001, 2.55557E+001, 2.56712E+001, 2.57633E+001, 2.59959E+001, 3.20836E+002, 1.82000E+002, 3.78969E-002, 2.02962E-001, 3.25544E+002, 2.30000E-001, 2.61821E+001, 2.61821E+001, 1.17484E-001, 2.86266E+001, 2.51136E+001, 7.80790E-002, 2.72005E+001, 2.50259E+001
 2.19002E+002, 2.57441E+001, 2.76293E+001, 4.05281E+001, 2.95777E+001, 2.50201E+001, 2.58652E+001, 2.67817E+001, 7.49684E+001, 5.84982E+001, 5.69227E+001, 5.85796E+001, 5.99949E+001, 1.87882E+002, 1.41410E+002, 1.04192E+002, 8.37239E+001, 6.38586E+001, 3.45292E+001, 2.88901E+001, 2.89714E+001, 2.86841E+001, 2.89150E+001, 2.55426E+001, 2.56251E+001, 2.57441E+001, 2.58477E+001, 2.60792E+001, 2.54695E+001, 2.55792E+001, 2.57031E+001, 2.58008E+001, 2.60381E+001, 2.54211E+001, 2.55534E+001, 2.56727E+001, 2.57679E+001, 2.60058E+001, 3.19829E+002, 1.82515E+002, 3.78982E-002, 2.02957E-001, 3.26024E+002, 2.30000E-001, 2.61906E+001, 2.61906E+001, 1.18137E-001, 2.86020E+001, 2.51136E+001, 7.36419E-002, 2.71350E+001, 2.50258E+001
 2.20002E+002, 2.57451E+001, 2.78094E+001, 4.12766E+001, 3.06119E+001, 2.50201E+001, 2.62193E+001, 2.67348E+001, 7.49267E+001, 5.53843E+001, 5.33398E+001, 5.62305E+001, 5.98715E+001, 1.87502E+002, 1.43970E+002, 1.07130E+002, 8.55254E+001, 6.45604E+001, 3.50572E+001, 2.93615E+001, 2.86418E+001, 2.89655E+001, 2.90927E+001, 2.55505E+001, 2.56285E+001, 2.57451E+001, 2.58515E+001, 2.60814E+001, 2.54665E+001, 2.55768E+001, 2.57028E+001, 2.58025E+001, 2.60431E+001, 2.54189E+001, 2.55520E+001, 2.56742E+001, 2.57703E+001, 2.60141E+001, 3.20543E+002, 1.83878E+002, 3.79061E-002, 2.02903E-001, 3.26770E+002, 2.30000E-001, 2.62016E+001, 2.62016E+001, 1.21950E-001, 2.88919E+001, 2.51141E+001, 8.17099E-002, 2.72647E+001, 2.50258E+001
 2.21001E+002, 2.57415E+001, 2.76512E+001, 4.17657E+001, 2.97112E+001, 2.50201E+001, 2.61597E+001, 2.73950E+001, 7.49077E+001, 5.71939E+001, 5.40003E+001, 5.61733E+001, 5.89402E+001, 1.88641E+002, 1.43842E+002, 1.09279E+002, 8.64337E+001, 6.52572E+001, 3.45090E+001, 2.92719E+001, 2.93144E+001, 2.93584E+001, 3.05778E+001, 2.55451E+001, 2.56217E+001, 2.57415E+001, 2.58554E+001, 2.61045E+001, 2.54644E+001, 2.55727E+001, 2.56996E+001, 2.58004E+001, 2.60408E+001, 2.54169E+001, 2.55480E+001, 2.56715E+001, 2.57685E+001, 2.60129E+001, 3.20630E+002, 1.82528E+002, 3.78923E-002, 2.02785E-001, 3.27452E+002, 2.30000E-001, 2.61947E+001, 2.61947E+001, 1.15819E-001, 2.85847E+001, 2.51144E+001, 7.69169E-002, 2.70309E+001, 2.50254E+001
 2.22001E+002, 2.57429E+001, 2.75214E+001, 4.04466E+001, 2.99606E+001, 2.50202E+001, 2.57872E+001, 2.68648E+001, 7.42673E+001, 5.55316E+001, 5.36999E+001, 5.53392E+001, 5.75974E+001, 1.86136E+002, 1.42814E+002, 1.05409E+002, 8.50629E+001, 6.30761E+001, 3.49703E+001, 2.89411E+001, 2.94193E+001, 2.97603E+001, 2.96325E+001, 2.55420E+001, 2.56182E+001, 2.57429E+001, 2.58516E+001, 2.60934E+001, 2.54628E+001, 2.55708E+001, 2.56972E+001, 2.57971E+001, 2.60314E+001, 2.54168E+001, 2.55473E+001, 2.56695E+001, 2.57667E+001, 2.60046E+001, 3.21466E+002, 1.84487E+002, 3.79063E-002, 2.02717E-001, 3.28125E+002, 2.30000E-001, 2.61946E+001, 2.61946E+001, 1.16238E-001, 2.87374E+001, 2.51146E+001, 7.54742E-002, 2.73809E+001, 2.50253E+001
 2.23001E+002, 2.57364E+001, 2.77010E+001, 4.08301E+001, 3.00028E+001, 2.50203E+001, 2.55628E+001, 2.68752E+001, 7.41788E+001, 5.56523E+001, 5.29088E+001, 5.43997E+001, 5.86644E+001, 1.87703E+002, 1.43149E+002, 1.08039E+002, 8.63016E+001, 6.47163E+001, 3.47515E+001, 2.92332E+001, 2.88186E+001, 2.94802E+001, 2.90721E+001, 2.55434E+001, 2.56181E+001, 2.57364E+001, 2.58431E+001, 2.60671E+001, 2.54632E+001, 2.55721E+001, 2.56961E+001, 2.57944E+001, 2.60227E+001, 2.54182E+001, 2.55502E+001, 2.56706E+001, 2.57670E+001, 2.60001E+001, 3.21440E+002, 1.83311E+002, 3.78995E-002, 2.02730E-001, 3.28768E+002, 2.30000E-001, 2.61984E+001, 2.61984E+001, 1.16920E-001, 2.87492E+001, 2.51148E+001, 7.37894E-002, 2.75976E+001, 2.50259E+001
 2.24002E+002, 2.57357E+001, 2.75408E+001, 4.02873E+001, 2.94712E+001, 2.50203E+001, 2.54732E+001, 2.72638E+001, 7.48911E+001, 5.68522E+001, 5.40501E+001, 5.47115E+001, 5.72538E+001, 1.88085E+002, 1.43435E+002, 1.06881E+002, 8.64250E+001, 6.61318E+001, 3.46883E+001, 2.88686E+001, 2.88454E+001, 2.89236E+001, 2.94591E+001, 2.55460E+001, 2.56222E+001, 2.57357E+001, 2.58404E+001, 2.60568E+001, 2.54670E+001, 2.55768E+001, 2.56985E+001, 2.57959E+001, 2.60205E+001, 2.54223E+001, 2.55563E+001, 2.56744E+001, 2.57694E+001, 2.60004E+001, 3.21578E+002, 1.83117E+002, 3.78977E-002, 2.02727E-001, 3.29331E+002, 2.30000E-001, 2.61946E+001, 2.61946E+001, 1.15127E-001, 2.86063E+001, 2.51152E+001, 7.72925E-002, 2.74631E+001, 2.50265E+001
 2.25002E+002, 2.57401E+001, 2.74844E+001, 4.11589E+001, 2.98349E+001, 2.50204E+001, 2.57990E+001, 2.74294E+001, 7.39956E+001, 5.59754E+001, 5.39815E+001, 5.65876E+001, 5.87835E+001, 1.87684E+002, 1.44973E+002, 1.08349E+002, 8.63389E+001, 6.53125E+001, 3.47023E+001, 2.88962E+001, 2.86326E+001, 2.90388E+001, 2.89363E+001, 2.55520E+001, 2.56289E+001, 2.57401E+001, 2.58431E+001, 2.60608E+001, 2.54728E+001, 2.55836E+001, 2.57036E+001, 2.57995E+001, 2.60228E+001, 2.54274E+001, 2.55638E+001, 2.56802E+001, 2.57733E+001, 2.60020E+001, 3.21371E+002, 1.82618E+002, 3.79010E-002, 2.02697E-001, 3.30030E+002, 2.30000E-001, 2.61946E+001, 2.61946E+001, 1.15832E-001, 2.87143E+001, 2.51159E+001, 7.99491E-002, 2.71739E+001, 2.50268E+001
 2.26002E+002, 2.57439E+001, 2.74650E+001, 4.12413E+001, 2.97039E+001, 2.50204E+001, 2.57188E+001, 2.71388E+001, 7.48584E+001, 5.63402E+001, 5.32152E+001, 5.50849E+001, 5.91748E+001, 1.88319E+002, 1.44333E+002, 1.09846E+002, 8.69632E+001, 6.59889E+001, 3.43026E+001, 2.91499E+001, 2.86442E+001, 2.88213E+001, 2.90771E+001, 2.55552E+001, 2.56348E+001, 2.57439E+001, 2.58457E+001, 2.60631E+001, 2.54764E+001, 2.55888E+001, 2.57085E+001, 2.58028E+001, 2.60268E+001, 2.54284E+001, 2.55667E+001, 2.56838E+001, 2.57750E+001, 2.60006E+001, 3.21306E+002, 1.80841E+002, 3.78996E-002, 2.02679E-001, 3.30640E+002, 2.30000E-001, 2.61950E+001, 2.61950E+001, 1.15966E-001, 2.87373E+001, 2.51165E+001, 7.72984E-002, 2.72543E+001, 2.50266E+001
 2.27002E+002, 2.57459E+001, 2.75314E+001, 4.13511E+001, 3.00342E+001, 2.50205E+001, 2.55789E+001, 2.66329E+001, 7.48323E+001, 5.71364E+001, 5.42383E+001, 5.56144E+001, 5.85549E+001, 1.88035E+002, 1.43107E+002, 1.08279E+002, 8.72893E+001, 6.58719E+001, 3.40600E+001, 2.89561E+001, 2.89860E+001, 2.87456E+001, 2.91812E+001, 2.55508E+001, 2.56347E+001, 2.57459E+001, 2.58421E+001, 2.60665E+001, 2.54735E+001, 2.55876E+001, 2.57086E+001, 2.58016E+001, 2.60261E+001, 2.54235E+001, 2.55608E+001, 2.56807E+001, 2.57717E+001, 2.59976E+001, 3.21144E+002, 1.81224E+002, 3.78942E-002, 2.02680E-001, 3.31107E+002, 2.30000E-001, 2.61968E+001, 2.61968E+001, 1.17565E-001, 2.87705E+001, 2.51169E+001, 7.84364E-002, 2.78765E+001, 2.50261E+001
 2.28002E+002, 2.57458E+001, 2.75571E+001, 4.18049E+001, 3.00362E+001, 2.50207E+001, 2.60802E+001, 2.71181E+001, 7.45351E+001, 5.66400E+001, 5.42200E+001, 5.61300E+001, 5.85617E+001, 1.87845E+002, 1.44112E+002, 1.07504E+002, 8.65720E+001, 6.50122E+001, 3.44130E+001, 2.88153E+001, 2.89658E+001, 2.93108E+001, 2.89179E+001, 2.55436E+001, 2.56277E+001, 2.57458E+001, 2.58425E+001, 2.60652E+001, 2.54673E+001, 2.55802E+001, 2.57036E+001, 2.57975E+001, 2.60236E+001, 2.54188E+001, 2.55525E+001, 2.56734E+001, 2.57661E+001, 2.59962E+001, 3.21535E+002, 1.83384E+002, 3.79054E-002, 2.02625E-001, 3.31643E+002, 2.30000E-001, 2.61968E+001, 2.61968E+001, 1.16052E-001, 2.86363E+001, 2.51172E+001, 7.27288E-002, 2.77136E+001, 2.50261E+001
 2.29002E+002, 2.57379E+001, 2.75290E+001, 4.16112E+001, 2.97724E+001, 2.50207E+001, 2.65331E+001, 2.75857E+001, 7.45139E+001, 5.54985E+001, 5.33841E+001, 5.50848E+001, 5.93331E+001, 1.87277E+002, 1.44336E+002, 1.09555E+002, 8.79961E+001, 6.67199E+001, 3.45645E+001, 2.91820E+001, 2.85373E+001, 2.88317E+001, 2.90767E+001, 2.55423E+001, 2.56234E+001, 2.57379E+001, 2.58362E+001, 2.60605E+001, 2.54648E+001, 2.55753E+001, 2.56975E+001, 2.57928E+001, 2.60219E+001, 2.54191E+001, 2.55502E+001, 2.56689E+001, 2.57632E+001, 2.59965E+001, 3.21506E+002, 1.82837E+002, 3.78979E-002, 2.02566E-001, 3.32169E+002, 2.30000E-001, 2.61943E+001, 2.61943E+001, 1.15496E-001, 2.86640E+001, 2.51173E+001, 7.63449E-002, 2.74115E+001, 2.50264E+001
 2.30000E+002, 2.57357E+001, 2.74796E+001, 4.18795E+001, 3.00771E+001, 2.50207E+001, 2.59236E+001, 2.71941E+001, 7.49552E+001, 5.73204E+001, 5.34465E+001, 5.46197E+001, 5.74974E+001, 1.87994E+002, 1.42884E+002, 1.08267E+002, 8.74567E+001, 6.58659E+001, 3.44500E+001, 2.89274E+001, 2.89032E+001, 2.86825E+001, 2.94267E+001, 2.55451E+001, 2.56249E+001, 2.57357E+001, 2.58324E+001, 2.60574E+001, 2.54678E+001, 2.55775E+001, 2.56959E+001, 2.57917E+001, 2.60186E+001, 2.54220E+001, 2.55531E+001, 2.56693E+001, 2.57639E+001, 2.59947E+001, 3.21591E+002, 1.80967E+002, 3.78941E-002, 2.02566E-001, 3.32619E+002, 2.30000E-001, 2.61997E+001, 2.61997E+001, 1.16526E-001, 2.87970E+001, 2.51173E+001, 8.25669E-002, 2.75430E+001, 2.50266E+001
 2.31000E+002, 2.57384E+001, 2.74459E+001, 4.23664E+001, 3.04623E+001, 2.50209E+001, 2.55075E+001, 2.73339E+001, 7.43475E+001, 5.60497E+001, 5.43484E+001, 5.60255E+001, 5.81628E+001, 1.86803E+002, 1.43594E+002, 1.07260E+002, 8.64250E+001, 6.48404E+001, 3.48012E+001, 2.88727E+001, 2.87492E+001, 2.88569E+001, 2.95159E+001, 2.55504E+001, 2.56294E+001, 2.57384E+001, 2.58362E+001, 2.60578E+001, 2.54715E+001, 2.55817E+001, 2.56989E+001, 2.57945E+001, 2.60165E+001, 2.54236E+001, 2.55543E+001, 2.56710E+001, 2.57650E+001, 2.59940E+001, 3.21792E+002, 1.84017E+002, 3.78988E-002, 2.02582E-001, 3.33105E+002, 2.30000E-001, 2.62025E+001, 2.62025E+001, 1.16745E-001, 2.87597E+001, 2.51176E+001, 7.80010E-002, 2.72979E+001, 2.50274E+001
 2.32000E+002, 2.57422E+001, 2.74997E+001, 4.15793E+001, 3.07550E+001, 2.50212E+001, 2.52389E+001, 2.68618E+001, 7.47192E+001, 5.66259E+001, 5.35666E+001, 5.51293E+001, 5.84235E+001, 1.87324E+002, 1.44169E+002, 1.09361E+002, 8.75941E+001, 6.58639E+001, 3.46660E+001, 2.90733E+001, 2.85166E+001, 2.88385E+001, 2.89628E+001, 2.55547E+001, 2.56332E+001, 2.57422E+001, 2.58410E+001, 2.60638E+001, 2.54731E+001, 2.55826E+001, 2.57015E+001, 2.57971E+001, 2.60229E+001, 2.54239E+001, 2.55536E+001, 2.56718E+001, 2.57660E+001, 2.60023E+001, 3.21514E+002, 1.82679E+002, 3.78977E-002, 2.02566E-001, 3.33612E+002, 2.30000E-001, 2.62057E+001, 2.62057E+001, 1.17714E-001, 2.87782E+001, 2.51183E+001, 6.41331E-002, 2.70249E+001, 2.50293E+001
 2.33001E+002, 2.57441E+001, 2.74884E+001, 4.15365E+001, 3.03220E+001, 2.50213E+001, 2.52667E+001, 2.69420E+001, 7.52180E+001, 5.65691E+001, 5.34257E+001, 5.53681E+001, 5.81810E+001, 1.87978E+002, 1.43164E+002, 1.09007E+002, 8.79169E+001, 6.72387E+001, 3.46096E+001, 2.90150E+001, 2.88696E+001, 2.85770E+001, 2.97416E+001, 2.55542E+001, 2.56333E+001, 2.57441E+001, 2.58444E+001, 2.60721E+001, 2.54737E+001, 2.55820E+001, 2.57024E+001, 2.57989E+001, 2.60304E+001, 2.54242E+001, 2.55533E+001, 2.56721E+001, 2.57670E+001, 2.60072E+001, 3.21101E+002, 1.82057E+002, 3.78922E-002, 2.02515E-001, 3.34044E+002, 2.30000E-001, 2.62033E+001, 2.62033E+001, 1.16447E-001, 2.87923E+001, 2.51190E+001, 7.00414E-002, 2.71239E+001, 2.50297E+001
 2.34001E+002, 2.57472E+001, 2.74726E+001, 4.25213E+001, 3.02318E+001, 2.50213E+001, 2.57429E+001, 2.67143E+001, 7.44380E+001, 5.71603E+001, 5.49494E+001, 5.66978E+001, 5.91231E+001, 1.88081E+002, 1.45593E+002, 1.09122E+002, 8.79268E+001, 6.57090E+001, 3.45917E+001, 2.87967E+001, 2.87935E+001, 2.91977E+001, 2.92169E+001, 2.55524E+001, 2.56310E+001, 2.57472E+001, 2.58480E+001, 2.60773E+001, 2.54735E+001, 2.55818E+001, 2.57038E+001, 2.58004E+001, 2.60299E+001, 2.54239E+001, 2.55539E+001, 2.56729E+001, 2.57678E+001, 2.59998E+001, 3.20799E+002, 1.82168E+002, 3.79020E-002, 2.02502E-001, 3.34464E+002, 2.30000E-001, 2.61985E+001, 2.61985E+001, 1.14743E-001, 2.87266E+001, 2.51195E+001, 8.54508E-002, 2.72535E+001, 2.50278E+001
 2.35001E+002, 2.57491E+001, 2.74259E+001, 4.18141E+001, 3.07329E+001, 2.50214E+001, 2.59857E+001, 2.68996E+001, 7.57053E+001, 5.66625E+001, 5.39490E+001, 5.59661E+001, 6.05192E+001, 1.88028E+002, 1.43436E+002, 1.08428E+002, 8.60400E+001, 6.58928E+001, 3.41622E+001, 2.92615E+001, 2.88179E+001, 2.90259E+001, 2.99321E+001, 2.55484E+001, 2.56319E+001, 2.57491E+001, 2.58528E+001, 2.60825E+001, 2.54728E+001, 2.55835E+001, 2.57067E+001, 2.58030E+001, 2.60297E+001, 2.54234E+001, 2.55563E+001, 2.56760E+001, 2.57703E+001, 2.59977E+001, 3.20781E+002, 1.80370E+002, 3.78981E-002, 2.02548E-001, 3.34918E+002, 2.30000E-001, 2.61923E+001, 2.61923E+001, 1.18252E-001, 2.88316E+001, 2.51198E+001, 8.58236E-002, 2.73417E+001, 2.50274E+001
 2.36001E+002, 2.57546E+001, 2.74808E+001, 4.19442E+001, 3.06804E+001, 2.50213E+001, 2.58524E+001, 2.68119E+001, 7.51431E+001, 5.78673E+001, 5.52106E+001, 5.66726E+001, 5.88533E+001, 1.87727E+002, 1.42054E+002, 1.06370E+002, 8.56855E+001, 6.52609E+001, 3.44721E+001, 2.90823E+001, 2.92345E+001, 2.90524E+001, 3.05014E+001, 2.55471E+001, 2.56362E+001, 2.57546E+001, 2.58592E+001, 2.60980E+001, 2.54731E+001, 2.55877E+001, 2.57120E+001, 2.58081E+001, 2.60417E+001, 2.54245E+001, 2.55602E+001, 2.56810E+001, 2.57747E+001, 2.60083E+001, 3.20762E+002, 1.81428E+002, 3.78930E-002, 2.02594E-001, 3.35409E+002, 2.30000E-001, 2.61885E+001, 2.61885E+001, 1.19558E-001, 2.88251E+001, 2.51201E+001, 7.72437E-002, 2.72502E+001, 2.50270E+001
 2.37001E+002, 2.57593E+001, 2.75440E+001, 4.25469E+001, 3.06796E+001, 2.50213E+001, 2.55470E+001, 2.69755E+001, 7.53475E+001, 5.68829E+001, 5.48585E+001, 5.70347E+001, 5.93601E+001, 1.87509E+002, 1.43947E+002, 1.06574E+002, 8.52639E+001, 6.46187E+001, 3.47479E+001, 2.89841E+001, 2.89598E+001, 2.92750E+001, 3.03722E+001, 2.55505E+001, 2.56409E+001, 2.57593E+001, 2.58623E+001, 2.61204E+001, 2.54746E+001, 2.55915E+001, 2.57163E+001, 2.58127E+001, 2.60558E+001, 2.54273E+001, 2.55632E+001, 2.56844E+001, 2.57786E+001, 2.60180E+001, 3.21266E+002, 1.83281E+002, 3.79020E-002, 2.02551E-001, 3.35926E+002, 2.30000E-001, 2.61911E+001, 2.61911E+001, 1.19087E-001, 2.88284E+001, 2.51206E+001, 6.93441E-002, 2.71698E+001, 2.50269E+001
 2.38001E+002, 2.57592E+001, 2.75695E+001, 4.21725E+001, 3.03577E+001, 2.50214E+001, 2.55635E+001, 2.71193E+001, 7.55186E+001, 5.69757E+001, 5.46611E+001, 5.62179E+001, 5.96080E+001, 1.86842E+002, 1.43082E+002, 1.08210E+002, 8.66568E+001, 6.63300E+001, 3.45863E+001, 2.93210E+001, 2.87351E+001, 2.89891E+001, 2.97208E+001, 2.55532E+001, 2.56429E+001, 2.57592E+001, 2.58627E+001, 2.61129E+001, 2.54770E+001, 2.55928E+001, 2.57166E+001, 2.58141E+001, 2.60565E+001, 2.54301E+001, 2.55644E+001, 2.56852E+001, 2.57804E+001, 2.60184E+001, 3.21107E+002, 1.81981E+002, 3.78961E-002, 2.02497E-001, 3.36399E+002, 2.30000E-001, 2.61942E+001, 2.61942E+001, 1.18270E-001, 2.87904E+001, 2.51214E+001, 7.30448E-002, 2.73995E+001, 2.50273E+001
 2.39001E+002, 2.57601E+001, 2.75752E+001, 4.28359E+001, 3.03603E+001, 2.50213E+001, 2.58112E+001, 2.69203E+001, 7.62050E+001, 5.86030E+001, 5.47446E+001, 5.57424E+001, 5.87011E+001, 1.88252E+002, 1.43005E+002, 1.07254E+002, 8.66765E+001, 6.51830E+001, 3.48255E+001, 2.89995E+001, 2.92868E+001, 2.88092E+001, 3.01368E+001, 2.55567E+001, 2.56445E+001, 2.57601E+001, 2.58626E+001, 2.61152E+001, 2.54795E+001, 2.55943E+001, 2.57173E+001, 2.58155E+001, 2.60555E+001, 2.54326E+001, 2.55665E+001, 2.56865E+001, 2.57827E+001, 2.60204E+001, 3.21206E+002, 1.81544E+002, 3.78947E-002, 2.02523E-001, 3.36791E+002, 2.30000E-001, 2.61993E+001, 2.61993E+001, 1.19921E-001, 2.88211E+001, 2.51220E+001, 7.77578E-002, 2.76020E+001, 2.50275E+001
 2.40002E+002, 2.57633E+001, 2.76468E+001, 4.24054E+001, 3.05754E+001, 2.50213E+001, 2.56565E+001, 2.67724E+001, 7.65556E+001, 5.73736E+001, 5.52823E+001, 5.74833E+001, 5.95507E+001, 1.86820E+002, 1.44480E+002, 1.08166E+002, 8.69911E+001, 6.49008E+001, 3.47778E+001, 2.89256E+001, 2.88515E+001, 2.91831E+001, 2.95434E+001, 2.55602E+001, 2.56471E+001, 2.57633E+001, 2.58637E+001, 2.61151E+001, 2.54826E+001, 2.55979E+001, 2.57204E+001, 2.58188E+001, 2.60614E+001, 2.54355E+001, 2.55717E+001, 2.56911E+001, 2.57874E+001, 2.60291E+001, 3.21323E+002, 1.82714E+002, 3.79000E-002, 2.02611E-001, 3.37147E+002, 2.30000E-001, 2.62019E+001, 2.62019E+001, 1.21956E-001, 2.88571E+001, 2.51226E+001, 8.00874E-002, 2.74003E+001, 2.50275E+001
 2.41002E+002, 2.57685E+001, 2.75506E+001, 4.18552E+001, 3.09579E+001, 2.50214E+001, 2.58619E+001, 2.72329E+001, 7.69682E+001, 5.84549E+001, 5.46669E+001, 5.58358E+001, 5.97774E+001, 1.87204E+002, 1.43405E+002, 1.08603E+002, 8.66846E+001, 6.55353E+001, 3.45438E+001, 2.91650E+001, 2.87464E+001, 2.91712E+001, 2.93602E+001, 2.55632E+001, 2.56533E+001, 2.57685E+001, 2.58721E+001, 2.61173E+001, 2.54868E+001, 2.56043E+001, 2.57264E+001, 2.58245E+001, 2.60691E+001, 2.54394E+001, 2.55781E+001, 2.56973E+001, 2.57926E+001, 2.60352E+001, 3.21450E+002, 1.81259E+002, 3.78973E-002, 2.02638E-001, 3.37464E+002, 2.30000E-001, 2.62003E+001, 2.62003E+001, 1.23094E-001, 2.89382E+001, 2.51233E+001, 7.50814E-002, 2.71561E+001, 2.50275E+001
 2.42002E+002, 2.57723E+001, 2.76582E+001, 4.15042E+001, 3.07906E+001, 2.50214E+001, 2.60546E+001, 2.72423E+001, 7.76089E+001, 5.87992E+001, 5.55933E+001, 5.69892E+001, 5.89548E+001, 1.87314E+002, 1.42074E+002, 1.07242E+002, 8.67582E+001, 6.67205E+001, 3.45458E+001, 2.90437E+001, 2.90060E+001, 2.88995E+001, 3.00248E+001, 2.55652E+001, 2.56582E+001, 2.57723E+001, 2.58755E+001, 2.61117E+001, 2.54907E+001, 2.56095E+001, 2.57313E+001, 2.58279E+001, 2.60676E+001, 2.54424E+001, 2.55822E+001, 2.57010E+001, 2.57947E+001, 2.60338E+001, 3.21279E+002, 1.81354E+002, 3.78898E-002, 2.02621E-001, 3.37725E+002, 2.30000E-001, 2.61970E+001, 2.61970E+001, 1.22855E-001, 2.89642E+001, 2.51239E+001, 7.30513E-002, 2.70077E+001, 2.50279E+001
 2.43002E+002, 2.57746E+001, 2.75557E+001, 4.22460E+001, 3.02639E+001, 2.50211E+001, 2.53920E+001, 2.65825E+001, 7.68182E+001, 5.92702E+001, 5.69252E+001, 5.82470E+001, 5.98532E+001, 1.87801E+002, 1.44300E+002, 1.07825E+002, 8.68316E+001, 6.54847E+001, 3.46164E+001, 2.88206E+001, 2.88969E+001, 2.91971E+001, 2.96522E+001, 2.55671E+001, 2.56591E+001, 2.57746E+001, 2.58725E+001, 2.61158E+001, 2.54926E+001, 2.56109E+001, 2.57325E+001, 2.58267E+001, 2.60637E+001, 2.54434E+001, 2.55828E+001, 2.57016E+001, 2.57943E+001, 2.60338E+001, 3.21329E+002, 1.81986E+002, 3.79011E-002, 2.02624E-001, 3.37900E+002, 2.30000E-001, 2.61979E+001, 2.61979E+001, 1.19937E-001, 2.87654E+001, 2.51242E+001, 7.98505E-002, 2.73911E+001, 2.50276E+001
 2.44002E+002, 2.57740E+001, 2.75879E+001, 4.18914E+001, 3.05397E+001, 2.50210E+001, 2.53180E+001, 2.63348E+001, 7.72907E+001, 5.81242E+001, 5.51951E+001, 5.74392E+001, 6.15895E+001, 1.87038E+002, 1.43778E+002, 1.07111E+002, 8.54917E+001, 6.56005E+001, 3.44972E+001, 2.92415E+001, 2.88883E+001, 2.92101E+001, 2.95687E+001, 2.55669E+001, 2.56578E+001, 2.57740E+001, 2.58767E+001, 2.61089E+001, 2.54929E+001, 2.56099E+001, 2.57318E+001, 2.58262E+001, 2.60637E+001, 2.54437E+001, 2.55820E+001, 2.57013E+001, 2.57950E+001, 2.60401E+001, 3.21185E+002, 1.81482E+002, 3.79007E-002, 2.02604E-001, 3.38137E+002, 2.30000E-001, 2.61990E+001, 2.61990E+001, 1.20948E-001, 2.88338E+001, 2.51242E+001, 8.52378E-002, 2.74907E+001, 2.50275E+001
 2.45002E+002, 2.57712E+001, 2.75698E+001, 4.11736E+001, 3.06817E+001, 2.50212E+001, 2.63928E+001, 2.65032E+001, 7.70231E+001, 5.93594E+001, 5.57213E+001, 5.71217E+001, 5.93063E+001, 1.87689E+002, 1.42972E+002, 1.08762E+002, 8.65505E+001, 6.59448E+001, 3.44555E+001, 2.92855E+001, 2.90801E+001, 2.90205E+001, 3.00091E+001, 2.55680E+001, 2.56580E+001, 2.57712E+001, 2.58738E+001, 2.61203E+001, 2.54934E+001, 2.56088E+001, 2.57313E+001, 2.58270E+001, 2.60695E+001, 2.54452E+001, 2.55825E+001, 2.57022E+001, 2.57974E+001, 2.60476E+001, 3.20825E+002, 1.81180E+002, 3.78887E-002, 2.02596E-001, 3.38438E+002, 2.30000E-001, 2.62037E+001, 2.62037E+001, 1.21624E-001, 2.88929E+001, 2.51240E+001, 8.06509E-002, 2.74016E+001, 2.50280E+001
 2.46000E+002, 2.57733E+001, 2.75276E+001, 4.19745E+001, 3.01781E+001, 2.50214E+001, 2.70580E+001, 2.66277E+001, 7.65088E+001, 5.83811E+001, 5.64934E+001, 5.80598E+001, 6.02715E+001, 1.88034E+002, 1.43022E+002, 1.06219E+002, 8.53551E+001, 6.42166E+001, 3.44712E+001, 2.90173E+001, 2.95345E+001, 2.91531E+001, 2.95405E+001, 2.55695E+001, 2.56575E+001, 2.57733E+001, 2.58717E+001, 2.61163E+001, 2.54960E+001, 2.56091E+001, 2.57318E+001, 2.58283E+001, 2.60729E+001, 2.54491E+001, 2.55855E+001, 2.57047E+001, 2.57999E+001, 2.60518E+001, 3.21063E+002, 1.82822E+002, 3.79016E-002, 2.02498E-001, 3.38833E+002, 2.30000E-001, 2.62103E+001, 2.62103E+001, 1.18533E-001, 2.87792E+001, 2.51240E+001, 7.37423E-002, 2.75776E+001, 2.50280E+001
 2.47000E+002, 2.57785E+001, 2.75535E+001, 4.07878E+001, 3.05542E+001, 2.50214E+001, 2.65861E+001, 2.65699E+001, 7.60009E+001, 5.77372E+001, 5.47551E+001, 5.66385E+001, 6.09659E+001, 1.87817E+002, 1.44655E+002, 1.08036E+002, 8.64171E+001, 6.48475E+001, 3.47548E+001, 2.93755E+001, 2.91988E+001, 3.03208E+001, 2.92486E+001, 2.55741E+001, 2.56579E+001, 2.57785E+001, 2.58836E+001, 2.61176E+001, 2.54997E+001, 2.56108E+001, 2.57343E+001, 2.58304E+001, 2.60755E+001, 2.54529E+001, 2.55882E+001, 2.57066E+001, 2.58017E+001, 2.60569E+001, 3.20685E+002, 1.82104E+002, 3.79024E-002, 2.02353E-001, 3.39343E+002, 2.30000E-001, 2.62176E+001, 2.62176E+001, 1.17785E-001, 2.88455E+001, 2.51245E+001, 6.92633E-002, 2.74663E+001, 2.50275E+001
 2.48000E+002, 2.57794E+001, 2.77099E+001, 3.99810E+001, 3.00973E+001, 2.50214E+001, 2.61415E+001, 2.68400E+001, 7.66507E+001, 5.80620E+001, 5.54460E+001, 5.65741E+001, 5.81120E+001, 1.89545E+002, 1.44362E+002, 1.08207E+002, 8.73854E+001, 6.79557E+001, 3.45290E+001, 2.92445E+001, 2.94367E+001, 2.95889E+001, 3.04812E+001, 2.55775E+001, 2.56604E+001, 2.57794E+001, 2.58889E+001, 2.61269E+001, 2.55012E+001, 2.56111E+001, 2.57350E+001, 2.58324E+001, 2.60785E+001, 2.54537E+001, 2.55884E+001, 2.57075E+001, 2.58033E+001, 2.60579E+001, 3.23640E+002, 1.82806E+002, 3.78922E-002, 2.02330E-001, 3.39842E+002, 2.30000E-001, 2.62241E+001, 2.62241E+001, 1.16418E-001, 2.87741E+001, 2.51254E+001, 6.96232E-002, 2.71872E+001, 2.50274E+001
 2.49002E+002, 2.57776E+001, 2.76060E+001, 4.07067E+001, 2.96376E+001, 2.50214E+001, 2.58111E+001, 2.68503E+001, 7.53032E+001, 5.79259E+001, 5.63192E+001, 5.86060E+001, 6.07148E+001, 1.87917E+002, 1.45184E+002, 1.07621E+002, 8.57893E+001, 6.48634E+001, 3.44610E+001, 2.90263E+001, 2.89619E+001, 2.97289E+001, 2.96113E+001, 2.55768E+001, 2.56585E+001, 2.57776E+001, 2.58879E+001, 2.61189E+001, 2.55016E+001, 2.56106E+001, 2.57350E+001, 2.58328E+001, 2.60743E+001, 2.54546E+001, 2.55892E+001, 2.57083E+001, 2.58039E+001, 2.60515E+001, 3.20755E+002, 1.82533E+002, 3.79090E-002, 2.02434E-001, 3.40375E+002, 2.30000E-001, 2.62323E+001, 2.62323E+001, 1.16087E-001, 2.86882E+001, 2.51263E+001, 7.34829E-002, 2.70484E+001, 2.50278E+001
 2.50001E+002, 2.57766E+001, 2.77396E+001, 4.10651E+001, 3.03853E+001, 2.50212E+001, 2.55562E+001, 2.64770E+001, 7.62309E+001, 5.73526E+001, 5.40962E+001, 5.59733E+001, 5.96014E+001, 1.88782E+002, 1.44191E+002, 1.09209E+002, 8.61325E+001, 6.60133E+001, 3.48252E+001, 2.96679E+001, 2.91486E+001, 2.91991E+001, 3.06254E+001, 2.55805E+001, 2.56627E+001, 2.57766E+001, 2.58826E+001, 2.61402E+001, 2.55041E+001, 2.56137E+001, 2.57364E+001, 2.58325E+001, 2.60768E+001, 2.54583E+001, 2.55934E+001, 2.57095E+001, 2.58037E+001, 2.60548E+001, 3.20923E+002, 1.81876E+002, 3.78995E-002, 2.02459E-001, 3.40837E+002, 2.30000E-001, 2.62310E+001, 2.62310E+001, 1.18097E-001, 2.88013E+001, 2.51271E+001, 7.79489E-002, 2.70709E+001, 2.50281E+001
 2.51002E+002, 2.57788E+001, 2.75786E+001, 4.06139E+001, 2.99412E+001, 2.50211E+001, 2.56153E+001, 2.65880E+001, 7.61212E+001, 5.85481E+001, 5.57395E+001, 5.64158E+001, 5.90335E+001, 1.89225E+002, 1.46466E+002, 1.10521E+002, 8.91820E+001, 6.62288E+001, 3.47866E+001, 2.90034E+001, 2.94678E+001, 2.92709E+001, 2.95768E+001, 2.55866E+001, 2.56680E+001, 2.57788E+001, 2.58746E+001, 2.61305E+001, 2.55082E+001, 2.56180E+001, 2.57363E+001, 2.58312E+001, 2.60888E+001, 2.54609E+001, 2.55953E+001, 2.57086E+001, 2.58034E+001, 2.60670E+001, 3.21081E+002, 1.83331E+002, 3.79036E-002, 2.02427E-001, 3.41186E+002, 2.30000E-001, 2.62328E+001, 2.62328E+001, 1.17062E-001, 2.86981E+001, 2.51278E+001, 8.35964E-002, 2.74189E+001, 2.50284E+001
 2.52001E+002, 2.57762E+001, 2.76306E+001, 4.05984E+001, 3.00510E+001, 2.50210E+001, 2.64429E+001, 2.68888E+001, 7.61080E+001, 5.72478E+001, 5.41291E+001, 5.67738E+001, 6.01188E+001, 1.88451E+002, 1.45969E+002, 1.09865E+002, 8.82672E+001, 6.63524E+001, 3.46741E+001, 2.90617E+001, 2.88374E+001, 2.95845E+001, 2.91356E+001, 2.55883E+001, 2.56681E+001, 2.57762E+001, 2.58725E+001, 2.61261E+001, 2.55096E+001, 2.56183E+001, 2.57344E+001, 2.58309E+001, 2.60897E+001, 2.54598E+001, 2.55920E+001, 2.57057E+001, 2.58035E+001, 2.60663E+001, 3.21535E+002, 1.82565E+002, 3.79044E-002, 2.02423E-001, 3.41601E+002, 2.30000E-001, 2.62358E+001, 2.62358E+001, 1.18214E-001, 2.86978E+001, 2.51286E+001, 8.12700E-002, 2.75797E+001, 2.50282E+001
 2.53001E+002, 2.57695E+001, 2.76823E+001, 4.08581E+001, 3.04332E+001, 2.50208E+001, 2.66045E+001, 2.66596E+001, 7.61620E+001, 5.77880E+001, 5.41975E+001, 5.49653E+001, 5.82558E+001, 1.88972E+002, 1.45415E+002, 1.11451E+002, 8.91226E+001, 6.81501E+001, 3.45199E+001, 2.92519E+001, 2.87719E+001, 2.90623E+001, 2.93317E+001, 2.55848E+001, 2.56638E+001, 2.57695E+001, 2.58711E+001, 2.61135E+001, 2.55059E+001, 2.56130E+001, 2.57300E+001, 2.58287E+001, 2.60788E+001, 2.54552E+001, 2.55850E+001, 2.57010E+001, 2.58008E+001, 2.60522E+001, 3.21364E+002, 1.81786E+002, 3.78988E-002, 2.02419E-001, 3.42003E+002, 2.30000E-001, 2.62353E+001, 2.62353E+001, 1.20371E-001, 2.87935E+001, 2.51293E+001, 7.50776E-002, 2.73983E+001, 2.50278E+001
 2.54002E+002, 2.57637E+001, 2.76301E+001, 4.14273E+001, 3.03130E+001, 2.50205E+001, 2.62115E+001, 2.64552E+001, 7.65889E+001, 5.83678E+001, 5.53663E+001, 5.64674E+001, 5.83380E+001, 1.89868E+002, 1.46063E+002, 1.09874E+002, 8.90129E+001, 6.74741E+001, 3.42018E+001, 2.89157E+001, 2.90728E+001, 2.88937E+001, 2.99250E+001, 2.55775E+001, 2.56557E+001, 2.57637E+001, 2.58618E+001, 2.61125E+001, 2.55003E+001, 2.56053E+001, 2.57246E+001, 2.58243E+001, 2.60746E+001, 2.54492E+001, 2.55777E+001, 2.56966E+001, 2.57976E+001, 2.60529E+001, 3.21333E+002, 1.82885E+002, 3.79009E-002, 2.02351E-001, 3.42391E+002, 2.30000E-001, 2.62372E+001, 2.62372E+001, 1.19370E-001, 2.87982E+001, 2.51300E+001, 7.32651E-002, 2.75570E+001, 2.50275E+001
 2.55001E+002, 2.57614E+001, 2.75878E+001, 4.14506E+001, 3.03386E+001, 2.50204E+001, 2.57749E+001, 2.66127E+001, 7.58899E+001, 5.75863E+001, 5.54586E+001, 5.76462E+001, 6.02186E+001, 1.88176E+002, 1.45745E+002, 1.08539E+002, 8.73785E+001, 6.65564E+001, 3.41158E+001, 2.90403E+001, 2.89079E+001, 2.93301E+001, 2.97000E+001, 2.55696E+001, 2.56469E+001, 2.57614E+001, 2.58658E+001, 2.61204E+001, 2.54961E+001, 2.55996E+001, 2.57223E+001, 2.58240E+001, 2.60805E+001, 2.54460E+001, 2.55742E+001, 2.56954E+001, 2.57979E+001, 2.60612E+001, 3.21067E+002, 1.82722E+002, 3.79054E-002, 2.02267E-001, 3.42869E+002, 2.30000E-001, 2.62376E+001, 2.62376E+001, 1.17439E-001, 2.88022E+001, 2.51306E+001, 7.36100E-002, 2.76315E+001, 2.50277E+001
 2.56000E+002, 2.57615E+001, 2.76367E+001, 4.11044E+001, 3.03208E+001, 2.50203E+001, 2.56495E+001, 2.70387E+001, 7.60759E+001, 5.75604E+001, 5.42692E+001, 5.60192E+001, 5.96561E+001, 1.89646E+002, 1.44934E+002, 1.10059E+002, 8.73416E+001, 6.69882E+001, 3.39907E+001, 2.95335E+001, 2.91130E+001, 2.91592E+001, 3.03302E+001, 2.55677E+001, 2.56453E+001, 2.57615E+001, 2.58717E+001, 2.61442E+001, 2.54947E+001, 2.55978E+001, 2.57236E+001, 2.58282E+001, 2.60883E+001, 2.54460E+001, 2.55745E+001, 2.56979E+001, 2.58024E+001, 2.60678E+001, 3.20767E+002, 1.81493E+002, 3.78973E-002, 2.02217E-001, 3.43377E+002, 2.30000E-001, 2.62344E+001, 2.62344E+001, 1.16375E-001, 2.88246E+001, 2.51310E+001, 7.22417E-002, 2.72066E+001, 2.50282E+001
 2.57000E+002, 2.57651E+001, 2.76483E+001, 4.07598E+001, 3.04587E+001, 2.50202E+001, 2.54040E+001, 2.76651E+001, 7.52711E+001, 5.81008E+001, 5.63576E+001, 5.77304E+001, 6.01453E+001, 1.89562E+002, 1.44597E+002, 1.08169E+002, 8.73075E+001, 6.61104E+001, 3.38779E+001, 2.91654E+001, 2.97507E+001, 2.93492E+001, 3.02294E+001, 2.55675E+001, 2.56451E+001, 2.57651E+001, 2.58741E+001, 2.61440E+001, 2.54956E+001, 2.55975E+001, 2.57257E+001, 2.58319E+001, 2.60904E+001, 2.54467E+001, 2.55752E+001, 2.57010E+001, 2.58069E+001, 2.60709E+001, 3.20560E+002, 1.83489E+002, 3.79025E-002, 2.02229E-001, 3.43939E+002, 2.30000E-001, 2.62420E+001, 2.62420E+001, 1.17258E-001, 2.88638E+001, 2.51313E+001, 7.66176E-002, 2.71544E+001, 2.50286E+001
 2.58002E+002, 2.57716E+001, 2.76067E+001, 4.03859E+001, 3.00254E+001, 2.50203E+001, 2.52668E+001, 2.74494E+001, 7.49520E+001, 5.67893E+001, 5.41976E+001, 5.70688E+001, 6.13896E+001, 1.89067E+002, 1.45591E+002, 1.08410E+002, 8.67231E+001, 6.50227E+001, 3.40840E+001, 2.92828E+001, 2.92907E+001, 3.03139E+001, 2.95030E+001, 2.55683E+001, 2.56437E+001, 2.57716E+001, 2.58833E+001, 2.61369E+001, 2.54956E+001, 2.55967E+001, 2.57287E+001, 2.58350E+001, 2.60889E+001, 2.54463E+001, 2.55744E+001, 2.57029E+001, 2.58088E+001, 2.60698E+001, 3.20850E+002, 1.81925E+002, 3.79069E-002, 2.02272E-001, 3.44525E+002, 2.30000E-001, 2.62449E+001, 2.62449E+001, 1.16361E-001, 2.87215E+001, 2.51314E+001, 8.27805E-002, 2.72293E+001, 2.50290E+001
 2.59001E+002, 2.57730E+001, 2.76728E+001, 4.02962E+001, 3.00654E+001, 2.50203E+001, 2.52363E+001, 2.71989E+001, 7.55509E+001, 5.78640E+001, 5.59499E+001, 5.67882E+001, 5.89295E+001, 1.89904E+002, 1.43821E+002, 1.07980E+002, 8.68071E+001, 6.71196E+001, 3.38756E+001, 2.92977E+001, 2.95005E+001, 3.01158E+001, 2.96583E+001, 2.55675E+001, 2.56412E+001, 2.57730E+001, 2.58986E+001, 2.61315E+001, 2.54944E+001, 2.55938E+001, 2.57290E+001, 2.58358E+001, 2.60834E+001, 2.54445E+001, 2.55728E+001, 2.57039E+001, 2.58087E+001, 2.60625E+001, 3.20550E+002, 1.81753E+002, 3.78945E-002, 2.02291E-001, 3.45018E+002, 2.30000E-001, 2.62489E+001, 2.62489E+001, 1.17768E-001, 2.87741E+001, 2.51314E+001, 8.35910E-002, 2.75198E+001, 2.50287E+001
 2.60002E+002, 2.57732E+001, 2.78287E+001, 4.06773E+001, 3.01681E+001, 2.50205E+001, 2.57601E+001, 2.67112E+001, 7.53274E+001, 5.75747E+001, 5.58243E+001, 5.86983E+001, 6.18461E+001, 1.89514E+002, 1.45542E+002, 1.07404E+002, 8.55191E+001, 6.56459E+001, 3.41566E+001, 2.91511E+001, 2.92564E+001, 3.00681E+001, 3.04223E+001, 2.55657E+001, 2.56376E+001, 2.57732E+001, 2.59029E+001, 2.61427E+001, 2.54926E+001, 2.55914E+001, 2.57292E+001, 2.58351E+001, 2.60763E+001, 2.54427E+001, 2.55708E+001, 2.57036E+001, 2.58068E+001, 2.60505E+001, 3.22140E+002, 1.83643E+002, 3.79027E-002, 2.02262E-001, 3.45552E+002, 2.30000E-001, 2.62476E+001, 2.62476E+001, 1.18279E-001, 2.88185E+001, 2.51313E+001, 8.38670E-002, 2.75856E+001, 2.50286E+001
 2.61000E+002, 2.57714E+001, 2.78092E+001, 4.04149E+001, 2.97709E+001, 2.50209E+001, 2.61998E+001, 2.65756E+001, 7.59166E+001, 5.78266E+001, 5.53534E+001, 5.75025E+001, 6.07524E+001, 1.88996E+002, 1.44188E+002, 1.08609E+002, 8.57451E+001, 6.59435E+001, 3.40750E+001, 2.97896E+001, 2.93086E+001, 2.98009E+001, 3.11044E+001, 2.55643E+001, 2.56375E+001, 2.57714E+001, 2.58964E+001, 2.61460E+001, 2.54904E+001, 2.55897E+001, 2.57289E+001, 2.58335E+001, 2.60699E+001, 2.54405E+001, 2.55686E+001, 2.57027E+001, 2.58045E+001, 2.60421E+001, 3.23447E+002, 1.81351E+002, 3.79002E-002, 2.02183E-001, 3.46217E+002, 2.30000E-001, 2.62457E+001, 2.62457E+001, 1.16392E-001, 2.87156E+001, 2.51311E+001, 8.04612E-002, 2.73014E+001, 2.50290E+001
 2.62001E+002, 2.57727E+001, 2.77204E+001, 4.08128E+001, 3.06836E+001, 2.50211E+001, 2.61647E+001, 2.63941E+001, 7.57582E+001, 5.86724E+001, 5.61670E+001, 5.76218E+001, 6.09161E+001, 1.89386E+002, 1.44151E+002, 1.07997E+002, 8.66196E+001, 6.50059E+001, 3.42271E+001, 2.91265E+001, 3.00169E+001, 2.96730E+001, 2.98102E+001, 2.55621E+001, 2.56380E+001, 2.57727E+001, 2.58863E+001, 2.61399E+001, 2.54888E+001, 2.55898E+001, 2.57294E+001, 2.58328E+001, 2.60717E+001, 2.54392E+001, 2.55686E+001, 2.57032E+001, 2.58044E+001, 2.60424E+001, 3.22180E+002, 1.82575E+002, 3.78995E-002, 2.02123E-001, 3.46849E+002, 2.30000E-001, 2.62414E+001, 2.62414E+001, 1.18212E-001, 2.88511E+001, 2.51310E+001, 7.34140E-002, 2.74303E+001, 2.50285E+001
 2.63002E+002, 2.57761E+001, 2.77870E+001, 4.07719E+001, 2.99880E+001, 2.50212E+001, 2.62697E+001, 2.65464E+001, 7.56624E+001, 5.71319E+001, 5.52855E+001, 5.81178E+001, 6.14677E+001, 1.86717E+002, 1.43566E+002, 1.06954E+002, 8.60058E+001, 6.46126E+001, 3.40717E+001, 2.90783E+001, 2.92358E+001, 3.01462E+001, 2.92019E+001, 2.55600E+001, 2.56400E+001, 2.57761E+001, 2.58879E+001, 2.61246E+001, 2.54898E+001, 2.55934E+001, 2.57326E+001, 2.58360E+001, 2.60777E+001, 2.54423E+001, 2.55743E+001, 2.57063E+001, 2.58068E+001, 2.60497E+001, 3.22062E+002, 1.81918E+002, 3.79031E-002, 2.02099E-001, 3.47228E+002, 2.30000E-001, 2.62394E+001, 2.62394E+001, 1.17294E-001, 2.87706E+001, 2.51311E+001, 7.03622E-002, 2.74225E+001, 2.50284E+001
 2.64001E+002, 2.57774E+001, 2.77948E+001, 4.09999E+001, 3.00201E+001, 2.50213E+001, 2.61124E+001, 2.70449E+001, 7.68565E+001, 5.79486E+001, 5.49167E+001, 5.62568E+001, 5.96516E+001, 1.87449E+002, 1.42514E+002, 1.08123E+002, 8.60333E+001, 6.65577E+001, 3.43221E+001, 2.92997E+001, 2.89902E+001, 2.94875E+001, 2.90306E+001, 2.55657E+001, 2.56476E+001, 2.57774E+001, 2.58909E+001, 2.61191E+001, 2.54953E+001, 2.56014E+001, 2.57369E+001, 2.58397E+001, 2.60825E+001, 2.54502E+001, 2.55837E+001, 2.57108E+001, 2.58108E+001, 2.60585E+001, 3.22164E+002, 1.81038E+002, 3.78936E-002, 2.02077E-001, 3.47553E+002, 2.30000E-001, 2.62385E+001, 2.62385E+001, 1.16156E-001, 2.87200E+001, 2.51317E+001, 7.35546E-002, 2.72636E+001, 2.50286E+001
 2.65002E+002, 2.57792E+001, 2.75986E+001, 4.09686E+001, 3.03435E+001, 2.50215E+001, 2.57572E+001, 2.73010E+001, 7.66028E+001, 5.81740E+001, 5.53310E+001, 5.69935E+001, 5.88599E+001, 1.88444E+002, 1.44307E+002, 1.08663E+002, 8.78650E+001, 6.65970E+001, 3.43348E+001, 2.89338E+001, 2.89351E+001, 2.89243E+001, 3.03241E+001, 2.55755E+001, 2.56588E+001, 2.57792E+001, 2.58842E+001, 2.61282E+001, 2.55030E+001, 2.56109E+001, 2.57411E+001, 2.58425E+001, 2.60848E+001, 2.54575E+001, 2.55924E+001, 2.57158E+001, 2.58146E+001, 2.60606E+001, 3.22435E+002, 1.81549E+002, 3.78918E-002, 2.02067E-001, 3.47925E+002, 2.30000E-001, 2.62431E+001, 2.62431E+001, 1.16515E-001, 2.87759E+001, 2.51326E+001, 7.89225E-002, 2.72592E+001, 2.50287E+001
 2.66001E+002, 2.57838E+001, 2.74968E+001, 4.17647E+001, 2.99962E+001, 2.50217E+001, 2.52861E+001, 2.69904E+001, 7.64665E+001, 5.82032E+001, 5.50415E+001, 5.71174E+001, 6.01414E+001, 1.88000E+002, 1.44639E+002, 1.08984E+002, 8.75788E+001, 6.58957E+001, 3.40998E+001, 2.88244E+001, 2.88071E+001, 2.90477E+001, 2.93582E+001, 2.55823E+001, 2.56662E+001, 2.57838E+001, 2.58839E+001, 2.61233E+001, 2.55103E+001, 2.56189E+001, 2.57458E+001, 2.58445E+001, 2.60803E+001, 2.54632E+001, 2.55997E+001, 2.57203E+001, 2.58170E+001, 2.60565E+001, 3.22475E+002, 1.81920E+002, 3.78972E-002, 2.02066E-001, 3.48385E+002, 2.30000E-001, 2.62530E+001, 2.62530E+001, 1.17164E-001, 2.87919E+001, 2.51334E+001, 8.22053E-002, 2.73820E+001, 2.50289E+001
 2.67001E+002, 2.57896E+001, 2.74898E+001, 4.13477E+001, 3.04547E+001, 2.50220E+001, 2.51886E+001, 2.75018E+001, 7.63751E+001, 5.80166E+001, 5.46271E+001, 5.60684E+001, 5.99983E+001, 1.87804E+002, 1.45417E+002, 1.09873E+002, 8.79456E+001, 6.64318E+001, 3.43976E+001, 2.91196E+001, 2.88017E+001, 2.92501E+001, 2.89815E+001, 2.55883E+001, 2.56740E+001, 2.57896E+001, 2.58900E+001, 2.61165E+001, 2.55157E+001, 2.56266E+001, 2.57506E+001, 2.58461E+001, 2.60753E+001, 2.54677E+001, 2.56056E+001, 2.57235E+001, 2.58170E+001, 2.60507E+001, 3.22232E+002, 1.81010E+002, 3.78979E-002, 2.02036E-001, 3.48852E+002, 2.30000E-001, 2.62504E+001, 2.62504E+001, 1.18238E-001, 2.88399E+001, 2.51338E+001, 8.33648E-002, 2.74746E+001, 2.50295E+001
 2.68000E+002, 2.57938E+001, 2.74940E+001, 4.08826E+001, 3.06525E+001, 2.50224E+001, 2.53068E+001, 2.73089E+001, 7.63286E+001, 5.83812E+001, 5.47414E+001, 5.58975E+001, 5.87313E+001, 1.88703E+002, 1.45161E+002, 1.11470E+002, 8.96681E+001, 6.79734E+001, 3.38712E+001, 2.91823E+001, 2.89168E+001, 2.90953E+001, 2.91978E+001, 2.55922E+001, 2.56815E+001, 2.57938E+001, 2.58915E+001, 2.61117E+001, 2.55191E+001, 2.56315E+001, 2.57527E+001, 2.58459E+001, 2.60730E+001, 2.54699E+001, 2.56079E+001, 2.57240E+001, 2.58148E+001, 2.60465E+001, 3.22049E+002, 1.80488E+002, 3.78895E-002, 2.01993E-001, 3.49323E+002, 2.30000E-001, 2.62516E+001, 2.62516E+001, 1.18687E-001, 2.88252E+001, 2.51339E+001, 7.93113E-002, 2.73930E+001, 2.50304E+001
 2.69001E+002, 2.57962E+001, 2.75727E+001, 4.05275E+001, 3.08823E+001, 2.50228E+001, 2.55428E+001, 2.74742E+001, 7.62688E+001, 5.84932E+001, 5.58427E+001, 5.73052E+001, 5.89672E+001, 1.88088E+002, 1.43370E+002, 1.07422E+002, 8.71606E+001, 6.68336E+001, 3.39510E+001, 2.89547E+001, 2.92557E+001, 2.94283E+001, 2.95521E+001, 2.55895E+001, 2.56805E+001, 2.57962E+001, 2.58949E+001, 2.61171E+001, 2.55206E+001, 2.56323E+001, 2.57521E+001, 2.58441E+001, 2.60705E+001, 2.54707E+001, 2.56067E+001, 2.57221E+001, 2.58120E+001, 2.60441E+001, 3.21893E+002, 1.81419E+002, 3.78897E-002, 2.01951E-001, 3.49846E+002, 2.30000E-001, 2.62561E+001, 2.62561E+001, 1.20428E-001, 2.89082E+001, 2.51339E+001, 8.29017E-002, 2.78404E+001, 2.50302E+001
 2.70002E+002, 2.57927E+001, 2.76819E+001, 4.07509E+001, 3.05984E+001, 2.50232E+001, 2.57832E+001, 2.75092E+001, 7.51068E+001, 5.73477E+001, 5.45970E+001, 5.69543E+001, 6.07087E+001, 1.88637E+002, 1.46440E+002, 1.09807E+002, 8.79551E+001, 6.74454E+001, 3.44458E+001, 2.91030E+001, 2.89335E+001, 2.92743E+001, 3.03324E+001, 2.55929E+001, 2.56801E+001, 2.57927E+001, 2.58947E+001, 2.61263E+001, 2.55202E+001, 2.56316E+001, 2.57510E+001, 2.58426E+001, 2.60729E+001, 2.54707E+001, 2.56048E+001, 2.57197E+001, 2.58097E+001, 2.60472E+001, 3.21840E+002, 1.82462E+002, 3.79077E-002, 2.01888E-001, 3.50328E+002, 2.30000E-001, 2.62505E+001, 2.62505E+001, 1.17926E-001, 2.88318E+001, 2.51340E+001, 7.96812E-002, 2.77790E+001, 2.50298E+001
 2.71001E+002, 2.57910E+001, 2.76226E+001, 4.04815E+001, 3.06923E+001, 2.50236E+001, 2.59988E+001, 2.73985E+001, 7.56764E+001, 5.76985E+001, 5.48867E+001, 5.64427E+001, 6.01688E+001, 1.87453E+002, 1.43014E+002, 1.08350E+002, 8.61896E+001, 6.72036E+001, 3.35484E+001, 2.93850E+001, 2.88982E+001, 2.91843E+001, 2.97906E+001, 2.55903E+001, 2.56790E+001, 2.57910E+001, 2.58927E+001, 2.61254E+001, 2.55202E+001, 2.56299E+001, 2.57484E+001, 2.58414E+001, 2.60781E+001, 2.54705E+001, 2.56032E+001, 2.57179E+001, 2.58086E+001, 2.60531E+001, 3.21747E+002, 1.80708E+002, 3.79016E-002, 2.01848E-001, 3.50721E+002, 2.30000E-001, 2.62575E+001, 2.62575E+001, 1.16949E-001, 2.88823E+001, 2.51342E+001, 7.22837E-002, 2.74610E+001, 2.50297E+001
 2.72000E+002, 2.57943E+001, 2.79839E+001, 4.09399E+001, 3.01555E+001, 2.50238E+001, 2.58627E+001, 2.77075E+001, 7.51447E+001, 5.79679E+001, 5.49476E+001, 5.64072E+001, 5.97271E+001, 1.88661E+002, 1.42291E+002, 1.05943E+002, 8.50634E+001, 6.35897E+001, 3.45722E+001, 2.91959E+001, 2.98689E+001, 2.93882E+001, 2.99291E+001, 2.55891E+001, 2.56782E+001, 2.57943E+001, 2.59012E+001, 2.61445E+001, 2.55206E+001, 2.56308E+001, 2.57499E+001, 2.58433E+001, 2.60831E+001, 2.54718E+001, 2.56042E+001, 2.57188E+001, 2.58111E+001, 2.60571E+001, 3.21912E+002, 1.81896E+002, 3.78991E-002, 2.01862E-001, 3.51146E+002, 2.30000E-001, 2.62535E+001, 2.62535E+001, 1.15641E-001, 2.87626E+001, 2.51346E+001, 7.02473E-002, 2.71372E+001, 2.50299E+001
 2.73001E+002, 2.58019E+001, 2.76953E+001, 4.05973E+001, 3.04521E+001, 2.50240E+001, 2.56911E+001, 2.74394E+001, 7.44957E+001, 5.61941E+001, 5.48278E+001, 5.74528E+001, 6.04228E+001, 1.87706E+002, 1.45507E+002, 1.08637E+002, 8.73097E+001, 6.51183E+001, 3.42242E+001, 2.91736E+001, 2.95738E+001, 3.04849E+001, 2.95736E+001, 2.55928E+001, 2.56822E+001, 2.58019E+001, 2.59038E+001, 2.61612E+001, 2.55223E+001, 2.56334E+001, 2.57534E+001, 2.58478E+001, 2.60944E+001, 2.54738E+001, 2.56080E+001, 2.57230E+001, 2.58163E+001, 2.60697E+001, 3.22050E+002, 1.83525E+002, 3.79054E-002, 2.01900E-001, 3.51692E+002, 2.30000E-001, 2.62504E+001, 2.62504E+001, 1.18089E-001, 2.88594E+001, 2.51354E+001, 7.48336E-002, 2.71412E+001, 2.50303E+001
 2.74002E+002, 2.58086E+001, 2.76312E+001, 4.00557E+001, 3.03208E+001, 2.50243E+001, 2.59123E+001, 2.73200E+001, 7.58433E+001, 5.85034E+001, 5.47484E+001, 5.55258E+001, 5.91685E+001, 1.86994E+002, 1.39913E+002, 1.05572E+002, 8.43500E+001, 6.44614E+001, 3.39179E+001, 2.93411E+001, 2.93731E+001, 3.00151E+001, 2.95583E+001, 2.55914E+001, 2.56858E+001, 2.58086E+001, 2.59190E+001, 2.61568E+001, 2.55252E+001, 2.56379E+001, 2.57585E+001, 2.58549E+001, 2.61092E+001, 2.54754E+001, 2.56106E+001, 2.57274E+001, 2.58224E+001, 2.60864E+001, 3.22054E+002, 1.80980E+002, 3.78917E-002, 2.01960E-001, 3.52269E+002, 2.30000E-001, 2.62538E+001, 2.62538E+001, 1.19107E-001, 2.88482E+001, 2.51361E+001, 8.18739E-002, 2.77123E+001, 2.50306E+001
 2.75000E+002, 2.58099E+001, 2.79352E+001, 4.11904E+001, 2.99861E+001, 2.50245E+001, 2.56182E+001, 2.68863E+001, 7.50575E+001, 5.66620E+001, 5.60691E+001, 5.80504E+001, 5.87293E+001, 1.88522E+002, 1.43915E+002, 1.05621E+002, 8.48698E+001, 6.43440E+001, 3.48681E+001, 2.91303E+001, 2.91542E+001, 2.99591E+001, 2.95690E+001, 2.55957E+001, 2.56894E+001, 2.58099E+001, 2.59266E+001, 2.61732E+001, 2.55247E+001, 2.56391E+001, 2.57615E+001, 2.58593E+001, 2.61164E+001, 2.54737E+001, 2.56097E+001, 2.57288E+001, 2.58258E+001, 2.60890E+001, 3.21970E+002, 1.82988E+002, 3.79005E-002, 2.01986E-001, 3.52794E+002, 2.30000E-001, 2.62587E+001, 2.62587E+001, 1.18380E-001, 2.87356E+001, 2.51365E+001, 7.30894E-002, 2.77131E+001, 2.50307E+001
 2.76001E+002, 2.58097E+001, 2.80871E+001, 4.15581E+001, 2.98571E+001, 2.50247E+001, 2.57065E+001, 2.72566E+001, 7.62350E+001, 5.82449E+001, 5.54540E+001, 5.73964E+001, 6.06506E+001, 1.88179E+002, 1.44513E+002, 1.07075E+002, 8.51987E+001, 6.53028E+001, 3.40823E+001, 2.94032E+001, 2.92871E+001, 3.00282E+001, 3.11533E+001, 2.55923E+001, 2.56844E+001, 2.58097E+001, 2.59302E+001, 2.61774E+001, 2.55213E+001, 2.56350E+001, 2.57612E+001, 2.58617E+001, 2.61099E+001, 2.54693E+001, 2.56061E+001, 2.57287E+001, 2.58270E+001, 2.60811E+001, 3.22013E+002, 1.82823E+002, 3.78997E-002, 2.01927E-001, 3.53284E+002, 2.30000E-001, 2.62499E+001, 2.62499E+001, 1.17687E-001, 2.87517E+001, 2.51369E+001, 7.06957E-002, 2.75008E+001, 2.50312E+001
 2.77002E+002, 2.58123E+001, 2.78073E+001, 4.09409E+001, 3.06215E+001, 2.50247E+001, 2.57519E+001, 2.72577E+001, 7.68997E+001, 5.81308E+001, 5.56004E+001, 5.78885E+001, 6.04967E+001, 1.85978E+002, 1.38513E+002, 1.04666E+002, 8.34061E+001, 6.30049E+001, 3.41048E+001, 2.95101E+001, 2.94890E+001, 3.00982E+001, 3.00152E+001, 2.55837E+001, 2.56824E+001, 2.58123E+001, 2.59392E+001, 2.61675E+001, 2.55173E+001, 2.56328E+001, 2.57619E+001, 2.58620E+001, 2.61030E+001, 2.54661E+001, 2.56041E+001, 2.57296E+001, 2.58283E+001, 2.60798E+001, 3.22450E+002, 1.81854E+002, 3.78868E-002, 2.01864E-001, 3.53896E+002, 2.30000E-001, 2.62429E+001, 2.62429E+001, 1.19010E-001, 2.89082E+001, 2.51372E+001, 7.47544E-002, 2.71911E+001, 2.50318E+001
 2.78000E+002, 2.58062E+001, 2.81624E+001, 4.12005E+001, 3.00235E+001, 2.50244E+001, 2.55953E+001, 2.68209E+001, 7.65649E+001, 5.93447E+001, 5.71288E+001, 5.86967E+001, 6.06393E+001, 1.87882E+002, 1.41548E+002, 1.04565E+002, 8.28086E+001, 6.08040E+001, 3.48334E+001, 2.90411E+001, 2.96762E+001, 2.87807E+001, 2.87287E+001, 2.55852E+001, 2.56807E+001, 2.58062E+001, 2.59035E+001, 2.61713E+001, 2.55152E+001, 2.56313E+001, 2.57614E+001, 2.58615E+001, 2.61085E+001, 2.54654E+001, 2.56046E+001, 2.57316E+001, 2.58308E+001, 2.60865E+001, 3.22251E+002, 1.82846E+002, 3.79014E-002, 2.01857E-001, 3.54389E+002, 2.30000E-001, 2.62543E+001, 2.62543E+001, 1.16773E-001, 2.87224E+001, 2.51373E+001, 7.21636E-002, 2.69286E+001, 2.50316E+001
 2.79001E+002, 2.58271E+001, 2.77026E+001, 4.05216E+001, 2.98081E+001, 2.50242E+001, 2.57868E+001, 2.71135E+001, 7.76076E+001, 5.83578E+001, 5.60455E+001, 5.87393E+001, 6.25525E+001, 1.85639E+002, 1.41193E+002, 1.04883E+002, 8.41349E+001, 6.14272E+001, 3.42978E+001, 2.93296E+001, 3.00284E+001, 3.08595E+001, 2.95924E+001, 2.55825E+001, 2.56807E+001, 2.58271E+001, 2.59418E+001, 2.61794E+001, 2.55170E+001, 2.56335E+001, 2.57674E+001, 2.58681E+001, 2.61099E+001, 2.54684E+001, 2.56084E+001, 2.57359E+001, 2.58348E+001, 2.60840E+001, 3.22327E+002, 1.80796E+002, 3.78989E-002, 2.01908E-001, 3.54718E+002, 2.30000E-001, 2.62376E+001, 2.62376E+001, 1.16985E-001, 2.86919E+001, 2.51373E+001, 7.43712E-002, 2.68931E+001, 2.50314E+001
 2.80002E+002, 2.58278E+001, 2.78544E+001, 4.07095E+001, 3.05821E+001, 2.50240E+001, 2.60808E+001, 2.67438E+001, 7.77220E+001, 6.09329E+001, 5.74252E+001, 5.82139E+001, 6.01720E+001, 1.87193E+002, 1.38879E+002, 1.03953E+002, 8.30994E+001, 6.28759E+001, 3.42419E+001, 2.92363E+001, 2.91596E+001, 3.03242E+001, 2.91842E+001, 2.55855E+001, 2.56853E+001, 2.58278E+001, 2.59469E+001, 2.61639E+001, 2.55214E+001, 2.56385E+001, 2.57725E+001, 2.58722E+001, 2.61073E+001, 2.54750E+001, 2.56164E+001, 2.57413E+001, 2.58386E+001, 2.60848E+001, 3.21970E+002, 1.80883E+002, 3.78867E-002, 2.01983E-001, 3.55211E+002, 2.30000E-001, 2.62412E+001, 2.62412E+001, 1.20007E-001, 2.88312E+001, 2.51376E+001, 7.38798E-002, 2.72307E+001, 2.50311E+001
 2.81001E+002, 2.58309E+001, 2.76795E+001, 4.10558E+001, 2.98385E+001, 2.50238E+001, 2.59981E+001, 2.66605E+001, 7.82544E+001, 5.99269E+001, 5.85709E+001, 6.01521E+001, 6.12701E+001, 1.87139E+002, 1.40811E+002, 1.04293E+002, 8.33240E+001, 6.23483E+001, 3.44931E+001, 2.90297E+001, 2.97383E+001, 2.97112E+001, 2.83420E+001, 2.55957E+001, 2.56932E+001, 2.58309E+001, 2.59206E+001, 2.61287E+001, 2.55286E+001, 2.56443E+001, 2.57747E+001, 2.58710E+001, 2.61019E+001, 2.54822E+001, 2.56239E+001, 2.57445E+001, 2.58379E+001, 2.60777E+001, 3.26456E+002, 1.81202E+002, 3.78867E-002, 2.01986E-001, 3.55822E+002, 2.30000E-001, 2.62581E+001, 2.62581E+001, 1.18084E-001, 2.87395E+001, 2.51382E+001, 7.42518E-002, 2.78143E+001, 2.50307E+001
 2.82001E+002, 2.58334E+001, 2.76456E+001, 4.07556E+001, 3.01201E+001, 2.50236E+001, 2.63113E+001, 2.69951E+001, 7.79582E+001, 5.99475E+001, 5.81083E+001, 6.08951E+001, 6.28256E+001, 1.86149E+002, 1.40492E+002, 1.04112E+002, 8.28521E+001, 6.31158E+001, 3.42790E+001, 2.90498E+001, 2.94079E+001, 3.01003E+001, 3.00977E+001, 2.55987E+001, 2.56946E+001, 2.58334E+001, 2.59484E+001, 2.61709E+001, 2.55344E+001, 2.56492E+001, 2.57764E+001, 2.58710E+001, 2.61008E+001, 2.54863E+001, 2.56281E+001, 2.57451E+001, 2.58361E+001, 2.60798E+001, 3.21963E+002, 1.81381E+002, 3.79019E-002, 2.01932E-001, 3.56283E+002, 2.30000E-001, 2.62469E+001, 2.62469E+001, 1.18804E-001, 2.88556E+001, 2.51390E+001, 6.82976E-002, 2.78388E+001, 2.50310E+001
 2.83002E+002, 2.58174E+001, 2.76685E+001, 4.04667E+001, 2.94588E+001, 2.50236E+001, 2.62130E+001, 2.71347E+001, 7.90729E+001, 5.88197E+001, 5.64751E+001, 5.86972E+001, 6.20721E+001, 1.85912E+002, 1.41271E+002, 1.04903E+002, 8.33224E+001, 6.36626E+001, 3.42861E+001, 2.93586E+001, 2.88322E+001, 2.86157E+001, 2.90112E+001, 2.56009E+001, 2.56979E+001, 2.58174E+001, 2.59141E+001, 2.61369E+001, 2.55348E+001, 2.56519E+001, 2.57744E+001, 2.58661E+001, 2.61015E+001, 2.54848E+001, 2.56279E+001, 2.57432E+001, 2.58336E+001, 2.60829E+001, 3.22843E+002, 1.81858E+002, 3.78923E-002, 2.01842E-001, 3.56933E+002, 2.30000E-001, 2.62588E+001, 2.62588E+001, 1.13921E-001, 2.86596E+001, 2.51399E+001, 7.09869E-002, 2.76550E+001, 2.50313E+001
 2.84001E+002, 2.58371E+001, 2.76905E+001, 4.12525E+001, 3.01400E+001, 2.50235E+001, 2.56059E+001, 2.65344E+001, 7.84052E+001, 6.10739E+001, 5.78543E+001, 6.00334E+001, 6.22230E+001, 1.87093E+002, 1.39840E+002, 1.04697E+002, 8.23460E+001, 6.14508E+001, 3.40598E+001, 2.94740E+001, 3.01049E+001, 2.97891E+001, 2.96535E+001, 2.55982E+001, 2.57011E+001, 2.58371E+001, 2.59296E+001, 2.61441E+001, 2.55331E+001, 2.56529E+001, 2.57753E+001, 2.58678E+001, 2.61110E+001, 2.54824E+001, 2.56270E+001, 2.57433E+001, 2.58356E+001, 2.60976E+001, 3.22738E+002, 1.78946E+002, 3.78847E-002, 2.01843E-001, 3.57640E+002, 2.30000E-001, 2.62545E+001, 2.62545E+001, 1.16209E-001, 2.88548E+001, 2.51404E+001, 6.88381E-002, 2.73595E+001, 2.50308E+001
 2.85001E+002, 2.58253E+001, 2.76896E+001, 4.13660E+001, 3.03101E+001, 2.50235E+001, 2.53611E+001, 2.66101E+001, 7.87555E+001, 6.01699E+001, 5.80157E+001, 5.95102E+001, 6.21855E+001, 1.85984E+002, 1.37408E+002, 1.01644E+002, 8.12157E+001, 6.11358E+001, 3.42307E+001, 2.93515E+001, 2.96448E+001, 2.92571E+001, 2.91840E+001, 2.55944E+001, 2.57004E+001, 2.58253E+001, 2.59250E+001, 2.61920E+001, 2.55319E+001, 2.56530E+001, 2.57759E+001, 2.58695E+001, 2.61227E+001, 2.54826E+001, 2.56267E+001, 2.57443E+001, 2.58400E+001, 2.61092E+001, 3.24915E+002, 1.82018E+002, 3.78927E-002, 2.01873E-001, 3.58219E+002, 2.30000E-001, 2.62460E+001, 2.62460E+001, 1.16513E-001, 2.87941E+001, 2.51407E+001, 5.93470E-002, 2.71009E+001, 2.50309E+001
 2.86001E+002, 2.58291E+001, 2.76595E+001, 4.12400E+001, 2.96666E+001, 2.50236E+001, 2.55922E+001, 2.69400E+001, 7.80609E+001, 5.97998E+001, 5.71441E+001, 5.96947E+001, 6.17980E+001, 1.86346E+002, 1.42370E+002, 1.05726E+002, 8.32502E+001, 6.09772E+001, 3.48386E+001, 2.91219E+001, 3.02985E+001, 2.90938E+001, 2.86973E+001, 2.56007E+001, 2.57044E+001, 2.58291E+001, 2.59124E+001, 2.61430E+001, 2.55334E+001, 2.56539E+001, 2.57745E+001, 2.58684E+001, 2.61190E+001, 2.54847E+001, 2.56266E+001, 2.57442E+001, 2.58408E+001, 2.61069E+001, 3.22700E+002, 1.83678E+002, 3.79002E-002, 2.01824E-001, 3.58858E+002, 2.30000E-001, 2.62619E+001, 2.62619E+001, 1.13817E-001, 2.86425E+001, 2.51409E+001, 6.93981E-002, 2.72554E+001, 2.50313E+001
 2.87001E+002, 2.58445E+001, 2.77828E+001, 4.13740E+001, 3.01794E+001, 2.50237E+001, 2.58100E+001, 2.64813E+001, 7.88235E+001, 5.97603E+001, 5.52799E+001, 5.70920E+001, 6.12571E+001, 1.86028E+002, 1.40678E+002, 1.05847E+002, 8.47547E+001, 6.21676E+001, 3.42166E+001, 2.93309E+001, 3.00187E+001, 3.15258E+001, 2.95787E+001, 2.55992E+001, 2.56973E+001, 2.58445E+001, 2.59467E+001, 2.61910E+001, 2.55342E+001, 2.56494E+001, 2.57733E+001, 2.58680E+001, 2.61158E+001, 2.54844E+001, 2.56222E+001, 2.57412E+001, 2.58388E+001, 2.61026E+001, 3.22633E+002, 1.80306E+002, 3.78966E-002, 2.01756E-001, 3.59449E+002, 2.30000E-001, 2.62505E+001, 2.62505E+001, 1.15169E-001, 2.87489E+001, 2.51411E+001, 7.99851E-002, 2.76864E+001, 2.50314E+001
 2.88001E+002, 2.58213E+001, 2.77234E+001, 4.05729E+001, 2.99034E+001, 2.50238E+001, 2.62328E+001, 2.72004E+001, 7.80097E+001, 6.07540E+001, 5.83593E+001, 5.84338E+001, 6.02358E+001, 1.87696E+002, 1.39937E+002, 1.03820E+002, 8.33039E+001, 6.32415E+001, 3.44328E+001, 2.92828E+001, 2.98262E+001, 2.99799E+001, 2.89397E+001, 2.55970E+001, 2.56914E+001, 2.58213E+001, 2.59233E+001, 2.61388E+001, 2.55308E+001, 2.56425E+001, 2.57662E+001, 2.58619E+001, 2.61026E+001, 2.54803E+001, 2.56155E+001, 2.57358E+001, 2.58341E+001, 2.60890E+001, 3.22090E+002, 1.81246E+002, 3.78867E-002, 2.01634E-001, 3.59963E+002, 2.30000E-001, 2.62596E+001, 2.62596E+001, 1.13760E-001, 2.87600E+001, 2.51413E+001, 7.34751E-002, 2.77821E+001, 2.50314E+001
 2.89001E+002, 2.58228E+001, 2.76008E+001, 4.08143E+001, 3.01310E+001, 2.50241E+001, 2.67694E+001, 2.72006E+001, 7.82121E+001, 5.89478E+001, 5.75748E+001, 6.01623E+001, 6.12819E+001, 1.87086E+002, 1.41981E+002, 1.05194E+002, 8.38151E+001, 6.27450E+001, 3.44315E+001, 2.91913E+001, 2.95435E+001, 3.08597E+001, 2.97760E+001, 2.55945E+001, 2.56847E+001, 2.58228E+001, 2.59307E+001, 2.61657E+001, 2.55264E+001, 2.56364E+001, 2.57622E+001, 2.58592E+001, 2.61039E+001, 2.54750E+001, 2.56091E+001, 2.57315E+001, 2.58303E+001, 2.60879E+001, 3.23726E+002, 1.82281E+002, 3.78941E-002, 2.01626E-001, 3.60556E+002, 2.30000E-001, 2.62634E+001, 2.62634E+001, 1.15344E-001, 2.88546E+001, 2.51415E+001, 7.05450E-002, 2.75830E+001, 2.50315E+001
 2.90001E+002, 2.58197E+001, 2.77506E+001, 4.04707E+001, 3.04449E+001, 2.50241E+001, 2.62860E+001, 2.70876E+001, 7.73830E+001, 5.91320E+001, 5.66519E+001, 5.87220E+001, 6.20895E+001, 1.86336E+002, 1.40781E+002, 1.03752E+002, 8.23558E+001, 6.23392E+001, 3.39545E+001, 2.93324E+001, 2.97801E+001, 3.05758E+001, 3.00439E+001, 2.55856E+001, 2.56775E+001, 2.58197E+001, 2.59360E+001, 2.61698E+001, 2.55209E+001, 2.56307E+001, 2.57604E+001, 2.58598E+001, 2.61100E+001, 2.54688E+001, 2.56024E+001, 2.57283E+001, 2.58303E+001, 2.60970E+001, 3.23530E+002, 1.81612E+002, 3.78989E-002, 2.01644E-001, 3.61107E+002, 2.30000E-001, 2.62588E+001, 2.62588E+001, 1.16429E-001, 2.88492E+001, 2.51417E+001, 7.47104E-002, 2.72670E+001, 2.50314E+001
 2.91001E+002, 2.58083E+001, 2.79724E+001, 4.13999E+001, 3.06520E+001, 2.50242E+001, 2.55905E+001, 2.74374E+001, 7.82058E+001, 5.89925E+001, 5.62988E+001, 5.85199E+001, 6.15597E+001, 1.86040E+002, 1.39573E+002, 1.04175E+002, 8.19735E+001, 6.22514E+001, 3.43658E+001, 2.97872E+001, 2.94729E+001, 2.94190E+001, 2.98722E+001, 2.55823E+001, 2.56763E+001, 2.58083E+001, 2.59165E+001, 2.61760E+001, 2.55154E+001, 2.56269E+001, 2.57588E+001, 2.58622E+001, 2.61212E+001, 2.54645E+001, 2.55991E+001, 2.57281E+001, 2.58346E+001, 2.61029E+001, 3.22581E+002, 1.81095E+002, 3.78942E-002, 2.01613E-001, 3.61607E+002, 2.30000E-001, 2.62657E+001, 2.62657E+001, 1.16808E-001, 2.89235E+001, 2.51419E+001, 7.75273E-002, 2.72471E+001, 2.50315E+001
 2.92000E+002, 2.58150E+001, 2.77116E+001, 4.15278E+001, 3.08859E+001, 2.50243E+001, 2.52745E+001, 2.69225E+001, 7.69810E+001, 5.94910E+001, 5.63326E+001, 5.82778E+001, 6.14658E+001, 1.88400E+002, 1.41636E+002, 1.06045E+002, 8.38016E+001, 6.15174E+001, 3.41908E+001, 2.93729E+001, 2.97782E+001, 2.99569E+001, 3.00758E+001, 2.55800E+001, 2.56756E+001, 2.58150E+001, 2.59293E+001, 2.61897E+001, 2.55133E+001, 2.56256E+001, 2.57614E+001, 2.58665E+001, 2.61242E+001, 2.54628E+001, 2.55989E+001, 2.57303E+001, 2.58379E+001, 2.60988E+001, 3.23795E+002, 1.80291E+002, 3.78871E-002, 2.01590E-001, 3.62126E+002, 2.30000E-001, 2.62585E+001, 2.62585E+001, 1.16356E-001, 2.89435E+001, 2.51423E+001, 7.77231E-002, 2.76018E+001, 2.50319E+001
 2.93000E+002, 2.58305E+001, 2.76485E+001, 4.05076E+001, 3.04405E+001, 2.50245E+001, 2.53511E+001, 2.69268E+001, 7.68870E+001, 5.91005E+001, 5.72015E+001, 5.87944E+001, 6.12601E+001, 1.85782E+002, 1.38678E+002, 1.02925E+002, 8.17767E+001, 6.09256E+001, 3.40954E+001, 2.91746E+001, 3.05488E+001, 3.08785E+001, 3.01101E+001, 2.55738E+001, 2.56743E+001, 2.58305E+001, 2.59436E+001, 2.62314E+001, 2.55121E+001, 2.56277E+001, 2.57643E+001, 2.58705E+001, 2.61280E+001, 2.54615E+001, 2.56000E+001, 2.57328E+001, 2.58389E+001, 2.60962E+001, 3.26270E+002, 1.81457E+002, 3.79019E-002, 2.01595E-001, 3.62521E+002, 2.30000E-001, 2.62466E+001, 2.62466E+001, 1.15610E-001, 2.88054E+001, 2.51427E+001, 7.50004E-002, 2.75457E+001, 2.50323E+001
 2.94001E+002, 2.58251E+001, 2.77037E+001, 4.13497E+001, 3.06711E+001, 2.50246E+001, 2.57535E+001, 2.75793E+001, 7.72820E+001, 5.90030E+001, 5.59502E+001, 5.83121E+001, 6.19865E+001, 1.85320E+002, 1.40337E+002, 1.04202E+002, 8.29037E+001, 5.99326E+001, 3.44153E+001, 2.91571E+001, 3.02563E+001, 3.03013E+001, 3.04103E+001, 2.55753E+001, 2.56766E+001, 2.58251E+001, 2.59284E+001, 2.62782E+001, 2.55108E+001, 2.56283E+001, 2.57668E+001, 2.58734E+001, 2.61370E+001, 2.54603E+001, 2.56013E+001, 2.57358E+001, 2.58432E+001, 2.61043E+001, 3.22988E+002, 1.81249E+002, 3.78971E-002, 2.01584E-001, 3.62983E+002, 2.30000E-001, 2.62484E+001, 2.62484E+001, 1.16956E-001, 2.88818E+001, 2.51432E+001, 7.93610E-002, 2.74277E+001, 2.50325E+001
 2.95000E+002, 2.58358E+001, 2.76579E+001, 4.06472E+001, 3.03723E+001, 2.50247E+001, 2.64936E+001, 2.75193E+001, 7.78154E+001, 5.93723E+001, 5.60572E+001, 5.79749E+001, 6.18241E+001, 1.85495E+002, 1.39634E+002, 1.05038E+002, 8.37846E+001, 6.17416E+001, 3.41067E+001, 2.95741E+001, 3.03094E+001, 3.09137E+001, 2.97712E+001, 2.55747E+001, 2.56778E+001, 2.58358E+001, 2.59381E+001, 2.62529E+001, 2.55105E+001, 2.56293E+001, 2.57714E+001, 2.58789E+001, 2.61504E+001, 2.54588E+001, 2.56023E+001, 2.57406E+001, 2.58498E+001, 2.61188E+001, 3.23149E+002, 1.80093E+002, 3.78898E-002, 2.01542E-001, 3.63507E+002, 2.30000E-001, 2.62417E+001, 2.62417E+001, 1.15934E-001, 2.88975E+001, 2.51440E+001, 8.73464E-002, 2.74916E+001, 2.50325E+001
 2.96002E+002, 2.58425E+001, 2.77380E+001, 4.03848E+001, 3.02991E+001, 2.50247E+001, 2.67563E+001, 2.70805E+001, 7.75655E+001, 6.04621E+001, 5.81188E+001, 5.88887E+001, 6.05305E+001, 1.86892E+002, 1.38091E+002, 1.02692E+002, 8.26996E+001, 6.33957E+001, 3.40472E+001, 2.92422E+001, 2.97838E+001, 3.12590E+001, 2.99967E+001, 2.55746E+001, 2.56795E+001, 2.58425E+001, 2.59696E+001, 2.62349E+001, 2.55106E+001, 2.56320E+001, 2.57764E+001, 2.58861E+001, 2.61524E+001, 2.54586E+001, 2.56042E+001, 2.57451E+001, 2.58539E+001, 2.61160E+001, 3.22520E+002, 1.79835E+002, 3.78907E-002, 2.01521E-001, 3.63966E+002, 2.30000E-001, 2.62435E+001, 2.62435E+001, 1.15536E-001, 2.88722E+001, 2.51446E+001, 8.54984E-002, 2.75880E+001, 2.50322E+001
 2.97001E+002, 2.58352E+001, 2.77453E+001, 4.08950E+001, 3.01277E+001, 2.50247E+001, 2.63304E+001, 2.71398E+001, 7.76001E+001, 5.92763E+001, 5.80772E+001, 6.08497E+001, 6.20066E+001, 1.87170E+002, 1.40901E+002, 1.03558E+002, 8.21884E+001, 6.15296E+001, 3.44082E+001, 2.91839E+001, 2.95888E+001, 3.00965E+001, 2.96704E+001, 2.55784E+001, 2.56829E+001, 2.58352E+001, 2.59480E+001, 2.62208E+001, 2.55123E+001, 2.56327E+001, 2.57796E+001, 2.58873E+001, 2.61433E+001, 2.54608E+001, 2.56056E+001, 2.57474E+001, 2.58543E+001, 2.61122E+001, 3.22573E+002, 1.81471E+002, 3.78958E-002, 2.01518E-001, 3.64361E+002, 2.30000E-001, 2.62555E+001, 2.62555E+001, 1.14911E-001, 2.87730E+001, 2.51448E+001, 7.61308E-002, 2.72335E+001, 2.50322E+001
 2.98002E+002, 2.58508E+001, 2.78101E+001, 4.07468E+001, 3.02636E+001, 2.50247E+001, 2.61720E+001, 2.72512E+001, 7.79083E+001, 5.95325E+001, 5.71012E+001, 6.03338E+001, 6.33760E+001, 1.86052E+002, 1.39970E+002, 1.03507E+002, 8.20688E+001, 6.11288E+001, 3.42274E+001, 2.94133E+001, 3.01468E+001, 3.08427E+001, 2.95545E+001, 2.55811E+001, 2.56838E+001, 2.58508E+001, 2.59610E+001, 2.61963E+001, 2.55160E+001, 2.56333E+001, 2.57806E+001, 2.58852E+001, 2.61361E+001, 2.54655E+001, 2.56076E+001, 2.57479E+001, 2.58524E+001, 2.61079E+001, 3.22459E+002, 1.81708E+002, 3.78958E-002, 2.01503E-001, 3.64824E+002, 2.30000E-001, 2.62527E+001, 2.62527E+001, 1.15278E-001, 2.87830E+001, 2.51450E+001, 7.84662E-002, 2.73782E+001, 2.50324E+001
 2.99001E+002, 2.58249E+001, 2.76927E+001, 4.10939E+001, 2.98662E+001, 2.50246E+001, 2.60709E+001, 2.68772E+001, 7.75735E+001, 5.95422E+001, 5.71749E+001, 5.93335E+001, 6.28919E+001, 1.86725E+002, 1.41298E+002, 1.04811E+002, 8.25767E+001, 6.36502E+001, 3.38019E+001, 2.92379E+001, 2.90876E+001, 2.91696E+001, 3.03236E+001, 2.55852E+001, 2.56812E+001, 2.58249E+001, 2.59425E+001, 2.62235E+001, 2.55206E+001, 2.56338E+001, 2.57779E+001, 2.58823E+001, 2.61313E+001, 2.54717E+001, 2.56123E+001, 2.57473E+001, 2.58501E+001, 2.61031E+001, 3.22211E+002, 1.80338E+002, 3.78928E-002, 2.01491E-001, 3.65411E+002, 2.30000E-001, 2.62602E+001, 2.62602E+001, 1.14162E-001, 2.87606E+001, 2.51453E+001, 8.24855E-002, 2.74772E+001, 2.50327E+001
 3.00001E+002, 2.58191E+001, 2.75909E+001, 4.00286E+001, 3.04855E+001, 2.50244E+001, 2.53980E+001, 2.69350E+001, 7.93456E+001, 6.08659E+001, 5.75326E+001, 6.03604E+001, 6.26162E+001, 1.87939E+002, 1.40616E+002, 1.04858E+002, 8.29315E+001, 6.36599E+001, 3.35406E+001, 2.91793E+001, 2.89417E+001, 2.86066E+001, 2.85439E+001, 2.55899E+001, 2.56832E+001, 2.58191E+001, 2.59183E+001, 2.61515E+001, 2.55269E+001, 2.56369E+001, 2.57777E+001, 2.58794E+001, 2.61216E+001, 2.54782E+001, 2.56188E+001, 2.57492E+001, 2.58501E+001, 2.60957E+001, 3.22784E+002, 1.80058E+002, 3.78844E-002, 2.01489E-001, 3.65866E+002, 2.30000E-001, 2.62778E+001, 2.62778E+001, 1.15392E-001, 2.88665E+001, 2.51455E+001, 8.15746E-002, 2.74258E+001, 2.50331E+001
 3.01002E+002, 2.58296E+001, 2.75833E+001, 4.13416E+001, 3.04594E+001, 2.50243E+001, 2.53573E+001, 2.68191E+001, 7.80077E+001, 6.13705E+001, 5.88728E+001, 6.06907E+001, 6.36868E+001, 1.88187E+002, 1.39909E+002, 1.04408E+002, 8.25941E+001, 6.25732E+001, 3.34630E+001, 2.92586E+001, 2.95888E+001, 2.91337E+001, 3.00196E+001, 2.55930E+001, 2.56891E+001, 2.58296E+001, 2.59324E+001, 2.61668E+001, 2.55317E+001, 2.56432E+001, 2.57826E+001, 2.58844E+001, 2.61225E+001, 2.54817E+001, 2.56242E+001, 2.57545E+001, 2.58561E+001, 2.60999E+001, 3.22168E+002, 1.79209E+002, 3.78913E-002, 2.01531E-001, 3.66129E+002, 2.30000E-001, 2.62740E+001, 2.62740E+001, 1.16849E-001, 2.88636E+001, 2.51458E+001, 7.92287E-002, 2.72707E+001, 2.50337E+001
 3.02001E+002, 2.58414E+001, 2.76010E+001, 4.08573E+001, 3.03793E+001, 2.50243E+001, 2.56292E+001, 2.70597E+001, 7.83970E+001, 6.05541E+001, 5.84707E+001, 6.06551E+001, 6.32509E+001, 1.88754E+002, 1.41496E+002, 1.04982E+002, 8.33390E+001, 6.34993E+001, 3.37515E+001, 2.88850E+001, 2.96724E+001, 2.91634E+001, 2.91301E+001, 2.55950E+001, 2.56960E+001, 2.58414E+001, 2.59428E+001, 2.61920E+001, 2.55315E+001, 2.56495E+001, 2.57908E+001, 2.58947E+001, 2.61336E+001, 2.54779E+001, 2.56230E+001, 2.57594E+001, 2.58638E+001, 2.61056E+001, 3.23686E+002, 1.82030E+002, 3.78955E-002, 2.01573E-001, 3.66406E+002, 2.30000E-001, 2.62739E+001, 2.62739E+001, 1.17187E-001, 2.88284E+001, 2.51461E+001, 7.40999E-002, 2.72856E+001, 2.50334E+001
 3.03001E+002, 2.58427E+001, 2.76149E+001, 4.10213E+001, 2.99742E+001, 2.50245E+001, 2.60698E+001, 2.65183E+001, 7.87404E+001, 6.02842E+001, 5.78004E+001, 6.01934E+001, 6.36998E+001, 1.88029E+002, 1.43333E+002, 1.06372E+002, 8.54981E+001, 6.40667E+001, 3.34450E+001, 2.87412E+001, 2.90396E+001, 2.90721E+001, 2.88055E+001, 2.55911E+001, 2.56966E+001, 2.58427E+001, 2.59466E+001, 2.61696E+001, 2.55259E+001, 2.56475E+001, 2.57967E+001, 2.59029E+001, 2.61333E+001, 2.54681E+001, 2.56147E+001, 2.57620E+001, 2.58691E+001, 2.61026E+001, 3.21869E+002, 1.80369E+002, 3.78953E-002, 2.01648E-001, 3.66833E+002, 2.30000E-001, 2.62786E+001, 2.62786E+001, 1.17837E-001, 2.88646E+001, 2.51463E+001, 6.85064E-002, 2.75237E+001, 2.50329E+001
 3.04000E+002, 2.58529E+001, 2.75526E+001, 4.17887E+001, 2.97837E+001, 2.50245E+001, 2.65905E+001, 2.74973E+001, 7.91813E+001, 6.06358E+001, 5.68049E+001, 5.82969E+001, 6.27209E+001, 1.87631E+002, 1.41051E+002, 1.05858E+002, 8.41015E+001, 6.44688E+001, 3.34978E+001, 2.94707E+001, 2.94027E+001, 2.97215E+001, 3.00391E+001, 2.55830E+001, 2.56925E+001, 2.58529E+001, 2.59611E+001, 2.61980E+001, 2.55196E+001, 2.56417E+001, 2.58002E+001, 2.59077E+001, 2.61295E+001, 2.54639E+001, 2.56081E+001, 2.57617E+001, 2.58702E+001, 2.60956E+001, 3.25614E+002, 1.79528E+002, 3.78905E-002, 2.01657E-001, 3.67251E+002, 2.30000E-001, 2.62711E+001, 2.62711E+001, 1.17428E-001, 2.89196E+001, 2.51463E+001, 6.53288E-002, 2.72774E+001, 2.50324E+001
 3.05002E+002, 2.58682E+001, 2.76940E+001, 4.04230E+001, 3.08175E+001, 2.50245E+001, 2.71998E+001, 2.73372E+001, 7.95328E+001, 6.10012E+001, 5.84503E+001, 5.93057E+001, 6.05207E+001, 1.87464E+002, 1.38894E+002, 1.03225E+002, 8.35987E+001, 6.43163E+001, 3.38820E+001, 2.95649E+001, 3.01391E+001, 3.05518E+001, 2.95769E+001, 2.55818E+001, 2.56947E+001, 2.58682E+001, 2.59795E+001, 2.62029E+001, 2.55196E+001, 2.56406E+001, 2.58033E+001, 2.59091E+001, 2.61353E+001, 2.54679E+001, 2.56097E+001, 2.57611E+001, 2.58680E+001, 2.61009E+001, 3.22703E+002, 1.80407E+002, 3.78898E-002, 2.01622E-001, 3.67685E+002, 2.30000E-001, 2.62642E+001, 2.62642E+001, 1.18720E-001, 2.90174E+001, 2.51466E+001, 7.24963E-002, 2.74259E+001, 2.50322E+001
 3.06002E+002, 2.58647E+001, 2.83446E+001, 4.06832E+001, 3.04063E+001, 2.50244E+001, 2.66887E+001, 2.69951E+001, 7.91680E+001, 5.98728E+001, 5.68036E+001, 5.92650E+001, 6.16230E+001, 1.87514E+002, 1.42702E+002, 1.05985E+002, 8.42730E+001, 6.41929E+001, 3.45042E+001, 2.93118E+001, 2.97252E+001, 3.10652E+001, 3.01750E+001, 2.55887E+001, 2.56962E+001, 2.58647E+001, 2.60015E+001, 2.62390E+001, 2.55246E+001, 2.56433E+001, 2.58016E+001, 2.59084E+001, 2.61472E+001, 2.54753E+001, 2.56156E+001, 2.57614E+001, 2.58662E+001, 2.61173E+001, 3.23572E+002, 1.82694E+002, 3.78996E-002, 2.01612E-001, 3.68230E+002, 2.30000E-001, 2.62667E+001, 2.62667E+001, 1.17287E-001, 2.88114E+001, 2.51474E+001, 7.12872E-002, 2.73145E+001, 2.50321E+001
 3.07002E+002, 2.58431E+001, 2.78652E+001, 4.00877E+001, 3.00621E+001, 2.50245E+001, 2.57354E+001, 2.67997E+001, 7.81947E+001, 6.03714E+001, 5.64667E+001, 5.78275E+001, 6.12319E+001, 1.87424E+002, 1.45226E+002, 1.09891E+002, 8.86596E+001, 6.78585E+001, 3.38468E+001, 2.89701E+001, 2.88232E+001, 2.91245E+001, 3.01678E+001, 2.55966E+001, 2.56985E+001, 2.58431E+001, 2.59643E+001, 2.62052E+001, 2.55308E+001, 2.56454E+001, 2.57956E+001, 2.59031E+001, 2.61480E+001, 2.54817E+001, 2.56213E+001, 2.57612E+001, 2.58654E+001, 2.61219E+001, 3.23413E+002, 1.81598E+002, 3.78937E-002, 2.01561E-001, 3.68737E+002, 2.30000E-001, 2.62746E+001, 2.62746E+001, 1.15944E-001, 2.87925E+001, 2.51484E+001, 7.62703E-002, 2.74649E+001, 2.50325E+001
 3.08002E+002, 2.58469E+001, 2.76285E+001, 4.04527E+001, 3.04260E+001, 2.50245E+001, 2.54855E+001, 2.67986E+001, 7.96265E+001, 5.99460E+001, 5.57272E+001, 5.74743E+001, 6.10355E+001, 1.86630E+002, 1.42717E+002, 1.08010E+002, 8.60017E+001, 6.66098E+001, 3.37808E+001, 2.91918E+001, 2.91824E+001, 2.97375E+001, 2.94681E+001, 2.55981E+001, 2.57017E+001, 2.58469E+001, 2.59669E+001, 2.61821E+001, 2.55366E+001, 2.56512E+001, 2.57962E+001, 2.59036E+001, 2.61415E+001, 2.54878E+001, 2.56286E+001, 2.57636E+001, 2.58671E+001, 2.61156E+001, 3.23222E+002, 1.79514E+002, 3.78908E-002, 2.01520E-001, 3.68934E+002, 2.30000E-001, 2.62792E+001, 2.62792E+001, 1.14638E-001, 2.88708E+001, 2.51492E+001, 8.17334E-002, 2.76805E+001, 2.50331E+001
 3.09002E+002, 2.58434E+001, 2.75512E+001, 4.00797E+001, 2.98158E+001, 2.50244E+001, 2.56245E+001, 2.65939E+001, 7.93972E+001, 6.02966E+001, 5.64533E+001, 5.73387E+001, 5.92548E+001, 1.87170E+002, 1.44705E+002, 1.10832E+002, 8.93240E+001, 6.77450E+001, 3.41457E+001, 2.90017E+001, 2.90278E+001, 2.89507E+001, 2.90045E+001, 2.56083E+001, 2.57116E+001, 2.58434E+001, 2.59527E+001, 2.61816E+001, 2.55437E+001, 2.56612E+001, 2.58016E+001, 2.59056E+001, 2.61393E+001, 2.54971E+001, 2.56407E+001, 2.57704E+001, 2.58722E+001, 2.61143E+001, 3.23395E+002, 1.80999E+002, 3.78889E-002, 2.01501E-001, 3.69078E+002, 2.30000E-001, 2.62790E+001, 2.62790E+001, 1.13410E-001, 2.87912E+001, 2.51498E+001, 7.98422E-002, 2.75419E+001, 2.50333E+001
 3.10002E+002, 2.58516E+001, 2.75241E+001, 4.07706E+001, 3.02850E+001, 2.50245E+001, 2.59941E+001, 2.66903E+001, 7.98486E+001, 6.10068E+001, 5.60105E+001, 5.73769E+001, 5.98172E+001, 1.87798E+002, 1.43698E+002, 1.09659E+002, 8.88208E+001, 6.75494E+001, 3.37290E+001, 2.87882E+001, 2.87288E+001, 2.85654E+001, 2.88276E+001, 2.56176E+001, 2.57254E+001, 2.58516E+001, 2.59541E+001, 2.61803E+001, 2.55547E+001, 2.56737E+001, 2.58101E+001, 2.59117E+001, 2.61446E+001, 2.55073E+001, 2.56547E+001, 2.57800E+001, 2.58785E+001, 2.61202E+001, 3.23332E+002, 1.80315E+002, 3.78871E-002, 2.01495E-001, 3.69413E+002, 2.30000E-001, 2.62890E+001, 2.62890E+001, 1.15162E-001, 2.88628E+001, 2.51500E+001, 7.47905E-002, 2.75790E+001, 2.50338E+001
 3.11002E+002, 2.58612E+001, 2.76130E+001, 4.11965E+001, 3.04018E+001, 2.50245E+001, 2.61783E+001, 2.69943E+001, 7.96940E+001, 6.09337E+001, 5.71312E+001, 5.77698E+001, 6.01337E+001, 1.87319E+002, 1.45328E+002, 1.10416E+002, 8.95369E+001, 6.73484E+001, 3.40813E+001, 2.87605E+001, 2.89995E+001, 2.90739E+001, 2.90207E+001, 2.56275E+001, 2.57337E+001, 2.58612E+001, 2.59631E+001, 2.61868E+001, 2.55642E+001, 2.56849E+001, 2.58173E+001, 2.59163E+001, 2.61525E+001, 2.55130E+001, 2.56622E+001, 2.57854E+001, 2.58821E+001, 2.61276E+001, 3.23278E+002, 1.80543E+002, 3.78884E-002, 2.01487E-001, 3.69751E+002, 2.30000E-001, 2.62926E+001, 2.62926E+001, 1.15227E-001, 2.88723E+001, 2.51498E+001, 7.53438E-002, 2.74888E+001, 2.50339E+001
 3.12002E+002, 2.58622E+001, 2.76416E+001, 4.11699E+001, 3.02028E+001, 2.50243E+001, 2.56066E+001, 2.66520E+001, 7.93668E+001, 6.05023E+001, 5.53242E+001, 5.65934E+001, 5.94197E+001, 1.88646E+002, 1.45510E+002, 1.10626E+002, 8.94675E+001, 6.85284E+001, 3.41422E+001, 2.89294E+001, 2.89172E+001, 2.85415E+001, 2.84445E+001, 2.56334E+001, 2.57414E+001, 2.58622E+001, 2.59558E+001, 2.61819E+001, 2.55653E+001, 2.56878E+001, 2.58183E+001, 2.59155E+001, 2.61505E+001, 2.55118E+001, 2.56608E+001, 2.57847E+001, 2.58816E+001, 2.61240E+001, 3.23516E+002, 1.82738E+002, 3.78903E-002, 2.01477E-001, 3.70101E+002, 2.30000E-001, 2.62961E+001, 2.62961E+001, 1.13790E-001, 2.87628E+001, 2.51496E+001, 7.74908E-002, 2.74736E+001, 2.50338E+001
 3.13002E+002, 2.58562E+001, 2.75737E+001, 4.10961E+001, 3.00313E+001, 2.50241E+001, 2.53431E+001, 2.66322E+001, 7.91531E+001, 5.92419E+001, 5.61832E+001, 5.72571E+001, 5.87110E+001, 1.87674E+002, 1.47943E+002, 1.12991E+002, 9.19196E+001, 7.08660E+001, 3.37048E+001, 2.85871E+001, 2.83480E+001, 2.86627E+001, 2.88445E+001, 2.56291E+001, 2.57331E+001, 2.58562E+001, 2.59580E+001, 2.61782E+001, 2.55628E+001, 2.56818E+001, 2.58134E+001, 2.59124E+001, 2.61415E+001, 2.55085E+001, 2.56548E+001, 2.57814E+001, 2.58794E+001, 2.61177E+001, 3.23093E+002, 1.82799E+002, 3.78864E-002, 2.01451E-001, 3.70355E+002, 2.30000E-001, 2.63028E+001, 2.63028E+001, 1.13978E-001, 2.87284E+001, 2.51498E+001, 7.81648E-002, 2.75480E+001, 2.50335E+001
 3.14002E+002, 2.58519E+001, 2.75732E+001, 4.08434E+001, 3.01835E+001, 2.50239E+001, 2.55680E+001, 2.62308E+001, 7.87516E+001, 6.07875E+001, 5.50741E+001, 5.55188E+001, 5.98498E+001, 1.89865E+002, 1.47227E+002, 1.12900E+002, 9.09456E+001, 6.86871E+001, 3.38887E+001, 2.89332E+001, 2.85854E+001, 2.86886E+001, 2.87867E+001, 2.56265E+001, 2.57273E+001, 2.58519E+001, 2.59504E+001, 2.61663E+001, 2.55584E+001, 2.56750E+001, 2.58097E+001, 2.59093E+001, 2.61349E+001, 2.55033E+001, 2.56478E+001, 2.57770E+001, 2.58765E+001, 2.61103E+001, 3.23035E+002, 1.83096E+002, 3.78873E-002, 2.01396E-001, 3.70519E+002, 2.30000E-001, 2.63043E+001, 2.63043E+001, 1.16484E-001, 2.88692E+001, 2.51507E+001, 7.94178E-002, 2.75787E+001, 2.50334E+001
 3.15002E+002, 2.58460E+001, 2.75007E+001, 4.07047E+001, 3.01797E+001, 2.50236E+001, 2.59781E+001, 2.64455E+001, 7.95424E+001, 5.97471E+001, 5.60154E+001, 5.74168E+001, 5.85073E+001, 1.87686E+002, 1.45712E+002, 1.11657E+002, 9.06434E+001, 7.00211E+001, 3.33232E+001, 2.88778E+001, 2.84211E+001, 2.83380E+001, 2.85785E+001, 2.56193E+001, 2.57182E+001, 2.58460E+001, 2.59430E+001, 2.61605E+001, 2.55518E+001, 2.56663E+001, 2.58049E+001, 2.59058E+001, 2.61281E+001, 2.54959E+001, 2.56392E+001, 2.57725E+001, 2.58732E+001, 2.61036E+001, 3.22549E+002, 1.81929E+002, 3.78850E-002, 2.01330E-001, 3.70687E+002, 2.30000E-001, 2.63069E+001, 2.63069E+001, 1.16016E-001, 2.88823E+001, 2.51521E+001, 7.94630E-002, 2.73460E+001, 2.50333E+001
 3.16002E+002, 2.58425E+001, 2.75296E+001, 4.05215E+001, 3.00717E+001, 2.50236E+001, 2.67184E+001, 2.69709E+001, 7.85094E+001, 6.13246E+001, 5.60297E+001, 5.67715E+001, 5.96252E+001, 1.88831E+002, 1.44613E+002, 1.09472E+002, 8.89964E+001, 6.71063E+001, 3.35892E+001, 2.85703E+001, 2.86793E+001, 2.86785E+001, 2.84437E+001, 2.56089E+001, 2.57075E+001, 2.58425E+001, 2.59446E+001, 2.61654E+001, 2.55451E+001, 2.56588E+001, 2.58005E+001, 2.59029E+001, 2.61282E+001, 2.54903E+001, 2.56332E+001, 2.57683E+001, 2.58703E+001, 2.61022E+001, 3.22971E+002, 1.83296E+002, 3.78877E-002, 2.01298E-001, 3.70937E+002, 2.30000E-001, 2.63004E+001, 2.63004E+001, 1.13641E-001, 2.88232E+001, 2.51533E+001, 8.27987E-002, 2.73093E+001, 2.50333E+001
 3.17002E+002, 2.58454E+001, 2.75899E+001, 4.13888E+001, 3.00286E+001, 2.50234E+001, 2.65633E+001, 2.68353E+001, 7.98286E+001, 6.07434E+001, 5.72871E+001, 5.90514E+001, 6.15154E+001, 1.87907E+002, 1.45797E+002, 1.09540E+002, 8.82212E+001, 6.76925E+001, 3.32944E+001, 2.88975E+001, 2.92610E+001, 2.93624E+001, 2.94490E+001, 2.56032E+001, 2.57030E+001, 2.58454E+001, 2.59530E+001, 2.61761E+001, 2.55410E+001, 2.56564E+001, 2.58000E+001, 2.59041E+001, 2.61388E+001, 2.54879E+001, 2.56322E+001, 2.57680E+001, 2.58724E+001, 2.61139E+001, 3.22495E+002, 1.81858E+002, 3.78863E-002, 2.01348E-001, 3.71218E+002, 2.30000E-001, 2.62943E+001, 2.62943E+001, 1.14553E-001, 2.87581E+001, 2.51539E+001, 7.89380E-002, 2.75508E+001, 2.50333E+001
 3.18000E+002, 2.58461E+001, 2.76302E+001, 4.10986E+001, 3.01974E+001, 2.50233E+001, 2.58993E+001, 2.65681E+001, 7.96562E+001, 6.15429E+001, 5.67466E+001, 5.76847E+001, 6.11923E+001, 1.87571E+002, 1.42902E+002, 1.07137E+002, 8.58816E+001, 6.45944E+001, 3.34943E+001, 2.94120E+001, 2.97290E+001, 2.89041E+001, 2.90688E+001, 2.56015E+001, 2.57062E+001, 2.58461E+001, 2.59467E+001, 2.61907E+001, 2.55408E+001, 2.56585E+001, 2.58033E+001, 2.59092E+001, 2.61565E+001, 2.54884E+001, 2.56354E+001, 2.57731E+001, 2.58803E+001, 2.61302E+001, 3.23117E+002, 1.82025E+002, 3.78861E-002, 2.01366E-001, 3.71542E+002, 2.30000E-001, 2.62918E+001, 2.62918E+001, 1.16326E-001, 2.88256E+001, 2.51540E+001, 7.72157E-002, 2.74184E+001, 2.50330E+001
 3.19001E+002, 2.58542E+001, 2.76392E+001, 4.09755E+001, 3.05181E+001, 2.50234E+001, 2.55751E+001, 2.68562E+001, 8.04738E+001, 6.04390E+001, 5.77071E+001, 5.88939E+001, 6.00924E+001, 1.86945E+002, 1.43658E+002, 1.08081E+002, 8.64574E+001, 6.82689E+001, 3.38321E+001, 2.92568E+001, 2.87790E+001, 2.94653E+001, 2.83705E+001, 2.56057E+001, 2.57091E+001, 2.58542E+001, 2.59734E+001, 2.62065E+001, 2.55431E+001, 2.56637E+001, 2.58092E+001, 2.59178E+001, 2.61661E+001, 2.54915E+001, 2.56390E+001, 2.57784E+001, 2.58871E+001, 2.61375E+001, 3.23172E+002, 1.81263E+002, 3.78825E-002, 2.01315E-001, 3.71914E+002, 2.30000E-001, 2.62887E+001, 2.62887E+001, 1.16373E-001, 2.89188E+001, 2.51538E+001, 8.00928E-002, 2.74673E+001, 2.50332E+001
 3.20002E+002, 2.58507E+001, 2.76782E+001, 4.13695E+001, 3.05768E+001, 2.50236E+001, 2.54432E+001, 2.70831E+001, 8.02134E+001, 6.28407E+001, 5.75317E+001, 5.79725E+001, 6.01043E+001, 1.89289E+002, 1.44297E+002, 1.10042E+002, 8.91440E+001, 6.77686E+001, 3.33621E+001, 2.88980E+001, 2.93805E+001, 2.90858E+001, 2.96711E+001, 2.56094E+001, 2.57089E+001, 2.58507E+001, 2.59631E+001, 2.62097E+001, 2.55454E+001, 2.56622E+001, 2.58079E+001, 2.59171E+001, 2.61615E+001, 2.54922E+001, 2.56369E+001, 2.57769E+001, 2.58846E+001, 2.61248E+001, 3.23602E+002, 1.81485E+002, 3.78799E-002, 2.01276E-001, 3.72335E+002, 2.30000E-001, 2.62994E+001, 2.62994E+001, 1.15305E-001, 2.89013E+001, 2.51537E+001, 8.00568E-002, 2.73927E+001, 2.50334E+001
 3.21001E+002, 2.58528E+001, 2.76911E+001, 4.18067E+001, 3.06957E+001, 2.50239E+001, 2.53522E+001, 2.68620E+001, 8.05525E+001, 6.10556E+001, 5.84247E+001, 6.01197E+001, 6.10120E+001, 1.87415E+002, 1.42632E+002, 1.06145E+002, 8.57189E+001, 6.62667E+001, 3.38630E+001, 2.91733E+001, 2.97181E+001, 3.00022E+001, 2.86672E+001, 2.56058E+001, 2.57022E+001, 2.58528E+001, 2.59649E+001, 2.61720E+001, 2.55429E+001, 2.56552E+001, 2.58024E+001, 2.59110E+001, 2.61407E+001, 2.54888E+001, 2.56313E+001, 2.57717E+001, 2.58778E+001, 2.61078E+001, 3.23202E+002, 1.82337E+002, 3.78803E-002, 2.01294E-001, 3.72770E+002, 2.30000E-001, 2.62975E+001, 2.62975E+001, 1.16743E-001, 2.89132E+001, 2.51538E+001, 7.69002E-002, 2.73274E+001, 2.50336E+001
 3.22001E+002, 2.58388E+001, 2.77318E+001, 4.09487E+001, 3.09933E+001, 2.50246E+001, 2.55477E+001, 2.68559E+001, 7.95575E+001, 6.21463E+001, 5.73229E+001, 5.89759E+001, 6.28415E+001, 1.88578E+002, 1.44139E+002, 1.07046E+002, 8.52804E+001, 6.54856E+001, 3.37294E+001, 2.92063E+001, 2.91890E+001, 2.96635E+001, 2.89006E+001, 2.56035E+001, 2.56949E+001, 2.58388E+001, 2.59622E+001, 2.61724E+001, 2.55387E+001, 2.56495E+001, 2.57982E+001, 2.59060E+001, 2.61329E+001, 2.54852E+001, 2.56279E+001, 2.57691E+001, 2.58740E+001, 2.61060E+001, 3.23123E+002, 1.82335E+002, 3.78933E-002, 2.01244E-001, 3.73249E+002, 2.30000E-001, 2.63014E+001, 2.63014E+001, 1.17719E-001, 2.89420E+001, 2.51540E+001, 7.58171E-002, 2.76344E+001, 2.50341E+001
 3.23001E+002, 2.58348E+001, 2.78853E+001, 4.11894E+001, 3.03566E+001, 2.50254E+001, 2.60776E+001, 2.69455E+001, 8.09181E+001, 6.17342E+001, 5.89567E+001, 5.98760E+001, 6.19127E+001, 1.85529E+002, 1.41890E+002, 1.06369E+002, 8.54698E+001, 6.72099E+001, 3.31050E+001, 2.92506E+001, 2.87951E+001, 2.90187E+001, 2.99113E+001, 2.55996E+001, 2.56905E+001, 2.58348E+001, 2.59497E+001, 2.62103E+001, 2.55377E+001, 2.56470E+001, 2.57976E+001, 2.59045E+001, 2.61404E+001, 2.54854E+001, 2.56289E+001, 2.57705E+001, 2.58740E+001, 2.61118E+001, 3.22580E+002, 1.79767E+002, 3.78951E-002, 2.01144E-001, 3.73803E+002, 2.30000E-001, 2.63027E+001, 2.63027E+001, 1.15289E-001, 2.88337E+001, 2.51545E+001, 7.56338E-002, 2.74199E+001, 2.50347E+001
 3.24002E+002, 2.58651E+001, 2.77045E+001, 4.13943E+001, 3.09338E+001, 2.50259E+001, 2.59843E+001, 2.71470E+001, 8.02422E+001, 6.24648E+001, 5.79747E+001, 6.02299E+001, 6.32583E+001, 1.88381E+002, 1.39415E+002, 1.04931E+002, 8.21915E+001, 6.26788E+001, 3.37095E+001, 2.98087E+001, 3.00190E+001, 3.02982E+001, 3.08585E+001, 2.56014E+001, 2.56983E+001, 2.58651E+001, 2.59763E+001, 2.61919E+001, 2.55403E+001, 2.56533E+001, 2.58043E+001, 2.59091E+001, 2.61390E+001, 2.54903E+001, 2.56358E+001, 2.57757E+001, 2.58783E+001, 2.61116E+001, 3.27051E+002, 1.80920E+002, 3.78722E-002, 2.01114E-001, 3.74328E+002, 2.30000E-001, 2.62979E+001, 2.62979E+001, 1.16969E-001, 2.89623E+001, 2.51549E+001, 7.80415E-002, 2.72480E+001, 2.50349E+001
 3.25000E+002, 2.58616E+001, 2.76435E+001, 4.11857E+001, 3.00868E+001, 2.50262E+001, 2.55185E+001, 2.73265E+001, 8.00938E+001, 6.16886E+001, 5.91155E+001, 6.04240E+001, 6.20369E+001, 1.87984E+002, 1.42857E+002, 1.07996E+002, 8.68694E+001, 6.40252E+001, 3.37000E+001, 2.90137E+001, 2.98723E+001, 3.03284E+001, 3.08615E+001, 2.56080E+001, 2.57072E+001, 2.58616E+001, 2.59846E+001, 2.62938E+001, 2.55468E+001, 2.56621E+001, 2.58124E+001, 2.59171E+001, 2.61518E+001, 2.54980E+001, 2.56471E+001, 2.57841E+001, 2.58859E+001, 2.61180E+001, 3.24578E+002, 1.81273E+002, 3.78875E-002, 2.01102E-001, 3.74901E+002, 2.30000E-001, 2.63036E+001, 2.63036E+001, 1.14270E-001, 2.88228E+001, 2.51554E+001, 8.21022E-002, 2.71418E+001, 2.50349E+001
 3.26002E+002, 2.58627E+001, 2.76930E+001, 4.05972E+001, 2.97874E+001, 2.50266E+001, 2.55188E+001, 2.75525E+001, 8.05240E+001, 6.25176E+001, 5.88817E+001, 6.11370E+001, 6.38128E+001, 1.84548E+002, 1.38377E+002, 1.03075E+002, 8.19711E+001, 6.31526E+001, 3.34362E+001, 2.93287E+001, 2.98161E+001, 2.92021E+001, 2.96890E+001, 2.56115E+001, 2.57170E+001, 2.58627E+001, 2.59647E+001, 2.62399E+001, 2.55542E+001, 2.56718E+001, 2.58193E+001, 2.59215E+001, 2.61550E+001, 2.55051E+001, 2.56561E+001, 2.57917E+001, 2.58919E+001, 2.61237E+001, 3.23264E+002, 1.81618E+002, 3.78895E-002, 2.01088E-001, 3.75471E+002, 2.30000E-001, 2.63058E+001, 2.63058E+001, 1.12788E-001, 2.87674E+001, 2.51559E+001, 8.12592E-002, 2.72763E+001, 2.50351E+001
 3.27002E+002, 2.58888E+001, 2.76234E+001, 4.09524E+001, 3.05262E+001, 2.50268E+001, 2.62293E+001, 2.71054E+001, 7.99573E+001, 6.12492E+001, 5.77883E+001, 5.90542E+001, 6.18245E+001, 1.84540E+002, 1.39866E+002, 1.04089E+002, 8.35742E+001, 6.17268E+001, 3.43825E+001, 2.94161E+001, 3.01208E+001, 3.05578E+001, 2.92598E+001, 2.56206E+001, 2.57312E+001, 2.58888E+001, 2.59885E+001, 2.62307E+001, 2.55588E+001, 2.56840E+001, 2.58280E+001, 2.59279E+001, 2.61640E+001, 2.55098E+001, 2.56621E+001, 2.57963E+001, 2.58955E+001, 2.61313E+001, 3.23700E+002, 1.80678E+002, 3.78987E-002, 2.01084E-001, 3.75931E+002, 2.30000E-001, 2.63045E+001, 2.63045E+001, 1.14615E-001, 2.88929E+001, 2.51564E+001, 8.21181E-002, 2.75841E+001, 2.50351E+001
 3.28001E+002, 2.58858E+001, 2.77214E+001, 4.09993E+001, 3.03342E+001, 2.50270E+001, 2.63068E+001, 2.70713E+001, 8.01076E+001, 6.12258E+001, 5.77924E+001, 5.93315E+001, 6.18139E+001, 1.85839E+002, 1.40066E+002, 1.06058E+002, 8.51154E+001, 6.57132E+001, 3.38892E+001, 2.93061E+001, 2.92284E+001, 3.09602E+001, 3.04247E+001, 2.56231E+001, 2.57296E+001, 2.58858E+001, 2.60206E+001, 2.62970E+001, 2.55603E+001, 2.56844E+001, 2.58279E+001, 2.59314E+001, 2.61736E+001, 2.55094E+001, 2.56612E+001, 2.57960E+001, 2.58962E+001, 2.61372E+001, 3.23526E+002, 1.81131E+002, 3.78864E-002, 2.01103E-001, 3.76431E+002, 2.30000E-001, 2.63033E+001, 2.63033E+001, 1.13114E-001, 2.87592E+001, 2.51568E+001, 7.37902E-002, 2.74688E+001, 2.50351E+001
 3.29001E+002, 2.58670E+001, 2.80382E+001, 4.08012E+001, 3.02358E+001, 2.50270E+001, 2.59600E+001, 2.72219E+001, 7.85906E+001, 6.20909E+001, 5.88031E+001, 5.94997E+001, 6.08603E+001, 1.86528E+002, 1.39290E+002, 1.03335E+002, 8.33476E+001, 6.32150E+001, 3.35277E+001, 2.88659E+001, 2.93540E+001, 2.96148E+001, 2.95889E+001, 2.56166E+001, 2.57226E+001, 2.58670E+001, 2.59739E+001, 2.62103E+001, 2.55567E+001, 2.56789E+001, 2.58227E+001, 2.59259E+001, 2.61599E+001, 2.55035E+001, 2.56550E+001, 2.57923E+001, 2.58947E+001, 2.61334E+001, 3.24080E+002, 1.80037E+002, 3.78908E-002, 2.01157E-001, 3.76854E+002, 2.30000E-001, 2.63079E+001, 2.63079E+001, 1.14302E-001, 2.87657E+001, 2.51571E+001, 7.18226E-002, 2.76664E+001, 2.50353E+001
 3.30002E+002, 2.58695E+001, 2.76661E+001, 4.17482E+001, 3.02752E+001, 2.50270E+001, 2.57741E+001, 2.69722E+001, 7.94992E+001, 5.97317E+001, 5.79772E+001, 6.07494E+001, 6.17332E+001, 1.86446E+002, 1.40320E+002, 1.03285E+002, 8.25344E+001, 6.27286E+001, 3.43490E+001, 2.93333E+001, 2.97259E+001, 3.02631E+001, 3.03497E+001, 2.56129E+001, 2.57176E+001, 2.58695E+001, 2.59873E+001, 2.62518E+001, 2.55510E+001, 2.56726E+001, 2.58197E+001, 2.59246E+001, 2.61590E+001, 2.54972E+001, 2.56481E+001, 2.57888E+001, 2.58924E+001, 2.61260E+001, 3.23384E+002, 1.82171E+002, 3.78885E-002, 2.01169E-001, 3.77266E+002, 2.30000E-001, 2.63050E+001, 2.63050E+001, 1.14408E-001, 2.87947E+001, 2.51572E+001, 7.94653E-002, 2.76204E+001, 2.50355E+001
 3.31000E+002, 2.58565E+001, 2.76899E+001, 4.03094E+001, 3.07551E+001, 2.50271E+001, 2.55468E+001, 2.71818E+001, 7.94068E+001, 6.19901E+001, 5.78964E+001, 5.92476E+001, 6.30978E+001, 1.87041E+002, 1.42470E+002, 1.06176E+002, 8.49286E+001, 6.46590E+001, 3.35377E+001, 2.91635E+001, 2.92130E+001, 2.94678E+001, 2.98956E+001, 2.56103E+001, 2.57111E+001, 2.58565E+001, 2.59753E+001, 2.62095E+001, 2.55467E+001, 2.56665E+001, 2.58148E+001, 2.59212E+001, 2.61482E+001, 2.54925E+001, 2.56415E+001, 2.57849E+001, 2.58894E+001, 2.61219E+001, 3.25796E+002, 1.83240E+002, 3.78946E-002, 2.01164E-001, 3.77841E+002, 2.30000E-001, 2.63068E+001, 2.63068E+001, 1.15878E-001, 2.89452E+001, 2.51576E+001, 8.29027E-002, 2.76982E+001, 2.50360E+001
 3.32000E+002, 2.58646E+001, 2.76177E+001, 4.14179E+001, 3.01840E+001, 2.50272E+001, 2.55267E+001, 2.73876E+001, 7.89915E+001, 6.03283E+001, 5.94207E+001, 6.12246E+001, 6.21962E+001, 1.83666E+002, 1.38301E+002, 1.02441E+002, 8.12489E+001, 6.26831E+001, 3.33124E+001, 2.91900E+001, 2.91705E+001, 2.98292E+001, 2.98021E+001, 2.56019E+001, 2.57064E+001, 2.58646E+001, 2.59784E+001, 2.62032E+001, 2.55436E+001, 2.56625E+001, 2.58154E+001, 2.59216E+001, 2.61491E+001, 2.54890E+001, 2.56361E+001, 2.57829E+001, 2.58883E+001, 2.61217E+001, 3.23149E+002, 1.79379E+002, 3.78886E-002, 2.01220E-001, 3.78475E+002, 2.30000E-001, 2.63000E+001, 2.63000E+001, 1.16000E-001, 2.88998E+001, 2.51582E+001, 7.62925E-002, 2.75358E+001, 2.50366E+001
 3.33001E+002, 2.58688E+001, 2.76625E+001, 4.09285E+001, 3.02773E+001, 2.50271E+001, 2.58802E+001, 2.68961E+001, 7.92624E+001, 6.16231E+001, 5.77325E+001, 6.01793E+001, 6.34570E+001, 1.88678E+002, 1.40445E+002, 1.04461E+002, 8.20714E+001, 6.20977E+001, 3.35113E+001, 2.96522E+001, 2.95229E+001, 2.94277E+001, 3.09027E+001, 2.56007E+001, 2.57043E+001, 2.58688E+001, 2.59798E+001, 2.62528E+001, 2.55401E+001, 2.56576E+001, 2.58170E+001, 2.59244E+001, 2.61643E+001, 2.54855E+001, 2.56326E+001, 2.57837E+001, 2.58911E+001, 2.61351E+001, 3.27016E+002, 1.79682E+002, 3.78850E-002, 2.01247E-001, 3.78990E+002, 2.30000E-001, 2.63041E+001, 2.63041E+001, 1.16354E-001, 2.88444E+001, 2.51587E+001, 7.54922E-002, 2.71854E+001, 2.50365E+001
 3.34002E+002, 2.58865E+001, 2.77397E+001, 4.06782E+001, 3.04321E+001, 2.50270E+001, 2.60792E+001, 2.73602E+001, 7.83495E+001, 6.14882E+001, 6.02141E+001, 6.20869E+001, 6.36595E+001, 1.86100E+002, 1.36825E+002, 1.03084E+002, 8.20205E+001, 6.18152E+001, 3.31430E+001, 2.92490E+001, 3.01188E+001, 3.00905E+001, 3.02710E+001, 2.55967E+001, 2.57055E+001, 2.58865E+001, 2.59970E+001, 2.62295E+001, 2.55390E+001, 2.56575E+001, 2.58221E+001, 2.59301E+001, 2.61732E+001, 2.54853E+001, 2.56340E+001, 2.57869E+001, 2.58958E+001, 2.61464E+001, 3.24864E+002, 1.80157E+002, 3.78855E-002, 2.01171E-001, 3.79419E+002, 2.30000E-001, 2.62960E+001, 2.62960E+001, 1.16530E-001, 2.88819E+001, 2.51592E+001, 8.15939E-002, 2.72075E+001, 2.50362E+001
 3.35001E+002, 2.58700E+001, 2.77834E+001, 4.11636E+001, 3.05728E+001, 2.50269E+001, 2.58958E+001, 2.70665E+001, 7.89955E+001, 6.13037E+001, 5.85470E+001, 6.08875E+001, 6.36213E+001, 1.87101E+002, 1.39334E+002, 1.03418E+002, 8.24217E+001, 6.22968E+001, 3.31629E+001, 2.85988E+001, 2.92337E+001, 2.90679E+001, 2.89038E+001, 2.55983E+001, 2.57050E+001, 2.58700E+001, 2.59788E+001, 2.62499E+001, 2.55417E+001, 2.56589E+001, 2.58236E+001, 2.59328E+001, 2.61820E+001, 2.54908E+001, 2.56397E+001, 2.57908E+001, 2.58993E+001, 2.61514E+001, 3.23462E+002, 1.80796E+002, 3.78966E-002, 2.01081E-001, 3.79944E+002, 2.30000E-001, 2.63049E+001, 2.63049E+001, 1.15417E-001, 2.89030E+001, 2.51598E+001, 8.14072E-002, 2.73352E+001, 2.50361E+001
 3.36000E+002, 2.58680E+001, 2.78100E+001, 4.11372E+001, 2.97208E+001, 2.50267E+001, 2.60123E+001, 2.70232E+001, 7.92006E+001, 6.19169E+001, 5.99014E+001, 6.25866E+001, 6.55867E+001, 1.87183E+002, 1.41558E+002, 1.05514E+002, 8.35010E+001, 6.30447E+001, 3.30160E+001, 2.85385E+001, 2.92211E+001, 2.85100E+001, 2.83323E+001, 2.56052E+001, 2.57093E+001, 2.58680E+001, 2.59678E+001, 2.61983E+001, 2.55491E+001, 2.56636E+001, 2.58245E+001, 2.59322E+001, 2.61757E+001, 2.54984E+001, 2.56474E+001, 2.57934E+001, 2.58990E+001, 2.61488E+001, 3.28080E+002, 1.80145E+002, 3.78914E-002, 2.01084E-001, 3.80303E+002, 2.30000E-001, 2.63140E+001, 2.63140E+001, 1.12048E-001, 2.86889E+001, 2.51601E+001, 6.95667E-002, 2.72871E+001, 2.50353E+001
 3.37002E+002, 2.58765E+001, 2.77856E+001, 4.12337E+001, 3.01421E+001, 2.50266E+001, 2.62847E+001, 2.68451E+001, 7.95652E+001, 6.13996E+001, 5.91362E+001, 6.18119E+001, 6.49650E+001, 1.86239E+002, 1.38705E+002, 1.02493E+002, 8.20978E+001, 6.26812E+001, 3.27636E+001, 2.87961E+001, 2.91609E+001, 2.91712E+001, 2.88816E+001, 2.56094E+001, 2.57152E+001, 2.58765E+001, 2.59805E+001, 2.62076E+001, 2.55552E+001, 2.56711E+001, 2.58282E+001, 2.59321E+001, 2.61758E+001, 2.55050E+001, 2.56562E+001, 2.57966E+001, 2.58993E+001, 2.61615E+001, 3.23535E+002, 1.79578E+002, 3.78834E-002, 2.01126E-001, 3.80540E+002, 2.30000E-001, 2.63107E+001, 2.63107E+001, 1.14628E-001, 2.87731E+001, 2.51604E+001, 6.76266E-002, 2.75749E+001, 2.50350E+001
 3.38002E+002, 2.58698E+001, 2.78312E+001, 4.13071E+001, 3.02156E+001, 2.50267E+001, 2.61280E+001, 2.72489E+001, 7.79517E+001, 6.04547E+001, 5.78530E+001, 5.95967E+001, 6.33533E+001, 1.85888E+002, 1.42660E+002, 1.07111E+002, 8.61016E+001, 6.48170E+001, 3.27850E+001, 2.84950E+001, 2.90676E+001, 2.86320E+001, 2.85388E+001, 2.56198E+001, 2.57251E+001, 2.58698E+001, 2.59642E+001, 2.62108E+001, 2.55602E+001, 2.56784E+001, 2.58287E+001, 2.59316E+001, 2.61913E+001, 2.55091E+001, 2.56626E+001, 2.57989E+001, 2.59011E+001, 2.61753E+001, 3.22329E+002, 1.79766E+002, 3.78958E-002, 2.01096E-001, 3.80933E+002, 2.30000E-001, 2.63186E+001, 2.63186E+001, 1.14673E-001, 2.87810E+001, 2.51608E+001, 7.16772E-002, 2.76612E+001, 2.50350E+001
 3.39001E+002, 2.58682E+001, 2.77611E+001, 4.16702E+001, 3.02637E+001, 2.50268E+001, 2.58676E+001, 2.80743E+001, 7.92152E+001, 5.99102E+001, 5.64579E+001, 5.94637E+001, 6.32733E+001, 1.88395E+002, 1.42995E+002, 1.07983E+002, 8.62123E+001, 6.63647E+001, 3.27443E+001, 2.86522E+001, 2.85713E+001, 2.87890E+001, 2.83136E+001, 2.56225E+001, 2.57232E+001, 2.58682E+001, 2.59683E+001, 2.62029E+001, 2.55636E+001, 2.56778E+001, 2.58259E+001, 2.59286E+001, 2.61771E+001, 2.55108E+001, 2.56613E+001, 2.57964E+001, 2.58990E+001, 2.61613E+001, 3.23160E+002, 1.81855E+002, 3.78923E-002, 2.01037E-001, 3.81319E+002, 2.30000E-001, 2.63257E+001, 2.63257E+001, 1.12858E-001, 2.87735E+001, 2.51613E+001, 6.82403E-002, 2.73718E+001, 2.50354E+001
 3.40000E+002, 2.58620E+001, 2.75780E+001, 4.08033E+001, 3.02289E+001, 2.50266E+001, 2.55953E+001, 2.76497E+001, 7.88222E+001, 6.07430E+001, 5.85268E+001, 6.00409E+001, 6.23036E+001, 1.85049E+002, 1.40491E+002, 1.06062E+002, 8.51838E+001, 6.52011E+001, 3.28876E+001, 2.86312E+001, 2.90816E+001, 2.85105E+001, 2.87469E+001, 2.56209E+001, 2.57207E+001, 2.58620E+001, 2.59565E+001, 2.61812E+001, 2.55615E+001, 2.56744E+001, 2.58186E+001, 2.59197E+001, 2.61485E+001, 2.55070E+001, 2.56529E+001, 2.57879E+001, 2.58892E+001, 2.61269E+001, 3.22989E+002, 1.81459E+002, 3.78868E-002, 2.00999E-001, 3.81665E+002, 2.30000E-001, 2.63296E+001, 2.63296E+001, 1.13496E-001, 2.89173E+001, 2.51620E+001, 7.36973E-002, 2.73931E+001, 2.50355E+001
 3.41002E+002, 2.58529E+001, 2.74745E+001, 4.14341E+001, 3.01522E+001, 2.50267E+001, 2.53506E+001, 2.75157E+001, 7.99555E+001, 6.14192E+001, 5.75967E+001, 6.00099E+001, 6.30886E+001, 1.87013E+002, 1.40674E+002, 1.05842E+002, 8.53313E+001, 6.51005E+001, 3.29093E+001, 2.83831E+001, 2.87577E+001, 2.89800E+001, 2.85068E+001, 2.56173E+001, 2.57131E+001, 2.58529E+001, 2.59515E+001, 2.61576E+001, 2.55563E+001, 2.56658E+001, 2.58106E+001, 2.59116E+001, 2.61297E+001, 2.55002E+001, 2.56418E+001, 2.57791E+001, 2.58815E+001, 2.61121E+001, 3.23722E+002, 1.82425E+002, 3.78858E-002, 2.00977E-001, 3.82135E+002, 2.30000E-001, 2.63343E+001, 2.63343E+001, 1.13016E-001, 2.88727E+001, 2.51628E+001, 7.97631E-002, 2.74585E+001, 2.50355E+001
 3.42001E+002, 2.58421E+001, 2.75232E+001, 4.17952E+001, 3.01970E+001, 2.50271E+001, 2.53529E+001, 2.75242E+001, 7.93930E+001, 6.11169E+001, 5.92404E+001, 6.17380E+001, 6.46885E+001, 1.84265E+002, 1.40883E+002, 1.05351E+002, 8.48256E+001, 6.30127E+001, 3.34508E+001, 2.84565E+001, 2.85829E+001, 2.83416E+001, 2.81163E+001, 2.56103E+001, 2.57021E+001, 2.58421E+001, 2.59438E+001, 2.61607E+001, 2.55513E+001, 2.56581E+001, 2.58053E+001, 2.59103E+001, 2.61383E+001, 2.54971E+001, 2.56371E+001, 2.57765E+001, 2.58824E+001, 2.61221E+001, 3.23527E+002, 1.82930E+002, 3.78874E-002, 2.00984E-001, 3.82603E+002, 2.30000E-001, 2.63272E+001, 2.63272E+001, 1.14266E-001, 2.88907E+001, 2.51635E+001, 8.17166E-002, 2.74298E+001, 2.50362E+001
 3.43002E+002, 2.58482E+001, 2.76092E+001, 4.11169E+001, 3.01652E+001, 2.50276E+001, 2.53751E+001, 2.74070E+001, 8.10704E+001, 6.18433E+001, 5.84695E+001, 6.07639E+001, 6.32902E+001, 1.84968E+002, 1.37065E+002, 1.01395E+002, 8.05418E+001, 6.31727E+001, 3.34276E+001, 2.86724E+001, 2.87152E+001, 2.87847E+001, 2.84611E+001, 2.56111E+001, 2.57043E+001, 2.58482E+001, 2.59561E+001, 2.61823E+001, 2.55521E+001, 2.56598E+001, 2.58102E+001, 2.59180E+001, 2.61554E+001, 2.55000E+001, 2.56422E+001, 2.57822E+001, 2.58900E+001, 2.61363E+001, 3.24191E+002, 1.79723E+002, 3.78847E-002, 2.01044E-001, 3.83042E+002, 2.30000E-001, 2.63269E+001, 2.63269E+001, 1.15454E-001, 2.88049E+001, 2.51638E+001, 8.02805E-002, 2.72213E+001, 2.50368E+001
 3.44000E+002, 2.58562E+001, 2.76620E+001, 4.22536E+001, 3.04739E+001, 2.50280E+001, 2.55919E+001, 2.72591E+001, 7.90078E+001, 6.14858E+001, 5.91271E+001, 6.07437E+001, 6.35237E+001, 1.83351E+002, 1.37762E+002, 1.02128E+002, 8.22055E+001, 6.32562E+001, 3.39263E+001, 2.87204E+001, 2.87213E+001, 2.91259E+001, 2.85136E+001, 2.56174E+001, 2.57115E+001, 2.58562E+001, 2.59682E+001, 2.61910E+001, 2.55571E+001, 2.56677E+001, 2.58176E+001, 2.59261E+001, 2.61650E+001, 2.55052E+001, 2.56489E+001, 2.57888E+001, 2.58955E+001, 2.61413E+001, 3.24005E+002, 1.81159E+002, 3.78794E-002, 2.00967E-001, 3.83474E+002, 2.30000E-001, 2.63285E+001, 2.63285E+001, 1.15582E-001, 2.88218E+001, 2.51637E+001, 8.49542E-002, 2.74583E+001, 2.50367E+001
 3.45000E+002, 2.58588E+001, 2.77547E+001, 4.16450E+001, 3.03987E+001, 2.50282E+001, 2.58473E+001, 2.64619E+001, 8.04546E+001, 6.09540E+001, 5.76371E+001, 5.97217E+001, 6.22482E+001, 1.86667E+002, 1.38456E+002, 1.03165E+002, 8.10677E+001, 6.18202E+001, 3.42330E+001, 2.93824E+001, 2.87205E+001, 2.88115E+001, 2.85207E+001, 2.56239E+001, 2.57158E+001, 2.58588E+001, 2.59654E+001, 2.62099E+001, 2.55609E+001, 2.56715E+001, 2.58205E+001, 2.59292E+001, 2.61745E+001, 2.55090E+001, 2.56525E+001, 2.57914E+001, 2.58970E+001, 2.61479E+001, 3.24964E+002, 1.80287E+002, 3.78908E-002, 2.00942E-001, 3.83927E+002, 2.30000E-001, 2.63349E+001, 2.63349E+001, 1.15954E-001, 2.88678E+001, 2.51637E+001, 7.83713E-002, 2.74169E+001, 2.50364E+001
 3.46001E+002, 2.58610E+001, 2.77301E+001, 4.13654E+001, 3.05093E+001, 2.50284E+001, 2.62553E+001, 2.64680E+001, 7.85466E+001, 6.15898E+001, 5.86840E+001, 5.99866E+001, 6.18149E+001, 1.86815E+002, 1.39378E+002, 1.03679E+002, 8.23654E+001, 6.38574E+001, 3.40354E+001, 2.92483E+001, 2.93170E+001, 2.88814E+001, 3.06671E+001, 2.56268E+001, 2.57185E+001, 2.58610E+001, 2.59745E+001, 2.62516E+001, 2.55638E+001, 2.56729E+001, 2.58210E+001, 2.59279E+001, 2.61800E+001, 2.55106E+001, 2.56531E+001, 2.57911E+001, 2.58964E+001, 2.61529E+001, 3.23804E+002, 1.80573E+002, 3.78806E-002, 2.00928E-001, 3.84405E+002, 2.30000E-001, 2.63335E+001, 2.63335E+001, 1.17250E-001, 2.89837E+001, 2.51637E+001, 6.85196E-002, 2.73594E+001, 2.50359E+001
 3.47001E+002, 2.58641E+001, 2.76793E+001, 4.15079E+001, 3.05903E+001, 2.50285E+001, 2.72336E+001, 2.75037E+001, 7.88083E+001, 5.99944E+001, 5.82824E+001, 6.08667E+001, 6.27400E+001, 1.86422E+002, 1.38945E+002, 1.01851E+002, 8.08036E+001, 6.19482E+001, 3.40886E+001, 2.92177E+001, 2.93769E+001, 2.91561E+001, 2.94571E+001, 2.56260E+001, 2.57198E+001, 2.58641E+001, 2.59769E+001, 2.62155E+001, 2.55644E+001, 2.56745E+001, 2.58220E+001, 2.59275E+001, 2.61746E+001, 2.55102E+001, 2.56514E+001, 2.57898E+001, 2.58954E+001, 2.61511E+001, 3.24175E+002, 1.82506E+002, 3.78977E-002, 2.00849E-001, 3.84935E+002, 2.30000E-001, 2.63399E+001, 2.63399E+001, 1.13912E-001, 2.88917E+001, 2.51641E+001, 7.08750E-002, 2.73919E+001, 2.50362E+001
 3.48000E+002, 2.58730E+001, 2.77779E+001, 4.10344E+001, 3.06467E+001, 2.50280E+001, 2.68429E+001, 2.64963E+001, 7.85820E+001, 6.01136E+001, 5.69388E+001, 5.89844E+001, 6.31454E+001, 1.86450E+002, 1.42567E+002, 1.06370E+002, 8.53472E+001, 6.28201E+001, 3.42512E+001, 2.91952E+001, 2.96628E+001, 2.97125E+001, 2.93708E+001, 2.56282E+001, 2.57208E+001, 2.58730E+001, 2.59739E+001, 2.62220E+001, 2.55617E+001, 2.56735E+001, 2.58201E+001, 2.59266E+001, 2.61750E+001, 2.55056E+001, 2.56480E+001, 2.57892E+001, 2.58963E+001, 2.61546E+001, 3.23598E+002, 1.80786E+002, 3.79080E-002, 2.00832E-001, 3.85440E+002, 2.30000E-001, 2.63453E+001, 2.63453E+001, 1.14601E-001, 2.89129E+001, 2.51647E+001, 7.72545E-002, 2.72907E+001, 2.50365E+001
 3.49001E+002, 2.58775E+001, 2.77406E+001, 4.05158E+001, 3.01953E+001, 2.50276E+001, 2.57303E+001, 2.72390E+001, 7.86545E+001, 6.06734E+001, 5.81871E+001, 5.91332E+001, 6.16750E+001, 1.87396E+002, 1.39138E+002, 1.05061E+002, 8.44975E+001, 6.42876E+001, 3.31651E+001, 2.92485E+001, 2.95578E+001, 3.09867E+001, 2.99993E+001, 2.56183E+001, 2.57163E+001, 2.58775E+001, 2.60039E+001, 2.62719E+001, 2.55564E+001, 2.56691E+001, 2.58223E+001, 2.59319E+001, 2.61823E+001, 2.54986E+001, 2.56437E+001, 2.57906E+001, 2.59005E+001, 2.61540E+001, 3.26278E+002, 1.80124E+002, 3.78818E-002, 2.00860E-001, 3.85940E+002, 2.30000E-001, 2.63316E+001, 2.63316E+001, 1.14979E-001, 2.88620E+001, 2.51652E+001, 7.25815E-002, 2.70623E+001, 2.50367E+001
 3.50001E+002, 2.58727E+001, 2.76362E+001, 4.06120E+001, 3.01714E+001, 2.50273E+001, 2.53547E+001, 2.68201E+001, 7.83468E+001, 6.08209E+001, 5.94197E+001, 6.11549E+001, 6.26830E+001, 1.86683E+002, 1.38973E+002, 1.01951E+002, 8.14473E+001, 6.24390E+001, 3.39817E+001, 2.90916E+001, 2.95648E+001, 2.94641E+001, 2.99249E+001, 2.56111E+001, 2.57128E+001, 2.58727E+001, 2.59982E+001, 2.62684E+001, 2.55511E+001, 2.56679E+001, 2.58253E+001, 2.59363E+001, 2.61778E+001, 2.54951E+001, 2.56406E+001, 2.57921E+001, 2.59034E+001, 2.61475E+001, 3.25932E+002, 1.81474E+002, 3.78922E-002, 2.00895E-001, 3.86411E+002, 2.30000E-001, 2.63287E+001, 2.63287E+001, 1.15667E-001, 2.88891E+001, 2.51654E+001, 7.57090E-002, 2.72886E+001, 2.50375E+001
 3.51002E+002, 2.58886E+001, 2.76864E+001, 4.07905E+001, 3.08006E+001, 2.50270E+001, 2.53027E+001, 2.67953E+001, 7.97067E+001, 5.99851E+001, 5.73865E+001, 6.07553E+001, 6.37265E+001, 1.86294E+002, 1.40541E+002, 1.04828E+002, 8.33460E+001, 6.17362E+001, 3.40775E+001, 2.91588E+001, 2.96427E+001, 3.04207E+001, 2.90040E+001, 2.56143E+001, 2.57188E+001, 2.58886E+001, 2.59925E+001, 2.62123E+001, 2.55509E+001, 2.56671E+001, 2.58262E+001, 2.59353E+001, 2.61699E+001, 2.54975E+001, 2.56406E+001, 2.57900E+001, 2.58998E+001, 2.61395E+001, 3.23852E+002, 1.80677E+002, 3.78970E-002, 2.00907E-001, 3.86967E+002, 2.30000E-001, 2.63286E+001, 2.63286E+001, 1.17505E-001, 2.90020E+001, 2.51655E+001, 7.38458E-002, 2.74215E+001, 2.50371E+001
 3.52001E+002, 2.58764E+001, 2.76363E+001, 4.03832E+001, 3.00958E+001, 2.50268E+001, 2.61528E+001, 2.70160E+001, 7.89403E+001, 6.18572E+001, 5.90151E+001, 6.07049E+001, 6.33654E+001, 1.85034E+002, 1.37957E+002, 1.02099E+002, 8.16649E+001, 6.30735E+001, 3.33094E+001, 2.90058E+001, 2.93300E+001, 3.02630E+001, 3.11027E+001, 2.56115E+001, 2.57119E+001, 2.58764E+001, 2.60101E+001, 2.63973E+001, 2.55551E+001, 2.56668E+001, 2.58239E+001, 2.59335E+001, 2.61862E+001, 2.55034E+001, 2.56446E+001, 2.57890E+001, 2.58973E+001, 2.61430E+001, 3.24268E+002, 1.79153E+002, 3.78930E-002, 2.00907E-001, 3.87450E+002, 2.30000E-001, 2.63188E+001, 2.63188E+001, 1.15706E-001, 2.88797E+001, 2.51655E+001, 7.46552E-002, 2.79060E+001, 2.50368E+001
 3.53001E+002, 2.58814E+001, 2.77747E+001, 4.12379E+001, 3.00841E+001, 2.50264E+001, 2.68689E+001, 2.77654E+001, 7.99406E+001, 6.08813E+001, 5.85276E+001, 6.05597E+001, 6.32342E+001, 1.83107E+002, 1.36951E+002, 1.00579E+002, 7.93296E+001, 6.03640E+001, 3.40069E+001, 2.95445E+001, 2.98288E+001, 2.97985E+001, 2.99871E+001, 2.56175E+001, 2.57200E+001, 2.58814E+001, 2.59903E+001, 2.62508E+001, 2.55604E+001, 2.56758E+001, 2.58259E+001, 2.59330E+001, 2.61829E+001, 2.55101E+001, 2.56539E+001, 2.57926E+001, 2.58998E+001, 2.61511E+001, 3.28096E+002, 1.79122E+002, 3.78931E-002, 2.00954E-001, 3.87803E+002, 2.30000E-001, 2.63174E+001, 2.63174E+001, 1.16243E-001, 2.88622E+001, 2.51655E+001, 6.93649E-002, 2.78435E+001, 2.50364E+001
 3.54000E+002, 2.58881E+001, 2.78663E+001, 4.10925E+001, 3.03045E+001, 2.50259E+001, 2.67124E+001, 2.74403E+001, 7.99827E+001, 6.22858E+001, 5.88910E+001, 6.05053E+001, 6.27444E+001, 1.86915E+002, 1.40549E+002, 1.04664E+002, 8.26016E+001, 6.26363E+001, 3.38709E+001, 2.97622E+001, 3.01532E+001, 3.03194E+001, 3.21492E+001, 2.56272E+001, 2.57292E+001, 2.58881E+001, 2.60062E+001, 2.63942E+001, 2.55664E+001, 2.56822E+001, 2.58302E+001, 2.59399E+001, 2.62102E+001, 2.55147E+001, 2.56620E+001, 2.57994E+001, 2.59089E+001, 2.61702E+001, 3.30678E+002, 1.80143E+002, 3.78822E-002, 2.01002E-001, 3.88268E+002, 2.30000E-001, 2.63157E+001, 2.63157E+001, 1.17159E-001, 2.88401E+001, 2.51657E+001, 6.93916E-002, 2.76268E+001, 2.50360E+001
 3.55002E+002, 2.58895E+001, 2.79672E+001, 4.02584E+001, 3.01943E+001, 2.50256E+001, 2.65205E+001, 2.70172E+001, 7.96445E+001, 6.21669E+001, 5.90660E+001, 6.09818E+001, 6.32015E+001, 1.84931E+002, 1.36914E+002, 1.02714E+002, 8.19101E+001, 6.22130E+001, 3.33090E+001, 2.96994E+001, 2.98617E+001, 3.04470E+001, 3.02438E+001, 2.56274E+001, 2.57344E+001, 2.58895E+001, 2.60165E+001, 2.62695E+001, 2.55706E+001, 2.56888E+001, 2.58368E+001, 2.59472E+001, 2.62050E+001, 2.55178E+001, 2.56680E+001, 2.58077E+001, 2.59191E+001, 2.61824E+001, 3.23951E+002, 1.78729E+002, 3.78754E-002, 2.00984E-001, 3.88826E+002, 2.30000E-001, 2.63233E+001, 2.63233E+001, 1.16857E-001, 2.88140E+001, 2.51661E+001, 6.84386E-002, 2.74219E+001, 2.50355E+001
 3.56001E+002, 2.59038E+001, 2.78362E+001, 4.07008E+001, 3.02534E+001, 2.50254E+001, 2.59174E+001, 2.73056E+001, 7.94024E+001, 6.21328E+001, 5.94623E+001, 6.07335E+001, 6.29897E+001, 1.86743E+002, 1.37180E+002, 1.01855E+002, 8.07299E+001, 6.01092E+001, 3.39842E+001, 2.94564E+001, 3.04798E+001, 3.02492E+001, 3.04963E+001, 2.56308E+001, 2.57417E+001, 2.59038E+001, 2.60209E+001, 2.63474E+001, 2.55729E+001, 2.56948E+001, 2.58444E+001, 2.59561E+001, 2.62177E+001, 2.55180E+001, 2.56701E+001, 2.58132E+001, 2.59246E+001, 2.61934E+001, 3.25938E+002, 1.79395E+002, 3.78950E-002, 2.00938E-001, 3.89257E+002, 2.30000E-001, 2.63308E+001, 2.63308E+001, 1.17002E-001, 2.88733E+001, 2.51668E+001, 6.58602E-002, 2.72642E+001, 2.50358E+001
 3.57002E+002, 2.59165E+001, 2.77956E+001, 4.10149E+001, 2.99845E+001, 2.50252E+001, 2.53824E+001, 2.73800E+001, 7.90161E+001, 6.03796E+001, 5.84899E+001, 6.06663E+001, 6.28238E+001, 1.86580E+002, 1.42420E+002, 1.06347E+002, 8.60388E+001, 6.32137E+001, 3.42062E+001, 2.90864E+001, 3.05621E+001, 3.16312E+001, 3.00877E+001, 2.56317E+001, 2.57409E+001, 2.59165E+001, 2.60490E+001, 2.63068E+001, 2.55687E+001, 2.56905E+001, 2.58442E+001, 2.59574E+001, 2.62086E+001, 2.55118E+001, 2.56607E+001, 2.58088E+001, 2.59213E+001, 2.61840E+001, 3.26020E+002, 1.82193E+002, 3.78948E-002, 2.00878E-001, 3.89676E+002, 2.30000E-001, 2.63297E+001, 2.63297E+001, 1.14802E-001, 2.88106E+001, 2.51676E+001, 7.30880E-002, 2.73094E+001, 2.50363E+001
 3.58000E+002, 2.58832E+001, 2.83914E+001, 4.00364E+001, 3.01056E+001, 2.50254E+001, 2.53686E+001, 2.72663E+001, 7.89998E+001, 5.99977E+001, 5.67545E+001, 5.88398E+001, 6.28122E+001, 1.84828E+002, 1.40164E+002, 1.04820E+002, 8.38174E+001, 6.38030E+001, 3.34068E+001, 2.91546E+001, 2.95134E+001, 2.99302E+001, 2.96636E+001, 2.56221E+001, 2.57273E+001, 2.58832E+001, 2.60012E+001, 2.62389E+001, 2.55613E+001, 2.56778E+001, 2.58326E+001, 2.59460E+001, 2.61871E+001, 2.55047E+001, 2.56481E+001, 2.57986E+001, 2.59119E+001, 2.61722E+001, 3.25522E+002, 1.80107E+002, 3.78939E-002, 2.00819E-001, 3.90285E+002, 2.30000E-001, 2.63338E+001, 2.63338E+001, 1.14160E-001, 2.88623E+001, 2.51682E+001, 7.74617E-002, 2.74657E+001, 2.50367E+001
 3.59002E+002, 2.58805E+001, 2.76833E+001, 4.07724E+001, 3.03348E+001, 2.50257E+001, 2.57396E+001, 2.68052E+001, 7.94110E+001, 6.11115E+001, 5.76455E+001, 5.83653E+001, 6.06595E+001, 1.84559E+002, 1.38020E+002, 1.03673E+002, 8.26478E+001, 6.27098E+001, 3.41402E+001, 2.95222E+001, 2.98015E+001, 3.04912E+001, 2.95489E+001, 2.56181E+001, 2.57199E+001, 2.58805E+001, 2.60065E+001, 2.62285E+001, 2.55587E+001, 2.56715E+001, 2.58256E+001, 2.59384E+001, 2.61835E+001, 2.55066E+001, 2.56469E+001, 2.57924E+001, 2.59051E+001, 2.61701E+001, 3.24035E+002, 1.79600E+002, 3.78871E-002, 2.00781E-001, 3.90763E+002, 2.30000E-001, 2.63324E+001, 2.63324E+001, 1.14641E-001, 2.89095E+001, 2.51683E+001, 7.95833E-002, 2.73452E+001, 2.50367E+001
 3.60001E+002, 2.58654E+001, 2.76951E+001, 4.06575E+001, 3.07203E+001, 2.50261E+001, 2.60926E+001, 2.66705E+001, 8.05167E+001, 6.10173E+001, 5.78780E+001, 5.89804E+001, 6.01224E+001, 1.86106E+002, 1.40679E+002, 1.05558E+002, 8.50068E+001, 6.62158E+001, 3.41549E+001, 2.90864E+001, 2.90489E+001, 2.89677E+001, 2.93186E+001, 2.56261E+001, 2.57207E+001, 2.58654E+001, 2.59932E+001, 2.62176E+001, 2.55642E+001, 2.56748E+001, 2.58209E+001, 2.59332E+001, 2.61830E+001, 2.55153E+001, 2.56555E+001, 2.57925E+001, 2.59038E+001, 2.61713E+001, 3.23955E+002, 1.80758E+002, 3.78807E-002, 2.00812E-001, 3.91079E+002, 2.30000E-001, 2.63357E+001, 2.63357E+001, 1.16345E-001, 2.89209E+001, 2.51679E+001, 8.35082E-002, 2.77569E+001, 2.50365E+001
 3.61000E+002, 2.58599E+001, 2.76881E+001, 4.04328E+001, 2.98745E+001, 2.50265E+001, 2.59874E+001, 2.67350E+001, 7.98913E+001, 6.22649E+001, 5.77669E+001, 5.82788E+001, 6.05759E+001, 1.86900E+002, 1.42671E+002, 1.07364E+002, 8.64079E+001, 6.45318E+001, 3.38918E+001, 2.86890E+001, 2.90846E+001, 2.89329E+001, 2.93171E+001, 2.56343E+001, 2.57263E+001, 2.58599E+001, 2.59696E+001, 2.62134E+001, 2.55731E+001, 2.56819E+001, 2.58211E+001, 2.59304E+001, 2.61812E+001, 2.55216E+001, 2.56634E+001, 2.57949E+001, 2.59041E+001, 2.61677E+001, 3.24018E+002, 1.79484E+002, 3.78880E-002, 2.00838E-001, 3.91391E+002, 2.30000E-001, 2.63483E+001, 2.63483E+001, 1.14529E-001, 2.87516E+001, 2.51673E+001, 7.76515E-002, 2.75570E+001, 2.50364E+001
 3.62001E+002, 2.58648E+001, 2.76367E+001, 4.13469E+001, 3.02029E+001, 2.50270E+001, 2.63871E+001, 2.68440E+001, 8.02457E+001, 6.05462E+001, 5.74939E+001, 5.94908E+001, 6.11285E+001, 1.85908E+002, 1.41602E+002, 1.05869E+002, 8.49287E+001, 6.47951E+001, 3.41306E+001, 2.90740E+001, 2.94453E+001, 2.90403E+001, 2.89206E+001, 2.56386E+001, 2.57311E+001, 2.58648E+001, 2.59728E+001, 2.62075E+001, 2.55763E+001, 2.56868E+001, 2.58245E+001, 2.59325E+001, 2.61824E+001, 2.55218E+001, 2.56654E+001, 2.57976E+001, 2.59056E+001, 2.61633E+001, 3.23916E+002, 1.80679E+002, 3.78901E-002, 2.00831E-001, 3.91642E+002, 2.30000E-001, 2.63479E+001, 2.63479E+001, 1.16282E-001, 2.89385E+001, 2.51668E+001, 7.46867E-002, 2.72123E+001, 2.50365E+001
 3.63002E+002, 2.58671E+001, 2.76562E+001, 4.11809E+001, 3.00269E+001, 2.50276E+001, 2.59922E+001, 2.68397E+001, 8.06076E+001, 6.24802E+001, 5.72963E+001, 5.80717E+001, 6.00802E+001, 1.87834E+002, 1.44434E+002, 1.09458E+002, 8.85327E+001, 6.68591E+001, 3.39613E+001, 2.86987E+001, 2.90436E+001, 2.88878E+001, 2.86318E+001, 2.56388E+001, 2.57337E+001, 2.58671E+001, 2.59753E+001, 2.62152E+001, 2.55753E+001, 2.56880E+001, 2.58269E+001, 2.59350E+001, 2.61829E+001, 2.55200E+001, 2.56649E+001, 2.57992E+001, 2.59065E+001, 2.61614E+001, 3.23972E+002, 1.81075E+002, 3.78899E-002, 2.00837E-001, 3.91899E+002, 2.30000E-001, 2.63487E+001, 2.63487E+001, 1.15502E-001, 2.89112E+001, 2.51668E+001, 6.97745E-002, 2.71283E+001, 2.50375E+001
 3.64001E+002, 2.58754E+001, 2.76969E+001, 4.11220E+001, 3.04689E+001, 2.50284E+001, 2.59497E+001, 2.71913E+001, 8.10543E+001, 6.14917E+001, 5.77598E+001, 5.95213E+001, 6.17950E+001, 1.86509E+002, 1.42853E+002, 1.06545E+002, 8.55429E+001, 6.54683E+001, 3.36899E+001, 2.90941E+001, 2.95569E+001, 2.95968E+001, 2.92860E+001, 2.56344E+001, 2.57313E+001, 2.58754E+001, 2.59862E+001, 2.62160E+001, 2.55740E+001, 2.56859E+001, 2.58275E+001, 2.59357E+001, 2.61808E+001, 2.55183E+001, 2.56631E+001, 2.57992E+001, 2.59061E+001, 2.61603E+001, 3.23948E+002, 1.79722E+002, 3.78908E-002, 2.00834E-001, 3.92259E+002, 2.30000E-001, 2.63507E+001, 2.63507E+001, 1.15989E-001, 2.89011E+001, 2.51676E+001, 6.84222E-002, 2.76084E+001, 2.50390E+001
 3.65000E+002, 2.58686E+001, 2.77325E+001, 4.10683E+001, 3.06137E+001, 2.50293E+001, 2.64463E+001, 2.74241E+001, 8.04876E+001, 6.24348E+001, 5.75021E+001, 5.84616E+001, 6.24373E+001, 1.87572E+002, 1.43121E+002, 1.06924E+002, 8.57569E+001, 6.53282E+001, 3.38172E+001, 2.92694E+001, 2.95443E+001, 2.94260E+001, 2.83046E+001, 2.56316E+001, 2.57280E+001, 2.58686E+001, 2.59786E+001, 2.62051E+001, 2.55701E+001, 2.56831E+001, 2.58267E+001, 2.59345E+001, 2.61793E+001, 2.55143E+001, 2.56589E+001, 2.57963E+001, 2.59034E+001, 2.61571E+001, 3.24122E+002, 1.82377E+002, 3.78834E-002, 2.00811E-001, 3.92578E+002, 2.30000E-001, 2.63461E+001, 2.63461E+001, 1.15989E-001, 2.88931E+001, 2.51687E+001, 6.44160E-002, 2.75444E+001, 2.50388E+001
 3.66002E+002, 2.58686E+001, 2.76253E+001, 4.09567E+001, 3.02890E+001, 2.50302E+001, 2.59697E+001, 2.70196E+001, 8.19781E+001, 6.19998E+001, 5.86236E+001, 5.97877E+001, 6.10330E+001, 1.85789E+002, 1.42616E+002, 1.07134E+002, 8.63823E+001, 6.79356E+001, 3.33870E+001, 2.89447E+001, 2.90350E+001, 2.91849E+001, 2.95550E+001, 2.56252E+001, 2.57250E+001, 2.58686E+001, 2.59864E+001, 2.62128E+001, 2.55653E+001, 2.56805E+001, 2.58250E+001, 2.59334E+001, 2.61681E+001, 2.55095E+001, 2.56557E+001, 2.57945E+001, 2.59017E+001, 2.61465E+001, 3.23793E+002, 1.79643E+002, 3.78888E-002, 2.00781E-001, 3.92893E+002, 2.30000E-001, 2.63450E+001, 2.63450E+001, 1.14347E-001, 2.88286E+001, 2.51693E+001, 6.96373E-002, 2.76238E+001, 2.50388E+001
 3.67002E+002, 2.58813E+001, 2.74880E+001, 4.00496E+001, 3.01990E+001, 2.50310E+001, 2.59650E+001, 2.65771E+001, 8.17764E+001, 6.38877E+001, 5.86196E+001, 5.96822E+001, 6.28185E+001, 1.87254E+002, 1.41142E+002, 1.05719E+002, 8.43324E+001, 6.48234E+001, 3.35155E+001, 2.95263E+001, 2.99921E+001, 3.01808E+001, 2.87839E+001, 2.56204E+001, 2.57251E+001, 2.58813E+001, 2.59995E+001, 2.61869E+001, 2.55636E+001, 2.56813E+001, 2.58278E+001, 2.59365E+001, 2.61602E+001, 2.55094E+001, 2.56579E+001, 2.57968E+001, 2.59041E+001, 2.61403E+001, 3.24126E+002, 1.79219E+002, 3.78875E-002, 2.00740E-001, 3.93281E+002, 2.30000E-001, 2.63395E+001, 2.63395E+001, 1.14545E-001, 2.89005E+001, 2.51693E+001, 7.35744E-002, 2.78872E+001, 2.50397E+001
 3.68002E+002, 2.58730E+001, 2.76085E+001, 4.04715E+001, 3.02463E+001, 2.50317E+001, 2.67091E+001, 2.65857E+001, 8.21167E+001, 6.32537E+001, 6.00117E+001, 6.16905E+001, 6.22680E+001, 1.84677E+002, 1.40808E+002, 1.05322E+002, 8.43713E+001, 6.55938E+001, 3.33212E+001, 2.92575E+001, 2.91009E+001, 2.89952E+001, 2.87891E+001, 2.56244E+001, 2.57322E+001, 2.58730E+001, 2.59880E+001, 2.62082E+001, 2.55667E+001, 2.56876E+001, 2.58336E+001, 2.59426E+001, 2.61696E+001, 2.55140E+001, 2.56660E+001, 2.58041E+001, 2.59123E+001, 2.61503E+001, 3.24078E+002, 1.79741E+002, 3.78810E-002, 2.00692E-001, 3.93730E+002, 2.30000E-001, 2.63342E+001, 2.63342E+001, 1.15348E-001, 2.89719E+001, 2.51692E+001, 6.91073E-002, 2.78283E+001, 2.50407E+001
 3.69001E+002, 2.59193E+001, 2.75528E+001, 4.10678E+001, 3.02555E+001, 2.50321E+001, 2.71754E+001, 2.66066E+001, 8.25932E+001, 6.48215E+001, 6.02541E+001, 6.16072E+001, 6.37626E+001, 1.86278E+002, 1.37471E+002, 1.03479E+002, 8.15591E+001, 6.18003E+001, 3.35998E+001, 2.94329E+001, 3.05119E+001, 3.03579E+001, 3.03522E+001, 2.56279E+001, 2.57435E+001, 2.59193E+001, 2.60216E+001, 2.62306E+001, 2.55736E+001, 2.56974E+001, 2.58450E+001, 2.59545E+001, 2.61826E+001, 2.55219E+001, 2.56747E+001, 2.58125E+001, 2.59211E+001, 2.61581E+001, 3.25188E+002, 1.77573E+002, 3.78792E-002, 2.00639E-001, 3.94300E+002, 2.30000E-001, 2.63336E+001, 2.63336E+001, 1.14331E-001, 2.89156E+001, 2.51694E+001, 6.09051E-002, 2.76443E+001, 2.50410E+001
 3.70002E+002, 2.58925E+001, 2.76072E+001, 4.02398E+001, 3.03352E+001, 2.50324E+001, 2.66652E+001, 2.72533E+001, 8.21536E+001, 6.36497E+001, 6.03585E+001, 6.18094E+001, 6.33967E+001, 1.87455E+002, 1.42321E+002, 1.06942E+002, 8.55083E+001, 6.51993E+001, 3.36166E+001, 2.93214E+001, 2.98918E+001, 2.96236E+001, 3.03246E+001, 2.56376E+001, 2.57449E+001, 2.58925E+001, 2.60161E+001, 2.62882E+001, 2.55799E+001, 2.57003E+001, 2.58484E+001, 2.59615E+001, 2.61918E+001, 2.55280E+001, 2.56795E+001, 2.58178E+001, 2.59270E+001, 2.61618E+001, 3.25503E+002, 1.80578E+002, 3.78799E-002, 2.00613E-001, 3.95026E+002, 2.30000E-001, 2.63337E+001, 2.63337E+001, 1.14244E-001, 2.88259E+001, 2.51702E+001, 6.34389E-002, 2.73537E+001, 2.50411E+001
 3.71000E+002, 2.58932E+001, 2.76451E+001, 4.07649E+001, 2.97785E+001, 2.50325E+001, 2.58188E+001, 2.72669E+001, 8.21538E+001, 6.51481E+001, 6.02155E+001, 6.14241E+001, 6.36534E+001, 1.85949E+002, 1.37805E+002, 1.02620E+002, 8.25041E+001, 6.44876E+001, 3.30334E+001, 2.95394E+001, 2.94836E+001, 2.89757E+001, 2.87657E+001, 2.56399E+001, 2.57475E+001, 2.58932E+001, 2.60087E+001, 2.62347E+001, 2.55836E+001, 2.57014E+001, 2.58512E+001, 2.59630E+001, 2.61892E+001, 2.55294E+001, 2.56806E+001, 2.58203E+001, 2.59283E+001, 2.61568E+001, 3.23982E+002, 1.77389E+002, 3.78846E-002, 2.00585E-001, 3.95635E+002, 2.30000E-001, 2.63479E+001, 2.63479E+001, 1.13341E-001, 2.87745E+001, 2.51714E+001, 7.40218E-002, 2.73722E+001, 2.50414E+001
 3.72000E+002, 2.59281E+001, 2.76710E+001, 4.15190E+001, 3.03715E+001, 2.50325E+001, 2.54445E+001, 2.70039E+001, 8.22335E+001, 6.40813E+001, 6.14962E+001, 6.28398E+001, 6.43135E+001, 1.87757E+002, 1.41830E+002, 1.05538E+002, 8.44600E+001, 6.33649E+001, 3.40095E+001, 2.91584E+001, 3.03914E+001, 3.09146E+001, 3.00143E+001, 2.56421E+001, 2.57489E+001, 2.59281E+001, 2.60470E+001, 2.62605E+001, 2.55839E+001, 2.57056E+001, 2.58574E+001, 2.59673E+001, 2.61895E+001, 2.55303E+001, 2.56844E+001, 2.58246E+001, 2.59309E+001, 2.61591E+001, 3.23868E+002, 1.81167E+002, 3.78916E-002, 2.00594E-001, 3.96114E+002, 2.30000E-001, 2.63436E+001, 2.63436E+001, 1.16341E-001, 2.89980E+001, 2.51726E+001, 7.89209E-002, 2.75734E+001, 2.50419E+001
 3.73002E+002, 2.59009E+001, 2.79426E+001, 4.08925E+001, 3.00611E+001, 2.50325E+001, 2.53726E+001, 2.66253E+001, 8.29990E+001, 6.49671E+001, 6.00241E+001, 6.18304E+001, 6.50862E+001, 1.86727E+002, 1.42153E+002, 1.06505E+002, 8.46495E+001, 6.36333E+001, 3.30333E+001, 2.92646E+001, 2.97753E+001, 2.92574E+001, 2.92299E+001, 2.56423E+001, 2.57512E+001, 2.59009E+001, 2.60120E+001, 2.62481E+001, 2.55858E+001, 2.57068E+001, 2.58586E+001, 2.59679E+001, 2.61948E+001, 2.55334E+001, 2.56909E+001, 2.58299E+001, 2.59344E+001, 2.61692E+001, 3.23927E+002, 1.80215E+002, 3.78901E-002, 2.00676E-001, 3.96619E+002, 2.30000E-001, 2.63467E+001, 2.63467E+001, 1.15394E-001, 2.88434E+001, 2.51738E+001, 7.68176E-002, 2.76451E+001, 2.50431E+001
 3.74000E+002, 2.59238E+001, 2.77358E+001, 4.08997E+001, 3.02463E+001, 2.50320E+001, 2.57383E+001, 2.65646E+001, 8.24305E+001, 6.43926E+001, 6.12882E+001, 6.26988E+001, 6.44728E+001, 1.85346E+002, 1.39221E+002, 1.03225E+002, 8.23779E+001, 6.31751E+001, 3.34512E+001, 2.96206E+001, 3.03057E+001, 2.99841E+001, 2.89690E+001, 2.56437E+001, 2.57602E+001, 2.59238E+001, 2.60324E+001, 2.62448E+001, 2.55905E+001, 2.57157E+001, 2.58668E+001, 2.59733E+001, 2.62075E+001, 2.55378E+001, 2.56966E+001, 2.58353E+001, 2.59383E+001, 2.61760E+001, 3.25710E+002, 1.78321E+002, 3.78865E-002, 2.00725E-001, 3.96999E+002, 2.30000E-001, 2.63425E+001, 2.63425E+001, 1.17697E-001, 2.89271E+001, 2.51744E+001, 7.69901E-002, 2.74829E+001, 2.50440E+001
 3.75000E+002, 2.59314E+001, 2.77643E+001, 4.08486E+001, 3.05756E+001, 2.50312E+001, 2.65925E+001, 2.72376E+001, 8.34134E+001, 6.43873E+001, 6.01149E+001, 6.08546E+001, 6.34252E+001, 1.85409E+002, 1.40183E+002, 1.05400E+002, 8.45745E+001, 6.49230E+001, 3.34142E+001, 2.94817E+001, 2.96412E+001, 3.10750E+001, 2.93880E+001, 2.56487E+001, 2.57655E+001, 2.59314E+001, 2.60617E+001, 2.62764E+001, 2.55923E+001, 2.57223E+001, 2.58715E+001, 2.59783E+001, 2.62109E+001, 2.55382E+001, 2.56986E+001, 2.58386E+001, 2.59414E+001, 2.61802E+001, 3.24361E+002, 1.80068E+002, 3.78841E-002, 2.00639E-001, 3.97377E+002, 2.30000E-001, 2.63435E+001, 2.63435E+001, 1.16775E-001, 2.89352E+001, 2.51745E+001, 7.55187E-002, 2.74786E+001, 2.50437E+001
 3.76000E+002, 2.59221E+001, 2.78321E+001, 4.11411E+001, 3.03648E+001, 2.50304E+001, 2.65781E+001, 2.67646E+001, 8.21790E+001, 6.47700E+001, 6.03015E+001, 6.13828E+001, 6.31205E+001, 1.85838E+002, 1.39223E+002, 1.05110E+002, 8.39769E+001, 6.42276E+001, 3.29721E+001, 2.94052E+001, 3.00527E+001, 2.98223E+001, 2.92210E+001, 2.56466E+001, 2.57656E+001, 2.59221E+001, 2.60294E+001, 2.62529E+001, 2.55909E+001, 2.57195E+001, 2.58715E+001, 2.59786E+001, 2.62066E+001, 2.55355E+001, 2.56961E+001, 2.58391E+001, 2.59427E+001, 2.61768E+001, 3.24056E+002, 1.78793E+002, 3.78845E-002, 2.00600E-001, 3.97873E+002, 2.30000E-001, 2.63493E+001, 2.63493E+001, 1.16609E-001, 2.89616E+001, 2.51745E+001, 7.31100E-002, 2.75365E+001, 2.50431E+001
 3.77001E+002, 2.59291E+001, 2.77299E+001, 4.08190E+001, 3.05458E+001, 2.50295E+001, 2.60262E+001, 2.72572E+001, 8.23058E+001, 6.40576E+001, 6.08535E+001, 6.20810E+001, 6.32098E+001, 1.86043E+002, 1.39028E+002, 1.03349E+002, 8.31821E+001, 6.38471E+001, 3.35680E+001, 2.95262E+001, 3.01856E+001, 3.02448E+001, 2.92409E+001, 2.56442E+001, 2.57644E+001, 2.59291E+001, 2.60521E+001, 2.62608E+001, 2.55890E+001, 2.57195E+001, 2.58741E+001, 2.59816E+001, 2.62128E+001, 2.55338E+001, 2.56951E+001, 2.58408E+001, 2.59452E+001, 2.61841E+001, 3.24150E+002, 1.79125E+002, 3.78863E-002, 2.00663E-001, 3.98269E+002, 2.30000E-001, 2.63425E+001, 2.63425E+001, 1.17672E-001, 2.89950E+001, 2.51747E+001, 6.81799E-002, 2.73689E+001, 2.50414E+001
 3.78001E+002, 2.59263E+001, 2.80614E+001, 4.14030E+001, 3.04722E+001, 2.50291E+001, 2.55702E+001, 2.76485E+001, 8.13834E+001, 6.40115E+001, 6.07254E+001, 6.19145E+001, 6.25869E+001, 1.86851E+002, 1.40476E+002, 1.04044E+002, 8.36577E+001, 6.44441E+001, 3.31726E+001, 2.91487E+001, 2.98574E+001, 2.98940E+001, 2.90410E+001, 2.56457E+001, 2.57645E+001, 2.59263E+001, 2.60448E+001, 2.62648E+001, 2.55895E+001, 2.57190E+001, 2.58756E+001, 2.59829E+001, 2.62236E+001, 2.55347E+001, 2.56958E+001, 2.58426E+001, 2.59480E+001, 2.62043E+001, 3.26483E+002, 1.80354E+002, 3.78857E-002, 2.00679E-001, 3.98713E+002, 2.30000E-001, 2.63498E+001, 2.63498E+001, 1.16200E-001, 2.88671E+001, 2.51750E+001, 7.34256E-002, 2.74485E+001, 2.50410E+001
 3.79001E+002, 2.59365E+001, 2.79945E+001, 4.11460E+001, 3.08940E+001, 2.50291E+001, 2.53830E+001, 2.72840E+001, 8.12932E+001, 6.31064E+001, 6.01101E+001, 6.23047E+001, 6.32341E+001, 1.86199E+002, 1.39923E+002, 1.02962E+002, 8.17492E+001, 6.27835E+001, 3.38802E+001, 2.94764E+001, 3.00698E+001, 3.08748E+001, 2.99835E+001, 2.56490E+001, 2.57640E+001, 2.59365E+001, 2.60574E+001, 2.63107E+001, 2.55920E+001, 2.57179E+001, 2.58770E+001, 2.59852E+001, 2.62400E+001, 2.55374E+001, 2.56966E+001, 2.58441E+001, 2.59509E+001, 2.62187E+001, 3.25321E+002, 1.80916E+002, 3.78925E-002, 2.00691E-001, 3.99204E+002, 2.30000E-001, 2.63582E+001, 2.63582E+001, 1.18187E-001, 2.89503E+001, 2.51753E+001, 7.94283E-002, 2.75348E+001, 2.50410E+001
 3.80002E+002, 2.59210E+001, 2.78168E+001, 3.99938E+001, 3.05705E+001, 2.50300E+001, 2.53641E+001, 2.70333E+001, 8.08938E+001, 6.24525E+001, 5.86811E+001, 6.02319E+001, 6.33579E+001, 1.86410E+002, 1.43112E+002, 1.06812E+002, 8.51276E+001, 6.44684E+001, 3.41251E+001, 2.93676E+001, 2.95316E+001, 2.97686E+001, 2.96160E+001, 2.56555E+001, 2.57642E+001, 2.59210E+001, 2.60454E+001, 2.62790E+001, 2.55941E+001, 2.57173E+001, 2.58738E+001, 2.59832E+001, 2.62319E+001, 2.55395E+001, 2.56973E+001, 2.58439E+001, 2.59517E+001, 2.62090E+001, 3.25285E+002, 1.82280E+002, 3.78887E-002, 2.00650E-001, 3.99746E+002, 2.30000E-001, 2.63609E+001, 2.63609E+001, 1.16755E-001, 2.89125E+001, 2.51754E+001, 7.77951E-002, 2.74562E+001, 2.50414E+001
 3.81001E+002, 2.59143E+001, 2.83136E+001, 4.11369E+001, 3.07188E+001, 2.50314E+001, 2.55919E+001, 2.67228E+001, 8.01187E+001, 6.26340E+001, 5.97233E+001, 6.07313E+001, 6.22537E+001, 1.84551E+002, 1.40913E+002, 1.05346E+002, 8.44644E+001, 6.45834E+001, 3.36006E+001, 2.92228E+001, 2.91200E+001, 2.93913E+001, 2.91923E+001, 2.56566E+001, 2.57638E+001, 2.59143E+001, 2.60315E+001, 2.62526E+001, 2.55964E+001, 2.57170E+001, 2.58723E+001, 2.59805E+001, 2.62123E+001, 2.55418E+001, 2.56991E+001, 2.58436E+001, 2.59496E+001, 2.61871E+001, 3.24292E+002, 1.78795E+002, 3.78903E-002, 2.00591E-001, 4.00284E+002, 2.30000E-001, 2.63706E+001, 2.63706E+001, 1.17187E-001, 2.90305E+001, 2.51752E+001, 7.53212E-002, 2.74412E+001, 2.50421E+001
 3.82002E+002, 2.59219E+001, 2.76672E+001, 4.09982E+001, 3.01952E+001, 2.50331E+001, 2.58410E+001, 2.69497E+001, 8.06409E+001, 6.23420E+001, 5.86933E+001, 6.07907E+001, 6.21202E+001, 1.86356E+002, 1.39390E+002, 1.05042E+002, 8.26666E+001, 6.30376E+001, 3.40351E+001, 2.97207E+001, 2.97344E+001, 2.99590E+001, 3.04801E+001, 2.56589E+001, 2.57655E+001, 2.59219E+001, 2.60411E+001, 2.62530E+001, 2.55997E+001, 2.57203E+001, 2.58726E+001, 2.59784E+001, 2.62000E+001, 2.55458E+001, 2.57023E+001, 2.58439E+001, 2.59468E+001, 2.61765E+001, 3.24459E+002, 1.79406E+002, 3.78859E-002, 2.00537E-001, 4.00631E+002, 2.30000E-001, 2.63739E+001, 2.63739E+001, 1.15077E-001, 2.89112E+001, 2.51753E+001, 7.12042E-002, 2.74820E+001, 2.50419E+001
 3.83002E+002, 2.59146E+001, 2.77326E+001, 4.05160E+001, 3.08037E+001, 2.50350E+001, 2.58485E+001, 2.68615E+001, 8.02786E+001, 6.23484E+001, 5.94547E+001, 6.04225E+001, 6.19640E+001, 1.86887E+002, 1.41915E+002, 1.06831E+002, 8.54135E+001, 6.44742E+001, 3.38817E+001, 2.91190E+001, 2.97245E+001, 2.94118E+001, 2.99372E+001, 2.56637E+001, 2.57699E+001, 2.59146E+001, 2.60238E+001, 2.62607E+001, 2.56031E+001, 2.57251E+001, 2.58738E+001, 2.59769E+001, 2.62062E+001, 2.55491E+001, 2.57071E+001, 2.58461E+001, 2.59476E+001, 2.61865E+001, 3.24384E+002, 1.81092E+002, 3.78833E-002, 2.00499E-001, 4.01028E+002, 2.30000E-001, 2.63734E+001, 2.63734E+001, 1.16294E-001, 2.90077E+001, 2.51757E+001, 7.38515E-002, 2.76985E+001, 2.50421E+001
 3.84002E+002, 2.59173E+001, 2.76829E+001, 4.15532E+001, 3.01135E+001, 2.50364E+001, 2.59181E+001, 2.69655E+001, 7.93590E+001, 6.21035E+001, 5.92204E+001, 6.08577E+001, 6.31435E+001, 1.85999E+002, 1.38996E+002, 1.03359E+002, 8.24543E+001, 6.25192E+001, 3.36248E+001, 2.92104E+001, 2.96497E+001, 2.91212E+001, 2.94958E+001, 2.56640E+001, 2.57736E+001, 2.59173E+001, 2.60237E+001, 2.62683E+001, 2.56065E+001, 2.57287E+001, 2.58779E+001, 2.59818E+001, 2.62228E+001, 2.55517E+001, 2.57116E+001, 2.58501E+001, 2.59529E+001, 2.62030E+001, 3.24520E+002, 1.79917E+002, 3.78897E-002, 2.00416E-001, 4.01586E+002, 2.30000E-001, 2.63801E+001, 2.63801E+001, 1.14333E-001, 2.88860E+001, 2.51764E+001, 7.59120E-002, 2.76531E+001, 2.50431E+001
 3.85001E+002, 2.59297E+001, 2.76605E+001, 4.14436E+001, 3.09348E+001, 2.50369E+001, 2.65291E+001, 2.70114E+001, 7.87034E+001, 6.08197E+001, 5.88855E+001, 6.11666E+001, 6.35125E+001, 1.86828E+002, 1.42323E+002, 1.05909E+002, 8.48201E+001, 6.38761E+001, 3.40887E+001, 2.92021E+001, 2.97812E+001, 3.00561E+001, 3.00163E+001, 2.56670E+001, 2.57768E+001, 2.59297E+001, 2.60428E+001, 2.62932E+001, 2.56082E+001, 2.57328E+001, 2.58825E+001, 2.59881E+001, 2.62322E+001, 2.55536E+001, 2.57146E+001, 2.58533E+001, 2.59574E+001, 2.62061E+001, 3.24523E+002, 1.81261E+002, 3.78876E-002, 2.00299E-001, 4.02029E+002, 2.30000E-001, 2.63757E+001, 2.63757E+001, 1.16075E-001, 2.90416E+001, 2.51771E+001, 7.55847E-002, 2.76857E+001, 2.50437E+001
 3.86000E+002, 2.59255E+001, 2.76679E+001, 4.09690E+001, 3.10028E+001, 2.50366E+001, 2.69134E+001, 2.74354E+001, 7.98635E+001, 6.04381E+001, 5.74967E+001, 5.94733E+001, 6.28254E+001, 1.85507E+002, 1.41326E+002, 1.05491E+002, 8.46562E+001, 6.44000E+001, 3.33600E+001, 2.91875E+001, 2.94827E+001, 2.96328E+001, 3.01466E+001, 2.56664E+001, 2.57766E+001, 2.59255E+001, 2.60362E+001, 2.62969E+001, 2.56085E+001, 2.57329E+001, 2.58820E+001, 2.59884E+001, 2.62294E+001, 2.55533E+001, 2.57147E+001, 2.58533E+001, 2.59580E+001, 2.62016E+001, 3.24377E+002, 1.81411E+002, 3.78955E-002, 2.00246E-001, 4.02513E+002, 2.30000E-001, 2.63746E+001, 2.63746E+001, 1.14032E-001, 2.89875E+001, 2.51779E+001, 7.55677E-002, 2.76852E+001, 2.50438E+001
 3.87001E+002, 2.59284E+001, 2.76819E+001, 4.10408E+001, 3.07788E+001, 2.50357E+001, 2.61536E+001, 2.76677E+001, 7.83100E+001, 6.13615E+001, 5.81524E+001, 5.92762E+001, 6.17174E+001, 1.86035E+002, 1.37573E+002, 1.02883E+002, 8.16507E+001, 6.20107E+001, 3.35911E+001, 2.94971E+001, 2.97495E+001, 2.98614E+001, 2.99527E+001, 2.56642E+001, 2.57752E+001, 2.59284E+001, 2.60332E+001, 2.62845E+001, 2.56075E+001, 2.57304E+001, 2.58807E+001, 2.59864E+001, 2.62233E+001, 2.55521E+001, 2.57123E+001, 2.58520E+001, 2.59574E+001, 2.61971E+001, 3.25248E+002, 1.78906E+002, 3.78904E-002, 2.00253E-001, 4.02977E+002, 2.30000E-001, 2.63783E+001, 2.63783E+001, 1.13131E-001, 2.89317E+001, 2.51785E+001, 7.46876E-002, 2.73811E+001, 2.50437E+001
 3.88001E+002, 2.59320E+001, 2.76362E+001, 4.05647E+001, 3.06708E+001, 2.50347E+001, 2.54606E+001, 2.72325E+001, 7.94502E+001, 6.07190E+001, 5.87803E+001, 6.06005E+001, 6.07886E+001, 1.86792E+002, 1.38553E+002, 1.03023E+002, 8.30471E+001, 6.35299E+001, 3.41306E+001, 2.95076E+001, 2.99954E+001, 3.07246E+001, 2.99363E+001, 2.56657E+001, 2.57744E+001, 2.59320E+001, 2.60561E+001, 2.63131E+001, 2.56059E+001, 2.57294E+001, 2.58793E+001, 2.59869E+001, 2.62266E+001, 2.55501E+001, 2.57092E+001, 2.58502E+001, 2.59560E+001, 2.61942E+001, 3.25670E+002, 1.80163E+002, 3.78736E-002, 2.00290E-001, 4.03436E+002, 2.30000E-001, 2.63765E+001, 2.63765E+001, 1.15477E-001, 2.89382E+001, 2.51787E+001, 7.85361E-002, 2.75855E+001, 2.50441E+001
 3.89001E+002, 2.59211E+001, 2.77540E+001, 4.12350E+001, 3.05798E+001, 2.50340E+001, 2.54970E+001, 2.65740E+001, 7.84686E+001, 6.12763E+001, 5.91314E+001, 6.08166E+001, 6.21428E+001, 1.87332E+002, 1.40940E+002, 1.04550E+002, 8.36068E+001, 6.30107E+001, 3.34499E+001, 2.89893E+001, 2.93623E+001, 2.99247E+001, 2.96108E+001, 2.56637E+001, 2.57691E+001, 2.59211E+001, 2.60438E+001, 2.62930E+001, 2.56042E+001, 2.57256E+001, 2.58762E+001, 2.59846E+001, 2.62249E+001, 2.55479E+001, 2.57058E+001, 2.58472E+001, 2.59527E+001, 2.61958E+001, 3.25526E+002, 1.81831E+002, 3.78902E-002, 2.00257E-001, 4.04018E+002, 2.30000E-001, 2.63798E+001, 2.63798E+001, 1.14703E-001, 2.89379E+001, 2.51788E+001, 7.95048E-002, 2.74078E+001, 2.50445E+001
 3.90000E+002, 2.59225E+001, 2.77621E+001, 4.16701E+001, 3.04358E+001, 2.50339E+001, 2.61728E+001, 2.70450E+001, 7.82637E+001, 6.00324E+001, 5.90795E+001, 6.19566E+001, 6.35079E+001, 1.85725E+002, 1.38798E+002, 1.02291E+002, 8.08423E+001, 6.06592E+001, 3.38531E+001, 2.91691E+001, 2.94443E+001, 2.97857E+001, 3.03690E+001, 2.56606E+001, 2.57646E+001, 2.59225E+001, 2.60348E+001, 2.63134E+001, 2.56028E+001, 2.57223E+001, 2.58735E+001, 2.59809E+001, 2.62247E+001, 2.55469E+001, 2.57039E+001, 2.58442E+001, 2.59484E+001, 2.61888E+001, 3.24661E+002, 1.81051E+002, 3.78935E-002, 2.00230E-001, 4.04603E+002, 2.30000E-001, 2.63819E+001, 2.63819E+001, 1.13643E-001, 2.89164E+001, 2.51790E+001, 8.29521E-002, 2.73602E+001, 2.50439E+001
 3.91001E+002, 2.59270E+001, 2.77685E+001, 4.08369E+001, 3.09496E+001, 2.50337E+001, 2.66192E+001, 2.72525E+001, 7.95169E+001, 6.12205E+001, 5.78995E+001, 5.95744E+001, 6.33478E+001, 1.87084E+002, 1.41250E+002, 1.04119E+002, 8.28345E+001, 6.19356E+001, 3.40240E+001, 2.94730E+001, 2.96706E+001, 3.02550E+001, 2.90685E+001, 2.56602E+001, 2.57654E+001, 2.59270E+001, 2.60420E+001, 2.62554E+001, 2.56003E+001, 2.57200E+001, 2.58711E+001, 2.59773E+001, 2.62121E+001, 2.55440E+001, 2.56997E+001, 2.58402E+001, 2.59436E+001, 2.61811E+001, 3.24802E+002, 1.80201E+002, 3.78898E-002, 2.00308E-001, 4.05028E+002, 2.30000E-001, 2.63800E+001, 2.63800E+001, 1.14838E-001, 2.89468E+001, 2.51792E+001, 8.07254E-002, 2.75851E+001, 2.50432E+001
 3.92000E+002, 2.59153E+001, 2.78276E+001, 4.08432E+001, 3.08301E+001, 2.50338E+001, 2.60004E+001, 2.74134E+001, 7.86171E+001, 6.08837E+001, 5.92930E+001, 6.13541E+001, 6.29122E+001, 1.84621E+002, 1.38223E+002, 1.02742E+002, 8.20622E+001, 6.29938E+001, 3.31533E+001, 2.95683E+001, 2.96909E+001, 2.99352E+001, 3.11308E+001, 2.56516E+001, 2.57576E+001, 2.59153E+001, 2.60355E+001, 2.63703E+001, 2.55958E+001, 2.57149E+001, 2.58680E+001, 2.59750E+001, 2.62243E+001, 2.55378E+001, 2.56914E+001, 2.58355E+001, 2.59414E+001, 2.61929E+001, 3.25092E+002, 1.80009E+002, 3.78917E-002, 2.00377E-001, 4.05417E+002, 2.30000E-001, 2.63738E+001, 2.63738E+001, 1.16143E-001, 2.89694E+001, 2.51797E+001, 7.80153E-002, 2.75633E+001, 2.50429E+001
 3.93002E+002, 2.59130E+001, 2.78868E+001, 4.13872E+001, 3.00472E+001, 2.50343E+001, 2.54558E+001, 2.72682E+001, 7.94417E+001, 6.13124E+001, 5.83938E+001, 6.04227E+001, 6.19837E+001, 1.85111E+002, 1.35682E+002, 1.00940E+002, 7.93381E+001, 6.01211E+001, 3.40645E+001, 2.95605E+001, 2.97019E+001, 2.91622E+001, 3.09323E+001, 2.56506E+001, 2.57557E+001, 2.59130E+001, 2.60207E+001, 2.63402E+001, 2.55891E+001, 2.57099E+001, 2.58649E+001, 2.59751E+001, 2.62367E+001, 2.55327E+001, 2.56849E+001, 2.58325E+001, 2.59451E+001, 2.62074E+001, 3.26693E+002, 1.80153E+002, 3.78805E-002, 2.00261E-001, 4.05813E+002, 2.30000E-001, 2.63797E+001, 2.63797E+001, 1.12178E-001, 2.87675E+001, 2.51805E+001, 7.48745E-002, 2.73153E+001, 2.50434E+001
 3.94002E+002, 2.59217E+001, 2.78382E+001, 4.10440E+001, 3.01296E+001, 2.50350E+001, 2.58845E+001, 2.68561E+001, 7.85461E+001, 6.13484E+001, 5.90239E+001, 6.03480E+001, 6.24431E+001, 1.87102E+002, 1.39639E+002, 1.04092E+002, 8.25531E+001, 5.98457E+001, 3.42805E+001, 2.91746E+001, 3.01294E+001, 2.99629E+001, 3.02730E+001, 2.56499E+001, 2.57540E+001, 2.59217E+001, 2.60379E+001, 2.63135E+001, 2.55874E+001, 2.57050E+001, 2.58642E+001, 2.59812E+001, 2.62388E+001, 2.55306E+001, 2.56821E+001, 2.58328E+001, 2.59524E+001, 2.62084E+001, 3.25156E+002, 1.80056E+002, 3.78872E-002, 2.00173E-001, 4.06265E+002, 2.30000E-001, 2.63786E+001, 2.63786E+001, 1.11265E-001, 2.88248E+001, 2.51818E+001, 7.58941E-002, 2.73594E+001, 2.50440E+001
 3.95000E+002, 2.59121E+001, 2.76459E+001, 4.06858E+001, 3.02962E+001, 2.50355E+001, 2.67670E+001, 2.63277E+001, 7.88261E+001, 6.11326E+001, 5.89758E+001, 6.10435E+001, 6.19180E+001, 1.84829E+002, 1.37657E+002, 1.01210E+002, 8.02419E+001, 5.99446E+001, 3.41853E+001, 2.92415E+001, 2.99325E+001, 3.01164E+001, 3.00181E+001, 2.56463E+001, 2.57493E+001, 2.59121E+001, 2.60452E+001, 2.63876E+001, 2.55866E+001, 2.57043E+001, 2.58639E+001, 2.59857E+001, 2.62370E+001, 2.55289E+001, 2.56781E+001, 2.58313E+001, 2.59526E+001, 2.61979E+001, 3.25844E+002, 1.80459E+002, 3.78903E-002, 2.00284E-001, 4.06726E+002, 2.30000E-001, 2.63748E+001, 2.63748E+001, 1.14539E-001, 2.89527E+001, 2.51829E+001, 7.00512E-002, 2.74281E+001, 2.50440E+001
 3.96002E+002, 2.59264E+001, 2.77150E+001, 4.10069E+001, 3.03251E+001, 2.50360E+001, 2.71155E+001, 2.62885E+001, 7.91493E+001, 6.03173E+001, 5.78369E+001, 5.97719E+001, 6.22578E+001, 1.84031E+002, 1.37851E+002, 1.01788E+002, 8.11675E+001, 5.87947E+001, 3.43763E+001, 2.91771E+001, 3.01668E+001, 3.09089E+001, 3.04279E+001, 2.56446E+001, 2.57479E+001, 2.59264E+001, 2.60547E+001, 2.63831E+001, 2.55826E+001, 2.56998E+001, 2.58604E+001, 2.59843E+001, 2.62326E+001, 2.55237E+001, 2.56695E+001, 2.58260E+001, 2.59476E+001, 2.61863E+001, 3.26578E+002, 1.79734E+002, 3.78959E-002, 2.00306E-001, 4.07232E+002, 2.30000E-001, 2.63759E+001, 2.63759E+001, 1.15070E-001, 2.89829E+001, 2.51838E+001, 6.90579E-002, 2.74629E+001, 2.50433E+001
 3.97001E+002, 2.59138E+001, 2.77334E+001, 4.11005E+001, 3.02178E+001, 2.50367E+001, 2.71837E+001, 2.69896E+001, 7.92282E+001, 6.10052E+001, 5.75657E+001, 5.96925E+001, 6.22337E+001, 1.84185E+002, 1.37241E+002, 1.02008E+002, 8.10216E+001, 5.96938E+001, 3.41939E+001, 2.94677E+001, 3.00522E+001, 2.98944E+001, 2.90090E+001, 2.56400E+001, 2.57404E+001, 2.59138E+001, 2.60341E+001, 2.63128E+001, 2.55770E+001, 2.56909E+001, 2.58560E+001, 2.59807E+001, 2.62315E+001, 2.55187E+001, 2.56626E+001, 2.58220E+001, 2.59461E+001, 2.62037E+001, 3.25716E+002, 1.78989E+002, 3.78829E-002, 2.00285E-001, 4.07878E+002, 2.30000E-001, 2.63728E+001, 2.63728E+001, 1.13171E-001, 2.88548E+001, 2.51843E+001, 7.04342E-002, 2.74584E+001, 2.50430E+001
 3.98001E+002, 2.59310E+001, 2.77759E+001, 4.06900E+001, 3.05341E+001, 2.50369E+001, 2.68159E+001, 2.74850E+001, 7.93243E+001, 6.24238E+001, 5.99400E+001, 6.06333E+001, 6.22614E+001, 1.86122E+002, 1.36311E+002, 1.01135E+002, 8.03926E+001, 6.02262E+001, 3.38856E+001, 2.92918E+001, 2.99215E+001, 3.08964E+001, 3.02232E+001, 2.56349E+001, 2.57359E+001, 2.59310E+001, 2.60621E+001, 2.63611E+001, 2.55757E+001, 2.56895E+001, 2.58592E+001, 2.59852E+001, 2.62526E+001, 2.55193E+001, 2.56652E+001, 2.58259E+001, 2.59496E+001, 2.62126E+001, 3.29677E+002, 1.77916E+002, 3.78808E-002, 2.00328E-001, 4.08373E+002, 2.30000E-001, 2.63646E+001, 2.63646E+001, 1.14651E-001, 2.89024E+001, 2.51846E+001, 6.86627E-002, 2.73644E+001, 2.50430E+001
 3.99000E+002, 2.59180E+001, 2.78875E+001, 4.12382E+001, 3.05961E+001, 2.50368E+001, 2.58823E+001, 2.75674E+001, 7.93028E+001, 6.20527E+001, 6.03059E+001, 6.20986E+001, 6.34473E+001, 1.85908E+002, 1.37163E+002, 1.00710E+002, 8.01569E+001, 6.14798E+001, 3.38379E+001, 2.92249E+001, 2.98771E+001, 2.93543E+001, 2.92249E+001, 2.56373E+001, 2.57395E+001, 2.59180E+001, 2.60433E+001, 2.63033E+001, 2.55800E+001, 2.56933E+001, 2.58659E+001, 2.59895E+001, 2.62445E+001, 2.55253E+001, 2.56740E+001, 2.58339E+001, 2.59567E+001, 2.62148E+001, 3.25413E+002, 1.79167E+002, 3.78827E-002, 2.00361E-001, 4.08845E+002, 2.30000E-001, 2.63675E+001, 2.63675E+001, 1.16040E-001, 2.89342E+001, 2.51849E+001, 7.59728E-002, 2.76994E+001, 2.50436E+001
 4.00002E+002, 2.59242E+001, 2.78200E+001, 4.06859E+001, 2.99304E+001, 2.50368E+001, 2.54962E+001, 2.72330E+001, 7.93276E+001, 6.19205E+001, 6.07163E+001, 6.31190E+001, 6.39673E+001, 1.85434E+002, 1.36748E+002, 9.99748E+001, 7.91198E+001, 6.10733E+001, 3.35887E+001, 2.90783E+001, 2.98605E+001, 2.91713E+001, 2.86234E+001, 2.56432E+001, 2.57472E+001, 2.59242E+001, 2.60423E+001, 2.62703E+001, 2.55873E+001, 2.57009E+001, 2.58712E+001, 2.59932E+001, 2.62371E+001, 2.55314E+001, 2.56832E+001, 2.58414E+001, 2.59610E+001, 2.62067E+001, 3.25719E+002, 1.79503E+002, 3.78897E-002, 2.00308E-001, 4.09255E+002, 2.30000E-001, 2.63839E+001, 2.63839E+001, 1.13414E-001, 2.87826E+001, 2.51853E+001, 7.67085E-002, 2.77101E+001, 2.50442E+001
 4.01001E+002, 2.59246E+001, 2.77300E+001, 4.06278E+001, 3.03705E+001, 2.50370E+001, 2.57328E+001, 2.76270E+001, 7.81669E+001, 6.08522E+001, 5.96322E+001, 6.24078E+001, 6.45217E+001, 1.85948E+002, 1.37957E+002, 1.01058E+002, 7.99148E+001, 6.06132E+001, 3.37417E+001, 2.91013E+001, 2.94989E+001, 2.90968E+001, 2.88402E+001, 2.56473E+001, 2.57503E+001, 2.59246E+001, 2.60458E+001, 2.62678E+001, 2.55908E+001, 2.57046E+001, 2.58751E+001, 2.59952E+001, 2.62310E+001, 2.55341E+001, 2.56869E+001, 2.58446E+001, 2.59619E+001, 2.62069E+001, 3.25833E+002, 1.80878E+002, 3.78931E-002, 2.00250E-001, 4.09629E+002, 2.30000E-001, 2.63938E+001, 2.63938E+001, 1.13880E-001, 2.89217E+001, 2.51863E+001, 8.00275E-002, 2.77893E+001, 2.50445E+001
 4.02000E+002, 2.59207E+001, 2.77227E+001, 4.05180E+001, 3.01779E+001, 2.50372E+001, 2.61030E+001, 2.71569E+001, 7.95167E+001, 6.05121E+001, 5.88636E+001, 6.15470E+001, 6.42581E+001, 1.84359E+002, 1.38000E+002, 1.01035E+002, 8.00984E+001, 6.08341E+001, 3.40474E+001, 2.90124E+001, 2.92819E+001, 2.88157E+001, 2.85712E+001, 2.56523E+001, 2.57525E+001, 2.59207E+001, 2.60379E+001, 2.62588E+001, 2.55932E+001, 2.57067E+001, 2.58760E+001, 2.59949E+001, 2.62279E+001, 2.55373E+001, 2.56902E+001, 2.58468E+001, 2.59623E+001, 2.62026E+001, 3.25914E+002, 1.81248E+002, 3.78942E-002, 2.00193E-001, 4.10035E+002, 2.30000E-001, 2.64066E+001, 2.64066E+001, 1.12844E-001, 2.88916E+001, 2.51879E+001, 7.94533E-002, 2.78152E+001, 2.50445E+001
 4.03002E+002, 2.59415E+001, 2.76478E+001, 4.09409E+001, 3.00810E+001, 2.50370E+001, 2.62745E+001, 2.68914E+001, 7.88783E+001, 5.99797E+001, 5.77078E+001, 5.98016E+001, 6.32185E+001, 1.84641E+002, 1.38759E+002, 1.02033E+002, 8.08243E+001, 6.04061E+001, 3.39651E+001, 2.92936E+001, 3.00360E+001, 2.98155E+001, 2.84123E+001, 2.56580E+001, 2.57594E+001, 2.59415E+001, 2.60495E+001, 2.62522E+001, 2.55984E+001, 2.57112E+001, 2.58796E+001, 2.59954E+001, 2.62240E+001, 2.55426E+001, 2.56944E+001, 2.58490E+001, 2.59623E+001, 2.62020E+001, 3.26496E+002, 1.79250E+002, 3.78814E-002, 2.00138E-001, 4.10522E+002, 2.30000E-001, 2.64064E+001, 2.64064E+001, 1.13042E-001, 2.88979E+001, 2.51896E+001, 7.54565E-002, 2.77231E+001, 2.50442E+001
 4.04002E+002, 2.59287E+001, 2.77067E+001, 4.11778E+001, 3.04095E+001, 2.50366E+001, 2.61267E+001, 2.75234E+001, 7.88606E+001, 5.99856E+001, 5.74702E+001, 5.99430E+001, 6.25325E+001, 1.84703E+002, 1.37619E+002, 1.02213E+002, 8.04222E+001, 6.24030E+001, 3.40662E+001, 2.95842E+001, 2.93341E+001, 2.92570E+001, 3.10335E+001, 2.56642E+001, 2.57600E+001, 2.59287E+001, 2.60549E+001, 2.63444E+001, 2.56030E+001, 2.57147E+001, 2.58801E+001, 2.59965E+001, 2.62375E+001, 2.55470E+001, 2.56971E+001, 2.58510E+001, 2.59641E+001, 2.62138E+001, 3.27645E+002, 1.80379E+002, 3.78893E-002, 2.00106E-001, 4.11062E+002, 2.30000E-001, 2.64040E+001, 2.64040E+001, 1.13824E-001, 2.89848E+001, 2.51906E+001, 7.31509E-002, 2.74405E+001, 2.50442E+001
 4.05001E+002, 2.59251E+001, 2.77237E+001, 4.11640E+001, 3.01797E+001, 2.50361E+001, 2.55726E+001, 2.72304E+001, 7.78571E+001, 6.01189E+001, 5.69926E+001, 5.86364E+001, 6.15778E+001, 1.87986E+002, 1.39155E+002, 1.03364E+002, 8.16087E+001, 6.15830E+001, 3.44499E+001, 2.94288E+001, 2.95338E+001, 2.89523E+001, 2.95010E+001, 2.56721E+001, 2.57653E+001, 2.59251E+001, 2.60418E+001, 2.62776E+001, 2.56069E+001, 2.57166E+001, 2.58804E+001, 2.59953E+001, 2.62403E+001, 2.55508E+001, 2.57002E+001, 2.58537E+001, 2.59666E+001, 2.62152E+001, 3.25375E+002, 1.80786E+002, 3.78795E-002, 2.00126E-001, 4.11644E+002, 2.30000E-001, 2.64225E+001, 2.64225E+001, 1.13584E-001, 2.89565E+001, 2.51906E+001, 7.16946E-002, 2.74912E+001, 2.50442E+001
 4.06002E+002, 2.59505E+001, 2.77394E+001, 4.08791E+001, 3.04333E+001, 2.50356E+001, 2.53879E+001, 2.69180E+001, 7.59073E+001, 5.86314E+001, 5.75171E+001, 6.00379E+001, 6.22468E+001, 1.87694E+002, 1.41220E+002, 1.05628E+002, 8.38254E+001, 6.16460E+001, 3.39644E+001, 2.90318E+001, 3.05539E+001, 3.06011E+001, 3.02011E+001, 2.56737E+001, 2.57656E+001, 2.59505E+001, 2.60670E+001, 2.63276E+001, 2.56115E+001, 2.57189E+001, 2.58841E+001, 2.59993E+001, 2.62424E+001, 2.55543E+001, 2.57027E+001, 2.58565E+001, 2.59689E+001, 2.62138E+001, 3.26644E+002, 1.82992E+002, 3.78999E-002, 2.00186E-001, 4.12136E+002, 2.30000E-001, 2.64132E+001, 2.64132E+001, 1.16306E-001, 2.89940E+001, 2.51906E+001, 7.42081E-002, 2.77693E+001, 2.50440E+001
 4.07002E+002, 2.59243E+001, 2.77064E+001, 4.08935E+001, 3.03327E+001, 2.50354E+001, 2.55116E+001, 2.76569E+001, 7.70987E+001, 5.84308E+001, 5.61459E+001, 5.87765E+001, 6.26347E+001, 1.86814E+002, 1.40556E+002, 1.03398E+002, 8.24269E+001, 6.25474E+001, 3.36935E+001, 2.89942E+001, 2.89554E+001, 2.95928E+001, 2.93181E+001, 2.56734E+001, 2.57620E+001, 2.59243E+001, 2.60482E+001, 2.63002E+001, 2.56133E+001, 2.57178E+001, 2.58848E+001, 2.59988E+001, 2.62364E+001, 2.55551E+001, 2.57012E+001, 2.58559E+001, 2.59674E+001, 2.62098E+001, 3.27285E+002, 1.80358E+002, 3.78946E-002, 2.00149E-001, 4.12726E+002, 2.30000E-001, 2.64245E+001, 2.64245E+001, 1.15710E-001, 2.89320E+001, 2.51910E+001, 7.16867E-002, 2.74050E+001, 2.50445E+001
 4.08001E+002, 2.59279E+001, 2.76518E+001, 4.12250E+001, 3.03675E+001, 2.50350E+001, 2.58299E+001, 2.79395E+001, 7.69297E+001, 5.89164E+001, 5.65228E+001, 5.79969E+001, 6.22569E+001, 1.86517E+002, 1.40173E+002, 1.04772E+002, 8.33702E+001, 6.34404E+001, 3.40798E+001, 2.92599E+001, 2.90944E+001, 2.93125E+001, 2.92858E+001, 2.56754E+001, 2.57621E+001, 2.59279E+001, 2.60398E+001, 2.62745E+001, 2.56113E+001, 2.57161E+001, 2.58826E+001, 2.59957E+001, 2.62351E+001, 2.55511E+001, 2.56965E+001, 2.58534E+001, 2.59642E+001, 2.62057E+001, 3.25472E+002, 1.80092E+002, 3.78897E-002, 2.00145E-001, 4.13185E+002, 2.30000E-001, 2.64333E+001, 2.64333E+001, 1.15891E-001, 2.89306E+001, 2.51908E+001, 7.25009E-002, 2.72246E+001, 2.50445E+001
 4.09002E+002, 2.59366E+001, 2.76465E+001, 4.07452E+001, 3.06236E+001, 2.50348E+001, 2.63920E+001, 2.73680E+001, 7.68833E+001, 5.94808E+001, 5.73433E+001, 5.83855E+001, 6.03116E+001, 1.87544E+002, 1.38835E+002, 1.03672E+002, 8.36886E+001, 6.35141E+001, 3.34136E+001, 2.92228E+001, 2.98144E+001, 3.03327E+001, 3.01106E+001, 2.56668E+001, 2.57596E+001, 2.59366E+001, 2.60526E+001, 2.63310E+001, 2.56064E+001, 2.57120E+001, 2.58835E+001, 2.59956E+001, 2.62368E+001, 2.55447E+001, 2.56912E+001, 2.58510E+001, 2.59620E+001, 2.62056E+001, 3.25121E+002, 1.81116E+002, 3.78861E-002, 2.00185E-001, 4.13607E+002, 2.30000E-001, 2.64241E+001, 2.64241E+001, 1.17548E-001, 2.90025E+001, 2.51896E+001, 7.35132E-002, 2.74504E+001, 2.50437E+001
